timestamp,open,high,low,close,volume,log_close,log_return
2026-02-12 14:35:00+00:00,694.9500122070312,695.0800170898438,694.3599853515625,694.7999877929688,1360923,6.54362401679782,-0.0002159012982838604
2026-02-12 14:40:00+00:00,694.8099975585938,695.3499755859375,693.9805908203125,694.0299072265625,1435534,6.542515053564687,-0.0011089632331335864
2026-02-12 14:45:00+00:00,694.030029296875,694.3499755859375,693.1099853515625,693.3201293945312,1579867,6.541491839703409,-0.0010232138612780162
2026-02-12 14:50:00+00:00,693.3200073242188,693.989990234375,693.0599975585938,693.739990234375,1297390,6.542097236465562,0.0006053967621530987
2026-02-12 14:55:00+00:00,693.72998046875,693.739990234375,692.3200073242188,692.8300170898438,1559965,6.540784683517833,-0.0013125529477289177
2026-02-12 15:00:00+00:00,692.8300170898438,693.6300048828125,692.3499755859375,692.6599731445312,1202951,6.540539219534167,-0.00024546398366620537
2026-02-12 15:05:00+00:00,692.6500244140625,693.25,692.1599731445312,692.4199829101562,964138,6.540192683241114,-0.0003465362930530347
2026-02-12 15:10:00+00:00,692.4249877929688,693.3900146484375,692.22998046875,693.3800048828125,909752,6.541578196496545,0.0013855132554310146
2026-02-12 15:15:00+00:00,693.3699951171875,693.6199951171875,692.7899780273438,692.8099975585938,844564,6.540755787800273,-0.0008224086962718147
2026-02-12 15:20:00+00:00,692.8099975585938,693.72998046875,692.510009765625,693.0399780273438,877025,6.54108768587714,0.00033189807686717643
2026-02-12 15:25:00+00:00,693.0549926757812,693.3499755859375,692.7050170898438,693.0650024414062,638319,6.541123793407836,3.6107530696050105e-05
2026-02-12 15:30:00+00:00,693.0800170898438,693.47998046875,691.9299926757812,691.9550170898438,755602,6.539520949299376,-0.0016028441084596778
2026-02-12 15:35:00+00:00,691.9500122070312,692.155029296875,690.97998046875,691.14501953125,1391954,6.538349670823851,-0.0011712784755255612
2026-02-12 15:40:00+00:00,691.14501953125,691.3150024414062,690.3200073242188,690.3800048828125,1657601,6.537242177708473,-0.0011074931153780554
2026-02-12 15:45:00+00:00,690.3699951171875,690.9000244140625,690.22998046875,690.501220703125,1193240,6.537417740701694,0.000175562993221412
2026-02-12 15:50:00+00:00,690.5050048828125,690.7999877929688,689.510009765625,689.510009765625,1092710,6.535981214554557,-0.001436526147137407
2026-02-12 15:55:00+00:00,689.52001953125,689.6500244140625,688.5850219726562,688.6500244140625,1614168,6.534733194815402,-0.001248019739154671
2026-02-12 16:00:00+00:00,688.6500244140625,688.8049926757812,687.969970703125,688.1400146484375,2151420,6.533992326891488,-0.0007408679239144789
2026-02-12 16:05:00+00:00,688.139892578125,688.27001953125,686.8499755859375,687.0399780273438,2451511,6.53239248270879,-0.0015998441826976517
2026-02-12 16:10:00+00:00,687.030029296875,687.1599731445312,686.0399780273438,686.3200073242188,2343647,6.531344001936436,-0.00104848077235431
2026-02-12 16:15:00+00:00,686.3187255859375,686.469970703125,685.125,685.5349731445312,2319665,6.530199516146678,-0.0011444857897577876
2026-02-12 16:20:00+00:00,685.530029296875,685.6900024414062,684.4400024414062,685.030029296875,3096799,6.52946267569095,-0.0007368404557279717
2026-02-12 16:25:00+00:00,685.02001953125,685.1099853515625,683.5750122070312,683.5999755859375,2795289,6.527372915527476,-0.0020897601634741747
2026-02-12 16:30:00+00:00,683.594970703125,685.0499877929688,683.5250244140625,684.530029296875,2846483,6.528732514178023,0.0013595986505468005
2026-02-12 16:35:00+00:00,684.530029296875,685.8200073242188,684.4000244140625,685.5800170898438,2014582,6.530265220257054,0.001532706079031776
2026-02-12 16:40:00+00:00,685.5800170898438,685.8400268554688,684.72998046875,684.9199829101562,1291786,6.529302018169179,-0.0009632020878749259
2026-02-12 16:45:00+00:00,684.9199829101562,685.3599853515625,684.0499877929688,684.52001953125,1633174,6.528717891242018,-0.0005841269271611438
2026-02-12 16:50:00+00:00,684.5,684.9099731445312,683.8900146484375,684.2000122070312,1143734,6.5282502903848245,-0.00046760085719377287
2026-02-12 16:55:00+00:00,684.2100219726562,684.75,684.1699829101562,684.6400146484375,985518,6.528893174064331,0.0006428836795064896
2026-02-12 17:00:00+00:00,684.6300048828125,684.6699829101562,683.3800048828125,684.4099731445312,1600900,6.528557114010831,-0.0003360600534998426
2026-02-12 17:05:00+00:00,684.4000244140625,685.0999755859375,683.5800170898438,684.8200073242188,1102476,6.529156040703634,0.0005989266928025927
2026-02-12 17:10:00+00:00,684.8099975585938,684.8400268554688,683.6199951171875,683.8400268554688,829037,6.527724011402349,-0.0014320293012843877
2026-02-12 17:15:00+00:00,683.7999877929688,684.1400146484375,683.4600219726562,683.52001953125,779914,6.527255945466232,-0.00046806593611758984
2026-02-12 17:20:00+00:00,683.510009765625,685.030029296875,683.510009765625,684.875,929675,6.5292363398585795,0.001980394392347762
2026-02-12 17:25:00+00:00,684.8699951171875,685.27001953125,683.8800048828125,684.1199951171875,1801291,6.528133333694128,-0.001103006164451692
2026-02-12 17:30:00+00:00,684.0999755859375,684.8099975585938,683.8800048828125,684.6900024414062,941886,6.528966184649606,0.0008328509554784702
2026-02-12 17:35:00+00:00,684.6799926757812,685.5750122070312,684.6699829101562,684.8200073242188,905045,6.529156040703634,0.00018985605402743744
2026-02-12 17:40:00+00:00,684.8300170898438,685.3699951171875,684.530029296875,685.1099853515625,647418,6.529579387930463,0.0004233472268291294
2026-02-12 17:45:00+00:00,685.1099853515625,685.3989868164062,684.1199951171875,684.4349975585938,667756,6.528593676827805,-0.0009857111026576604
2026-02-12 17:50:00+00:00,684.4400024414062,684.9099731445312,683.5399780273438,683.739990234375,1027392,6.527577714118063,-0.0010159627097419133
2026-02-12 17:55:00+00:00,683.719970703125,684.02001953125,682.9500122070312,682.989990234375,713166,6.5264802038768295,-0.0010975102412338344
2026-02-12 18:00:00+00:00,682.989990234375,683.6099853515625,682.47998046875,683.1500244140625,970960,6.5267144905219805,0.00023428664515101616
2026-02-12 18:05:00+00:00,683.1599731445312,684.1199951171875,683.08349609375,683.3699951171875,816742,6.527036433416166,0.0003219428941854119
2026-02-12 18:10:00+00:00,683.3900146484375,683.5599975585938,683.0800170898438,683.2999877929688,472711,6.5269339839219125,-0.00010244949425342043
2026-02-12 18:15:00+00:00,683.2899780273438,683.3400268554688,682.47998046875,682.6199951171875,685378,6.5259383286266335,-0.0009956552952790076
2026-02-12 18:20:00+00:00,682.6201171875,683.7650146484375,682.6199951171875,683.5599975585938,688141,6.5273144322071035,0.0013761035804700228
2026-02-12 18:25:00+00:00,683.5700073242188,683.739990234375,682.219970703125,683.1699829101562,1889671,6.526743705487711,-0.0005707267193928445
2026-02-12 18:30:00+00:00,683.1649780273438,683.5700073242188,682.7999877929688,683.3900146484375,1037551,6.527065728290333,0.0003220228026226124
2026-02-12 18:35:00+00:00,683.3599243164062,684.239990234375,683.2100219726562,684.2399291992188,892710,6.5283086297989135,0.0012429015085801964
2026-02-12 18:40:00+00:00,684.239990234375,684.9299926757812,683.8400268554688,684.8599853515625,1051057,6.529214416422881,0.0009057866239672308
2026-02-12 18:45:00+00:00,684.85498046875,685.0449829101562,684.52001953125,684.5800170898438,803672,6.5288055364936834,-0.0004088799291972478
2026-02-12 18:50:00+00:00,684.5800170898438,685.3250122070312,684.3599853515625,685.0,702459,6.529418838262226,0.0006133017685421294
2026-02-12 18:55:00+00:00,685.0150146484375,685.260009765625,684.2949829101562,684.7100219726562,1050967,6.528995423047291,-0.0004234152149349413
2026-02-12 19:00:00+00:00,684.7000122070312,685.1300048828125,684.3099975585938,684.47998046875,992082,6.528659397359606,-0.00033602568768476004
2026-02-12 19:05:00+00:00,684.469970703125,684.9000244140625,684.4299926757812,684.47998046875,651454,6.528659397359606,0.0
2026-02-12 19:10:00+00:00,684.47998046875,684.6500244140625,683.594970703125,684.1500244140625,934982,6.528177227511066,-0.0004821698485395487
2026-02-12 19:15:00+00:00,684.1500244140625,685.14501953125,684.135009765625,685.0499877929688,849051,6.529491810479935,0.0013145829688685495
2026-02-12 19:20:00+00:00,685.0499877929688,685.4199829101562,684.905029296875,685.1849975585938,686351,6.529688871228646,0.00019706074871095325
2026-02-12 19:25:00+00:00,685.1799926757812,685.2999877929688,684.010009765625,684.1500244140625,1052188,6.528177227511066,-0.0015116437175795028
2026-02-12 19:30:00+00:00,684.1300048828125,685.0700073242188,684.1199951171875,684.8300170898438,648237,6.529170657234057,0.0009934297229907685
2026-02-12 19:35:00+00:00,684.8599853515625,685.3599853515625,684.719970703125,685.3300170898438,898352,6.529900499018551,0.0007298417844943117
2026-02-12 19:40:00+00:00,685.3200073242188,685.5399780273438,684.7550048828125,685.010009765625,937982,6.529433450951992,-0.0004670480665591725
2026-02-12 19:45:00+00:00,685.010009765625,685.739990234375,685.010009765625,685.7000122070312,652110,6.5304402320926105,0.0010067811406182514
2026-02-12 19:50:00+00:00,685.7000122070312,685.9650268554688,685.280029296875,685.3400268554688,952509,6.529915104671705,-0.0005251274209054912
2026-02-12 19:55:00+00:00,685.3599853515625,685.8049926757812,684.8099975585938,685.1599731445312,1471278,6.529652348433875,-0.00026275623782989754
2026-02-12 20:00:00+00:00,685.1799926757812,685.47998046875,684.969970703125,685.4149780273438,794609,6.530024462174224,0.0003721137403491781
2026-02-12 20:05:00+00:00,685.4299926757812,685.5399780273438,684.6500244140625,684.719970703125,671637,6.529009952786703,-0.001014509387521123
2026-02-12 20:10:00+00:00,684.739990234375,684.9199829101562,684.2000122070312,684.8499755859375,1184017,6.529199800532056,0.00018984774535280025
2026-02-12 20:15:00+00:00,684.844970703125,684.8800048828125,684.0700073242188,684.1500244140625,954188,6.528177227511066,-0.0010225730209896255
2026-02-12 20:20:00+00:00,684.1500244140625,684.1599731445312,683.5549926757812,683.7349853515625,1145169,6.527570394228629,-0.0006068332824371581
2026-02-12 20:25:00+00:00,683.739990234375,683.7899780273438,683.1099853515625,683.219970703125,1461902,6.52681687316998,-0.0007535210586491203
2026-02-12 20:30:00+00:00,683.2000122070312,683.4000244140625,682.530029296875,682.9299926757812,1416417,6.526392354574699,-0.00042451859528114255
2026-02-12 20:35:00+00:00,682.9400024414062,683.14501953125,682.7150268554688,682.9000244140625,1327790,6.52634847171761,-4.388285708856188e-05
2026-02-12 20:40:00+00:00,682.8900146484375,683.3400268554688,682.4249877929688,682.6599731445312,1568002,6.525996892479154,-0.00035157923845652306
2026-02-12 20:45:00+00:00,682.6599731445312,682.75,681.5999755859375,681.8599853515625,2640939,6.524824336695495,-0.001172555783658602
2026-02-12 20:50:00+00:00,681.8699951171875,681.8699951171875,680.3699951171875,681.72998046875,5999284,6.5246336563788825,-0.00019068031661273466
2026-02-12 20:55:00+00:00,681.7100219726562,681.8400268554688,680.9349975585938,681.219970703125,6289481,6.52388526530408,-0.0007483910748025124
2026-02-13 14:30:00+00:00,681.6900024414062,682.510009765625,680.8200073242188,681.2000122070312,6661750,6.523855966708426,-2.929859565359294e-05
2026-02-13 14:35:00+00:00,681.1799926757812,681.239990234375,679.780029296875,679.8400268554688,2263241,6.521857515869132,-0.0019984508392942857
2026-02-13 14:40:00+00:00,679.8300170898438,680.5399780273438,677.52001953125,680.4600219726562,2679202,6.522769072346179,0.000911556477046993
2026-02-13 14:45:00+00:00,680.4650268554688,683.3200073242188,680.4099731445312,681.4000244140625,2659768,6.524149541056133,0.001380468709953675
2026-02-13 14:50:00+00:00,681.4199829101562,681.5399780273438,679.72998046875,680.4949951171875,2023830,6.522820467350569,-0.001329073705563566
2026-02-13 14:55:00+00:00,680.469970703125,682.0399780273438,679.5599975585938,679.9299926757812,1193552,6.521989840922856,-0.0008306264277129216
2026-02-13 15:00:00+00:00,679.9099731445312,681.6400146484375,679.7767944335938,680.9450073242188,1106546,6.523481550060954,0.0014917091380981518
2026-02-13 15:05:00+00:00,680.97998046875,682.469970703125,680.030029296875,682.4149780273438,1306227,6.52563794498018,0.0021563949192255905
2026-02-13 15:10:00+00:00,682.4500122070312,682.9000244140625,681.25,681.2999877929688,1428104,6.524002719862359,-0.00163522511782066
2026-02-13 15:15:00+00:00,681.3699951171875,682.280029296875,680.5,681.0075073242188,1151456,6.523573330059701,-0.0004293898026581644
2026-02-13 15:20:00+00:00,681.02001953125,682.1599731445312,680.4600219726562,681.22998046875,979140,6.523899959077773,0.000326629018071678
2026-02-13 15:25:00+00:00,681.25,683.3699951171875,681.1300048828125,682.9400024414062,1316039,6.526407011556199,0.0025070524784265302
2026-02-13 15:30:00+00:00,682.9400024414062,684.510009765625,682.8499755859375,684.1099853515625,1366920,6.528118701993657,0.0017116904374576691
2026-02-13 15:35:00+00:00,684.0999755859375,684.5700073242188,682.7999877929688,682.8900146484375,1247819,6.526333813878061,-0.0017848881155959617
2026-02-13 15:40:00+00:00,682.8599853515625,683.1699829101562,681.5499877929688,681.6500244140625,1327219,6.524516365448265,-0.0018174484297963645
2026-02-13 15:45:00+00:00,681.6699829101562,682.2899780273438,680.7899780273438,681.1799926757812,1395010,6.523826577652246,-0.0006897877960190257
2026-02-13 15:50:00+00:00,681.1900024414062,682.8400268554688,681.0900268554688,682.5900268554688,1113709,6.525894425840629,0.0020678481883829036
2026-02-13 15:55:00+00:00,682.6099853515625,683.2000122070312,682.27001953125,682.5202026367188,827510,6.525792127553937,-0.00010229828669139351
2026-02-13 16:00:00+00:00,682.52001953125,683.469970703125,682.47998046875,683.4249877929688,721024,6.52711690294744,0.0013247753935026196
2026-02-13 16:05:00+00:00,683.4099731445312,684.219970703125,683.3200073242188,683.989990234375,933989,6.527943283355199,0.0008263804077595083
2026-02-13 16:10:00+00:00,684.0,684.02001953125,682.6900024414062,683.4299926757812,851973,6.52712422615712,-0.0008190571980790651
2026-02-13 16:15:00+00:00,683.4400024414062,684.1599731445312,683.0886840820312,683.1199951171875,676884,6.52667053245154,-0.00045369370558034916
2026-02-13 16:20:00+00:00,683.1300048828125,683.4650268554688,681.8300170898438,682.3699951171875,893176,6.525572025570078,-0.001098506881461958
2026-02-13 16:25:00+00:00,682.3699951171875,683.9600219726562,682.219970703125,683.8200073242188,880809,6.527694735806439,0.002122710236361236
2026-02-13 16:30:00+00:00,683.8099975585938,684.22998046875,682.8699951171875,683.8800048828125,882013,6.527782470774776,8.773496833658356e-05
2026-02-13 16:35:00+00:00,683.8900146484375,684.4500122070312,683.2899780273438,684.4400024414062,811798,6.528600989230783,0.0008185184560067782
2026-02-13 16:40:00+00:00,684.4299926757812,684.6165161132812,683.9199829101562,684.5399780273438,593952,6.528747047737907,0.000146058507124458
2026-02-13 16:45:00+00:00,684.530029296875,684.989990234375,684.2899780273438,684.4299926757812,796846,6.528586364371357,-0.0001606833665501739
2026-02-13 16:50:00+00:00,684.4249877929688,685.010009765625,684.2100219726562,684.989990234375,532615,6.529404225358925,0.0008178609875679754
2026-02-13 16:55:00+00:00,685.0,685.510009765625,684.75,684.75,693038,6.529053808143187,-0.0003504172157375862
2026-02-13 17:00:00+00:00,684.75,685.4299926757812,684.47998046875,685.2800903320312,745980,6.529827645684749,0.0007738375415620169
2026-02-13 17:05:00+00:00,685.2899780273438,685.6699829101562,685.0399780273438,685.2000122070312,549864,6.529710784265247,-0.00011686141950217888
2026-02-13 17:10:00+00:00,685.2000122070312,686.0499877929688,685.1849975585938,685.9600219726562,604313,6.530819349019925,0.0011085647546780208
2026-02-13 17:15:00+00:00,685.9600219726562,686.0,684.8250122070312,685.0599975585938,650753,6.529506422103428,-0.0013129269164968704
2026-02-13 17:20:00+00:00,685.0625,686.030029296875,684.97998046875,685.7650146484375,777715,6.530535024799944,0.0010286026965156125
2026-02-13 17:25:00+00:00,685.77001953125,685.8300170898438,685.27001953125,685.364990234375,661071,6.529951528816357,-0.000583495983586424
2026-02-13 17:30:00+00:00,685.3800048828125,686.0700073242188,685.260009765625,685.8400268554688,644994,6.530644403527546,0.000692874711188729
2026-02-13 17:35:00+00:00,685.8499755859375,686.0499877929688,685.5700073242188,685.9650268554688,478378,6.530826645166047,0.0001822416385008907
2026-02-13 17:40:00+00:00,685.9400024414062,686.280029296875,685.6799926757812,685.6900024414062,752700,6.530425634107328,-0.0004010110587193694
2026-02-13 17:45:00+00:00,685.6799926757812,686.0499877929688,685.4299926757812,685.9749755859375,533482,6.5308411483228195,0.0004155142154917968
2026-02-13 17:50:00+00:00,685.969970703125,685.97998046875,685.3099975585938,685.5001220703125,421592,6.530148677077207,-0.0006924712456122251
2026-02-13 17:55:00+00:00,685.5,685.6099853515625,684.8599853515625,685.0999755859375,682020,6.529564777373088,-0.0005838997041189842
2026-02-13 18:00:00+00:00,685.0999755859375,685.3699951171875,684.3599853515625,684.4600219726562,764608,6.52863023830799,-0.0009345390650983276
2026-02-13 18:05:00+00:00,684.4600219726562,684.9600219726562,684.0900268554688,684.719970703125,774418,6.529009952786703,0.0003797144787132112
2026-02-13 18:10:00+00:00,684.719970703125,685.47998046875,684.719970703125,685.27001953125,663440,6.529812949686829,0.0008029969001261961
2026-02-13 18:15:00+00:00,685.27001953125,685.8099975585938,684.97998046875,685.3499755859375,595358,6.529929621054624,0.00011667136779447418
2026-02-13 18:20:00+00:00,685.3400268554688,686.260009765625,685.3099975585938,685.9149780273438,463855,6.530753681309195,0.0008240602545708242
2026-02-13 18:25:00+00:00,685.9199829101562,686.1599731445312,684.9500122070312,685.3900146484375,1171906,6.529988040686059,-0.000765640623135333
2026-02-13 18:30:00+00:00,685.3900146484375,685.8800048828125,685.1099853515625,685.7899780273438,592472,6.530571426371944,0.0005833856858847852
2026-02-13 18:35:00+00:00,685.7899780273438,686.0599975585938,685.2999877929688,685.77001953125,374186,6.530542323020825,-2.910335111927509e-05
2026-02-13 18:40:00+00:00,685.760009765625,685.8300170898438,684.8599853515625,684.97998046875,391904,6.529389612242084,-0.0011527107787410174
2026-02-13 18:45:00+00:00,684.989990234375,685.7100219726562,684.97998046875,685.1799926757812,833668,6.529681566776404,0.0002919545343198493
2026-02-13 18:50:00+00:00,685.1900024414062,685.1900024414062,684.405029296875,684.885009765625,644168,6.529250955215363,-0.00043061156104062803
2026-02-13 18:55:00+00:00,684.8599853515625,685.0499877929688,684.3699951171875,684.6599731445312,596842,6.528922325450109,-0.0003286297652538295
2026-02-13 19:00:00+00:00,684.6699829101562,685.0399780273438,684.4400024414062,684.5098876953125,586565,6.528703089759765,-0.0002192356903440995
2026-02-13 19:05:00+00:00,684.510009765625,685.1699829101562,684.47998046875,685.0599975585938,638047,6.529506422103428,0.0008033323436631434
2026-02-13 19:10:00+00:00,685.0499877929688,685.3499755859375,684.6500244140625,684.97998046875,589494,6.529389612242084,-0.00011680986134443572
2026-02-13 19:15:00+00:00,684.97998046875,685.1199951171875,684.5399780273438,685.030029296875,482983,6.52946267569095,7.306344886615079e-05
2026-02-13 19:20:00+00:00,685.0239868164062,685.364990234375,684.780029296875,685.260009765625,523410,6.5297983425415485,0.00033566685059849277
2026-02-13 19:25:00+00:00,685.25,685.3350219726562,684.0999755859375,684.3400268554688,759612,6.528454909387454,-0.0013434331540942424
2026-02-13 19:30:00+00:00,684.3499755859375,684.9299926757812,684.239990234375,684.6699829101562,626775,6.528936945397013,0.0004820360095587617
2026-02-13 19:35:00+00:00,684.7100219726562,684.780029296875,683.7999877929688,684.0805053710938,528914,6.528075608607651,-0.0008613367893621771
2026-02-13 19:40:00+00:00,684.0700073242188,684.280029296875,683.280029296875,683.6599731445312,813258,6.527460678734009,-0.0006149298736417563
2026-02-13 19:45:00+00:00,683.6500244140625,684.25,683.4550170898438,683.8099975585938,700260,6.527680097687081,0.0002194189530717594
2026-02-13 19:50:00+00:00,683.8200073242188,683.9400024414062,683.0999755859375,683.2700805664062,587429,6.526890214155166,-0.0007898835319144482
2026-02-13 19:55:00+00:00,683.2550048828125,683.5700073242188,682.239990234375,682.4000244140625,1014411,6.525616031954231,-0.0012741822009356696
2026-02-13 20:00:00+00:00,682.4000244140625,683.260009765625,682.3800048828125,683.125,1062034,6.526677858930803,0.001061826976572533
2026-02-13 20:05:00+00:00,683.1300048828125,683.260009765625,682.6505737304688,683.1270141601562,715289,6.526680807376822,2.9484460188911044e-06
2026-02-13 20:10:00+00:00,683.1400146484375,683.1400146484375,682.105712890625,682.1300048828125,1167774,6.5252202626725335,-0.00146054470428858
2026-02-13 20:15:00+00:00,682.1300048828125,682.6300048828125,681.8300170898438,682.5900268554688,955011,6.525894425840629,0.0006741631680950988
2026-02-13 20:20:00+00:00,682.5700073242188,682.5999755859375,681.6799926757812,681.6900024414062,843673,6.5245750126332185,-0.0013194132074101361
2026-02-13 20:25:00+00:00,681.6799926757812,681.8400268554688,680.3400268554688,680.6300048828125,1349032,6.5230188470233665,-0.001556165609851945
2026-02-13 20:30:00+00:00,680.6400146484375,681.230712890625,680.1799926757812,680.25,1343053,6.522460377663355,-0.0005584693600111379
2026-02-13 20:35:00+00:00,680.25,680.6699829101562,680.010009765625,680.3800048828125,1334053,6.522651472792438,0.00019109512908244142
2026-02-13 20:40:00+00:00,680.3699951171875,680.8200073242188,679.8099975585938,680.1699829101562,1254344,6.522342741799518,-0.00030873099291994777
2026-02-13 20:45:00+00:00,680.1799926757812,681.375,680.0900268554688,681.2000122070312,1878511,6.523855966708426,0.0015132249089084837
2026-02-13 20:50:00+00:00,681.1900024414062,681.6099853515625,680.3599853515625,681.4400024414062,2493725,6.52420820975762,0.00035224304919356797
2026-02-13 20:55:00+00:00,681.4600219726562,681.8400268554688,680.8300170898438,681.5999755859375,5368031,6.5244429396963515,0.00023472993873152603
2026-02-17 14:30:00+00:00,680.1400146484375,681.989990234375,680.030029296875,681.739990234375,4089012,6.5246483391600805,0.00020539946372899465
2026-02-17 14:35:00+00:00,681.739990234375,682.7600708007812,681.4400024414062,682.52001953125,1913816,6.525791859275441,0.0011435201153604524
2026-02-17 14:40:00+00:00,682.5,682.7999877929688,680.4500122070312,680.72998046875,1719637,6.5231657230696625,-0.002626136205778451
2026-02-17 14:45:00+00:00,680.739990234375,681.2999877929688,679.6900024414062,680.280029296875,2012283,6.522504521190118,-0.0006612018795442154
2026-02-17 14:50:00+00:00,680.280029296875,680.6199951171875,677.6300048828125,677.8175048828125,2042253,6.518878084868991,-0.0036264363211273576
2026-02-17 14:55:00+00:00,677.8400268554688,677.9099731445312,676.4600219726562,676.6300048828125,1804127,6.517124601923796,-0.0017534829451948397
2026-02-17 15:00:00+00:00,676.6199951171875,678.260009765625,676.27001953125,678.12841796875,1639145,6.5193366770387025,0.0022120751149063977
2026-02-17 15:05:00+00:00,678.1400146484375,678.5599975585938,677.3200073242188,677.3599853515625,1195932,6.518202867708243,-0.0011338093304598118
2026-02-17 15:10:00+00:00,677.3800048828125,678.010009765625,676.6799926757812,676.9199829101562,866316,6.51755307229341,-0.0006497954148327878
2026-02-17 15:15:00+00:00,676.9149780273438,679.75,676.8200073242188,679.6400146484375,1529877,6.521563267770788,0.004010195477378353
2026-02-17 15:20:00+00:00,679.6599731445312,679.719970703125,677.7000122070312,677.8900146484375,997165,6.518985054498722,-0.002578213272066421
2026-02-17 15:25:00+00:00,677.9199829101562,678.22998046875,676.8200073242188,677.3400268554688,1099308,6.518173402149942,-0.0008116523487800009
2026-02-17 15:30:00+00:00,677.3300170898438,677.6599731445312,675.8200073242188,676.0999755859375,1162994,6.516340957986496,-0.0018324441634458566
2026-02-17 15:35:00+00:00,676.1199951171875,676.97998046875,675.8099975585938,675.8599853515625,1021168,6.515985932329184,-0.00035502565731171387
2026-02-17 15:40:00+00:00,675.8499755859375,676.760009765625,675.780029296875,676.64501953125,1166914,6.517146792015488,0.0011608596863039722
2026-02-17 15:45:00+00:00,676.6599731445312,678.2100219726562,676.52001953125,677.6799926757812,1082301,6.518675189315512,0.0015283973000235207
2026-02-17 15:50:00+00:00,677.6599731445312,678.260009765625,677.0,677.9299926757812,1068590,6.519044026968724,0.00036883765321249484
2026-02-17 15:55:00+00:00,677.9299926757812,678.6400146484375,677.6300048828125,678.6099853515625,881465,6.520046566877241,0.0010025399085167308
2026-02-17 16:00:00+00:00,678.5999755859375,679.989990234375,678.4500122070312,679.52001953125,1238450,6.521386695307676,0.0013401284304350725
2026-02-17 16:05:00+00:00,679.52001953125,681.1699829101562,679.4249877929688,681.0499877929688,1339371,6.52363570696951,0.0022490116618341105
2026-02-17 16:10:00+00:00,681.0499877929688,682.5800170898438,681.0399780273438,682.3350219726562,2311894,6.525520771791275,0.0018850648217645372
2026-02-17 16:15:00+00:00,682.3200073242188,682.9006958007812,681.9605102539062,682.72998046875,1442281,6.526099438018024,0.0005786662267492915
2026-02-17 16:20:00+00:00,682.719970703125,683.239990234375,682.2100219726562,683.010009765625,1277351,6.526509515049964,0.00041007703194040346
2026-02-17 16:25:00+00:00,683.030029296875,683.1199951171875,681.5150146484375,681.5999755859375,1286752,6.5244429396963515,-0.002066575353612876
2026-02-17 16:30:00+00:00,681.5750122070312,681.9000244140625,680.8099975585938,681.739990234375,1193549,6.5246483391600805,0.00020539946372899465
2026-02-17 16:35:00+00:00,681.739990234375,682.8400268554688,681.52001953125,682.4199829101562,837736,6.525645279028553,0.0009969398684726016
2026-02-17 16:40:00+00:00,682.4199829101562,682.5700073242188,681.75,681.7999877929688,694182,6.524736341799679,-0.0009089372288739739
2026-02-17 16:45:00+00:00,681.7899780273438,682.1900024414062,681.52001953125,681.6599731445312,670096,6.524530960412706,-0.00020538138697290265
2026-02-17 16:50:00+00:00,681.6900024414062,682.4500122070312,681.6699829101562,682.4199829101562,543940,6.525645279028553,0.0011143186158468765
2026-02-17 16:55:00+00:00,682.4400024414062,683.030029296875,681.9500122070312,682.4600219726562,810400,6.525703949479242,5.867045068885801e-05
2026-02-17 17:00:00+00:00,682.4199829101562,682.5399780273438,681.530029296875,681.97998046875,513159,6.525000303261228,-0.0007036462180138869
2026-02-17 17:05:00+00:00,681.969970703125,682.3900146484375,681.6699829101562,681.7000122070312,451718,6.5245896962754895,-0.0004106069857385819
2026-02-17 17:10:00+00:00,681.6900024414062,681.9099731445312,680.8599853515625,681.25,646576,6.523929345977454,-0.0006603502980357945
2026-02-17 17:15:00+00:00,681.25,681.6099853515625,680.989990234375,681.3200073242188,509238,6.524032103742418,0.00010275776496460054
2026-02-17 17:20:00+00:00,681.3599853515625,681.52001953125,680.4312744140625,681.1199951171875,796604,6.523738494911043,-0.00029360883137563576
2026-02-17 17:25:00+00:00,681.1300048828125,682.2050170898438,680.97998046875,682.2000122070312,556746,6.52532288787817,0.0015843929671275347
2026-02-17 17:30:00+00:00,682.2100219726562,682.3200073242188,680.989990234375,681.77001953125,661233,6.524692386210216,-0.0006305016679544195
2026-02-17 17:35:00+00:00,681.75,682.0900268554688,681.3800048828125,681.6300048828125,255932,6.524486995794457,-0.00020539041575862171
2026-02-17 17:40:00+00:00,681.6300048828125,681.6400146484375,680.0125122070312,680.0399780273438,563831,6.522151587658699,-0.002335408135758499
2026-02-17 17:45:00+00:00,680.030029296875,680.6500244140625,679.5499877929688,680.260009765625,938412,6.522475092388794,0.0003235047300957916
2026-02-17 17:50:00+00:00,680.260009765625,680.6699829101562,679.1500244140625,679.4650268554688,806053,6.52130576332692,-0.0011693290618746133
2026-02-17 17:55:00+00:00,679.4600219726562,681.1699829101562,679.2999877929688,681.0103149414062,728029,6.523577452791638,0.0022716894647185626
2026-02-17 18:00:00+00:00,681.02001953125,681.1799926757812,680.3300170898438,680.780029296875,468785,6.523239242658631,-0.0003382101330071663
2026-02-17 18:05:00+00:00,680.780029296875,680.8900146484375,680.0999755859375,680.3400268554688,356675,6.522592712685403,-0.0006465299732285601
2026-02-17 18:10:00+00:00,680.3499755859375,680.8400268554688,679.8300170898438,680.3250122070312,415738,6.522570643112058,-2.2069573344829507e-05
2026-02-17 18:15:00+00:00,680.3300170898438,680.6500244140625,679.9000244140625,680.2999877929688,327137,6.522533859407415,-3.678370464310632e-05
2026-02-17 18:20:00+00:00,680.2899780273438,682.5399780273438,680.1519165039062,682.030029296875,902783,6.525073688101205,0.0025398286937905468
2026-02-17 18:25:00+00:00,682.0399780273438,682.530029296875,681.4600219726562,682.3900146484375,627913,6.525601363374686,0.0005276752734806323
2026-02-17 18:30:00+00:00,682.4000244140625,682.97802734375,682.030029296875,682.7100219726562,625790,6.526070204223702,0.0004688408490158835
2026-02-17 18:35:00+00:00,682.7000122070312,683.3800048828125,682.2899780273438,683.3699951171875,691105,6.527036433416166,0.0009662291924641409
2026-02-17 18:40:00+00:00,683.3499755859375,684.0750122070312,683.2899780273438,683.5700073242188,886921,6.527329075680057,0.00029264226389091874
2026-02-17 18:45:00+00:00,683.5800170898438,683.9299926757812,683.4349975585938,683.8400268554688,540407,6.527724011402349,0.00039493572229254426
2026-02-17 18:50:00+00:00,683.8300170898438,684.39501953125,683.6199951171875,684.3264770507812,706462,6.52843510937825,0.0007110979759001879
2026-02-17 18:55:00+00:00,684.3300170898438,684.7150268554688,683.8599853515625,684.0750122070312,735056,6.528067578578912,-0.0003675307993376009
2026-02-17 19:00:00+00:00,684.0800170898438,684.4299926757812,683.8200073242188,684.3300170898438,721867,6.52844028239146,0.00037270381254828067
2026-02-17 19:05:00+00:00,684.3300170898438,684.510009765625,683.7999877929688,683.9799194335938,510995,6.527928559638384,-0.0005117227530764268
2026-02-17 19:10:00+00:00,683.969970703125,684.219970703125,683.5800170898438,684.1749877929688,467377,6.528213715010288,0.0002851553719045441
2026-02-17 19:15:00+00:00,684.1699829101562,684.239990234375,683.7899780273438,683.9401245117188,403784,6.527870376527371,-0.00034333848291723257
2026-02-17 19:20:00+00:00,683.9500122070312,684.6199951171875,683.8300170898438,684.510009765625,500183,6.528703268092181,0.0008328915648094792
2026-02-17 19:25:00+00:00,684.510009765625,684.5399780273438,683.8499755859375,683.989990234375,644457,6.527943283355199,-0.0007599847369812451
2026-02-17 19:30:00+00:00,683.969970703125,684.6199951171875,683.7999877929688,684.6199951171875,426867,6.528863932676854,0.0009206493216549205
2026-02-17 19:35:00+00:00,684.6199951171875,684.8699951171875,684.25,684.5599975585938,383090,6.528776292543411,-8.764013344286781e-05
2026-02-17 19:40:00+00:00,684.5700073242188,684.9400024414062,684.4025268554688,684.719970703125,590605,6.529009952786703,0.0002336602432917445
2026-02-17 19:45:00+00:00,684.719970703125,684.75,684.2999877929688,684.3900146484375,312716,6.528527951976534,-0.0004820008101695805
2026-02-17 19:50:00+00:00,684.4000244140625,684.4199829101562,683.5750122070312,683.9600219726562,662221,6.527899468506037,-0.0006284834704963771
2026-02-17 19:55:00+00:00,683.9400024414062,684.0499877929688,683.4099731445312,683.5700073242188,529548,6.527329075680057,-0.0005703928259803703
2026-02-17 20:00:00+00:00,683.5700073242188,684.0999755859375,683.4400024414062,683.7650146484375,597836,6.527614312761544,0.00028523708148675553
2026-02-17 20:05:00+00:00,683.780029296875,683.8599853515625,683.3099975585938,683.3800048828125,471027,6.527051080960523,-0.0005632318010206916
2026-02-17 20:10:00+00:00,683.3900146484375,683.5599975585938,683.1599731445312,683.489990234375,810519,6.527212011191185,0.00016093023066243717
2026-02-17 20:15:00+00:00,683.5,683.739990234375,683.0750122070312,683.0999755859375,572703,6.526641225997703,-0.0005707851934824149
2026-02-17 20:20:00+00:00,683.0999755859375,683.3699951171875,682.7050170898438,682.8400268554688,812493,6.526260610841631,-0.00038061515607168417
2026-02-17 20:25:00+00:00,682.8300170898438,683.1400146484375,682.6699829101562,682.8699951171875,804222,6.52630449755439,4.388671275901146e-05
2026-02-17 20:30:00+00:00,682.8800048828125,682.9299926757812,682.0800170898438,682.3399047851562,1186510,6.5255279277995,-0.0007765697548904882
2026-02-17 20:35:00+00:00,682.3300170898438,682.5499877929688,682.0050048828125,682.1699829101562,835321,6.525278868591632,-0.00024905920786810753
2026-02-17 20:40:00+00:00,682.1599731445312,683.2899780273438,682.0999755859375,682.97998046875,1216888,6.526465547968076,0.001186679376444566
2026-02-17 20:45:00+00:00,682.97998046875,683.0700073242188,682.5499877929688,682.75,1090617,6.5261287603538145,-0.0003367876142617021
2026-02-17 20:50:00+00:00,682.77001953125,683.2000122070312,682.1099853515625,682.4000244140625,1458379,6.525616031954231,-0.0005127283995838283
2026-02-17 20:55:00+00:00,682.4199829101562,682.9299926757812,681.9299926757812,682.75,4107646,6.5261287603538145,0.0005127283995838283
2026-02-18 14:30:00+00:00,684.02001953125,684.3800048828125,682.8300170898438,683.5,3736452,6.527226656164005,0.0010978958101901526
2026-02-18 14:35:00+00:00,683.530029296875,684.6500244140625,683.22998046875,684.239990234375,1399735,6.528308719000305,0.0010820628362999685
2026-02-18 14:40:00+00:00,684.25,685.4600219726562,683.9400024414062,685.0,1724308,6.529418838262226,0.00111011926192095
2026-02-18 14:45:00+00:00,685.0,685.280029296875,683.5599975585938,683.72998046875,1214394,6.527563074285614,-0.0018557639766116907
2026-02-18 14:50:00+00:00,683.760009765625,685.5,683.5900268554688,685.260009765625,991727,6.5297983425415485,0.002235268255934564
2026-02-18 14:55:00+00:00,685.2650146484375,686.3800048828125,685.1599731445312,686.1599731445312,1310845,6.531110797543381,0.0013124550018321912
2026-02-18 15:00:00+00:00,686.1699829101562,687.6099853515625,686.0850219726562,687.5800170898438,1796046,6.533178211262429,0.0020674137190486164
2026-02-18 15:05:00+00:00,687.5900268554688,688.1300048828125,687.1900024414062,687.3800048828125,2237095,6.532887275954863,-0.0002909353075661869
2026-02-18 15:10:00+00:00,687.3699951171875,687.8900146484375,686.989990234375,687.7849731445312,1184170,6.53347625004873,0.00058897409386649
2026-02-18 15:15:00+00:00,687.7899780273438,688.4650268554688,687.5,687.9099731445312,1324286,6.533657976383744,0.00018172633501478686
2026-02-18 15:20:00+00:00,687.9000244140625,688.1599731445312,687.6099853515625,687.6599731445312,826625,6.533294490683251,-0.0003634857004932712
2026-02-18 15:25:00+00:00,687.6599731445312,688.0700073242188,687.47998046875,687.8400268554688,707622,6.533556291791162,0.00026180110791074185
2026-02-18 15:30:00+00:00,687.8400268554688,687.9400024414062,687.32080078125,687.3599243164062,647574,6.5328580623327355,-0.0006982294584263471
2026-02-18 15:35:00+00:00,687.3699951171875,688.1400146484375,687.2899780273438,688.0900268554688,721440,6.533919682360438,0.0010616200277029364
2026-02-18 15:40:00+00:00,688.0900268554688,688.52001953125,687.9600219726562,688.2999877929688,775957,6.534224771669273,0.00030508930883499374
2026-02-18 15:45:00+00:00,688.2999877929688,688.6400146484375,688.0399780273438,688.3300170898438,476919,6.5342683989282655,4.3627258992096074e-05
2026-02-18 15:50:00+00:00,688.3800048828125,688.530029296875,688.0,688.4600219726562,401740,6.534457251083657,0.00018885215539121702
2026-02-18 15:55:00+00:00,688.4500122070312,688.7249755859375,688.3800048828125,688.5150146484375,476213,6.53453712569917,7.98746155128427e-05
2026-02-18 16:00:00+00:00,688.52001953125,688.5850219726562,688.239990234375,688.5449829101562,451816,6.534580650689768,4.352499059834258e-05
2026-02-18 16:05:00+00:00,688.5549926757812,688.9600219726562,688.2999877929688,688.3599853515625,580021,6.534311935616511,-0.00026871507325676447
2026-02-18 16:10:00+00:00,688.3679809570312,688.6199951171875,688.2899780273438,688.4349975585938,523251,6.534420902032044,0.00010896641553248543
2026-02-18 16:15:00+00:00,688.4349975585938,688.6699829101562,688.1400146484375,688.2000122070312,547936,6.534079511101002,-0.0003413909310419072
2026-02-18 16:20:00+00:00,688.1699829101562,688.3900146484375,688.02001953125,688.3300170898438,614554,6.5342683989282655,0.00018888782726378395
2026-02-18 16:25:00+00:00,688.3200073242188,688.4299926757812,688.0399780273438,688.219970703125,474462,6.534108511691436,-0.00015988723682980321
2026-02-18 16:30:00+00:00,688.219970703125,688.760009765625,688.1400146484375,688.469970703125,418223,6.534471701681032,0.00036318998959661286
2026-02-18 16:35:00+00:00,688.5,688.5850219726562,688.27001953125,688.5150146484375,252835,6.53453712569917,6.542401813725007e-05
2026-02-18 16:40:00+00:00,688.5250244140625,688.6500244140625,688.2849731445312,688.3300170898438,324932,6.5342683989282655,-0.0002687267709040597
2026-02-18 16:45:00+00:00,688.3099975585938,688.5,688.0599975585938,688.0700073242188,344477,6.5338905875883855,-0.0003778113398800187
2026-02-18 16:50:00+00:00,688.0900268554688,688.22998046875,687.5999755859375,687.739990234375,599533,6.533410845332174,-0.0004797422562115017
2026-02-18 16:55:00+00:00,687.7349853515625,687.9450073242188,687.4998779296875,687.530029296875,492679,6.5331055075641,-0.0003053377680739544
2026-02-18 17:00:00+00:00,687.530029296875,688.1699829101562,687.3800048828125,688.1500244140625,561758,6.534006872903362,0.0009013653392617726
2026-02-18 17:05:00+00:00,688.1599731445312,688.8900146484375,688.110107421875,688.489990234375,665464,6.53450077955086,0.0004939066474980436
2026-02-18 17:10:00+00:00,688.489990234375,688.6199951171875,687.97998046875,688.2180786132812,764476,6.5341057624360745,-0.0003950171147852899
2026-02-18 17:15:00+00:00,688.2050170898438,688.6500244140625,688.0900268554688,688.5999755859375,469181,6.5346605154497865,0.0005547530137119949
2026-02-18 17:20:00+00:00,688.5900268554688,688.6599731445312,688.4500122070312,688.4600219726562,242775,6.534457251083657,-0.00020326436612982945
2026-02-18 17:25:00+00:00,688.4600219726562,688.4650268554688,688.1400146484375,688.2000122070312,263942,6.534079511101002,-0.00037773998265500097
2026-02-18 17:30:00+00:00,688.1900024414062,688.4199829101562,687.8900146484375,687.9600219726562,374859,6.533730728647148,-0.00034878245385350226
2026-02-18 17:35:00+00:00,687.9600219726562,688.2999877929688,687.9400024414062,688.2150268554688,246134,6.5341013281373055,0.0003705994901572751
2026-02-18 17:40:00+00:00,688.2150268554688,688.2150268554688,687.8900146484375,688.030029296875,271516,6.533832484214661,-0.0002688439226448125
2026-02-18 17:45:00+00:00,688.030029296875,688.3699951171875,687.9500122070312,688.1699829101562,320703,6.534035875600393,0.00020339138573266524
2026-02-18 17:50:00+00:00,688.1699829101562,688.7000122070312,688.1699829101562,688.6599731445312,349371,6.534747641425804,0.0007117658254109926
2026-02-18 17:55:00+00:00,688.6500244140625,688.7999877929688,688.35498046875,688.5009765625,423316,6.534516736559135,-0.00023090486666976773
2026-02-18 18:00:00+00:00,688.5,689.1500244140625,688.469970703125,688.7498779296875,395595,6.534878183232535,0.000361446673400323
2026-02-18 18:05:00+00:00,688.72998046875,688.8099975585938,688.4400024414062,688.5399780273438,268648,6.534573381882171,-0.0003048013503637037
2026-02-18 18:10:00+00:00,688.5399780273438,688.6500244140625,688.375,688.4824829101562,255131,6.5344898754487595,-8.350643341170638e-05
2026-02-18 18:15:00+00:00,688.469970703125,688.77001953125,688.4650268554688,688.47998046875,256765,6.534486240721637,-3.634727122836523e-06
2026-02-18 18:20:00+00:00,688.489990234375,688.5399780273438,688.0700073242188,688.1199951171875,387148,6.5339632342329645,-0.0005230064886720953
2026-02-18 18:25:00+00:00,688.1300048828125,688.22998046875,687.4749755859375,687.8049926757812,842313,6.533505356878161,-0.0004578773548038484
2026-02-18 18:30:00+00:00,687.8099975585938,687.9500122070312,687.4400024414062,687.739990234375,566333,6.533410845332174,-9.451154598671963e-05
2026-02-18 18:35:00+00:00,687.7349853515625,688.02001953125,687.6300048828125,687.6400146484375,418408,6.533265466475773,-0.00014537885640120152
2026-02-18 18:40:00+00:00,687.6300048828125,687.7000122070312,686.6300048828125,687.0800170898438,991491,6.532450758641974,-0.0008147078337987779
2026-02-18 18:45:00+00:00,687.0650024414062,687.5549926757812,686.9500122070312,687.1849975585938,582134,6.532603539172418,0.0001527805304437635
2026-02-18 18:50:00+00:00,687.1799926757812,687.1950073242188,686.0399780273438,686.9000244140625,883293,6.532188756762218,-0.0004147824101998765
2026-02-18 18:55:00+00:00,686.8900146484375,687.1199951171875,686.6799926757812,686.97998046875,682023,6.532305151286476,0.0001163945242579345
2026-02-18 19:00:00+00:00,686.989990234375,687.3800048828125,686.5499877929688,687.3300170898438,775829,6.532814551100614,0.0005093998141383338
2026-02-18 19:05:00+00:00,687.3399047851562,687.3900146484375,686.6599731445312,686.6834716796875,384341,6.531873446135983,-0.0009411049646308456
2026-02-18 19:10:00+00:00,686.6900024414062,687.0792236328125,686.3900146484375,686.4299926757812,815435,6.531504242842351,-0.00036920329363265836
2026-02-18 19:15:00+00:00,686.4500122070312,686.530029296875,686.0700073242188,686.2000122070312,818081,6.531169148213669,-0.0003350946286815315
2026-02-18 19:20:00+00:00,686.2000122070312,686.8900146484375,686.1799926757812,686.6799926757812,709578,6.531868379736598,0.0006992315229288337
2026-02-18 19:25:00+00:00,686.6799926757812,686.889892578125,686.22998046875,686.4199829101562,761875,6.531489660381335,-0.000378719355262902
2026-02-18 19:30:00+00:00,686.4299926757812,686.6300048828125,685.7100219726562,685.885009765625,1015556,6.53070998942701,-0.0007796709543246294
2026-02-18 19:35:00+00:00,685.8800048828125,685.9299926757812,684.8499755859375,685.22998046875,1289002,6.529754519825449,-0.0009554696015614539
2026-02-18 19:40:00+00:00,685.2100219726562,685.6900024414062,685.030029296875,685.1699829101562,691429,6.529666957711854,-8.756211359539634e-05
2026-02-18 19:45:00+00:00,685.1799926757812,685.8150024414062,685.0800170898438,685.3200073242188,826470,6.529885893152069,0.00021893544021533984
2026-02-18 19:50:00+00:00,685.3200073242188,685.3800048828125,684.760009765625,684.8599853515625,568700,6.529214416422881,-0.000671476729188214
2026-02-18 19:55:00+00:00,684.8599243164062,684.9600219726562,684.0499877929688,684.5999755859375,1130294,6.528834690434293,-0.0003797259885880422
2026-02-18 20:00:00+00:00,684.5800170898438,685.3599853515625,684.510009765625,684.989990234375,923752,6.529404225358925,0.0005695349246321868
2026-02-18 20:05:00+00:00,684.989990234375,685.0599975585938,684.4400024414062,684.5499877929688,603500,6.528761670247567,-0.000642555111357801
2026-02-18 20:10:00+00:00,684.5700073242188,684.6937255859375,684.1099853515625,684.4099731445312,1041995,6.528557114010831,-0.00020455623673587553
2026-02-18 20:15:00+00:00,684.3900146484375,684.6649780273438,683.9199829101562,684.3300170898438,843916,6.52844028239146,-0.00011683161937092734
2026-02-18 20:20:00+00:00,684.3400268554688,684.3900146484375,683.9400024414062,684.35498046875,628531,6.528476760293905,3.647790244443172e-05
2026-02-18 20:25:00+00:00,684.3400268554688,684.4299926757812,684.0399780273438,684.2100219726562,573120,6.528264920160074,-0.00021184013383024336
2026-02-18 20:30:00+00:00,684.2100219726562,685.19873046875,684.1199951171875,685.0977172851562,902707,6.529561481059289,0.0012965608992141497
2026-02-18 20:35:00+00:00,685.0900268554688,685.6199951171875,684.969970703125,685.530029296875,884599,6.53019230445701,0.0006308233977216915
2026-02-18 20:40:00+00:00,685.5399780273438,685.885009765625,685.3300170898438,685.6600952148438,1209764,6.53038201690612,0.0001897124491101465
2026-02-18 20:45:00+00:00,685.6699829101562,686.5,685.469970703125,686.3800048828125,2038282,6.5314314173339705,0.0010494004278500668
2026-02-18 20:50:00+00:00,686.4099731445312,687.1799926757812,686.25,687.0,2108639,6.532334292222349,0.0009028748883785909
2026-02-18 20:55:00+00:00,687.0,687.1300048828125,685.9400024414062,686.1900024414062,6073603,6.531154560865294,-0.0011797313570554024
2026-02-19 14:30:00+00:00,683.8400268554688,684.52001953125,683.5599975585938,683.9500122070312,2975274,6.527884833383295,-0.0032697274819986077
2026-02-19 14:35:00+00:00,683.9500122070312,684.02001953125,682.469970703125,683.6199951171875,1566088,6.527402200546245,-0.0004826328370501898
2026-02-19 14:40:00+00:00,683.6400146484375,684.75,682.9600219726562,684.6099853515625,1535366,6.528849311662462,0.0014471111162173145
2026-02-19 14:45:00+00:00,684.6199951171875,684.719970703125,683.25,684.0900268554688,1252700,6.5280895271713835,-0.0007597844910787188
2026-02-19 14:50:00+00:00,684.0599975585938,685.2899780273438,684.0399780273438,684.8800048828125,1105015,6.529243647563672,0.0011541203922886822
2026-02-19 14:55:00+00:00,684.8599853515625,685.8200073242188,684.7501220703125,685.010009765625,1375513,6.529433450951992,0.0001898033883200867
2026-02-19 15:00:00+00:00,685.0,686.1799926757812,684.3599853515625,685.510009765625,1286639,6.530163101033797,0.0007296500818050333
2026-02-19 15:05:00+00:00,685.510009765625,685.6179809570312,684.280029296875,684.39501953125,1045326,6.528535264860131,-0.0016278361736663527
2026-02-19 15:10:00+00:00,684.4400024414062,684.8699951171875,683.97998046875,684.1500244140625,631468,6.528177227511066,-0.0003580373490645883
2026-02-19 15:15:00+00:00,684.1699829101562,685.2999877929688,684.1199951171875,684.7999877929688,895733,6.529126807001844,0.0009495794907774524
2026-02-19 15:20:00+00:00,684.7999877929688,685.3200073242188,684.1799926757812,685.27001953125,783478,6.529812949686829,0.000686142684985569
2026-02-19 15:25:00+00:00,685.2750244140625,685.2750244140625,683.8099975585938,683.9000244140625,841743,6.527811743802342,-0.002001205884487156
2026-02-19 15:30:00+00:00,683.8900146484375,685.72998046875,683.7100219726562,685.70068359375,750377,6.530441211218143,0.0026294674158009457
2026-02-19 15:35:00+00:00,685.7100219726562,685.8599853515625,685.219970703125,685.47998046875,557121,6.53011929429984,-0.000321916918303522
2026-02-19 15:40:00+00:00,685.4600219726562,685.8599853515625,685.2949829101562,685.52001953125,371162,6.530177702852009,5.8408552169098016e-05
2026-02-19 15:45:00+00:00,685.530029296875,685.8098754882812,685.1599731445312,685.4949951171875,426586,6.530141197906697,-3.65049453119326e-05
2026-02-19 15:50:00+00:00,685.510009765625,685.510009765625,684.22998046875,684.3499755859375,686453,6.528469446982456,-0.001671750924240989
2026-02-19 15:55:00+00:00,684.3400268554688,685.47998046875,684.3300170898438,685.3200073242188,467769,6.529885893152069,0.001416446169613117
2026-02-19 16:00:00+00:00,685.3200073242188,685.5999755859375,684.5501098632812,684.6400146484375,332192,6.528893174064331,-0.0009927190877379033
2026-02-19 16:05:00+00:00,684.6599731445312,684.780029296875,683.9000244140625,684.6599731445312,580601,6.528922325450109,2.9151385778192207e-05
2026-02-19 16:10:00+00:00,684.719970703125,684.97998046875,684.2899780273438,684.905029296875,308767,6.52928018528812,0.0003578598380107323
2026-02-19 16:15:00+00:00,684.9099731445312,685.760009765625,684.8400268554688,685.6099853515625,385278,6.530308931575939,0.0010287462878189046
2026-02-19 16:20:00+00:00,685.6099853515625,685.8300170898438,685.3300170898438,685.530029296875,443423,6.53019230445701,-0.00011662711892856947
2026-02-19 16:25:00+00:00,685.5399780273438,685.6500244140625,684.1099853515625,684.14501953125,604880,6.528169912008705,-0.0020223924483051547
2026-02-19 16:30:00+00:00,684.1500244140625,685.27001953125,684.1500244140625,685.2000122070312,552817,6.529710784265247,0.0015408722565419808
2026-02-19 16:35:00+00:00,685.2000122070312,685.219970703125,684.4199829101562,684.6300048828125,382748,6.528878553477475,-0.0008322307877719481
2026-02-19 16:40:00+00:00,684.6400146484375,684.739990234375,683.5599975585938,683.6300048828125,457752,6.527416842734031,-0.0014617107434444776
2026-02-19 16:45:00+00:00,683.6300048828125,684.030029296875,683.010009765625,683.239990234375,910835,6.526846174476749,-0.0005706682572812483
2026-02-19 16:50:00+00:00,683.25,684.1199951171875,682.719970703125,684.0399780273438,780002,6.528016363322965,0.0011701888462152255
2026-02-19 16:55:00+00:00,684.0599975585938,684.0900268554688,683.4199829101562,683.52001953125,556175,6.527255945466232,-0.0007604178567328645
2026-02-19 17:00:00+00:00,683.5250244140625,683.7050170898438,682.8300170898438,683.010009765625,533260,6.526509515049964,-0.0007464304162674296
2026-02-19 17:05:00+00:00,683.010009765625,683.5499877929688,682.7000122070312,683.0399780273438,626896,6.526553390840736,4.387579077125281e-05
2026-02-19 17:10:00+00:00,683.030029296875,683.6500244140625,682.9400024414062,683.5499877929688,329572,6.5272997885197155,0.0007463976789798821
2026-02-19 17:15:00+00:00,683.5499877929688,684.22998046875,683.25,684.135009765625,481123,6.528155280843431,0.0008554923237156231
2026-02-19 17:20:00+00:00,684.1199951171875,684.780029296875,683.9199829101562,684.5,486299,6.528688644728503,0.0005333638850721911
2026-02-19 17:25:00+00:00,684.4749755859375,684.5399780273438,683.7100219726562,683.9299926757812,503767,6.527855562495234,-0.0008330822332691667
2026-02-19 17:30:00+00:00,683.9149780273438,684.1400146484375,683.730712890625,683.8665771484375,236982,6.5277628359468745,-9.272654835967842e-05
2026-02-19 17:35:00+00:00,683.8599853515625,684.1300048828125,683.4500122070312,683.7899780273438,329360,6.5276508208055235,-0.00011201514135095181
2026-02-19 17:40:00+00:00,683.780029296875,684.260009765625,683.6901245117188,683.77001953125,242644,6.527621632329507,-2.918847601662833e-05
2026-02-19 17:45:00+00:00,683.77001953125,683.8250122070312,682.385009765625,682.7000122070312,641426,6.526055542304755,-0.0015660900247516096
2026-02-19 17:50:00+00:00,682.7100219726562,683.2899780273438,682.25,682.6900024414062,808178,6.526040880170833,-1.4662133922094256e-05
2026-02-19 17:55:00+00:00,682.6799926757812,683.1099853515625,682.1300048828125,682.4400024414062,571664,6.525674614684175,-0.00036626548665807945
2026-02-19 18:00:00+00:00,682.4199829101562,682.5700073242188,682.0599975585938,682.0700073242188,443257,6.525132302610819,-0.0005423120733558662
2026-02-19 18:05:00+00:00,682.0601196289062,682.6900024414062,682.0599975585938,682.6199951171875,558838,6.5259383286266335,0.000806026015814254
2026-02-19 18:10:00+00:00,682.594970703125,683.4199829101562,682.3699951171875,683.27001953125,462494,6.526890124827153,0.0009517962005194391
2026-02-19 18:15:00+00:00,683.260009765625,683.2899780273438,682.010009765625,682.0697021484375,489609,6.525131855184827,-0.0017582696423259492
2026-02-19 18:20:00+00:00,682.0399780273438,682.4600219726562,681.5474853515625,682.375,821660,6.525579360101922,0.00044750491709510953
2026-02-19 18:25:00+00:00,682.3599853515625,682.7550048828125,682.010009765625,682.4000244140625,528542,6.525616031954231,3.6671852308600705e-05
2026-02-19 18:30:00+00:00,682.3400268554688,682.780029296875,682.030029296875,682.1749877929688,424075,6.525286205273952,-0.00032982668027869977
2026-02-19 18:35:00+00:00,682.1699829101562,682.5599975585938,682.010009765625,682.5,329489,6.525762527059115,0.00047632178516288093
2026-02-19 18:40:00+00:00,682.47998046875,682.8099975585938,682.219970703125,682.7000122070312,359347,6.526055542304755,0.0002930152456404045
2026-02-19 18:45:00+00:00,682.6799926757812,683.4500122070312,682.6699829101562,683.3400268554688,576233,6.526992578814617,0.000937036509861322
2026-02-19 18:50:00+00:00,683.3300170898438,683.5499877929688,682.9500122070312,683.280029296875,453305,6.526904774514713,-8.780429990373761e-05
2026-02-19 18:55:00+00:00,683.280029296875,683.8800048828125,683.0999755859375,683.739990234375,526183,6.527577714118063,0.0006729396033504642
2026-02-19 19:00:00+00:00,683.739990234375,683.8400268554688,683.3900146484375,683.5900268554688,462641,6.527358361982685,-0.00021935213537815912
2026-02-19 19:05:00+00:00,683.5599975585938,684.0399780273438,683.4849853515625,683.989990234375,328687,6.527943283355199,0.0005849213725142022
2026-02-19 19:10:00+00:00,683.989990234375,684.02001953125,683.4600219726562,683.6950073242188,462759,6.5275119224566645,-0.0004313608985349049
2026-02-19 19:15:00+00:00,683.6900024414062,683.9949951171875,683.5900268554688,683.9500122070312,311930,6.527884833383295,0.00037291092663060965
2026-02-19 19:20:00+00:00,683.9400024414062,684.0598754882812,683.64501953125,683.9550170898438,417806,6.527892150971439,7.3175881443177104e-06
2026-02-19 19:25:00+00:00,683.9550170898438,684.0093994140625,683.0,683.2750244140625,547178,6.52689744969776,-0.0009947012736795102
2026-02-19 19:30:00+00:00,683.25,683.5650024414062,683.1500244140625,683.3499755859375,426854,6.527007137683784,0.00010968798602384311
2026-02-19 19:35:00+00:00,683.3460083007812,683.39501953125,682.02001953125,682.0499877929688,664939,6.525102951041569,-0.0019041866422151443
2026-02-19 19:40:00+00:00,682.0399780273438,682.5800170898438,681.8800048828125,682.4700927734375,866280,6.525718705986806,0.0006157549452376898
2026-02-19 19:45:00+00:00,682.47998046875,682.6849975585938,682.0900268554688,682.4600219726562,458515,6.525703949479242,-1.4756507564328558e-05
2026-02-19 19:50:00+00:00,682.469970703125,682.9000244140625,682.260009765625,682.4600219726562,537485,6.525703949479242,0.0
2026-02-19 19:55:00+00:00,682.4600219726562,682.8099975585938,682.4201049804688,682.5599975585938,471256,6.525850431706148,0.0001464822269063859
2026-02-19 20:00:00+00:00,682.530029296875,683.489990234375,682.52001953125,683.2899780273438,634110,6.526919334662258,0.0010689029561099517
2026-02-19 20:05:00+00:00,683.260009765625,683.3099975585938,682.9500122070312,683.0399780273438,963794,6.526553390840736,-0.0003659438215226629
2026-02-19 20:10:00+00:00,683.0700073242188,683.2999877929688,682.8599853515625,683.1500244140625,519396,6.5267144905219805,0.0001610996812448917
2026-02-19 20:15:00+00:00,683.1799926757812,683.25,682.6500244140625,683.239990234375,1013916,6.526846174476749,0.00013168395476892414
2026-02-19 20:20:00+00:00,683.25,683.3599853515625,682.8499755859375,682.9500122070312,863443,6.526421668322875,-0.0004245061538741268
2026-02-19 20:25:00+00:00,682.9498901367188,683.0349731445312,682.7899780273438,682.9000244140625,474259,6.52634847171761,-7.319660526494687e-05
2026-02-19 20:30:00+00:00,682.8900146484375,683.6099853515625,682.8001098632812,683.2949829101562,1047607,6.526926659318911,0.0005781876013006837
2026-02-19 20:35:00+00:00,683.3200073242188,683.489990234375,683.0750122070312,683.2050170898438,582261,6.526794985962976,-0.00013167335593511353
2026-02-19 20:40:00+00:00,683.2100219726562,683.4099731445312,682.9099731445312,683.3250122070312,684211,6.526970606132198,0.00017562016922223478
2026-02-19 20:45:00+00:00,683.3300170898438,684.0,683.239990234375,683.8599853515625,1381698,6.527753196890274,0.0007825907580754077
2026-02-19 20:50:00+00:00,683.8499755859375,684.0599975585938,683.5349731445312,683.9500122070312,1262028,6.527884833383295,0.00013163649302150304
2026-02-19 20:55:00+00:00,683.9400024414062,684.5900268554688,683.719970703125,684.510009765625,2690499,6.528703268092181,0.0008184347088855404
2026-02-20 14:30:00+00:00,682.3200073242188,683.469970703125,681.739990234375,683.3200073242188,3783108,6.526963281797435,-0.001739986294746032
2026-02-20 14:35:00+00:00,683.3300170898438,684.530029296875,682.97998046875,683.8599853515625,1579704,6.527753196890274,0.0007899150928389886
2026-02-20 14:40:00+00:00,683.885009765625,685.3499755859375,683.5499877929688,684.739990234375,964977,6.529039189904724,0.0012859930144504261
2026-02-20 14:45:00+00:00,684.77001953125,685.1599731445312,684.010009765625,684.1099853515625,721053,6.528118701993657,-0.000920487911066914
2026-02-20 14:50:00+00:00,684.0999755859375,684.4199829101562,683.4500122070312,684.10498046875,1171201,6.528111386063138,-7.315930519169456e-06
2026-02-20 14:55:00+00:00,684.1500244140625,685.0399780273438,683.8200073242188,684.8499755859375,931733,6.529199800532056,0.001088414468918053
2026-02-20 15:00:00+00:00,684.8900146484375,689.4000244140625,684.75,686.9260864257812,3793602,6.532226697534367,0.0030268970023108466
2026-02-20 15:05:00+00:00,686.9400024414062,687.1799926757812,684.5499877929688,687.0900268554688,2321285,6.5324653270946476,0.00023862956028075644
2026-02-20 15:10:00+00:00,687.1199951171875,688.0,685.3400268554688,685.4199829101562,1499928,6.530031764122242,-0.0024335629724054897
2026-02-20 15:15:00+00:00,685.4400024414062,687.27001953125,684.1900024414062,686.5900268554688,1567062,6.531737355510973,0.0017055913887311647
2026-02-20 15:20:00+00:00,686.5999755859375,687.97998046875,686.4299926757812,687.385009765625,1199997,6.532894557028732,0.001157201517758999
2026-02-20 15:25:00+00:00,687.3900146484375,688.0800170898438,686.3099975585938,686.7999877929688,946444,6.532043111249542,-0.0008514457791903851
2026-02-20 15:30:00+00:00,686.7999877929688,687.3699951171875,685.510009765625,686.0499877929688,1005000,6.530950493573974,-0.0010926176755674533
2026-02-20 15:35:00+00:00,686.0700073242188,687.469970703125,685.6400146484375,687.22998046875,830813,6.5326689967101945,0.0017185031362201286
2026-02-20 15:40:00+00:00,687.260009765625,688.1799926757812,686.0,688.0499877929688,883168,6.533861491969802,0.0011924952596071847
2026-02-20 15:45:00+00:00,688.0700073242188,688.719970703125,687.3499755859375,688.1599731445312,952959,6.53402133001039,0.00015983804058805617
2026-02-20 15:50:00+00:00,688.1699829101562,689.0599975585938,687.5900268554688,688.8499755859375,1025124,6.535023505048838,0.0010021750384483497
2026-02-20 15:55:00+00:00,688.8400268554688,689.1699829101562,688.5,688.8300170898438,1162963,6.534994530982,-2.8974066838216572e-05
2026-02-20 16:00:00+00:00,688.8200073242188,689.239990234375,688.3400268554688,688.9099731445312,903901,6.535110599406149,0.00011606842414924046
2026-02-20 16:05:00+00:00,688.9099731445312,688.9099731445312,688.2700805664062,688.3699951171875,570028,6.53432647698013,-0.0007841224260189961
2026-02-20 16:10:00+00:00,688.3599853515625,688.8300170898438,687.9500122070312,688.0499877929688,699120,6.533861491969802,-0.00046498501032843365
2026-02-20 16:15:00+00:00,688.1199951171875,688.27001953125,687.0,687.6799926757812,2293636,6.533323602803525,-0.0005378891662770613
2026-02-20 16:20:00+00:00,687.6599731445312,687.6900024414062,686.6799926757812,686.9600219726562,5225499,6.532276098349579,-0.0010475044539459688
2026-02-20 16:25:00+00:00,686.9600219726562,687.030029296875,686.0900268554688,686.1495971679688,1395542,6.531095675625138,-0.001180422724440966
2026-02-20 16:30:00+00:00,686.1300048828125,687.489990234375,685.8900146484375,687.2999877929688,1722209,6.5327708603667105,0.0016751847415727994
2026-02-20 16:35:00+00:00,687.2999877929688,688.130126953125,686.739990234375,688.1099853515625,590177,6.533948687586304,0.0011778272195934747
2026-02-20 16:40:00+00:00,688.1199951171875,688.8800048828125,687.8300170898438,688.4600219726562,1684181,6.534457251083657,0.000508563497352732
2026-02-20 16:45:00+00:00,688.4600219726562,689.0999755859375,688.39501953125,688.989990234375,807351,6.535226742946407,0.0007694918627505487
2026-02-20 16:50:00+00:00,688.989990234375,689.1500244140625,688.4600219726562,688.9199829101562,861926,6.535125129160828,-0.00010161378557960177
2026-02-20 16:55:00+00:00,688.9099731445312,689.0599975585938,688.3800048828125,688.5700073242188,696534,6.534616993935238,-0.0005081352255897897
2026-02-20 17:00:00+00:00,688.5700073242188,688.8699951171875,687.85498046875,687.8699951171875,673547,6.5335998594925595,-0.001017134442678369
2026-02-20 17:05:00+00:00,687.8900146484375,687.9600219726562,687.0399780273438,687.0999755859375,443488,6.532479806504993,-0.0011200529875665666
2026-02-20 17:10:00+00:00,687.1099853515625,687.1400146484375,686.0850219726562,686.1099853515625,1356001,6.531037943375464,-0.0014418631295285422
2026-02-20 17:15:00+00:00,686.1099853515625,686.1099853515625,684.8699951171875,685.0599975585938,1447347,6.529506422103428,-0.0015315212720361515
2026-02-20 17:20:00+00:00,685.0599975585938,685.2999877929688,684.2000122070312,684.22998046875,838001,6.5282940898658115,-0.0012123322376167422
2026-02-20 17:25:00+00:00,684.239990234375,685.25,684.0800170898438,685.2291870117188,1123568,6.529753361882111,0.0014592720162998063
2026-02-20 17:30:00+00:00,685.2349853515625,686.1149291992188,685.0599975585938,685.760009765625,751787,6.530527726525799,0.0007743646436875196
2026-02-20 17:35:00+00:00,685.77001953125,686.0900268554688,684.9700927734375,685.9199829101562,755130,6.530760977934452,0.00023325140865360083
2026-02-20 17:40:00+00:00,685.9299926757812,686.1799926757812,685.280029296875,686.011474609375,621771,6.530894354421817,0.00013337648736477803
2026-02-20 17:45:00+00:00,686.030029296875,686.9299926757812,685.75,686.8300170898438,772139,6.532086833790215,0.0011924793683979473
2026-02-20 17:50:00+00:00,686.8200073242188,687.6799926757812,686.3900146484375,687.3800048828125,1003813,6.532887275954863,0.0008004421646479187
2026-02-20 17:55:00+00:00,687.3699951171875,687.7100219726562,686.1300048828125,687.47998046875,1023283,6.533032709798569,0.00014543384370568901
2026-02-20 18:00:00+00:00,687.4299926757812,687.7899780273438,686.989990234375,687.0399780273438,797372,6.53239248270879,-0.0006402270897787332
2026-02-20 18:05:00+00:00,687.0599975585938,687.7999877929688,686.9199829101562,687.25,438834,6.5326981270453555,0.000305644336565436
2026-02-20 18:10:00+00:00,687.27001953125,687.27001953125,686.6900024414062,687.0999755859375,460657,6.532479806504993,-0.00021832054036252657
2026-02-20 18:15:00+00:00,687.0900268554688,687.0999755859375,686.3599853515625,686.7100219726562,340091,6.531912109917478,-0.0005676965875149875
2026-02-20 18:20:00+00:00,686.719970703125,687.1699829101562,685.717529296875,686.9229736328125,1200522,6.5322221660424304,0.0003100561249524958
2026-02-20 18:25:00+00:00,686.9600219726562,687.0999755859375,686.0499877929688,686.5599975585938,980491,6.531693617687216,-0.000528548355214653
2026-02-20 18:30:00+00:00,686.5399780273438,688.8099975585938,685.760009765625,687.8300170898438,2092301,6.5335417392236055,0.0018481215363896908
2026-02-20 18:35:00+00:00,687.8499755859375,688.4600219726562,686.3599853515625,687.760009765625,2666718,6.533439954065364,-0.00010178515824144085
2026-02-20 18:40:00+00:00,687.77001953125,689.02001953125,687.72998046875,688.7000122070312,1056693,6.534805780275397,0.0013658262100326723
2026-02-20 18:45:00+00:00,688.7000122070312,690.0599975585938,688.6599731445312,689.0900268554688,1978262,6.53537192554833,0.000566145272933305
2026-02-20 18:50:00+00:00,689.0999755859375,689.5399780273438,688.27001953125,689.3800048828125,912734,6.535792650010878,0.0004207244625478168
2026-02-20 18:55:00+00:00,689.4099731445312,689.5800170898438,689.0,689.2999877929688,554110,6.5356765721822905,-0.0001160778285873576
2026-02-20 19:00:00+00:00,689.2999877929688,689.7899780273438,689.22998046875,689.469970703125,786216,6.535923144005197,0.00024657182290610535
2026-02-20 19:05:00+00:00,689.489990234375,689.5,688.8099975585938,689.1099853515625,650437,6.535400888682735,-0.000522255322461973
2026-02-20 19:10:00+00:00,689.1199951171875,689.1699829101562,688.4199829101562,688.52001953125,850160,6.534544394770309,-0.0008564939124253712
2026-02-20 19:15:00+00:00,688.52001953125,688.618896484375,688.239990234375,688.4099731445312,411753,6.534384551659129,-0.0001598431111800025
2026-02-20 19:20:00+00:00,688.4199829101562,689.0,688.2899780273438,688.7100219726562,618521,6.534820314459665,0.00043576280053603256
2026-02-20 19:25:00+00:00,688.7100219726562,688.8099975585938,688.25,688.5800170898438,618991,6.534631530863601,-0.00018878359606411266
2026-02-20 19:30:00+00:00,688.5800170898438,689.1199951171875,688.5599975585938,688.77001953125,496135,6.534907426514757,0.000275895651156155
2026-02-20 19:35:00+00:00,688.77001953125,688.8800048828125,688.3900146484375,688.4500122070312,383676,6.534442711621562,-0.0004647148931953282
2026-02-20 19:40:00+00:00,688.4500122070312,688.6900024414062,687.9600219726562,688.0399780273438,651356,6.533846943843046,-0.0005957677785159987
2026-02-20 19:45:00+00:00,688.0499877929688,688.22998046875,687.8099975585938,688.0599975585938,675407,6.533876039884913,2.9096041867404665e-05
2026-02-20 19:50:00+00:00,688.0499877929688,688.6500244140625,687.969970703125,688.1199951171875,1004037,6.5339632342329645,8.719434805115611e-05
2026-02-20 19:55:00+00:00,688.1199951171875,688.4099731445312,687.8800048828125,688.0499877929688,366472,6.533861491969802,-0.00010174226316284063
2026-02-20 20:00:00+00:00,688.0599975585938,688.8300170898438,688.0050048828125,688.6102905273438,597912,6.5346754949219275,0.0008140029521257475
2026-02-20 20:05:00+00:00,688.6099853515625,689.3200073242188,688.5999755859375,689.0399780273438,1230173,6.535299292592121,0.0006237976701939374
2026-02-20 20:10:00+00:00,689.0399780273438,689.1849975585938,688.760009765625,689.1199951171875,686491,6.535415414220224,0.0001161216281024835
2026-02-20 20:15:00+00:00,689.1199951171875,689.1799926757812,688.5399780273438,688.5800170898438,553120,6.534631530863601,-0.0007838833566227166
2026-02-20 20:20:00+00:00,688.5999755859375,688.6799926757812,688.280029296875,688.47998046875,628624,6.534486240721637,-0.00014529014196451584
2026-02-20 20:25:00+00:00,688.4849853515625,688.5700073242188,688.0999755859375,688.3599853515625,753615,6.534311935616511,-0.00017430510512550512
2026-02-20 20:30:00+00:00,688.3599853515625,688.719970703125,688.2999877929688,688.4500122070312,700089,6.534442711621562,0.00013077600505084774
2026-02-20 20:35:00+00:00,688.4600219726562,688.7449951171875,688.27001953125,688.7000122070312,595695,6.534805780275397,0.0003630686538347305
2026-02-20 20:40:00+00:00,688.6900024414062,689.0800170898438,688.5650024414062,689.0798950195312,862818,6.535357222229418,0.0005514419540215698
2026-02-20 20:45:00+00:00,689.0700073242188,689.1199951171875,688.719970703125,688.7349853515625,2327172,6.534856560376963,-0.0005006618524552309
2026-02-20 20:50:00+00:00,688.739990234375,688.9949951171875,688.3499755859375,688.8300170898438,1965587,6.534994530982,0.00013797060503684122
2026-02-20 20:55:00+00:00,688.8400268554688,689.5,688.6300048828125,689.3499755859375,4240243,6.535749089201575,0.0007545582195751521
2026-02-23 14:30:00+00:00,687.8300170898438,689.7598876953125,687.6799926757812,689.3900146484375,3345228,6.5358071698589795,5.8080657404424585e-05
2026-02-23 14:35:00+00:00,689.3699951171875,690.0,688.8900756835938,689.5700073242188,1873508,6.53606822554433,0.0002610556853506196
2026-02-23 14:40:00+00:00,689.5599975585938,689.5700073242188,687.4400024414062,687.5399780273438,2075365,6.5331199777080435,-0.002948247836286555
2026-02-23 14:45:00+00:00,687.5499877929688,687.8900146484375,686.760009765625,686.9000244140625,1907581,6.532188756762218,-0.0009312209458256504
2026-02-23 14:50:00+00:00,686.9000244140625,688.1400146484375,686.8599853515625,687.1500244140625,1483015,6.532552644530312,0.00036388776809381795
2026-02-23 14:55:00+00:00,687.0800170898438,687.25,686.2999877929688,686.530029296875,1322263,6.531649966854223,-0.0009026776760885369
2026-02-23 15:00:00+00:00,686.5,687.22998046875,685.219970703125,685.280029296875,1447051,6.529827556618746,-0.0018224102354773564
2026-02-23 15:05:00+00:00,685.280029296875,685.7100219726562,684.6599731445312,684.9299926757812,1621624,6.529316632566089,-0.000510924052656847
2026-02-23 15:10:00+00:00,684.9400024414062,685.6699829101562,684.530029296875,684.77001953125,1490408,6.5290830439790515,-0.00023358858703748098
2026-02-23 15:15:00+00:00,684.760009765625,685.0399780273438,684.510009765625,684.9550170898438,1333776,6.529353167623976,0.0002701236449249578
2026-02-23 15:20:00+00:00,684.9550170898438,685.5599975585938,684.4212036132812,684.7999877929688,1258621,6.529126807001844,-0.00022636062213265973
2026-02-23 15:25:00+00:00,684.8300170898438,684.8599853515625,684.2799072265625,684.510009765625,893982,6.528703268092181,-0.0004235389096631792
2026-02-23 15:30:00+00:00,684.5,685.0050048828125,683.969970703125,684.02001953125,1242847,6.527987185514783,-0.0007160825773979695
2026-02-23 15:35:00+00:00,684.0250244140625,684.5,683.639892578125,684.0999755859375,1176891,6.528104070079095,0.00011688456431269145
2026-02-23 15:40:00+00:00,684.0900268554688,684.25,683.4099731445312,683.6799926757812,947519,6.527489961182781,-0.0006141088963147467
2026-02-23 15:45:00+00:00,683.6699829101562,683.9450073242188,683.3699951171875,683.5549926757812,1027741,6.527307110390214,-0.00018285079256674663
2026-02-23 15:50:00+00:00,683.5599975585938,683.8699951171875,682.6699829101562,682.7999877929688,1319706,6.526201973042384,-0.0011051373478299098
2026-02-23 15:55:00+00:00,682.7999877929688,682.9149780273438,682.1799926757812,682.260009765625,1378983,6.525410831178328,-0.0007911418640560441
2026-02-23 16:00:00+00:00,682.27001953125,682.510009765625,680.85498046875,681.3099975585938,1731113,6.524017411910315,-0.001393419268012508
2026-02-23 16:05:00+00:00,681.3200073242188,681.3980102539062,680.75,680.9199829101562,1354738,6.523444799848202,-0.0005726120621130093
2026-02-23 16:10:00+00:00,680.9400024414062,681.4099731445312,680.5800170898438,680.7000122070312,1206548,6.523121698386961,-0.00032310146124103767
2026-02-23 16:15:00+00:00,680.6900024414062,681.6199951171875,680.3709716796875,681.5700073242188,1391522,6.52439897120805,0.00127727282108836
2026-02-23 16:20:00+00:00,681.5599975585938,682.1400146484375,681.4600219726562,681.7899780273438,1415657,6.524721660310557,0.00032268910250721206
2026-02-23 16:25:00+00:00,681.780029296875,682.9099731445312,681.7449951171875,682.8699951171875,1210245,6.52630449755439,0.001582837243833346
2026-02-23 16:30:00+00:00,682.8800048828125,683.0850219726562,682.510009765625,682.6599731445312,1041052,6.525996892479154,-0.0003076050752364168
2026-02-23 16:35:00+00:00,682.6500244140625,682.97998046875,682.4000244140625,682.4849853515625,792069,6.525740527332233,-0.000256365146920956
2026-02-23 16:40:00+00:00,682.469970703125,682.7449951171875,682.2100219726562,682.4000244140625,720949,6.525616031954231,-0.00012449537800218735
2026-02-23 16:45:00+00:00,682.39501953125,682.5700073242188,681.780029296875,682.1203002929688,651698,6.525206035679427,-0.0004099962748034258
2026-02-23 16:50:00+00:00,682.0999755859375,682.625,681.969970703125,682.1900024414062,693126,6.525308214997956,0.000102179318528961
2026-02-23 16:55:00+00:00,682.2000122070312,682.3200073242188,681.7899780273438,681.9600219726562,524159,6.524971037316891,-0.0003371776810654481
2026-02-23 17:00:00+00:00,681.969970703125,682.4600219726562,681.7899780273438,682.0800170898438,648628,6.5251469780723825,0.0001759407554917658
2026-02-23 17:05:00+00:00,682.0499877929688,682.469970703125,681.9299926757812,682.0599975585938,493360,6.525117626933883,-2.9351138499222884e-05
2026-02-23 17:10:00+00:00,682.0399780273438,682.260009765625,681.5900268554688,681.77001953125,370903,6.524692386210216,-0.0004252407236675637
2026-02-23 17:15:00+00:00,681.77001953125,682.2650146484375,681.72998046875,681.8201293945312,454714,6.524765883167264,7.349695704839121e-05
2026-02-23 17:20:00+00:00,681.8300170898438,682.239990234375,681.739990234375,681.8499755859375,314164,6.524809656498221,4.3773330957286305e-05
2026-02-23 17:25:00+00:00,681.8499755859375,682.0800170898438,681.6699829101562,681.6900024414062,377878,6.5245750126332185,-0.000234643865002937
2026-02-23 17:30:00+00:00,681.7000122070312,681.739990234375,681.27001953125,681.3499755859375,406975,6.524076088363933,-0.000498924269285439
2026-02-23 17:35:00+00:00,681.3499755859375,681.3599853515625,680.6099853515625,680.6199951171875,822318,6.523004140297012,-0.0010719480669214576
2026-02-23 17:40:00+00:00,680.6300048828125,681.7000122070312,680.5900268554688,681.1599731445312,1036823,6.523797187732323,0.0007930474353115002
2026-02-23 17:45:00+00:00,681.1599731445312,681.5349731445312,680.97998046875,681.1099853515625,598001,6.523723798764623,-7.338896770026082e-05
2026-02-23 17:50:00+00:00,681.0999755859375,682.1699829101562,681.0700073242188,681.9550170898438,579348,6.52496369832191,0.0012398995572873162
2026-02-23 17:55:00+00:00,681.9550170898438,682.3499755859375,681.7899780273438,682.0449829101562,705685,6.525095613014642,0.0001319146927318826
2026-02-23 18:00:00+00:00,682.0399780273438,682.5089721679688,681.9400024414062,682.4199829101562,478052,6.525645279028553,0.0005496660139110432
2026-02-23 18:05:00+00:00,682.4099731445312,682.9000244140625,682.3599853515625,682.8800048828125,613515,6.526319155823657,0.0006738767951040003
2026-02-23 18:10:00+00:00,682.8699951171875,683.1900024414062,682.6400146484375,683.0800170898438,600757,6.526612008037841,0.0002928522141836254
2026-02-23 18:15:00+00:00,683.0900268554688,683.4099731445312,682.97998046875,683.1400146484375,604174,6.526699838046534,8.783000869350133e-05
2026-02-23 18:20:00+00:00,683.1500244140625,683.7899780273438,683.0700073242188,683.739990234375,614536,6.527577714118063,0.0008778760715291156
2026-02-23 18:25:00+00:00,683.719970703125,683.9500122070312,683.5700073242188,683.8098754882812,613984,6.527679919172107,0.00010220505404401337
2026-02-23 18:30:00+00:00,683.8099975585938,683.8200073242188,683.4199829101562,683.7000122070312,491024,6.527519242774116,-0.00016067639799111078
2026-02-23 18:35:00+00:00,683.7100219726562,683.9099731445312,683.3699951171875,683.385009765625,612092,6.527058404652246,-0.00046083812187003304
2026-02-23 18:40:00+00:00,683.4000244140625,683.5399780273438,682.85498046875,683.0250244140625,464116,6.526531497866016,-0.0005269067862299082
2026-02-23 18:45:00+00:00,683.030029296875,683.4000244140625,682.8200073242188,683.2150268554688,542588,6.526809637044346,0.0002781391783299725
2026-02-23 18:50:00+00:00,683.219970703125,683.280029296875,682.489990234375,682.52001953125,452630,6.525791859275441,-0.0010177777689053258
2026-02-23 18:55:00+00:00,682.510009765625,682.5999755859375,681.8699951171875,682.010009765625,717720,6.525044334811452,-0.0007475244639891798
2026-02-23 19:00:00+00:00,682.02001953125,682.280029296875,681.7520141601562,681.8099975585938,760028,6.524751023073258,-0.00029331173819358014
2026-02-23 19:05:00+00:00,681.8099975585938,682.135009765625,681.72998046875,681.9000854492188,601216,6.524883144837083,0.00013212176382459973
2026-02-23 19:10:00+00:00,681.9099731445312,682.1500244140625,681.6950073242188,681.8599853515625,705011,6.524824336695495,-5.8808141587540774e-05
2026-02-23 19:15:00+00:00,681.8599853515625,682.0850219726562,681.6099853515625,681.760009765625,466009,6.52467770407574,-0.00014663261975478292
2026-02-23 19:20:00+00:00,681.75,681.905029296875,681.5499877929688,681.7449951171875,640791,6.524655680469836,-2.202360590430885e-05
2026-02-23 19:25:00+00:00,681.7449951171875,681.8800048828125,681.1699829101562,681.27001953125,1034955,6.52395873201357,-0.000696948456266
2026-02-23 19:30:00+00:00,681.2550048828125,681.6599731445312,681.219970703125,681.3099975585938,553337,6.524017411910315,5.8679896745239546e-05
2026-02-23 19:35:00+00:00,681.2999877929688,681.3200073242188,680.9500122070312,681.1300048828125,548773,6.523753190841489,-0.00026422106882595386
2026-02-23 19:40:00+00:00,681.1400146484375,681.1599731445312,680.5399780273438,680.8599853515625,631225,6.523356683471063,-0.00039650737042684625
2026-02-23 19:45:00+00:00,680.8599853515625,681.5,680.77001953125,681.3699951171875,859241,6.5241054700882515,0.0007487866171889124
2026-02-23 19:50:00+00:00,681.3599853515625,681.4600219726562,681.0899047851562,681.1599731445312,576541,6.523797187732323,-0.00030828235592839093
2026-02-23 19:55:00+00:00,681.1500244140625,681.530029296875,680.9500122070312,681.0599975585938,710426,6.523650404410588,-0.00014678332173545527
2026-02-23 20:00:00+00:00,681.0599975585938,681.4299926757812,680.97998046875,681.2000122070312,611179,6.523855966708426,0.00020556229783874613
2026-02-23 20:05:00+00:00,681.2000122070312,681.3400268554688,680.8099975585938,680.9000244140625,1116611,6.523415488344497,-0.000440478363929131
2026-02-23 20:10:00+00:00,680.905029296875,681.02001953125,680.6500244140625,680.719970703125,771871,6.523151018503231,-0.0002644698412659352
2026-02-23 20:15:00+00:00,680.719970703125,681.1900024414062,680.7150268554688,680.9749755859375,638030,6.523525558904499,0.000374540401267609
2026-02-23 20:20:00+00:00,680.969970703125,681.0999755859375,680.760009765625,681.0999755859375,480499,6.523709102402224,0.00018354349772486955
2026-02-23 20:25:00+00:00,681.0900268554688,681.52001953125,681.030029296875,681.3499755859375,856541,6.524076088363933,0.0003669859617092541
2026-02-23 20:30:00+00:00,681.3400268554688,682.25,681.2999877929688,682.08349609375,2097732,6.525152078639687,0.0010759902757540019
2026-02-23 20:35:00+00:00,682.0800170898438,682.0800170898438,681.489990234375,681.625,952665,6.5244796532462255,-0.0006724253934615732
2026-02-23 20:40:00+00:00,681.6199951171875,681.780029296875,681.1400146484375,681.655029296875,833495,6.5245237077269405,4.405448071498341e-05
2026-02-23 20:45:00+00:00,681.655029296875,681.989990234375,681.35498046875,681.9329833984375,1725089,6.524931388203484,0.00040768047654360373
2026-02-23 20:50:00+00:00,681.9400024414062,682.25,680.9600219726562,681.0599975585938,4555936,6.523650404410588,-0.0012809837928964285
2026-02-23 20:55:00+00:00,681.0549926757812,682.469970703125,680.9000244140625,682.4099731445312,5574714,6.525630610878018,0.0019802064674303566
2026-02-24 14:30:00+00:00,681.9000244140625,682.217529296875,680.5499877929688,680.7899780273438,3614177,6.5232538562744065,-0.0023767546036115306
2026-02-24 14:35:00+00:00,680.780029296875,682.530029296875,680.0,682.2789916992188,2206600,6.525438652931425,0.0021847966570183175
2026-02-24 14:40:00+00:00,682.27001953125,684.3800048828125,682.1900024414062,684.3200073242188,1753819,6.528425655181513,0.0029870022500881888
2026-02-24 14:45:00+00:00,684.3400268554688,685.4600219726562,684.02001953125,684.8699951171875,1929663,6.529229032100084,0.0008033769185713524
2026-02-24 14:50:00+00:00,684.8800048828125,684.969970703125,683.9299926757812,684.1199951171875,1320953,6.528133333694128,-0.001095698405956469
2026-02-24 14:55:00+00:00,684.1199951171875,684.1300048828125,682.7999877929688,683.1500244140625,1490247,6.5267144905219805,-0.001418843172147355
2026-02-24 15:00:00+00:00,683.1799926757812,683.3099975585938,682.030029296875,682.6900024414062,1141100,6.526040880170833,-0.0006736103511473246
2026-02-24 15:05:00+00:00,682.6599731445312,684.02001953125,682.6099853515625,683.9000244140625,1189015,6.527811743802342,0.0017708636315090232
2026-02-24 15:10:00+00:00,683.8699951171875,684.22998046875,682.969970703125,683.239990234375,1056459,6.526846174476749,-0.0009655693255927744
2026-02-24 15:15:00+00:00,683.2100219726562,684.3599853515625,683.0,684.1500244140625,808245,6.528177227511066,0.0013310530343169091
2026-02-24 15:20:00+00:00,684.1500244140625,685.2100219726562,684.0399780273438,685.1699829101562,1195647,6.529666957711854,0.0014897302007872426
2026-02-24 15:25:00+00:00,685.1799926757812,686.3900146484375,684.9401245117188,686.3350219726562,1510007,6.5313658787344915,0.0016989210226379114
2026-02-24 15:30:00+00:00,686.3200073242188,686.5120239257812,685.9349975585938,686.1400146484375,1343418,6.531081709885765,-0.0002841688487267291
2026-02-24 15:35:00+00:00,686.1400146484375,686.1749877929688,685.6400146484375,685.905029296875,961386,6.53073917688381,-0.00034253300195441483
2026-02-24 15:40:00+00:00,685.9000244140625,686.5449829101562,685.77001953125,686.2700805664062,588842,6.531271253694589,0.0005320768107788254
2026-02-24 15:45:00+00:00,686.280029296875,686.3099975585938,685.7999877929688,686.0449829101562,791918,6.530943198331416,-0.000328055363173263
2026-02-24 15:50:00+00:00,686.02001953125,686.0399780273438,685.4500122070312,685.614990234375,625508,6.530316231447078,-0.0006269668843374987
2026-02-24 15:55:00+00:00,685.60498046875,685.8099975585938,685.1799926757812,685.3699951171875,866822,6.529958831296948,-0.00035740015013008275
2026-02-24 16:00:00+00:00,685.3699951171875,686.1500244140625,685.2921142578125,686.0507202148438,706937,6.530951561165983,0.0009927298690346475
2026-02-24 16:05:00+00:00,686.0599975585938,686.3200073242188,685.8499755859375,686.1500244140625,616515,6.531096298296874,0.00014473713089113716
2026-02-24 16:10:00+00:00,686.1300048828125,686.8699951171875,685.9299926757812,686.5999755859375,886993,6.531751845465679,0.00065554716880456
2026-02-24 16:15:00+00:00,686.5900268554688,686.7449951171875,686.02001953125,686.2100219726562,599871,6.531183735349257,-0.0005681101164221047
2026-02-24 16:20:00+00:00,686.2100219726562,686.219970703125,685.7849731445312,685.989990234375,634671,6.530863036124348,-0.0003206992249085161
2026-02-24 16:25:00+00:00,686.010009765625,686.2349853515625,685.89501953125,686.0900268554688,292551,6.531008853598585,0.00014581747423658697
2026-02-24 16:30:00+00:00,686.0999755859375,686.1300048828125,685.1500244140625,685.27001953125,605037,6.529812949686829,-0.0011959039117552805
2026-02-24 16:35:00+00:00,685.27001953125,685.8400268554688,685.219970703125,685.739990234375,623664,6.5304985328965595,0.0006855832097301118
2026-02-24 16:40:00+00:00,685.72998046875,686.1500244140625,685.4600219726562,685.5806274414062,566225,6.53026611052701,-0.00023242236954956752
2026-02-24 16:45:00+00:00,685.5700073242188,686.0700073242188,685.52001953125,685.875,345192,6.53069539537914,0.0004292848521298964
2026-02-24 16:50:00+00:00,685.8699951171875,686.530029296875,685.7050170898438,686.4199829101562,528940,6.531489660381335,0.0007942650021952602
2026-02-24 16:55:00+00:00,686.4249877929688,686.7000122070312,686.280029296875,686.469970703125,542491,6.531562481648414,7.282126707863767e-05
2026-02-24 17:00:00+00:00,686.4600219726562,686.8200073242188,686.4000244140625,686.5700073242188,508007,6.531708197174358,0.0001457155259441123
2026-02-24 17:05:00+00:00,686.5800170898438,687.0499877929688,686.5800170898438,687.02001953125,414156,6.532363432309054,0.0006552351346957863
2026-02-24 17:10:00+00:00,687.030029296875,687.5499877929688,687.030029296875,687.25,1049472,6.5326981270453555,0.00033469473630187707
2026-02-24 17:15:00+00:00,687.239990234375,687.5999755859375,687.1599731445312,687.3200073242188,640704,6.532799987734744,0.00010186068938811133
2026-02-24 17:20:00+00:00,687.3200073242188,687.5599975585938,687.3200073242188,687.4500122070312,483290,6.5329891173802155,0.00018912964547190825
2026-02-24 17:25:00+00:00,687.4600219726562,687.7999877929688,687.4249877929688,687.5300903320312,462735,6.533105596338628,0.0001164789584127135
2026-02-24 17:30:00+00:00,687.530029296875,687.6400146484375,687.3300170898438,687.4401245117188,403020,6.532974734128713,-0.00013086220991542774
2026-02-24 17:35:00+00:00,687.4500122070312,687.5050048828125,687.2835083007812,687.405029296875,441120,6.532923680794082,-5.105333463095718e-05
2026-02-24 17:40:00+00:00,687.405029296875,687.47998046875,687.1199951171875,687.1599731445312,432365,6.532567122676416,-0.00035655811766588386
2026-02-24 17:45:00+00:00,687.1599731445312,687.5999755859375,686.9619750976562,687.510009765625,475855,6.533076389093827,0.0005092664174108918
2026-02-24 17:50:00+00:00,687.510009765625,687.6599731445312,687.3314208984375,687.386474609375,310963,6.532896688064715,-0.00017970102911224473
2026-02-24 17:55:00+00:00,687.3800048828125,687.4940185546875,687.239990234375,687.3699951171875,248139,6.5328727136480795,-2.3974416635041962e-05
2026-02-24 18:00:00+00:00,687.3599853515625,688.0999755859375,687.3099975585938,687.9600219726562,389036,6.533730728647148,0.0008580149990686792
2026-02-24 18:05:00+00:00,687.9600219726562,687.9600219726562,687.5399780273438,687.5650024414062,406168,6.533156374076933,-0.000574354570215263
2026-02-24 18:10:00+00:00,687.5650024414062,687.6599731445312,687.3900146484375,687.4899291992188,357714,6.533047180995937,-0.00010919308099577307
2026-02-24 18:15:00+00:00,687.4749755859375,687.510009765625,687.25,687.2899780273438,227674,6.5327562963645365,-0.00029088463140070075
2026-02-24 18:20:00+00:00,687.2899780273438,687.3800048828125,687.0700073242188,687.094970703125,384304,6.532472522410656,-0.0002837739538801287
2026-02-24 18:25:00+00:00,687.0999755859375,687.2249755859375,686.9400024414062,687.030029296875,343785,6.532378002033983,-9.452037667312396e-05
2026-02-24 18:30:00+00:00,687.0399780273438,687.3400268554688,686.905029296875,687.22998046875,486832,6.5326689967101945,0.00029099467621129804
2026-02-24 18:35:00+00:00,687.2100219726562,687.75,687.0800170898438,687.6900024414062,572347,6.53333815854585,0.0006691618356553519
2026-02-24 18:40:00+00:00,687.6799926757812,687.8300170898438,687.5399780273438,687.72998046875,437428,6.533396290647828,5.813210197835872e-05
2026-02-24 18:45:00+00:00,687.739990234375,687.875,687.4600219726562,687.64501953125,347405,6.53327274479654,-0.00012354585128804274
2026-02-24 18:50:00+00:00,687.6400146484375,687.8400268554688,687.6400146484375,687.719970703125,270084,6.533381735751641,0.00010899095510108481
2026-02-24 18:55:00+00:00,687.739990234375,687.8099975585938,687.4500122070312,687.4598999023438,334911,6.533003500424844,-0.00037823532679759353
2026-02-24 19:00:00+00:00,687.4500122070312,687.5999755859375,687.3599853515625,687.4000244140625,737915,6.532916399932263,-8.710049258109365e-05
2026-02-24 19:05:00+00:00,687.4000244140625,687.469970703125,687.1500244140625,687.239990234375,528071,6.532683561983847,-0.00023283794841599814
2026-02-24 19:10:00+00:00,687.239990234375,687.3400268554688,686.7000122070312,687.1799926757812,570154,6.53259625597931,-8.730600453699111e-05
2026-02-24 19:15:00+00:00,687.1699829101562,687.1900024414062,686.6500244140625,686.8900146484375,689648,6.532174184279756,-0.000422071699553328
2026-02-24 19:20:00+00:00,686.8800048828125,686.9799194335938,686.6500244140625,686.7899780273438,414257,6.532028536644493,-0.00014564763526347946
2026-02-24 19:25:00+00:00,686.780029296875,687.0900268554688,686.6950073242188,686.8900146484375,858367,6.532174184279756,0.00014564763526347946
2026-02-24 19:30:00+00:00,686.8900146484375,687.1199951171875,686.8300170898438,686.8712158203125,374914,6.532146815872919,-2.7368406837702253e-05
2026-02-24 19:35:00+00:00,686.8800048828125,687.030029296875,686.780029296875,687.0050048828125,347162,6.532341577323633,0.000194761450714509
2026-02-24 19:40:00+00:00,687.0,687.3400268554688,686.9400024414062,687.1799926757812,388229,6.53259625597931,0.00025467865567652126
2026-02-24 19:45:00+00:00,687.2000122070312,687.344970703125,687.0050048828125,687.1849975585938,370264,6.532603539172418,7.283193108165165e-06
2026-02-24 19:50:00+00:00,687.1900024414062,687.6900024414062,687.1699829101562,687.2100219726562,668731,6.532639954342307,3.6415169889281174e-05
2026-02-24 19:55:00+00:00,687.2100219726562,687.3300170898438,687.0850219726562,687.135009765625,540333,6.532530793679776,-0.00010916066253141565
2026-02-24 20:00:00+00:00,687.135009765625,687.3400268554688,686.9600219726562,687.0499877929688,432132,6.532407052010472,-0.00012374166930406716
2026-02-24 20:05:00+00:00,687.0599975585938,687.1400146484375,686.760009765625,686.8510131835938,472781,6.532117402886373,-0.00028964912409890076
2026-02-24 20:10:00+00:00,686.8400268554688,686.9000244140625,686.5700073242188,686.6900024414062,465328,6.531882956676039,-0.00023444621033341662
2026-02-24 20:15:00+00:00,686.6849975585938,686.9000244140625,686.4600219726562,686.8800048828125,758561,6.532159611584934,0.0002766549088946135
2026-02-24 20:20:00+00:00,686.8599853515625,687.0999755859375,686.75,686.8200073242188,677847,6.532072259822397,-8.73517625370468e-05
2026-02-24 20:25:00+00:00,686.7999877929688,686.989990234375,686.5,686.5399780273438,646483,6.531664458075232,-0.0004078017471647044
2026-02-24 20:30:00+00:00,686.530029296875,687.1199951171875,686.5100708007812,687.0,674392,6.532334292222349,0.0006698341471169655
2026-02-24 20:35:00+00:00,686.989990234375,687.0800170898438,686.75,686.7899780273438,837007,6.532028536644493,-0.0003057555778562815
2026-02-24 20:40:00+00:00,686.7899780273438,687.25,686.739990234375,687.2100219726562,700192,6.532639954342307,0.0006114176978142538
2026-02-24 20:45:00+00:00,687.2000122070312,687.64501953125,687.1699829101562,687.5098876953125,1631737,6.533076211539577,0.00043625719727025114
2026-02-24 20:50:00+00:00,687.510009765625,688.3499755859375,687.4099731445312,687.8800048828125,4128202,6.533614411214348,0.0005381996747706452
2026-02-24 20:55:00+00:00,687.8699951171875,687.8699951171875,687.239990234375,687.375,4607812,6.5328799948279785,-0.0007344163863693964
2026-02-25 14:30:00+00:00,690.1799926757812,691.239990234375,690.0999755859375,690.8400268554688,2775530,6.537908287349363,0.005028292521384259
2026-02-25 14:35:00+00:00,690.8300170898438,691.4099731445312,690.72998046875,691.1500244140625,1102707,6.538356912234192,0.0004486248848287744
2026-02-25 14:40:00+00:00,691.1400146484375,691.3250122070312,690.6199951171875,690.9199829101562,986511,6.538024018090174,-0.00033289414401771467
2026-02-25 14:45:00+00:00,690.9099731445312,691.8699951171875,690.9099731445312,691.6699829101562,999436,6.5391089385540955,0.0010849204639216126
2026-02-25 14:50:00+00:00,691.6799926757812,691.989990234375,691.280029296875,691.39501953125,973263,6.538711324006632,-0.00039761454746312097
2026-02-25 14:55:00+00:00,691.4000244140625,691.4949951171875,690.8400268554688,691.3200073242188,1007664,6.538602824126834,-0.00010849987979799636
2026-02-25 15:00:00+00:00,691.3200073242188,691.5800170898438,690.9199829101562,690.9400024414062,667253,6.53805299285095,-0.0005498312758840385
2026-02-25 15:05:00+00:00,690.9600219726562,691.04248046875,690.3699951171875,690.5999755859375,1057968,6.537560749603933,-0.0004922432470175764
2026-02-25 15:10:00+00:00,690.5900268554688,690.8499755859375,690.3250122070312,690.4998779296875,654213,6.53741579606394,-0.00014495353999244287
2026-02-25 15:15:00+00:00,690.489990234375,690.7880249023438,690.25,690.613525390625,472980,6.537580369749086,0.00016457368514544157
2026-02-25 15:20:00+00:00,690.614990234375,690.9199829101562,690.260009765625,690.7114868164062,610545,6.537722206644935,0.0001418368958496785
2026-02-25 15:25:00+00:00,690.7100219726562,691.219970703125,690.60498046875,691.1500244140625,539681,6.538356912234192,0.0006347055892561571
2026-02-25 15:30:00+00:00,691.14501953125,691.3499755859375,690.3599853515625,690.4099731445312,572696,6.5372855851233584,-0.0010713271108331313
2026-02-25 15:35:00+00:00,690.4199829101562,690.5399780273438,690.2100219726562,690.3699951171875,469540,6.537227678681675,-5.790644168346404e-05
2026-02-25 15:40:00+00:00,690.3699951171875,690.760009765625,690.3400268554688,690.5399780273438,427779,6.537473868388927,0.00024618970725232003
2026-02-25 15:45:00+00:00,690.5499877929688,690.8499755859375,690.4299926757812,690.489990234375,374719,6.537401476342209,-7.239204671805055e-05
2026-02-25 15:50:00+00:00,690.510009765625,690.780029296875,690.3599853515625,690.4849853515625,354145,6.537394228009834,-7.248332375198174e-06
2026-02-25 15:55:00+00:00,690.47998046875,690.8800048828125,690.1701049804688,690.8400268554688,349084,6.537908287349363,0.0005140593395287496
2026-02-25 16:00:00+00:00,690.8300170898438,691.1900024414062,690.780029296875,690.9400024414062,425769,6.53805299285095,0.0001447055015875165
2026-02-25 16:05:00+00:00,690.9199829101562,691.280029296875,690.7899780273438,691.27001953125,419216,6.53853051376437,0.00047752091342001535
2026-02-25 16:10:00+00:00,691.280029296875,691.4099731445312,691.0700073242188,691.1458740234375,456168,6.538350907165914,-0.0001796065984560613
2026-02-25 16:15:00+00:00,691.1300048828125,691.1500244140625,690.6900024414062,690.8200073242188,382475,6.537879308395414,-0.00047159877049995913
2026-02-25 16:20:00+00:00,690.8262939453125,691.1500244140625,690.6900024414062,691.0999755859375,370868,6.5382844957709665,0.000405187375552174
2026-02-25 16:25:00+00:00,691.0900268554688,691.5800170898438,691.0800170898438,691.469970703125,590815,6.538819723846787,0.0005352280758206263
2026-02-25 16:30:00+00:00,691.47998046875,691.8400268554688,691.4400024414062,691.5,624873,6.538863151104813,4.342725802608527e-05
2026-02-25 16:35:00+00:00,691.47998046875,691.7000122070312,691.4000244140625,691.6599731445312,561185,6.5390944665684625,0.00023131546364929534
2026-02-25 16:40:00+00:00,691.6599731445312,691.97998046875,691.6300048828125,691.89501953125,510032,6.539434238229472,0.00033977166100918055
2026-02-25 16:45:00+00:00,691.9099731445312,692.3900146484375,691.8900146484375,692.2100219726562,588276,6.539889409531359,0.00045517130188699184
2026-02-25 16:50:00+00:00,692.2100219726562,692.35498046875,692.0599975585938,692.0900268554688,558865,6.539716043767788,-0.00017336576357074307
2026-02-25 16:55:00+00:00,692.094970703125,692.1599731445312,691.969970703125,692.0399780273438,420450,6.539643725664763,-7.231810302510411e-05
2026-02-25 17:00:00+00:00,692.0399780273438,692.3099975585938,691.969970703125,692.1900024414062,361202,6.539860487932257,0.0002167622674944525
2026-02-25 17:05:00+00:00,692.1900024414062,692.2999877929688,691.7999877929688,692.0900268554688,425714,6.539716043767788,-0.00014444416446934838
2026-02-25 17:10:00+00:00,692.0897827148438,692.3300170898438,692.0599975585938,692.2999877929688,287764,6.5400193700514055,0.00030332628361762204
2026-02-25 17:15:00+00:00,692.2999877929688,692.3499755859375,692.2100219726562,692.2901000976562,320599,6.5400050875639035,-1.4282487502015329e-05
2026-02-25 17:20:00+00:00,692.2899780273438,692.3200073242188,692.1799926757812,692.2650146484375,350170,6.539968851448845,-3.623611505876312e-05
2026-02-25 17:25:00+00:00,692.260009765625,692.2999877929688,691.9400024414062,691.969970703125,468995,6.539542559738401,-0.00042629171044339387
2026-02-25 17:30:00+00:00,691.969970703125,692.1599731445312,691.8400268554688,692.0482788085938,382181,6.539655720248503,0.0001131605101019062
2026-02-25 17:35:00+00:00,692.0449829101562,692.3049926757812,692.0200805664062,692.219970703125,277678,6.539903781844183,0.0002480615956796939
2026-02-25 17:40:00+00:00,692.22998046875,692.4600219726562,692.2100219726562,692.3200073242188,461333,6.540048287055813,0.00014450521163045238
2026-02-25 17:45:00+00:00,692.3400268554688,692.52001953125,692.239990234375,692.3099975585938,504710,6.540033828658133,-1.4458397679995016e-05
2026-02-25 17:50:00+00:00,692.2999877929688,692.5700073242188,692.25,692.4801025390625,357186,6.540279504853121,0.0002456761949876096
2026-02-25 17:55:00+00:00,692.489990234375,692.5499877929688,692.4299926757812,692.5499877929688,235639,6.540380419994898,0.00010091514177723582
2026-02-25 18:00:00+00:00,692.5499877929688,692.6900024414062,692.4600219726562,692.5,465401,6.540308238061494,-7.218193340463586e-05
2026-02-25 18:05:00+00:00,692.5,692.5399780273438,692.4199829101562,692.47998046875,367484,6.540279328573221,-2.8909488272610417e-05
2026-02-25 18:10:00+00:00,692.5,692.6400146484375,692.4500122070312,692.489990234375,512953,6.540293783421827,1.445484860607138e-05
2026-02-25 18:15:00+00:00,692.489990234375,692.489990234375,692.3099975585938,692.3800048828125,623495,6.540134944899537,-0.00015883852228970596
2026-02-25 18:20:00+00:00,692.3800048828125,692.4099731445312,692.27001953125,692.2750244140625,425102,6.539983310786015,-0.00015163411352236977
2026-02-25 18:25:00+00:00,692.280029296875,692.3599853515625,692.2050170898438,692.3099975585938,300485,6.540033828658133,5.0517872118405194e-05
2026-02-25 18:30:00+00:00,692.3099975585938,692.4799194335938,692.2899780273438,692.3099975585938,383880,6.540033828658133,0.0
2026-02-25 18:35:00+00:00,692.3150024414062,692.3499755859375,692.2100219726562,692.3099975585938,304886,6.540033828658133,0.0
2026-02-25 18:40:00+00:00,692.3099975585938,692.6199951171875,692.2899780273438,692.5499877929688,393005,6.540380419994898,0.00034659133676484544
2026-02-25 18:45:00+00:00,692.5499877929688,692.5900268554688,692.469970703125,692.5399780273438,250014,6.540365966398565,-1.4453596333119378e-05
2026-02-25 18:50:00+00:00,692.5499877929688,692.6900024414062,692.530029296875,692.5900268554688,280588,6.540438232291255,7.226589268949368e-05
2026-02-25 18:55:00+00:00,692.5900268554688,692.6099853515625,692.4400024414062,692.489990234375,395559,6.540293783421827,-0.0001444488694275492
2026-02-25 19:00:00+00:00,692.489990234375,692.8699951171875,692.47998046875,692.760009765625,573648,6.540683632957536,0.0003898495357086418
2026-02-25 19:05:00+00:00,692.77001953125,692.97998046875,692.6699829101562,692.9299926757812,849324,6.540928973417103,0.0002453404595677
2026-02-25 19:10:00+00:00,692.9299926757812,693.0050048828125,692.8499755859375,692.8499755859375,468451,6.540813490307569,-0.00011548310953468643
2026-02-25 19:15:00+00:00,692.8599853515625,693.0700073242188,692.7650146484375,693.02001953125,459670,6.5410588869851285,0.0002453966775597394
2026-02-25 19:20:00+00:00,693.02001953125,693.0800170898438,692.864990234375,692.9000244140625,471894,6.540885723867946,-0.00017316311718218458
2026-02-25 19:25:00+00:00,692.9099731445312,692.9500122070312,692.8400268554688,692.8699951171875,383309,6.540842384357846,-4.333951010071502e-05
2026-02-25 19:30:00+00:00,692.8599853515625,693.2199096679688,692.8499755859375,693.2000122070312,419097,6.5413185754511325,0.0004761910932868929
2026-02-25 19:35:00+00:00,693.2000122070312,693.3200073242188,693.1599731445312,693.239990234375,562717,6.541376245494242,5.767004310985868e-05
2026-02-25 19:40:00+00:00,693.22998046875,693.3049926757812,693.0700073242188,693.0800170898438,389775,6.541145457300468,-0.00023078819377442272
2026-02-25 19:45:00+00:00,693.0850219726562,693.280029296875,693.0499877929688,693.2000122070312,373564,6.5413185754511325,0.00017311815066456404
2026-02-25 19:50:00+00:00,693.2050170898438,693.239990234375,693.1099853515625,693.14501953125,441498,6.54123924069023,-7.933476090205005e-05
2026-02-25 19:55:00+00:00,693.1500244140625,693.22998046875,693.0599975585938,693.0850219726562,426307,6.541152678493719,-8.656219651115293e-05
2026-02-25 20:00:00+00:00,693.0850219726562,693.3300170898438,693.0700073242188,693.10498046875,667421,6.541181474684804,2.8796191084978773e-05
2026-02-25 20:05:00+00:00,693.10498046875,693.2100219726562,693.0900268554688,693.125,525492,6.541210358104632,2.8883419827430146e-05
2026-02-25 20:10:00+00:00,693.1300048828125,693.1500244140625,692.9700927734375,693.0750122070312,443202,6.541138236055072,-7.212204956008605e-05
2026-02-25 20:15:00+00:00,693.0800170898438,693.1900024414062,693.02001953125,693.1099853515625,1099758,6.541188695617973,5.045956290139486e-05
2026-02-25 20:20:00+00:00,693.10498046875,693.1199951171875,692.8099975585938,692.9500122070312,653426,6.540957864130846,-0.00023083148712732537
2026-02-25 20:25:00+00:00,692.9600219726562,693.0798950195312,692.9099731445312,692.9199829101562,558514,6.540914527747224,-4.3336383622083474e-05
2026-02-25 20:30:00+00:00,692.9199829101562,692.97998046875,692.739990234375,692.8599853515625,840035,6.540827937437066,-8.659031015767482e-05
2026-02-25 20:35:00+00:00,692.8599853515625,693.1900024414062,692.7999877929688,693.1500244140625,737748,6.541246461206288,0.0004185237692224675
2026-02-25 20:40:00+00:00,693.1486206054688,693.27001953125,693.0399780273438,693.0900268554688,840827,6.541159899634826,-8.65615714626955e-05
2026-02-25 20:45:00+00:00,693.0800170898438,693.39501953125,693.0549926757812,693.239990234375,1211364,6.541376245494242,0.00021634585941665563
2026-02-25 20:50:00+00:00,693.239990234375,693.6799926757812,693.0499877929688,693.4400024414062,3591455,6.541664721868711,0.00028847637446904884
2026-02-25 20:55:00+00:00,693.4500122070312,693.4500122070312,692.9400024414062,693.0999755859375,3274441,6.541174253699494,-0.000490468169217273
2026-02-26 14:30:00+00:00,693.280029296875,693.2999877929688,692.02001953125,692.260009765625,2477230,6.539961621701857,-0.0012126319976371036
2026-02-26 14:35:00+00:00,692.27001953125,692.5700073242188,691.6699829101562,692.176513671875,1653604,6.539841000651433,-0.00012062105042431881
2026-02-26 14:40:00+00:00,692.1900024414062,692.239990234375,690.9000244140625,691.4500122070312,1361006,6.538790859564918,-0.0010501410865151328
2026-02-26 14:45:00+00:00,691.4299926757812,691.469970703125,690.6699829101562,691.0449829101562,1294969,6.538204919926954,-0.0005859396379639392
2026-02-26 14:50:00+00:00,691.0449829101562,691.5800170898438,690.5800170898438,690.969970703125,887073,6.538096365085475,-0.00010855484147853645
2026-02-26 14:55:00+00:00,690.97998046875,691.4199829101562,690.4199829101562,690.6699829101562,1140876,6.537662116210581,-0.0004342488748942941
2026-02-26 15:00:00+00:00,690.6799926757812,691.030029296875,689.5750122070312,690.3302001953125,1618051,6.537170034129989,-0.0004920820805915938
2026-02-26 15:05:00+00:00,690.3400268554688,690.6389770507812,689.8602294921875,689.97998046875,762168,6.53666258335699,-0.0005074507729991851
2026-02-26 15:10:00+00:00,689.97998046875,690.530029296875,688.5510864257812,688.5850219726562,1394719,6.534638799248538,-0.0020237841084522756
2026-02-26 15:15:00+00:00,688.5800170898438,688.5900268554688,686.3300170898438,686.4281005859375,2076226,6.531501486417848,-0.0031373128306899645
2026-02-26 15:20:00+00:00,686.5,686.97998046875,684.9310302734375,685.3200073242188,2801695,6.529885893152069,-0.0016155932657788696
2026-02-26 15:25:00+00:00,685.3200073242188,686.3599853515625,684.739990234375,685.6900024414062,2391697,6.530425634107328,0.0005397409552587717
2026-02-26 15:30:00+00:00,685.6699829101562,685.780029296875,684.3499755859375,684.5800170898438,1721194,6.5288055364936834,-0.0016200976136442335
2026-02-26 15:35:00+00:00,684.6199951171875,686.6300048828125,684.5900268554688,686.5800170898438,1435859,6.531722776448942,0.0029172399552583883
2026-02-26 15:40:00+00:00,686.5800170898438,687.0900268554688,686.2899780273438,686.9299926757812,1336463,6.53223238408343,0.0005096076344885958
2026-02-26 15:45:00+00:00,686.9400024414062,687.7999877929688,686.6500244140625,687.5800170898438,986578,6.533178211262429,0.000945827178998826
2026-02-26 15:50:00+00:00,687.5800170898438,687.9498901367188,686.9600219726562,687.6799926757812,1073653,6.533323602803525,0.00014539154109538543
2026-02-26 15:55:00+00:00,687.6799926757812,688.1799926757812,687.27001953125,687.7100219726562,928051,6.5333672693949065,4.3666591381885667e-05
2026-02-26 16:00:00+00:00,687.719970703125,688.219970703125,687.5700073242188,688.030029296875,721111,6.533832484214661,0.000465214819754145
2026-02-26 16:05:00+00:00,688.010009765625,688.280029296875,687.4600219726562,688.0999755859375,657684,6.533934140728035,0.00010165651337423753
2026-02-26 16:10:00+00:00,688.100830078125,688.5800170898438,687.8200073242188,688.5800170898438,549233,6.534631530863601,0.0006973901355662449
2026-02-26 16:15:00+00:00,688.5850219726562,688.989990234375,688.22998046875,688.280029296875,752207,6.5341957744503,-0.00043575641330129145
2026-02-26 16:20:00+00:00,688.27001953125,688.739990234375,688.135986328125,688.4500122070312,526939,6.534442711621562,0.0002469371712621182
2026-02-26 16:25:00+00:00,688.47998046875,689.0999755859375,688.4400024414062,688.739990234375,486626,6.534863827126489,0.000421115504926739
2026-02-26 16:30:00+00:00,688.739990234375,688.9199829101562,688.4000244140625,688.52001953125,480335,6.534544394770309,-0.0003194323561794832
2026-02-26 16:35:00+00:00,688.530029296875,688.5900268554688,687.3740234375,687.5050048828125,703079,6.533069109343774,-0.0014752854265349669
2026-02-26 16:40:00+00:00,687.489990234375,687.6799926757812,686.8400268554688,686.8400268554688,558301,6.532101407545637,-0.0009677017981370994
2026-02-26 16:45:00+00:00,686.8400268554688,687.3800048828125,686.2999877929688,687.3198852539062,1088913,6.5327998101314115,0.0006984025857743603
2026-02-26 16:50:00+00:00,687.3200073242188,687.510009765625,686.3800048828125,686.4097900390625,461670,6.531474810949461,-0.0013249991819508367
2026-02-26 16:55:00+00:00,686.4199829101562,686.5700073242188,686.0349731445312,686.25,625266,6.53124199282374,-0.00023281812572051308
2026-02-26 17:00:00+00:00,686.239990234375,686.5999755859375,686.0599975585938,686.5399780273438,604391,6.531664458075232,0.0004224652514919214
2026-02-26 17:05:00+00:00,686.530029296875,686.885009765625,686.4600219726562,686.5700073242188,570028,6.531708197174358,4.3739099125694736e-05
2026-02-26 17:10:00+00:00,686.5700073242188,687.0599975585938,686.25,686.260009765625,448542,6.53125657889678,-0.000451618277577559
2026-02-26 17:15:00+00:00,686.260009765625,686.52001953125,686.030029296875,686.3099975585938,420194,6.531329417138508,7.283824172787945e-05
2026-02-26 17:20:00+00:00,686.2949829101562,686.4400024414062,686.0800170898438,686.3699951171875,270831,6.531416833810932,8.741667242428974e-05
2026-02-26 17:25:00+00:00,686.3599853515625,686.5399780273438,686.1500244140625,686.2849731445312,287157,6.531292954213028,-0.00012387959790416403
2026-02-26 17:30:00+00:00,686.25,687.0900268554688,686.1699829101562,686.8200073242188,425057,6.532072259822397,0.0007793056093685635
2026-02-26 17:35:00+00:00,686.8200073242188,686.8200073242188,685.739990234375,685.9299926757812,575273,6.530775571025247,-0.0012966887971499474
2026-02-26 17:40:00+00:00,685.9349975585938,686.097412109375,685.5999755859375,685.6500244140625,364092,6.530367329053042,-0.0004082419722051256
2026-02-26 17:45:00+00:00,685.6400146484375,685.8200073242188,685.1599731445312,685.22998046875,403028,6.529754519825449,-0.0006128092275927699
2026-02-26 17:50:00+00:00,685.22998046875,685.9199829101562,685.010009765625,685.8200073242188,621008,6.530615213304382,0.0008606934789332499
2026-02-26 17:55:00+00:00,685.8099975585938,685.81591796875,685.280029296875,685.4600219726562,242573,6.530090177786995,-0.0005250355173869181
2026-02-26 18:00:00+00:00,685.469970703125,685.5599975585938,684.9500122070312,685.1099853515625,342525,6.529579387930463,-0.000510789856532412
2026-02-26 18:05:00+00:00,685.1199951171875,685.4000244140625,684.739990234375,685.0800170898438,713459,6.529535644709932,-4.3743220531133886e-05
2026-02-26 18:10:00+00:00,685.0599975585938,685.5399780273438,685.0399780273438,685.3300170898438,522926,6.529900499018551,0.0003648543086196554
2026-02-26 18:15:00+00:00,685.3099975585938,685.7999877929688,684.9299926757812,685.72998046875,386911,6.530483935762332,0.0005834367437804744
2026-02-26 18:20:00+00:00,685.739990234375,685.85498046875,685.2899780273438,685.77001953125,549308,6.530542323020825,5.838725849294235e-05
2026-02-26 18:25:00+00:00,685.760009765625,685.9550170898438,685.5900268554688,685.6699829101562,370346,6.530396437497443,-0.00014588552338157257
2026-02-26 18:30:00+00:00,685.6599731445312,686.989990234375,685.4099731445312,686.9600219726562,1217378,6.532276098349579,0.001879660852135423
2026-02-26 18:35:00+00:00,686.969970703125,687.6799926757812,686.5599975585938,687.469970703125,1127129,6.533018149609499,0.0007420512599205509
2026-02-26 18:40:00+00:00,687.469970703125,687.780029296875,687.25,687.5200805664062,500505,6.533091037210769,7.288760127011074e-05
2026-02-26 18:45:00+00:00,687.530029296875,688.1900024414062,687.1420288085938,687.5,704266,6.533061829540727,-2.9207670042552536e-05
2026-02-26 18:50:00+00:00,687.4801025390625,687.510009765625,687.0800170898438,687.3099975585938,586710,6.532785424156778,-0.0002764053839490188
2026-02-26 18:55:00+00:00,687.3099975585938,687.6599731445312,687.135009765625,687.3900146484375,352200,6.532901838049589,0.00011641389281091818
2026-02-26 19:00:00+00:00,687.4099731445312,687.97998046875,687.1599731445312,687.8800048828125,516135,6.533614411214348,0.0007125731647592559
2026-02-26 19:05:00+00:00,687.8800048828125,688.489990234375,687.8200073242188,688.4299926757812,555119,6.534413632063169,0.0007992208488207808
2026-02-26 19:10:00+00:00,688.4299926757812,688.7899780273438,688.2999877929688,688.52001953125,692414,6.534544394770309,0.0001307627071405193
2026-02-26 19:15:00+00:00,688.52001953125,689.1900024414062,688.510009765625,688.969970703125,791413,6.535197686178694,0.0006532914083843266
2026-02-26 19:20:00+00:00,688.97998046875,689.3200073242188,688.8800048828125,689.2050170898438,719958,6.535538784212078,0.00034109803338466804
2026-02-26 19:25:00+00:00,689.2050170898438,689.219970703125,688.4500122070312,688.6099853515625,652740,6.5346750517454995,-0.0008637324665787816
2026-02-26 19:30:00+00:00,688.6199951171875,689.2899780273438,688.469970703125,689.22998046875,566361,6.535575004097605,0.00089995235210516
2026-02-26 19:35:00+00:00,689.22998046875,689.3099975585938,688.969970703125,689.0900268554688,611321,6.53537192554833,-0.00020307854927459346
2026-02-26 19:40:00+00:00,689.0999755859375,689.260009765625,688.9600219726562,689.1500244140625,447133,6.535458989566788,8.706401845781642e-05
2026-02-26 19:45:00+00:00,689.14501953125,689.6599731445312,689.1400146484375,689.5750122070312,618643,6.536075483494352,0.0006164939275645764
2026-02-26 19:50:00+00:00,689.5800170898438,689.5900268554688,689.280029296875,689.4949951171875,564285,6.535959438493723,-0.00011604500062922796
2026-02-26 19:55:00+00:00,689.489990234375,689.6599731445312,689.0050048828125,689.02001953125,525669,6.535270326514983,-0.0006891119787404421
2026-02-26 20:00:00+00:00,689.010009765625,689.6099853515625,688.8400268554688,689.5700073242188,856233,6.53606822554433,0.0007978990293473487
2026-02-26 20:05:00+00:00,689.5700073242188,689.8099975585938,689.1099853515625,689.1400146484375,718859,6.535444464662245,-0.0006237608820853779
2026-02-26 20:10:00+00:00,689.1400146484375,689.25,688.8900146484375,688.9099731445312,607024,6.535110599406149,-0.00033386525609557793
2026-02-26 20:15:00+00:00,688.9000244140625,689.239990234375,688.6799926757812,689.114990234375,553019,6.535408151477853,0.00029755207170367726
2026-02-26 20:20:00+00:00,689.1199951171875,689.1699829101562,688.6871948242188,688.8400268554688,467508,6.535009062423209,-0.00039908905464347555
2026-02-26 20:25:00+00:00,688.844970703125,689.0399780273438,688.614990234375,688.6649780273438,514883,6.534754908966857,-0.00025415345635249054
2026-02-26 20:30:00+00:00,688.6649780273438,689.4299926757812,688.6199951171875,689.4099731445312,821122,6.53583612039027,0.0010812114234131087
2026-02-26 20:35:00+00:00,689.4099731445312,689.5167236328125,689.1199951171875,689.3900146484375,1080571,6.5358071698589795,-2.895053129048364e-05
2026-02-26 20:40:00+00:00,689.3801879882812,689.4299926757812,689.010009765625,689.3200073242188,1097257,6.535705615038657,-0.00010155482032203622
2026-02-26 20:45:00+00:00,689.3200073242188,689.3599853515625,688.905029296875,689.1199951171875,1552835,6.535415414220224,-0.0002902008184335614
2026-02-26 20:50:00+00:00,689.1199951171875,689.3200073242188,688.6500244140625,688.989990234375,1593670,6.535226742946407,-0.00018867127381660964
2026-02-26 20:55:00+00:00,688.97998046875,689.3699951171875,688.8400268554688,689.3200073242188,2426689,6.535705615038657,0.000478872092250171
2026-02-27 14:30:00+00:00,683.0900268554688,684.1599731445312,682.7999877929688,683.794189453125,4555911,6.527656979732895,-0.008048635305762275
2026-02-27 14:35:00+00:00,683.8099975585938,684.25,682.8699951171875,684.0650024414062,1347041,6.528052945916293,0.0003959661833974337
2026-02-27 14:40:00+00:00,684.0650024414062,684.1199951171875,681.6400146484375,682.6199951171875,1683430,6.5259383286266335,-0.0021146172896591153
2026-02-27 14:45:00+00:00,682.614990234375,683.8499755859375,682.2100219726562,683.5499877929688,1632037,6.5272997885197155,0.0013614598930820065
2026-02-27 14:50:00+00:00,683.530029296875,683.6900024414062,682.7100219726562,683.0800170898438,1060745,6.526612008037841,-0.000687780481874789
2026-02-27 14:55:00+00:00,683.0599975585938,683.3800048828125,682.5999755859375,682.8663940429688,1113549,6.526299224100088,-0.00031278393775302504
2026-02-27 15:00:00+00:00,682.8599853515625,684.4299926757812,682.6599731445312,683.9193725585938,1618907,6.52784003429826,0.0015408101981719824
2026-02-27 15:05:00+00:00,683.9299926757812,685.4199829101562,683.8200073242188,684.7100219726562,1480807,6.528995423047291,0.0011553887490309833
2026-02-27 15:10:00+00:00,684.719970703125,685.489990234375,684.510009765625,684.5800170898438,1057207,6.5288055364936834,-0.0001898865536071881
2026-02-27 15:15:00+00:00,684.5850219726562,684.8499755859375,683.5999755859375,684.155029296875,802722,6.528184542959912,-0.000620993533771319
2026-02-27 15:20:00+00:00,684.1199951171875,684.989990234375,684.0,684.7003173828125,753626,6.5289812496624915,0.0007967067025793639
2026-02-27 15:25:00+00:00,684.7000122070312,684.8150024414062,684.0900268554688,684.5294189453125,666451,6.528731622541705,-0.00024962712078657745
2026-02-27 15:30:00+00:00,684.510009765625,684.6699829101562,683.739990234375,684.4401245117188,641592,6.528601167581407,-0.0001304549602982874
2026-02-27 15:35:00+00:00,684.4500122070312,685.469970703125,684.4299926757812,685.0700073242188,600282,6.529521033513425,0.0009198659320182045
2026-02-27 15:40:00+00:00,685.0700073242188,685.75,684.75,685.6599731445312,510090,6.530381838872829,0.0008608053594043596
2026-02-27 15:45:00+00:00,685.6799926757812,686.0499877929688,685.0,685.0999755859375,707113,6.529564777373088,-0.0008170614997409231
2026-02-27 15:50:00+00:00,685.0999755859375,685.1599731445312,684.2951049804688,684.5399780273438,578113,6.528747047737907,-0.0008177296351812302
2026-02-27 15:55:00+00:00,684.530029296875,685.364990234375,684.22998046875,685.219970703125,519526,6.529739911826643,0.0009928640887357787
2026-02-27 16:00:00+00:00,685.239990234375,685.9249877929688,685.0800170898438,685.6950073242188,603350,6.530432933126606,0.0006930212999636254
2026-02-27 16:05:00+00:00,685.7000122070312,685.77001953125,684.6599731445312,684.8099975585938,657325,6.529141423959565,-0.0012915091670411272
2026-02-27 16:10:00+00:00,684.8099975585938,685.6300048828125,684.7999877929688,685.4993286132812,584742,6.530147519590192,0.001006095630626369
2026-02-27 16:15:00+00:00,685.5,686.0499877929688,685.25,685.6300048828125,698694,6.530338130740773,0.00019061115058160993
2026-02-27 16:20:00+00:00,685.6099853515625,685.8699951171875,685.1500244140625,685.8099975585938,436906,6.530600617873268,0.0002624871324945488
2026-02-27 16:25:00+00:00,685.8099975585938,686.010009765625,685.3200073242188,685.385009765625,503166,6.529980738418767,-0.0006198794545007047
2026-02-27 16:30:00+00:00,685.3900146484375,686.260009765625,685.3400268554688,686.1900024414062,651761,6.531154560865294,0.001173822446526529
2026-02-27 16:35:00+00:00,686.2000122070312,686.2899169921875,685.4400024414062,685.510009765625,517825,6.530163101033797,-0.0009914598314963996
2026-02-27 16:40:00+00:00,685.489990234375,685.52001953125,684.6699829101562,684.72998046875,592810,6.529024571452565,-0.0011385295812322838
2026-02-27 16:45:00+00:00,684.739990234375,685.0700073242188,684.5650024414062,684.614990234375,448509,6.52885662219638,-0.00016794925618501821
2026-02-27 16:50:00+00:00,684.6300048828125,685.6649780273438,684.6199951171875,685.5850219726562,599177,6.530272520447287,0.001415898250907155
2026-02-27 16:55:00+00:00,685.5800170898438,685.9199829101562,684.7800903320312,684.8699951171875,480439,6.529229032100084,-0.0010434883472028034
2026-02-27 17:00:00+00:00,684.8599853515625,685.7899780273438,684.8400268554688,685.5999755859375,454086,6.530294331673793,0.0010652995737086002
2026-02-27 17:05:00+00:00,685.5999755859375,686.280029296875,685.47998046875,686.125,518507,6.531059826870053,0.0007654951962603462
2026-02-27 17:10:00+00:00,686.1300048828125,686.1500244140625,684.7899780273438,684.8646850585938,636350,6.529221278688171,-0.001838548181882338
2026-02-27 17:15:00+00:00,684.8800048828125,684.905029296875,684.1599731445312,684.239990234375,651079,6.528308719000305,-0.0009125596878662989
2026-02-27 17:20:00+00:00,684.239990234375,684.3099975585938,683.2899780273438,684.0499877929688,898822,6.528030996520891,-0.0002777224794137112
2026-02-27 17:25:00+00:00,684.0399780273438,684.5050048828125,683.9099731445312,684.1400146484375,1051283,6.528162596452827,0.00013159993193578856
2026-02-27 17:30:00+00:00,684.1300048828125,684.989990234375,683.739990234375,684.8699951171875,1245912,6.529229032100084,0.001066435647257613
2026-02-27 17:35:00+00:00,684.8775024414062,685.1199951171875,684.260009765625,684.27001953125,667212,6.528352605119756,-0.0008764269803283042
2026-02-27 17:40:00+00:00,684.2899780273438,684.4199829101562,683.6500244140625,683.9349975585938,613668,6.527862880297573,-0.00048972482218268
2026-02-27 17:45:00+00:00,683.9400024414062,683.97998046875,683.4755249023438,683.8300170898438,616062,6.527709373711527,-0.00015350658604607048
2026-02-27 17:50:00+00:00,683.8599853515625,684.27001953125,683.5900268554688,684.010009765625,732868,6.5279725516757425,0.0002631779642152665
2026-02-27 17:55:00+00:00,684.010009765625,684.469970703125,684.010009765625,684.375,616002,6.528506013004866,0.0005334613291232415
2026-02-27 18:00:00+00:00,684.3699951171875,684.6799926757812,684.030029296875,684.1614990234375,504674,6.528193999436434,-0.0003120135684318015
2026-02-27 18:05:00+00:00,684.1599731445312,684.4650268554688,683.9600219726562,683.989990234375,413895,6.527943283355199,-0.0002507160812346143
2026-02-27 18:10:00+00:00,683.97998046875,684.280029296875,683.8200073242188,683.864990234375,434391,6.52776051544174,-0.00018276791345961385
2026-02-27 18:15:00+00:00,683.875,684.0126953125,683.5,683.5999755859375,399915,6.527372915527476,-0.00038759991426395857
2026-02-27 18:20:00+00:00,683.5900268554688,683.7349853515625,683.1699829101562,683.489990234375,599814,6.527212011191185,-0.0001609043362904572
2026-02-27 18:25:00+00:00,683.510009765625,683.9099731445312,683.0599975585938,683.7999877929688,570069,6.527665459353444,0.0004534481622586739
2026-02-27 18:30:00+00:00,683.7999877929688,683.9600219726562,683.4849853515625,683.6300048828125,470208,6.527416842734031,-0.00024861661941333324
2026-02-27 18:35:00+00:00,683.6500244140625,683.81982421875,683.2999877929688,683.7000122070312,373946,6.527519242774116,0.00010240004008554848
2026-02-27 18:40:00+00:00,683.6900024414062,684.239990234375,683.6600952148438,683.8499755859375,433317,6.527738559626656,0.00021931685254017452
2026-02-27 18:45:00+00:00,683.8300170898438,684.0399780273438,683.5349731445312,683.719970703125,381079,6.527548434238837,-0.00019012538781915111
2026-02-27 18:50:00+00:00,683.7000122070312,684.0499877929688,683.469970703125,683.844970703125,422537,6.527731240914504,0.00018280667566639153
2026-02-27 18:55:00+00:00,683.8599853515625,684.0700073242188,683.5399780273438,683.9500122070312,398644,6.527884833383295,0.0001535924687914303
2026-02-27 19:00:00+00:00,683.9500122070312,684.7249755859375,683.8800048828125,684.6599731445312,556590,6.528922325450109,0.0010374920668141385
2026-02-27 19:05:00+00:00,684.6649780273438,684.97998046875,683.7150268554688,683.9000244140625,885101,6.527811743802342,-0.001110581647767006
2026-02-27 19:10:00+00:00,683.8900146484375,684.219970703125,683.5900268554688,683.8900146484375,470141,6.527797107395673,-1.4636406668877555e-05
2026-02-27 19:15:00+00:00,683.8939819335938,684.1199951171875,683.75,683.9199829101562,373232,6.527840926729904,4.3819334230477125e-05
2026-02-27 19:20:00+00:00,683.9400024414062,684.0599975585938,683.6300048828125,683.6849975585938,451385,6.527497281660997,-0.0003436450689067172
2026-02-27 19:25:00+00:00,683.6799926757812,684.030029296875,683.47998046875,683.5999755859375,457807,6.527372915527476,-0.000124366133521292
2026-02-27 19:30:00+00:00,683.5999755859375,683.6099853515625,683.1801147460938,683.4199829101562,654044,6.527109579684129,-0.0002633358433463684
2026-02-27 19:35:00+00:00,683.4299926757812,684.030029296875,683.4199829101562,683.8300170898438,368712,6.527709373711527,0.0005997940273978486
2026-02-27 19:40:00+00:00,683.8400268554688,683.9199829101562,682.989990234375,683.3800048828125,742688,6.527051080960523,-0.0006582927510043746
2026-02-27 19:45:00+00:00,683.3699951171875,683.6500244140625,683.1699829101562,683.25,703145,6.526860824808177,-0.00019025615234546933
2026-02-27 19:50:00+00:00,683.219970703125,683.47998046875,683.114990234375,683.25,363961,6.526860824808177,0.0
2026-02-27 19:55:00+00:00,683.25,683.6300048828125,683.22998046875,683.3499755859375,571567,6.527007137683784,0.00014631287560629147
2026-02-27 20:00:00+00:00,683.3400268554688,683.947998046875,683.3200073242188,683.6500244140625,558468,6.527446126466438,0.00043898878265391517
2026-02-27 20:05:00+00:00,683.6500854492188,684.1300048828125,683.60498046875,683.9600219726562,644896,6.527899468506037,0.0004533420395995691
2026-02-27 20:10:00+00:00,683.9600219726562,685.219970703125,683.9450073242188,685.219970703125,1521312,6.529739911826643,0.0018404433206056225
2026-02-27 20:15:00+00:00,685.219970703125,685.7050170898438,685.1199951171875,685.5900268554688,1296401,6.530279820584227,0.000539908757584584
2026-02-27 20:20:00+00:00,685.5800170898438,686.0999755859375,685.1799926757812,685.8499145507812,1235746,6.530658820335622,0.00037899975139499276
2026-02-27 20:25:00+00:00,685.8400268554688,685.969970703125,685.5399780273438,685.590087890625,1429659,6.530279909609958,-0.00037891072566420547
2026-02-27 20:30:00+00:00,685.5800170898438,685.8150024414062,685.2949829101562,685.3900146484375,1569447,6.529988040686059,-0.00029186892389887475
2026-02-27 20:35:00+00:00,685.3900146484375,685.4099731445312,684.489990234375,684.625,1755916,6.528871243103885,-0.0011167975821742004
2026-02-27 20:40:00+00:00,684.6300048828125,685.489990234375,684.5800170898438,685.030029296875,2174736,6.52946267569095,0.000591432587064844
2026-02-27 20:45:00+00:00,685.030029296875,685.5700073242188,684.9299926757812,685.4500122070312,1663805,6.530075574690693,0.000612898999743372
2026-02-27 20:50:00+00:00,685.4600219726562,686.1500244140625,685.0800170898438,685.5800170898438,2685078,6.530265220257054,0.0001896455663610297
2026-02-27 20:55:00+00:00,685.5900268554688,686.8499755859375,685.2849731445312,686.280029296875,6129650,6.5312857504046145,0.0010205301475600947
2026-03-02 14:30:00+00:00,678.7000122070312,681.47998046875,678.02001953125,681.2000122070312,5603254,6.523855966708426,-0.007429783696188075
2026-03-02 14:35:00+00:00,681.2100219726562,682.4600219726562,680.8300170898438,681.0087890625,2295119,6.523575212178564,-0.00028075452986264793
2026-03-02 14:40:00+00:00,680.9949951171875,682.338623046875,680.97998046875,682.0800170898438,1257232,6.5251469780723825,0.0015717658938187995
2026-03-02 14:45:00+00:00,682.0700073242188,683.3699951171875,681.760009765625,683.219970703125,1706311,6.52681687316998,0.001669895097597518
2026-03-02 14:50:00+00:00,683.239990234375,683.3099975585938,681.8800048828125,682.510009765625,1633616,6.525777193274825,-0.0010396798951548547
2026-03-02 14:55:00+00:00,682.510009765625,683.1099853515625,681.969970703125,683.0,1022098,6.52649485957079,0.0007176662959649249
2026-03-02 15:00:00+00:00,682.9500122070312,684.4600219726562,682.4000244140625,684.239990234375,1615815,6.528308719000305,0.0018138594295145083
2026-03-02 15:05:00+00:00,684.260009765625,684.9400024414062,683.8900146484375,684.2100219726562,1628068,6.528264920160074,-4.379884023020253e-05
2026-03-02 15:10:00+00:00,684.219970703125,685.3250122070312,684.2100219726562,684.919677734375,1612335,6.529301572604942,0.001036652444867947
2026-03-02 15:15:00+00:00,684.9349975585938,685.3599853515625,684.3200073242188,684.6500244140625,1424299,6.528907794437429,-0.00039377816751340333
2026-03-02 15:20:00+00:00,684.614990234375,684.8300170898438,683.489990234375,684.1400146484375,1297275,6.528162596452827,-0.0007451979846022638
2026-03-02 15:25:00+00:00,684.1400146484375,684.4199829101562,683.0700073242188,683.4299926757812,1021851,6.52712422615712,-0.0010383702957064145
2026-03-02 15:30:00+00:00,683.4199829101562,683.8699951171875,682.5499877929688,682.969970703125,983499,6.526450891844524,-0.0006733343125961966
2026-03-02 15:35:00+00:00,682.989990234375,683.97900390625,682.4199829101562,683.9299926757812,1012883,6.527855562495234,0.0014046706507100382
2026-03-02 15:40:00+00:00,683.9199829101562,684.3300170898438,683.4500122070312,684.2999877929688,742483,6.528396400119739,0.000540837624504853
2026-03-02 15:45:00+00:00,684.3300170898438,684.8400268554688,683.760009765625,684.1199951171875,1043451,6.528133333694128,-0.0002630664256111359
2026-03-02 15:50:00+00:00,684.1300048828125,684.52001953125,683.27001953125,683.3599853515625,729119,6.527021785657255,-0.0011115480368726338
2026-03-02 15:55:00+00:00,683.3599853515625,684.2999877929688,683.1599731445312,684.2100219726562,775591,6.528264920160074,0.0012431345028192098
2026-03-02 16:00:00+00:00,684.1900024414062,684.7000122070312,683.6300048828125,684.6799926757812,846469,6.528951565130176,0.0006866449701012911
2026-03-02 16:05:00+00:00,684.6699829101562,685.5800170898438,684.4199829101562,685.5,848836,6.530148499002369,0.0011969338721931067
2026-03-02 16:10:00+00:00,685.510009765625,685.6699829101562,685.1599731445312,685.2999877929688,1182011,6.529856680779096,-0.0002918182232729549
2026-03-02 16:15:00+00:00,685.2999877929688,685.3400268554688,684.6624755859375,684.72998046875,549157,6.529024571452565,-0.0008321093265308832
2026-03-02 16:20:00+00:00,684.7000122070312,684.9299926757812,684.4000244140625,684.6500244140625,568970,6.528907794437429,-0.0001167770151360159
2026-03-02 16:25:00+00:00,684.64501953125,684.739990234375,682.9500122070312,683.219970703125,1541474,6.52681687316998,-0.0020909212674489197
2026-03-02 16:30:00+00:00,683.219970703125,683.9600219726562,682.9199829101562,683.8300170898438,903638,6.527709373711527,0.0008925005415472143
2026-03-02 16:35:00+00:00,683.8599853515625,685.1799926757812,683.52001953125,685.1400146484375,764874,6.529623218321822,0.001913844610294646
2026-03-02 16:40:00+00:00,685.1500244140625,686.5250244140625,685.1199951171875,686.4400024414062,1356908,6.531518825090722,0.0018956067689002154
2026-03-02 16:45:00+00:00,686.4500122070312,686.969970703125,686.3099975585938,686.4749755859375,1058586,6.531569772374565,5.094728384325009e-05
2026-03-02 16:50:00+00:00,686.4749755859375,686.5565185546875,685.989990234375,686.1199951171875,924508,6.531052532425067,-0.0005172399494988156
2026-03-02 16:55:00+00:00,686.1199951171875,686.52001953125,685.9099731445312,686.2349853515625,551820,6.53122011331526,0.00016758089019308642
2026-03-02 17:00:00+00:00,686.2349853515625,686.4000244140625,685.8499755859375,686.3200073242188,522097,6.531344001936436,0.00012388862117607147
2026-03-02 17:05:00+00:00,686.2999877929688,686.6199951171875,685.8800048828125,686.1099853515625,504042,6.531037943375464,-0.0003060585609713229
2026-03-02 17:10:00+00:00,686.1099853515625,686.4099731445312,685.7100219726562,686.364990234375,587567,6.5314095419696585,0.00037159859419411134
2026-03-02 17:15:00+00:00,686.3699951171875,687.0900268554688,686.3250122070312,687.0399780273438,555931,6.53239248270879,0.0009829407391315215
2026-03-02 17:20:00+00:00,687.0399780273438,687.1900024414062,686.6900024414062,687.030029296875,611733,6.532378002033983,-1.4480674806804927e-05
2026-03-02 17:25:00+00:00,687.0399780273438,687.0499877929688,686.47998046875,686.4837036132812,492183,6.53158248656251,-0.0007955154714736068
2026-03-02 17:30:00+00:00,686.47998046875,686.72998046875,686.0900268554688,686.1099853515625,432094,6.531037943375464,-0.0005445431870452211
2026-03-02 17:35:00+00:00,686.1099853515625,686.6900024414062,686.0800170898438,686.2650146484375,314790,6.531263871853518,0.00022592847805391614
2026-03-02 17:40:00+00:00,686.27001953125,686.8800048828125,686.1500244140625,686.6900024414062,433396,6.531882956676039,0.0006190848225209322
2026-03-02 17:45:00+00:00,686.7000122070312,687.0,686.5549926757812,686.8200073242188,430311,6.532072259822397,0.00018930314635756673
2026-03-02 17:50:00+00:00,686.8200073242188,687.3099975585938,686.6500244140625,687.14501953125,490240,6.532545360966517,0.00047310114412013604
2026-03-02 17:55:00+00:00,687.1309814453125,687.3099975585938,686.7100219726562,687.2199096679688,418267,6.532654342409803,0.00010898144328574944
2026-03-02 18:00:00+00:00,687.219970703125,687.4199829101562,687.0900268554688,687.219970703125,363748,6.532654431224391,8.881458857246116e-08
2026-03-02 18:05:00+00:00,687.25,687.4099731445312,686.9299926757812,686.9299926757812,297394,6.53223238408343,-0.00042204714096083507
2026-03-02 18:10:00+00:00,686.9249877929688,687.096923828125,686.8300170898438,687.010009765625,322598,6.532348862371845,0.00011647828841443442
2026-03-02 18:15:00+00:00,686.989990234375,687.02001953125,686.5399780273438,686.5599975585938,296596,6.531693617687216,-0.0006552446846290749
2026-03-02 18:20:00+00:00,686.5700073242188,686.5999755859375,686.1002197265625,686.4299926757812,418416,6.531504242842351,-0.00018937484486514222
2026-03-02 18:25:00+00:00,686.4199829101562,686.8699951171875,686.239990234375,686.719970703125,331240,6.53192659734024,0.000422354497889188
2026-03-02 18:30:00+00:00,686.75,686.8400268554688,686.4349975585938,686.5599975585938,361430,6.531693617687216,-0.00023297965302404577
2026-03-02 18:35:00+00:00,686.5599975585938,686.5650024414062,686.0700073242188,686.2000122070312,403187,6.531169148213669,-0.0005244694735466737
2026-03-02 18:40:00+00:00,686.2000122070312,686.3350219726562,685.7849731445312,686.25,497575,6.53124199282374,7.284461007106557e-05
2026-03-02 18:45:00+00:00,686.219970703125,686.2349853515625,685.3098754882812,685.8300170898438,536314,6.530629808522473,-0.0006121843012669714
2026-03-02 18:50:00+00:00,685.8200073242188,686.010009765625,685.5299072265625,685.719970703125,343684,6.530469338415026,-0.00016047010744735246
2026-03-02 18:55:00+00:00,685.72998046875,685.75,685.2249755859375,685.280029296875,658907,6.529827556618746,-0.0006417817962800498
2026-03-02 19:00:00+00:00,685.27001953125,685.739990234375,685.1900024414062,685.6599731445312,620773,6.530381838872829,0.0005542822540833825
2026-03-02 19:05:00+00:00,685.6599731445312,686.47998046875,685.52001953125,686.4400024414062,512597,6.531518825090722,0.0011369862178929324
2026-03-02 19:10:00+00:00,686.4500122070312,686.989990234375,686.3900146484375,686.9299926757812,666017,6.53223238408343,0.0007135589927083075
2026-03-02 19:15:00+00:00,686.9299926757812,687.7899780273438,686.9299926757812,687.6799926757812,1021924,6.533323602803525,0.0010912187200942114
2026-03-02 19:20:00+00:00,687.6749877929688,688.2100219726562,687.625,687.7000122070312,844104,6.533352714076308,2.9111272783488573e-05
2026-03-02 19:25:00+00:00,687.6923217773438,688.280029296875,687.5499877929688,688.2000122070312,563990,6.534079511101002,0.0007267970246935818
2026-03-02 19:30:00+00:00,688.2100219726562,688.5499267578125,688.1300048828125,688.3699951171875,846342,6.53432647698013,0.0002469658791284246
2026-03-02 19:35:00+00:00,688.3599853515625,688.6199951171875,688.239990234375,688.2550048828125,648854,6.5341594158928435,-0.00016706108728659075
2026-03-02 19:40:00+00:00,688.25,688.4500122070312,687.969970703125,688.0599975585938,499571,6.533876039884913,-0.0002833760079301584
2026-03-02 19:45:00+00:00,688.0599975585938,688.4099731445312,688.0399780273438,688.260009765625,358363,6.5341666877100915,0.00029064782517806975
2026-03-02 19:50:00+00:00,688.260009765625,688.530029296875,688.0999755859375,688.4600830078125,342919,6.534457339738265,0.0002906520281733549
2026-03-02 19:55:00+00:00,688.4600219726562,688.52001953125,688.1400146484375,688.1950073242188,448551,6.534072238649792,-0.00038510108847322755
2026-03-02 20:00:00+00:00,688.1900024414062,688.3300170898438,687.875,688.0250244140625,571489,6.533825209966731,-0.0002470286830602575
2026-03-02 20:05:00+00:00,688.0399780273438,688.1599731445312,685.9600219726562,686.18798828125,2559327,6.531151625580453,-0.002673584386278627
2026-03-02 20:10:00+00:00,686.1900024414062,686.219970703125,685.1199951171875,685.260009765625,2572803,6.5297983425415485,-0.0013532830389042516
2026-03-02 20:15:00+00:00,685.260009765625,686.5800170898438,684.8900146484375,686.0399780273438,2116246,6.530935903035636,0.0011375604940875306
2026-03-02 20:20:00+00:00,686.0700073242188,686.2999877929688,685.4500122070312,685.6300048828125,1128474,6.530338130740773,-0.0005977722948626862
2026-03-02 20:25:00+00:00,685.6300048828125,686.0499877929688,685.239990234375,685.3499755859375,1070422,6.529929621054624,-0.0004085096861494719
2026-03-02 20:30:00+00:00,685.3499755859375,686.0900268554688,685.2000122070312,686.02001953125,754002,6.53090681029023,0.0009771892356065237
2026-03-02 20:35:00+00:00,686.02001953125,686.4099731445312,685.6199951171875,686.0900268554688,866897,6.531008853598585,0.00010204330835428266
2026-03-02 20:40:00+00:00,686.0900268554688,686.2949829101562,685.5599975585938,686.22998046875,760143,6.531212820039385,0.00020396644080022952
2026-03-02 20:45:00+00:00,686.219970703125,686.6799926757812,685.9650268554688,686.3300170898438,1324694,6.53135858652165,0.00014576648226505284
2026-03-02 20:50:00+00:00,686.3300170898438,686.760009765625,685.97998046875,686.739990234375,1952495,6.531955749309457,0.0005971627878071928
2026-03-02 20:55:00+00:00,686.760009765625,687.3099975585938,686.3300170898438,686.3699951171875,7033040,6.531416833810932,-0.0005389154985246947
2026-03-03 14:30:00+00:00,675.0599975585938,676.4400024414062,674.4400024414062,674.5399780273438,8913931,6.51403094450271,-0.017385889308222602
2026-03-03 14:35:00+00:00,674.5499877929688,677.0999755859375,674.125,675.760009765625,2703830,6.5158379978705625,0.0018070533678526957
2026-03-03 14:40:00+00:00,675.780029296875,675.9949951171875,673.219970703125,673.4400024414062,1851883,6.512398908647537,-0.0034390892230256043
2026-03-03 14:45:00+00:00,673.4400024414062,674.7999877929688,672.4600219726562,672.469970703125,2672198,6.5109574572494555,-0.0014414513980813837
2026-03-03 14:50:00+00:00,672.489990234375,673.9290771484375,672.25,673.280029296875,2450628,6.512161334182892,0.0012038769334363764
2026-03-03 14:55:00+00:00,673.260009765625,673.47998046875,671.9500122070312,672.3800048828125,1508690,6.510823664154196,-0.001337670028696003
2026-03-03 15:00:00+00:00,672.3599853515625,673.9299926757812,671.780029296875,672.1799926757812,2403287,6.5105261509024706,-0.00029751325172533427
2026-03-03 15:05:00+00:00,672.1599731445312,673.239990234375,671.6300048828125,672.3499755859375,1958881,6.5107790019583405,0.0002528510558699182
2026-03-03 15:10:00+00:00,672.3499755859375,673.5599975585938,671.6900024414062,672.6400146484375,1921847,6.511210290026061,0.00043128806772063655
2026-03-03 15:15:00+00:00,672.6199951171875,672.9500122070312,670.8800048828125,671.0599975585938,2741090,6.508858548113871,-0.0023517419121903416
2026-03-03 15:20:00+00:00,671.0599975585938,671.1099853515625,669.8699951171875,670.4500122070312,2081185,6.507949146932872,-0.0009094011809986924
2026-03-03 15:25:00+00:00,670.4500122070312,670.6199951171875,669.6599731445312,669.8499755859375,1915481,6.5070537702759355,-0.0008953766569366195
2026-03-03 15:30:00+00:00,669.8499755859375,671.8743896484375,669.780029296875,671.030029296875,2043670,6.508813889020778,0.0017601187448423872
2026-03-03 15:35:00+00:00,671.02001953125,672.22998046875,670.8200073242188,671.7000122070312,1244869,6.509811830446157,0.000997941425379345
2026-03-03 15:40:00+00:00,671.6799926757812,672.5,670.9600219726562,671.22998046875,2181477,6.509111821123201,-0.0007000093229558857
2026-03-03 15:45:00+00:00,671.22998046875,672.1699829101562,670.72998046875,671.3200073242188,1223848,6.509245934350154,0.00013411322695233707
2026-03-03 15:50:00+00:00,671.3098754882812,671.5999755859375,670.3400268554688,670.6099853515625,1100057,6.50818772409658,-0.0010582102535732218
2026-03-03 15:55:00+00:00,670.5999755859375,672.1099853515625,670.530029296875,671.97998046875,1413670,6.510228549110268,0.0020408250136876305
2026-03-03 16:00:00+00:00,671.9600219726562,673.5499877929688,671.75,673.4600219726562,1562827,6.512428635473417,0.0022000863631488343
2026-03-03 16:05:00+00:00,673.469970703125,674.9199829101562,673.4199829101562,674.5399780273438,1680164,6.51403094450271,0.0016023090292929254
2026-03-03 16:10:00+00:00,674.5700073242188,675.280029296875,674.239990234375,675.030029296875,1064533,6.514757177730197,0.0007262332274873273
2026-03-03 16:15:00+00:00,675.030029296875,676.1699829101562,675.0,675.280029296875,1235342,6.515127463060245,0.0003702853300477926
2026-03-03 16:20:00+00:00,675.2899780273438,676.39501953125,674.97998046875,676.3499755859375,1360293,6.516710657438415,0.0015831943781696722
2026-03-03 16:25:00+00:00,676.3300170898438,676.5800170898438,675.7999877929688,676.02001953125,1113700,6.516222690295656,-0.00048796714275844977
2026-03-03 16:30:00+00:00,676.0,676.0800170898438,674.6599731445312,675.7899780273438,1066209,6.515882344379377,-0.0003403459162791833
2026-03-03 16:35:00+00:00,675.780029296875,676.5700073242188,675.5499877929688,676.0800170898438,1142530,6.516311437514069,0.0004290931346924154
2026-03-03 16:40:00+00:00,676.0552978515625,676.8499755859375,675.260009765625,676.6900024414062,1102146,6.517213269139693,0.000901831625623295
2026-03-03 16:45:00+00:00,676.6799926757812,678.4500122070312,676.630615234375,677.5999755859375,1836798,6.518557107307646,0.0013438381679531375
2026-03-03 16:50:00+00:00,677.5999755859375,677.969970703125,677.22998046875,677.9199829101562,847973,6.519029261669015,0.00047215436136927025
2026-03-03 16:55:00+00:00,677.9500122070312,678.2899780273438,677.3599853515625,677.5599975585938,797965,6.518498106114949,-0.0005311555540661317
2026-03-03 17:00:00+00:00,677.5700073242188,677.9199829101562,676.7899780273438,677.4400024414062,837096,6.518320991550371,-0.00017711456457814023
2026-03-03 17:05:00+00:00,677.4400024414062,677.8300170898438,676.6500244140625,676.7698974609375,701266,6.517331329556008,-0.0009896619943630114
2026-03-03 17:10:00+00:00,676.7999877929688,677.1699829101562,676.3699951171875,677.1099853515625,562561,6.517833719616005,0.0005023900599976372
2026-03-03 17:15:00+00:00,677.1300048828125,677.7000122070312,676.6500244140625,677.5800170898438,449450,6.518527652185517,0.0006939325695114462
2026-03-03 17:20:00+00:00,677.5800170898438,678.280029296875,676.9099731445312,678.27001953125,625951,6.51954546755202,0.0010178153665032497
2026-03-03 17:25:00+00:00,678.280029296875,678.489990234375,677.739990234375,678.3200073242188,611311,6.519619163793334,7.369624131392527e-05
2026-03-03 17:30:00+00:00,678.3200073242188,678.3599853515625,676.3150024414062,676.5,813044,6.516932447610842,-0.002686716182491722
2026-03-03 17:35:00+00:00,676.510009765625,677.1199951171875,676.0800170898438,676.780029296875,622302,6.5173463003165795,0.00041385270573712774
2026-03-03 17:40:00+00:00,676.780029296875,678.4099731445312,676.739990234375,678.2899780273438,613835,6.519574892709966,0.0022285923933864638
2026-03-03 17:45:00+00:00,678.260009765625,678.4739990234375,677.6799926757812,678.260009765625,616711,6.51953070965443,-4.418305553599566e-05
2026-03-03 17:50:00+00:00,678.27001953125,678.3099975585938,676.905029296875,677.0700073242188,673993,6.51777467572587,-0.0017560339285598303
2026-03-03 17:55:00+00:00,677.0499877929688,677.75,676.8800048828125,677.4199829101562,412434,6.518291439373072,0.0005167636472016568
2026-03-03 18:00:00+00:00,677.3900146484375,678.780029296875,677.3800048828125,678.4199829101562,597169,6.519766539984554,0.0014751006114819276
2026-03-03 18:05:00+00:00,678.4500122070312,678.9099731445312,678.1699829101562,678.8099975585938,398137,6.520341261534749,0.0005747215501950009
2026-03-03 18:10:00+00:00,678.8099975585938,678.8900146484375,677.6199951171875,678.0700073242188,520173,6.51925053825034,-0.0010907232844088455
2026-03-03 18:15:00+00:00,678.090087890625,678.8200073242188,678.0399780273438,678.6599731445312,377671,6.520120226200029,0.000869687949689002
2026-03-03 18:20:00+00:00,678.6500244140625,680.0800170898438,678.6199951171875,680.0399780273438,986904,6.522151587658699,0.002031361458669778
2026-03-03 18:25:00+00:00,680.0399780273438,680.4299926757812,679.6699829101562,679.8200073242188,973412,6.521828068020775,-0.0003235196379236527
2026-03-03 18:30:00+00:00,679.8200073242188,680.780029296875,679.6699829101562,680.5599975585938,692049,6.52291598508028,0.0010879170595048393
2026-03-03 18:35:00+00:00,680.5499877929688,681.3499755859375,680.25,681.3300170898438,965914,6.524046795358675,0.0011308102783953444
2026-03-03 18:40:00+00:00,681.3499755859375,681.8699951171875,680.8599853515625,681.0850219726562,1372225,6.523687147068244,-0.0003596482904315579
2026-03-03 18:45:00+00:00,681.0999755859375,681.47998046875,680.4500122070312,681.4099731445312,1033586,6.524164141375307,0.00047699430706327206
2026-03-03 18:50:00+00:00,681.4099731445312,681.9099731445312,681.2100219726562,681.4299926757812,940055,6.524193520512628,2.9379137321150495e-05
2026-03-03 18:55:00+00:00,681.4000244140625,681.5800170898438,680.9299926757812,681.260009765625,495423,6.523944039103454,-0.00024948140917402384
2026-03-03 19:00:00+00:00,681.239990234375,681.469970703125,680.77001953125,681.219970703125,743113,6.52388526530408,-5.877379937402338e-05
2026-03-03 19:05:00+00:00,681.219970703125,681.3400268554688,679.97998046875,680.0800170898438,812247,6.52221046343827,-0.0016748018658097052
2026-03-03 19:10:00+00:00,680.0900268554688,680.6699829101562,679.6649780273438,680.5800170898438,912754,6.522945400909711,0.0007349374714404888
2026-03-03 19:15:00+00:00,680.5900268554688,681.160888671875,680.469970703125,680.97998046875,475007,6.523532908461531,0.0005875075518204653
2026-03-03 19:20:00+00:00,681.0,681.52001953125,680.9500122070312,680.97998046875,492601,6.523532908461531,0.0
2026-03-03 19:25:00+00:00,680.9400024414062,681.0900268554688,680.4000244140625,680.5,423667,6.522827822091521,-0.0007050863700106547
2026-03-03 19:30:00+00:00,680.5,680.719970703125,679.4500122070312,679.6599731445312,701162,6.521592633615376,-0.0012351884761443443
2026-03-03 19:35:00+00:00,679.6500244140625,681.8200073242188,679.2750244140625,681.0,1808142,6.523562306149512,0.0019696725341358245
2026-03-03 19:40:00+00:00,681.010009765625,682.0,680.780029296875,681.9400024414062,1009201,6.524941681013799,0.0013793748642871861
2026-03-03 19:45:00+00:00,681.9550170898438,682.6099853515625,681.8400268554688,682.030029296875,1473045,6.525073688101205,0.0001320070874060164
2026-03-03 19:50:00+00:00,682.030029296875,682.4000244140625,680.8499755859375,681.4199829101562,1039893,6.5241788310518585,-0.0008948570493467756
2026-03-03 19:55:00+00:00,681.4299926757812,681.530029296875,680.6699829101562,681.2329711914062,643567,6.523904349248753,-0.00027448180310507553
2026-03-03 20:00:00+00:00,681.25,681.9500122070312,680.8699951171875,681.1900024414062,770732,6.5238412722883,-6.307696045304567e-05
2026-03-03 20:05:00+00:00,681.1599731445312,681.5900268554688,680.75,681.47998046875,630778,6.524266875017292,0.0004256027289919473
2026-03-03 20:10:00+00:00,681.4600219726562,681.7899780273438,680.72998046875,680.7449951171875,697454,6.523187779513898,-0.0010790955033943561
2026-03-03 20:15:00+00:00,680.719970703125,681.0800170898438,680.1799926757812,680.489990234375,1102295,6.522813112555526,-0.00037466695837196085
2026-03-03 20:20:00+00:00,680.5,681.010009765625,680.3099975585938,680.7050170898438,804414,6.523129050912779,0.000315938357252854
2026-03-03 20:25:00+00:00,680.7150268554688,681.3049926757812,680.1599731445312,681.0499877929688,810633,6.52363570696951,0.0005066560567312806
2026-03-03 20:30:00+00:00,681.0399780273438,681.3200073242188,680.77001953125,680.7999877929688,795630,6.523268559328742,-0.0003671476407678398
2026-03-03 20:35:00+00:00,680.8099975585938,681.510009765625,680.2899780273438,680.5700073242188,977322,6.522930693103157,-0.0003378662255855147
2026-03-03 20:40:00+00:00,680.5900268554688,680.8400268554688,680.2000122070312,680.4500122070312,926747,6.522754361945971,-0.00017633115718584946
2026-03-03 20:45:00+00:00,680.4400024414062,680.77001953125,680.0,680.47998046875,1363669,6.522798402803157,4.4040857186011806e-05
2026-03-03 20:50:00+00:00,680.469970703125,680.6400146484375,679.2100219726562,680.0900268554688,1834964,6.52222518184156,-0.0005732209615967321
2026-03-03 20:55:00+00:00,680.0800170898438,680.3200073242188,679.8150024414062,680.0399780273438,421367,6.522151587658699,-7.359418286156938e-05
2026-03-04 14:30:00+00:00,681.6300048828125,683.5180053710938,681.4000244140625,682.7999877929688,4797405,6.526201973042384,0.0040503853836852954
2026-03-04 14:35:00+00:00,682.7999877929688,682.9099731445312,680.739990234375,680.989990234375,1568352,6.523547607413549,-0.0026543656288344764
2026-03-04 14:40:00+00:00,681.02001953125,681.0399780273438,680.02001953125,680.2100219726562,1155852,6.522401606326147,-0.0011460010874024817
2026-03-04 14:45:00+00:00,680.2000122070312,681.72998046875,679.6199951171875,680.8599853515625,1053990,6.523356683471063,0.0009550771449156059
2026-03-04 14:50:00+00:00,680.8599853515625,681.7474975585938,680.25,681.469970703125,707816,6.52425218663403,0.0008955031629671595
2026-03-04 14:55:00+00:00,681.5,681.5800170898438,680.739990234375,681.302978515625,566474,6.524007109582227,-0.00024507705180276673
2026-03-04 15:00:00+00:00,681.4099731445312,682.6699829101562,680.8699951171875,681.5800170898438,1308343,6.524413657435458,0.00040654785323113174
2026-03-04 15:05:00+00:00,681.5599975585938,683.2999877929688,681.3699951171875,683.1099853515625,853352,6.5266558793319795,0.002242221896521457
2026-03-04 15:10:00+00:00,683.1500244140625,683.760009765625,682.5,683.239990234375,878157,6.526846174476749,0.00019029514476986975
2026-03-04 15:15:00+00:00,683.2100219726562,684.52001953125,683.1500244140625,684.4500122070312,1126611,6.528615613876324,0.001769439399574857
2026-03-04 15:20:00+00:00,684.4600219726562,685.5700073242188,684.27001953125,685.5349731445312,1520804,6.530199516146678,0.0015839022703536543
2026-03-04 15:25:00+00:00,685.5250244140625,686.27001953125,685.114990234375,686.1400146484375,1554959,6.531081709885765,0.0008821937390868229
2026-03-04 15:30:00+00:00,686.1500244140625,686.3099975585938,685.3499755859375,685.3699951171875,1400366,6.529958831296948,-0.0011228785888164339
2026-03-04 15:35:00+00:00,685.3699951171875,685.52001953125,684.52001953125,684.6199951171875,1066922,6.528863932676854,-0.0010948986200940425
2026-03-04 15:40:00+00:00,684.6300048828125,684.9099731445312,684.3499755859375,684.469970703125,1112508,6.5286447733543715,-0.0002191593224827315
2026-03-04 15:45:00+00:00,684.47998046875,684.6900024414062,683.8800048828125,684.5700073242188,995438,6.528790914625448,0.00014614127107659414
2026-03-04 15:50:00+00:00,684.5700073242188,685.0900268554688,684.0800170898438,684.9849853515625,948349,6.529396918827197,0.0006060042017486111
2026-03-04 15:55:00+00:00,684.9650268554688,685.9000244140625,684.9099731445312,685.8300170898438,744993,6.530629808522473,0.0012328896952764623
2026-03-04 16:00:00+00:00,685.8400268554688,686.6400146484375,685.8400268554688,686.239990234375,1338424,6.531227406537944,0.0005975980154708793
2026-03-04 16:05:00+00:00,686.25,686.3192749023438,685.510009765625,685.6599731445312,1067317,6.530381838872829,-0.0008455676651148991
2026-03-04 16:10:00+00:00,685.6799926757812,685.719970703125,684.3300170898438,684.5399780273438,1487558,6.528747047737907,-0.0016347911349221533
2026-03-04 16:15:00+00:00,684.5599975585938,685.1500244140625,684.2899780273438,684.530029296875,1057069,6.528732514178023,-1.4533559884455372e-05
2026-03-04 16:20:00+00:00,684.52001953125,684.9600219726562,684.1799926757812,684.4542846679688,699700,6.528621856037953,-0.00011065814006983032
2026-03-04 16:25:00+00:00,684.4400024414062,685.4500122070312,684.3200073242188,685.1900024414062,822866,6.529696175627533,0.0010743195895805968
2026-03-04 16:30:00+00:00,685.1799926757812,685.8400268554688,685.0599975585938,685.530029296875,504033,6.53019230445701,0.0004961288294769162
2026-03-04 16:35:00+00:00,685.530029296875,685.8400268554688,684.8499755859375,685.0900268554688,944728,6.529550255692954,-0.0006420487640559358
2026-03-04 16:40:00+00:00,685.0800170898438,686.2999877929688,685.0399780273438,686.1300048828125,820287,6.531067121261831,0.0015168655688766464
2026-03-04 16:45:00+00:00,686.1400146484375,686.4000244140625,685.8599853515625,686.1099853515625,855290,6.531037943375464,-2.9177886366582584e-05
2026-03-04 16:50:00+00:00,686.1099853515625,686.2899780273438,685.5800170898438,686.0750122070312,728571,6.530986968988482,-5.097438698253853e-05
2026-03-04 16:55:00+00:00,686.0800170898438,686.280029296875,685.6799926757812,685.780029296875,484326,6.530556919302796,-0.0004300496856854963
2026-03-04 17:00:00+00:00,685.7949829101562,686.3101196289062,685.530029296875,686.27001953125,506690,6.53127116475707,0.0007142454542732324
2026-03-04 17:05:00+00:00,686.27001953125,686.3599853515625,685.8599853515625,686.0850219726562,563792,6.531001558781766,-0.0002696059753040103
2026-03-04 17:10:00+00:00,686.0999755859375,686.3150024414062,685.989990234375,686.0399780273438,362950,6.530935903035636,-6.565574612960035e-05
2026-03-04 17:15:00+00:00,686.0399780273438,686.1400146484375,685.8099975585938,685.9400024414062,465723,6.530790163903086,-0.00014573913254967152
2026-03-04 17:20:00+00:00,685.9199829101562,686.1400146484375,685.3800048828125,685.7999877929688,972526,6.530586022229124,-0.00020414167396243244
2026-03-04 17:25:00+00:00,685.7899780273438,686.0999755859375,685.3099975585938,685.3250122070312,497853,6.529893196111977,-0.0006928261171470496
2026-03-04 17:30:00+00:00,685.3499755859375,685.52001953125,684.5800170898438,685.4500122070312,906025,6.530075574690693,0.0001823785787165022
2026-03-04 17:35:00+00:00,685.469970703125,686.0999755859375,685.3099975585938,686.0399780273438,530617,6.530935903035636,0.0008603283449426513
2026-03-04 17:40:00+00:00,686.0499877929688,686.219970703125,685.5601196289062,685.8099975585938,834499,6.530600617873268,-0.00033528516236813743
2026-03-04 17:45:00+00:00,685.7899780273438,686.1300048828125,685.760009765625,685.9299926757812,700748,6.530775571025247,0.00017495315197901817
2026-03-04 17:50:00+00:00,685.9400024414062,686.4199829101562,685.7899780273438,686.3200073242188,427361,6.531344001936436,0.0005684309111888552
2026-03-04 17:55:00+00:00,686.3300170898438,686.4199829101562,685.9000244140625,686.1900024414062,464259,6.531154560865294,-0.0001894410711420491
2026-03-04 18:00:00+00:00,686.2000122070312,686.489990234375,685.9500122070312,686.0,618425,6.530877627725885,-0.00027693313940879705
2026-03-04 18:05:00+00:00,686.0,686.4199829101562,685.7750244140625,686.239990234375,491711,6.531227406537944,0.00034977881205922046
2026-03-04 18:10:00+00:00,686.2550048828125,686.3499755859375,685.8399047851562,685.9349975585938,483080,6.530782867490786,-0.00044453904715791026
2026-03-04 18:15:00+00:00,685.9299926757812,685.97998046875,685.6099853515625,685.6099853515625,493841,6.530308931575939,-0.00047393591484734543
2026-03-04 18:20:00+00:00,685.5999755859375,685.9299926757812,685.3800048828125,685.6099853515625,585981,6.530308931575939,0.0
2026-03-04 18:25:00+00:00,685.6199951171875,686.1599731445312,685.510009765625,686.10498046875,378516,6.531030648770848,0.0007217171949092105
2026-03-04 18:30:00+00:00,686.1099853515625,686.7100219726562,686.0999755859375,686.3499755859375,645555,6.531387666126804,0.0003570173559559464
2026-03-04 18:35:00+00:00,686.3485107421875,686.6801147460938,686.3200073242188,686.385009765625,382834,6.5314387090157355,5.104288893154063e-05
2026-03-04 18:40:00+00:00,686.375,686.7899780273438,686.364990234375,686.5399780273438,430110,6.531664458075232,0.00022574905949657165
2026-03-04 18:45:00+00:00,686.5499877929688,686.77001953125,686.260009765625,686.739990234375,471322,6.531955749309457,0.0002912912342249996
2026-03-04 18:50:00+00:00,686.739990234375,686.8699951171875,686.5900268554688,686.6199951171875,359771,6.531781002529629,-0.00017474677982853848
2026-03-04 18:55:00+00:00,686.6199951171875,686.6300048828125,686.2000122070312,686.5449829101562,641691,6.531671748057943,-0.00010925447168563807
2026-03-04 19:00:00+00:00,686.5499877929688,686.9099731445312,686.3900146484375,686.8201293945312,473101,6.532072437554991,0.00040068949704785695
2026-03-04 19:05:00+00:00,686.8300170898438,686.8800048828125,686.6099853515625,686.72998046875,340819,6.531941173431078,-0.0001312641239126222
2026-03-04 19:10:00+00:00,686.7294921875,686.9500122070312,686.6599731445312,686.8350219726562,337578,6.532094120694476,0.00015294726339742937
2026-03-04 19:15:00+00:00,686.8400268554688,686.9600219726562,686.72998046875,686.7949829101562,365332,6.53203582397357,-5.829672090573723e-05
2026-03-04 19:20:00+00:00,686.7899780273438,686.9099731445312,686.6099853515625,686.840087890625,308767,6.532101496409348,6.567243577837445e-05
2026-03-04 19:25:00+00:00,686.844970703125,686.8599853515625,686.4700927734375,686.5999755859375,395722,6.531751845465679,-0.00034965094366956606
2026-03-04 19:30:00+00:00,686.6099853515625,686.8099975585938,686.4450073242188,686.52001953125,417903,6.531635386518082,-0.00011645894759659825
2026-03-04 19:35:00+00:00,686.510009765625,686.8800048828125,686.4949951171875,686.864990234375,503555,6.532137752144512,0.0005023656264295795
2026-03-04 19:40:00+00:00,686.8800048828125,686.9400024414062,686.510009765625,686.6799926757812,461150,6.531868379736598,-0.00026937240791369277
2026-03-04 19:45:00+00:00,686.6900024414062,686.8499755859375,686.5,686.836181640625,450877,6.532095809115934,0.00022742937933628582
2026-03-04 19:50:00+00:00,686.8400268554688,687.0900268554688,686.7901000976562,687.0,479219,6.532334292222349,0.00023848310641483295
2026-03-04 19:55:00+00:00,686.9949951171875,687.0,686.739990234375,686.8099975585938,372089,6.532057685642174,-0.0002766065801749207
2026-03-04 20:00:00+00:00,686.8150024414062,687.0050048828125,686.6599731445312,686.9099731445312,495751,6.5322032401776635,0.00014555453548936725
2026-03-04 20:05:00+00:00,686.9199829101562,686.989990234375,686.35498046875,686.489990234375,546123,6.531591644234099,-0.0006115959435648577
2026-03-04 20:10:00+00:00,686.489990234375,686.489990234375,686.0750122070312,686.2000122070312,613835,6.531169148213669,-0.0004224960204295414
2026-03-04 20:15:00+00:00,686.2000122070312,686.2999877929688,685.9249877929688,685.9550170898438,918333,6.530812052820568,-0.0003570953931006926
2026-03-04 20:20:00+00:00,685.947998046875,686.0700073242188,685.4749755859375,685.75,831935,6.530513129817713,-0.0002989230028553891
2026-03-04 20:25:00+00:00,685.739990234375,686.280029296875,685.739990234375,686.22998046875,822731,6.531212820039385,0.0006996902216718226
2026-03-04 20:30:00+00:00,686.239990234375,686.3798217773438,685.9299926757812,685.9899291992188,704093,6.530862947150515,-0.00034987288886956236
2026-03-04 20:35:00+00:00,685.9849853515625,686.3599853515625,685.9400024414062,686.1599731445312,633149,6.531110797543381,0.00024785039286534527
2026-03-04 20:40:00+00:00,686.1500244140625,686.6300048828125,686.0599975585938,686.5050048828125,842791,6.5316135156152635,0.0005027180718828461
2026-03-04 20:45:00+00:00,686.5,686.6199951171875,686.25,686.3200073242188,1141693,6.531344001936436,-0.0002695136788277708
2026-03-04 20:50:00+00:00,686.3200073242188,686.3250122070312,685.3599853515625,685.97998046875,2642473,6.5308484443098935,-0.0004955576265421868
2026-03-04 20:55:00+00:00,685.97998046875,686.1849975585938,685.1599731445312,685.1649780273438,5220417,6.529659653099543,-0.0011887912103505371
2026-03-05 14:30:00+00:00,682.0800170898438,684.1500244140625,681.8699951171875,684.1300048828125,4130069,6.5281479651805165,-0.0015116879190264498
2026-03-05 14:35:00+00:00,684.1300048828125,684.4500122070312,683.0900268554688,683.6799926757812,1482017,6.527489961182781,-0.0006580039977359675
2026-03-05 14:40:00+00:00,683.6599731445312,683.72998046875,682.4299926757812,682.6900024414062,1388037,6.526040880170833,-0.0014490810119474062
2026-03-05 14:45:00+00:00,682.7100219726562,683.77001953125,682.1699829101562,682.8109741210938,1337441,6.526218063024716,0.0001771828538830178
2026-03-05 14:50:00+00:00,682.8099975585938,683.9299926757812,682.5900268554688,683.8599853515625,944676,6.527753196890274,0.0015351338655573699
2026-03-05 14:55:00+00:00,683.8400268554688,685.1011962890625,683.5900268554688,685.0999755859375,1387779,6.529564777373088,0.001811580482814712
2026-03-05 15:00:00+00:00,685.0900268554688,685.530029296875,684.1900024414062,684.25,1590781,6.5283233479207885,-0.0012414294522997693
2026-03-05 15:05:00+00:00,684.25,684.3400268554688,682.89501953125,683.52001953125,1253201,6.527255945466232,-0.0010674024545567207
2026-03-05 15:10:00+00:00,683.530029296875,684.39990234375,683.0499877929688,684.2888793945312,1740040,6.528380166758933,0.0011242212927013995
2026-03-05 15:15:00+00:00,684.2999877929688,684.3499755859375,682.739990234375,682.840087890625,944219,6.526260700225896,-0.0021194665330375173
2026-03-05 15:20:00+00:00,682.8400268554688,682.8499755859375,681.0399780273438,681.0399780273438,1398903,6.523621009312415,-0.002639690913480486
2026-03-05 15:25:00+00:00,681.0449829101562,681.469970703125,680.3300170898438,680.8200073242188,2118184,6.52329796478889,-0.0003230445235251622
2026-03-05 15:30:00+00:00,680.8300170898438,680.8699951171875,679.3200073242188,680.1799926757812,2430653,6.522357458256025,-0.0009405065328653706
2026-03-05 15:35:00+00:00,680.1799926757812,681.1600952148438,679.8300170898438,681.0700073242188,1439936,6.523665101635653,0.0013076433796284093
2026-03-05 15:40:00+00:00,681.1199951171875,681.8099975585938,680.8900146484375,681.22998046875,1016781,6.523899959077773,0.00023485744211981796
2026-03-05 15:45:00+00:00,681.2100219726562,682.0499877929688,681.1199951171875,681.27001953125,717351,6.52395873201357,5.877293579725773e-05
2026-03-05 15:50:00+00:00,681.2899780273438,682.5800170898438,681.1799926757812,682.1099853515625,966537,6.525190913684973,0.0012321816714031542
2026-03-05 15:55:00+00:00,682.1099853515625,682.260009765625,681.2899780273438,682.1099853515625,868417,6.525190913684973,0.0
2026-03-05 16:00:00+00:00,682.0999755859375,682.3599853515625,680.8099975585938,680.8499755859375,967740,6.523341981712373,-0.0018489319726002762
2026-03-05 16:05:00+00:00,680.8099975585938,681.14501953125,680.0650024414062,680.1099853515625,1114074,6.5222545282552,-0.0010874534571732042
2026-03-05 16:10:00+00:00,680.0900268554688,680.3499755859375,679.1500244140625,679.8099975585938,1630279,6.5218133437714,-0.00044118448380014996
2026-03-05 16:15:00+00:00,679.7999877929688,680.1799926757812,679.010009765625,679.14501953125,2745487,6.520834682856129,-0.0009786609152708792
2026-03-05 16:20:00+00:00,679.1500244140625,680.3099975585938,679.1099853515625,679.72998046875,1237078,6.52169563176406,0.0008609489079312027
2026-03-05 16:25:00+00:00,679.6849975585938,680.1699829101562,679.4099731445312,679.5349731445312,879069,6.5214087012064255,-0.0002869305576345127
2026-03-05 16:30:00+00:00,679.530029296875,680.7899169921875,679.4600219726562,680.0999755859375,1276409,6.522239810283838,0.0008311090774126839
2026-03-05 16:35:00+00:00,680.1199951171875,680.9550170898438,679.9299926757812,680.5800170898438,1034677,6.522945400909711,0.0007055906258726097
2026-03-05 16:40:00+00:00,680.5700073242188,681.0399780273438,679.8599853515625,680.219970703125,965900,6.522416232187856,-0.0005291687218544894
2026-03-05 16:45:00+00:00,680.239990234375,681.1900024414062,680.2150268554688,680.6699829101562,763280,6.523077582096772,0.0006613499089160868
2026-03-05 16:50:00+00:00,680.6599731445312,681.02001953125,680.2449951171875,680.9000244140625,710262,6.523415488344497,0.0003379062477248951
2026-03-05 16:55:00+00:00,680.8800048828125,681.3499755859375,680.8200073242188,681.0599975585938,825718,6.523650404410588,0.00023491606609038485
2026-03-05 17:00:00+00:00,681.0549926757812,682.4000244140625,680.8300170898438,682.3300170898438,907078,6.525513436829699,0.0018630324191111214
2026-03-05 17:05:00+00:00,682.3300170898438,682.4199829101562,680.969970703125,681.010009765625,1039498,6.523577004669425,-0.0019364321602735046
2026-03-05 17:10:00+00:00,680.969970703125,681.1400146484375,680.1699829101562,680.5499877929688,813286,6.522901276841074,-0.0006757278283515689
2026-03-05 17:15:00+00:00,680.5399780273438,680.5800170898438,679.1697998046875,679.2999877929688,738462,6.521062838227241,-0.0018384386138325937
2026-03-05 17:20:00+00:00,679.2999877929688,679.6699829101562,678.9400024414062,679.4000244140625,811506,6.5212100916612235,0.0001472534339823639
2026-03-05 17:25:00+00:00,679.4099731445312,679.6599731445312,678.489990234375,678.510009765625,1077123,6.51989923195258,-0.0013108597086430862
2026-03-05 17:30:00+00:00,678.510009765625,678.8049926757812,677.239990234375,677.3400268554688,1672485,6.518173402149942,-0.0017258298026385788
2026-03-05 17:35:00+00:00,677.3200073242188,678.6199951171875,677.0800170898438,678.010009765625,1771077,6.519162051497528,0.0009886493475859126
2026-03-05 17:40:00+00:00,678.010009765625,678.4199829101562,676.9500122070312,677.27001953125,1041837,6.518070040559692,-0.001092010937835397
2026-03-05 17:45:00+00:00,677.260009765625,677.2999877929688,676.2999877929688,676.4650268554688,1020180,6.516880749091155,-0.0011892914685374123
2026-03-05 17:50:00+00:00,676.4600219726562,677.3699951171875,676.10498046875,676.469970703125,1357263,6.516888057421068,7.308329912802947e-06
2026-03-05 17:55:00+00:00,676.4600219726562,676.780029296875,676.030029296875,676.4600219726562,1084520,6.516873350480542,-1.4706940525854861e-05
2026-03-05 18:00:00+00:00,676.4500122070312,677.1801147460938,676.3099975585938,677.0900268554688,1048447,6.517804243178381,0.0009308926978395249
2026-03-05 18:05:00+00:00,677.0599975585938,677.9099731445312,676.7999877929688,677.7899780273438,941158,6.5188374730313905,0.0010332298530091322
2026-03-05 18:10:00+00:00,677.7999877929688,678.260009765625,677.2899780273438,678.02001953125,682505,6.519176814836699,0.00033934180530881264
2026-03-05 18:15:00+00:00,678.010009765625,678.2249755859375,676.2901000976562,676.3800048828125,732474,6.516755055503532,-0.0024217593331670173
2026-03-05 18:20:00+00:00,676.3900146484375,677.3726196289062,676.3599853515625,676.9299926757812,668771,6.517567859405432,0.0008128039018995281
2026-03-05 18:25:00+00:00,676.9299926757812,677.0,675.9000244140625,676.2999877929688,788661,6.516636746531166,-0.0009311128742659491
2026-03-05 18:30:00+00:00,676.280029296875,677.02880859375,675.8200073242188,676.369873046875,654510,6.516740075888893,0.00010332935772705554
2026-03-05 18:35:00+00:00,676.3499755859375,677.030029296875,676.2301025390625,676.7000122070312,681380,6.517228061277239,0.00048798538834571303
2026-03-05 18:40:00+00:00,676.75,677.9600219726562,676.7000122070312,677.7899780273438,741053,6.5188374730313905,0.0016094117541518571
2026-03-05 18:45:00+00:00,677.7899780273438,677.8499755859375,676.6900024414062,676.905029296875,684285,6.517530981383363,-0.0013064916480276523
2026-03-05 18:50:00+00:00,676.8900146484375,676.9199829101562,675.9400024414062,676.0700073242188,621507,6.5162966318113815,-0.0012343495719813191
2026-03-05 18:55:00+00:00,676.0599975585938,677.0150146484375,676.0599975585938,676.6199951171875,623271,6.517109808255775,0.000813176444393271
2026-03-05 19:00:00+00:00,676.5999755859375,677.1199951171875,676.3800048828125,676.75,965706,6.517301928494411,0.0001921202386361287
2026-03-05 19:05:00+00:00,676.7598876953125,677.3250122070312,676.719970703125,676.9600219726562,598278,6.5176122194295925,0.00031029093518153417
2026-03-05 19:10:00+00:00,676.9600219726562,677.4500122070312,676.5800170898438,677.3400268554688,442896,6.518173402149942,0.0005611827203493291
2026-03-05 19:15:00+00:00,677.3200073242188,677.3900146484375,676.6593017578125,677.3200073242188,593116,6.518143845610668,-2.9556539273833948e-05
2026-03-05 19:20:00+00:00,677.3300170898438,677.7899780273438,676.8300170898438,677.2100219726562,563069,6.517981449282162,-0.00016239632850556518
2026-03-05 19:25:00+00:00,677.2100219726562,677.4149780273438,676.2899780273438,676.6699829101562,960352,6.517183684208161,-0.0007977650740009778
2026-03-05 19:30:00+00:00,676.6699829101562,676.6699829101562,675.6099853515625,675.989990234375,1018221,6.516178268587735,-0.00100541562042622
2026-03-05 19:35:00+00:00,675.989990234375,676.3699951171875,675.6699829101562,676.3150024414062,698375,6.516658947450934,0.0004806788631990244
2026-03-05 19:40:00+00:00,676.3200073242188,677.0499877929688,676.2899780273438,677.0385131835938,657136,6.51772815930543,0.0010692118544959328
2026-03-05 19:45:00+00:00,677.010009765625,677.4949951171875,676.5599975585938,677.280029296875,558092,6.518084820029279,0.0003566607238489894
2026-03-05 19:50:00+00:00,677.3099975585938,677.72998046875,676.7158813476562,676.72998046875,632168,6.517272346185783,-0.000812473843495809
2026-03-05 19:55:00+00:00,676.7000122070312,677.27001953125,676.4500122070312,677.0900268554688,698295,6.517804243178381,0.0005318969925980355
2026-03-05 20:00:00+00:00,677.0700073242188,678.1500244140625,676.3900146484375,677.9600830078125,1293838,6.519088411587472,0.0012841684090902916
2026-03-05 20:05:00+00:00,677.9450073242188,678.469970703125,676.780029296875,678.25,1422275,6.5195159515390415,0.00042753995156985525
2026-03-05 20:10:00+00:00,678.2550048828125,679.0900268554688,678.1699829101562,678.8150024414062,1368496,6.520348634532171,0.0008326829931295521
2026-03-05 20:15:00+00:00,678.8300170898438,679.4600219726562,678.3900146484375,679.1199951171875,1539501,6.520797835239801,0.00044920070762977105
2026-03-05 20:20:00+00:00,679.1199951171875,679.8369140625,678.8699951171875,679.8200073242188,1264757,6.521828068020775,0.0010302327809741385
2026-03-05 20:25:00+00:00,679.8200073242188,680.4600219726562,679.3920288085938,679.4600219726562,1552343,6.521298397383055,-0.0005296706377198035
2026-03-05 20:30:00+00:00,679.469970703125,680.1799926757812,679.1699829101562,680.0499877929688,1111466,6.522166306928566,0.0008679095455104147
2026-03-05 20:35:00+00:00,680.0399780273438,680.47998046875,679.8800048828125,680.0399780273438,874002,6.522151587658699,-1.4719269866958484e-05
2026-03-05 20:40:00+00:00,680.0499877929688,680.1599731445312,679.5900268554688,679.97998046875,1115152,6.522063357249641,-8.823040905792112e-05
2026-03-05 20:45:00+00:00,679.97998046875,680.52001953125,679.4099731445312,680.5108032226562,1346636,6.5228436973845465,0.0007803401349057992
2026-03-05 20:50:00+00:00,680.52001953125,681.4400024414062,680.3250122070312,681.3599853515625,4112840,6.524090779334003,0.00124708194945633
2026-03-05 20:55:00+00:00,681.3599853515625,681.75,680.9600219726562,681.4400024414062,8715669,6.52420820975762,0.00011743042361711531
2026-03-06 14:30:00+00:00,673.4099731445312,674.0599975585938,672.02001953125,672.4099731445312,7914657,6.510868233584684,-0.013339976172935586
2026-03-06 14:35:00+00:00,672.3900146484375,672.5800170898438,670.4099731445312,671.1099853515625,2336813,6.5089330361349536,-0.0019351974497308078
2026-03-06 14:40:00+00:00,671.1199951171875,672.1900024414062,670.760009765625,670.97998046875,2170521,6.508739301159609,-0.0001937349753449169
2026-03-06 14:45:00+00:00,671.0,671.8300170898438,670.0,670.7000122070312,2056042,6.508321961306126,-0.000417339853482801
2026-03-06 14:50:00+00:00,670.72998046875,672.1300048828125,670.4520263671875,670.72998046875,1686687,6.508366642373177,4.468106705157737e-05
2026-03-06 14:55:00+00:00,670.72998046875,671.1799926757812,669.760009765625,670.8699951171875,2004899,6.508575370237658,0.00020872786448045133
2026-03-06 15:00:00+00:00,670.9099731445312,673.1300048828125,670.8400268554688,672.8300170898438,1963339,6.511492722838665,0.002917352601007117
2026-03-06 15:05:00+00:00,672.8300170898438,673.0499267578125,670.8400268554688,670.97998046875,1456443,6.508739301159609,-0.002753421679056345
2026-03-06 15:10:00+00:00,670.969970703125,673.2999877929688,670.791015625,673.22998046875,1182078,6.512086995592336,0.0033476944327270886
2026-03-06 15:15:00+00:00,673.1900024414062,673.518798828125,672.6199951171875,673.4099731445312,1238723,6.512354316751744,0.00026732115940841794
2026-03-06 15:20:00+00:00,673.419921875,674.3599853515625,673.1400146484375,674.02001953125,1139493,6.513259813039815,0.000905496288070573
2026-03-06 15:25:00+00:00,674.02001953125,674.260009765625,673.530029296875,674.1699829101562,896654,6.513482279278628,0.0002224662388137233
2026-03-06 15:30:00+00:00,674.1300048828125,675.0,674.1199951171875,674.9000244140625,1230005,6.514564567923701,0.0010822886450725377
2026-03-06 15:35:00+00:00,674.9000244140625,675.9149780273438,674.8300170898438,675.5999755859375,1273633,6.515601148796785,0.0010365808730838921
2026-03-06 15:40:00+00:00,675.5900268554688,675.5900268554688,674.1649780273438,674.719970703125,1297299,6.514297746577459,-0.0013034022193254557
2026-03-06 15:45:00+00:00,674.7000122070312,674.9000244140625,673.510009765625,673.77001953125,849438,6.512888835371748,-0.001408911205711405
2026-03-06 15:50:00+00:00,673.7999877929688,673.8400268554688,672.4600219726562,673.4099731445312,1196137,6.512354316751744,-0.0005345186200038654
2026-03-06 15:55:00+00:00,673.4099731445312,675.4000244140625,673.4099731445312,674.9199829101562,1249454,6.514594140008849,0.0022398232571045895
2026-03-06 16:00:00+00:00,674.9600219726562,676.010009765625,674.6900024414062,675.9000244140625,897045,6.516045172227128,0.0014510322182790247
2026-03-06 16:05:00+00:00,675.9000244140625,675.989990234375,674.780029296875,674.8900146484375,858921,6.514549736334586,-0.0014954358925418632
2026-03-06 16:10:00+00:00,674.9000244140625,675.010009765625,674.0650024414062,674.1900024414062,796223,6.513511973917255,-0.0010377624173312228
2026-03-06 16:15:00+00:00,674.1799926757812,675.0800170898438,673.969970703125,674.9099731445312,793246,6.514579308858331,0.0010673349410765809
2026-03-06 16:20:00+00:00,674.8800048828125,675.0399169921875,673.4349975585938,674.4249877929688,937340,6.513860457888799,-0.0007188509695321699
2026-03-06 16:25:00+00:00,674.4199829101562,674.6599731445312,673.7999877929688,674.4199829101562,676147,6.5138530368983645,-7.420990434603425e-06
2026-03-06 16:30:00+00:00,674.4299926757812,674.5999755859375,673.4000244140625,673.7000122070312,709892,6.512784926086002,-0.0010681108123629102
2026-03-06 16:35:00+00:00,673.6799926757812,675.1799926757812,673.5700073242188,674.9400024414062,662558,6.514623801650009,0.001838875564007303
2026-03-06 16:40:00+00:00,674.9500122070312,675.22998046875,674.3800048828125,674.510009765625,514138,6.513986515812898,-0.000637285837110646
2026-03-06 16:45:00+00:00,674.5,675.6799926757812,674.4500122070312,675.3499755859375,643625,6.515231038856536,0.0012445230436375354
2026-03-06 16:50:00+00:00,675.3400268554688,676.0,674.5050048828125,674.6199951171875,674842,6.514149562148549,-0.0010814767079869725
2026-03-06 16:55:00+00:00,674.6400146484375,675.510009765625,674.1500244140625,674.969970703125,752951,6.514668202035694,0.0005186398871455111
2026-03-06 17:00:00+00:00,674.97998046875,675.8400268554688,674.5700073242188,675.260009765625,567030,6.5150978163549675,0.00042961431927324156
2026-03-06 17:05:00+00:00,675.25,675.3300170898438,673.6400146484375,673.97998046875,923687,6.5132004079025565,-0.0018974084524110424
2026-03-06 17:10:00+00:00,673.97998046875,674.3599853515625,673.6599731445312,673.969970703125,483647,6.513185556066825,-1.4851835731910512e-05
2026-03-06 17:15:00+00:00,673.9500122070312,674.469970703125,673.4400024414062,674.4199829101562,591741,6.5138530368983645,0.0006674808315398906
2026-03-06 17:20:00+00:00,674.4000244140625,675.1699829101562,674.0599975585938,674.510009765625,481614,6.513986515812898,0.00013347891453374672
2026-03-06 17:25:00+00:00,674.52001953125,674.5599975585938,673.3499755859375,673.8099975585938,859210,6.512948168438206,-0.0010383473746919947
2026-03-06 17:30:00+00:00,673.7999877929688,674.1599731445312,673.5999755859375,674.0900268554688,443118,6.513363672994674,0.0004155045564679938
2026-03-06 17:35:00+00:00,674.0900268554688,674.0999755859375,672.59130859375,672.8900146484375,1013511,6.511581890804094,-0.0017817821905801168
2026-03-06 17:40:00+00:00,672.9299926757812,673.1199951171875,672.030029296875,672.6298828125,898838,6.5111952271216476,-0.000386663682446553
2026-03-06 17:45:00+00:00,672.6199951171875,673.52001953125,672.5999755859375,673.3499755859375,671968,6.512265217638439,0.0010699905167914636
2026-03-06 17:50:00+00:00,673.3200073242188,673.969970703125,673.030029296875,673.219970703125,626408,6.512072127211054,-0.00019309042738502313
2026-03-06 17:55:00+00:00,673.2100219726562,673.8300170898438,672.9500122070312,673.0800170898438,645884,6.511864218698754,-0.00020790851229968155
2026-03-06 18:00:00+00:00,673.0900268554688,674.2899780273438,672.969970703125,673.5599975585938,703174,6.512577075117478,0.0007128564187235398
2026-03-06 18:05:00+00:00,673.5599975585938,674.489990234375,673.4000244140625,674.1801147460938,545310,6.513497307773016,0.0009202326555382001
2026-03-06 18:10:00+00:00,674.2100219726562,676.1099853515625,673.9199829101562,675.8300170898438,1314709,6.5159415904139975,0.002444282640981399
2026-03-06 18:15:00+00:00,675.8300170898438,676.0999755859375,675.2100219726562,675.875,1251863,6.516008147702169,6.65572881715093e-05
2026-03-06 18:20:00+00:00,675.8599853515625,676.0250244140625,674.97998046875,675.3200073242188,649652,6.5151866634545454,-0.0008214842476235162
2026-03-06 18:25:00+00:00,675.3200073242188,675.3900146484375,674.2449951171875,674.6400146484375,623105,6.514179236979355,-0.001007426475190698
2026-03-06 18:30:00+00:00,674.6699829101562,675.2999877929688,674.3300170898438,674.9199829101562,654155,6.514594140008849,0.00041490302949398483
2026-03-06 18:35:00+00:00,674.9199829101562,674.969970703125,673.969970703125,674.3900146484375,1131815,6.513808600303473,-0.0007855397053759816
2026-03-06 18:40:00+00:00,674.3699951171875,674.8699951171875,674.2100219726562,674.6199951171875,644629,6.514149562148549,0.00034096184507603766
2026-03-06 18:45:00+00:00,674.6500244140625,674.77001953125,674.2000122070312,674.739990234375,528560,6.514327417011309,0.0001778548627600074
2026-03-06 18:50:00+00:00,674.75,674.7899780273438,673.6900024414062,673.9000244140625,780331,6.51308176818019,-0.001245648831118551
2026-03-06 18:55:00+00:00,673.9000244140625,674.4199829101562,673.7100219726562,674.0399780273438,511009,6.513289423733895,0.00020765555370516608
2026-03-06 19:00:00+00:00,674.0700073242188,674.4000244140625,673.8699951171875,673.9000244140625,471087,6.51308176818019,-0.00020765555370516608
2026-03-06 19:05:00+00:00,673.8900146484375,674.72998046875,673.780029296875,674.530029296875,462445,6.5140161954824,0.0009344273022096061
2026-03-06 19:10:00+00:00,674.530029296875,675.4299926757812,674.469970703125,675.1699829101562,615663,6.514964485703115,0.0009482902207151866
2026-03-06 19:15:00+00:00,675.1599731445312,675.2899780273438,674.4199829101562,675.0399780273438,664575,6.5147719158258734,-0.00019256987724158847
2026-03-06 19:20:00+00:00,675.030029296875,675.1849975585938,674.1500244140625,674.280029296875,621349,6.51364549836123,-0.001126417464643481
2026-03-06 19:25:00+00:00,674.2899780273438,675.0800170898438,673.9500122070312,674.9199829101562,535306,6.514594140008849,0.0009486416476187642
2026-03-06 19:30:00+00:00,674.9099731445312,675.3900146484375,674.75,675.0499877929688,707269,6.514786744120104,0.00019260411125543442
2026-03-06 19:35:00+00:00,675.0700073242188,675.260009765625,674.239990234375,674.72998046875,555257,6.514312581904425,-0.00047416221567875283
2026-03-06 19:40:00+00:00,674.77001953125,675.6400146484375,674.6300048828125,674.655029296875,834428,6.514201492524583,-0.00011108937984261047
2026-03-06 19:45:00+00:00,674.6500244140625,674.8099975585938,674.1799926757812,674.5700073242188,860236,6.514075461698796,-0.00012603082578710456
2026-03-06 19:50:00+00:00,674.5499877929688,675.0399780273438,674.219970703125,674.8800048828125,748411,6.514534904525492,0.0004594428266964101
2026-03-06 19:55:00+00:00,674.8800048828125,675.1400146484375,674.72998046875,675.010009765625,1031192,6.514727520044985,0.00019261551949245614
2026-03-06 20:00:00+00:00,675.0,675.969970703125,674.969970703125,675.72998046875,994739,6.51579355907028,0.001066039025295673
2026-03-06 20:05:00+00:00,675.719970703125,675.7899780273438,674.9099731445312,674.9400024414062,725861,6.514623801650009,-0.0011697574202713668
2026-03-06 20:10:00+00:00,674.9500122070312,675.0999755859375,673.4600219726562,673.9400024414062,1582033,6.513141089800796,-0.00148271184921267
2026-03-06 20:15:00+00:00,673.9500122070312,674.4400024414062,673.489990234375,673.8800048828125,1001598,6.5130520607638225,-8.902903697372011e-05
2026-03-06 20:20:00+00:00,673.8900146484375,673.9500122070312,672.8599853515625,672.9299926757812,1240172,6.511641301463971,-0.0014107592998513496
2026-03-06 20:25:00+00:00,672.9400024414062,672.989990234375,671.97998046875,672.22998046875,1841756,6.51060051481525,-0.0010407866487209816
2026-03-06 20:30:00+00:00,672.22998046875,672.5750122070312,671.6900024414062,671.9199829101562,1567366,6.510139260383029,-0.0004612544322215584
2026-03-06 20:35:00+00:00,671.9099731445312,672.3350219726562,671.1400146484375,672.219970703125,1735536,6.510585624315807,0.0004463639327783042
2026-03-06 20:40:00+00:00,672.25,673.4000244140625,671.8099975585938,672.510009765625,1884283,6.511016995775074,0.00043137145926674947
2026-03-06 20:45:00+00:00,672.5,673.0399780273438,672.4099731445312,672.840087890625,1622012,6.5115076905499105,0.0004906947748368751
2026-03-06 20:50:00+00:00,672.8400268554688,673.0499877929688,671.760009765625,672.5999755859375,3360192,6.511150763008128,-0.0003569275417829587
2026-03-06 20:55:00+00:00,672.5900268554688,673.22998046875,672.0900268554688,672.489990234375,6380149,6.510987226955369,-0.0001635360527583174
2026-03-09 13:30:00+00:00,666.3900146484375,667.6300048828125,665.739990234375,666.3499755859375,5316697,6.501815021387238,-0.00917220556813092
2026-03-09 13:35:00+00:00,666.35498046875,666.5700073242188,664.6400146484375,664.75,1978341,6.499411030123129,-0.002403991264109173
2026-03-09 13:40:00+00:00,664.739990234375,664.9000244140625,663.6400146484375,664.3699951171875,1657151,6.498839215848176,-0.0005718142749531197
2026-03-09 13:45:00+00:00,664.3800048828125,664.9099731445312,663.3599853515625,663.6799926757812,1659455,6.497800094565339,-0.0010391212828366747
2026-03-09 13:50:00+00:00,663.6699829101562,664.2000122070312,662.72998046875,663.1599731445312,1482073,6.497016247875051,-0.0007838466902887475
2026-03-09 13:55:00+00:00,663.1500244140625,664.9099731445312,662.7000122070312,664.0800170898438,1449154,6.498402649881395,0.0013864020063447668
2026-03-09 14:00:00+00:00,664.0499877929688,665.8699951171875,663.75,665.8400268554688,1278007,6.501049441771055,0.002646791889659994
2026-03-09 14:05:00+00:00,665.7999877929688,665.9500122070312,662.8699951171875,663.5150146484375,2015416,6.497551482978824,-0.0034979587922316924
2026-03-09 14:10:00+00:00,663.5,663.5700073242188,662.3900146484375,663.1400146484375,1358599,6.496986151371576,-0.0005653316072473658
2026-03-09 14:15:00+00:00,663.1300048828125,664.1799926757812,662.8400268554688,663.9299926757812,1098692,6.498176711200817,0.0011905598292409891
2026-03-09 14:20:00+00:00,663.885498046875,665.6599731445312,663.02001953125,665.2899780273438,1215134,6.500223002794525,0.0020462915937073944
2026-03-09 14:25:00+00:00,665.2999877929688,665.5549926757812,663.6300048828125,664.0599975585938,996574,6.498372503163383,-0.001850499631141922
2026-03-09 14:30:00+00:00,664.030029296875,665.2000122070312,663.97998046875,664.97998046875,1091991,6.499756935644432,0.001384432481049025
2026-03-09 14:35:00+00:00,664.9600219726562,666.52001953125,664.760009765625,666.0399780273438,914778,6.501349695806921,0.001592760162488993
2026-03-09 14:40:00+00:00,666.02001953125,666.9199829101562,665.6199951171875,666.9000244140625,920675,6.502640146246541,0.001290450439619839
2026-03-09 14:45:00+00:00,666.9099731445312,667.75,666.7000122070312,667.6199951171875,1092368,6.503719142083904,0.0010789958373633723
2026-03-09 14:50:00+00:00,667.6099853515625,668.1699829101562,667.0599975585938,668.1199951171875,985880,6.50446779081346,0.0007486487295560451
2026-03-09 14:55:00+00:00,668.1199951171875,668.3099975585938,667.1199951171875,667.5800170898438,1050915,6.503659258879904,-0.0008085319335560115
2026-03-09 15:00:00+00:00,667.5800170898438,668.6799926757812,667.5800170898438,668.510009765625,850840,6.505051369901288,0.0013921110213841459
2026-03-09 15:05:00+00:00,668.510009765625,668.7100219726562,667.8200073242188,668.0499877929688,795289,6.504363002762272,-0.0006883671390163215
2026-03-09 15:10:00+00:00,668.0399780273438,668.8399047851562,667.969970703125,668.77001953125,746238,6.505440233509814,0.0010772307475424014
2026-03-09 15:15:00+00:00,668.780029296875,669.3300170898438,668.3499755859375,668.8699951171875,945642,6.505589714065164,0.0001494805553496903
2026-03-09 15:20:00+00:00,668.8699951171875,669.47998046875,668.5800170898438,669.3400268554688,1092386,6.506292192375582,0.0007024783104183641
2026-03-09 15:25:00+00:00,669.3300170898438,669.9199829101562,669.0,669.77001953125,1059089,6.506934399028755,0.0006422066531728277
2026-03-09 15:30:00+00:00,669.77001953125,669.8099975585938,668.6699829101562,668.8499755859375,938862,6.505559783240043,-0.001374615788711786
2026-03-09 15:35:00+00:00,668.8499755859375,669.0,668.47998046875,668.5999755859375,680999,6.505185937470798,-0.0003738457692454844
2026-03-09 15:40:00+00:00,668.5999755859375,668.8599853515625,668.3699951171875,668.510009765625,722391,6.505051369901288,-0.0001345675695096915
2026-03-09 15:45:00+00:00,668.5,669.4600219726562,668.3800048828125,669.1199951171875,790861,6.505963408942904,0.000912039041615742
2026-03-09 15:50:00+00:00,669.1300048828125,669.7899780273438,668.9299926757812,669.610107421875,754892,6.506695613777404,0.0007322048344997611
2026-03-09 15:55:00+00:00,669.5999755859375,669.8900146484375,669.3203125,669.4450073242188,545997,6.506449021838543,-0.00024659193886034103
2026-03-09 16:00:00+00:00,669.4400024414062,670.260009765625,669.169921875,669.6691284179688,705391,6.50678375222464,0.000334730386096993
2026-03-09 16:05:00+00:00,669.6699829101562,670.0999755859375,669.5599975585938,669.8499755859375,555954,6.5070537702759355,0.0002700180512951178
2026-03-09 16:10:00+00:00,669.8599853515625,670.1900024414062,669.52001953125,669.8900146484375,530815,6.507113541668599,5.9771392663776624e-05
2026-03-09 16:15:00+00:00,669.8900146484375,670.02001953125,669.52001953125,669.9299926757812,484554,6.507173218382094,5.9676713494383193e-05
2026-03-09 16:20:00+00:00,669.9299926757812,670.6300048828125,669.25,670.489990234375,966655,6.508008773802505,0.0008355554204113602
2026-03-09 16:25:00+00:00,670.489990234375,671.5999755859375,670.280029296875,670.8699951171875,1190931,6.508575370237658,0.0005665964351528885
2026-03-09 16:30:00+00:00,670.8699951171875,671.010009765625,669.8900146484375,670.8400268554688,1163937,6.508530698496025,-4.467174163291787e-05
2026-03-09 16:35:00+00:00,670.8099975585938,671.3699951171875,670.75,671.0900268554688,779726,6.508903296161903,0.00037259766587816046
2026-03-09 16:40:00+00:00,671.0900268554688,671.9400024414062,671.0800170898438,671.8499755859375,628519,6.510035064982857,0.0011317688209535604
2026-03-09 16:45:00+00:00,671.8414916992188,672.25,671.6900024414062,671.97998046875,744298,6.510228549110268,0.00019348412741138077
2026-03-09 16:50:00+00:00,671.969970703125,672.0499877929688,671.4290161132812,671.5399780273438,720438,6.509573549600429,-0.0006549995098392714
2026-03-09 16:55:00+00:00,671.530029296875,671.9500122070312,671.1900024414062,671.2698974609375,601405,6.509171287783654,-0.0004022618167747183
2026-03-09 17:00:00+00:00,671.2750244140625,671.3599853515625,670.3800048828125,670.7899780273438,968683,6.508456089508501,-0.000715198275153206
2026-03-09 17:05:00+00:00,670.7899780273438,670.9199829101562,670.3150024414062,670.739990234375,532816,6.50838156595081,-7.452355769110852e-05
2026-03-09 17:10:00+00:00,670.760009765625,671.02001953125,670.4099731445312,670.6500244140625,451520,6.508247427751681,-0.00013413819912866387
2026-03-09 17:15:00+00:00,670.64501953125,670.7899780273438,669.6900024414062,669.75,620607,6.506904508424718,-0.0013429193269631767
2026-03-09 17:20:00+00:00,669.75,669.8800048828125,668.9849853515625,669.02001953125,931733,6.505813984241409,-0.0010905241833087942
2026-03-09 17:25:00+00:00,669.0399780273438,669.1099853515625,668.7100219726562,668.844970703125,763865,6.505552300393784,-0.0002616838476248162
2026-03-09 17:30:00+00:00,668.8400268554688,669.1199951171875,668.6300048828125,668.8099975585938,738706,6.505500010161446,-5.229023233788155e-05
2026-03-09 17:35:00+00:00,668.8300170898438,669.0,668.4299926757812,668.4600219726562,670533,6.504976592169842,-0.0005234179916042692
2026-03-09 17:40:00+00:00,668.4600219726562,668.760009765625,668.0900268554688,668.219970703125,751751,6.5046174167899045,-0.0003591753799376818
2026-03-09 17:45:00+00:00,668.239990234375,669.0800170898438,668.1900024414062,668.6099853515625,738186,6.505200908591142,0.0005834918012377344
2026-03-09 17:50:00+00:00,668.6099853515625,669.25,668.47998046875,669.1632080078125,524479,6.506027988533441,0.000827079942299136
2026-03-09 17:55:00+00:00,669.1500244140625,669.3400268554688,668.6699829101562,668.8150024414062,492123,6.505507493398994,-0.0005204951344470743
2026-03-09 18:00:00+00:00,668.8400268554688,669.3300170898438,668.77001953125,669.0599975585938,722073,6.505873738556316,0.000366245157321643
2026-03-09 18:05:00+00:00,669.0599975585938,669.7899780273438,668.9600219726562,669.1199951171875,794658,6.505963408942904,8.967038658802551e-05
2026-03-09 18:10:00+00:00,669.114990234375,669.7899780273438,669.0,669.5499877929688,600808,6.5066058267098805,0.0006424177669765996
2026-03-09 18:15:00+00:00,669.5499877929688,670.27001953125,669.3499755859375,670.2100219726562,557020,6.507591128895756,0.0009853021858754474
2026-03-09 18:20:00+00:00,670.2100219726562,670.8699951171875,669.5900268554688,670.0999755859375,969887,6.507426918545663,-0.00016421035009273055
2026-03-09 18:25:00+00:00,670.0900268554688,670.22998046875,669.8900146484375,670.0599975585938,632400,6.507367256970691,-5.966157497194757e-05
2026-03-09 18:30:00+00:00,670.0599975585938,671.1799926757812,670.0,671.0599975585938,798346,6.508858548113871,0.001491291143179474
2026-03-09 18:35:00+00:00,671.0800170898438,671.2999877929688,670.760009765625,670.9500122070312,763468,6.5086946367406195,-0.0001639113732512243
2026-03-09 18:40:00+00:00,670.9400024414062,671.030029296875,670.6300048828125,670.8599243164062,678991,6.508560358571546,-0.00013427816907363166
2026-03-09 18:45:00+00:00,670.8499755859375,671.239990234375,670.780029296875,670.9400024414062,387848,6.508679717834426,0.00011935926287964804
2026-03-09 18:50:00+00:00,670.9349975585938,671.22998046875,670.7000122070312,670.9000244140625,632466,6.5086201309588585,-5.958687556706366e-05
2026-03-09 18:55:00+00:00,670.8900756835938,670.8900756835938,669.9378051757812,670.0800170898438,869304,6.507397133746301,-0.001222997212557253
2026-03-09 19:00:00+00:00,670.0999755859375,670.5800170898438,669.9099731445312,670.280029296875,524534,6.507695579240935,0.00029844549463398096
2026-03-09 19:05:00+00:00,670.27001953125,670.4000244140625,669.9000244140625,670.33642578125,556354,6.507779714392633,8.413515169802821e-05
2026-03-09 19:10:00+00:00,670.3402709960938,670.75,670.3200073242188,670.4400024414062,641602,6.507934216900556,0.00015450250792259368
2026-03-09 19:15:00+00:00,670.4500122070312,673.530029296875,670.3200073242188,673.4099731445312,2627754,6.512354316751744,0.004420099851188297
2026-03-09 19:20:00+00:00,673.4099731445312,675.7000122070312,672.97998046875,675.1300048828125,5260784,6.514905272153953,0.0025509554022091763
2026-03-09 19:25:00+00:00,675.1599731445312,677.5150146484375,674.719970703125,677.3900146484375,3161730,6.518247199572985,0.0033419274190320536
2026-03-09 19:30:00+00:00,677.3699951171875,678.5150146484375,675.8800048828125,678.4199829101562,2369501,6.519766539984554,0.0015193404115683151
2026-03-09 19:35:00+00:00,678.4199829101562,679.9199829101562,677.260009765625,679.6599731445312,2759389,6.521592633615376,0.001826093630822534
2026-03-09 19:40:00+00:00,679.6599731445312,679.6699829101562,676.969970703125,677.875,2357870,6.518962905161224,-0.0026297284541518806
2026-03-09 19:45:00+00:00,677.8900146484375,678.510009765625,677.3599853515625,678.02001953125,1472921,6.519176814836699,0.00021390967547496587
2026-03-09 19:50:00+00:00,678.02001953125,678.030029296875,676.77001953125,677.1199951171875,2480011,6.517848502578677,-0.0013283122580221018
2026-03-09 19:55:00+00:00,677.1300048828125,678.760009765625,676.9099731445312,678.2999877929688,4660021,6.519589649955526,0.0017411473768484953
2026-03-10 13:30:00+00:00,677.719970703125,678.7849731445312,677.1400146484375,677.5900268554688,4091915,6.518542424893444,-0.0010472250620816581
2026-03-10 13:35:00+00:00,677.5900268554688,677.7899780273438,676.77001953125,677.2575073242188,1408064,6.518051565915533,-0.0004908589779111239
2026-03-10 13:40:00+00:00,677.239990234375,677.77001953125,675.8300170898438,677.1799926757812,1331200,6.517937105634386,-0.00011446028114647788
2026-03-10 13:45:00+00:00,677.1699829101562,677.530029296875,676.2999877929688,677.2899780273438,887547,6.518099509163713,0.00016240352932683777
2026-03-10 13:50:00+00:00,677.3400268554688,677.3699951171875,676.2999877929688,676.3049926757812,820571,6.51664414689252,-0.0014553622711934722
2026-03-10 13:55:00+00:00,676.3099975585938,676.5800170898438,675.489990234375,675.8499755859375,863792,6.515971121806343,-0.0006730250861766152
2026-03-10 14:00:00+00:00,675.8300170898438,676.25,674.9442749023438,676.1699829101562,1011078,6.5164444984428105,0.0004733766364672931
2026-03-10 14:05:00+00:00,676.1900024414062,677.030029296875,674.760009765625,674.9099731445312,772341,6.514579308858331,-0.0018651895844792321
2026-03-10 14:10:00+00:00,674.9199829101562,675.6900024414062,674.8300170898438,675.530029296875,674045,6.515497611329817,0.0009183024714856103
2026-03-10 14:15:00+00:00,675.530029296875,676.4500122070312,674.8200073242188,676.27001953125,753804,6.516592433465577,0.0010948221357605092
2026-03-10 14:20:00+00:00,676.2542724609375,677.489990234375,676.1649780273438,677.1900024414062,799052,6.517951887068797,0.0013594536032197624
2026-03-10 14:25:00+00:00,677.2100219726562,678.0499877929688,677.1699829101562,677.6199951171875,670961,6.5185866516350375,0.0006347645662403423
2026-03-10 14:30:00+00:00,677.6400146484375,679.1400146484375,677.6300048828125,678.969970703125,671015,6.520576900812115,0.0019902491770773523
2026-03-10 14:35:00+00:00,678.9400024414062,679.5700073242188,678.6099853515625,679.5700073242188,709972,6.521460255987254,0.0008833551751390445
2026-03-10 14:40:00+00:00,679.5700073242188,680.25,679.3099975585938,680.030029296875,1037381,6.522136957925794,0.0006767019385405248
2026-03-10 14:45:00+00:00,680.0399780273438,680.375,679.5599975585938,680.3699951171875,982920,6.522636760662179,0.0004998027363845026
2026-03-10 14:50:00+00:00,680.3499755859375,680.7999877929688,680.260009765625,680.77001953125,665966,6.523224539173242,0.000587778511063064
2026-03-10 14:55:00+00:00,680.77001953125,681.1599731445312,680.6799926757812,681.1400146484375,975215,6.5237678865559685,0.0005433473827265445
2026-03-10 15:00:00+00:00,681.1300048828125,681.6849975585938,681.02001953125,681.3699951171875,1226514,6.5241054700882515,0.0003375835322829701
2026-03-10 15:05:00+00:00,681.3900146484375,681.4099731445312,680.4650268554688,680.5900268554688,953624,6.522960108499949,-0.0011453615883025847
2026-03-10 15:10:00+00:00,680.5999755859375,680.7999877929688,680.22998046875,680.4000244140625,595847,6.5226808964036325,-0.00027921209631642796
2026-03-10 15:15:00+00:00,680.4000244140625,681.530029296875,680.3699951171875,681.4299926757812,600420,6.524193520512628,0.0015126241089955528
2026-03-10 15:20:00+00:00,681.4199829101562,681.5800170898438,681.010009765625,681.1599731445312,569722,6.523797187732323,-0.000396332780304931
2026-03-10 15:25:00+00:00,681.1900024414062,681.27001953125,680.9000244140625,681.1099853515625,414941,6.523723798764623,-7.338896770026082e-05
2026-03-10 15:30:00+00:00,681.0999755859375,681.1708984375,680.4400024414062,680.5599975585938,572956,6.52291598508028,-0.0008078136843430173
2026-03-10 15:35:00+00:00,680.5499877929688,681.0599975585938,680.530029296875,681.02001953125,472386,6.523591702973295,0.0006757178930154595
2026-03-10 15:40:00+00:00,681.0499877929688,681.9498901367188,680.780029296875,681.489990234375,691461,6.524281563184809,0.0006898602115139596
2026-03-10 15:45:00+00:00,681.489990234375,681.6099853515625,680.8300170898438,681.2000122070312,561062,6.523855966708426,-0.00042559647638285014
2026-03-10 15:50:00+00:00,681.2100219726562,681.719970703125,680.8699951171875,680.9299926757812,595982,6.523459500095373,-0.00039646661305337005
2026-03-10 15:55:00+00:00,680.9290161132812,681.4600219726562,680.8499755859375,681.3699951171875,495724,6.5241054700882515,0.0006459699928784701
2026-03-10 16:00:00+00:00,681.3599853515625,681.4000244140625,680.3699951171875,680.530029296875,677280,6.522871949401328,-0.001233520686923839
2026-03-10 16:05:00+00:00,680.5399780273438,680.5700073242188,679.6799926757812,680.0499877929688,693511,6.522166306928566,-0.000705642472762058
2026-03-10 16:10:00+00:00,680.0449829101562,680.8499755859375,679.9400024414062,680.5,592340,6.522827822091521,0.0006615151629549842
2026-03-10 16:15:00+00:00,680.4949951171875,681.25,680.260009765625,680.97998046875,568696,6.523532908461531,0.0007050863700106547
2026-03-10 16:20:00+00:00,680.989990234375,681.010009765625,680.2999877929688,680.6920166015625,598696,6.523109952166476,-0.0004229562950550658
2026-03-10 16:25:00+00:00,680.6799926757812,681.3300170898438,680.4199829101562,680.5999755859375,742874,6.5229747261954225,-0.00013522597105364298
2026-03-10 16:30:00+00:00,680.6099853515625,681.4000244140625,680.6099853515625,681.3800048828125,1147063,6.524120160626685,0.001145434431262693
2026-03-10 16:35:00+00:00,681.3800048828125,681.6599731445312,681.239990234375,681.5999755859375,616198,6.5244429396963515,0.000322779069666268
2026-03-10 16:40:00+00:00,681.5800170898438,681.6500244140625,681.25,681.5399780273438,499140,6.5243549112316686,-8.802846468292103e-05
2026-03-10 16:45:00+00:00,681.5499877929688,681.5800170898438,680.6199951171875,680.8800048828125,645684,6.5233860863400315,-0.0009688248916370767
2026-03-10 16:50:00+00:00,680.8900146484375,681.8200073242188,680.7313232421875,681.6400146484375,821159,6.524501680729183,0.0011155943891516529
2026-03-10 16:55:00+00:00,681.6400146484375,681.739990234375,681.3499755859375,681.4500122070312,417417,6.5242228987868405,-0.0002787819423426541
2026-03-10 17:00:00+00:00,681.4500122070312,682.0800170898438,681.27001953125,681.864990234375,873354,6.524831676713317,0.0006087779264767335
2026-03-10 17:05:00+00:00,681.8720092773438,682.3499755859375,681.8099975585938,682.0501098632812,771156,6.525103130017162,0.00027145330384481525
2026-03-10 17:10:00+00:00,682.030029296875,682.3400268554688,681.5800170898438,681.8101196289062,685236,6.52475120211185,-0.00035192790531191065
2026-03-10 17:15:00+00:00,681.8300170898438,682.72998046875,681.760009765625,682.6699829101562,971121,6.526011555258039,0.0012603531461889972
2026-03-10 17:20:00+00:00,682.6699829101562,682.7999877929688,682.3200073242188,682.6799926757812,736975,6.52602621782193,1.466256389104359e-05
2026-03-10 17:25:00+00:00,682.6799926757812,683.3599853515625,682.5700073242188,683.2650146484375,906427,6.526882799902892,0.000856582080961843
2026-03-10 17:30:00+00:00,683.25,683.25,681.97998046875,682.0499877929688,1011645,6.525102951041569,-0.0017798488613234298
2026-03-10 17:35:00+00:00,682.0700073242188,682.2000122070312,680.6300048828125,681.3400268554688,1429594,6.5240614867590905,-0.0010414642824780884
2026-03-10 17:40:00+00:00,681.3099975585938,681.7899780273438,681.0,681.2899780273438,838041,6.523988027598544,-7.345916054646295e-05
2026-03-10 17:45:00+00:00,681.2822265625,682.47998046875,681.1799926757812,682.0880126953125,649469,6.525158700390007,0.001170672791462657
2026-03-10 17:50:00+00:00,682.0399780273438,682.5900268554688,682.0,682.3800048828125,532220,6.52558669457997,0.000427994189963421
2026-03-10 17:55:00+00:00,682.3599853515625,682.4000244140625,681.8250122070312,682.0469970703125,486829,6.525098566129514,-0.0004881284504563155
2026-03-10 18:00:00+00:00,682.0499877929688,682.1900024414062,681.72998046875,682.0499877929688,874211,6.525102951041569,4.38491205478897e-06
2026-03-10 18:05:00+00:00,682.0599975585938,682.0999755859375,681.3099975585938,681.4600219726562,586337,6.524237587600298,-0.0008653634412709721
2026-03-10 18:10:00+00:00,681.4500122070312,682.02001953125,678.5999755859375,678.6099853515625,1974030,6.520046566877241,-0.00419102072305666
2026-03-10 18:15:00+00:00,678.6500244140625,679.7999877929688,677.6749877929688,678.0900268554688,3206640,6.519280062098185,-0.0007665047790563762
2026-03-10 18:20:00+00:00,678.0499877929688,679.0599975585938,677.3800048828125,678.4249877929688,2158158,6.519773917220599,0.0004938551224142884
2026-03-10 18:25:00+00:00,678.4299926757812,680.1500244140625,678.3800048828125,679.3499755859375,1462627,6.521136422732947,0.0013625055123478447
2026-03-10 18:30:00+00:00,679.3150024414062,680.3699951171875,678.9199829101562,679.739990234375,1089047,6.521710357746746,0.0005739350137989874
2026-03-10 18:35:00+00:00,679.719970703125,680.1099853515625,678.3800048828125,678.9400024414062,1251092,6.5205327620071625,-0.0011775957395832037
2026-03-10 18:40:00+00:00,678.9299926757812,679.4500122070312,678.4400024414062,678.72998046875,733896,6.520223376107827,-0.0003093858993352683
2026-03-10 18:45:00+00:00,678.719970703125,679.4199829101562,678.530029296875,678.9500122070312,482790,6.520547505124083,0.00032412901625544777
2026-03-10 18:50:00+00:00,678.97998046875,679.7999877929688,678.4299926757812,678.8767700195312,675687,6.5204396236350295,-0.00010788148905316319
2026-03-10 18:55:00+00:00,678.8900146484375,679.1599731445312,678.4000244140625,678.5,457254,6.519884479274924,-0.0005551443601055084
2026-03-10 19:00:00+00:00,678.52001953125,679.0,678.2899169921875,678.510009765625,614245,6.51989923195258,1.4752677656382218e-05
2026-03-10 19:05:00+00:00,678.5,678.9349975585938,678.0599975585938,678.739990234375,818876,6.520238123786732,0.00033889183415158897
2026-03-10 19:10:00+00:00,678.6900024414062,679.0474853515625,678.1400146484375,678.9400024414062,659162,6.5205327620071625,0.0002946382204305209
2026-03-10 19:15:00+00:00,678.9450073242188,679.530029296875,678.72998046875,679.3300170898438,583215,6.521107043488088,0.0005742814809250874
2026-03-10 19:20:00+00:00,679.3099975585938,679.4099731445312,677.8599853515625,678.6199951171875,1366337,6.520061317163883,-0.0010457263242047432
2026-03-10 19:25:00+00:00,678.6300048828125,678.6400146484375,677.4099731445312,677.4099731445312,776296,6.518276662956916,-0.0017846542069666071
2026-03-10 19:30:00+00:00,677.4199829101562,677.619384765625,676.75,677.030029296875,1068303,6.5177156283493485,-0.0005610346075677342
2026-03-10 19:35:00+00:00,677.0399780273438,677.6500244140625,676.6099853515625,677.5,1305529,6.518409552753856,0.000693924404507662
2026-03-10 19:40:00+00:00,677.5,678.3200073242188,676.8099975585938,677.4550170898438,1959393,6.518343155110236,-6.63976436197089e-05
2026-03-10 19:45:00+00:00,677.4500122070312,677.77001953125,676.469970703125,676.760009765625,1139288,6.517316719320563,-0.001026435789673208
2026-03-10 19:50:00+00:00,676.77001953125,677.0197143554688,676.25,676.75,1650620,6.517301928494411,-1.4790826152299985e-05
2026-03-10 19:55:00+00:00,676.75,677.1900024414062,676.22998046875,677.0499877929688,3286859,6.517745107399099,0.00044317890468814625
2026-03-11 13:30:00+00:00,677.5800170898438,678.3800048828125,677.52001953125,677.780029296875,3562491,6.5188227947330875,0.0010776873339883863
2026-03-11 13:35:00+00:00,677.780029296875,678.4400024414062,677.6099853515625,678.3900146484375,852127,6.519722365395957,0.0008995706628693867
2026-03-11 13:40:00+00:00,678.3800048828125,678.5,677.1699829101562,677.3499755859375,837445,6.518188089983248,-0.0015342754127090075
2026-03-11 13:45:00+00:00,677.3599853515625,677.9199829101562,676.4199829101562,676.6900024414062,1085181,6.517213269139693,-0.0009748208435551575
2026-03-11 13:50:00+00:00,676.7100219726562,677.6494750976562,676.1300048828125,677.02001953125,910581,6.517700843422257,0.0004875742825642959
2026-03-11 13:55:00+00:00,677.0399780273438,678.1699829101562,676.530029296875,677.8900146484375,912257,6.518985054498722,0.001284211076464814
2026-03-11 14:00:00+00:00,677.9000244140625,680.0800170898438,677.6900024414062,678.34912109375,2443610,6.519662083277423,0.0006770287787007945
2026-03-11 14:05:00+00:00,678.3499755859375,679.0499877929688,677.4299926757812,677.9998779296875,1024922,6.51914710789567,-0.0005149753817521585
2026-03-11 14:10:00+00:00,678.0,678.280029296875,677.02001953125,678.0401000976562,789399,6.519206430878226,5.932298255562074e-05
2026-03-11 14:15:00+00:00,678.030029296875,678.260009765625,676.9400024414062,677.8009033203125,569081,6.5188535918960415,-0.00035283898218452237
2026-03-11 14:20:00+00:00,677.75,677.8699951171875,676.1199951171875,676.1300048828125,689667,6.516385372468225,-0.00246821942781672
2026-03-11 14:25:00+00:00,676.1199951171875,676.3099975585938,675.1950073242188,676.1500244140625,1052960,6.516414981026833,2.9608558608451574e-05
2026-03-11 14:30:00+00:00,676.1400146484375,676.8099975585938,675.2000122070312,675.5,859056,6.515453157400254,-0.0009618236265795943
2026-03-11 14:35:00+00:00,675.498291015625,677.1500244140625,675.4600219726562,676.75,662552,6.517301928494411,0.0018487710941572644
2026-03-11 14:40:00+00:00,676.72998046875,677.6500244140625,676.52001953125,677.3499755859375,562790,6.518188089983248,0.0008861614888369118
2026-03-11 14:45:00+00:00,677.344970703125,677.7899780273438,676.989990234375,677.7100219726562,548112,6.518719500246765,0.0005314102635169959
2026-03-11 14:50:00+00:00,677.6900024414062,677.9299926757812,677.4400024414062,677.7999877929688,361527,6.5188522411631675,0.00013274091640269603
2026-03-11 14:55:00+00:00,677.8200073242188,678.3800048828125,677.52001953125,678.0700073242188,435323,6.51925053825034,0.0003982970871723168
2026-03-11 15:00:00+00:00,678.0800170898438,678.6400146484375,676.9199829101562,677.8499755859375,996201,6.518925988508488,-0.00032454974185203156
2026-03-11 15:05:00+00:00,677.8599853515625,677.9099731445312,676.9400024414062,677.1099853515625,432031,6.517833719616005,-0.0010922688924823731
2026-03-11 15:10:00+00:00,677.0999755859375,677.52001953125,675.280029296875,675.7999877929688,957591,6.515897156217107,-0.0019365633988988051
2026-03-11 15:15:00+00:00,675.7849731445312,675.8399047851562,674.8800048828125,675.4000244140625,983377,6.5153051440990275,-0.0005920121180791327
2026-03-11 15:20:00+00:00,675.4099731445312,676.3400268554688,675.1799926757812,676.239990234375,828528,6.516548028179608,0.0012428840805807084
2026-03-11 15:25:00+00:00,676.239990234375,676.530029296875,674.5900268554688,674.6699829101562,853098,6.5142236571078325,-0.0023243710717757438
2026-03-11 15:30:00+00:00,674.6799926757812,675.1699829101562,674.0999755859375,674.8900146484375,1011044,6.514549736334586,0.0003260792267534285
2026-03-11 15:35:00+00:00,674.8881225585938,675.2899780273438,674.6799926757812,674.8699951171875,457241,6.5145200724964125,-2.9663838173377144e-05
2026-03-11 15:40:00+00:00,674.8599853515625,675.1400146484375,674.2100219726562,674.2449951171875,455411,6.513593539103431,-0.0009265333929810993
2026-03-11 15:45:00+00:00,674.260009765625,674.3499755859375,673.6400146484375,673.989990234375,716848,6.5132152595177155,-0.0003782795857159016
2026-03-11 15:50:00+00:00,674.0499877929688,674.989990234375,673.9849853515625,674.989990234375,657879,6.514697861480167,0.0014826019624516462
2026-03-11 15:55:00+00:00,674.9199829101562,675.0399780273438,674.1599731445312,674.2017822265625,453397,6.513529446265115,-0.0011684152150523985
2026-03-11 16:00:00+00:00,674.1900024414062,674.2899780273438,673.5599975585938,673.6740112304688,674655,6.51274633104689,-0.0007831152182244949
2026-03-11 16:05:00+00:00,673.6699829101562,674.0449829101562,673.510009765625,673.719970703125,458100,6.512814550844945,6.821979805504697e-05
2026-03-11 16:10:00+00:00,673.7000122070312,674.4000244140625,673.5800170898438,674.3699951171875,1350174,6.513778914471884,0.0009643636269389688
2026-03-11 16:15:00+00:00,674.3400268554688,674.510009765625,673.8099975585938,673.8599853515625,389241,6.513022352464898,-0.0007565620069867052
2026-03-11 16:20:00+00:00,673.8699951171875,674.7299194335938,673.72998046875,674.3900146484375,498400,6.513808600303473,0.0007862478385751714
2026-03-11 16:25:00+00:00,674.3826293945312,674.739990234375,674.0800170898438,674.7050170898438,457445,6.514275583636329,0.00046698333285633
2026-03-11 16:30:00+00:00,674.7000122070312,675.905029296875,674.6500244140625,675.7899780273438,749645,6.515882344379377,0.0016067607430478859
2026-03-11 16:35:00+00:00,675.7999877929688,675.9299926757812,675.0900268554688,675.3499755859375,457171,6.515231038856536,-0.0006513055228412057
2026-03-11 16:40:00+00:00,675.3499755859375,676.0175170898438,675.280029296875,675.47998046875,435524,6.515423520349311,0.0001924814927756202
2026-03-11 16:45:00+00:00,675.47998046875,675.780029296875,675.1500244140625,675.3300170898438,410641,6.515201485600096,-0.00022203474921500543
2026-03-11 16:50:00+00:00,675.3300170898438,676.0565795898438,675.3099975585938,675.9550170898438,310379,6.516126531062393,0.0009250454622966586
2026-03-11 16:55:00+00:00,675.9600219726562,676.3200073242188,675.72998046875,676.2899780273438,361304,6.516621945644159,0.0004954145817661626
2026-03-11 17:00:00+00:00,676.239990234375,676.5499877929688,676.0800170898438,676.1300048828125,379381,6.516385372468225,-0.00023657317593439586
2026-03-11 17:05:00+00:00,676.1300048828125,676.5599975585938,676.0650024414062,676.1599731445312,340888,6.516429694710067,4.432224184203193e-05
2026-03-11 17:10:00+00:00,676.1699829101562,676.22998046875,675.5399780273438,675.767822265625,1003231,6.515849558860747,-0.0005801358493195963
2026-03-11 17:15:00+00:00,675.760009765625,676.0599975585938,675.3300170898438,675.52001953125,479523,6.5154827935728665,-0.0003667652878807104
2026-03-11 17:20:00+00:00,675.5599975585938,676.239990234375,675.530029296875,676.239990234375,251419,6.516548028179608,0.001065234606741683
2026-03-11 17:25:00+00:00,676.22998046875,676.77001953125,676.1099853515625,676.4600219726562,418733,6.516873350480542,0.00032532230093362813
2026-03-11 17:30:00+00:00,676.469970703125,676.639892578125,675.97998046875,676.1400146484375,372346,6.516400176857112,-0.0004731736234298012
2026-03-11 17:35:00+00:00,676.1300048828125,676.2999877929688,673.3400268554688,674.3300170898438,1802566,6.513719630677128,-0.0026805461799837005
2026-03-11 17:40:00+00:00,674.3800048828125,674.989990234375,673.75,674.530029296875,1159003,6.5140161954824,0.0002965648052715153
2026-03-11 17:45:00+00:00,674.5399780273438,675.0,674.22998046875,674.8599853515625,594231,6.514505240247341,0.000489044764941049
2026-03-11 17:50:00+00:00,674.8300170898438,675.780029296875,674.8300170898438,675.030029296875,562235,6.514757177730197,0.00025193748285623485
2026-03-11 17:55:00+00:00,675.010009765625,675.25,674.47998046875,674.989990234375,498146,6.514697861480167,-5.931625002997265e-05
2026-03-11 18:00:00+00:00,674.989990234375,675.22998046875,674.739990234375,675.0499877929688,665801,6.514786744120104,8.888263993700463e-05
2026-03-11 18:05:00+00:00,675.0599975585938,675.125,674.2899780273438,674.3699951171875,453023,6.513778914471884,-0.0010078296482198823
2026-03-11 18:10:00+00:00,674.3499755859375,674.4500122070312,673.7000122070312,674.3400268554688,872604,6.51373447458305,-4.443988883462424e-05
2026-03-11 18:15:00+00:00,674.3599853515625,675.030029296875,674.2000122070312,674.8200073242188,516977,6.514445999497574,0.0007115249145241975
2026-03-11 18:20:00+00:00,674.8300170898438,675.219970703125,674.3300170898438,674.7999877929688,554113,6.514416332581963,-2.9666915611237243e-05
2026-03-11 18:25:00+00:00,674.760009765625,675.510009765625,674.5900268554688,675.27001953125,530188,6.515112639817472,0.0006963072355095079
2026-03-11 18:30:00+00:00,675.27001953125,675.5599975585938,675.1400146484375,675.530029296875,1236775,6.515497611329817,0.0003849715123447339
2026-03-11 18:35:00+00:00,675.5399780273438,675.5700073242188,674.989990234375,675.02001953125,897479,6.5147423489975385,-0.0007552623322784058
2026-03-11 18:40:00+00:00,675.02001953125,675.2000122070312,674.7899780273438,675.0587768554688,542932,6.51479976390448,5.741490694166629e-05
2026-03-11 18:45:00+00:00,675.0700073242188,675.2899780273438,674.760009765625,674.8078002929688,436204,6.514427910019599,-0.00037185388488136795
2026-03-11 18:50:00+00:00,674.8150024414062,675.7100219726562,674.8150024414062,675.4901123046875,466655,6.515438519698286,0.0010106096786870467
2026-03-11 18:55:00+00:00,675.489990234375,675.7899780273438,675.02001953125,675.25,505065,6.515082992672725,-0.00035552702556085336
2026-03-11 19:00:00+00:00,675.260009765625,675.469970703125,674.469970703125,674.8800048828125,982091,6.514534904525492,-0.0005480881472328392
2026-03-11 19:05:00+00:00,674.8699951171875,675.0,674.5650024414062,674.8150024414062,501920,6.514438582851183,-9.632167430950744e-05
2026-03-11 19:10:00+00:00,674.8300170898438,674.9500122070312,674.3400268554688,674.489990234375,493702,6.513956835262489,-0.00048174758869379275
2026-03-11 19:15:00+00:00,674.4849853515625,675.030029296875,674.3200073242188,674.9199829101562,697045,6.514594140008849,0.0006373047463599235
2026-03-11 19:20:00+00:00,674.9249877929688,675.0700073242188,674.5,674.8800048828125,676472,6.514534904525492,-5.923548335662332e-05
2026-03-11 19:25:00+00:00,674.864990234375,675.260009765625,674.7899780273438,674.9749755859375,605784,6.514675616979283,0.0001407124537911031
2026-03-11 19:30:00+00:00,674.989990234375,675.8900146484375,674.75,675.7449951171875,761883,6.515815778717272,0.0011401617379886986
2026-03-11 19:35:00+00:00,675.780029296875,676.0,675.469970703125,675.844970703125,890341,6.515963716462665,0.00014793774539345605
2026-03-11 19:40:00+00:00,675.8599853515625,676.25,675.6900024414062,676.0761108398438,570974,6.516305659704955,0.00034194324228931094
2026-03-11 19:45:00+00:00,676.0700073242188,676.22998046875,675.5,675.6300048828125,909719,6.515645596148182,-0.0006600635567730606
2026-03-11 19:50:00+00:00,675.6300048828125,676.3900146484375,675.4099731445312,676.3499755859375,1723027,6.516710657438415,0.0010650612902329826
2026-03-11 19:55:00+00:00,676.3499755859375,676.5999755859375,676.1400146484375,676.3300170898438,2815703,6.516681147877834,-2.9509560580898153e-05
2026-03-12 13:30:00+00:00,671.1599731445312,671.3699951171875,669.8800048828125,670.8499755859375,4664746,6.508545528643751,-0.008135619234082903
2026-03-12 13:35:00+00:00,670.8400268554688,671.6500244140625,670.4099731445312,671.4000244140625,1687981,6.509365120908851,0.0008195922650999776
2026-03-12 13:40:00+00:00,671.3599853515625,671.5499877929688,670.22998046875,670.2899780273438,1343733,6.507710421778683,-0.0016546991301673586
2026-03-12 13:45:00+00:00,670.280029296875,670.280029296875,668.7449951171875,670.1799926757812,2327709,6.507546322090943,-0.00016409968774055983
2026-03-12 13:50:00+00:00,670.1799926757812,670.9099731445312,669.0399780273438,669.0399780273438,1542906,6.505843816231203,-0.0017025058597397447
2026-03-12 13:55:00+00:00,669.0499877929688,669.2498779296875,668.1829833984375,668.8699951171875,1556046,6.505589714065164,-0.0002541021660391607
2026-03-12 14:00:00+00:00,668.8699951171875,670.9199829101562,668.8099975585938,670.2899780273438,1889815,6.507710421778683,0.002120707713519465
2026-03-12 14:05:00+00:00,670.2999877929688,670.6400146484375,669.7000122070312,670.3200073242188,1262266,6.507755221231482,4.479945279900477e-05
2026-03-12 14:10:00+00:00,670.3400268554688,671.1400146484375,670.1300048828125,670.969970703125,949418,6.50872438291975,0.0009691616882676612
2026-03-12 14:15:00+00:00,670.989990234375,671.2000122070312,669.5399780273438,669.5999755859375,1162028,6.506680482714598,-0.002043900205151772
2026-03-12 14:20:00+00:00,669.5999755859375,669.6599731445312,669.0399780273438,669.3400268554688,1001760,6.506292192375582,-0.0003882903390159953
2026-03-12 14:25:00+00:00,669.3300170898438,669.9400024414062,668.0499877929688,668.0599975585938,1072089,6.504377986207849,-0.0019142061677337452
2026-03-12 14:30:00+00:00,668.0599975585938,668.25,667.6400146484375,668.0,1397091,6.504288173536645,-8.981267120322656e-05
2026-03-12 14:35:00+00:00,668.0,668.7000122070312,667.2999877929688,667.9600219726562,1357333,6.504228324399399,-5.984913724610408e-05
2026-03-12 14:40:00+00:00,667.9600219726562,669.1199951171875,667.60009765625,668.9550170898438,1018871,6.505716818838949,0.0014884944395499033
2026-03-12 14:45:00+00:00,668.9299926757812,670.5499877929688,668.1400146484375,668.4000244140625,1998649,6.5048868332473635,-0.0008299855915856469
2026-03-12 14:50:00+00:00,668.3800048828125,668.6840209960938,668.0800170898438,668.47998046875,1154830,6.505006449150797,0.00011961590343378958
2026-03-12 14:55:00+00:00,668.469970703125,668.9299926757812,668.3200073242188,668.5,923358,6.505036396541998,2.994739120065759e-05
2026-03-12 15:00:00+00:00,668.510009765625,668.7999877929688,667.6699829101562,668.1500244140625,1056094,6.504512735766862,-0.0005236607751362143
2026-03-12 15:05:00+00:00,668.1099853515625,668.4299926757812,667.8499755859375,667.9199829101562,656836,6.504168380299082,-0.00034435546777977777
2026-03-12 15:10:00+00:00,667.9000244140625,667.905029296875,666.9199829101562,667.3800048828125,1218499,6.503359606148383,-0.000808774150699243
2026-03-12 15:15:00+00:00,667.3800048828125,667.739990234375,667.1199951171875,667.3250122070312,847863,6.503277201909082,-8.240423930061525e-05
2026-03-12 15:20:00+00:00,667.3300170898438,667.9099731445312,667.0599975585938,667.8499755859375,923932,6.504063560866907,0.000786358957824973
2026-03-12 15:25:00+00:00,667.8400268554688,668.75,667.780029296875,668.1699829101562,1069094,6.504542606600174,0.0004790457332672915
2026-03-12 15:30:00+00:00,668.1699829101562,668.5800170898438,667.6699829101562,667.8699951171875,778194,6.504093536508045,-0.0004490700921291335
2026-03-12 15:35:00+00:00,667.8720092773438,670.030029296875,667.239990234375,669.9500122070312,1709908,6.507203100955426,0.0031095644473806416
2026-03-12 15:40:00+00:00,669.9400024414062,670.3099975585938,668.6500244140625,669.7999877929688,2308090,6.506979142135214,-0.00022395882021175595
2026-03-12 15:45:00+00:00,669.8200073242188,670.02001953125,668.469970703125,669.1599731445312,1619828,6.506023154329974,-0.0009559878052405324
2026-03-12 15:50:00+00:00,669.1799926757812,669.6799926757812,668.6900024414062,669.5449829101562,788666,6.50659835168694,0.0005751973569667612
2026-03-12 15:55:00+00:00,669.544189453125,669.5700073242188,668.8499755859375,669.2999267578125,812112,6.506232280675562,-0.0003660710113786436
2026-03-12 16:00:00+00:00,669.3099975585938,670.0499877929688,669.0499877929688,670.02001953125,735864,6.507307591836004,0.0010753111604424603
2026-03-12 16:05:00+00:00,670.010009765625,670.3099975585938,667.6699829101562,667.8400268554688,1289032,6.504048664101265,-0.0032589277347394585
2026-03-12 16:10:00+00:00,667.8499755859375,668.9600219726562,667.72998046875,668.9199829101562,884023,6.50566444596451,0.0016157818632454024
2026-03-12 16:15:00+00:00,668.8900146484375,670.030029296875,668.8400268554688,669.6599731445312,896357,6.5067700807925375,0.0011056348280273909
2026-03-12 16:20:00+00:00,669.6500244140625,671.3099975585938,669.5999755859375,669.760009765625,1941957,6.506919453838417,0.00014937304587991918
2026-03-12 16:25:00+00:00,669.77001953125,669.8400268554688,668.6599731445312,668.8400268554688,1089708,6.505544908746774,-0.0013745450916431423
2026-03-12 16:30:00+00:00,668.77001953125,669.7100219726562,668.3400268554688,669.260009765625,924218,6.50617263897987,0.0006277302330959245
2026-03-12 16:35:00+00:00,669.239990234375,670.2899780273438,669.1199951171875,670.0601196289062,956782,6.507367439148857,0.001194800168986987
2026-03-12 16:40:00+00:00,670.0900268554688,670.1400146484375,669.4000244140625,669.6909790039062,800086,6.506816380620571,-0.0005510585282859637
2026-03-12 16:45:00+00:00,669.6699829101562,669.7899780273438,668.0399780273438,668.8358764648438,659959,6.505538703371294,-0.001277677249277076
2026-03-12 16:50:00+00:00,668.8099975585938,669.260009765625,668.0800170898438,668.451904296875,677052,6.50496444824978,-0.0005742551215144331
2026-03-12 16:55:00+00:00,668.4299926757812,668.989990234375,668.1900024414062,668.8400268554688,526334,6.505544908746774,0.0005804604969945615
2026-03-12 17:00:00+00:00,668.8300170898438,669.75,668.6849975585938,669.7100219726562,594937,6.5068448156728635,0.0012999069260892782
2026-03-12 17:05:00+00:00,669.7100219726562,670.3098754882812,668.77001953125,668.9500122070312,740348,6.5057093371676755,-0.0011354785051880256
2026-03-12 17:10:00+00:00,668.9000244140625,669.489990234375,668.619873046875,668.6986083984375,462968,6.5053334480026415,-0.0003758891650340601
2026-03-12 17:15:00+00:00,668.6900024414062,668.9299926757812,668.1099853515625,668.1300048828125,752499,6.504482772689045,-0.0008506753135968381
2026-03-12 17:20:00+00:00,668.1199951171875,669.3800048828125,667.989990234375,669.0399780273438,1002254,6.505843816231203,0.001361043542158491
2026-03-12 17:25:00+00:00,669.0399780273438,669.3099975585938,668.3800048828125,668.5599975585938,524900,6.505126142041442,-0.0007176741897607641
2026-03-12 17:30:00+00:00,668.5599975585938,669.2000122070312,668.530029296875,668.8599853515625,589265,6.505574748764586,0.00044860672314328554
2026-03-12 17:35:00+00:00,668.8599853515625,669.530029296875,668.8400268554688,669.47998046875,872449,6.506501262471675,0.0009265137070890717
2026-03-12 17:40:00+00:00,669.5,669.75,668.4503784179688,668.5399780273438,899978,6.505096197337805,-0.0014050651338699538
2026-03-12 17:45:00+00:00,668.5399780273438,668.7899780273438,667.9500122070312,668.22998046875,876598,6.504632396423997,-0.00046380091380804345
2026-03-12 17:50:00+00:00,668.2100219726562,668.8099975585938,668.0700073242188,668.0800170898438,525913,6.504407952425509,-0.00022444399848797758
2026-03-12 17:55:00+00:00,668.0900268554688,668.260009765625,667.2700805664062,668.1600952148438,1479028,6.5045278083172136,0.00011985589170482314
2026-03-12 18:00:00+00:00,668.1699829101562,668.989990234375,668.1699829101562,668.530029296875,1181757,6.50508131594728,0.000553507630066008
2026-03-12 18:05:00+00:00,668.5399780273438,669.1599731445312,668.219970703125,668.6699829101562,584315,6.505290639328247,0.00020932338096724123
2026-03-12 18:10:00+00:00,668.6900024414062,668.97998046875,668.52001953125,668.9197998046875,444925,6.50566417223148,0.0003735329032332757
2026-03-12 18:15:00+00:00,668.9199829101562,669.219970703125,668.1900024414062,668.25,623203,6.504662355019028,-0.0010018172124519609
2026-03-12 18:20:00+00:00,668.280029296875,668.3787231445312,667.780029296875,668.1148071289062,1040182,6.504460025728652,-0.00020232929037611314
2026-03-12 18:25:00+00:00,668.0999755859375,668.2899780273438,667.6901245117188,668.1900024414062,698583,6.504572567885264,0.00011254215661171685
2026-03-12 18:30:00+00:00,668.1799926757812,668.47998046875,667.780029296875,667.844970703125,685480,6.504056066816224,-0.0005165010690397764
2026-03-12 18:35:00+00:00,667.8499755859375,668.0499877929688,667.47998046875,667.875,1980669,6.504101030277935,4.4963461711233776e-05
2026-03-12 18:40:00+00:00,667.8800048828125,667.9550170898438,667.510009765625,667.6984252929688,744209,6.503836612456023,-0.00026441782191177765
2026-03-12 18:45:00+00:00,667.6799926757812,667.919921875,667.4000244140625,667.4600219726562,660391,6.503479496305001,-0.00035711615102229644
2026-03-12 18:50:00+00:00,667.4550170898438,668.1799926757812,667.4400024414062,667.7999877929688,674281,6.503988709230082,0.000509212925081215
2026-03-12 18:55:00+00:00,667.7899780273438,667.7899780273438,667.2000122070312,667.3289794921875,976248,6.503283146948292,-0.0007055622817899732
2026-03-12 19:00:00+00:00,667.3200073242188,668.0399780273438,666.8699951171875,667.3250122070312,1556211,6.503277201909082,-5.945039210253356e-06
2026-03-12 19:05:00+00:00,667.3200073242188,667.9400024414062,667.176025390625,667.6099853515625,1160431,6.503704148763245,0.00042694685416311273
2026-03-12 19:10:00+00:00,667.6099853515625,667.8900146484375,666.989990234375,667.5250244140625,1000689,6.503576879330576,-0.00012726943266905266
2026-03-12 19:15:00+00:00,667.5399780273438,667.9400024414062,667.2999877929688,667.7319946289062,1430614,6.503886887386778,0.0003100080562017382
2026-03-12 19:20:00+00:00,667.72998046875,668.3900146484375,667.5599975585938,667.8599853515625,1244811,6.504078548799794,0.0001916614130159644
2026-03-12 19:25:00+00:00,667.8499755859375,668.1599731445312,667.6614990234375,667.97998046875,912004,6.504258203729397,0.00017965492960314577
2026-03-12 19:30:00+00:00,667.989990234375,668.6500244140625,667.9166259765625,668.2999877929688,1146329,6.504737156251228,0.00047895252183138837
2026-03-12 19:35:00+00:00,668.2999877929688,668.4000244140625,667.659912109375,667.9299926757812,1095500,6.504183366661036,-0.0005537895901923662
2026-03-12 19:40:00+00:00,667.9199829101562,667.9400024414062,667.0399780273438,667.1900024414062,1425256,6.50307486658186,-0.0011085000791757338
2026-03-12 19:45:00+00:00,667.1799926757812,667.219970703125,666.489990234375,666.719970703125,2153372,6.502370123732345,-0.0007047428495150498
2026-03-12 19:50:00+00:00,666.719970703125,666.9400024414062,666.1300048828125,666.77001953125,2280500,6.502445188155048,7.50644227025532e-05
2026-03-12 19:55:00+00:00,666.780029296875,667.0700073242188,665.905029296875,666.0399780273438,4671020,6.501349695806921,-0.001095492348127003
2026-03-13 13:30:00+00:00,669.27001953125,670.3099975585938,669.1500244140625,669.7849731445312,4663838,6.5069567252689815,0.005607029462060709
2026-03-13 13:35:00+00:00,669.780029296875,670.6900024414062,668.9600219726562,670.3800048828125,1457370,6.50784472307095,0.0008879978019686874
2026-03-13 13:40:00+00:00,670.4000244140625,671.969970703125,670.1160278320312,671.9400024414062,1480051,6.510169054456027,0.0023243313850764835
2026-03-13 13:45:00+00:00,671.9199829101562,672.3350219726562,671.0800170898438,671.1199951171875,1951312,6.508947951262422,-0.001221103193604911
2026-03-13 13:50:00+00:00,671.1300048828125,671.8599853515625,670.6400146484375,671.6912841796875,1110199,6.509798836425178,0.0008508851627562208
2026-03-13 13:55:00+00:00,671.7100219726562,671.719970703125,670.3699951171875,670.530029296875,1348555,6.5080684881422295,-0.0017303482829484906
2026-03-13 14:00:00+00:00,670.5399780273438,671.25,669.72998046875,670.0800170898438,1131231,6.507397133746301,-0.0006713543959282475
2026-03-13 14:05:00+00:00,670.0900268554688,670.530029296875,669.1199951171875,669.3300170898438,924287,6.50627723758419,-0.0011198961621108339
2026-03-13 14:10:00+00:00,669.2999877929688,669.5,668.780029296875,668.8602905273438,1064409,6.50557520502706,-0.0007020325571307495
2026-03-13 14:15:00+00:00,668.8599853515625,669.0900268554688,667.72998046875,668.1799926757812,1277319,6.504557587354928,-0.0010176176721312657
2026-03-13 14:20:00+00:00,668.1799926757812,669.0800170898438,668.1099853515625,668.6500244140625,929622,6.505260790831274,0.0007032034763456707
2026-03-13 14:25:00+00:00,668.6599731445312,669.27001953125,668.22998046875,668.840087890625,879766,6.505545000002009,0.0002842091707346839
2026-03-13 14:30:00+00:00,668.8699951171875,670.22998046875,668.6900024414062,669.5,885717,6.506531165131227,0.0009861651292180085
2026-03-13 14:35:00+00:00,669.510009765625,669.5399780273438,668.4299926757812,668.8800048828125,671519,6.505604679141785,-0.0009264859894413391
2026-03-13 14:40:00+00:00,668.8800048828125,668.8800048828125,667.219970703125,667.2899780273438,911316,6.503224701105552,-0.0023799780362336875
2026-03-13 14:45:00+00:00,667.2899780273438,667.3800048828125,666.2899780273438,667.0499877929688,1544390,6.502864987324791,-0.00035971378076116167
2026-03-13 14:50:00+00:00,667.0499877929688,667.5999755859375,666.4500122070312,666.530029296875,1136398,6.502085193812922,-0.0007797935118682986
2026-03-13 14:55:00+00:00,666.510009765625,666.8499755859375,664.989990234375,665.3300170898438,1854148,6.5002831838569755,-0.001802009955946815
2026-03-13 15:00:00+00:00,665.3400268554688,665.7100219726562,664.530029296875,665.0999755859375,1439580,6.499937368583018,-0.0003458152739570508
2026-03-13 15:05:00+00:00,665.1199951171875,666.1799926757812,664.9000244140625,666.1699829101562,1197607,6.501544867569686,0.001607498986667899
2026-03-13 15:10:00+00:00,666.1699829101562,666.9400024414062,665.739990234375,666.8499755859375,1114128,6.502565096457377,0.0010202288876905996
2026-03-13 15:15:00+00:00,666.8499755859375,666.9000244140625,665.7999877929688,665.8350219726562,893978,6.50104192509825,-0.0015231713591266072
2026-03-13 15:20:00+00:00,665.8300170898438,666.3699951171875,664.7750244140625,664.7899780273438,967628,6.499471168258148,-0.0015707568401026606
2026-03-13 15:25:00+00:00,664.7899780273438,664.9099731445312,664.4299926757812,664.5900268554688,1200792,6.49917034957177,-0.0003008186863775464
2026-03-13 15:30:00+00:00,664.5700073242188,665.3300170898438,664.3200073242188,665.1400146484375,1003494,6.499997566837178,0.000827217265407576
2026-03-13 15:35:00+00:00,665.1400146484375,665.2999877929688,663.969970703125,664.6300048828125,1033314,6.499230502182176,-0.0007670646550019811
2026-03-13 15:40:00+00:00,664.5999755859375,664.8599853515625,663.3499755859375,663.6900024414062,978893,6.497815176668539,-0.0014153255136371001
2026-03-13 15:45:00+00:00,663.64501953125,665.1599731445312,663.27001953125,664.3198852539062,1698097,6.498763788370259,0.0009486117017205586
2026-03-13 15:50:00+00:00,664.3400268554688,664.4500122070312,663.3099975585938,663.8920288085938,901814,6.4981195290384735,-0.0006442593317856904
2026-03-13 15:55:00+00:00,663.8800048828125,663.9600219726562,663.0999755859375,663.3800048828125,808679,6.49734798569516,-0.000771543343313752
2026-03-13 16:00:00+00:00,663.3599853515625,664.2899780273438,663.3400268554688,663.9099731445312,834305,6.498146557670623,0.0007985719754630694
2026-03-13 16:05:00+00:00,663.9299926757812,664.6900024414062,663.6300048828125,664.4500122070312,683865,6.498959649149149,0.0008130914785260401
2026-03-13 16:10:00+00:00,664.469970703125,664.9650268554688,663.418701171875,663.969970703125,800159,6.498236923609069,-0.0007227255400801269
2026-03-13 16:15:00+00:00,663.97998046875,664.27001953125,663.4600219726562,663.7899780273438,643970,6.4979658012920325,-0.0002711223170361876
2026-03-13 16:20:00+00:00,663.780029296875,664.5999755859375,663.6199951171875,664.1300048828125,788834,6.498477920798141,0.0005121195061086325
2026-03-13 16:25:00+00:00,664.1300048828125,664.52001953125,663.5599975585938,664.3300170898438,737705,6.498779039695563,0.0003011188974220147
2026-03-13 16:30:00+00:00,664.3200073242188,664.8699951171875,664.0,664.1099853515625,805757,6.4984477763492485,-0.0003312633463146142
2026-03-13 16:35:00+00:00,664.1099853515625,665.22998046875,664.0999755859375,664.4000244140625,954389,6.498884414485169,0.0004366381359206528
2026-03-13 16:40:00+00:00,664.3599853515625,664.7999877929688,663.719970703125,663.75,667312,6.4979055725561485,-0.0009788419290206463
2026-03-13 16:45:00+00:00,663.739990234375,664.0700073242188,663.239990234375,664.030029296875,808534,6.498327373298513,0.00042180074236419784
2026-03-13 16:50:00+00:00,664.030029296875,664.969970703125,663.9099731445312,664.8400268554688,672980,6.499546450596791,0.0012190772982778597
2026-03-13 16:55:00+00:00,664.8300170898438,664.969970703125,663.135009765625,663.3350219726562,1076154,6.49728017473461,-0.0022662758621807555
2026-03-13 17:00:00+00:00,663.3200073242188,663.6900024414062,663.2899780273438,663.469970703125,730877,6.497483593822839,0.00020341908822896215
2026-03-13 17:05:00+00:00,663.469970703125,664.1099853515625,663.1300048828125,663.9199829101562,592339,6.4981616345493745,0.0006780407265356558
2026-03-13 17:10:00+00:00,663.9299926757812,664.719970703125,663.3300170898438,664.719970703125,838427,6.499365855282717,0.0012042207333422539
2026-03-13 17:15:00+00:00,664.75,665.0800170898438,664.1799926757812,664.77001953125,558368,6.499441145549685,7.529026696850849e-05
2026-03-13 17:20:00+00:00,664.780029296875,664.8099975585938,663.7899780273438,664.469970703125,458785,6.498989686316702,-0.0004514592329831757
2026-03-13 17:25:00+00:00,664.4500122070312,664.6500244140625,663.8499755859375,664.3699951171875,593614,6.498839215848176,-0.00015047046852600943
2026-03-13 17:30:00+00:00,664.3499755859375,664.52001953125,663.739990234375,664.0198974609375,600557,6.498312115083089,-0.0005271007650868853
2026-03-13 17:35:00+00:00,664.02001953125,664.2899780273438,663.719970703125,664.1300048828125,825044,6.498477920798141,0.00016580571505198094
2026-03-13 17:40:00+00:00,664.1400146484375,664.25,663.4400024414062,663.9400024414062,680111,6.498191787624958,-0.00028613317318271214
2026-03-13 17:45:00+00:00,663.9400024414062,664.1699829101562,662.4000244140625,662.469970703125,1151734,6.495975229592501,-0.0022165580324573497
2026-03-13 17:50:00+00:00,662.4600219726562,662.8699951171875,662.0800170898438,662.64501953125,1306408,6.496239431311496,0.0002642017189948831
2026-03-13 17:55:00+00:00,662.6599731445312,663.0399780273438,662.3400268554688,662.6300048828125,893058,6.4962167723944235,-2.2658917072426732e-05
2026-03-13 18:00:00+00:00,662.6400146484375,663.2999877929688,662.5700073242188,663.1519165039062,802454,6.497004098936799,0.0007873265423752329
2026-03-13 18:05:00+00:00,663.1500244140625,663.3099975585938,662.75,663.1300048828125,612661,6.496971056759653,-3.3042177145503615e-05
2026-03-13 18:10:00+00:00,663.1300048828125,663.52001953125,663.0438842773438,663.3800048828125,739316,6.49734798569516,0.0003769289355064487
2026-03-13 18:15:00+00:00,663.3699951171875,663.72998046875,662.8201293945312,662.9400024414062,807682,6.496684492035834,-0.000663493659325276
2026-03-13 18:20:00+00:00,662.9450073242188,663.0999755859375,662.4500122070312,662.6849975585938,479515,6.4962997604775765,-0.0003847315582579114
2026-03-13 18:25:00+00:00,662.7000122070312,663.4099731445312,662.6400146484375,663.3400268554688,541400,6.497287719736405,0.0009879592588282193
2026-03-13 18:30:00+00:00,663.3300170898438,664.22998046875,663.0999755859375,663.969970703125,641025,6.498236923609069,0.0009492038726639507
2026-03-13 18:35:00+00:00,663.969970703125,664.4600219726562,663.885009765625,664.1500244140625,564288,6.498508064338374,0.00027114072930523037
2026-03-13 18:40:00+00:00,664.1599731445312,664.5599975585938,663.9818115234375,664.4299926757812,473310,6.4989295192184136,0.00042145488003964005
2026-03-13 18:45:00+00:00,664.4099731445312,664.6699829101562,664.22998046875,664.5599975585938,670167,6.499125163857098,0.00019564463868437798
2026-03-13 18:50:00+00:00,664.5599975585938,664.8099975585938,664.1799926757812,664.5399780273438,536679,6.499095038912971,-3.0124944126797004e-05
2026-03-13 18:55:00+00:00,664.5499877929688,664.5499877929688,663.9400024414062,664.1799926757812,603832,6.498553186049603,-0.0005418528633684971
2026-03-13 19:00:00+00:00,664.1799926757812,664.2000122070312,663.5800170898438,663.5999755859375,799597,6.497679521525959,-0.0008736645236435692
2026-03-13 19:05:00+00:00,663.5900268554688,663.8499755859375,663.2550048828125,663.6799926757812,867973,6.497800094565339,0.00012057303938028952
2026-03-13 19:10:00+00:00,663.6699829101562,663.989990234375,663.4000244140625,663.5349731445312,1153779,6.497581562472857,-0.00021853209248234862
2026-03-13 19:15:00+00:00,663.5399780273438,663.9099731445312,663.4000244140625,663.5900268554688,1281956,6.497664529353851,8.296688099385108e-05
2026-03-13 19:20:00+00:00,663.5800170898438,663.5800170898438,662.510009765625,662.739990234375,892677,6.496382741674278,-0.0012817876795727656
2026-03-13 19:25:00+00:00,662.719970703125,662.77001953125,662.1599731445312,662.3699951171875,1017872,6.4958243048186315,-0.0005584368556466046
2026-03-13 19:30:00+00:00,662.3699951171875,663.0,662.3400268554688,662.4799194335938,989227,6.495990247112096,0.00016594229346456046
2026-03-13 19:35:00+00:00,662.469970703125,662.5750122070312,661.77001953125,661.8049926757812,1154372,6.494970939544551,-0.0010193075675450913
2026-03-13 19:40:00+00:00,661.7999877929688,661.9650268554688,661.3599853515625,661.6900024414062,1255522,6.4947971720046835,-0.00017376753986741988
2026-03-13 19:45:00+00:00,661.6900024414062,661.9879760742188,661.4000244140625,661.8900146484375,1633736,6.495099401119616,0.0003022291149328282
2026-03-13 19:50:00+00:00,661.8900146484375,662.2650146484375,661.5349731445312,662.0499877929688,2497000,6.495341063347534,0.0002416622279177716
2026-03-13 19:55:00+00:00,662.0499877929688,662.489990234375,661.885009765625,662.2999877929688,3846028,6.495718607059662,0.00037754371212805893
2026-03-16 13:30:00+00:00,668.3800048828125,668.8800048828125,667.7000122070312,668.5700073242188,4904373,6.505141114057011,0.009422506997348812
2026-03-16 13:35:00+00:00,668.5800170898438,669.0800170898438,668.5,669.010009765625,1325954,6.505799022296751,0.0006579082397397684
2026-03-16 13:40:00+00:00,669.02001953125,669.760009765625,668.7000122070312,669.6400146484375,1358427,6.506740276422677,0.000941254125926605
2026-03-16 13:45:00+00:00,669.6300048828125,670.6099853515625,669.469970703125,669.989990234375,1726551,6.507262772324715,0.0005224959020377895
2026-03-16 13:50:00+00:00,669.97998046875,670.030029296875,669.5499877929688,669.7999877929688,1360710,6.506979142135214,-0.00028363018950106067
2026-03-16 13:55:00+00:00,669.8099975585938,670.9000244140625,669.489990234375,670.7999877929688,1244172,6.5084710117513325,0.0014918696161183576
2026-03-16 14:00:00+00:00,670.7999877929688,670.8900146484375,669.989990234375,670.3200073242188,898484,6.507755221231482,-0.0007157905198500458
2026-03-16 14:05:00+00:00,670.3300170898438,671.0599975585938,670.0499877929688,670.7999877929688,809167,6.5084710117513325,0.0007157905198500458
2026-03-16 14:10:00+00:00,670.7999877929688,671.4000244140625,670.4298706054688,670.6400146484375,1143663,6.508232502172077,-0.0002385095792556413
2026-03-16 14:15:00+00:00,670.6500244140625,671.2100219726562,670.4000244140625,670.5700073242188,1173763,6.508128107896557,-0.00010439427552011438
2026-03-16 14:20:00+00:00,670.5800170898438,671.3499755859375,670.510009765625,670.9949951171875,887370,6.508761678102117,0.0006335702055606518
2026-03-16 14:25:00+00:00,670.989990234375,671.1400146484375,670.25,670.27001953125,901751,6.5076806454223375,-0.0010810326797798808
2026-03-16 14:30:00+00:00,670.27001953125,670.3499755859375,668.969970703125,669.0750122070312,1132678,6.505896179712595,-0.0017844657097425554
2026-03-16 14:35:00+00:00,669.0700073242188,669.6513061523438,668.3300170898438,668.4000244140625,1535612,6.5048868332473635,-0.001009346465231431
2026-03-16 14:40:00+00:00,668.4000244140625,668.760009765625,668.0499877929688,668.219970703125,1120183,6.5046174167899045,-0.0002694164574590374
2026-03-16 14:45:00+00:00,668.2100219726562,668.6599731445312,667.7999877929688,668.0239868164062,1062913,6.504324081299748,-0.0002933354901566432
2026-03-16 14:50:00+00:00,668.02001953125,669.2650146484375,667.5750122070312,669.1875,1081539,6.506064289918489,0.0017402086187408017
2026-03-16 14:55:00+00:00,669.1699829101562,669.8300170898438,668.8800048828125,669.8300170898438,698503,6.507023974360187,0.0009596844416988048
2026-03-16 15:00:00+00:00,669.8400268554688,669.8699951171875,668.9199829101562,669.0599975585938,663138,6.505873738556316,-0.0011502358038715244
2026-03-16 15:05:00+00:00,669.0599975585938,669.2999877929688,668.6199951171875,669.2899780273438,514451,6.5062174161820625,0.0003436776257466079
2026-03-16 15:10:00+00:00,669.2899780273438,669.5599975585938,668.6599731445312,669.3900756835938,540781,6.506366962978041,0.00014954679597867226
2026-03-16 15:15:00+00:00,669.3800048828125,669.6699829101562,668.8200073242188,669.6607055664062,486709,6.506771174513984,0.00040421153594305537
2026-03-16 15:20:00+00:00,669.6900024414062,670.2999877929688,669.4600219726562,670.1599731445312,1130500,6.507516449772334,0.0007452752583496647
2026-03-16 15:25:00+00:00,670.1699829101562,670.3200073242188,669.6900024414062,670.0599975585938,499724,6.507367256970691,-0.00014919280164260584
2026-03-16 15:30:00+00:00,670.0399780273438,670.5800170898438,670.030029296875,670.4199829101562,705690,6.507904356167191,0.0005370991964994687
2026-03-16 15:35:00+00:00,670.4400024414062,670.6400146484375,670.1599731445312,670.1799926757812,443409,6.507546322090943,-0.00035803407624790395
2026-03-16 15:40:00+00:00,670.1599731445312,670.239990234375,669.739990234375,669.8699951171875,526080,6.507083656418844,-0.0004626656720985167
2026-03-16 15:45:00+00:00,669.8599853515625,670.2899780273438,669.7999877929688,670.114990234375,287920,6.507449324874231,0.00036566845538654746
2026-03-16 15:50:00+00:00,670.1300048828125,670.1300048828125,669.0800170898438,669.4099731445312,1105145,6.506396687298647,-0.0010526375755839368
2026-03-16 15:55:00+00:00,669.4099731445312,669.6099853515625,668.4400024414062,668.469970703125,812997,6.504991475118873,-0.0014052121797742956
2026-03-16 16:00:00+00:00,668.469970703125,668.8900146484375,668.2100219726562,668.22998046875,699349,6.504632396423997,-0.00035907869487594724
2026-03-16 16:05:00+00:00,668.22998046875,669.1500244140625,668.1799926757812,668.7399291992188,506171,6.5053952389554714,0.0007628425314747389
2026-03-16 16:10:00+00:00,668.739990234375,669.1900024414062,668.530029296875,668.8707275390625,661306,6.505590809078364,0.00019557012289261877
2026-03-16 16:15:00+00:00,668.8599853515625,669.0999755859375,668.39501953125,668.6300048828125,598565,6.505230850159443,-0.00035995891892071086
2026-03-16 16:20:00+00:00,668.6199951171875,668.7000122070312,667.3599853515625,667.4000244140625,3582340,6.503389602898128,-0.001841247261315182
2026-03-16 16:25:00+00:00,667.3900146484375,667.8200073242188,667.1500244140625,667.4500122070312,1592985,6.503464499390798,7.489649267000686e-05
2026-03-16 16:30:00+00:00,667.4199829101562,667.9299926757812,667.1199951171875,667.5,672641,6.503539390274405,7.489088360657092e-05
2026-03-16 16:35:00+00:00,667.530029296875,668.2100219726562,667.5050048828125,668.2000122070312,561377,6.504587548191186,0.001048157916780923
2026-03-16 16:40:00+00:00,668.1900024414062,668.8900146484375,667.9000244140625,668.6400146484375,383658,6.505245820607414,0.0006582724162287334
2026-03-16 16:45:00+00:00,668.6500244140625,668.8099975585938,668.25,668.530029296875,427203,6.50508131594728,-0.00016450466013484544
2026-03-16 16:50:00+00:00,668.52001953125,669.073974609375,668.3900146484375,668.5700073242188,403587,6.505141114057011,5.979810973144595e-05
2026-03-16 16:55:00+00:00,668.5700073242188,668.8099975585938,668.27001953125,668.4249877929688,448186,6.504924180512235,-0.00021693354477569926
2026-03-16 17:00:00+00:00,668.4299926757812,669.530029296875,668.406005859375,668.6900024414062,889201,6.50532057821003,0.00039639769779498124
2026-03-16 17:05:00+00:00,668.719970703125,669.1900024414062,668.5900268554688,668.9299926757812,357442,6.505679409922813,0.0003588317127825036
2026-03-16 17:10:00+00:00,668.9299926757812,669.6400146484375,668.9299926757812,669.3499755859375,480624,6.506307055757621,0.0006276458348084546
2026-03-16 17:15:00+00:00,669.3599853515625,669.4400024414062,668.8800048828125,669.2750244140625,317900,6.506195073429556,-0.00011198232806552966
2026-03-16 17:20:00+00:00,669.280029296875,669.75,669.22998046875,669.5,534538,6.506531165131227,0.0003360917016710374
2026-03-16 17:25:00+00:00,669.5181274414062,669.739990234375,669.1400146484375,669.2000122070312,557190,6.506082987353899,-0.0004481777773275297
2026-03-16 17:30:00+00:00,669.2000122070312,669.5599975585938,668.8699951171875,669.0800170898438,367178,6.50590365998611,-0.00017932736778902836
2026-03-16 17:35:00+00:00,669.0499877929688,669.3200073242188,668.8499755859375,668.9000244140625,281139,6.505634608623184,-0.00026905136292576515
2026-03-16 17:40:00+00:00,668.9000854492188,669.0999755859375,668.6099853515625,668.6599731445312,367891,6.505275669551223,-0.00035893907196182795
2026-03-16 17:45:00+00:00,668.6599731445312,669.2000122070312,668.2000122070312,668.3599853515625,752820,6.5048269286089555,-0.0004487409422671007
2026-03-16 17:50:00+00:00,668.3499755859375,668.8699951171875,667.97998046875,668.6099853515625,724936,6.505200908591142,0.0003739799821866896
2026-03-16 17:55:00+00:00,668.5900268554688,668.989990234375,668.469970703125,668.7550048828125,292799,6.505417782119127,0.00021687352798505088
2026-03-16 18:00:00+00:00,668.760009765625,669.1649780273438,668.6599731445312,669.1649780273438,2539026,6.506030633653748,0.0006128515346208729
2026-03-16 18:05:00+00:00,669.1599731445312,669.77001953125,669.0,669.52001953125,998591,6.506561066896637,0.000530433242889039
2026-03-16 18:10:00+00:00,669.52001953125,669.719970703125,669.25,669.5499877929688,457094,6.5066058267098805,4.4759813243366864e-05
2026-03-16 18:15:00+00:00,669.5399780273438,670.0599975585938,669.469970703125,669.8200073242188,725304,6.507009030508521,0.0004032037986405612
2026-03-16 18:20:00+00:00,669.8099975585938,670.0800170898438,669.6373901367188,669.9500122070312,397418,6.507203100955426,0.0001940704469047816
2026-03-16 18:25:00+00:00,669.9600219726562,670.0349731445312,669.5499877929688,669.7999877929688,555601,6.506979142135214,-0.00022395882021175595
2026-03-16 18:30:00+00:00,669.7999877929688,669.989990234375,669.590087890625,669.9199829101562,436848,6.507158276760557,0.00017913462534302482
2026-03-16 18:35:00+00:00,669.9199829101562,670.159912109375,669.6900024414062,670.0700073242188,625590,6.507382195470075,0.00022391870951743442
2026-03-16 18:40:00+00:00,670.0599975585938,670.239990234375,669.8875122070312,670.1799926757812,651925,6.507546322090943,0.0001641266208682879
2026-03-16 18:45:00+00:00,670.2000122070312,670.3099975585938,670.0399780273438,670.0750122070312,753820,6.507389664636082,-0.00015665745486082017
2026-03-16 18:50:00+00:00,670.0800170898438,670.0800170898438,669.7100219726562,669.739990234375,598302,6.50688956278765,-0.0005001018484316333
2026-03-16 18:55:00+00:00,669.739990234375,669.8200073242188,669.489990234375,669.60498046875,741521,6.506687957123634,-0.00020160566401639102
2026-03-16 19:00:00+00:00,669.60498046875,670.0,669.3900146484375,669.5800170898438,634957,6.506650675674164,-3.7281449469794836e-05
2026-03-16 19:05:00+00:00,669.5800170898438,671.3699951171875,669.239990234375,671.3400268554688,1079312,6.509275755050467,0.0026250793763029634
2026-03-16 19:10:00+00:00,671.3400268554688,672.0700073242188,669.6500244140625,669.8499755859375,2027605,6.5070537702759355,-0.0022219847745317267
2026-03-16 19:15:00+00:00,669.8350219726562,670.2999877929688,669.3900146484375,669.4099731445312,1057203,6.506396687298647,-0.0006570829772885034
2026-03-16 19:20:00+00:00,669.4099731445312,669.739990234375,668.9600219726562,669.1500244140625,1179748,6.506008286727569,-0.0003884005710776961
2026-03-16 19:25:00+00:00,669.1400146484375,669.510009765625,668.6900024414062,669.27001953125,1816235,6.506187595335583,0.00017930860801396165
2026-03-16 19:30:00+00:00,669.27001953125,669.3975219726562,668.9199829101562,668.969970703125,1179685,6.505739172279417,-0.000448423056166547
2026-03-16 19:35:00+00:00,668.969970703125,669.4299926757812,668.7999877929688,668.9699096679688,1021643,6.5057390810419,-9.123751709694261e-08
2026-03-16 19:40:00+00:00,668.9600219726562,669.1199951171875,668.4199829101562,668.6002807617188,975583,6.505186393910706,-0.0005526871311936077
2026-03-16 19:45:00+00:00,668.5900268554688,668.8599853515625,668.4199829101562,668.760009765625,1608019,6.505425265972031,0.0002388720613248907
2026-03-16 19:50:00+00:00,668.760009765625,669.0499877929688,668.469970703125,668.64501953125,1993354,6.505253305747358,-0.00017196022467302896
2026-03-16 19:55:00+00:00,668.6500244140625,669.22998046875,668.6400146484375,668.9600219726562,3719085,6.505724300454249,0.00047099470689104805
2026-03-17 13:30:00+00:00,672.3900146484375,673.8300170898438,671.9099731445312,673.4400024414062,3741349,6.512398908647537,0.006674608193288023
2026-03-17 13:35:00+00:00,673.4600219726562,673.9299926757812,673.1900024414062,673.905029296875,1427715,6.513089194896389,0.0006902862488518124
2026-03-17 13:40:00+00:00,673.9000244140625,673.969970703125,673.4500122070312,673.510009765625,951133,6.512502858049738,-0.000586336846650326
2026-03-17 13:45:00+00:00,673.5,674.4299926757812,673.3699951171875,674.2498168945312,1341748,6.513600690450698,0.0010978324009593976
2026-03-17 13:50:00+00:00,674.2449951171875,674.260009765625,673.6699829101562,674.05810546875,1150827,6.5133163170907356,-0.0002843733599622311
2026-03-17 13:55:00+00:00,674.0499877929688,674.1699829101562,673.6599731445312,673.8900146484375,663529,6.513066914582323,-0.00024940250841254397
2026-03-17 14:00:00+00:00,673.8800048828125,673.9099731445312,672.97998046875,673.1900024414062,1709475,6.512027611406326,-0.0010393031759967641
2026-03-17 14:05:00+00:00,673.2000122070312,673.5549926757812,673.125,673.27001953125,583251,6.512146466906872,0.00011885550054557825
2026-03-17 14:10:00+00:00,673.280029296875,673.3499755859375,672.2849731445312,672.2999877929688,1037868,6.510704651317871,-0.0014418155890005835
2026-03-17 14:15:00+00:00,672.2999877929688,672.5999755859375,671.5599975585938,672.5999755859375,1376971,6.511150763008128,0.00044611169025632336
2026-03-17 14:20:00+00:00,672.5900268554688,672.9199829101562,672.3099975585938,672.480224609375,628899,6.51097270525832,-0.00017805774980761413
2026-03-17 14:25:00+00:00,672.5,672.77001953125,672.0499877929688,672.5599975585938,677598,6.5110913231970216,0.00011861793870160398
2026-03-17 14:30:00+00:00,672.5700073242188,673.1199951171875,672.1400146484375,673.030029296875,561522,6.511789948704075,0.00069862550705313
2026-03-17 14:35:00+00:00,673.0399780273438,673.27001953125,672.3300170898438,672.510009765625,745135,6.511016995775074,-0.0007729529290010362
2026-03-17 14:40:00+00:00,672.510009765625,673.3800048828125,672.25,673.280029296875,585165,6.512161334182892,0.0011443384078182461
2026-03-17 14:45:00+00:00,673.280029296875,673.469970703125,673.0599975585938,673.2999877929688,479878,6.512190977421083,2.9643238191212617e-05
2026-03-17 14:50:00+00:00,673.3049926757812,673.3699951171875,672.969970703125,673.125,597238,6.511931047910653,-0.0002599295104301902
2026-03-17 14:55:00+00:00,673.1300048828125,673.3300170898438,672.9000244140625,673.030029296875,387978,6.511789948704075,-0.00014109920657823238
2026-03-17 15:00:00+00:00,673.02001953125,673.27001953125,672.4400024414062,672.5,483631,6.511002111475994,-0.0007878372280805124
2026-03-17 15:05:00+00:00,672.489990234375,672.6199951171875,671.8099975585938,671.8300170898438,1079305,6.510005357766549,-0.000996753709444853
2026-03-17 15:10:00+00:00,671.8200073242188,672.239990234375,671.6599731445312,671.9299926757812,929001,6.510154157530488,0.00014879976393888938
2026-03-17 15:15:00+00:00,671.9199829101562,672.6900024414062,671.9099731445312,672.4400024414062,629953,6.510912891795526,0.0007587342650374751
2026-03-17 15:20:00+00:00,672.4102783203125,672.6300048828125,671.5999755859375,672.1099853515625,731120,6.510421995808813,-0.0004908959867124807
2026-03-17 15:25:00+00:00,672.1099853515625,672.5399780273438,671.6300048828125,671.635009765625,645363,6.509715052739339,-0.0007069430694741641
2026-03-17 15:30:00+00:00,671.6300048828125,672.1900024414062,671.1599731445312,671.25,1020335,6.509141645823075,-0.0005734069162643962
2026-03-17 15:35:00+00:00,671.260009765625,671.52001953125,670.2999877929688,670.8099975585938,1509177,6.508485933771494,-0.0006557120515804371
2026-03-17 15:40:00+00:00,670.8200073242188,671.280029296875,670.5900268554688,671.2100219726562,1104104,6.509082086466816,0.0005961526953219831
2026-03-17 15:45:00+00:00,671.2000122070312,671.6500244140625,670.9400024414062,670.9400024414062,424582,6.508679717834426,-0.00040236863239062615
2026-03-17 15:50:00+00:00,670.969970703125,671.6300048828125,670.969970703125,671.3579711914062,589577,6.509302483824867,0.0006227659904416427
2026-03-17 15:55:00+00:00,671.3599243164062,671.510009765625,670.8300170898438,671.010009765625,670082,6.508784054543909,-0.0005184292809579105
2026-03-17 16:00:00+00:00,671.02001953125,671.0999755859375,670.3099975585938,670.5900268554688,723519,6.508157961949379,-0.000626092594530725
2026-03-17 16:05:00+00:00,670.5999755859375,671.0,669.7000122070312,670.7100219726562,1041661,6.50833688555057,0.0001789236011910944
2026-03-17 16:10:00+00:00,670.6799926757812,671.4000244140625,670.5999755859375,670.7100219726562,1561111,6.50833688555057,0.0
2026-03-17 16:15:00+00:00,670.7249755859375,671.5665283203125,670.5599975585938,671.5665283203125,419941,6.509613085248342,0.0012761996977719292
2026-03-17 16:20:00+00:00,671.5499877929688,671.5900268554688,671.02001953125,671.47998046875,401922,6.509484202367345,-0.0001288828809968834
2026-03-17 16:25:00+00:00,671.489990234375,671.489990234375,670.9600219726562,671.2100219726562,398994,6.509082086466816,-0.0004021159005285213
2026-03-17 16:30:00+00:00,671.2000122070312,671.4299926757812,670.7449951171875,671.1699829101562,521607,6.509022432624587,-5.965384222950121e-05
2026-03-17 16:35:00+00:00,671.1699829101562,671.5150146484375,670.719970703125,670.8900146484375,364454,6.508605210941071,-0.00041722168351565614
2026-03-17 16:40:00+00:00,670.8900146484375,671.5499877929688,670.7899780273438,671.5449829101562,402426,6.509581002416829,0.0009757914757582142
2026-03-17 16:45:00+00:00,671.5399780273438,671.6400146484375,671.1400146484375,671.3099975585938,452743,6.509231023666512,-0.0003499787503171703
2026-03-17 16:50:00+00:00,671.3099975585938,671.489990234375,671.0900268554688,671.25,430466,6.509141645823075,-8.93778434374326e-05
2026-03-17 16:55:00+00:00,671.2449951171875,671.4299926757812,670.9099731445312,670.9500122070312,409952,6.5086946367406195,-0.0004470090824550965
2026-03-17 17:00:00+00:00,670.9400024414062,671.9400024414062,670.9299926757812,671.8300170898438,496907,6.510005357766549,0.001310721025929773
2026-03-17 17:05:00+00:00,671.8400268554688,671.8900146484375,671.6099853515625,671.8099975585938,445057,6.509975558815888,-2.9798950661685808e-05
2026-03-17 17:10:00+00:00,671.8200073242188,671.8800048828125,671.22998046875,671.5900268554688,513763,6.509648075265057,-0.0003274835508308982
2026-03-17 17:15:00+00:00,671.5800170898438,671.5850219726562,671.2650146484375,671.4099731445312,313490,6.509379938687221,-0.00026813657783542055
2026-03-17 17:20:00+00:00,671.4199829101562,671.619873046875,671.1199951171875,671.4616088867188,548426,6.509456842157224,7.690347000277598e-05
2026-03-17 17:25:00+00:00,671.4600219726562,671.7050170898438,671.2650146484375,671.530029296875,235791,6.5095587346906845,0.0001018925334603793
2026-03-17 17:30:00+00:00,671.530029296875,671.7100219726562,671.3300170898438,671.4550170898438,295813,6.509447025022269,-0.00011170966841511643
2026-03-17 17:35:00+00:00,671.4500122070312,671.9749755859375,671.4149780273438,671.9099731445312,368721,6.51012436301364,0.0006773379913704858
2026-03-17 17:40:00+00:00,671.9000244140625,671.9400024414062,671.1900024414062,671.2899780273438,357957,6.509201201632227,-0.0009231613814124628
2026-03-17 17:45:00+00:00,671.3300170898438,671.5,671.030029296875,671.330078125,605138,6.509260935728235,5.973409600734669e-05
2026-03-17 17:50:00+00:00,671.3300170898438,671.951171875,671.1749877929688,671.840087890625,590880,6.510020347756643,0.0007594120284082351
2026-03-17 17:55:00+00:00,671.8400268554688,671.8699951171875,671.6300048828125,671.7000122070312,446533,6.509811830446157,-0.00020851731048576738
2026-03-17 18:00:00+00:00,671.7000122070312,672.0,671.4099731445312,671.9000244140625,2240688,6.510109556261961,0.0002977258158036733
2026-03-17 18:05:00+00:00,671.9000244140625,672.22998046875,671.6749877929688,672.2100219726562,1096010,6.510570824392384,0.00046126813042324244
2026-03-17 18:10:00+00:00,672.2050170898438,672.2999877929688,671.8599853515625,671.8599853515625,472085,6.5100499636826,-0.0005208607097841877
2026-03-17 18:15:00+00:00,671.8699951171875,671.986328125,671.719970703125,671.7899780273438,346268,6.5099457589772225,-0.00010420470537741977
2026-03-17 18:20:00+00:00,671.7999877929688,671.8200073242188,670.9299926757812,670.9600219726562,812149,6.508709555424242,-0.001236203552980264
2026-03-17 18:25:00+00:00,670.9500122070312,671.239990234375,670.8599853515625,670.9000244140625,613485,6.5086201309588585,-8.942446538373616e-05
2026-03-17 18:30:00+00:00,670.9000244140625,671.1900024414062,670.739990234375,671.0900268554688,612124,6.508903296161903,0.0002831652030446108
2026-03-17 18:35:00+00:00,671.092529296875,671.2000122070312,670.9199829101562,671.0399780273438,852624,6.508828714969372,-7.458119253112017e-05
2026-03-17 18:40:00+00:00,671.0399780273438,671.2000122070312,670.7899780273438,670.8599853515625,473627,6.50856044955202,-0.0002682654173522536
2026-03-17 18:45:00+00:00,670.8599853515625,671.1799926757812,670.8300170898438,671.1199951171875,459953,6.508947951262422,0.0003875017104020273
2026-03-17 18:50:00+00:00,671.1099853515625,671.4400024414062,670.9099731445312,671.4000244140625,516945,6.509365120908851,0.00041716964642901644
2026-03-17 18:55:00+00:00,671.4000244140625,671.4000244140625,670.8499755859375,671.0899047851562,523996,6.5089031142633225,-0.0004620066455283123
2026-03-17 19:00:00+00:00,671.0900268554688,671.3400268554688,670.969970703125,671.010009765625,572950,6.508784054543909,-0.00011905971941317262
2026-03-17 19:05:00+00:00,671.0,671.030029296875,670.5900268554688,670.989990234375,795859,6.508754219176917,-2.9835366992081447e-05
2026-03-17 19:10:00+00:00,670.989990234375,671.22998046875,670.9692993164062,671.1900024414062,1148094,6.509052259990524,0.00029804081360662593
2026-03-17 19:15:00+00:00,671.1950073242188,671.60498046875,671.1400146484375,671.4199829101562,810157,6.50939484715062,0.0003425871600963859
2026-03-17 19:20:00+00:00,671.4099731445312,671.4500122070312,671.0999755859375,671.1699829101562,777886,6.509022432624587,-0.00037241452603353764
2026-03-17 19:25:00+00:00,671.1799926757812,671.219970703125,670.969970703125,671.0399780273438,787379,6.508828714969372,-0.00019371765521469797
2026-03-17 19:30:00+00:00,671.0399780273438,671.280029296875,670.9450073242188,670.989990234375,793313,6.508754219176917,-7.449579245477622e-05
2026-03-17 19:35:00+00:00,671.0,671.1400146484375,670.9400024414062,670.989990234375,514813,6.508754219176917,0.0
2026-03-17 19:40:00+00:00,670.989990234375,671.1500244140625,670.75,670.8599853515625,1054182,6.50856044955202,-0.0001937696248974774
2026-03-17 19:45:00+00:00,670.8699951171875,671.2100219726562,670.8499755859375,671.1749877929688,1120394,6.509029889549478,0.0004694399974578545
2026-03-17 19:50:00+00:00,671.1799926757812,671.280029296875,670.5800170898438,671.2050170898438,2681505,6.509074629931145,4.474038166701888e-05
2026-03-17 19:55:00+00:00,671.2000122070312,671.2000122070312,670.469970703125,670.72998046875,3979935,6.508366642373177,-0.0007079875579671935
2026-03-18 13:30:00+00:00,668.3599853515625,669.0700073242188,667.8800048828125,668.77001953125,5716101,6.505440233509814,-0.00292640886336315
2026-03-18 13:35:00+00:00,668.780029296875,669.2999877929688,668.5,669.0900268554688,1454016,6.5059186203652795,0.000478386855465196
2026-03-18 13:40:00+00:00,669.0800170898438,669.5599975585938,668.2650146484375,668.7301025390625,1378290,6.5053805445549635,-0.0005380758103159522
2026-03-18 13:45:00+00:00,668.719970703125,669.719970703125,668.510009765625,669.0850219726562,1032226,6.505911140203671,0.0005305956487076102
2026-03-18 13:50:00+00:00,669.0850219726562,669.3200073242188,668.5399780273438,668.75,844314,6.505410298210216,-0.0005008419934551256
2026-03-18 13:55:00+00:00,668.77001953125,669.2899780273438,668.3499755859375,669.280029296875,894899,6.506202551467607,0.0007922532573907404
2026-03-18 14:00:00+00:00,669.280029296875,669.4099731445312,667.9299926757812,668.4600219726562,802025,6.504976592169842,-0.0012259592977645895
2026-03-18 14:05:00+00:00,668.469970703125,669.3699951171875,668.2100219726562,668.8800048828125,675161,6.505604679141785,0.0006280869719432758
2026-03-18 14:10:00+00:00,668.8499755859375,668.9000244140625,667.1599731445312,667.1599731445312,1098735,6.503029856955556,-0.0025748221862293974
2026-03-18 14:15:00+00:00,667.1599731445312,667.8400268554688,667.1300048828125,667.5399780273438,714141,6.5035992806567355,0.0005694237011795167
2026-03-18 14:20:00+00:00,667.5399780273438,667.7000122070312,667.2100219726562,667.280029296875,571488,6.503209791838275,-0.0003894888184605705
2026-03-18 14:25:00+00:00,667.2999877929688,667.3699951171875,665.719970703125,665.9600219726562,1235589,6.501229641670609,-0.0019801501676663946
2026-03-18 14:30:00+00:00,665.969970703125,666.9400024414062,665.9000244140625,666.2199096679688,1023860,6.501619810734767,0.0003901690641585631
2026-03-18 14:35:00+00:00,666.239990234375,666.5700073242188,665.9534912109375,666.1099243164062,622022,6.50145470844702,-0.00016510228774713198
2026-03-18 14:40:00+00:00,666.0999755859375,666.280029296875,665.72998046875,665.9400024414062,581291,6.501199580058048,-0.00025512838897157053
2026-03-18 14:45:00+00:00,665.9099731445312,666.4600219726562,665.6599731445312,665.9199829101562,581608,6.5011695175417605,-3.006251628789869e-05
2026-03-18 14:50:00+00:00,665.927001953125,666.4199829101562,665.8800048828125,666.219970703125,498793,6.501619902348891,0.000450384807130888
2026-03-18 14:55:00+00:00,666.219970703125,667.155029296875,666.1624755859375,667.1400146484375,810451,6.502999940900279,0.0013800385513880187
2026-03-18 15:00:00+00:00,667.1300048828125,667.7150268554688,666.739990234375,667.2000122070312,952972,6.503089869340447,8.992844016741941e-05
2026-03-18 15:05:00+00:00,667.1699829101562,668.0,667.1300048828125,667.9400024414062,553061,6.504198352798403,0.0011084834579557779
2026-03-18 15:10:00+00:00,667.9600219726562,667.9739990234375,667.3499755859375,667.510009765625,585138,6.503554386065526,-0.0006439667328770327
2026-03-18 15:15:00+00:00,667.510009765625,667.7249755859375,666.7899780273438,666.8579711914062,526609,6.502577086496858,-0.0009772995686674335
2026-03-18 15:20:00+00:00,666.8699951171875,667.1699829101562,666.4000244140625,667.1300048828125,591279,6.502984936792447,0.00040785029558865205
2026-03-18 15:25:00+00:00,667.1099853515625,667.280029296875,666.8900146484375,666.9342041015625,347284,6.502691396524539,-0.0002935402679078436
2026-03-18 15:30:00+00:00,666.9099731445312,667.6199951171875,666.7999877929688,667.330078125,513968,6.503284793260594,0.000593396736054963
2026-03-18 15:35:00+00:00,667.3400268554688,667.5700073242188,667.0800170898438,667.3499755859375,403661,6.503314609336564,2.981607596996838e-05
2026-03-18 15:40:00+00:00,667.3400268554688,667.4099731445312,666.719970703125,667.1300048828125,421161,6.502984936792447,-0.0003296725441170878
2026-03-18 15:45:00+00:00,667.1300048828125,667.3800048828125,666.7000122070312,666.8699951171875,412920,6.502595117048942,-0.00038981974350438264
2026-03-18 15:50:00+00:00,666.8699951171875,667.3300170898438,666.6699829101562,667.3300170898438,397142,6.50328470179887,0.0006895847499279739
2026-03-18 15:55:00+00:00,667.3200073242188,667.4650268554688,666.9349975585938,667.0399780273438,488631,6.5028499811919485,-0.0004347206069219567
2026-03-18 16:00:00+00:00,667.030029296875,667.0599975585938,666.510009765625,666.8800048828125,388346,6.502610127006768,-0.00023985418518002177
2026-03-18 16:05:00+00:00,666.8900146484375,667.0800170898438,666.5999755859375,666.7100219726562,336035,6.502355201718406,-0.00025492528836235095
2026-03-18 16:10:00+00:00,666.7000122070312,667.4100952148438,666.4918212890625,667.2999877929688,432788,6.503239701616392,0.000884499897986224
2026-03-18 16:15:00+00:00,667.3099975585938,667.3599853515625,666.8079833984375,667.3499755859375,288323,6.503314609336564,7.490772017160197e-05
2026-03-18 16:20:00+00:00,667.3599853515625,667.5800170898438,667.1799926757812,667.4099731445312,261644,6.503404509484814,8.990014825016601e-05
2026-03-18 16:25:00+00:00,667.405029296875,667.4400024414062,667.0,667.0700073242188,368351,6.50289499891494,-0.0005095105698744717
2026-03-18 16:30:00+00:00,667.0700073242188,667.2960205078125,666.27001953125,666.3499755859375,535732,6.501815021387238,-0.0010799775277012813
2026-03-18 16:35:00+00:00,666.3400268554688,666.8200073242188,665.8300170898438,666.6849975585938,585130,6.502317666833846,0.000502645446607275
2026-03-18 16:40:00+00:00,666.6849975585938,666.8300170898438,666.3599853515625,666.5,294346,6.502040139618764,-0.00027752721508189637
2026-03-18 16:45:00+00:00,666.489990234375,666.719970703125,666.239990234375,666.5999755859375,242020,6.502190129248882,0.00014998963011869648
2026-03-18 16:50:00+00:00,666.5850219726562,667.1199951171875,666.39501953125,667.02001953125,325617,6.502820059754934,0.0006299305060517568
2026-03-18 16:55:00+00:00,667.02001953125,667.2000122070312,666.4500122070312,666.5499877929688,386801,6.502115137245934,-0.0007049225090005606
2026-03-18 17:00:00+00:00,666.5399780273438,666.6300048828125,665.760009765625,666.2999877929688,729539,6.501740001247868,-0.000375135998065268
2026-03-18 17:05:00+00:00,666.2899780273438,666.4400024414062,665.8720703125,665.9299926757812,467791,6.501184548912874,-0.000555452334994655
2026-03-18 17:10:00+00:00,665.9299926757812,666.1099853515625,665.4299926757812,665.6500244140625,503962,6.500764043554952,-0.00042050535792181876
2026-03-18 17:15:00+00:00,665.6400146484375,666.02001953125,665.4600219726562,665.9500122070312,549221,6.501214610977291,0.00045056742233917646
2026-03-18 17:20:00+00:00,665.9500122070312,666.1300048828125,665.8150024414062,666.0599975585938,353643,6.501379752907166,0.0001651419298749346
2026-03-18 17:25:00+00:00,666.0650024414062,666.0800170898438,665.6900024414062,665.8400268554688,508445,6.501049441771055,-0.0003303111361105948
2026-03-18 17:30:00+00:00,665.8400268554688,666.02001953125,665.2899780273438,666.010009765625,571861,6.50130470010556,0.00025525833450501523
2026-03-18 17:35:00+00:00,666.030029296875,666.530029296875,666.02001953125,666.375,592951,6.501852575142925,0.0005478750373644203
2026-03-18 17:40:00+00:00,666.375,666.4000244140625,665.8200073242188,665.9199829101562,549241,6.5011695175417605,-0.0006830576011642719
2026-03-18 17:45:00+00:00,665.9199829101562,666.6500244140625,665.8400268554688,666.1599731445312,627733,6.5015298416137215,0.00036032407196096017
2026-03-18 17:50:00+00:00,666.1599731445312,666.5300903320312,665.9212036132812,666.530029296875,256030,6.502085193812922,0.0005553521992007759
2026-03-18 17:55:00+00:00,666.5499877929688,666.8699951171875,666.2999877929688,666.719970703125,493753,6.502370123732345,0.0002849299194229715
2026-03-18 18:00:00+00:00,666.7100219726562,667.4400024414062,666.469970703125,667.0800170898438,1191152,6.50291000437226,0.0005398806399146139
2026-03-18 18:05:00+00:00,667.0599975585938,667.0999755859375,666.4400024414062,666.489990234375,443519,6.502025121102948,-0.0008848832693120201
2026-03-18 18:10:00+00:00,666.5,666.760009765625,666.1950073242188,666.5599975585938,490430,6.502130154409912,0.00010503330696387536
2026-03-18 18:15:00+00:00,666.5499877929688,666.5700073242188,665.3900146484375,665.6500244140625,928012,6.500764043554952,-0.0013661108549598566
2026-03-18 18:20:00+00:00,665.6300048828125,666.0,665.3800048828125,665.780029296875,494768,6.500959329642814,0.00019528608786245627
2026-03-18 18:25:00+00:00,665.780029296875,666.1699829101562,665.5999755859375,666.1199951171875,563189,6.50146982715984,0.0005104975170260317
2026-03-18 18:30:00+00:00,666.1099853515625,666.2999877929688,664.6199951171875,664.6599731445312,947657,6.499275591308279,-0.0021942358515616434
2026-03-18 18:35:00+00:00,664.6699829101562,666.1699829101562,664.510009765625,664.760009765625,1349994,6.499426087949774,0.00015049664149557884
2026-03-18 18:40:00+00:00,664.739990234375,665.5399780273438,664.4099731445312,664.989990234375,1250280,6.499771988263432,0.0003459003136576655
2026-03-18 18:45:00+00:00,664.9600219726562,665.0800170898438,664.5900268554688,664.6699829101562,764281,6.499290651174461,-0.0004813370889706903
2026-03-18 18:50:00+00:00,664.6599731445312,664.7000122070312,663.4299926757812,663.6199951171875,1361690,6.497709689142019,-0.001580962032441846
2026-03-18 18:55:00+00:00,663.6400146484375,664.0399780273438,663.3200073242188,663.4099731445312,1127847,6.497393159780312,-0.00031652936170711854
2026-03-18 19:00:00+00:00,663.4000244140625,664.4400024414062,663.260009765625,664.4299926757812,1798882,6.4989295192184136,0.0015363594381012646
2026-03-18 19:05:00+00:00,664.4299926757812,664.719970703125,664.1099853515625,664.4600219726562,1220056,6.498974713774094,4.519455568008368e-05
2026-03-18 19:10:00+00:00,664.4299926757812,664.4299926757812,663.6300048828125,663.9500122070312,1386686,6.498206863821804,-0.0007678499522896232
2026-03-18 19:15:00+00:00,663.9400024414062,664.030029296875,663.3300170898438,663.3350219726562,842818,6.49728017473461,-0.0009266890871941769
2026-03-18 19:20:00+00:00,663.3300170898438,663.47998046875,662.6849975585938,662.7449951171875,1370613,6.496390293450221,-0.000889881284388494
2026-03-18 19:25:00+00:00,662.739990234375,663.2100219726562,662.6799926757812,662.9099731445312,1302646,6.496639193853637,0.0002489004034158526
2026-03-18 19:30:00+00:00,662.9000244140625,663.2191772460938,662.6099853515625,663.0599975585938,1674900,6.496865480146717,0.00022628629307952508
2026-03-18 19:35:00+00:00,663.0700073242188,663.1099853515625,662.4000244140625,662.510009765625,1404890,6.496035666826425,-0.0008298133202915281
2026-03-18 19:40:00+00:00,662.510009765625,662.6500244140625,661.77001953125,662.0150146484375,1654279,6.495288236417625,-0.0007474304087997652
2026-03-18 19:45:00+00:00,662.010009765625,662.1799926757812,661.6199951171875,661.885009765625,1796625,6.495091839588812,-0.00019639682881322784
2026-03-18 19:50:00+00:00,661.8900146484375,662.3699951171875,661.780029296875,661.9949951171875,2515858,6.495257995662489,0.00016615607367675977
2026-03-18 19:55:00+00:00,661.989990234375,662.125,661.1900024414062,661.5700073242188,5192049,6.4946158091332435,-0.0006421865292454143
2026-03-19 13:30:00+00:00,656.969970703125,657.0,655.1699829101562,656.1749877929688,7692931,6.486427503057121,-0.00818830607612231
2026-03-19 13:35:00+00:00,656.1749877929688,657.0,655.3200073242188,656.239990234375,2577031,6.486526560813315,9.905775619412083e-05
2026-03-19 13:40:00+00:00,656.239990234375,657.6500244140625,656.010009765625,657.3400268554688,2042248,6.488201429285631,0.0016748684723157936
2026-03-19 13:45:00+00:00,657.3300170898438,657.9600219726562,656.5599975585938,657.9324951171875,2100177,6.489102335055186,0.0009009057695550382
2026-03-19 13:50:00+00:00,657.9299926757812,658.9600219726562,657.6900024414062,658.7999877929688,1747727,6.490419979774294,0.001317644719107669
2026-03-19 13:55:00+00:00,658.7999877929688,658.8300170898438,657.8400268554688,658.6799926757812,1026249,6.490237821230258,-0.00018215854403624832
2026-03-19 14:00:00+00:00,658.6599731445312,659.1699829101562,658.1900024414062,658.3300170898438,986053,6.489706351322543,-0.0005314699077150209
2026-03-19 14:05:00+00:00,658.3300170898438,658.9299926757812,658.0599975585938,658.260009765625,801065,6.489600004892968,-0.000106346429574522
2026-03-19 14:10:00+00:00,658.27001953125,659.469970703125,657.969970703125,658.114990234375,1312624,6.489379673252156,-0.00022033164081225465
2026-03-19 14:15:00+00:00,658.1099853515625,658.3635864257812,657.239990234375,657.635009765625,1114269,6.488650081019526,-0.0007295922326298054
2026-03-19 14:20:00+00:00,657.6500244140625,658.1699829101562,656.7000122070312,656.9000244140625,1188188,6.487531837063996,-0.0011182439555303958
2026-03-19 14:25:00+00:00,656.9299926757812,657.22998046875,656.0399780273438,656.3300170898438,1021803,6.486663737276449,-0.0008680997875467611
2026-03-19 14:30:00+00:00,656.3400268554688,658.5399780273438,656.260009765625,658.4500122070312,1166004,6.48988860669527,0.0032248694188208304
2026-03-19 14:35:00+00:00,658.4400024414062,659.0640258789062,657.0700073242188,657.3499755859375,1236138,6.488216564002485,-0.0016720426927845367
2026-03-19 14:40:00+00:00,657.3499755859375,658.339111328125,657.239990234375,657.4349975585938,642082,6.488345896135893,0.00012933213340815541
2026-03-19 14:45:00+00:00,657.47998046875,658.030029296875,657.0800170898438,658.02001953125,589383,6.489235355682021,0.0008894595461272914
2026-03-19 14:50:00+00:00,658.010009765625,658.4299926757812,657.530029296875,657.8599853515625,889684,6.488992120463182,-0.00024323521883840016
2026-03-19 14:55:00+00:00,657.8599853515625,658.4000244140625,657.3300170898438,657.7985229492188,860624,6.488898688311905,-9.343215127710636e-05
2026-03-19 15:00:00+00:00,657.7899780273438,658.5700073242188,657.510009765625,658.5599975585938,1449279,6.490055629498442,0.001156941186536642
2026-03-19 15:05:00+00:00,658.5599975585938,659.7100219726562,658.3099975585938,658.7999877929688,1541551,6.490419979774294,0.0003643502758521322
2026-03-19 15:10:00+00:00,658.77001953125,659.3900146484375,658.6500244140625,659.3593139648438,731449,6.491268627133833,0.0008486473595388233
2026-03-19 15:15:00+00:00,659.3599853515625,659.64990234375,658.0449829101562,658.1099853515625,1047846,6.489372068347364,-0.0018965587864689937
2026-03-19 15:20:00+00:00,658.1599731445312,658.3499755859375,657.4500122070312,657.530029296875,1102715,6.488490434943399,-0.0008816334039645213
2026-03-19 15:25:00+00:00,657.530029296875,658.010009765625,657.2100219726562,657.719970703125,919162,6.488779264302944,0.0002888293595448843
2026-03-19 15:30:00+00:00,657.719970703125,657.8300170898438,656.780029296875,656.8099975585938,1031089,6.487394779640206,-0.0013844846627382168
2026-03-19 15:35:00+00:00,656.7899780273438,657.1699829101562,656.3599853515625,656.8200073242188,1225951,6.48741001949555,1.5239855343907038e-05
2026-03-19 15:40:00+00:00,656.8839721679688,657.280029296875,656.489990234375,656.510009765625,952179,6.48693794079436,-0.0004720787011898153
2026-03-19 15:45:00+00:00,656.510009765625,657.260009765625,656.1799926757812,656.969970703125,877158,6.487638310747676,0.0007003699533161267
2026-03-19 15:50:00+00:00,656.9699096679688,657.219970703125,656.64501953125,656.6900024414062,675422,6.487212069145312,-0.0004262416023639304
2026-03-19 15:55:00+00:00,656.7000122070312,657.9500122070312,656.7000122070312,657.9249877929688,1668378,6.48909092451215,0.0018788553668382946
2026-03-19 16:00:00+00:00,657.9099731445312,658.9299926757812,657.4299926757812,658.3699951171875,1236017,6.489767075902151,0.0006761513900004346
2026-03-19 16:05:00+00:00,658.3699951171875,659.0399780273438,658.1500244140625,658.5,893425,6.489964521183336,0.00019744528118526006
2026-03-19 16:10:00+00:00,658.530029296875,658.5599975585938,657.614990234375,657.8150024414062,952862,6.4889237404900255,-0.0010407806933105945
2026-03-19 16:15:00+00:00,657.8300170898438,658.0800170898438,657.3400268554688,657.5599975585938,551550,6.488536010928483,-0.00038772956154264904
2026-03-19 16:20:00+00:00,657.5700073242188,657.8800048828125,657.1199951171875,657.5399780273438,952253,6.4885055652869,-3.0445641582943495e-05
2026-03-19 16:25:00+00:00,657.530029296875,658.1400146484375,657.4199829101562,657.9500122070312,863940,6.489128959149278,0.0006233938623783075
2026-03-19 16:30:00+00:00,657.97998046875,658.1699829101562,657.47998046875,657.8400268554688,653040,6.488961781486348,-0.0001671776629299515
2026-03-19 16:35:00+00:00,657.8400268554688,658.0900268554688,657.27001953125,658.010009765625,1195723,6.489220143619374,0.000258362133025436
2026-03-19 16:40:00+00:00,658.02001953125,658.7100219726562,657.8599853515625,658.1900024414062,969522,6.489493647152627,0.00027350353325328314
2026-03-19 16:45:00+00:00,658.2000122070312,658.3200073242188,657.489990234375,657.6199951171875,711735,6.488627249479814,-0.0008663976728131573
2026-03-19 16:50:00+00:00,657.6199951171875,657.6900024414062,656.6099853515625,657.0399780273438,651812,6.487744865990051,-0.0008823834897624394
2026-03-19 16:55:00+00:00,657.0399780273438,657.3099975585938,656.77001953125,657.1680297851562,617597,6.4879397388830125,0.00019487289296105104
2026-03-19 17:00:00+00:00,657.1599731445312,657.35498046875,656.530029296875,656.5499877929688,849005,6.486998833712323,-0.0009409051706894545
2026-03-19 17:05:00+00:00,656.5451049804688,656.719970703125,655.7050170898438,655.85498046875,779256,6.485939698146707,-0.0010591355656162094
2026-03-19 17:10:00+00:00,655.8400268554688,656.25,655.6099853515625,655.8200073242188,747241,6.485886372216328,-5.332593037898903e-05
2026-03-19 17:15:00+00:00,655.8150024414062,656.9000854492188,655.6799926757812,656.8900146484375,810432,6.487516599065035,0.0016302268487073945
2026-03-19 17:20:00+00:00,656.8800048828125,657.5499877929688,656.5700073242188,657.22998046875,795425,6.4880340036082425,0.000517404543207256
2026-03-19 17:25:00+00:00,657.239990234375,657.510009765625,656.9500122070312,657.1199951171875,613145,6.4878666427776235,-0.00016736083061896778
2026-03-19 17:30:00+00:00,657.0999755859375,657.489990234375,656.6699829101562,656.77001953125,977859,6.487333910828506,-0.0005327319491170712
2026-03-19 17:35:00+00:00,656.75,656.8699951171875,656.2899780273438,656.2999877929688,602618,6.4866179828799035,-0.000715927948602868
2026-03-19 17:40:00+00:00,656.2899780273438,656.719970703125,656.1599731445312,656.5399780273438,446870,6.48698358758923,0.0003656047093265613
2026-03-19 17:45:00+00:00,656.5549926757812,656.8499755859375,656.3400268554688,656.7249755859375,300309,6.487265324430389,0.0002817368411589527
2026-03-19 17:50:00+00:00,656.719970703125,657.8800048828125,656.6699829101562,657.72998046875,733380,6.488794483073701,0.0015291586433123783
2026-03-19 17:55:00+00:00,657.7249755859375,657.7349853515625,657.159912109375,657.239990234375,716284,6.488049233725093,-0.0007452493486086453
2026-03-19 18:00:00+00:00,657.22998046875,657.2899780273438,656.6300048828125,656.719970703125,913591,6.487257703429102,-0.0007915302959906612
2026-03-19 18:05:00+00:00,656.7249755859375,657.469970703125,656.6500244140625,657.239990234375,1315492,6.488049233725093,0.0007915302959906612
2026-03-19 18:10:00+00:00,657.27001953125,658.6199951171875,657.2650146484375,658.3499755859375,1027849,6.489736667718639,0.0016874339935464278
2026-03-19 18:15:00+00:00,658.3599853515625,658.530029296875,657.72998046875,658.1799926757812,701921,6.489478439018649,-0.0002582286999901484
2026-03-19 18:20:00+00:00,658.1900024414062,658.2999877929688,657.6900024414062,657.8250122070312,853178,6.488938957062209,-0.0005394819564399356
2026-03-19 18:25:00+00:00,657.8200073242188,657.9450073242188,657.169921875,657.1749877929688,551886,6.487950326694139,-0.0009886303680701758
2026-03-19 18:30:00+00:00,657.1799926757812,657.3200073242188,656.8200073242188,657.1900024414062,908280,6.487973173694097,2.2846999957693015e-05
2026-03-19 18:35:00+00:00,657.1900024414062,657.3800048828125,656.5800170898438,656.7999877929688,618824,6.487379539552604,-0.0005936341414924939
2026-03-19 18:40:00+00:00,656.8099975585938,656.8900146484375,656.3200073242188,656.47998046875,957448,6.486892198942398,-0.0004873406102063882
2026-03-19 18:45:00+00:00,656.489990234375,656.8400268554688,656.375,656.6500244140625,620197,6.487151189210887,0.0002589902684890788
2026-03-19 18:50:00+00:00,656.6500244140625,657.0401000976562,656.3300170898438,657.0,568357,6.48768401848461,0.0005328292737232232
2026-03-19 18:55:00+00:00,657.02001953125,658.8099975585938,656.8800048828125,658.4500122070312,1881705,6.48988860669527,0.002204588210659608
2026-03-19 19:00:00+00:00,658.4400024414062,660.72998046875,658.3900146484375,660.3599853515625,3603058,6.492785118677165,0.0028965119818948892
2026-03-19 19:05:00+00:00,660.3699951171875,662.97998046875,660.3699951171875,661.7100219726562,4903627,6.494827426698476,0.002042308021311001
2026-03-19 19:10:00+00:00,661.7100219726562,662.6599731445312,660.6699829101562,661.8499755859375,2436740,6.495038907272172,0.00021148057369657636
2026-03-19 19:15:00+00:00,661.8699951171875,662.2999877929688,661.1699829101562,661.8400268554688,1743111,6.495023875458907,-1.503181326523162e-05
2026-03-19 19:20:00+00:00,661.8599853515625,661.9199829101562,660.4600219726562,660.6199951171875,1520124,6.493178780614253,-0.001845094844654227
2026-03-19 19:25:00+00:00,660.6199951171875,660.6900024414062,659.6599731445312,660.25,2163094,6.492618551177242,-0.0005602294370108396
2026-03-19 19:30:00+00:00,660.239990234375,660.739990234375,659.75,659.9400024414062,1456721,6.492148925496517,-0.0004696256807248389
2026-03-19 19:35:00+00:00,659.9299926757812,660.3900146484375,658.97998046875,660.3300170898438,1521300,6.492739735942884,0.000590810446366774
2026-03-19 19:40:00+00:00,660.3499755859375,660.6300048828125,659.9400024414062,660.27001953125,1569329,6.492648871855391,-9.086408749237052e-05
2026-03-19 19:45:00+00:00,660.260009765625,660.489990234375,659.8099975585938,660.010009765625,1827249,6.492255001217017,-0.0003938706383745938
2026-03-19 19:50:00+00:00,659.97998046875,660.2000122070312,659.530029296875,659.739990234375,1723852,6.491845803209792,-0.0004091980072251644
2026-03-19 19:55:00+00:00,659.75,660.25,659.5900268554688,659.719970703125,3402647,6.4918154581719065,-3.0345037885126658e-05
2026-03-20 13:30:00+00:00,656.510009765625,656.5499877929688,654.8599853515625,655.0599975585938,4655520,6.4847268307663875,-0.007088627405519077
2026-03-20 13:35:00+00:00,655.0599975585938,655.5,654.6500244140625,654.8350219726562,2699739,6.484383329058548,-0.0003435017078396996
2026-03-20 13:40:00+00:00,654.8400268554688,656.3200073242188,654.7100219726562,656.2598876953125,1559028,6.486556880756614,0.0021735516980658787
2026-03-20 13:45:00+00:00,656.25,656.6900024414062,655.3300170898438,655.5599975585938,1307610,6.485489828471473,-0.0010670522851405906
2026-03-20 13:50:00+00:00,655.530029296875,655.5800170898438,653.9400024414062,654.5,1929610,6.483871585349955,-0.001618243121518148
2026-03-20 13:55:00+00:00,654.510009765625,654.6900024414062,653.0,653.1500244140625,1780666,6.481806849311524,-0.0020647360384309366
2026-03-20 14:00:00+00:00,653.1699829101562,653.6300048828125,652.47998046875,653.0900268554688,2071896,6.481714986321137,-9.186299038699275e-05
2026-03-20 14:05:00+00:00,653.0800170898438,653.8110961914062,652.5599975585938,652.9099731445312,1099147,6.48143925322454,-0.0002757330965970084
2026-03-20 14:10:00+00:00,652.9199829101562,653.3300170898438,651.47998046875,651.7899780273438,1489509,6.479722390445031,-0.0017168627795092206
2026-03-20 14:15:00+00:00,651.780029296875,652.5499877929688,651.6400146484375,652.1799926757812,1048880,6.480320586214612,0.0005981957695810891
2026-03-20 14:20:00+00:00,652.1599731445312,652.4500122070312,651.5999755859375,652.0700073242188,1108133,6.480151929359218,-0.00016865685539357855
2026-03-20 14:25:00+00:00,652.0599975585938,652.3200073242188,651.6300048828125,651.8599853515625,964135,6.479829792472035,-0.00032213688718307765
2026-03-20 14:30:00+00:00,651.8599853515625,653.2249755859375,651.8499755859375,653.1799926757812,1454202,6.481852730920814,0.002022938448778433
2026-03-20 14:35:00+00:00,653.1799926757812,653.5,651.97998046875,652.5,1307787,6.480811139196849,-0.0010415917239647854
2026-03-20 14:40:00+00:00,652.5,652.8599853515625,652.239990234375,652.3699951171875,842237,6.480611878145972,-0.00019926105087719748
2026-03-20 14:45:00+00:00,652.3699951171875,652.9249877929688,652.22998046875,652.760009765625,589971,6.481209542223247,0.0005976640772757946
2026-03-20 14:50:00+00:00,652.739990234375,652.8599853515625,651.2000122070312,651.2899780273438,12559097,6.478954977789782,-0.002254564433465056
2026-03-20 14:55:00+00:00,651.3099975585938,652.7000122070312,651.2899780273438,652.1199951171875,1096519,6.480228586583856,0.0012736087940732332
2026-03-20 15:00:00+00:00,652.1099853515625,653.0900268554688,651.7098999023438,652.02001953125,1306630,6.480075266257801,-0.00015332032605464008
2026-03-20 15:05:00+00:00,652.0499877929688,652.5700073242188,651.6799926757812,652.239990234375,604756,6.480412577382214,0.0003373111244133753
2026-03-20 15:10:00+00:00,652.25,653.2598876953125,652.1599731445312,653.1199951171875,772912,6.481760872145347,0.0013482947631322517
2026-03-20 15:15:00+00:00,653.1300048828125,653.1900024414062,652.0900268554688,652.14599609375,666654,6.480268457249411,-0.0014924148959352124
2026-03-20 15:20:00+00:00,652.1199951171875,654.1599731445312,651.8699951171875,652.4000244140625,1972042,6.480657908168781,0.00038945091936959386
2026-03-20 15:25:00+00:00,652.4299926757812,652.6900024414062,651.5,651.9199829101562,1120648,6.47992182879733,-0.0007360793714505931
2026-03-20 15:30:00+00:00,651.9400024414062,652.730224609375,651.72998046875,652.5599975585938,654396,6.48090308525105,0.0009812564537199364
2026-03-20 15:35:00+00:00,652.5700073242188,652.8499755859375,651.97998046875,652.2999877929688,574211,6.48050456008822,-0.0003985251628302322
2026-03-20 15:40:00+00:00,652.2999877929688,652.8499755859375,652.030029296875,652.619873046875,454615,6.480994835805394,0.0004902757171736383
2026-03-20 15:45:00+00:00,652.5900268554688,652.75,652.02001953125,652.49462890625,543190,6.480802907601666,-0.00019192820372726516
2026-03-20 15:50:00+00:00,652.5,652.9600219726562,652.0499877929688,652.9299926757812,618795,6.481469914763129,0.0006670071614625073
2026-03-20 15:55:00+00:00,652.9299926757812,653.260009765625,652.5499877929688,652.9450073242188,5638726,6.481492910300126,2.29955369972501e-05
2026-03-20 16:00:00+00:00,652.969970703125,653.8699951171875,652.780029296875,653.6884155273438,1124141,6.482630809071638,0.0011378987715113809
2026-03-20 16:05:00+00:00,653.6799926757812,653.6799926757812,652.8599853515625,653.1699829101562,1100032,6.481837406136778,-0.0007934029348595217
2026-03-20 16:10:00+00:00,653.1799926757812,653.6500244140625,653.1099853515625,653.3499755859375,498905,6.482112936067645,0.0002755299308665471
2026-03-20 16:15:00+00:00,653.3499755859375,653.8300170898438,652.8300170898438,653.7999877929688,2410880,6.4828014756192145,0.0006885395515698889
2026-03-20 16:20:00+00:00,653.8200073242188,653.989990234375,653.489990234375,653.5999755859375,734425,6.482495506192576,-0.00030596942663851934
2026-03-20 16:25:00+00:00,653.5900268554688,653.639892578125,652.9600219726562,653.0999755859375,1005183,6.481730219526797,-0.0007652866657785751
2026-03-20 16:30:00+00:00,653.0999755859375,653.1199951171875,651.9600219726562,652.5900268554688,1184332,6.48094910187185,-0.0007811176549470389
2026-03-20 16:35:00+00:00,652.5999755859375,652.8499755859375,652.1500244140625,652.47998046875,559599,6.480780457452222,-0.00016864441962827215
2026-03-20 16:40:00+00:00,652.469970703125,652.77001953125,652.3200073242188,652.510009765625,943308,6.480826479716155,4.6022263933132024e-05
2026-03-20 16:45:00+00:00,652.5,652.6199951171875,652.0700073242188,652.416015625,465388,6.480682419226965,-0.00014406048919024528
2026-03-20 16:50:00+00:00,652.4099731445312,652.719970703125,651.9500122070312,652.5700073242188,539453,6.480918424359932,0.00023600513296706538
2026-03-20 16:55:00+00:00,652.5499877929688,653.4000244140625,652.52001953125,652.77001953125,715394,6.481224876632109,0.0003064522721771823
2026-03-20 17:00:00+00:00,652.760009765625,653.2000122070312,652.760009765625,653.1099853515625,912189,6.48174554595352,0.000520669321410594
2026-03-20 17:05:00+00:00,653.1199951171875,653.25,651.75,652.8499755859375,1589726,6.481347356457919,-0.00039818949560110894
2026-03-20 17:10:00+00:00,652.8699951171875,653.1199951171875,652.239990234375,652.3200073242188,690617,6.480535250298897,-0.0008121061590218304
2026-03-20 17:15:00+00:00,652.3499755859375,652.5900268554688,652.0700073242188,652.1998901367188,467232,6.480351094904911,-0.00018415539398564107
2026-03-20 17:20:00+00:00,652.2000122070312,652.72998046875,652.1099853515625,652.3599853515625,689275,6.480596534334186,0.00024543942927479634
2026-03-20 17:25:00+00:00,652.3699951171875,652.47998046875,651.97998046875,652.1599731445312,428091,6.48028988941504,-0.00030664491914578207
2026-03-20 17:30:00+00:00,652.1900024414062,652.3699951171875,651.3200073242188,651.489990234375,719017,6.479262032263255,-0.0010278571517856605
2026-03-20 17:35:00+00:00,651.47998046875,651.7899780273438,650.6799926757812,651.4500122070312,1012724,6.479200666387188,-6.136587606686561e-05
2026-03-20 17:40:00+00:00,651.4500122070312,651.72998046875,650.9600219726562,651.135009765625,707158,6.4787170089794435,-0.0004836574077442535
2026-03-20 17:45:00+00:00,651.1400146484375,651.25,650.5499877929688,650.8200073242188,854507,6.478233117534013,-0.0004838914454303733
2026-03-20 17:50:00+00:00,650.8099975585938,651.510009765625,650.6699829101562,651.3419799804688,805387,6.479034819149167,0.0008017016151535827
2026-03-20 17:55:00+00:00,651.3499755859375,651.6900024414062,651.2100219726562,651.4000244140625,927964,6.479123930321504,8.911117233711963e-05
2026-03-20 18:00:00+00:00,651.4099731445312,651.6950073242188,650.780029296875,650.8099975585938,1128203,6.4782177371792455,-0.0009061931422582603
2026-03-20 18:05:00+00:00,650.8099975585938,651.2000122070312,650.510009765625,650.844970703125,1150654,6.4782714736077045,5.373642845896143e-05
2026-03-20 18:10:00+00:00,650.8400268554688,650.8499755859375,650.3099975585938,650.5900268554688,990228,6.477879684772463,-0.00039178883524115804
2026-03-20 18:15:00+00:00,650.5999755859375,650.72998046875,650.1300048828125,650.489990234375,1716778,6.4777259100315145,-0.00015377474094879773
2026-03-20 18:20:00+00:00,650.47998046875,650.6599731445312,648.6599731445312,648.9749755859375,3201287,6.475394157541492,-0.0023317524900221542
2026-03-20 18:25:00+00:00,648.9749755859375,649.8499755859375,648.969970703125,649.4299926757812,1922331,6.476095043812869,0.000700886271376433
2026-03-20 18:30:00+00:00,649.4299926757812,649.655029296875,648.8699951171875,648.9500122070312,1187879,6.475355690944202,-0.0007393528686669981
2026-03-20 18:35:00+00:00,648.9650268554688,649.0930786132812,648.1599731445312,648.3400268554688,1487937,6.47441529152981,-0.0009403994143921679
2026-03-20 18:40:00+00:00,648.3499755859375,648.7000122070312,647.9199829101562,648.1599731445312,1950519,6.474137538020986,-0.0002777535088238636
2026-03-20 18:45:00+00:00,648.1599731445312,648.4299926757812,647.739990234375,647.9400024414062,1633131,6.473798103240674,-0.00033943478031162044
2026-03-20 18:50:00+00:00,647.9299926757812,648.260009765625,647.6699829101562,647.969970703125,1451381,6.473844353770951,4.625053027673687e-05
2026-03-20 18:55:00+00:00,647.9600219726562,648.2000122070312,647.6400146484375,648.0800170898438,1826564,6.474014171892196,0.0001698181212450578
2026-03-20 19:00:00+00:00,648.0709838867188,648.64501953125,648.0574951171875,648.1699829101562,1848755,6.474152981258378,0.0001388093661818246
2026-03-20 19:05:00+00:00,648.1599731445312,648.239990234375,647.6199951171875,647.9400024414062,1782911,6.473798103240674,-0.00035487801770361926
2026-03-20 19:10:00+00:00,647.9299926757812,647.969970703125,647.3049926757812,647.760009765625,1696959,6.473520272453851,-0.0002778307868229746
2026-03-20 19:15:00+00:00,647.7572021484375,648.0399780273438,647.5700073242188,648.02001953125,1059166,6.473921590213403,0.00040131775955210003
2026-03-20 19:20:00+00:00,648.0250244140625,648.0250244140625,646.780029296875,646.8699951171875,2445381,6.472145339406895,-0.0017762508065084504
2026-03-20 19:25:00+00:00,646.8699951171875,647.3499755859375,646.7949829101562,647.1199951171875,2992949,6.472531741164246,0.00038640175735071836
2026-03-20 19:30:00+00:00,647.1300048828125,647.4000244140625,646.0700073242188,646.1799926757812,2555729,6.4710780914065635,-0.0014536497576820295
2026-03-20 19:35:00+00:00,646.1900024414062,646.3099975585938,644.719970703125,645.5700073242188,3380265,6.470133658819914,-0.0009444325866496683
2026-03-20 19:40:00+00:00,645.5599975585938,647.0,645.4400024414062,646.9199829101562,3567555,6.472222612834333,0.0020889540144191088
2026-03-20 19:45:00+00:00,646.9199829101562,646.9199829101562,645.8699951171875,646.02001953125,4652152,6.470830493288878,-0.0013921195454553725
2026-03-20 19:50:00+00:00,646.02001953125,647.9099731445312,645.8099975585938,647.8099975585938,3899340,6.473597439712604,0.002766946423726324
2026-03-20 19:55:00+00:00,647.8200073242188,648.52001953125,647.75,648.510009765625,9788144,6.474677438896628,0.0010799991840242384
2026-03-23 13:30:00+00:00,658.0700073242188,658.3800048828125,656.6199951171875,656.77001953125,15908330,6.487333910828506,0.012656471931878244
2026-03-23 13:35:00+00:00,656.780029296875,658.3300170898438,656.0700073242188,658.2999877929688,2855276,6.489660735930566,0.0023268251020596153
2026-03-23 13:40:00+00:00,658.2999877929688,659.5399780273438,656.97998046875,657.9949951171875,3076437,6.489197325091507,-0.0004634108390586533
2026-03-23 13:45:00+00:00,658.010009765625,659.02001953125,657.3900146484375,659.0,2265187,6.490723534502507,0.0015262094109997904
2026-03-23 13:50:00+00:00,659.0050048828125,660.1099853515625,658.6599731445312,659.5800170898438,2482273,6.491603294729018,0.0008797602265104842
2026-03-23 13:55:00+00:00,659.5599975585938,660.25,658.72998046875,660.219970703125,1715018,6.492573068436178,0.0009697737071601154
2026-03-23 14:00:00+00:00,660.2000122070312,660.77001953125,659.12158203125,659.239990234375,2051010,6.49108764155252,-0.0014854268836579365
2026-03-23 14:05:00+00:00,659.260009765625,659.9199829101562,658.5800170898438,659.6500244140625,1518031,6.491709428340416,0.0006217867878959282
2026-03-23 14:10:00+00:00,659.6500244140625,660.489990234375,659.25,660.1400146484375,2050667,6.492451955927964,0.0007425275875485582
2026-03-23 14:15:00+00:00,660.1500244140625,661.1799926757812,660.0900268554688,661.1699829101562,1743163,6.494010967018828,0.001559011090863649
2026-03-23 14:20:00+00:00,661.1749877929688,662.27001953125,660.780029296875,661.8099975585938,1756378,6.494978501989597,0.0009675349707691794
2026-03-23 14:25:00+00:00,661.7899780273438,661.8900146484375,660.5700073242188,660.989990234375,1341336,6.493738696369967,-0.0012398056196305518
2026-03-23 14:30:00+00:00,660.97998046875,661.2899780273438,660.3499755859375,660.989990234375,1347220,6.493738696369967,0.0
2026-03-23 14:35:00+00:00,660.989990234375,661.4000244140625,660.1699829101562,660.52001953125,982707,6.493027433164293,-0.0007112632056731627
2026-03-23 14:40:00+00:00,660.5,660.7999877929688,660.0999755859375,660.3900146484375,860587,6.492830591774845,-0.00019684138944864316
2026-03-23 14:45:00+00:00,660.4199829101562,661.7999877929688,659.9500122070312,661.3350219726562,897119,6.494260552559521,0.0014299607846766094
2026-03-23 14:50:00+00:00,661.3099975585938,661.3699951171875,660.4099731445312,660.9000244140625,1164563,6.493602579417036,-0.0006579731424851687
2026-03-23 14:55:00+00:00,660.8900146484375,661.4000244140625,660.5599975585938,661.0499877929688,579139,6.493829461489981,0.0002268820729449672
2026-03-23 15:00:00+00:00,661.0700073242188,662.614990234375,660.8400268554688,662.3599853515625,1926689,6.4958091926587604,0.001979731168779253
2026-03-23 15:05:00+00:00,662.3699951171875,662.5499877929688,661.8900146484375,662.22998046875,1017985,6.495612898127495,-0.00019629453126501772
2026-03-23 15:10:00+00:00,662.239990234375,662.5999755859375,661.739990234375,662.02001953125,1286976,6.4952957964635205,-0.0003171016639749169
2026-03-23 15:15:00+00:00,662.02001953125,662.1900024414062,661.3800048828125,661.4550170898438,677705,6.494441979866915,-0.000853816596605661
2026-03-23 15:20:00+00:00,661.4299926757812,662.10498046875,660.77001953125,661.9600219726562,1144299,6.495205164344071,0.0007631844771562868
2026-03-23 15:25:00+00:00,661.9400024414062,661.97998046875,660.7000122070312,660.8900146484375,936520,6.493587433644517,-0.0016177306995537322
2026-03-23 15:30:00+00:00,660.9000244140625,661.3300170898438,660.47998046875,660.6599731445312,1086291,6.493239294704099,-0.0003481389404180746
2026-03-23 15:35:00+00:00,660.6500244140625,660.6900024414062,659.2100219726562,659.280029296875,1541306,6.491148374892809,-0.0020909198112901706
2026-03-23 15:40:00+00:00,659.27001953125,659.780029296875,658.8300170898438,659.22998046875,1517180,6.491072457641096,-7.591725171351982e-05
2026-03-23 15:45:00+00:00,659.22998046875,659.2750244140625,658.1199951171875,658.7100219726562,2361742,6.490283410306456,-0.00078904733463947
2026-03-23 15:50:00+00:00,658.7000122070312,659.0,657.0999755859375,657.3200073242188,2289818,6.488170973455635,-0.0021124368508207425
2026-03-23 15:55:00+00:00,657.3099975585938,657.4299926757812,655.8300170898438,656.010009765625,2972568,6.486176047616738,-0.001994925838897821
2026-03-23 16:00:00+00:00,655.989990234375,657.1900024414062,655.9500122070312,656.489990234375,2121336,6.486907446458866,0.0007313988421282502
2026-03-23 16:05:00+00:00,656.47998046875,657.4299926757812,656.125,656.9400024414062,1353235,6.487592693829719,0.0006852473708534035
2026-03-23 16:10:00+00:00,656.9249877929688,657.6300048828125,656.5599975585938,657.0999755859375,1008549,6.487836176749564,0.000243482919844773
2026-03-23 16:15:00+00:00,657.0700073242188,657.22998046875,655.8900146484375,656.0499877929688,849702,6.4862369869448635,-0.0015991898047005293
2026-03-23 16:20:00+00:00,656.0399780273438,656.3099975585938,655.3800048828125,655.6799926757812,1037121,6.485672853880119,-0.0005641330647447873
2026-03-23 16:25:00+00:00,655.6500244140625,655.6799926757812,653.9400024414062,654.0900268554688,1581643,6.483244997725824,-0.0024278561542949717
2026-03-23 16:30:00+00:00,654.1088256835938,655.6199951171875,653.989990234375,655.5900268554688,1440583,6.485535634513987,0.002290636788162992
2026-03-23 16:35:00+00:00,655.5999755859375,656.22998046875,655.3099975585938,655.4600219726562,1020518,6.485337312743807,-0.00019832177017953256
2026-03-23 16:40:00+00:00,655.4400024414062,656.1900024414062,655.4299926757812,656.0599975585938,797473,6.486252244454884,0.0009149317110770383
2026-03-23 16:45:00+00:00,656.0499877929688,656.72998046875,655.72998046875,656.3198852539062,884550,6.486648300051459,0.0003960555965747403
2026-03-23 16:50:00+00:00,656.3099975585938,656.739990234375,655.5399780273438,655.8900146484375,604512,6.485993114290586,-0.0006551857608734224
2026-03-23 16:55:00+00:00,655.9000244140625,656.1099853515625,655.0850219726562,655.5900268554688,714472,6.485535634513987,-0.00045747977659882366
2026-03-23 17:00:00+00:00,655.5800170898438,656.1199951171875,655.0,655.0750122070312,541281,6.484749751531539,-0.0007858829824476388
2026-03-23 17:05:00+00:00,655.0800170898438,656.25,654.8800048828125,656.1099853515625,552861,6.486328435487516,0.0015786839559766008
2026-03-23 17:10:00+00:00,656.1099853515625,656.2100219726562,655.3099975585938,655.340087890625,544390,6.485154319041772,-0.0011741164457435005
2026-03-23 17:15:00+00:00,655.3400268554688,655.5499877929688,654.6599731445312,655.1900024414062,503928,6.4849252736333804,-0.00022904540839174814
2026-03-23 17:20:00+00:00,655.1699829101562,655.2000122070312,654.3099975585938,654.780029296875,623117,6.484299346096134,-0.0006259275372464401
2026-03-23 17:25:00+00:00,654.77001953125,655.6300048828125,654.6699829101562,655.280029296875,877484,6.485062669916287,0.0007633238201529835
2026-03-23 17:30:00+00:00,655.280029296875,657.1500244140625,655.260009765625,657.0700073242188,1079419,6.4877905688569575,0.0027278989406704923
2026-03-23 17:35:00+00:00,657.0900268554688,658.239990234375,657.0700073242188,657.8200073242188,1834138,6.48893134880506,0.0011407799481029102
2026-03-23 17:40:00+00:00,657.8099975585938,657.8300170898438,656.4299926757812,656.780029296875,938634,6.487349151611504,-0.001582197193556567
2026-03-23 17:45:00+00:00,656.7999877929688,656.9580078125,656.2899780273438,656.77001953125,505560,6.487333910828506,-1.5240782997416602e-05
2026-03-23 17:50:00+00:00,656.719970703125,657.469970703125,656.5999755859375,657.4299926757812,825337,6.48833828336523,0.0010043725367232526
2026-03-23 17:55:00+00:00,657.4199829101562,658.25,657.160888671875,658.0599975585938,576212,6.489296108868509,0.0009578255032796079
2026-03-23 18:00:00+00:00,658.0900268554688,658.3099975585938,657.739990234375,658.1500244140625,694646,6.489432905966398,0.00013679709788849692
2026-03-23 18:05:00+00:00,658.1400146484375,658.219970703125,656.530029296875,657.4500122070312,1840091,6.488368734100167,-0.0010641718662309785
2026-03-23 18:10:00+00:00,657.4500122070312,658.0800170898438,657.4299926757812,657.6400146484375,717331,6.488657691416925,0.0002889573167585979
2026-03-23 18:15:00+00:00,657.6199951171875,657.8099975585938,657.0599975585938,657.4099731445312,557767,6.4883078317030165,-0.0003498597139088844
2026-03-23 18:20:00+00:00,657.4099731445312,657.5800170898438,657.1699829101562,657.5449829101562,552655,6.488513176784196,0.00020534508117986405
2026-03-23 18:25:00+00:00,657.5399780273438,657.9000244140625,657.260009765625,657.3900146484375,738933,6.488277471958142,-0.0002357048260543948
2026-03-23 18:30:00+00:00,657.4099731445312,658.9299926757812,657.4099731445312,658.8499755859375,1302812,6.49049585393569,0.0022183819775483116
2026-03-23 18:35:00+00:00,658.8400268554688,659.6500244140625,657.719970703125,658.969970703125,1885121,6.490677965487206,0.00018211155151615088
2026-03-23 18:40:00+00:00,658.989990234375,659.1400146484375,658.469970703125,658.77001953125,1497908,6.490374489574066,-0.00030347591314061617
2026-03-23 18:45:00+00:00,658.77001953125,659.27001953125,658.530029296875,659.1599731445312,630395,6.490966256400571,0.0005917668265054132
2026-03-23 18:50:00+00:00,659.1699829101562,659.260009765625,658.5800170898438,658.8599853515625,708065,6.490511046604672,-0.0004552097958994139
2026-03-23 18:55:00+00:00,658.8699951171875,659.1500244140625,658.6199951171875,658.9500122070312,670520,6.490647677614872,0.00013663101020000568
2026-03-23 19:00:00+00:00,658.9500122070312,659.02001953125,658.4099731445312,658.5900268554688,580255,6.490101226881159,-0.0005464507337125113
2026-03-23 19:05:00+00:00,658.5700073242188,658.8099975585938,658.3699951171875,658.6900024414062,575565,6.490253017819921,0.00015179093876138694
2026-03-23 19:10:00+00:00,658.6900024414062,658.780029296875,658.0999755859375,658.1300048828125,647960,6.489402487619532,-0.0008505302003882775
2026-03-23 19:15:00+00:00,658.135009765625,658.35498046875,657.5800170898438,657.844970703125,870373,6.4889692967315105,-0.0004331908880219615
2026-03-23 19:20:00+00:00,657.8599853515625,657.9400024414062,657.4099731445312,657.5399780273438,1291977,6.4885055652869,-0.00046373144461053784
2026-03-23 19:25:00+00:00,657.5399780273438,657.739501953125,657.030029296875,657.3300170898438,1024785,6.488186201486578,-0.0003193638003216037
2026-03-23 19:30:00+00:00,657.3200073242188,657.5999755859375,657.2000122070312,657.330078125,786460,6.488186294339714,9.285313584683763e-08
2026-03-23 19:35:00+00:00,657.3400268554688,657.780029296875,657.1699829101562,657.5999755859375,1232392,6.488596806615962,0.0004105122762476654
2026-03-23 19:40:00+00:00,657.594970703125,657.9299926757812,657.3800048828125,657.9199829101562,1022705,6.489083317411126,0.00048651079516393025
2026-03-23 19:45:00+00:00,657.9199829101562,658.3499755859375,657.489990234375,657.8250122070312,1571377,6.488938957062209,-0.00014436034891662786
2026-03-23 19:50:00+00:00,657.8200073242188,657.9000244140625,656.72998046875,656.72998046875,3000781,6.487272945373595,-0.0016660116886137999
2026-03-23 19:55:00+00:00,656.72998046875,656.8599853515625,655.3699951171875,655.3699951171875,6284922,6.485199954193215,-0.0020729911803805123
2026-03-24 13:30:00+00:00,651.3200073242188,652.8599853515625,650.8800048828125,652.7899780273438,4654102,6.481255451245505,-0.003944502947709871
2026-03-24 13:35:00+00:00,652.8400268554688,653.0399780273438,651.1300048828125,651.2999877929688,1516748,6.478970346809793,-0.002285104435712171
2026-03-24 13:40:00+00:00,651.3099975585938,651.4400024414062,649.8800048828125,650.72998046875,1617869,6.478094779619285,-0.0008755671905076312
2026-03-24 13:45:00+00:00,650.760009765625,651.6370239257812,650.1500244140625,650.1799926757812,1081320,6.477249236365578,-0.000845543253706893
2026-03-24 13:50:00+00:00,650.1699829101562,650.969970703125,649.8900146484375,650.3499755859375,1031875,6.477510641969867,0.00026140560428888904
2026-03-24 13:55:00+00:00,650.3900146484375,651.5599975585938,650.280029296875,651.47998046875,870951,6.479246667725544,0.0017360257556768843
2026-03-24 14:00:00+00:00,651.47998046875,652.3800048828125,651.2261962890625,652.3200073242188,1164241,6.480535250298897,0.0012885825733528478
2026-03-24 14:05:00+00:00,652.3200073242188,653.5599975585938,651.6099853515625,653.4099731445312,1069881,6.482204762510128,0.0016695122112313499
2026-03-24 14:10:00+00:00,653.4199829101562,653.585693359375,651.5449829101562,652.6099853515625,1357900,6.480979684917987,-0.0012250775921414103
2026-03-24 14:15:00+00:00,652.60498046875,652.7100219726562,651.7000122070312,652.5700073242188,884814,6.480918424359932,-6.126055805477648e-05
2026-03-24 14:20:00+00:00,652.5599975585938,652.9299926757812,651.739990234375,652.3099975585938,909350,6.4805199053112945,-0.0003985190486375245
2026-03-24 14:25:00+00:00,652.3099975585938,653.4099731445312,651.8300170898438,652.489990234375,998089,6.480795798442206,0.0002758931309116974
2026-03-24 14:30:00+00:00,652.510009765625,653.4299926757812,652.3499755859375,653.3499755859375,885499,6.482112936067645,0.0013171376254383915
2026-03-24 14:35:00+00:00,653.3599853515625,653.47998046875,652.2000122070312,652.7100219726562,820079,6.481132960161955,-0.0009799759056896562
2026-03-24 14:40:00+00:00,652.719970703125,653.77001953125,652.489990234375,653.7440185546875,892456,6.48271586589894,0.0015829057369849409
2026-03-24 14:45:00+00:00,653.75,654.1400146484375,652.6699829101562,652.7501220703125,1472614,6.481194394588508,-0.0015214713104318989
2026-03-24 14:50:00+00:00,652.760009765625,655.9400024414062,652.2100219726562,654.4299926757812,2876230,6.483764616566785,0.002570221978277054
2026-03-24 14:55:00+00:00,654.4299926757812,655.6199951171875,651.219970703125,653.9400024414062,3029530,6.483015607862655,-0.00074900870412975
2026-03-24 15:00:00+00:00,653.97998046875,655.5399780273438,653.9199829101562,654.9249877929688,1454590,6.484520706623572,0.0015050987609166455
2026-03-24 15:05:00+00:00,654.9000244140625,655.239990234375,654.5900268554688,654.9199829101562,570292,6.484513064676739,-7.641946832670499e-06
2026-03-24 15:10:00+00:00,654.9400024414062,655.5,654.4400024414062,655.25,770651,6.485016842203516,0.0005037775267764388
2026-03-24 15:15:00+00:00,655.25,655.8900146484375,655.1099853515625,655.7000122070312,905726,6.485703385886366,0.0006865436828507043
2026-03-24 15:20:00+00:00,655.6799926757812,656.4400024414062,655.3300170898438,656.3800048828125,1071197,6.486739896964661,0.0010365110782943887
2026-03-24 15:25:00+00:00,656.3900146484375,656.8300170898438,655.780029296875,656.0399780273438,1320522,6.486221729202047,-0.0005181677626140413
2026-03-24 15:30:00+00:00,656.0599975585938,656.3800048828125,655.2899780273438,655.739990234375,476262,6.485764354024111,-0.0004573751779357593
2026-03-24 15:35:00+00:00,655.72998046875,656.5399780273438,655.6699829101562,656.27001953125,367020,6.486572319392917,0.0008079653688062294
2026-03-24 15:40:00+00:00,656.25,656.52001953125,656.010009765625,656.239990234375,467309,6.486526560813315,-4.575857960187335e-05
2026-03-24 15:45:00+00:00,656.22998046875,656.6799926757812,656.0499877929688,656.5599975585938,514269,6.487014079602974,0.00048751878965891393
2026-03-24 15:50:00+00:00,656.5599975585938,657.030029296875,656.3900146484375,656.4400024414062,525817,6.486831299530588,-0.00018278007238592409
2026-03-24 15:55:00+00:00,656.4500122070312,656.4650268554688,654.9099731445312,655.0399780273438,1321773,6.484696268928933,-0.00213503060165543
2026-03-24 16:00:00+00:00,655.0499877929688,655.289306640625,654.4000244140625,654.6799926757812,909200,6.484146555450204,-0.0005497134787288971
2026-03-24 16:05:00+00:00,654.6900024414062,655.1165771484375,654.2999877929688,655.0850219726562,662351,6.484765031749778,0.0006184762995742332
2026-03-24 16:10:00+00:00,655.080078125,655.2100219726562,654.5599975585938,655.0,600898,6.484635235635252,-0.00012979611452657025
2026-03-24 16:15:00+00:00,654.989990234375,656.1199951171875,654.8900146484375,655.9099731445312,672708,6.486023543466193,0.0013883078309415708
2026-03-24 16:20:00+00:00,655.9099731445312,656.25,655.5349731445312,656.010009765625,687348,6.486176047616738,0.0001525041505443525
2026-03-24 16:25:00+00:00,656.010009765625,656.0900268554688,655.5499877929688,655.9600219726562,873404,6.486099844972189,-7.620264454821779e-05
2026-03-24 16:30:00+00:00,655.969970703125,656.1199951171875,655.4199829101562,655.4299926757812,364847,6.485291497615849,-0.0008083473563402777
2026-03-24 16:35:00+00:00,655.4500122070312,655.489990234375,654.0900268554688,654.1799926757812,697086,6.4833825317503155,-0.001908965865533574
2026-03-24 16:40:00+00:00,654.2000122070312,655.25,654.0399780273438,655.25,928897,6.485016842203516,0.0016343104532001718
2026-03-24 16:45:00+00:00,655.27001953125,655.77001953125,654.9500122070312,655.0800170898438,482639,6.484757391669844,-0.0002594505336714903
2026-03-24 16:50:00+00:00,655.0800170898438,655.6199951171875,654.97998046875,655.0800170898438,413248,6.484757391669844,0.0
2026-03-24 16:55:00+00:00,655.0999755859375,655.3900146484375,654.4299926757812,655.1500244140625,244620,6.484864254315437,0.00010686264559289782
2026-03-24 17:00:00+00:00,655.1300048828125,655.3900146484375,653.5399780273438,653.5900268554688,725346,6.482480284640314,-0.002383969675123332
2026-03-24 17:05:00+00:00,653.5800170898438,653.6599731445312,652.719970703125,653.02001953125,1616062,6.481607786587884,-0.0008724980524297266
2026-03-24 17:10:00+00:00,653.030029296875,653.3699951171875,652.5499877929688,652.9400024414062,1032651,6.481485245179882,-0.00012254140800216362
2026-03-24 17:15:00+00:00,652.9299926757812,653.25,652.6199951171875,652.8200073242188,619140,6.481301451654842,-0.00018379352504016566
2026-03-24 17:20:00+00:00,652.8200073242188,653.3900146484375,652.7000122070312,653.0499877929688,700616,6.481653677331193,0.000352225676350848
2026-03-24 17:25:00+00:00,653.0999755859375,653.5150146484375,652.8699951171875,653.405029296875,485857,6.482197196255307,0.0005435189241147498
2026-03-24 17:30:00+00:00,653.4000244140625,654.0499877929688,652.9000244140625,652.9600219726562,665590,6.481515905308341,-0.0006812909469662287
2026-03-24 17:35:00+00:00,652.969970703125,653.530029296875,652.7050170898438,653.3800048828125,542372,6.482158897050142,0.0006429917418007136
2026-03-24 17:40:00+00:00,653.3800048828125,653.7050170898438,652.4500122070312,652.5900268554688,689010,6.48094910187185,-0.0012097951782914507
2026-03-24 17:45:00+00:00,652.6099853515625,653.1099853515625,652.3800048828125,652.8499755859375,470111,6.481347356457919,0.0003982545860683473
2026-03-24 17:50:00+00:00,652.8599853515625,653.8300170898438,652.7098999023438,653.1500244140625,821813,6.481806849311524,0.00045949285360524783
2026-03-24 17:55:00+00:00,653.1599731445312,654.3400268554688,652.969970703125,654.2999877929688,1857538,6.483565943219066,0.0017590939075420309
2026-03-24 18:00:00+00:00,654.2999877929688,654.97998046875,653.9500122070312,654.260009765625,1183900,6.483504840896771,-6.11023222951701e-05
2026-03-24 18:05:00+00:00,654.27001953125,654.3900146484375,653.7100219726562,653.7899780273438,537423,6.4827861653677035,-0.0007186755290673474
2026-03-24 18:10:00+00:00,653.780029296875,654.032470703125,653.5900268554688,653.8200073242188,552402,6.482832095419044,4.593005134090333e-05
2026-03-24 18:15:00+00:00,653.8499755859375,654.22998046875,653.2000122070312,654.0399780273438,864444,6.483168478071106,0.0003363826520619284
2026-03-24 18:20:00+00:00,654.0599975585938,654.3699951171875,653.719970703125,654.0999755859375,1072167,6.483260207642503,9.172957139647053e-05
2026-03-24 18:25:00+00:00,654.0999755859375,654.8699951171875,654.0,654.5900268554688,790552,6.484009126472053,0.0007489188295499716
2026-03-24 18:30:00+00:00,654.5900268554688,655.7999877929688,654.280029296875,654.9600219726562,973911,6.484574198616281,0.0005650721442282958
2026-03-24 18:35:00+00:00,654.9500122070312,656.5900268554688,654.9199829101562,656.510009765625,1157018,6.48693794079436,0.002363742178078887
2026-03-24 18:40:00+00:00,656.510009765625,656.52001953125,654.7601928710938,655.3200073242188,1403355,6.485123677128616,-0.001814263665743887
2026-03-24 18:45:00+00:00,655.3300170898438,655.4400024414062,654.75,655.02001953125,626950,6.484665799338025,-0.00045787779059125455
2026-03-24 18:50:00+00:00,655.0,655.77001953125,654.969970703125,655.239990234375,810446,6.48500156583254,0.00033576649451561025
2026-03-24 18:55:00+00:00,655.25,655.260009765625,654.4400024414062,654.8599853515625,745154,6.4844214499626815,-0.0005801158698588438
2026-03-24 19:00:00+00:00,654.8300170898438,655.5999755859375,654.7999877929688,655.1300048828125,693876,6.484833696677675,0.0004122467149931808
2026-03-24 19:05:00+00:00,655.1201171875,655.39501953125,654.8350219726562,655.3099975585938,696600,6.485108402389615,0.00027470571194054827
2026-03-24 19:10:00+00:00,655.2999877929688,655.6799926757812,655.2100219726562,655.6500244140625,547054,6.485627147213858,0.000518744824242745
2026-03-24 19:15:00+00:00,655.6599731445312,655.6900024414062,654.9600219726562,655.219970703125,848017,6.484971012390469,-0.0006561348233891096
2026-03-24 19:20:00+00:00,655.239990234375,655.3200073242188,654.72998046875,655.0499877929688,761626,6.4847115499644135,-0.0002594624260554568
2026-03-24 19:25:00+00:00,655.0499877929688,655.1799926757812,654.3099975585938,654.4500122070312,697645,6.483795206890079,-0.0009163430743344136
2026-03-24 19:30:00+00:00,654.4500122070312,654.7750244140625,653.9600219726562,654.1083984375,1203860,6.483273084569038,-0.0005221223210414294
2026-03-24 19:35:00+00:00,654.1099853515625,654.1300048828125,653.5800170898438,653.97998046875,1049218,6.483076740084623,-0.0001963444844141904
2026-03-24 19:40:00+00:00,653.9600219726562,654.3200073242188,653.7899780273438,653.8200073242188,981739,6.482832095419044,-0.0002446446655790524
2026-03-24 19:45:00+00:00,653.8200073242188,653.8300170898438,653.1599731445312,653.5499877929688,1477873,6.482419022553524,-0.000413072865520725
2026-03-24 19:50:00+00:00,653.5599975585938,653.6699829101562,652.780029296875,652.8699951171875,1568514,6.48137802081429,-0.0010410017392334936
2026-03-24 19:55:00+00:00,652.8699951171875,653.3099975585938,652.5599975585938,653.2000122070312,3762379,6.481883379784355,0.000505358970064762
2026-03-25 13:30:00+00:00,658.6699829101562,660.25,658.5999755859375,659.6799926757812,5561404,6.491754857855906,0.009871478071550754
2026-03-25 13:35:00+00:00,659.7000122070312,660.8900146484375,659.5109252929688,659.9099731445312,2018498,6.4921034213900874,0.0003485635341817783
2026-03-25 13:40:00+00:00,659.9199829101562,660.52001953125,658.75,658.9000244140625,1737845,6.490571814972532,-0.0015316064175552313
2026-03-25 13:45:00+00:00,658.9099731445312,659.1799926757812,657.75,657.8099975585938,1414442,6.4889161321171045,-0.0016556828554277203
2026-03-25 13:50:00+00:00,657.8200073242188,657.9299926757812,656.6799926757812,656.760009765625,1829877,6.487318669813224,-0.0015974623038808033
2026-03-25 13:55:00+00:00,656.780029296875,657.5900268554688,656.4199829101562,656.489990234375,1608121,6.486907446458866,-0.00041122335435783697
2026-03-25 14:00:00+00:00,656.5599975585938,657.4849853515625,655.6699829101562,657.001220703125,1881590,6.487685876478508,0.0007784300196425065
2026-03-25 14:05:00+00:00,657.0020141601562,657.530029296875,656.4249877929688,657.0999755859375,1588245,6.487836176749564,0.00015030027105567
2026-03-25 14:10:00+00:00,657.1199951171875,658.1199951171875,656.6400146484375,658.0599975585938,1164952,6.489296108868509,0.0014599321189452397
2026-03-25 14:15:00+00:00,658.0599975585938,658.2662963867188,657.4400024414062,657.6107177734375,862361,6.488613141926425,-0.000682966942084029
2026-03-25 14:20:00+00:00,657.6300048828125,658.5499877929688,657.1699829101562,657.4000244140625,1358586,6.48829269836742,-0.000320443559004957
2026-03-25 14:25:00+00:00,657.4000244140625,660.5,657.2249755859375,658.1400146484375,1850291,6.489417696908625,0.0011249985412042918
2026-03-25 14:30:00+00:00,658.1599731445312,658.77001953125,657.6500244140625,658.760009765625,970674,6.49035929483026,0.0009415979216358394
2026-03-25 14:35:00+00:00,658.77001953125,659.030029296875,657.8499755859375,658.219970703125,845379,6.489539177439294,-0.000820117390966324
2026-03-25 14:40:00+00:00,658.22998046875,658.9749755859375,657.8699951171875,658.4349975585938,931623,6.489865803415824,0.0003266259765295487
2026-03-25 14:45:00+00:00,658.4400024414062,659.0800170898438,658.3800048828125,658.9099731445312,803683,6.490586913857026,0.0007211104412023772
2026-03-25 14:50:00+00:00,658.9000244140625,659.25,658.6300048828125,658.75,775522,6.490344099855572,-0.00024281400145387266
2026-03-25 14:55:00+00:00,658.760009765625,659.0800170898438,658.4299926757812,658.6900024414062,755828,6.490253017819921,-9.108203565144635e-05
2026-03-25 15:00:00+00:00,658.6900024414062,659.0078125,658.3800048828125,658.760009765625,605696,6.49035929483026,0.00010627701033971704
2026-03-25 15:05:00+00:00,658.77001953125,658.8900146484375,657.1199951171875,657.22998046875,984233,6.4880340036082425,-0.0023252912220179667
2026-03-25 15:10:00+00:00,657.25,657.5599975585938,656.469970703125,656.5700073242188,1466595,6.487029325261193,-0.0010046783470496479
2026-03-25 15:15:00+00:00,656.5599975585938,656.8099975585938,654.239990234375,655.1400146484375,3609137,6.484848975613278,-0.0021803496479151363
2026-03-25 15:20:00+00:00,655.1500244140625,657.3200073242188,655.0844116210938,656.9149780273438,1483097,6.487554600715277,0.0027056251019992317
2026-03-25 15:25:00+00:00,656.9199829101562,657.8724975585938,656.7100219726562,657.8400268554688,1346068,6.488961781486348,0.0014071807710713813
2026-03-25 15:30:00+00:00,657.8499755859375,658.239990234375,657.5999755859375,657.9000244140625,1094151,6.48905298120103,9.119971468152244e-05
2026-03-25 15:35:00+00:00,657.9099731445312,657.9500122070312,656.5999755859375,656.7550048828125,1168305,6.487311049218474,-0.001741931982556011
2026-03-25 15:40:00+00:00,656.7550048828125,657.0700073242188,656.1199951171875,656.6799926757812,693079,6.487196826272911,-0.00011422294556240331
2026-03-25 15:45:00+00:00,656.6799926757812,656.8499755859375,656.27001953125,656.6799926757812,591435,6.487196826272911,0.0
2026-03-25 15:50:00+00:00,656.6699829101562,657.0798950195312,656.3900146484375,656.75,706790,6.4873034285656495,0.0001066022927380672
2026-03-25 15:55:00+00:00,656.75,657.4099731445312,656.3599853515625,657.0,964156,6.48768401848461,0.00038058991896061656
2026-03-25 16:00:00+00:00,657.0,657.2000122070312,656.3900146484375,656.4400024414062,698124,6.486831299530588,-0.000852718954021725
2026-03-25 16:05:00+00:00,656.4500122070312,656.8579711914062,656.010009765625,656.6099853515625,630011,6.487090212614913,0.00025891308432424154
2026-03-25 16:10:00+00:00,656.6099853515625,656.719970703125,656.1199951171875,656.5700073242188,506349,6.487029325261193,-6.088735371978515e-05
2026-03-25 16:15:00+00:00,656.5599975585938,656.75,656.125,656.3599853515625,416433,6.486709396589261,-0.0003199286719315353
2026-03-25 16:20:00+00:00,656.3800048828125,657.6599731445312,656.1500244140625,657.6599731445312,762590,6.488688039620804,0.001978643031542937
2026-03-25 16:25:00+00:00,657.6699829101562,658.0700073242188,657.22998046875,657.5,1321227,6.48844476405192,-0.0002432755688843713
2026-03-25 16:30:00+00:00,657.4600219726562,658.3150024414062,657.0599975585938,658.0700073242188,827666,6.48931131977562,0.000866555723700202
2026-03-25 16:35:00+00:00,658.0700073242188,658.3099975585938,657.75,658.0999755859375,706527,6.489356858364272,4.5538588651972134e-05
2026-03-25 16:40:00+00:00,658.0999755859375,658.1699829101562,657.6599731445312,657.969970703125,743502,6.489159293054614,-0.00019756530965775454
2026-03-25 16:45:00+00:00,657.969970703125,658.0900268554688,657.4400024414062,657.6300048828125,1154760,6.4886424705642085,-0.0005168224904057439
2026-03-25 16:50:00+00:00,657.6300048828125,658.1300048828125,657.0999755859375,658.0650024414062,659842,6.489303714350986,0.0006612437867774545
2026-03-25 16:55:00+00:00,658.0700073242188,658.1599731445312,657.52001953125,657.75,560377,6.488824919920402,-0.00047879443058373994
2026-03-25 17:00:00+00:00,657.75,658.280029296875,657.2100219726562,657.5,816998,6.48844476405192,-0.00038015586848239025
2026-03-25 17:05:00+00:00,657.52001953125,657.6199951171875,656.9600219726562,656.9849853515625,724672,6.487661164877293,-0.0007835991746265591
2026-03-25 17:10:00+00:00,656.9849853515625,657.77001953125,656.9149780273438,657.5900268554688,581786,6.488581677652922,0.0009205127756288789
2026-03-25 17:15:00+00:00,657.5900268554688,657.6199951171875,656.9199829101562,657.280029296875,621215,6.488110151873037,-0.0004715257798855177
2026-03-25 17:20:00+00:00,657.2899780273438,658.0150146484375,657.2000122070312,657.6599731445312,633190,6.488688039620804,0.0005778877477675692
2026-03-25 17:25:00+00:00,657.6699829101562,658.3200073242188,657.6300048828125,658.02001953125,705394,6.489235355682021,0.0005473160612163852
2026-03-25 17:30:00+00:00,658.0399780273438,658.27001953125,657.5599975585938,658.22998046875,634809,6.489554384649589,0.0003190289675680802
2026-03-25 17:35:00+00:00,658.239990234375,658.7050170898438,658.1500244140625,658.6199951171875,710872,6.490146729513578,0.0005923448639890694
2026-03-25 17:40:00+00:00,658.5900268554688,659.3800048828125,658.3599853515625,658.8350219726562,1092921,6.490473157140463,0.00032642762688528393
2026-03-25 17:45:00+00:00,658.8350219726562,658.8599853515625,658.030029296875,658.094970703125,704357,6.489349253285972,-0.0011239038544914592
2026-03-25 17:50:00+00:00,658.0999755859375,658.719970703125,657.3300170898438,657.47998046875,1418299,6.488414315632097,-0.0009349376538745346
2026-03-25 17:55:00+00:00,657.489990234375,658.7899780273438,657.3400268554688,657.9000244140625,1029101,6.48905298120103,0.0006386655689327725
2026-03-25 18:00:00+00:00,657.8900146484375,658.0700073242188,657.5599975585938,657.8200073242188,619201,6.48893134880506,-0.00012163239596940656
2026-03-25 18:05:00+00:00,657.8200073242188,658.2550048828125,657.5599975585938,657.780029296875,520916,6.488870573453521,-6.0775351539810174e-05
2026-03-25 18:10:00+00:00,657.7999877929688,658.14501953125,657.739990234375,657.97998046875,498453,6.489174506042944,0.0003039325894231837
2026-03-25 18:15:00+00:00,657.97998046875,658.510009765625,657.8499755859375,657.9099731445312,762492,6.4890681030354695,-0.0001064030074742206
2026-03-25 18:20:00+00:00,657.9080200195312,658.2100219726562,657.8099975585938,658.010009765625,444413,6.489220143619374,0.0001520405839041672
2026-03-25 18:25:00+00:00,658.0,658.0706787109375,657.4099731445312,657.5150146484375,426412,6.488467599758388,-0.0007525438609858881
2026-03-25 18:30:00+00:00,657.510009765625,657.8099975585938,657.4299926757812,657.6599731445312,746796,6.488688039620804,0.00022043986241637725
2026-03-25 18:35:00+00:00,657.6599731445312,657.7000122070312,657.385009765625,657.5800170898438,482385,6.4885664556431575,-0.00012158397764672202
2026-03-25 18:40:00+00:00,657.5900268554688,657.6500244140625,657.0700073242188,657.3099975585938,589196,6.488155745192797,-0.00041071045036034093
2026-03-25 18:45:00+00:00,657.3099975585938,657.3599853515625,657.0399780273438,657.1099853515625,515915,6.487851409879616,-0.0003043353131815252
2026-03-25 18:50:00+00:00,657.1099853515625,657.239990234375,656.969970703125,657.1798706054688,978769,6.487957756670098,0.00010634679048227014
2026-03-25 18:55:00+00:00,657.1715087890625,657.1799926757812,655.6400146484375,656.5,1873124,6.486922693742851,-0.00103506292724731
2026-03-25 19:00:00+00:00,656.489990234375,656.52001953125,655.5800170898438,656.0599975585938,1418218,6.486252244454884,-0.0006704492879663349
2026-03-25 19:05:00+00:00,656.0599975585938,656.2999877929688,655.9000244140625,656.1099853515625,1061009,6.486328435487516,7.619103263145632e-05
2026-03-25 19:10:00+00:00,656.1099853515625,656.4758911132812,655.8400268554688,656.4299926757812,725541,6.486816050853016,0.00048761536550046003
2026-03-25 19:15:00+00:00,656.4271850585938,657.0,656.4000244140625,656.8499755859375,1502916,6.487455644747118,0.0006395938941015089
2026-03-25 19:20:00+00:00,656.8599853515625,657.3201293945312,656.7650146484375,656.9824829101562,820037,6.487657355891962,0.00020171114484401897
2026-03-25 19:25:00+00:00,656.989990234375,657.0900268554688,656.47998046875,656.510009765625,789734,6.48693794079436,-0.000719415097601761
2026-03-25 19:30:00+00:00,656.510009765625,656.5700073242188,656.1400146484375,656.280029296875,723942,6.4865875717874975,-0.0003503690068624721
2026-03-25 19:35:00+00:00,656.280029296875,656.4199829101562,655.7550048828125,656.0800170898438,886231,6.48628275877657,-0.0003048130109277736
2026-03-25 19:40:00+00:00,656.0800170898438,656.6500244140625,655.989990234375,656.2100219726562,1643174,6.486480893151392,0.00019813437482252283
2026-03-25 19:45:00+00:00,656.2100219726562,656.3200073242188,655.969970703125,656.1300048828125,1171323,6.4863589474844074,-0.0001219456669847574
2026-03-25 19:50:00+00:00,656.1400146484375,656.8499755859375,656.1400146484375,656.6099853515625,1499191,6.487090212614913,0.0007312651305051432
2026-03-25 19:55:00+00:00,656.6199951171875,657.0599975585938,656.219970703125,656.739990234375,3121346,6.487288187085776,0.00019797447086311593
2026-03-26 13:30:00+00:00,652.0599975585938,652.1199951171875,651.02001953125,651.6300048828125,4251782,6.47947692367694,-0.007811263408835423
2026-03-26 13:35:00+00:00,651.6300048828125,651.739990234375,650.760009765625,650.8200073242188,1535688,6.478233117534013,-0.001243806142927184
2026-03-26 13:40:00+00:00,650.8099975585938,653.0499877929688,650.72998046875,653.0,1730274,6.481577129276431,0.0033440117424179405
2026-03-26 13:45:00+00:00,653.02001953125,654.0900268554688,652.9299926757812,653.405029296875,2209309,6.482197196255307,0.000620066978876288
2026-03-26 13:50:00+00:00,653.4099731445312,654.6300048828125,653.22998046875,654.4249877929688,1900165,6.483756968839745,0.0015597725844376242
2026-03-26 13:55:00+00:00,654.4249877929688,654.5499877929688,652.780029296875,654.469970703125,2299547,6.483825703018729,6.873417898400902e-05
2026-03-26 14:00:00+00:00,654.469970703125,654.6900024414062,653.7899780273438,653.97998046875,1234475,6.483076740084623,-0.0007489629341055348
2026-03-26 14:05:00+00:00,653.9600219726562,654.8300170898438,653.5,653.9199829101562,1311059,6.4829849936815105,-9.174640311293558e-05
2026-03-26 14:10:00+00:00,653.9000244140625,654.4500122070312,653.364990234375,654.4299926757812,667192,6.483764616566785,0.0007796228852745557
2026-03-26 14:15:00+00:00,654.4299926757812,654.8400268554688,653.8800048828125,653.989990234375,770723,6.483092045888043,-0.0006725706787422681
2026-03-26 14:20:00+00:00,653.969970703125,654.7100219726562,653.719970703125,654.239990234375,613325,6.483474241689661,0.0003821958016185789
2026-03-26 14:25:00+00:00,654.239990234375,654.4600219726562,653.5800170898438,653.6199951171875,688876,6.482526135362417,-0.0009481063272440693
2026-03-26 14:30:00+00:00,653.6199951171875,654.4500122070312,653.6099243164062,654.3200073242188,644975,6.483596539620353,0.0010704042579359196
2026-03-26 14:35:00+00:00,654.3300170898438,654.3699951171875,653.469970703125,653.77001953125,903877,6.482755637520213,-0.0008409021001405392
2026-03-26 14:40:00+00:00,653.780029296875,654.8499755859375,652.4299926757812,652.6599731445312,2317158,6.481056278717864,-0.0016993588023490602
2026-03-26 14:45:00+00:00,652.6599731445312,653.1699829101562,652.2000122070312,652.51171875,1942060,6.480829098805689,-0.0002271799121746909
2026-03-26 14:50:00+00:00,652.5399780273438,652.8599853515625,651.4099731445312,651.419921875,1578890,6.4791544755415025,-0.0016746232641864367
2026-03-26 14:55:00+00:00,651.4199829101562,652.4600219726562,650.8200073242188,652.2100219726562,1915837,6.48036662964724,0.0012121541057377172
2026-03-26 15:00:00+00:00,652.219970703125,652.6799926757812,652.030029296875,652.1099853515625,1340243,6.480213236889744,-0.0001533927574959293
2026-03-26 15:05:00+00:00,652.0999755859375,652.9099731445312,651.97998046875,652.22998046875,1081809,6.480397230512067,0.00018399362232290883
2026-03-26 15:10:00+00:00,652.22998046875,652.780029296875,652.219970703125,652.22998046875,584675,6.480397230512067,0.0
2026-03-26 15:15:00+00:00,652.260009765625,652.4400024414062,651.5800170898438,651.8800048828125,1061999,6.479860503398143,-0.0005367271139240515
2026-03-26 15:20:00+00:00,651.8699951171875,652.260009765625,651.760009765625,652.030029296875,876347,6.480090618069848,0.00023011467170519495
2026-03-26 15:25:00+00:00,652.0399780273438,652.1799926757812,651.6599731445312,651.7100219726562,615807,6.479599711419656,-0.0004909066501923576
2026-03-26 15:30:00+00:00,651.7100219726562,651.7100219726562,650.8699951171875,651.2899780273438,831237,6.478954977789782,-0.0006447336298736062
2026-03-26 15:35:00+00:00,651.3200073242188,651.8200073242188,651.2100219726562,651.6400146484375,506369,6.479492284677309,0.0005373068875265119
2026-03-26 15:40:00+00:00,651.6300048828125,651.8400268554688,651.0999755859375,651.219970703125,555929,6.478847481759745,-0.0006448029175638581
2026-03-26 15:45:00+00:00,651.239990234375,652.3499755859375,651.0,651.60009765625,1156580,6.479431026599349,0.0005835448396043219
2026-03-26 15:50:00+00:00,651.5999755859375,652.0900268554688,651.4199829101562,651.8400268554688,687909,6.47979917423792,0.00036814763857062616
2026-03-26 15:55:00+00:00,651.8599853515625,651.8900146484375,651.27001953125,651.52001953125,521195,6.479308124460022,-0.0004910497778976008
2026-03-26 16:00:00+00:00,651.489990234375,651.6599731445312,651.0999755859375,651.22998046875,535541,6.4788628524319405,-0.0004452720280818667
2026-03-26 16:05:00+00:00,651.219970703125,651.6900024414062,651.0499877929688,651.4349975585938,1011149,6.479177618077743,0.00031476564580223965
2026-03-26 16:10:00+00:00,651.4400024414062,651.5900268554688,650.8502807617188,651.3400268554688,582527,6.479031820527877,-0.00014579754986598914
2026-03-26 16:15:00+00:00,651.3200073242188,651.3200073242188,649.8400268554688,650.8200073242188,1110678,6.478233117534013,-0.0007987029938636425
2026-03-26 16:20:00+00:00,650.8300170898438,650.8400268554688,649.7999877929688,650.3599853515625,1042427,6.477526033203771,-0.0007070843302416918
2026-03-26 16:25:00+00:00,650.3599853515625,650.4299926757812,649.2899780273438,649.469970703125,1136263,6.476156600558551,-0.001369432645220492
2026-03-26 16:30:00+00:00,649.4912719726562,649.5449829101562,648.8900146484375,649.3900146484375,1141463,6.47603348327772,-0.00012311728083069795
2026-03-26 16:35:00+00:00,649.4099731445312,649.6799926757812,649.0399780273438,649.1300048828125,615166,6.475633012333585,-0.00040047094413520057
2026-03-26 16:40:00+00:00,649.1199951171875,649.6300048828125,649.0499267578125,649.47998046875,411783,6.476172012646779,0.0005390003131937604
2026-03-26 16:45:00+00:00,649.5,649.6900024414062,648.9299926757812,649.0999755859375,497636,6.475586750427247,-0.0005852622195314794
2026-03-26 16:50:00+00:00,649.1300048828125,649.5700073242188,648.97998046875,649.47998046875,526754,6.476172012646779,0.0005852622195314794
2026-03-26 16:55:00+00:00,649.47998046875,649.719970703125,649.2999877929688,649.6400146484375,326299,6.476418385854948,0.000246373208169004
2026-03-26 17:00:00+00:00,649.6400146484375,650.0999755859375,649.3800048828125,649.4400024414062,572463,6.4761104568498356,-0.00030792900511222854
2026-03-26 17:05:00+00:00,649.4299926757812,649.719970703125,649.3699951171875,649.530029296875,240683,6.47624906952513,0.00013861267529424737
2026-03-26 17:10:00+00:00,649.52001953125,649.52001953125,648.9000244140625,648.989990234375,515519,6.475417293217467,-0.0008317763076624018
2026-03-26 17:15:00+00:00,648.9849853515625,649.2999877929688,648.9099731445312,649.1699829101562,400608,6.475694597526117,0.0002773043086499172
2026-03-26 17:20:00+00:00,649.1699829101562,649.1900024414062,648.27001953125,648.3300170898438,830353,6.474399852342836,-0.0012947451832809875
2026-03-26 17:25:00+00:00,648.3300170898438,648.6400146484375,647.97998046875,648.6199951171875,923648,6.474847021515814,0.00044716917297726866
2026-03-26 17:30:00+00:00,648.6199951171875,648.9550170898438,648.22998046875,648.9500122070312,580367,6.475355690944202,0.0005086694283882309
2026-03-26 17:35:00+00:00,648.9299926757812,649.0599975585938,648.4600219726562,648.5,417922,6.474662003756499,-0.0006936871877032402
2026-03-26 17:40:00+00:00,648.4949951171875,648.5,647.7999877929688,647.9400024414062,502187,6.473798103240674,-0.0008639005158244117
2026-03-26 17:45:00+00:00,647.9500122070312,648.0900268554688,647.5700073242188,647.5800170898438,791310,6.47324236445563,-0.0005557387850441131
2026-03-26 17:50:00+00:00,647.5700073242188,647.5800170898438,647.0499877929688,647.1199951171875,1952375,6.472531741164246,-0.0007106232913844934
2026-03-26 17:55:00+00:00,647.1199951171875,647.2025146484375,646.4400024414062,646.6699829101562,1053722,6.471836091587697,-0.0006956495765484405
2026-03-26 18:00:00+00:00,646.655029296875,647.5700073242188,646.6400146484375,647.2100219726562,1317939,6.472670850749012,0.00083475916131448
2026-03-26 18:05:00+00:00,647.2100219726562,647.4299926757812,646.9500122070312,647.3200073242188,741513,6.472840773963365,0.00016992321435349567
2026-03-26 18:10:00+00:00,647.3099975585938,647.385009765625,646.8900146484375,647.0549926757812,802110,6.47243128729661,-0.00040948666675522105
2026-03-26 18:15:00+00:00,647.0599975585938,647.1099853515625,646.7100219726562,646.8699951171875,562128,6.472145339406895,-0.0002859478897150325
2026-03-26 18:20:00+00:00,646.8699951171875,647.1699829101562,646.5601196289062,647.0800170898438,699229,6.472469960872205,0.0003246214653103152
2026-03-26 18:25:00+00:00,647.0750122070312,647.25,646.489990234375,646.5999755859375,898954,6.471727827533734,-0.0007421333384707296
2026-03-26 18:30:00+00:00,646.6099853515625,647.2100219726562,646.5800170898438,647.135009765625,757070,6.4725549431582605,0.0008271156245260869
2026-03-26 18:35:00+00:00,647.1400146484375,647.4500122070312,646.9749755859375,647.3900146484375,805944,6.472948917598772,0.00039397444051125774
2026-03-26 18:40:00+00:00,647.3900146484375,647.5399780273438,646.8099975585938,647.135009765625,856611,6.4725549431582605,-0.00039397444051125774
2026-03-26 18:45:00+00:00,647.1300048828125,647.510009765625,646.8599853515625,647.4400024414062,1628251,6.473026128958307,0.0004711858000465696
2026-03-26 18:50:00+00:00,647.4400024414062,647.6500244140625,647.27001953125,647.52001953125,742318,6.473149711290716,0.00012358233240927774
2026-03-26 18:55:00+00:00,647.510009765625,647.510009765625,647.0599975585938,647.4299926757812,699004,6.473010668308724,-0.00013904298199207688
2026-03-26 19:00:00+00:00,647.4400024414062,647.52001953125,646.6199951171875,646.7050170898438,1411584,6.471890266408915,-0.0011204018998096643
2026-03-26 19:05:00+00:00,646.7050170898438,646.760009765625,646.0,646.22998046875,1161389,6.471155447344745,-0.0007348190641698338
2026-03-26 19:10:00+00:00,646.239990234375,646.3250122070312,645.8699951171875,646.2449951171875,1017757,6.471178681293134,2.323394838921189e-05
2026-03-26 19:15:00+00:00,646.260009765625,646.7100219726562,646.219970703125,646.5599975585938,1106490,6.471665997554171,0.00048731626103659664
2026-03-26 19:20:00+00:00,646.5599975585938,646.6099853515625,646.0700073242188,646.125,686094,6.4709929835162034,-0.0006730140379671568
2026-03-26 19:25:00+00:00,646.125,646.22998046875,645.8499755859375,646.2100219726562,1129762,6.471124562358119,0.00013157884191539182
2026-03-26 19:30:00+00:00,646.2100219726562,646.27001953125,645.4400024414062,645.72998046875,1516457,6.470381429511251,-0.0007431328468676668
2026-03-26 19:35:00+00:00,645.72998046875,646.1500244140625,645.6300048828125,645.8400268554688,1034640,6.470551836668991,0.00017040715774019333
2026-03-26 19:40:00+00:00,645.8300170898438,646.0499877929688,645.4000244140625,645.510009765625,1413398,6.470040717162011,-0.000511119506980684
2026-03-26 19:45:00+00:00,645.5,645.75,645.3200073242188,645.7100219726562,2158650,6.470350520609471,0.0003098034474602329
2026-03-26 19:50:00+00:00,645.719970703125,645.864990234375,644.969970703125,645.0050048828125,2217872,6.4692580762739045,-0.0010924443355664337
2026-03-26 19:55:00+00:00,645.0,645.5,644.8200073242188,645.10498046875,4985625,6.4694130639684,0.00015498769449528993
2026-03-27 13:30:00+00:00,642.5,642.6599731445312,640.3499755859375,640.4949951171875,4726885,6.462241307281571,-0.0071717566868283456
2026-03-27 13:35:00+00:00,640.5,641.2999877929688,639.780029296875,640.9749755859375,2341550,6.462990416511079,0.0007491092295079937
2026-03-27 13:40:00+00:00,640.969970703125,641.5399780273438,640.5499877929688,641.0599975585938,1392055,6.463123052475873,0.00013263596479351492
2026-03-27 13:45:00+00:00,641.0599975585938,642.4600219726562,641.02001953125,641.8699951171875,1427828,6.46438578336664,0.0012627308907671164
2026-03-27 13:50:00+00:00,641.8800048828125,642.0211791992188,639.9199829101562,640.0098876953125,1439701,6.461483625758301,-0.0029021576083394507
2026-03-27 13:55:00+00:00,640.010009765625,640.030029296875,638.593994140625,639.0499877929688,1591239,6.459982679475883,-0.0015009462824178144
2026-03-27 14:00:00+00:00,639.030029296875,639.780029296875,638.6599731445312,639.489990234375,1383695,6.460670968409101,0.0006882889332180397
2026-03-27 14:05:00+00:00,639.5,639.719970703125,638.6900024414062,638.8499755859375,1124571,6.45966964682169,-0.0010013215874105086
2026-03-27 14:10:00+00:00,638.8599853515625,639.9801025390625,638.8099975585938,639.7100219726562,1447078,6.461014983009401,0.0013453361877102665
2026-03-27 14:15:00+00:00,639.7100219726562,640.7449951171875,639.5700073242188,640.5499877929688,1239787,6.462327163245334,0.001312180235933269
2026-03-27 14:20:00+00:00,640.530029296875,640.7999877929688,639.4301147460938,639.7650146484375,767929,6.461100944320472,-0.001226218924862188
2026-03-27 14:25:00+00:00,639.7999877929688,640.3599853515625,639.0800170898438,639.0999755859375,632096,6.460060898455543,-0.0010400458649284516
2026-03-27 14:30:00+00:00,639.0999755859375,640.0,639.0399780273438,639.5999755859375,603239,6.460842942788969,0.0007820443334258798
2026-03-27 14:35:00+00:00,639.6199951171875,639.75,638.7150268554688,638.8300170898438,612022,6.459638405045643,-0.0012045377433258508
2026-03-27 14:40:00+00:00,638.8499755859375,639.2899780273438,638.75,639.0910034179688,682728,6.460046859602013,0.0004084545563696196
2026-03-27 14:45:00+00:00,639.0999755859375,640.25,638.2999877929688,640.22998046875,1110096,6.461827456287374,0.0017805966853607913
2026-03-27 14:50:00+00:00,640.219970703125,640.5880126953125,639.4500122070312,639.5465698242188,867398,6.460759440610206,-0.001068015677168077
2026-03-27 14:55:00+00:00,639.5800170898438,640.4099731445312,639.5499877929688,640.1900024414062,694759,6.46176501110862,0.001005570498413988
2026-03-27 15:00:00+00:00,640.1900024414062,640.8699951171875,639.9600219726562,640.719970703125,829159,6.462592498290499,0.0008274871818798601
2026-03-27 15:05:00+00:00,640.72998046875,641.27001953125,640.0050048828125,640.1699829101562,1116020,6.461733739385853,-0.0008587589046467059
2026-03-27 15:10:00+00:00,639.75,640.22998046875,639.594970703125,639.760009765625,757033,6.4610931212881475,-0.0006406180977052145
2026-03-27 15:15:00+00:00,639.77001953125,639.875,639.0700073242188,639.2999877929688,1046052,6.46037380867831,-0.0007193126098377078
2026-03-27 15:20:00+00:00,639.3099975585938,641.489990234375,638.9401245117188,640.22998046875,1860832,6.461827456287374,0.0014536476090638573
2026-03-27 15:25:00+00:00,640.25,641.030029296875,640.0499877929688,640.9600219726562,930145,6.462967086758307,0.0011396304709334615
2026-03-27 15:30:00+00:00,640.9600219726562,641.989990234375,640.6900024414062,641.780029296875,1266016,6.4642456114837294,0.0012785247254223364
2026-03-27 15:35:00+00:00,641.780029296875,642.1400146484375,640.989990234375,641.1400146484375,775717,6.46324786465679,-0.0009977468269397605
2026-03-27 15:40:00+00:00,641.1300048828125,641.1300048828125,640.1699829101562,640.6900024414062,824159,6.462545724404932,-0.0007021402518576636
2026-03-27 15:45:00+00:00,640.6900024414062,641.1599731445312,640.5700073242188,641.0700073242188,479278,6.4631386667514725,0.0005929423465405037
2026-03-27 15:50:00+00:00,641.0700073242188,641.4149780273438,640.6900024414062,640.8499755859375,671924,6.462795382079457,-0.0003432846720157201
2026-03-27 15:55:00+00:00,640.8499755859375,640.969970703125,640.1099853515625,640.280029296875,770583,6.461905626434844,-0.0008897556446125776
2026-03-27 16:00:00+00:00,640.2999877929688,640.4299926757812,639.7899780273438,639.97998046875,615915,6.4614368953468935,-0.0004687310879507578
2026-03-27 16:05:00+00:00,639.97998046875,640.0598754882812,639.1599731445312,639.1799926757812,655962,6.460186093392387,-0.0012508019545061089
2026-03-27 16:10:00+00:00,639.1900024414062,639.5250244140625,638.8599853515625,639.5150146484375,699307,6.460710099474219,0.0005240060818314518
2026-03-27 16:15:00+00:00,639.5250244140625,639.5900268554688,639.030029296875,639.1649780273438,671377,6.460162602630845,-0.0005474968433736294
2026-03-27 16:20:00+00:00,639.1699829101562,639.5800170898438,639.0,639.02001953125,782404,6.459935783356652,-0.00022681927419299086
2026-03-27 16:25:00+00:00,639.030029296875,639.0700073242188,638.5800170898438,638.8900146484375,819428,6.4597323185120485,-0.00020346484460365133
2026-03-27 16:30:00+00:00,638.8800048828125,639.0499877929688,638.75,638.8099975585938,455534,6.459607066748435,-0.0001252517636132211
2026-03-27 16:35:00+00:00,638.8099975585938,638.9099731445312,638.1799926757812,638.3200073242188,860516,6.458839736474237,-0.0007673302741979526
2026-03-27 16:40:00+00:00,638.3200073242188,638.8599853515625,638.0800170898438,638.5900268554688,874198,6.459262662957775,0.00042292648353736695
2026-03-27 16:45:00+00:00,638.5999755859375,639.5650024414062,638.4500122070312,639.47998046875,1084242,6.4606553155542965,0.0013926525965217706
2026-03-27 16:50:00+00:00,639.47998046875,639.6300048828125,638.8099975585938,638.9099731445312,777646,6.459763557354255,-0.0008917582000416147
2026-03-27 16:55:00+00:00,638.9099731445312,639.0499877929688,638.6199951171875,638.7000122070312,496005,6.4594348796798515,-0.0003286776744033659
2026-03-27 17:00:00+00:00,638.7000122070312,638.8400268554688,638.1400146484375,638.469970703125,1144586,6.4590746433613155,-0.00036023631853598914
2026-03-27 17:05:00+00:00,638.4600219726562,639.9299926757812,638.1400146484375,638.8300170898438,1680084,6.459638405045643,0.0005637616843277016
2026-03-27 17:10:00+00:00,638.8200073242188,638.9400024414062,638.1199951171875,638.3800048828125,520030,6.458933724972811,-0.0007046800728325309
2026-03-27 17:15:00+00:00,638.4099731445312,638.4500122070312,637.760009765625,637.8900146484375,680269,6.458165877650612,-0.0007678473221988114
2026-03-27 17:20:00+00:00,637.8900146484375,637.9099731445312,637.4000244140625,637.5800170898438,839428,6.457679786159658,-0.00048609149095391047
2026-03-27 17:25:00+00:00,637.5700073242188,637.5700073242188,636.5900268554688,636.6199951171875,1280921,6.456172923586884,-0.0015068625727741036
2026-03-27 17:30:00+00:00,636.6199951171875,637.1900024414062,636.5999755859375,637.1099853515625,814279,6.45694230213031,0.0007693785434259581
2026-03-27 17:35:00+00:00,637.1099853515625,637.25,636.8499755859375,636.9650268554688,563991,6.456714751169291,-0.00022755096101878536
2026-03-27 17:40:00+00:00,636.9600219726562,637.0,636.3499755859375,636.47998046875,923125,6.455952964979254,-0.0007617861900373057
2026-03-27 17:45:00+00:00,636.47998046875,636.8350219726562,636.3699951171875,636.4299926757812,673001,6.4558744240077015,-7.854097155224338e-05
2026-03-27 17:50:00+00:00,636.4000244140625,636.5700073242188,636.2100219726562,636.4000244140625,843195,6.455827334826394,-4.708918130713613e-05
2026-03-27 17:55:00+00:00,636.4099731445312,636.52001953125,635.9400024414062,636.1300048828125,914368,6.455402952644307,-0.00042438218208751266
2026-03-27 18:00:00+00:00,636.1397705078125,636.3049926757812,635.8309936523438,635.875,818353,6.455002003142929,-0.00040094950137792296
2026-03-27 18:05:00+00:00,635.8699951171875,636.1199951171875,635.3800048828125,635.4149780273438,824381,6.454278294153343,-0.0007237089895859583
2026-03-27 18:10:00+00:00,635.4149780273438,635.6099853515625,635.1300048828125,635.510009765625,1018086,6.454427841513527,0.00014954736018424342
2026-03-27 18:15:00+00:00,635.510009765625,636.1599731445312,635.3200073242188,636.10498046875,1583867,6.45536361334873,0.000935771835202992
2026-03-27 18:20:00+00:00,636.0999755859375,636.3400268554688,635.5900268554688,635.6699829101562,967794,6.454679533872277,-0.0006840794764535474
2026-03-27 18:25:00+00:00,635.6699829101562,636.030029296875,635.530029296875,635.77001953125,696939,6.454836893434833,0.0001573595625563584
2026-03-27 18:30:00+00:00,635.7650146484375,635.9600219726562,635.5,635.8200073242188,767256,6.454915515934127,7.862249929413423e-05
2026-03-27 18:35:00+00:00,635.8300170898438,636.0599975585938,635.52001953125,635.75,752603,6.454805404302229,-0.00011011163189778017
2026-03-27 18:40:00+00:00,635.77001953125,636.7249755859375,635.4600219726562,635.9600219726562,1540160,6.455135702830883,0.00033029852865329445
2026-03-27 18:45:00+00:00,635.97998046875,636.1599731445312,635.6500244140625,635.6699829101562,642595,6.454679533872277,-0.0004561689586060069
2026-03-27 18:50:00+00:00,635.6699829101562,635.8699951171875,635.2000122070312,635.3699951171875,772936,6.454207498682629,-0.00047203518964789026
2026-03-27 18:55:00+00:00,635.3699951171875,635.510009765625,635.219970703125,635.3800048828125,1049384,6.454223252789456,1.575410682708167e-05
2026-03-27 19:00:00+00:00,635.3800048828125,635.6799926757812,634.719970703125,634.7899780273438,1380913,6.453294200921049,-0.0009290518684066384
2026-03-27 19:05:00+00:00,634.7899780273438,634.9400024414062,634.52001953125,634.719970703125,1411445,6.453183910608855,-0.00011029031219411678
2026-03-27 19:10:00+00:00,634.7150268554688,635.1799926757812,634.530029296875,635.0499877929688,1117401,6.453703716728171,0.000519806119315902
2026-03-27 19:15:00+00:00,635.0599975585938,635.6099243164062,634.969970703125,635.4099731445312,1414705,6.454270417564506,0.0005667008363348103
2026-03-27 19:20:00+00:00,635.4000244140625,635.4099731445312,634.8699951171875,635.1799926757812,1595094,6.453908411760197,-0.00036200580430900686
2026-03-27 19:25:00+00:00,635.1599731445312,635.1649780273438,634.6900024414062,634.8590087890625,1045451,6.453402940836575,-0.0005054709236214094
2026-03-27 19:30:00+00:00,634.8599853515625,635.3400268554688,634.6900024414062,635.2899780273438,1384083,6.454081552966795,0.0006786121302200243
2026-03-27 19:35:00+00:00,635.2999877929688,635.3499755859375,634.77001953125,634.7899780273438,1213782,6.453294200921049,-0.0007873520457462035
2026-03-27 19:40:00+00:00,634.7899780273438,634.8099975585938,634.0499877929688,634.1699829101562,1861503,6.4523170303473405,-0.0009771705737087188
2026-03-27 19:45:00+00:00,634.1500244140625,634.1950073242188,633.260009765625,633.8499755859375,2898441,6.451812294867637,-0.0005047354797032
2026-03-27 19:50:00+00:00,633.8499755859375,634.280029296875,633.10498046875,634.0499877929688,2915226,6.452127796428434,0.00031550156079696023
2026-03-27 19:55:00+00:00,634.0499877929688,635.1500244140625,634.0399780273438,634.0800170898438,6676262,6.452175156394313,4.735996587879043e-05
2026-03-30 13:30:00+00:00,640.1099853515625,640.3699951171875,638.780029296875,638.8499755859375,4906621,6.45966964682169,0.007494490427377265
2026-03-30 13:35:00+00:00,638.8699951171875,638.9299926757812,637.780029296875,637.9500122070312,1572607,6.458259929502529,-0.0014097173191611745
2026-03-30 13:40:00+00:00,637.9099731445312,637.9099731445312,636.780029296875,637.1699829101562,1530497,6.457036469126782,-0.001223460375746832
2026-03-30 13:45:00+00:00,637.1599731445312,637.47607421875,635.969970703125,636.094970703125,1227272,6.455347877197167,-0.0016885919296152352
2026-03-30 13:50:00+00:00,636.0999755859375,636.6300048828125,635.739990234375,635.7650146484375,1273512,6.454829021244641,-0.0005188559525262093
2026-03-30 13:55:00+00:00,635.72998046875,635.8499755859375,634.6799926757812,635.0700073242188,1701723,6.45373524057053,-0.0010937806741111444
2026-03-30 14:00:00+00:00,635.0549926757812,636.27001953125,635.0,636.0399780273438,1575783,6.455261419898167,0.0015261793276373226
2026-03-30 14:05:00+00:00,636.0349731445312,636.1900024414062,635.1900024414062,636.1599731445312,1276058,6.455450061813194,0.00018864191502654393
2026-03-30 14:10:00+00:00,636.1199951171875,636.8099975585938,635.72998046875,636.510009765625,1217882,6.456000144135588,0.0005500823223947293
2026-03-30 14:15:00+00:00,636.5,636.6900024414062,635.3900146484375,635.8900146484375,1018047,6.455025615442788,-0.0009745286928000141
2026-03-30 14:20:00+00:00,635.8599853515625,636.4299926757812,635.6799926757812,636.2999877929688,754976,6.45567013105435,0.0006445156115617579
2026-03-30 14:25:00+00:00,636.3099975585938,636.5449829101562,635.5999755859375,635.8599853515625,964104,6.454978390285516,-0.0006917407688344923
2026-03-30 14:30:00+00:00,635.8499755859375,636.5399780273438,635.7899780273438,635.9600219726562,803197,6.455135702830883,0.00015731254536710537
2026-03-30 14:35:00+00:00,635.969970703125,636.1400146484375,635.239990234375,635.8599853515625,1281809,6.454978390285516,-0.00015731254536710537
2026-03-30 14:40:00+00:00,635.8699951171875,636.27001953125,634.760009765625,634.9500122070312,1187385,6.453546274860227,-0.0014321154252883161
2026-03-30 14:45:00+00:00,634.9500122070312,636.9500122070312,634.72998046875,635.760009765625,1890180,6.454821148992477,0.0012748741322496926
2026-03-30 14:50:00+00:00,635.77001953125,636.3900146484375,635.510009765625,636.260009765625,1032081,6.45560730018204,0.0007861511895628226
2026-03-30 14:55:00+00:00,636.25,637.5800170898438,635.8900146484375,637.510009765625,1278880,6.45756997850245,0.001962678320410305
2026-03-30 15:00:00+00:00,637.510009765625,638.3800048828125,637.489990234375,638.360107421875,1578187,6.458902555808863,0.0013325773064130075
2026-03-30 15:05:00+00:00,638.3800048828125,638.7999877929688,636.6500244140625,636.8599853515625,1209124,6.456549828196139,-0.0023527276127239816
2026-03-30 15:10:00+00:00,636.8099975585938,637.25,636.4099731445312,636.52001953125,619826,6.456015870026407,-0.0005339581697318962
2026-03-30 15:15:00+00:00,636.52001953125,636.5700073242188,635.5599975585938,636.4099731445312,1111653,6.455842967529607,-0.00017290249680002034
2026-03-30 15:20:00+00:00,636.4299926757812,636.8699951171875,636.1699829101562,636.780029296875,750548,6.456424273009629,0.0005813054800221096
2026-03-30 15:25:00+00:00,636.780029296875,637.1099853515625,636.4000244140625,636.4600219726562,1964960,6.455921606869591,-0.0005026661400382437
2026-03-30 15:30:00+00:00,636.4500122070312,637.6799926757812,636.0399780273438,637.5700073242188,813475,6.45766408641385,0.0017424795442586571
2026-03-30 15:35:00+00:00,637.5900268554688,638.1599731445312,637.2899780273438,637.3900146484375,885114,6.457381736106585,-0.0002823503072644229
2026-03-30 15:40:00+00:00,637.3880004882812,638.0900268554688,637.2100219726562,637.989990234375,827871,6.458322593933898,0.0009408578273131241
2026-03-30 15:45:00+00:00,637.989990234375,638.0850219726562,637.47998046875,637.7899780273438,606907,6.458009041105596,-0.0003135528283024769
2026-03-30 15:50:00+00:00,637.7949829101562,638.4749755859375,637.739990234375,637.9299926757812,678705,6.4582285479757795,0.0002195068701835723
2026-03-30 15:55:00+00:00,637.9299926757812,637.9299926757812,637.1799926757812,637.3599853515625,921891,6.457334622089122,-0.0008939258866575983
2026-03-30 16:00:00+00:00,637.3400268554688,637.4600219726562,636.1900024414062,636.2899169921875,707343,6.455654303801999,-0.001680318287123228
2026-03-30 16:05:00+00:00,636.280029296875,636.6107177734375,636.0800170898438,636.3499755859375,730262,6.455748688072278,9.438427027941287e-05
2026-03-30 16:10:00+00:00,636.3400268554688,636.8900146484375,636.22998046875,636.719970703125,479399,6.456329952485413,0.0005812644131353295
2026-03-30 16:15:00+00:00,636.6799926757812,636.7293090820312,635.97998046875,636.1500854492188,350846,6.455434518911138,-0.0008954335742750175
2026-03-30 16:20:00+00:00,636.1500244140625,636.4299926757812,635.6300048828125,635.7999877929688,776360,6.45488402927722,-0.0005504896339187937
2026-03-30 16:25:00+00:00,635.8151245117188,635.8900146484375,635.1649780273438,635.260009765625,742188,6.454034379282938,-0.0008496499942811653
2026-03-30 16:30:00+00:00,635.27001953125,635.760009765625,635.1199951171875,635.5549926757812,647233,6.454498621387238,0.000464242104299295
2026-03-30 16:35:00+00:00,635.5599975585938,636.010009765625,635.3599853515625,635.8599853515625,428630,6.454978390285516,0.00047976889827783253
2026-03-30 16:40:00+00:00,635.8499755859375,635.8499755859375,635.4500122070312,635.594970703125,400253,6.454561521955241,-0.00041686833027476666
2026-03-30 16:45:00+00:00,635.5999755859375,635.6500244140625,635.260009765625,635.3800048828125,296532,6.454223252789456,-0.0003382691657849435
2026-03-30 16:50:00+00:00,635.3699951171875,635.77001953125,635.1900024414062,635.2000122070312,517012,6.453939929150544,-0.0002833236389117033
2026-03-30 16:55:00+00:00,635.2000122070312,635.419921875,634.9849853515625,635.2999877929688,1560688,6.454097309057894,0.00015737990734976393
2026-03-30 17:00:00+00:00,635.2949829101562,635.8499755859375,634.8400268554688,634.8800048828125,708175,6.4534360123473755,-0.0006612967105183998
2026-03-30 17:05:00+00:00,634.8800048828125,635.6199951171875,634.7949829101562,635.4000244140625,568984,6.454254760258554,0.000818747911178086
2026-03-30 17:10:00+00:00,635.4000244140625,635.510009765625,634.4600219726562,634.5499877929688,606068,6.452916067018869,-0.0013386932396848295
2026-03-30 17:15:00+00:00,634.5399780273438,634.7379760742188,633.780029296875,634.0850219726562,959601,6.452183049503898,-0.0007330175149711238
2026-03-30 17:20:00+00:00,634.0850219726562,634.260009765625,633.4550170898438,633.7100219726562,975552,6.451591471215708,-0.0005915782881897869
2026-03-30 17:25:00+00:00,633.7125854492188,633.8800048828125,633.239990234375,633.4000244140625,1015807,6.451102172649001,-0.0004892985667064309
2026-03-30 17:30:00+00:00,633.4000244140625,633.4600219726562,632.8200073242188,632.9249877929688,1232915,6.450351912425445,-0.0007502602235565092
2026-03-30 17:35:00+00:00,632.9199829101562,633.6599731445312,632.7100219726562,633.6199951171875,1155993,6.451449397952381,0.001097485526935671
2026-03-30 17:40:00+00:00,633.6099853515625,634.3499755859375,633.4500122070312,634.2100219726562,909717,6.452380164522208,0.0009307665698274903
2026-03-30 17:45:00+00:00,634.2150268554688,634.6300048828125,633.5999755859375,633.6403198242188,1452298,6.45148147456173,-0.0008986899604783716
2026-03-30 17:50:00+00:00,633.6400146484375,633.7899780273438,633.4199829101562,633.5,843451,6.451259999761194,-0.00022147480053558155
2026-03-30 17:55:00+00:00,633.5,633.6300048828125,633.2000122070312,633.5700073242188,584481,6.451370502454629,0.00011050269343471086
2026-03-30 18:00:00+00:00,633.5599975585938,633.75,633.2000122070312,633.2899780273438,858002,6.450928418396921,-0.0004420840577079588
2026-03-30 18:05:00+00:00,633.2899780273438,633.5999755859375,632.85498046875,632.9400024414062,971757,6.45037563477902,-0.0005527836179011203
2026-03-30 18:10:00+00:00,632.9600219726562,633.4099731445312,632.8599853515625,633.260009765625,801506,6.450881095729812,0.0005054609507926244
2026-03-30 18:15:00+00:00,633.239990234375,633.530029296875,632.969970703125,633.4600219726562,812512,6.451196891175818,0.0003157954460055734
2026-03-30 18:20:00+00:00,633.4500122070312,633.6699829101562,632.97998046875,633.0499877929688,722799,6.450549388683376,-0.0006475024924421646
2026-03-30 18:25:00+00:00,633.0499877929688,633.0800170898438,632.260009765625,632.280029296875,931535,6.44933238034448,-0.0012170083388953756
2026-03-30 18:30:00+00:00,632.2899780273438,632.719970703125,632.260009765625,632.614990234375,2592385,6.449862006819655,0.000529626475174183
2026-03-30 18:35:00+00:00,632.5999755859375,633.1699829101562,632.47998046875,632.4949951171875,814817,6.4496723077121665,-0.00018969910748811714
2026-03-30 18:40:00+00:00,632.489990234375,632.7100219726562,632.3800048828125,632.4600219726562,1094096,6.449617012236727,-5.5295475439365305e-05
2026-03-30 18:45:00+00:00,632.47998046875,632.739990234375,632.1799926757812,632.2449951171875,805984,6.4492769695316925,-0.00034004270503462664
2026-03-30 18:50:00+00:00,632.239990234375,632.3099975585938,631.6300048828125,631.8350219726562,1090409,6.448628318887171,-0.0006486506445213536
2026-03-30 18:55:00+00:00,631.8400268554688,632.0499877929688,631.4500122070312,631.75,424418,6.448493746268303,-0.00013457261886795635
2026-03-30 19:00:00+00:00,631.75,631.9199829101562,631.3699951171875,631.52001953125,1023042,6.448129642841902,-0.0003641034264010301
2026-03-30 19:05:00+00:00,631.510009765625,631.52001953125,630.4099731445312,630.469970703125,1670872,6.446465526519944,-0.0016641163219581756
2026-03-30 19:10:00+00:00,630.4600219726562,630.5399780273438,629.625,629.9400024414062,1833297,6.445624580630522,-0.0008409458894220734
2026-03-30 19:15:00+00:00,629.9481201171875,630.3524780273438,629.907470703125,630.030029296875,1145437,6.445767483800207,0.00014290316968512684
2026-03-30 19:20:00+00:00,630.030029296875,630.260009765625,629.75,629.8800048828125,1311033,6.445529332804181,-0.00023815099602586542
2026-03-30 19:25:00+00:00,629.860107421875,629.9400024414062,629.280029296875,629.5800170898438,1274545,6.445052957542707,-0.00047637526147426
2026-03-30 19:30:00+00:00,629.5850219726562,630.0599975585938,629.3499755859375,629.4500122070312,1529097,6.4448464416054385,-0.00020651593726839224
2026-03-30 19:35:00+00:00,629.469970703125,630.6998901367188,629.4500122070312,630.219970703125,1956735,6.446068918289694,0.001222476684255902
2026-03-30 19:40:00+00:00,630.22998046875,631.0800170898438,630.2100219726562,630.7349853515625,1246354,6.4468857828011545,0.0008168645114601247
2026-03-30 19:45:00+00:00,630.7299194335938,631.469970703125,630.6699829101562,631.0800170898438,1762823,6.447432664469566,0.0005468816684111033
2026-03-30 19:50:00+00:00,631.0900268554688,632.0999755859375,630.7899780273438,632.030029296875,2608009,6.4489369077283145,0.0015042432587488719
2026-03-30 19:55:00+00:00,632.02001953125,632.6401977539062,631.5,632.0,4914511,6.448889394146858,-4.751358145682616e-05
2026-03-31 13:30:00+00:00,638.9400024414062,639.77001953125,638.3099975585938,639.72998046875,6644232,6.461046181808965,0.012156787662107149
2026-03-31 13:35:00+00:00,639.72998046875,639.9099731445312,638.7899780273438,639.8991088867188,1352179,6.461310521562352,0.0002643397533867997
2026-03-31 13:40:00+00:00,639.8699951171875,640.530029296875,639.0999755859375,639.260009765625,1835887,6.460311272657423,-0.0009992489049288622
2026-03-31 13:45:00+00:00,639.2899780273438,641.8300170898438,639.280029296875,641.8200073242188,2028602,6.464307901957734,0.003996629300311305
2026-03-31 13:50:00+00:00,641.8200073242188,642.47998046875,641.280029296875,642.3400268554688,1656724,6.465117800328395,0.0008098983706608109
2026-03-31 13:55:00+00:00,642.3400268554688,642.7100219726562,641.3707275390625,642.6300048828125,1633587,6.465569138531006,0.00045133820261078483
2026-03-31 14:00:00+00:00,642.6400146484375,642.9500122070312,642.0599975585938,642.3800048828125,1525809,6.465180036498719,-0.0003891020322868144
2026-03-31 14:05:00+00:00,642.3599853515625,642.3800048828125,641.1099853515625,641.2150268554688,2080464,6.46336485598086,-0.0018151805178590052
2026-03-31 14:10:00+00:00,641.219970703125,641.97998046875,641.1300048828125,641.5,1362110,6.463809184055691,0.00044432807483119063
2026-03-31 14:15:00+00:00,641.489990234375,642.3599853515625,640.989990234375,641.969970703125,1410964,6.464541527990271,0.0007323439345796601
2026-03-31 14:20:00+00:00,641.97998046875,642.4400024414062,640.8900146484375,642.1799926757812,1030285,6.464868626819096,0.00032709882882553387
2026-03-31 14:25:00+00:00,642.1900024414062,642.7000122070312,641.8099975585938,642.5,876334,6.465366816769375,0.0004981899502789489
2026-03-31 14:30:00+00:00,642.47998046875,642.6500244140625,641.844970703125,642.2650146484375,885717,6.465001013915929,-0.0003658028534463398
2026-03-31 14:35:00+00:00,642.260009765625,642.4199829101562,640.8400268554688,641.0800170898438,1217626,6.46315428078327,-0.0018467331326590397
2026-03-31 14:40:00+00:00,641.0800170898438,641.510009765625,639.9600219726562,640.2515869140625,1473903,6.461861203661588,-0.0012930771216819181
2026-03-31 14:45:00+00:00,640.25,640.489990234375,639.369873046875,639.4099731445312,1305718,6.460545834165236,-0.0013153694963516926
2026-03-31 14:50:00+00:00,639.4099731445312,639.5399780273438,638.52001953125,638.6799926757812,1508809,6.459403535003757,-0.0011422991614793432
2026-03-31 14:55:00+00:00,638.6699829101562,638.8099975585938,637.97998046875,638.6799926757812,1554643,6.459403535003757,0.0
2026-03-31 15:00:00+00:00,638.6900024414062,640.1900024414062,638.6699829101562,639.969970703125,3643879,6.461421254476536,0.002017719472779511
2026-03-31 15:05:00+00:00,639.9600219726562,641.280029296875,639.8699951171875,640.5850219726562,1712726,6.462381855653907,0.0009606011773710676
2026-03-31 15:10:00+00:00,640.5700073242188,642.0399780273438,640.3300170898438,641.9450073242188,986082,6.464502641647582,0.002120785993674268
2026-03-31 15:15:00+00:00,641.9299926757812,642.2899780273438,641.510009765625,641.75,2036807,6.46419881975125,-0.00030382189633204604
2026-03-31 15:20:00+00:00,641.739990234375,641.780029296875,640.8800048828125,641.72998046875,1145733,6.464167624046516,-3.119570473408828e-05
2026-03-31 15:25:00+00:00,641.72998046875,641.9000244140625,640.52001953125,640.6799926757812,1039095,6.4625301008681495,-0.0016375231783660738
2026-03-31 15:30:00+00:00,640.6799926757812,640.75,639.9199829101562,640.7000122070312,1128973,6.462561347697624,3.12468294740853e-05
2026-03-31 15:35:00+00:00,640.6799926757812,641.2899780273438,640.6699829101562,640.9404296875,835258,6.462936519197258,0.0003751714996340638
2026-03-31 15:40:00+00:00,640.9588012695312,641.0800170898438,640.5399780273438,640.760009765625,746035,6.462654987073973,-0.00028153212328430044
2026-03-31 15:45:00+00:00,640.739990234375,640.760009765625,640.0999755859375,640.4149780273438,677065,6.462116369398933,-0.000538617675040598
2026-03-31 15:50:00+00:00,640.4099731445312,641.1900024414062,640.2249755859375,640.6300048828125,890967,6.462452074796255,0.0003357053973225277
2026-03-31 15:55:00+00:00,640.6306762695312,640.8099975585938,639.6900024414062,639.7899780273438,790168,6.461139963165386,-0.001312111630869417
2026-03-31 16:00:00+00:00,639.7899780273438,641.1799926757812,639.52001953125,640.594970703125,871724,6.462397386228106,0.001257423062719809
2026-03-31 16:05:00+00:00,640.5999755859375,641.6699829101562,640.5999755859375,641.3699951171875,795999,6.463606505867329,0.0012091196392232106
2026-03-31 16:10:00+00:00,641.3699951171875,641.4500122070312,640.4301147460938,641.27001953125,649855,6.4634506155395695,-0.00015589032775942258
2026-03-31 16:15:00+00:00,641.27001953125,641.9199829101562,641.27001953125,641.5,637733,6.463809184055691,0.00035856851612159346
2026-03-31 16:20:00+00:00,641.510009765625,642.4400024414062,641.4000244140625,642.4400024414062,726476,6.465273430994905,0.0014642469392143198
2026-03-31 16:25:00+00:00,642.4349975585938,642.6300048828125,641.9688110351562,642.1199951171875,1031974,6.464775194507008,-0.0004982364878971524
2026-03-31 16:30:00+00:00,642.1099853515625,642.1400146484375,641.7100219726562,641.9600219726562,544417,6.464526030680409,-0.00024916382659956327
2026-03-31 16:35:00+00:00,641.9600219726562,644.9400024414062,641.6500244140625,644.8699951171875,2160077,6.469048738522389,0.004522707841980278
2026-03-31 16:40:00+00:00,644.8900146484375,649.4600219726562,644.780029296875,647.0800170898438,7660251,6.472469960872205,0.003421222349816233
2026-03-31 16:45:00+00:00,647.0900268554688,647.97998046875,644.9000244140625,646.3099975585938,3363498,6.471279261062396,-0.001190699809809459
2026-03-31 16:50:00+00:00,646.3099975585938,647.8900146484375,645.1699829101562,646.3099975585938,2676335,6.471279261062396,0.0
2026-03-31 16:55:00+00:00,646.280029296875,646.760009765625,645.510009765625,646.6400146484375,1402801,6.471789748078746,0.0005104870163501474
2026-03-31 17:00:00+00:00,646.6599731445312,648.5499877929688,646.5700073242188,648.0599975585938,1872404,6.473983280891185,0.0021935328124387254
2026-03-31 17:05:00+00:00,648.0599975585938,648.1400146484375,645.4400024414062,646.47998046875,1630121,6.4715422317135065,-0.0024410491776780674
2026-03-31 17:10:00+00:00,646.47998046875,647.5900268554688,646.2999877929688,647.489990234375,1070996,6.4731033343567095,0.0015611026432029718
2026-03-31 17:15:00+00:00,647.5,648.510009765625,647.469970703125,648.2999877929688,975688,6.474353533351656,0.0012501989949464942
2026-03-31 17:20:00+00:00,648.3099975585938,648.4400024414062,647.6599731445312,647.85498046875,771442,6.473666875733392,-0.0006866576182638084
2026-03-31 17:25:00+00:00,647.8599853515625,647.9500122070312,646.7899780273438,647.0,1201706,6.472346294500901,-0.0013205812324912358
2026-03-31 17:30:00+00:00,647.030029296875,648.2999877929688,646.9500122070312,648.1300048828125,884269,6.474091301048962,0.001745006548061312
2026-03-31 17:35:00+00:00,648.1199951171875,648.4099731445312,646.2000122070312,646.8699951171875,2867763,6.472145339406895,-0.0019459616420673953
2026-03-31 17:40:00+00:00,646.8400268554688,647.47998046875,646.2999877929688,646.7100219726562,1372167,6.471898005429509,-0.0002473339773860772
2026-03-31 17:45:00+00:00,646.719970703125,647.5499877929688,646.4500122070312,647.136474609375,1037735,6.47255720673861,0.0006592013091015758
2026-03-31 17:50:00+00:00,647.1799926757812,647.489990234375,646.8900146484375,647.2000122070312,636007,6.472655384605578,9.817786696775244e-05
2026-03-31 17:55:00+00:00,647.2000122070312,647.22998046875,646.1400146484375,646.4149780273438,1259606,6.471441678391624,-0.0012137062139538912
2026-03-31 18:00:00+00:00,646.4099731445312,647.6099853515625,646.3900146484375,647.0,1082244,6.472346294500901,0.0009046161092767235
2026-03-31 18:05:00+00:00,647.010009765625,647.9299926757812,646.97998046875,647.6599731445312,1212339,6.473365825830189,0.0010195313292884478
2026-03-31 18:10:00+00:00,647.6599731445312,647.7000122070312,646.8300170898438,647.489990234375,711082,6.4731033343567095,-0.00026249147347989776
2026-03-31 18:15:00+00:00,647.469970703125,648.1300048828125,647.4400024414062,647.8200073242188,969522,6.473612891293051,0.0005095569363415819
2026-03-31 18:20:00+00:00,647.8300170898438,647.8900146484375,647.2000122070312,647.2899780273438,548884,6.472794382699246,-0.0008185085938050563
2026-03-31 18:25:00+00:00,647.3099975585938,648.239990234375,646.969970703125,647.7050170898438,1119319,6.473435372167585,0.0006409894683390149
2026-03-31 18:30:00+00:00,647.7000122070312,647.8699951171875,647.2000122070312,647.5599975585938,918069,6.473211449603143,-0.00022392256444181413
2026-03-31 18:35:00+00:00,647.5599975585938,648.6599731445312,647.4199829101562,648.280029296875,1086448,6.474322746981618,0.001111297378474596
2026-03-31 18:40:00+00:00,648.2896728515625,648.3300170898438,647.6300048828125,647.9749755859375,1008211,6.473852077683648,-0.00047066929796990564
2026-03-31 18:45:00+00:00,647.989990234375,648.7050170898438,647.8900146484375,648.3193969726562,1454868,6.474383471481406,0.0005313937977584615
2026-03-31 18:50:00+00:00,648.3300170898438,648.9000244140625,648.2899780273438,648.6799926757812,926126,6.474939517560215,0.0005560460788087696
2026-03-31 18:55:00+00:00,648.6799926757812,648.8800048828125,648.510009765625,648.6400146484375,654743,6.474877885846944,-6.163171327155936e-05
2026-03-31 19:00:00+00:00,648.6400146484375,649.1699829101562,648.5775146484375,648.940185546875,806216,6.475340548430339,0.00046266258339500155
2026-03-31 19:05:00+00:00,648.9400024414062,648.9600219726562,648.0,648.2999877929688,1387707,6.474353533351656,-0.000987015078682596
2026-03-31 19:10:00+00:00,648.2899780273438,649.22998046875,648.260009765625,649.0700073242188,2015070,6.475540580415434,0.001187047063777591
2026-03-31 19:15:00+00:00,649.0800170898438,649.6400146484375,648.9500122070312,649.25,1230140,6.475817850542858,0.0002772701274240674
2026-03-31 19:20:00+00:00,649.2520141601562,649.9099731445312,649.1699829101562,649.6199951171875,1300723,6.476387569034449,0.0005697184915911535
2026-03-31 19:25:00+00:00,649.6199951171875,649.6699829101562,649.1500244140625,649.4019775390625,1492247,6.476051904842832,-0.00033566419161701333
2026-03-31 19:30:00+00:00,649.4199829101562,650.02001953125,649.3499755859375,649.7100219726562,1425123,6.476526143306463,0.0004742384636315933
2026-03-31 19:35:00+00:00,649.719970703125,650.6099853515625,649.6599731445312,650.4500122070312,2283949,6.477664449814624,0.0011383065081602695
2026-03-31 19:40:00+00:00,650.4600219726562,650.6099853515625,649.8350219726562,650.177978515625,1884115,6.4772461385106785,-0.00041831130394509586
2026-03-31 19:45:00+00:00,650.1699829101562,651.0499877929688,649.969970703125,650.8699951171875,2917661,6.478309921984995,0.0010637834743167929
2026-03-31 19:50:00+00:00,650.8800048828125,651.5399780273438,649.6900024414062,649.905029296875,5810595,6.476826243440717,-0.0014836785442779998
2026-03-31 19:55:00+00:00,649.9000244140625,650.739990234375,649.3200073242188,650.239990234375,10625849,6.477341510491514,0.0005152670507966306
2026-04-01 13:30:00+00:00,653.9000244140625,655.4199829101562,653.489990234375,654.989990234375,9247983,6.484619953433556,0.0072784429420416075
2026-04-01 13:35:00+00:00,654.97998046875,656.0499877929688,654.5800170898438,655.8350219726562,1885738,6.485909266419609,0.0012893129860538366
2026-04-01 13:40:00+00:00,655.839111328125,655.8599853515625,653.3599853515625,653.969970703125,2491018,6.483061434046933,-0.0028478323726766064
2026-04-01 13:45:00+00:00,653.9500122070312,654.489990234375,653.0,653.22998046875,1946245,6.481929257882519,-0.0011321761644138562
2026-04-01 13:50:00+00:00,653.22998046875,654.8590087890625,653.02001953125,653.9299926757812,1541117,6.483000300889236,0.0010710430067168986
2026-04-01 13:55:00+00:00,653.9500122070312,654.5800170898438,653.6500244140625,654.2899780273438,873557,6.483550644667362,0.0005503437781264608
2026-04-01 14:00:00+00:00,654.2999877929688,655.1799926757812,653.8900146484375,654.6500244140625,1234742,6.4841007789670675,0.000550134299705185
2026-04-01 14:05:00+00:00,654.6699829101562,655.280029296875,653.9600219726562,654.7999877929688,1138587,6.484329826854599,0.00022904788753130845
2026-04-01 14:10:00+00:00,654.7899780273438,654.9199829101562,654.0,654.5900268554688,1009984,6.484009126472053,-0.0003207003825460575
2026-04-01 14:15:00+00:00,654.5599975585938,655.02001953125,654.2399291992188,654.72998046875,766692,6.484222907080356,0.0002137806083029048
2026-04-01 14:20:00+00:00,654.719970703125,655.469970703125,654.239990234375,654.6199951171875,1323801,6.484054907150815,-0.00016799992954030785
2026-04-01 14:25:00+00:00,654.5999755859375,655.0900268554688,654.3499755859375,655.030029296875,1237590,6.484681080839115,0.0006261736882997582
2026-04-01 14:30:00+00:00,655.030029296875,655.594970703125,654.4199829101562,654.530029296875,1218855,6.483917465576089,-0.0007636152630263737
2026-04-01 14:35:00+00:00,654.530029296875,656.2899780273438,653.5800170898438,655.489990234375,1645496,6.485383032659052,0.0014655670829633038
2026-04-01 14:40:00+00:00,655.489990234375,656.0399780273438,654.5,655.6500244140625,1319600,6.485627147213858,0.00024411455480599642
2026-04-01 14:45:00+00:00,655.6400146484375,656.3599853515625,655.02001953125,656.1799926757812,885427,6.486435130387968,0.0008079831741101273
2026-04-01 14:50:00+00:00,656.1900024414062,656.8499755859375,655.739990234375,656.52197265625,1015825,6.4869561625753756,0.0005210321874073998
2026-04-01 14:55:00+00:00,656.52001953125,656.77001953125,656.1710205078125,656.5,1425345,6.486922693742851,-3.3468832524974346e-05
2026-04-01 15:00:00+00:00,656.5,656.9299926757812,656.3099975585938,656.5800170898438,1028840,6.487044570686984,0.00012187694413334782
2026-04-01 15:05:00+00:00,656.5850219726562,657.0700073242188,656.3699951171875,656.969970703125,789690,6.487638310747676,0.0005937400606921273
2026-04-01 15:10:00+00:00,656.969970703125,657.010009765625,656.52001953125,656.6099853515625,775601,6.487090212614913,-0.0005480981327634638
2026-04-01 15:15:00+00:00,656.6199951171875,656.9400024414062,656.469970703125,656.9400024414062,589429,6.487592693829719,0.0005024812148066715
2026-04-01 15:20:00+00:00,656.905029296875,657.030029296875,656.489990234375,656.6749877929688,601888,6.487189204749581,-0.00040348908013854157
2026-04-01 15:25:00+00:00,656.6699829101562,656.9400024414062,656.3300170898438,656.3300170898438,744043,6.486663737276449,-0.0005254674731318687
2026-04-01 15:30:00+00:00,656.3300170898438,656.6599731445312,655.9299926757812,656.5050048828125,834219,6.486930317297665,0.00026658002121582314
2026-04-01 15:35:00+00:00,656.510009765625,657.3400268554688,656.469970703125,657.0996704101562,812488,6.487835712321222,0.0009053950235573538
2026-04-01 15:40:00+00:00,657.0900268554688,657.280029296875,656.6699829101562,657.2100219726562,484886,6.488003635548752,0.00016792322753023115
2026-04-01 15:45:00+00:00,657.219970703125,657.47998046875,657.02001953125,657.2100219726562,569006,6.488003635548752,0.0
2026-04-01 15:50:00+00:00,657.2100219726562,657.6099853515625,657.0499877929688,657.5,512289,6.48844476405192,0.000441128503167576
2026-04-01 15:55:00+00:00,657.4949951171875,658.094970703125,657.469970703125,657.8200073242188,1194926,6.48893134880506,0.00048658475314056204
2026-04-01 16:00:00+00:00,657.8150024414062,658.0,657.5999755859375,657.9000244140625,610841,6.48905298120103,0.00012163239596940656
2026-04-01 16:05:00+00:00,657.9099731445312,658.089599609375,657.6699829101562,657.9749755859375,501351,6.489166899577708,0.00011391837667851235
2026-04-01 16:10:00+00:00,657.989990234375,658.0150146484375,657.4400024414062,657.5599975585938,894945,6.488536010928483,-0.0006308886492254473
2026-04-01 16:15:00+00:00,657.5700073242188,657.9199829101562,657.4000244140625,657.8250122070312,607750,6.488938957062209,0.0004029461337262674
2026-04-01 16:20:00+00:00,657.8300170898438,657.8300170898438,657.4099731445312,657.4199829101562,594176,6.488323057650036,-0.0006158994121729933
2026-04-01 16:25:00+00:00,657.4299926757812,657.5800170898438,657.1199951171875,657.1749877929688,687313,6.487950326694139,-0.0003727309558971825
2026-04-01 16:30:00+00:00,657.1849975585938,657.4400024414062,656.8400268554688,657.4299926757812,913747,6.48833828336523,0.00038795667109070564
2026-04-01 16:35:00+00:00,657.4299926757812,657.739990234375,657.4299926757812,657.5900268554688,474282,6.488581677652922,0.00024339428769248883
2026-04-01 16:40:00+00:00,657.5800170898438,657.9199829101562,657.5349731445312,657.8699951171875,473305,6.4890073359949,0.00042565834197816343
2026-04-01 16:45:00+00:00,657.8699951171875,657.9299926757812,657.5850219726562,657.75,432545,6.488824919920402,-0.00018241607449809294
2026-04-01 16:50:00+00:00,657.739990234375,657.9299926757812,657.6900024414062,657.8499755859375,376494,6.488976904699948,0.00015198477954569967
2026-04-01 16:55:00+00:00,657.8400268554688,657.969970703125,657.6699829101562,657.8099975585938,397503,6.4889161321171045,-6.07725828434269e-05
2026-04-01 17:00:00+00:00,657.8200073242188,658.3800048828125,657.7000732421875,658.3099975585938,1482147,6.489675941292422,0.0007598091753173719
2026-04-01 17:05:00+00:00,658.2999877929688,658.4949951171875,658.2199096679688,658.3200073242188,489305,6.489691146423079,1.5205130656781307e-05
2026-04-01 17:10:00+00:00,658.3200073242188,658.4849853515625,658.2105102539062,658.35498046875,345535,6.4897442698512045,5.312342812580084e-05
2026-04-01 17:15:00+00:00,658.3599853515625,658.4299926757812,658.1400146484375,658.3250122070312,465458,6.489698748901709,-4.552094949517027e-05
2026-04-01 17:20:00+00:00,658.3300170898438,658.52001953125,658.2249755859375,658.4450073242188,440023,6.489881005659897,0.00018225675818772658
2026-04-01 17:25:00+00:00,658.4500122070312,658.4600219726562,658.239990234375,658.2999877929688,440384,6.489660735930566,-0.00022026972933097966
2026-04-01 17:30:00+00:00,658.3099975585938,658.4400024414062,657.9000244140625,657.9349975585938,542455,6.489106138540598,-0.0005545973899678813
2026-04-01 17:35:00+00:00,657.9400024414062,658.22998046875,657.7999267578125,658.0800170898438,550298,6.489326530451363,0.00022039191076483888
2026-04-01 17:40:00+00:00,658.0800170898438,658.25,657.72998046875,657.9000244140625,423899,6.48905298120103,-0.00027354925033318267
2026-04-01 17:45:00+00:00,657.9000244140625,658.0269775390625,657.5250244140625,657.625,546837,6.488634860050971,-0.0004181211500586812
2026-04-01 17:50:00+00:00,657.6300048828125,657.7949829101562,657.4299926757812,657.5499877929688,541905,6.488520788223559,-0.00011407182741240973
2026-04-01 17:55:00+00:00,657.5499877929688,657.64501953125,656.77001953125,656.7899780273438,1032720,6.487364299232739,-0.0011564889908193265
2026-04-01 18:00:00+00:00,656.7899780273438,656.9400024414062,655.655029296875,655.9600219726562,1750532,6.486099844972189,-0.0012644542605499964
2026-04-01 18:05:00+00:00,655.9500122070312,656.4000244140625,655.8499755859375,656.1098022460938,934794,6.486328156410077,0.00022831143788781816
2026-04-01 18:10:00+00:00,656.0999755859375,656.3900146484375,655.8800048828125,655.905029296875,1005832,6.486016006050251,-0.00031215035982601336
2026-04-01 18:15:00+00:00,655.9000244140625,655.9000244140625,654.5399780273438,654.9749755859375,1366746,6.484597029693105,-0.0014189763571463843
2026-04-01 18:20:00+00:00,654.97998046875,655.22998046875,653.9099731445312,654.1300048828125,1328568,6.483306115926717,-0.0012909137663879022
2026-04-01 18:25:00+00:00,654.1300048828125,654.7999877929688,653.8300170898438,654.22998046875,1289684,6.483458941734982,0.0001528258082652556
2026-04-01 18:30:00+00:00,654.2249755859375,654.5399780273438,653.9000244140625,654.0050048828125,1114150,6.483115004153929,-0.00034393758105277783
2026-04-01 18:35:00+00:00,654.010009765625,654.77001953125,653.6669921875,654.4600219726562,1436769,6.4838105017008205,0.0006954975468911329
2026-04-01 18:40:00+00:00,654.4500122070312,655.5,654.4299926757812,654.8599853515625,1276264,6.4844214499626815,0.0006109482618610329
2026-04-01 18:45:00+00:00,654.8599853515625,654.97998046875,654.2899780273438,654.64501953125,1596761,6.484093133810483,-0.0003283161521983047
2026-04-01 18:50:00+00:00,654.6500244140625,654.7899780273438,654.1599731445312,654.5700073242188,725423,6.483978542692028,-0.00011459111845546488
2026-04-01 18:55:00+00:00,654.5599975585938,654.5999755859375,654.1300048828125,654.4099731445312,676012,6.483734025307694,-0.0002445173843339532
2026-04-01 19:00:00+00:00,654.3900146484375,655.0900268554688,654.2550048828125,654.8099975585938,920526,6.484345113490677,0.000611088182982833
2026-04-01 19:05:00+00:00,654.7999877929688,655.3643188476562,654.7949829101562,655.1699829101562,888493,6.484894717860196,0.0005496043695192299
2026-04-01 19:10:00+00:00,655.1699829101562,655.280029296875,654.8200073242188,655.1900024414062,729791,6.4849252736333804,3.05557731845596e-05
2026-04-01 19:15:00+00:00,655.1900024414062,655.6300048828125,654.969970703125,655.5650024414062,840451,6.485497462957601,0.000572189324220318
2026-04-01 19:20:00+00:00,655.5700073242188,655.7899780273438,655.280029296875,655.6950073242188,835720,6.485695752972198,0.00019829001459736872
2026-04-01 19:25:00+00:00,655.6950073242188,656.340087890625,655.6699829101562,656.0999755859375,1217784,6.486313179139945,0.0006174261677465154
2026-04-01 19:30:00+00:00,656.0999755859375,656.3499755859375,655.6599731445312,656.02001953125,1337082,6.486191306056562,-0.00012187308338251768
2026-04-01 19:35:00+00:00,656.0499877929688,656.3800048828125,655.739990234375,656.2100219726562,1966527,6.486480893151392,0.0002895870948300683
2026-04-01 19:40:00+00:00,656.219970703125,656.75,656.114990234375,656.155029296875,1064024,6.486397086171375,-8.380698001708708e-05
2026-04-01 19:45:00+00:00,656.1500244140625,656.3400268554688,655.869873046875,655.97998046875,2093720,6.4861302709002935,-0.00026681527108163294
2026-04-01 19:50:00+00:00,656.0,656.1199951171875,655.030029296875,655.260009765625,2705269,6.4850321183411275,-0.0010981525591660102
2026-04-01 19:55:00+00:00,655.25,655.510009765625,654.719970703125,655.1799926757812,4245666,6.484909995863495,-0.00012212247763265793
2026-04-02 13:30:00+00:00,646.4199829101562,647.469970703125,646.2899780273438,647.0946044921875,4335174,6.4724925040469845,-0.012417491816510307
2026-04-02 13:35:00+00:00,647.1199951171875,647.135009765625,645.3200073242188,645.3499755859375,1337215,6.469792767450465,-0.002699736596519564
2026-04-02 13:40:00+00:00,645.3499755859375,646.4600219726562,645.1099853515625,645.6900024414062,1063395,6.4703195162252785,0.0005267487748135125
2026-04-02 13:45:00+00:00,645.7100219726562,647.4000244140625,645.4299926757812,647.0399780273438,1090083,6.472408082433322,0.002088566208043652
2026-04-02 13:50:00+00:00,647.0499877929688,648.9299926757812,646.8900146484375,648.6300048828125,1175061,6.474862453800455,0.0024543713671327794
2026-04-02 13:55:00+00:00,648.6300048828125,649.8900146484375,648.3400268554688,649.6300048828125,1184002,6.476402977563407,0.0015405237629524393
2026-04-02 14:00:00+00:00,649.64501953125,650.0982055664062,648.780029296875,649.0399780273438,1473231,6.475494314232723,-0.0009086633306845115
2026-04-02 14:05:00+00:00,649.02001953125,650.52001953125,648.5499877929688,649.8400268554688,1279942,6.476726220068976,0.0012319058362528779
2026-04-02 14:10:00+00:00,649.8300170898438,650.4600219726562,649.4201049804688,649.6400146484375,878001,6.476418385854948,-0.00030783421402791333
2026-04-02 14:15:00+00:00,649.6199951171875,650.77001953125,649.520751953125,650.2999877929688,980066,6.477433776103721,0.0010153902487735067
2026-04-02 14:20:00+00:00,650.2899780273438,651.0999755859375,650.22998046875,650.7100219726562,948739,6.4780641082152135,0.0006303321114922156
2026-04-02 14:25:00+00:00,650.719970703125,650.780029296875,650.010009765625,650.3400268554688,751131,6.477495344350218,-0.0005687638649956028
2026-04-02 14:30:00+00:00,650.3499755859375,652.3800048828125,650.0999755859375,652.2000122070312,974111,6.480351282071918,0.002855937721699675
2026-04-02 14:35:00+00:00,652.2100219726562,658.2000122070312,652.1699829101562,656.4500122070312,4539504,6.4868465479756425,0.006495265903724956
2026-04-02 14:40:00+00:00,656.4099731445312,656.6099853515625,654.3300170898438,656.0499877929688,1865682,6.4862369869448635,-0.0006095610307790267
2026-04-02 14:45:00+00:00,656.0399780273438,656.2899780273438,654.0700073242188,654.1199951171875,1272764,6.483290813399485,-0.0029461735453786275
2026-04-02 14:50:00+00:00,654.1300048828125,654.969970703125,653.3699951171875,654.7050170898438,1064986,6.484184778606692,0.0008939652072070814
2026-04-02 14:55:00+00:00,654.6900024414062,656.0,654.5999755859375,655.3900146484375,735858,6.485230500641234,0.001045722034541896
2026-04-02 15:00:00+00:00,655.3900146484375,655.47998046875,653.8200073242188,655.010009765625,1022709,6.484650517603406,-0.0005799830378281357
2026-04-02 15:05:00+00:00,654.989990234375,655.1500244140625,654.0800170898438,654.843017578125,625550,6.484395539090674,-0.00025497851273215133
2026-04-02 15:10:00+00:00,654.8499755859375,655.9299926757812,654.5999755859375,655.25,632741,6.485016842203516,0.000621303112842142
2026-04-02 15:15:00+00:00,655.26123046875,655.780029296875,654.6900024414062,655.1900024414062,706186,6.4849252736333804,-9.156857013525865e-05
2026-04-02 15:20:00+00:00,655.1799926757812,655.22998046875,653.9199829101562,654.7000122070312,669959,6.484177134092274,-0.0007481395411064184
2026-04-02 15:25:00+00:00,654.6799926757812,655.7100219726562,654.0,655.2899780273438,798655,6.485077852211644,0.0009007181193698699
2026-04-02 15:30:00+00:00,655.3200073242188,655.4199829101562,654.3200073242188,654.9656982421875,476572,6.484582865168046,-0.0004949870435977388
2026-04-02 15:35:00+00:00,654.97998046875,655.889404296875,654.8300170898438,655.2100219726562,442483,6.4849558284729385,0.00037296330489233753
2026-04-02 15:40:00+00:00,655.1900024414062,655.409912109375,654.260009765625,655.219970703125,459943,6.484971012390469,1.5183917530414703e-05
2026-04-02 15:45:00+00:00,655.219970703125,655.2398071289062,654.0900268554688,654.1599731445312,447248,6.4833519288003565,-0.0016190835901124245
2026-04-02 15:50:00+00:00,654.1799926757812,654.62939453125,653.0300903320312,654.469970703125,922434,6.483825703018729,0.00047377421837246914
2026-04-02 15:55:00+00:00,654.4500122070312,654.7550048828125,653.7630004882812,654.0,713738,6.483107351457199,-0.0007183515615301062
2026-04-02 16:00:00+00:00,653.9849853515625,654.6699829101562,653.5900268554688,653.77001953125,421113,6.482755637520213,-0.0003517139369861866
2026-04-02 16:05:00+00:00,653.77001953125,654.1099853515625,652.7999877929688,653.5800170898438,432507,6.482464969470461,-0.00029066804975208527
2026-04-02 16:10:00+00:00,653.5800170898438,653.739990234375,653.030029296875,653.38818359375,346307,6.4821714145127025,-0.0002935549577580687
2026-04-02 16:15:00+00:00,653.3800048828125,653.6500244140625,652.4600219726562,652.5,521906,6.480811139196849,-0.0013602753158536984
2026-04-02 16:20:00+00:00,652.489990234375,653.0900268554688,652.1699829101562,652.5499877929688,568159,6.480887745906876,7.660671002707176e-05
2026-04-02 16:25:00+00:00,652.5399780273438,653.25,652.3300170898438,652.719970703125,455083,6.481148202236252,0.00026045632937599095
2026-04-02 16:30:00+00:00,652.7100219726562,654.0,652.52001953125,653.5700073242188,442600,6.482449654066049,0.001301451829797351
2026-04-02 16:35:00+00:00,653.5599975585938,653.843994140625,652.5650024414062,653.280029296875,566358,6.482005872417081,-0.000443781648968411
2026-04-02 16:40:00+00:00,653.219970703125,654.9500122070312,653.2100219726562,654.22998046875,708811,6.483458941734982,0.0014530693179013454
2026-04-02 16:45:00+00:00,654.27001953125,654.5599975585938,653.9500122070312,654.27001953125,278319,6.483520140149216,6.11984142340205e-05
2026-04-02 16:50:00+00:00,654.27001953125,654.5800170898438,653.8900146484375,654.3499145507812,781347,6.483642245915069,0.00012210576585314215
2026-04-02 16:55:00+00:00,654.3150024414062,654.3150024414062,653.5399780273438,653.5599975585938,201078,6.482434338427073,-0.0012079074879967067
2026-04-02 17:00:00+00:00,653.5700073242188,653.9400024414062,653.030029296875,653.8099975585938,300878,6.482816785636326,0.00038244720925373343
2026-04-02 17:05:00+00:00,653.7899780273438,654.0,653.5,653.77001953125,175779,6.482755637520213,-6.114811611368509e-05
2026-04-02 17:10:00+00:00,653.7899780273438,654.6099853515625,653.4099731445312,654.3599853515625,256705,6.48365763634007,0.0009019988198577522
2026-04-02 17:15:00+00:00,654.3400268554688,655.030029296875,654.260009765625,654.6099853515625,278976,6.48403961607778,0.00038197973770959237
2026-04-02 17:20:00+00:00,654.5700073242188,655.0,654.4144287109375,654.8400268554688,267716,6.4843909719968735,0.00035135591909352115
2026-04-02 17:25:00+00:00,654.8800048828125,655.0399780273438,654.5723266601562,654.6300048828125,194336,6.484070197990036,-0.0003207740068376097
2026-04-02 17:30:00+00:00,654.6500244140625,654.75,654.1699829101562,654.2999877929688,613069,6.483565943219066,-0.0005042547709699363
2026-04-02 17:35:00+00:00,654.2999877929688,654.35498046875,653.9500122070312,654.2899780273438,209726,6.483550644667362,-1.5298551703679664e-05
2026-04-02 17:40:00+00:00,654.280029296875,654.4199829101562,653.7999877929688,654.22998046875,248873,6.483458941734982,-9.170293238014438e-05
2026-04-02 17:45:00+00:00,654.25,654.2999877929688,652.6900024414062,652.77001953125,449528,6.481224876632109,-0.0022340651028729397
2026-04-02 17:50:00+00:00,652.760009765625,653.260009765625,652.5499877929688,653.22998046875,385707,6.481929257882519,0.0007043812504097247
2026-04-02 17:55:00+00:00,653.239990234375,653.4749755859375,652.8599853515625,653.210205078125,263347,6.481898984180217,-3.027370230235249e-05
2026-04-02 18:00:00+00:00,653.239990234375,653.9199829101562,653.239990234375,653.9000244140625,468835,6.48295447190331,0.0010554877230930515
2026-04-02 18:05:00+00:00,653.905029296875,654.4180297851562,653.719970703125,654.0097045898438,443465,6.483122190169495,0.00016771826618544594
2026-04-02 18:10:00+00:00,653.989990234375,654.3400268554688,653.8099975585938,653.9000244140625,424549,6.48295447190331,-0.00016771826618544594
2026-04-02 18:15:00+00:00,653.9099731445312,654.239990234375,653.5900268554688,653.989990234375,344297,6.483092045888043,0.00013757398473313032
2026-04-02 18:20:00+00:00,653.97998046875,654.0900268554688,653.6599731445312,653.6699829101562,214384,6.4826026108098445,-0.0004894350781983192
2026-04-02 18:25:00+00:00,653.6599731445312,653.739990234375,653.3599853515625,653.510009765625,366261,6.482357850109365,-0.0002447607004798513
2026-04-02 18:30:00+00:00,653.5,653.8400268554688,653.3900146484375,653.719970703125,415381,6.482679080409224,0.0003212302998596428
2026-04-02 18:35:00+00:00,653.6900024414062,653.8099975585938,653.4199829101562,653.5700073242188,378138,6.482449654066049,-0.00022942634317502097
2026-04-02 18:40:00+00:00,653.5399780273438,654.5399780273438,653.52001953125,654.3400268554688,487413,6.483627135085529,0.0011774810194795648
2026-04-02 18:45:00+00:00,654.3099975585938,654.6500244140625,654.219970703125,654.4998779296875,492404,6.483871398840675,0.0002442637551460791
2026-04-02 18:50:00+00:00,654.4945068359375,655.0150146484375,654.3200073242188,654.6901245117188,637874,6.484162031343238,0.0002906325025628931
2026-04-02 18:55:00+00:00,654.719970703125,654.72998046875,654.3499755859375,654.4600219726562,399408,6.4838105017008205,-0.0003515296424172476
2026-04-02 19:00:00+00:00,654.4600219726562,654.8499755859375,654.3900146484375,654.530029296875,433586,6.483917465576089,0.00010696387526820672
2026-04-02 19:05:00+00:00,654.530029296875,654.9099731445312,654.5,654.8300170898438,427402,6.484375686061807,0.00045822048571864116
2026-04-02 19:10:00+00:00,654.8499755859375,655.27001953125,654.6400146484375,654.72998046875,539132,6.484222907080356,-0.00015277898145171775
2026-04-02 19:15:00+00:00,654.739990234375,654.8599853515625,654.280029296875,654.5401000976562,623866,6.483932851765958,-0.0002900553143980744
2026-04-02 19:20:00+00:00,654.5449829101562,654.8499755859375,654.1400146484375,654.4500122070312,2124081,6.483795206890079,-0.0001376448758785287
2026-04-02 19:25:00+00:00,654.4500122070312,654.489990234375,654.1300048828125,654.3798828125,463039,6.4836880433925685,-0.00010716349751049847
2026-04-02 19:30:00+00:00,654.3699951171875,654.6199951171875,654.0900268554688,654.3099975585938,445079,6.483581241536727,-0.00010680185584188706
2026-04-02 19:35:00+00:00,654.2901000976562,654.780029296875,654.280029296875,654.760009765625,492285,6.48426877119097,0.0006875296542432352
2026-04-02 19:40:00+00:00,654.75,655.010009765625,654.3590087890625,654.3889770507812,564221,6.4837019407866165,-0.0005668304043533468
2026-04-02 19:45:00+00:00,654.3900146484375,654.6599731445312,654.1799926757812,654.5900268554688,778658,6.484009126472053,0.0003071856854361954
2026-04-02 19:50:00+00:00,654.6099853515625,655.6099853515625,654.5999755859375,655.469970703125,1852755,6.485352490870061,0.0013433643980080845
2026-04-02 19:55:00+00:00,655.461181640625,656.0999755859375,655.3499755859375,655.8800048828125,3831162,6.485977852826341,0.0006253619562803792
2026-04-06 13:30:00+00:00,655.8599853515625,657.4199829101562,655.7999877929688,657.3699951171875,2579032,6.488247018444036,0.002269165617694746
2026-04-06 13:35:00+00:00,657.3599853515625,657.9099731445312,655.52001953125,656.59521484375,956946,6.487067717261086,-0.0011793011829501765
2026-04-06 13:40:00+00:00,656.5599975585938,657.2899780273438,655.8900146484375,656.7550048828125,593564,6.487311049218474,0.0002433319573880155
2026-04-06 13:45:00+00:00,656.760009765625,657.8400268554688,656.6900024414062,657.0800170898438,553723,6.487805802681771,0.0004947534632968598
2026-04-06 13:50:00+00:00,657.0999755859375,657.9500122070312,656.8599853515625,657.5750122070312,512242,6.488558844551384,0.0007530418696131136
2026-04-06 13:55:00+00:00,657.6099853515625,658.5499877929688,657.280029296875,658.530029296875,406501,6.490010122720449,0.0014512781690649845
2026-04-06 14:00:00+00:00,657.9299926757812,659.719970703125,656.3400268554688,656.4400024414062,996129,6.486831299530588,-0.0031788231898604025
2026-04-06 14:05:00+00:00,656.4099731445312,657.219970703125,656.030029296875,657.1651000976562,826907,6.487935280823738,0.0011039812931494808
2026-04-06 14:10:00+00:00,657.1599731445312,658.114990234375,656.4199829101562,658.0599975585938,554697,6.489296108868509,0.001360828044771445
2026-04-06 14:15:00+00:00,658.0800170898438,658.5399780273438,657.5800170898438,658.2849731445312,598174,6.489637927454267,0.0003418185857579914
2026-04-06 14:20:00+00:00,658.280029296875,658.97998046875,658.260009765625,658.630126953125,385918,6.4901621128272975,0.0005241853730302282
2026-04-06 14:25:00+00:00,658.6699829101562,658.7899780273438,658.1599731445312,658.3699951171875,346483,6.489767075902151,-0.00039503692514664124
2026-04-06 14:30:00+00:00,658.4299926757812,659.0599975585938,658.239990234375,658.4500122070312,418981,6.48988860669527,0.0001215307931188292
2026-04-06 14:35:00+00:00,658.469970703125,658.8800048828125,656.771484375,657.0999755859375,994120,6.487836176749564,-0.002052429945705647
2026-04-06 14:40:00+00:00,657.0800170898438,658.3400268554688,657.010009765625,657.6799926757812,581137,6.488718479707431,0.0008823029578666208
2026-04-06 14:45:00+00:00,657.6599731445312,657.6699829101562,656.6199951171875,656.7756958007812,375107,6.487342553496157,-0.0013759262112733595
2026-04-06 14:50:00+00:00,656.8099975585938,657.5900268554688,656.760009765625,657.3200073242188,428466,6.488170973455635,0.0008284199594781327
2026-04-06 14:55:00+00:00,657.3400268554688,657.905029296875,656.989990234375,657.489990234375,328373,6.488429539957897,0.0002585665022616368
2026-04-06 15:00:00+00:00,657.510009765625,658.0399780273438,657.0900268554688,657.5399780273438,300141,6.4885055652869,7.602532900286008e-05
2026-04-06 15:05:00+00:00,657.5399780273438,657.8300170898438,657.0900268554688,657.739990234375,471884,6.488809701612852,0.00030413632595216455
2026-04-06 15:10:00+00:00,657.72998046875,657.739990234375,657.0399780273438,657.4901123046875,307709,6.4884297256189765,-0.0003799759938756253
2026-04-06 15:15:00+00:00,657.52001953125,657.7100219726562,657.1400146484375,657.3455200195312,221942,6.48820978590608,-0.0002199397128963554
2026-04-06 15:20:00+00:00,657.3599853515625,657.5700073242188,656.9149780273438,657.030029296875,199325,6.487729724132443,-0.0004800617736373525
2026-04-06 15:25:00+00:00,657.02001953125,657.2000122070312,656.6599731445312,656.9249877929688,240086,6.487569838135185,-0.00015988599725780261
2026-04-06 15:30:00+00:00,656.9299926757812,657.0650024414062,656.3800048828125,656.8900146484375,292973,6.487516599065035,-5.3239070149757595e-05
2026-04-06 15:35:00+00:00,656.9000244140625,657.1300048828125,656.3400268554688,656.9749755859375,298831,6.4876459288489166,0.00012932978388136007
2026-04-06 15:40:00+00:00,656.969970703125,657.1812133789062,656.7100219726562,657.0999755859375,178011,6.487836176749564,0.00019024790064747776
2026-04-06 15:45:00+00:00,657.0900268554688,657.5999755859375,656.9249877929688,657.4699096679688,227334,6.488398998241135,0.0005628214915711638
2026-04-06 15:50:00+00:00,657.469970703125,657.969970703125,657.260009765625,657.8800048828125,323719,6.489022551295109,0.0006235530539742129
2026-04-06 15:55:00+00:00,657.9099731445312,657.9099731445312,657.4699096679688,657.8499755859375,282269,6.488976904699948,-4.564659516148595e-05
2026-04-06 16:00:00+00:00,657.8679809570312,658.0399780273438,657.4000244140625,657.4650268554688,411248,6.488391571542879,-0.0005853331570691012
2026-04-06 16:05:00+00:00,657.469970703125,657.75,657.280029296875,657.2899780273438,136662,6.4881252879714015,-0.0002662835714772882
2026-04-06 16:10:00+00:00,657.2999877929688,657.6900024414062,657.2000122070312,657.6192016601562,117458,6.48862604292053,0.0005007549491287122
2026-04-06 16:15:00+00:00,657.6500244140625,657.8200073242188,657.4099731445312,657.5800170898438,129397,6.4885664556431575,-5.958727737276348e-05
2026-04-06 16:20:00+00:00,657.5800170898438,657.9000244140625,657.4100952148438,657.739990234375,191075,6.488809701612852,0.00024324596969460544
2026-04-06 16:25:00+00:00,657.719970703125,658.0,657.630126953125,657.793212890625,113808,6.488890615809701,8.091419684852497e-05
2026-04-06 16:30:00+00:00,657.780029296875,658.0700073242188,657.5800170898438,657.989990234375,151968,6.489189718799843,0.0002991029901426856
2026-04-06 16:35:00+00:00,658.0,658.510009765625,657.9000244140625,658.1400146484375,343486,6.489417696908625,0.00022797810878127933
2026-04-06 16:40:00+00:00,658.1300048828125,658.3300170898438,657.9400024414062,658.2650146484375,208066,6.489607608064529,0.00018991115590427654
2026-04-06 16:45:00+00:00,658.280029296875,658.4600219726562,658.1400146484375,658.3499755859375,223493,6.489736667718639,0.0001290596541103639
2026-04-06 16:50:00+00:00,658.3699951171875,658.4625854492188,656.8800048828125,658.010009765625,436809,6.489220143619374,-0.0005165240992655029
2026-04-06 16:55:00+00:00,658.030029296875,658.1099853515625,657.6300048828125,657.9299926757812,240692,6.489098531555308,-0.00012161206406613445
2026-04-06 17:00:00+00:00,657.9299926757812,657.989990234375,656.8150024414062,657.3300170898438,394219,6.488186201486578,-0.0009123300687292613
2026-04-06 17:05:00+00:00,657.3400268554688,657.47998046875,656.9199829101562,657.260009765625,275659,6.488079693262942,-0.00010650822363622581
2026-04-06 17:10:00+00:00,657.280029296875,657.3099975585938,655.52001953125,656.0399780273438,743659,6.486221729202047,-0.001857964060895334
2026-04-06 17:15:00+00:00,656.0499877929688,656.760009765625,655.8300170898438,656.47998046875,468682,6.486892198942398,0.0006704697403510096
2026-04-06 17:20:00+00:00,656.4600219726562,657.280029296875,656.031005859375,657.2550048828125,296819,6.488072078465459,0.0011798795230610892
2026-04-06 17:25:00+00:00,657.260009765625,657.5700073242188,656.97998046875,657.3900756835938,287597,6.488277564802804,0.00020548633734485122
2026-04-06 17:30:00+00:00,657.4099731445312,658.0,657.1599731445312,657.4199829101562,355812,6.488323057650036,4.549284723243119e-05
2026-04-06 17:35:00+00:00,657.4199829101562,657.7100219726562,657.0599975585938,657.2100219726562,230526,6.488003635548752,-0.0003194221012838838
2026-04-06 17:40:00+00:00,657.1900024414062,657.239990234375,656.8098754882812,657.1300048828125,271766,6.487881875443593,-0.00012176010515929647
2026-04-06 17:45:00+00:00,657.1199951171875,657.1199951171875,656.6015014648438,656.8300170898438,1205387,6.487425259118645,-0.00045661632494820026
2026-04-06 17:50:00+00:00,656.8300170898438,656.97998046875,656.4500732421875,656.60498046875,251076,6.487082590278978,-0.00034266883966704853
2026-04-06 17:55:00+00:00,656.614990234375,656.8800048828125,656.4299926757812,656.469970703125,304577,6.486876951193439,-0.0002056390855385004
2026-04-06 18:00:00+00:00,656.5,656.6300048828125,656.219970703125,656.3300170898438,285150,6.486663737276449,-0.0002132139169903624
2026-04-06 18:05:00+00:00,656.3099975585938,656.8699951171875,656.3001098632812,656.7449951171875,198560,6.487295807854751,0.0006320705783018354
2026-04-06 18:10:00+00:00,656.72998046875,657.8699951171875,656.719970703125,657.3400268554688,534919,6.488201429285631,0.0009056214308804655
2026-04-06 18:15:00+00:00,657.3699951171875,658.1300048828125,657.280029296875,657.9650268554688,335652,6.489151779237191,0.0009503499515597369
2026-04-06 18:20:00+00:00,657.9600219726562,658.6500244140625,657.7999877929688,658.360107421875,461839,6.489752057341713,0.0006002781045220118
2026-04-06 18:25:00+00:00,658.3900146484375,658.6199951171875,657.8699951171875,658.239990234375,475398,6.489569591628628,-0.00018246571308466741
2026-04-06 18:30:00+00:00,658.22998046875,658.5223999023438,657.72998046875,657.9600219726562,350382,6.489144172599081,-0.0004254190295469584
2026-04-06 18:35:00+00:00,657.9299926757812,658.22998046875,657.8800048828125,657.8900756835938,91657,6.489037859137916,-0.00010631346116518614
2026-04-06 18:40:00+00:00,657.9299926757812,657.989990234375,657.739990234375,657.9000244140625,672512,6.48905298120103,1.5122063113715e-05
2026-04-06 18:45:00+00:00,657.89990234375,658.280029296875,657.8599853515625,658.1298828125,201787,6.48940230213897,0.0003493209379401563
2026-04-06 18:50:00+00:00,658.1300048828125,658.3900146484375,658.10498046875,658.280029296875,224285,6.489630417232369,0.0002281150933987064
2026-04-06 18:55:00+00:00,658.27001953125,658.4099731445312,658.22998046875,658.2899780273438,209735,6.489645530337503,1.511310513446773e-05
2026-04-06 19:00:00+00:00,658.3200073242188,658.3701171875,658.1207275390625,658.3701171875,282855,6.489767261315068,0.00012173097756473794
2026-04-06 19:05:00+00:00,658.3800048828125,658.4199829101562,657.9099731445312,657.97998046875,263571,6.489174506042944,-0.0005927552721241014
2026-04-06 19:10:00+00:00,657.97998046875,658.2199096679688,657.8599853515625,658.1300048828125,325815,6.489402487619532,0.00022798157658865392
2026-04-06 19:15:00+00:00,658.1348876953125,658.1900024414062,657.8699951171875,658.0499877929688,358348,6.489280897730023,-0.00012158988950972116
2026-04-06 19:20:00+00:00,658.0599975585938,658.2899780273438,657.8900146484375,657.9700927734375,284745,6.489159478580256,-0.00012141914976648849
2026-04-06 19:25:00+00:00,657.9749755859375,658.1599731445312,657.8599853515625,657.880126953125,263543,6.489022736846122,-0.00013674173413402713
2026-04-06 19:30:00+00:00,657.8800048828125,658.1895141601562,657.8099975585938,658.0999755859375,299320,6.489356858364272,0.0003341215181498214
2026-04-06 19:35:00+00:00,658.1099853515625,658.27001953125,658.02001953125,658.1099853515625,383487,6.489372068347364,1.5209983091679646e-05
2026-04-06 19:40:00+00:00,658.1099853515625,658.2899780273438,657.8300170898438,658.27001953125,398508,6.489615211178282,0.00024314283091797506
2026-04-06 19:45:00+00:00,658.239990234375,658.780029296875,658.2100219726562,658.72998046875,1203274,6.490313709213516,0.0006984980352342518
2026-04-06 19:50:00+00:00,658.739990234375,658.9000244140625,658.280029296875,658.2999877929688,1443612,6.489660735930566,-0.0006529732829498869
2026-04-06 19:55:00+00:00,658.3099975585938,658.9199829101562,658.0700073242188,658.8699951171875,1534663,6.49052623904284,0.0008655031122737356
2026-04-07 13:30:00+00:00,656.6500244140625,657.5800170898438,655.6599731445312,655.739990234375,4179834,6.485764354024111,-0.004761885018728762
2026-04-07 13:35:00+00:00,655.719970703125,656.3488159179688,655.1400146484375,655.239990234375,861898,6.48500156583254,-0.000762788191570607
2026-04-07 13:40:00+00:00,655.1900024414062,655.6599731445312,654.8599853515625,654.97998046875,565117,6.484604670998311,-0.0003968948342292222
2026-04-07 13:45:00+00:00,655.010009765625,655.2050170898438,654.1599731445312,654.5800170898438,725807,6.483993834698961,-0.0006108362993497707
2026-04-07 13:50:00+00:00,654.5999755859375,655.760009765625,654.280029296875,655.719970703125,554853,6.485733823879314,0.0017399891803524525
2026-04-07 13:55:00+00:00,655.719970703125,655.9686279296875,654.010009765625,654.0499877929688,556793,6.483183782470477,-0.002550041408836634
2026-04-07 14:00:00+00:00,654.0311889648438,654.219970703125,653.3200073242188,653.5050048828125,935954,6.482350191616147,-0.0008335908543299908
2026-04-07 14:05:00+00:00,653.5,653.510009765625,651.9199829101562,652.3699951171875,1134955,6.480611878145972,-0.001738313470175612
2026-04-07 14:10:00+00:00,652.3699951171875,652.8800048828125,652.2899780273438,652.755126953125,751600,6.481202061938473,0.0005901837925010867
2026-04-07 14:15:00+00:00,652.739990234375,653.4600219726562,652.6400146484375,653.27001953125,984083,6.481990549979744,0.0007884880412714068
2026-04-07 14:20:00+00:00,653.260009765625,654.780029296875,653.2391967773438,654.5,943211,6.483871585349955,0.0018810353702107818
2026-04-07 14:25:00+00:00,654.489990234375,654.5499877929688,653.72998046875,654.4000244140625,708911,6.48371882259609,-0.000152762753865332
2026-04-07 14:30:00+00:00,654.4500122070312,655.3400268554688,653.8599853515625,654.6400146484375,819412,6.4840854885954515,0.0003666659993619703
2026-04-07 14:35:00+00:00,654.6500244140625,654.9099731445312,654.0399780273438,654.3699951171875,707314,6.483672933255056,-0.00041255534039574826
2026-04-07 14:40:00+00:00,654.3900146484375,654.5700073242188,653.7598876953125,654.0900268554688,577544,6.483244997725824,-0.0004279355292320375
2026-04-07 14:45:00+00:00,654.0499877929688,655.1400146484375,653.8099975585938,654.280029296875,652227,6.483535439167598,0.0002904414417743695
2026-04-07 14:50:00+00:00,653.8099975585938,654.1298828125,653.3800048828125,653.8049926757812,580886,6.48280913065707,-0.0007263085105284617
2026-04-07 14:55:00+00:00,653.75,653.75,652.5499877929688,652.5999755859375,792291,6.480964346748765,-0.0018447839083046702
2026-04-07 15:00:00+00:00,652.5800170898438,652.6900024414062,651.739990234375,651.8668823242188,1040356,6.4798403728670975,-0.001123973881667517
2026-04-07 15:05:00+00:00,651.8599853515625,651.8599853515625,651.0599975585938,651.4299926757812,870489,6.479169935189876,-0.0006704376772210807
2026-04-07 15:10:00+00:00,651.4199829101562,652.489990234375,651.4199829101562,652.0700073242188,989798,6.480151929359218,0.00098199416934186
2026-04-07 15:15:00+00:00,652.0599975585938,653.8599853515625,651.8200073242188,653.0150146484375,1570385,6.481600122348134,0.0014481929889154088
2026-04-07 15:20:00+00:00,653.0250244140625,653.0800170898438,652.3900146484375,652.4249877929688,360635,6.48069617135147,-0.0009039509966637382
2026-04-07 15:25:00+00:00,652.4199829101562,653.3099975585938,652.4099731445312,653.2550048828125,301737,6.481967565883523,0.0012713945320532716
2026-04-07 15:30:00+00:00,653.260009765625,653.5180053710938,652.75,653.260009765625,344250,6.481975227307627,7.661424104021819e-06
2026-04-07 15:35:00+00:00,653.22998046875,653.72998046875,652.7999877929688,653.0200805664062,450180,6.48160788005386,-0.00036734725376685873
2026-04-07 15:40:00+00:00,653.02001953125,653.1699829101562,652.5700073242188,652.6799926757812,954824,6.481086952001109,-0.0005209280527509463
2026-04-07 15:45:00+00:00,652.72998046875,653.2299194335938,652.6099853515625,652.9909057617188,153660,6.48156320232144,0.00047625032033060677
2026-04-07 15:50:00+00:00,653.0,653.4199829101562,652.6400146484375,653.3099975585938,316673,6.482051744895989,0.0004885425745486671
2026-04-07 15:55:00+00:00,653.2999877929688,654.4000244140625,653.1699829101562,653.8099975585938,752848,6.482816785636326,0.0007650407403376747
2026-04-07 16:00:00+00:00,653.8200073242188,657.0,653.8099975585938,655.4299926757812,1668123,6.485291497615849,0.002474711979522759
2026-04-07 16:05:00+00:00,655.4099731445312,655.7000122070312,654.6799926757812,654.780029296875,593795,6.484299346096134,-0.000992151519715101
2026-04-07 16:10:00+00:00,654.77001953125,655.4600219726562,654.7000122070312,655.1799926757812,254521,6.484909995863495,0.0006106497673608047
2026-04-07 16:15:00+00:00,655.1699829101562,655.5399780273438,654.9199829101562,655.1799926757812,265046,6.484909995863495,0.0
2026-04-07 16:20:00+00:00,655.1699829101562,656.5399780273438,654.8499755859375,655.8099975585938,804016,6.485871109122943,0.0009611132594482541
2026-04-07 16:25:00+00:00,655.7999877929688,656.4199829101562,655.5900268554688,655.9199829101562,498141,6.486038804233154,0.00016769511021053063
2026-04-07 16:30:00+00:00,655.8900146484375,656.280029296875,655.6163940429688,656.2349853515625,307678,6.486518934179809,0.0004801299466556941
2026-04-07 16:35:00+00:00,656.239990234375,656.3099975585938,655.3400268554688,655.5999755859375,289202,6.485550809630408,-0.0009681245494013169
2026-04-07 16:40:00+00:00,655.5999145507812,656.0800170898438,655.4500122070312,656.0800170898438,210872,6.48628275877657,0.0007319491461617034
2026-04-07 16:45:00+00:00,656.0499877929688,656.8699951171875,656.0499877929688,656.47998046875,307972,6.486892198942398,0.0006094401658280901
2026-04-07 16:50:00+00:00,656.469970703125,656.8300170898438,656.301025390625,656.5399780273438,238439,6.48698358758923,9.13886468323355e-05
2026-04-07 16:55:00+00:00,656.530029296875,656.530029296875,656.010009765625,656.0399780273438,256307,6.486221729202047,-0.0007618583871833451
2026-04-07 17:00:00+00:00,656.0499877929688,656.8800048828125,655.760009765625,656.6400146484375,494565,6.487135945410466,0.0009142162084190275
2026-04-07 17:05:00+00:00,656.6400146484375,656.8499755859375,656.3400268554688,656.4650268554688,154311,6.486869420207267,-0.0002665252031990306
2026-04-07 17:10:00+00:00,656.4559936523438,656.6500244140625,656.1400756835938,656.25,152304,6.486541813905833,-0.0003276063014334696
2026-04-07 17:15:00+00:00,656.239990234375,656.4628295898438,655.8900146484375,656.0599975585938,231331,6.486252244454884,-0.0002895694509490454
2026-04-07 17:20:00+00:00,656.0700073242188,656.1400146484375,655.489990234375,655.8300170898438,261134,6.485901635076754,-0.00035060937813025106
2026-04-07 17:25:00+00:00,655.8300170898438,656.0599975585938,655.47998046875,655.8200073242188,257331,6.485886372216328,-1.5262860426190628e-05
2026-04-07 17:30:00+00:00,655.8300170898438,656.8499755859375,655.5700073242188,656.72998046875,413596,6.487272945373595,0.0013865731572675344
2026-04-07 17:35:00+00:00,656.760009765625,658.3599853515625,656.7520141601562,657.4400024414062,880790,6.488353508848604,0.0010805634750088444
2026-04-07 17:40:00+00:00,657.4199829101562,657.4600219726562,656.6799926757812,656.75,362395,6.4873034285656495,-0.001050080282954724
2026-04-07 17:45:00+00:00,656.7570190429688,656.9099731445312,656.3599853515625,656.8599853515625,225062,6.487470883674922,0.00016745510927229645
2026-04-07 17:50:00+00:00,656.875,657.2899780273438,656.760009765625,656.97998046875,335494,6.487653546892122,0.00018266321719995204
2026-04-07 17:55:00+00:00,657.0,657.0499877929688,656.47998046875,656.7249755859375,502201,6.487265324430389,-0.00038822246173264574
2026-04-07 18:00:00+00:00,656.72998046875,657.02001953125,656.5700073242188,656.639892578125,255290,6.487135759509027,-0.00012956492136240172
2026-04-07 18:05:00+00:00,656.635009765625,656.6400146484375,656.130126953125,656.3400268554688,232766,6.486678988276761,-0.00045677123226539607
2026-04-07 18:10:00+00:00,656.3499755859375,656.5599975585938,656.0900268554688,656.4500122070312,217169,6.4868465479756425,0.00016755969888126998
2026-04-07 18:15:00+00:00,656.4400024414062,656.9099731445312,656.3499755859375,656.8400268554688,235237,6.487440498509496,0.0005939505338536932
2026-04-07 18:20:00+00:00,656.8300170898438,656.9299926757812,656.1199951171875,656.2150268554688,308901,6.486488520075028,-0.0009519784344682591
2026-04-07 18:25:00+00:00,656.2249755859375,656.4000244140625,656.030029296875,656.1500244140625,727603,6.486389458550346,-9.906152468186491e-05
2026-04-07 18:30:00+00:00,656.1300048828125,656.3400268554688,655.9199829101562,656.1950073242188,302839,6.486458012031459,6.855348111312054e-05
2026-04-07 18:35:00+00:00,656.1799926757812,656.3200073242188,655.7899780273438,655.97998046875,316547,6.4861302709002935,-0.00032774113116573744
2026-04-07 18:40:00+00:00,655.9600219726562,656.0399780273438,655.1519775390625,655.489990234375,429299,6.485383032659052,-0.0007472382412414547
2026-04-07 18:45:00+00:00,655.469970703125,655.510009765625,654.9299926757812,655.030029296875,595949,6.484681080839115,-0.0007019518199369301
2026-04-07 18:50:00+00:00,655.02001953125,655.02001953125,654.1099853515625,654.2100219726562,650625,6.483428434419312,-0.0012526464198030496
2026-04-07 18:55:00+00:00,654.2100219726562,654.239990234375,653.4301147460938,653.9600219726562,850511,6.4830462211066,-0.00038221331271248715
2026-04-07 19:00:00+00:00,653.9600219726562,654.4400024414062,653.5800170898438,654.0800170898438,722545,6.483229694263294,0.0001834731566940917
2026-04-07 19:05:00+00:00,654.0800170898438,654.47998046875,653.4121704101562,653.7999877929688,873921,6.4828014756192145,-0.0004282186440791591
2026-04-07 19:10:00+00:00,653.7999877929688,654.5700073242188,653.75,654.4500122070312,1049797,6.483795206890079,0.0009937312708645507
2026-04-07 19:15:00+00:00,654.4500122070312,657.5700073242188,654.3300170898438,657.1799926757812,1454420,6.48795794241879,0.004162735528710826
2026-04-07 19:20:00+00:00,657.1400146484375,658.1699829101562,656.0499877929688,656.6699829101562,1821051,6.487181583168162,-0.0007763592506275785
2026-04-07 19:25:00+00:00,656.6599731445312,656.8900146484375,655.9299926757812,656.6599731445312,710103,6.487166339831057,-1.5243337105452781e-05
2026-04-07 19:30:00+00:00,656.6500244140625,656.8099975585938,656.280029296875,656.4500122070312,666492,6.4868465479756425,-0.00031979185541430866
2026-04-07 19:35:00+00:00,656.4400024414062,656.4849853515625,655.9199829101562,656.04150390625,1511641,6.486224055092515,-0.0006224928831271015
2026-04-07 19:40:00+00:00,656.0499877929688,657.239990234375,655.8900146484375,656.7899780273438,883987,6.487364299232739,0.001140244140223956
2026-04-07 19:45:00+00:00,656.780029296875,659.2000122070312,656.4400024414062,657.719970703125,3211401,6.488779264302944,0.0014149650702046657
2026-04-07 19:50:00+00:00,657.75,658.8200073242188,657.7000122070312,658.41748046875,2074707,6.489839198932577,0.0010599346296329415
2026-04-07 19:55:00+00:00,658.4199829101562,659.5999755859375,658.3599853515625,659.260009765625,3419789,6.491118008683732,0.00127880975115513
2026-04-08 13:30:00+00:00,676.3900146484375,677.0800170898438,675.3800048828125,676.0189819335938,7795786,6.516221155432157,0.02510314674842462
2026-04-08 13:35:00+00:00,676.030029296875,676.2899780273438,675.2100219726562,675.4299926757812,2367856,6.515349514243819,-0.0008716411883380459
2026-04-08 13:40:00+00:00,675.4199829101562,675.6400146484375,674.75,675.0800170898438,1893993,6.51483122768357,-0.0005182865602488818
2026-04-08 13:45:00+00:00,675.0800170898438,676.405029296875,674.989990234375,676.0999755859375,2482286,6.516340957986496,0.0015097303029261155
2026-04-08 13:50:00+00:00,676.10498046875,676.10498046875,674.02001953125,674.0999755859375,1952333,6.5133784316421215,-0.0029625263443744387
2026-04-08 13:55:00+00:00,674.0900268554688,674.989990234375,673.969970703125,674.6300048828125,1364561,6.514164399674026,0.0007859680319048934
2026-04-08 14:00:00+00:00,674.635009765625,675.2000122070312,674.5999755859375,675.0549926757812,1124620,6.514794158184765,0.0006297585107386539
2026-04-08 14:05:00+00:00,675.0599975585938,675.22998046875,674.0599975585938,674.8499755859375,1341856,6.514490407778269,-0.000303750406495773
2026-04-08 14:10:00+00:00,674.8400268554688,675.1500244140625,674.4600219726562,674.9099731445312,686522,6.514579308858331,8.890108006198716e-05
2026-04-08 14:15:00+00:00,674.905029296875,675.27001953125,674.239990234375,674.5999755859375,1141942,6.514119886437122,-0.0004594224212093323
2026-04-08 14:20:00+00:00,674.6099853515625,675.1799926757812,674.5599975585938,674.719970703125,911165,6.514297746577459,0.00017786014033749353
2026-04-08 14:25:00+00:00,674.72998046875,674.75,674.0399780273438,674.1300048828125,1472864,6.5134229778950825,-0.000874768682376903
2026-04-08 14:30:00+00:00,674.1300048828125,674.3499755859375,673.4600219726562,673.72998046875,1853776,6.512829408191768,-0.0005935697033141452
2026-04-08 14:35:00+00:00,673.739990234375,673.9099731445312,673.1799926757812,673.3200073242188,1394895,6.5122207104286485,-0.000608697763119892
2026-04-08 14:40:00+00:00,673.3209228515625,673.97998046875,673.2413940429688,673.4000244140625,870158,6.512339542981892,0.00011883255324374176
2026-04-08 14:45:00+00:00,673.4000244140625,673.6300048828125,672.75,673.469970703125,877829,6.512443407927105,0.00010386494521252843
2026-04-08 14:50:00+00:00,673.5050048828125,673.52001953125,672.6699829101562,673.0700073242188,632640,6.511849347004747,-0.0005940609223573645
2026-04-08 14:55:00+00:00,673.0798950195312,673.0800170898438,671.4600219726562,672.8800048828125,1573527,6.511567014910769,-0.0002823320939784324
2026-04-08 15:00:00+00:00,672.8699951171875,673.97998046875,672.8499755859375,673.6500244140625,932224,6.512710724443321,0.0011437095325517177
2026-04-08 15:05:00+00:00,673.64501953125,673.760009765625,672.6400146484375,672.72998046875,676377,6.511344031406905,-0.0013666930364157892
2026-04-08 15:10:00+00:00,672.72998046875,673.3499145507812,672.4600219726562,673.1199951171875,1015690,6.511923612588211,0.0005795811813058549
2026-04-08 15:15:00+00:00,673.1199951171875,673.4600219726562,672.7501220703125,673.4099731445312,402644,6.512354316751744,0.000430704163533413
2026-04-08 15:20:00+00:00,673.4199829101562,673.5900268554688,673.0700073242188,673.52001953125,437693,6.512517720028176,0.00016340327643149521
2026-04-08 15:25:00+00:00,673.510009765625,673.5499877929688,672.9600219726562,673.030029296875,508499,6.511789948704075,-0.0007277713241009565
2026-04-08 15:30:00+00:00,673.0900268554688,673.8300170898438,673.0050048828125,673.77001953125,440009,6.512888835371748,0.0010988866676733267
2026-04-08 15:35:00+00:00,673.7899780273438,674.3200073242188,673.6300048828125,674.22998046875,642997,6.513571270023604,0.0006824346518561342
2026-04-08 15:40:00+00:00,674.219970703125,674.260009765625,673.77001953125,674.239990234375,401667,6.513586116131924,1.4846108319588325e-05
2026-04-08 15:45:00+00:00,674.239990234375,674.8699951171875,674.239990234375,674.7849731445312,1084167,6.514394081817657,0.0008079656857331585
2026-04-08 15:50:00+00:00,674.7899780273438,675.0800170898438,674.760009765625,674.8599853515625,509190,6.514505240247341,0.00011115842968401068
2026-04-08 15:55:00+00:00,674.8800048828125,675.1199951171875,674.7999877929688,674.8900146484375,579297,6.514549736334586,4.449608724499399e-05
2026-04-08 16:00:00+00:00,674.8900146484375,675.6749877929688,674.8701171875,675.3800048828125,713085,6.515275502661018,0.0007257663264317316
2026-04-08 16:05:00+00:00,675.3900146484375,675.4500122070312,675.1300048828125,675.1900024414062,528698,6.514994136361412,-0.00028136629960595627
2026-04-08 16:10:00+00:00,675.2050170898438,675.3499755859375,674.8400268554688,674.9000244140625,526928,6.514564567923701,-0.0004295684377106923
2026-04-08 16:15:00+00:00,674.9000244140625,675.0999755859375,674.47998046875,674.8099975585938,642138,6.514431166149784,-0.00013340177391718555
2026-04-08 16:20:00+00:00,674.8200073242188,675.0499877929688,674.5900268554688,674.8900146484375,371471,6.514549736334586,0.00011857018480210257
2026-04-08 16:25:00+00:00,674.9000244140625,675.1199951171875,674.77001953125,675.02001953125,475700,6.5147423489975385,0.00019261266295256263
2026-04-08 16:30:00+00:00,675.030029296875,675.4500122070312,674.8900146484375,675.3499755859375,384666,6.515231038856536,0.0004886898589973043
2026-04-08 16:35:00+00:00,675.3599853515625,675.510009765625,675.2000122070312,675.5050048828125,336867,6.515460566525748,0.00022952766921235934
2026-04-08 16:40:00+00:00,675.510009765625,675.9000244140625,675.47998046875,675.8699951171875,418711,6.516000742632676,0.0005401761069281363
2026-04-08 16:45:00+00:00,675.8699951171875,676.1300048828125,675.8099975585938,675.969970703125,397743,6.516148653019479,0.0001479103868025078
2026-04-08 16:50:00+00:00,675.969970703125,676.1099853515625,675.842529296875,675.97998046875,443202,6.516163460913242,1.4807893763624236e-05
2026-04-08 16:55:00+00:00,675.97998046875,676.22998046875,675.97998046875,676.052978515625,423213,6.516271443557394,0.0001079826441516829
2026-04-08 17:00:00+00:00,676.0700073242188,676.4349975585938,676.030029296875,676.0800170898438,355590,6.516311437514069,3.999395667531047e-05
2026-04-08 17:05:00+00:00,676.0900268554688,676.1096801757812,675.7100219726562,675.8099975585938,413376,6.515911967835449,-0.00039946967862025673
2026-04-08 17:10:00+00:00,675.8099975585938,676.0700073242188,675.74072265625,675.8699951171875,354872,6.516000742632676,8.877479722713133e-05
2026-04-08 17:15:00+00:00,675.864990234375,676.0800170898438,675.5499877929688,675.719970703125,440114,6.515778745697996,-0.00022199693468039072
2026-04-08 17:20:00+00:00,675.72998046875,675.9199829101562,675.1500244140625,675.25,680121,6.515082992672725,-0.0006957530252709176
2026-04-08 17:25:00+00:00,675.260009765625,675.4299926757812,674.77001953125,675.010009765625,683419,6.514727520044985,-0.000355472627740383
2026-04-08 17:30:00+00:00,675.0100708007812,675.4199829101562,674.9600219726562,675.1799926757812,520290,6.514979311142159,0.0002517910971739923
2026-04-08 17:35:00+00:00,675.1799926757812,675.5499877929688,674.739990234375,675.260009765625,1070473,6.5150978163549675,0.00011850521280898363
2026-04-08 17:40:00+00:00,675.260009765625,675.6900024414062,675.1699829101562,675.5750122070312,661993,6.5155641981736085,0.00046638181864100403
2026-04-08 17:45:00+00:00,675.5700073242188,675.77001953125,675.3499755859375,675.4100952148438,466654,6.515320054856113,-0.00024414331749511575
2026-04-08 17:50:00+00:00,675.4299926757812,675.75,675.4299926757812,675.6300048828125,285358,6.515645596148182,0.0003255412920681877
2026-04-08 17:55:00+00:00,675.6300048828125,675.8900146484375,675.5700073242188,675.8099975585938,712585,6.515911967835449,0.00026637168726750815
2026-04-08 18:00:00+00:00,675.7999877929688,676.2449951171875,675.3599853515625,676.219970703125,1180546,6.516518423560131,0.0006064557246814317
2026-04-08 18:05:00+00:00,676.219970703125,676.469970703125,676.1201171875,676.4450073242188,809520,6.51685115432026,0.0003327307601290741
2026-04-08 18:10:00+00:00,676.4450073242188,676.469970703125,676.1300048828125,676.344970703125,531970,6.516703257569247,-0.0001478967510122331
2026-04-08 18:15:00+00:00,676.344970703125,676.60498046875,674.3400268554688,674.8114013671875,1833819,6.514433246449629,-0.0022700111196183315
2026-04-08 18:20:00+00:00,674.77001953125,675.9400024414062,674.5900268554688,675.0,1321929,6.51471269087253,0.0002794444229010651
2026-04-08 18:25:00+00:00,675.0,675.4099731445312,674.6699829101562,674.8800048828125,797920,6.514534904525492,-0.00017778634703802254
2026-04-08 18:30:00+00:00,674.9000244140625,675.3200073242188,674.719970703125,674.844970703125,885946,6.514482991461232,-5.191306425977871e-05
2026-04-08 18:35:00+00:00,674.8400268554688,675.0499877929688,674.510009765625,674.5499877929688,648880,6.514045783788271,-0.0004372076729612928
2026-04-08 18:40:00+00:00,674.5549926757812,674.5900268554688,673.9099731445312,674.02001953125,928642,6.513259813039815,-0.0007859707484563216
2026-04-08 18:45:00+00:00,674.010009765625,674.3599853515625,673.760009765625,673.8294067382812,730646,6.512976973146093,-0.00028283989372202
2026-04-08 18:50:00+00:00,673.8250122070312,674.2000122070312,673.6699829101562,673.9000244140625,1568753,6.51308176818019,0.00010479503409754898
2026-04-08 18:55:00+00:00,673.9000244140625,673.9099731445312,672.8300170898438,672.9400024414062,1148392,6.5116561762522664,-0.0014255919279237972
2026-04-08 19:00:00+00:00,672.9249877929688,673.64501953125,672.780029296875,673.2944946289062,1210930,6.512182818819316,0.0005266425670491515
2026-04-08 19:05:00+00:00,673.2999877929688,673.8800048828125,673.0900268554688,673.6500244140625,1023327,6.512710724443321,0.000527905624005065
2026-04-08 19:10:00+00:00,673.6699829101562,674.4450073242188,673.6599731445312,674.3400268554688,807447,6.51373447458305,0.001023750139728996
2026-04-08 19:15:00+00:00,674.3400268554688,674.489990234375,673.6099853515625,673.7999877929688,860973,6.512933312855754,-0.0008011617272956073
2026-04-08 19:20:00+00:00,673.8099975585938,673.9359741210938,673.3900146484375,673.8099975585938,1202910,6.512948168438206,1.4855582452177885e-05
2026-04-08 19:25:00+00:00,673.8099975585938,674.1799926757812,673.489990234375,673.5399780273438,1146285,6.512547352703976,-0.000400815734230342
2026-04-08 19:30:00+00:00,673.5399780273438,674.5499877929688,673.489990234375,674.5399780273438,1015716,6.51403094450271,0.0014835917987339187
2026-04-08 19:35:00+00:00,674.5399780273438,675.0399780273438,674.3499755859375,674.7899780273438,1618219,6.514401498794103,0.0003705542913934323
2026-04-08 19:40:00+00:00,674.7899780273438,674.8099975585938,674.1475219726562,674.7000122070312,1294693,6.514268165725912,-0.00013333306819163226
2026-04-08 19:45:00+00:00,674.7000122070312,675.0999755859375,674.6599731445312,674.9600219726562,2016604,6.514653462411383,0.0003852966854713813
2026-04-08 19:50:00+00:00,674.969970703125,675.4299926757812,674.9199829101562,675.3099975585938,2560097,6.515171841089296,0.000518378677912601
2026-04-08 19:55:00+00:00,675.3099975585938,676.0499877929688,675.0399780273438,675.8800048828125,6305960,6.516015552716826,0.0008437116275308298
2026-04-09 13:30:00+00:00,674.8400268554688,675.25,674.4299926757812,674.6599731445312,2470934,6.514208820461569,-0.001806732255257515
2026-04-09 13:35:00+00:00,674.6599731445312,675.2999877929688,674.510009765625,675.1500244140625,765275,6.514934924567997,0.0007261041064277052
2026-04-09 13:40:00+00:00,675.1199951171875,675.7899169921875,674.8499755859375,675.5377197265625,962509,6.515508995554913,0.0005740709869161975
2026-04-09 13:45:00+00:00,675.5349731445312,675.719970703125,674.9500122070312,675.4550170898438,664580,6.515386563161949,-0.0001224323929633897
2026-04-09 13:50:00+00:00,675.4400024414062,675.4400024414062,674.6799926757812,674.8300170898438,485590,6.514460832625339,-0.0009257305366103807
2026-04-09 13:55:00+00:00,674.8300170898438,675.3250122070312,674.6500244140625,675.27001953125,495109,6.515112639817472,0.0006518071921330915
2026-04-09 14:00:00+00:00,675.260009765625,675.489990234375,674.8800048828125,675.364990234375,496283,6.515253271005905,0.00014063118843310463
2026-04-09 14:05:00+00:00,675.3499755859375,675.6900024414062,674.9600219726562,674.9849853515625,381628,6.514690446701519,-0.0005628243043860337
2026-04-09 14:10:00+00:00,674.969970703125,675.5,674.719970703125,674.760009765625,639246,6.514357086564849,-0.00033336013667017994
2026-04-09 14:15:00+00:00,674.760009765625,674.760009765625,674.1599731445312,674.4000244140625,1638619,6.513823442888805,-0.0005336436760439156
2026-04-09 14:20:00+00:00,674.4199829101562,674.7899780273438,674.27001953125,674.5798950195312,586879,6.514090119366259,0.0002666764774534869
2026-04-09 14:25:00+00:00,674.5700073242188,674.5900268554688,673.9299926757812,674.2949829101562,576659,6.513667675271148,-0.00042244409511038583
2026-04-09 14:30:00+00:00,674.2899780273438,674.4000244140625,673.77001953125,674.1300048828125,925323,6.5134229778950825,-0.00024469737606569453
2026-04-09 14:35:00+00:00,674.1500244140625,674.5599975585938,673.8800048828125,674.4949951171875,760551,6.513964255482679,0.0005412775875965892
2026-04-09 14:40:00+00:00,674.4600219726562,674.6500244140625,674.19091796875,674.2899780273438,771983,6.513660252849933,-0.0003040026327463252
2026-04-09 14:45:00+00:00,674.280029296875,674.875,674.239990234375,674.760009765625,528955,6.514357086564849,0.0006968337149162451
2026-04-09 14:50:00+00:00,674.7650146484375,675.1699829101562,674.6900024414062,675.1599731445312,447280,6.514949660044275,0.000592573479425873
2026-04-09 14:55:00+00:00,675.1699829101562,675.5,674.9650268554688,675.3099975585938,868779,6.515171841089296,0.00022218104502069735
2026-04-09 15:00:00+00:00,675.3099975585938,675.3800048828125,674.6099853515625,674.97998046875,536144,6.514683031867891,-0.0004888092214043738
2026-04-09 15:05:00+00:00,675.0,675.1300048828125,674.780029296875,675.010009765625,202989,6.514727520044985,4.448817709334918e-05
2026-04-09 15:10:00+00:00,675.010009765625,675.7999877929688,675.0,675.7000122070312,725095,6.515749208623885,0.0010216885789002816
2026-04-09 15:15:00+00:00,675.7000122070312,676.469970703125,675.7000122070312,676.4199829101562,1115104,6.516814159624934,0.0010649510010489749
2026-04-09 15:20:00+00:00,676.4199829101562,676.5499877929688,676.0,676.2899780273438,910554,6.516621945644159,-0.00019221398077462482
2026-04-09 15:25:00+00:00,676.27001953125,676.2750244140625,675.77001953125,675.9299926757812,596415,6.516089509549639,-0.00053243609452025
2026-04-09 15:30:00+00:00,675.9199829101562,678.0700073242188,675.72998046875,677.3699951171875,1362188,6.518217645214859,0.0021281356652202987
2026-04-09 15:35:00+00:00,677.3699951171875,677.9099731445312,676.75,677.239990234375,1257986,6.51802570084029,-0.00019194437456881985
2026-04-09 15:40:00+00:00,677.219970703125,677.7999877929688,677.219970703125,677.4600219726562,645497,6.518350542854365,0.0003248420140744557
2026-04-09 15:45:00+00:00,677.47998046875,678.4390258789062,677.0999755859375,677.969970703125,748064,6.5191029959611795,0.000752453106814599
2026-04-09 15:50:00+00:00,677.969970703125,678.5499877929688,677.8499755859375,678.5349731445312,524045,6.519936022743193,0.0008330267820131354
2026-04-09 15:55:00+00:00,678.52001953125,678.9000244140625,678.5,678.8300170898438,638838,6.520370753198276,0.00043473045508335417
2026-04-09 16:00:00+00:00,678.8200073242188,680.75,678.8200073242188,680.0,1607042,6.522092798170152,0.0017220449718760023
2026-04-09 16:05:00+00:00,680.02001953125,680.3200073242188,679.6799926757812,679.8699951171875,651091,6.521901596241034,-0.00019120192911792344
2026-04-09 16:10:00+00:00,679.8800048828125,680.1699829101562,679.52001953125,679.52001953125,541974,6.521386695307676,-0.0005149009333580423
2026-04-09 16:15:00+00:00,679.5499877929688,680.3400268554688,679.4500122070312,680.280029296875,415697,6.522504521190118,0.0011178258824422471
2026-04-09 16:20:00+00:00,680.2999877929688,680.3900146484375,679.780029296875,679.8150024414062,520374,6.521820705923188,-0.0006838152669299546
2026-04-09 16:25:00+00:00,679.8099975585938,680.0900268554688,679.6300048828125,679.9000244140625,405486,6.521945764440727,0.00012505851753896735
2026-04-09 16:30:00+00:00,679.9199829101562,680.0,679.4400024414062,679.6900024414062,412363,6.521636815463199,-0.0003089489775280896
2026-04-09 16:35:00+00:00,679.6900024414062,679.739990234375,679.1900024414062,679.4000244140625,335705,6.5212100916612235,-0.0004267238019757258
2026-04-09 16:40:00+00:00,679.4000244140625,679.4299926757812,679.0499877929688,679.3499755859375,326529,6.521136422732947,-7.366892827675997e-05
2026-04-09 16:45:00+00:00,679.3400268554688,679.35498046875,678.969970703125,679.1591186523438,1119368,6.5208554427444305,-0.00028097998851617234
2026-04-09 16:50:00+00:00,679.1599731445312,680.0999755859375,679.1599731445312,679.9299926757812,486930,6.521989840922856,0.001134398178425755
2026-04-09 16:55:00+00:00,679.9199829101562,679.969970703125,679.6900024414062,679.8699951171875,513806,6.521901596241034,-8.824468182222489e-05
2026-04-09 17:00:00+00:00,679.85498046875,680.1400146484375,679.7100219726562,680.1400146484375,339577,6.522298680869616,0.00039708462858190074
2026-04-09 17:05:00+00:00,680.1400146484375,680.6500244140625,679.97998046875,680.4849853515625,362159,6.522805757706388,0.0005070768367723133
2026-04-09 17:10:00+00:00,680.489990234375,680.719970703125,680.27001953125,680.4000244140625,530089,6.5226808964036325,-0.00012486130275579654
2026-04-09 17:15:00+00:00,680.4099731445312,681.0159912109375,680.3099975585938,680.7999267578125,633567,6.523268469676627,0.0005875732729947458
2026-04-09 17:20:00+00:00,680.7999877929688,680.8699951171875,680.47998046875,680.5700073242188,425795,6.522930693103157,-0.00033777657347044965
2026-04-09 17:25:00+00:00,680.5700073242188,680.6400146484375,680.280029296875,680.2901000976562,358166,6.5225193249853275,-0.0004113681178292694
2026-04-09 17:30:00+00:00,680.2999267578125,680.2999267578125,679.6599731445312,680.2100219726562,464804,6.522401606326147,-0.00011771865918053237
2026-04-09 17:35:00+00:00,680.2050170898438,681.0599975585938,680.1600952148438,681.0,518664,6.523562306149512,0.0011606998233650856
2026-04-09 17:40:00+00:00,681.0,681.1599731445312,680.5,680.64501953125,410063,6.523040906707367,-0.0005213994421451318
2026-04-09 17:45:00+00:00,680.6500244140625,680.9400024414062,680.5599975585938,680.8099975585938,369551,6.523283262166902,0.000242355459534771
2026-04-09 17:50:00+00:00,680.8099975585938,680.8099975585938,680.3400268554688,680.52001953125,269476,6.522857240514416,-0.00042602165248606383
2026-04-09 17:55:00+00:00,680.52001953125,680.5399780273438,680.344970703125,680.5399780273438,213154,6.522886568385532,2.9327871116535675e-05
2026-04-09 18:00:00+00:00,680.5399780273438,680.6099853515625,678.6900024414062,679.1099853515625,969374,6.520783095813092,-0.002103472572439813
2026-04-09 18:05:00+00:00,679.1099853515625,679.8250122070312,679.0900268554688,679.47998046875,763708,6.521327771006702,0.0005446751936100114
2026-04-09 18:10:00+00:00,679.47998046875,679.6199951171875,678.97998046875,679.27001953125,363690,6.521018720866248,-0.0003090501404541257
2026-04-09 18:15:00+00:00,679.27001953125,679.5800170898438,679.0700073242188,679.3099975585938,264041,6.521077573531314,5.8852665065778353e-05
2026-04-09 18:20:00+00:00,679.3400268554688,679.469970703125,678.6900024414062,678.8800048828125,474294,6.520444388646467,-0.0006331848848466493
2026-04-09 18:25:00+00:00,678.8900146484375,679.2000122070312,678.5800170898438,678.8499755859375,530795,6.520400154082435,-4.423456403213066e-05
2026-04-09 18:30:00+00:00,678.8599853515625,679.0499877929688,678.4400024414062,678.6300048828125,321986,6.5200760672329565,-0.0003240868494787108
2026-04-09 18:35:00+00:00,678.6300048828125,679.3900146484375,678.5599975585938,679.3200073242188,449716,6.52109230861826,0.0010162413853036512
2026-04-09 18:40:00+00:00,679.2999877929688,679.4199829101562,678.8150024414062,679.0,516589,6.520621127558696,-0.00047118105956389655
2026-04-09 18:45:00+00:00,678.989990234375,679.25,678.9099731445312,679.2000122070312,288606,6.520915652969799,0.0002945254111024198
2026-04-09 18:50:00+00:00,679.1900024414062,679.260009765625,678.780029296875,679.0599975585938,475933,6.520709485302449,-0.00020616766734971037
2026-04-09 18:55:00+00:00,679.0599975585938,679.3099975585938,679.030029296875,679.1199951171875,411115,6.520797835239801,8.834993735185037e-05
2026-04-09 19:00:00+00:00,679.1300048828125,679.7899780273438,678.9503173828125,679.639892578125,358275,6.521563088160523,0.0007652529207220482
2026-04-09 19:05:00+00:00,679.6199951171875,680.0599975585938,679.4000244140625,680.0399780273438,468109,6.522151587658699,0.000588499498175743
2026-04-09 19:10:00+00:00,680.0499877929688,680.239990234375,679.9600219726562,680.02001953125,426951,6.522122238223922,-2.934943477672647e-05
2026-04-09 19:15:00+00:00,680.02001953125,680.2000122070312,679.6099853515625,679.6749877929688,471888,6.5216147247832925,-0.0005075134406293813
2026-04-09 19:20:00+00:00,679.6799926757812,679.9099731445312,679.5999755859375,679.8920288085938,378034,6.521934004399256,0.00031927961596345256
2026-04-09 19:25:00+00:00,679.89501953125,680.0800170898438,679.780029296875,679.9199829101562,432195,6.52197511905529,4.111465603440223e-05
2026-04-09 19:30:00+00:00,679.9099731445312,680.6699829101562,679.8699951171875,680.27001953125,1019903,6.522489806897713,0.0005146878424229229
2026-04-09 19:35:00+00:00,680.27001953125,680.5599975585938,680.1199951171875,680.2849731445312,525886,6.522511788535152,2.1981637438273083e-05
2026-04-09 19:40:00+00:00,680.2849731445312,680.4600219726562,680.0,680.3800048828125,660736,6.522651472792438,0.00013968425728627665
2026-04-09 19:45:00+00:00,680.3800048828125,680.5499877929688,680.0599975585938,680.1199951171875,975255,6.522269246009945,-0.00038222678249244524
2026-04-09 19:50:00+00:00,680.1199951171875,680.6699829101562,680.030029296875,680.52001953125,1372198,6.522857240514416,0.0005879945044702239
2026-04-09 19:55:00+00:00,680.52001953125,680.5679931640625,679.8300170898438,679.8699951171875,2427243,6.521901596241034,-0.0009556442733815729
2026-04-10 13:30:00+00:00,681.3200073242188,681.9299926757812,680.9199829101562,680.969970703125,2475784,6.523518209293449,0.0016166130524153388
2026-04-10 13:35:00+00:00,680.989990234375,681.1500244140625,680.52001953125,680.739990234375,719130,6.523180427419873,-0.0003377818735765814
2026-04-10 13:40:00+00:00,680.72998046875,681.0198974609375,680.510009765625,680.8599853515625,751607,6.523356683471063,0.0001762560511897604
2026-04-10 13:45:00+00:00,680.864990234375,680.97998046875,680.3300170898438,680.52001953125,732377,6.522857240514416,-0.0004994429566469449
2026-04-10 13:50:00+00:00,680.489990234375,680.8800048828125,680.1699829101562,680.8200073242188,642171,6.52329796478889,0.0004407242744743911
2026-04-10 13:55:00+00:00,680.7999877929688,680.9000244140625,680.5900268554688,680.760009765625,612974,6.523209835471657,-8.812931723323203e-05
2026-04-10 14:00:00+00:00,680.75,680.760009765625,680.0280151367188,680.5787963867188,624788,6.522943607286347,-0.000266228185309636
2026-04-10 14:05:00+00:00,680.5700073242188,680.7899780273438,680.260009765625,680.5499877929688,335238,6.522901276841074,-4.233044527346408e-05
2026-04-10 14:10:00+00:00,680.5700073242188,681.280029296875,680.1300048828125,681.219970703125,635536,6.52388526530408,0.0009839884630062912
2026-04-10 14:15:00+00:00,681.219970703125,681.3699951171875,680.9337768554688,681.3300170898438,367343,6.524046795358675,0.00016153005459518255
2026-04-10 14:20:00+00:00,681.3400268554688,681.4299926757812,681.1099853515625,681.4199829101562,349897,6.5241788310518585,0.00013203569318331887
2026-04-10 14:25:00+00:00,681.4299926757812,681.5700073242188,681.22998046875,681.52001953125,328614,6.524325626392951,0.00014679534109252046
2026-04-10 14:30:00+00:00,681.5399780273438,681.9400024414062,681.47998046875,681.5,473435,6.524296251136588,-2.9375256363373126e-05
2026-04-10 14:35:00+00:00,681.510009765625,681.7100219726562,681.3599853515625,681.4299926757812,310853,6.524193520512628,-0.00010273062395960153
2026-04-10 14:40:00+00:00,681.4299926757812,681.5399780273438,680.4199829101562,680.8900146484375,688715,6.523400787450324,-0.0007927330623038742
2026-04-10 14:45:00+00:00,680.9199829101562,681.3400268554688,680.6500244140625,680.739990234375,500069,6.523180427419873,-0.00022036003045133867
2026-04-10 14:50:00+00:00,680.739990234375,681.3599853515625,680.6599731445312,680.8099975585938,344495,6.523283262166902,0.00010283474702887929
2026-04-10 14:55:00+00:00,680.8200073242188,681.5,680.6400146484375,681.3599853515625,339840,6.524090779334003,0.0008075171671011461
2026-04-10 15:00:00+00:00,681.3599853515625,681.4400024414062,681.0700073242188,681.1300048828125,396720,6.523753190841489,-0.0003375884925134187
2026-04-10 15:05:00+00:00,681.1300048828125,681.549072265625,680.880126953125,681.4299926757812,494915,6.524193520512628,0.0004403296711386062
2026-04-10 15:10:00+00:00,681.4201049804688,681.719970703125,681.2899780273438,681.5900268554688,412799,6.524428343447185,0.0002348229345567887
2026-04-10 15:15:00+00:00,681.5900268554688,681.8400268554688,681.5,681.5599975585938,254659,6.5243842847649525,-4.405868223233966e-05
2026-04-10 15:20:00+00:00,681.5700073242188,682.030029296875,681.5,681.9500122070312,321634,6.5249563592730695,0.0005720745081170264
2026-04-10 15:25:00+00:00,681.9500122070312,681.9500122070312,681.1500244140625,681.239990234375,418945,6.523914652635562,-0.0010417066375074668
2026-04-10 15:30:00+00:00,681.22998046875,681.4500122070312,680.6900024414062,680.8400268554688,555572,6.523327369384382,-0.0005872832511801818
2026-04-10 15:35:00+00:00,680.8699951171875,680.97998046875,680.3800048828125,680.4500122070312,491274,6.522754361945971,-0.0005730074384109329
2026-04-10 15:40:00+00:00,680.4500122070312,680.5399780273438,680.0700073242188,680.4749755859375,438912,6.52279104784583,3.668589985927895e-05
2026-04-10 15:45:00+00:00,680.4500122070312,680.7172241210938,680.1500244140625,680.2349853515625,381632,6.522438305169208,-0.00035274267662188663
2026-04-10 15:50:00+00:00,680.239990234375,680.3499755859375,679.7150268554688,679.760009765625,470666,6.52173980906157,-0.0006984961076383911
2026-04-10 15:55:00+00:00,679.760009765625,679.7899780273438,679.1199951171875,679.4600219726562,571549,6.521298397383055,-0.00044141167851474705
2026-04-10 16:00:00+00:00,679.4600219726562,679.5700073242188,679.1300048828125,679.2899780273438,883533,6.521048102706036,-0.0002502946770190917
2026-04-10 16:05:00+00:00,679.2899780273438,679.5700073242188,679.1099853515625,679.375,368030,6.521173257875474,0.00012515516943789606
2026-04-10 16:10:00+00:00,679.3599853515625,680.1099853515625,679.3400268554688,679.9400024414062,387905,6.522004562573692,0.0008313046982184602
2026-04-10 16:15:00+00:00,679.9400024414062,680.094970703125,679.719970703125,679.8200073242188,191898,6.521828068020775,-0.00017649455291746108
2026-04-10 16:20:00+00:00,679.8699951171875,679.8900146484375,679.4400024414062,679.8701171875,207916,6.52190177579051,7.370776973480986e-05
2026-04-10 16:25:00+00:00,679.8800048828125,679.8851928710938,679.3800048828125,679.52001953125,247735,6.521386695307676,-0.0005150804828337741
2026-04-10 16:30:00+00:00,679.52001953125,679.7100219726562,679.2000732421875,679.380126953125,236316,6.521180804420136,-0.0002058908875399723
2026-04-10 16:35:00+00:00,679.3901977539062,679.4099731445312,678.97998046875,679.0800170898438,283016,6.520738966108604,-0.00044183831153166153
2026-04-10 16:40:00+00:00,679.0900268554688,679.1599731445312,678.5,678.6699829101562,453479,6.5201349754002225,-0.0006039907083819074
2026-04-10 16:45:00+00:00,678.6699829101562,679.25,678.6199951171875,679.219970703125,380682,6.520945037838022,0.0008100624377993526
2026-04-10 16:50:00+00:00,679.2100219726562,679.6799926757812,679.010009765625,679.510009765625,439084,6.521371964557936,0.00042692671991417797
2026-04-10 16:55:00+00:00,679.52001953125,679.5800170898438,679.3200073242188,679.489990234375,262773,6.521342502407456,-2.9462150480163984e-05
2026-04-10 17:00:00+00:00,679.469970703125,679.4890747070312,678.760009765625,678.7999267578125,317270,6.5203264254605555,-0.0010160769469003128
2026-04-10 17:05:00+00:00,678.7999877929688,679.02001953125,678.6099853515625,678.9099731445312,319157,6.520488531352201,0.0001621058916452256
2026-04-10 17:10:00+00:00,678.9099731445312,679.1799926757812,678.6799926757812,679.0999755859375,274863,6.52076835616913,0.0002798248169293416
2026-04-10 17:15:00+00:00,679.1199951171875,679.2271118164062,678.7999877929688,679.010009765625,175682,6.520635869372899,-0.00013248679623067972
2026-04-10 17:20:00+00:00,679.0250244140625,679.0399780273438,678.5900268554688,678.8200073242188,196482,6.520356007475232,-0.0002798618976678213
2026-04-10 17:25:00+00:00,678.8200073242188,679.0900268554688,678.5900268554688,678.6701049804688,203102,6.520135155267175,-0.0002208522080566766
2026-04-10 17:30:00+00:00,678.6500244140625,679.02001953125,678.4500122070312,678.844970703125,283046,6.520392781464858,0.000257626197683436
2026-04-10 17:35:00+00:00,678.8400268554688,679.0399780273438,678.6901245117188,678.9849853515625,195699,6.520599014429906,0.00020623296504762578
2026-04-10 17:40:00+00:00,678.97998046875,679.25,678.77001953125,679.1749877929688,245093,6.520878808336961,0.00027979390705468177
2026-04-10 17:45:00+00:00,679.1799926757812,679.3099975585938,679.0999755859375,679.25,230318,6.520989248306457,0.00011043996949666735
2026-04-10 17:50:00+00:00,679.25,679.530029296875,679.2293701171875,679.5050048828125,305335,6.521364599101693,0.0003753507952355406
2026-04-10 17:55:00+00:00,679.5025024414062,679.530029296875,679.3599853515625,679.4500122070312,142715,6.521283665332554,-8.093376913897998e-05
2026-04-10 18:00:00+00:00,679.4500122070312,679.4749755859375,679.0020141601562,679.0449829101562,263970,6.52068737412746,-0.0005962912050936353
2026-04-10 18:05:00+00:00,679.0399780273438,679.1699829101562,678.8499755859375,678.994873046875,890014,6.52061357678921,-7.379733825008117e-05
2026-04-10 18:10:00+00:00,678.989990234375,679.280029296875,678.9400024414062,679.1400146484375,183958,6.520827313441482,0.0002137366522720896
2026-04-10 18:15:00+00:00,679.1599731445312,679.530029296875,679.1500244140625,679.4949951171875,194815,6.521349868026453,0.000522554584970969
2026-04-10 18:20:00+00:00,679.4949951171875,679.7000122070312,679.4299926757812,679.489990234375,370207,6.521342502407456,-7.3656189973903e-06
2026-04-10 18:25:00+00:00,679.4700927734375,679.5399780273438,679.3300170898438,679.4000244140625,231973,6.5212100916612235,-0.00013241074623238092
2026-04-10 18:30:00+00:00,679.4149780273438,679.4600219726562,679.1500244140625,679.3499755859375,273979,6.521136422732947,-7.366892827675997e-05
2026-04-10 18:35:00+00:00,679.3400268554688,679.4199829101562,679.1199951171875,679.219970703125,311224,6.520945037838022,-0.0001913848949248731
2026-04-10 18:40:00+00:00,679.219970703125,679.3099975585938,678.8699951171875,679.0700073242188,276666,6.520724225814166,-0.00022081202385582088
2026-04-10 18:45:00+00:00,679.0599975585938,679.2473754882812,679.0100708007812,679.1400146484375,184930,6.520827313441482,0.0001030876273162562
2026-04-10 18:50:00+00:00,679.1199951171875,679.2899780273438,679.0700073242188,679.2899780273438,286752,6.521048102706036,0.0002207892645538223
2026-04-10 18:55:00+00:00,679.27001953125,679.3699951171875,679.1099853515625,679.3099975585938,372708,6.521077573531314,2.9470825277932988e-05
2026-04-10 19:00:00+00:00,679.3200073242188,679.6400146484375,679.2899780273438,679.5794067382812,488260,6.521474087305526,0.00039651377421190404
2026-04-10 19:05:00+00:00,679.5750122070312,679.739990234375,679.510009765625,679.5750122070312,279845,6.521467620738977,-6.466566548901653e-06
2026-04-10 19:10:00+00:00,679.5800170898438,679.989990234375,679.5499877929688,679.9600219726562,1116714,6.5220340052251995,0.000566384486222482
2026-04-10 19:15:00+00:00,679.9500122070312,679.9600219726562,679.75,679.864990234375,322565,6.52189423468475,-0.0001397705404491134
2026-04-10 19:20:00+00:00,679.864990234375,679.97998046875,679.5900268554688,679.6497192382812,337478,6.521577546683667,-0.00031668800108342055
2026-04-10 19:25:00+00:00,679.6400146484375,679.6799926757812,679.4500122070312,679.6400756835938,304601,6.521563357575909,-1.4189107758078023e-05
2026-04-10 19:30:00+00:00,679.6500244140625,679.6500244140625,679.3099975585938,679.3870239257812,357369,6.521190956229667,-0.00037240134624205723
2026-04-10 19:35:00+00:00,679.3900146484375,679.489990234375,678.969970703125,679.0700073242188,517402,6.520724225814166,-0.0004667304155008267
2026-04-10 19:40:00+00:00,679.0599975585938,679.25,678.739990234375,679.1099853515625,661059,6.520783095813092,5.886999892634748e-05
2026-04-10 19:45:00+00:00,679.0999755859375,679.260009765625,678.6599731445312,678.8400268554688,1478572,6.520385498703886,-0.0003975971092060604
2026-04-10 19:50:00+00:00,678.8499755859375,679.2598876953125,678.6699829101562,678.8499755859375,1339513,6.520400154082435,1.4655378548944498e-05
2026-04-10 19:55:00+00:00,678.8699951171875,679.5399780273438,678.739990234375,679.3400268554688,2269349,6.5211217781408015,0.0007216240583662881
2026-04-13 13:30:00+00:00,677.4099731445312,677.9299926757812,676.989990234375,677.5,3682343,6.518409552753856,-0.002712225386945377
2026-04-13 13:35:00+00:00,677.47998046875,677.5,676.5800170898438,677.25,626392,6.518040480965205,-0.00036907178865153156
2026-04-13 13:40:00+00:00,677.25,677.469970703125,676.830078125,676.969970703125,581265,6.51762691550771,-0.0004135654574950465
2026-04-13 13:45:00+00:00,676.9400024414062,678.969970703125,676.7000122070312,678.7899780273438,858673,6.520311769001438,0.0026848534937284896
2026-04-13 13:50:00+00:00,678.77001953125,679.405029296875,678.0,678.6599731445312,1208186,6.520120226200029,-0.00019154280140920577
2026-04-13 13:55:00+00:00,678.6699829101562,679.72998046875,678.4400024414062,679.7100219726562,713700,6.521666268943988,0.0015460427439588642
2026-04-13 14:00:00+00:00,679.719970703125,680.02001953125,678.8599853515625,679.3099975585938,895148,6.521077573531314,-0.000588695412673701
2026-04-13 14:05:00+00:00,679.3009033203125,679.7899780273438,679.1199951171875,679.3599853515625,451713,6.521151156952778,7.358342146357444e-05
2026-04-13 14:10:00+00:00,679.3350219726562,679.3699951171875,678.8599853515625,679.0700073242188,304465,6.520724225814166,-0.00042693113861158594
2026-04-13 14:15:00+00:00,679.0599975585938,679.1099853515625,678.5449829101562,679.005615234375,366019,6.520629397383669,-9.482843049735123e-05
2026-04-13 14:20:00+00:00,679.010009765625,679.510009765625,678.4000244140625,679.4849853515625,687167,6.521335136734206,0.0007057393505371934
2026-04-13 14:25:00+00:00,679.47998046875,679.5900268554688,679.1699829101562,679.5687866210938,360768,6.521458459698118,0.00012332296391193154
2026-04-13 14:30:00+00:00,679.5700073242188,679.97998046875,679.4400024414062,679.7512817382812,331289,6.521726969113276,0.00026850941515821347
2026-04-13 14:35:00+00:00,679.72998046875,679.72998046875,679.3099975585938,679.510009765625,188840,6.521371964557936,-0.0003550045553399883
2026-04-13 14:40:00+00:00,679.510009765625,680.0999755859375,679.469970703125,679.97998046875,270371,6.522063357249641,0.0006913926917047064
2026-04-13 14:45:00+00:00,679.97998046875,680.0800170898438,679.5,679.5999755859375,352399,6.5215043538736115,-0.0005590033760292101
2026-04-13 14:50:00+00:00,679.6099853515625,680.239990234375,679.5,680.114990234375,299139,6.522261887159649,0.0007575332860376705
2026-04-13 14:55:00+00:00,680.1099853515625,680.6599731445312,679.8599853515625,680.5213012695312,523556,6.522859123981525,0.0005972368218758461
2026-04-13 15:00:00+00:00,680.530029296875,680.530029296875,679.72998046875,679.780029296875,554167,6.521769259509039,-0.0010898644724859352
2026-04-13 15:05:00+00:00,679.7849731445312,680.0797729492188,679.6400146484375,679.97998046875,520644,6.522063357249641,0.00029409774060162874
2026-04-13 15:10:00+00:00,679.97998046875,680.3098754882812,679.8099975585938,680.010009765625,221824,6.5221075183053765,4.4161055735791876e-05
2026-04-13 15:15:00+00:00,680.010009765625,680.1699829101562,679.6199951171875,679.6799926757812,410433,6.521622088397484,-0.00048542990789268714
2026-04-13 15:20:00+00:00,679.6749877929688,680.0700073242188,679.5999755859375,679.6500244140625,281202,6.521577995702779,-4.409269470517785e-05
2026-04-13 15:25:00+00:00,679.6400146484375,679.8499755859375,679.469970703125,679.510009765625,335694,6.521371964557936,-0.0002060311448426333
2026-04-13 15:30:00+00:00,679.530029296875,679.5999755859375,679.219970703125,679.469970703125,287486,6.521313039388931,-5.892516900463107e-05
2026-04-13 15:35:00+00:00,679.469970703125,680.260009765625,679.3701171875,679.9600219726562,342501,6.5220340052251995,0.0007209658362681282
2026-04-13 15:40:00+00:00,679.9600219726562,680.0499877929688,679.4299926757812,679.510009765625,234285,6.521371964557936,-0.0006620406672634971
2026-04-13 15:45:00+00:00,679.5150146484375,679.6400146484375,679.280029296875,679.469970703125,204220,6.521313039388931,-5.892516900463107e-05
2026-04-13 15:50:00+00:00,679.469970703125,679.52001953125,679.3200073242188,679.3399047851562,184173,6.521121598451223,-0.00019144093770862014
2026-04-13 15:55:00+00:00,679.3250122070312,679.6500244140625,679.3099975585938,679.47998046875,198883,6.521327771006702,0.00020617255547961122
2026-04-13 16:00:00+00:00,679.4700927734375,679.5900268554688,679.0150146484375,679.2100219726562,227124,6.520930390442834,-0.00039738056386795506
2026-04-13 16:05:00+00:00,679.2100219726562,680.4000244140625,679.059326171875,679.719970703125,467527,6.521680905564517,0.000750515121682227
2026-04-13 16:10:00+00:00,679.7100219726562,680.0800170898438,679.6400146484375,679.875,263791,6.521908957743125,0.00022805217860799587
2026-04-13 16:15:00+00:00,679.8800048828125,680.239990234375,679.719970703125,680.2000122070312,356491,6.522386890519333,0.0004779327762083341
2026-04-13 16:20:00+00:00,680.2100219726562,680.9099731445312,680.2100219726562,680.719970703125,442360,6.523151018503231,0.000764127983898355
2026-04-13 16:25:00+00:00,680.719970703125,681.6199951171875,680.6300048828125,681.3900146484375,570411,6.52413485094931,0.0009838324460789138
2026-04-13 16:30:00+00:00,681.3800048828125,682.0,681.1400146484375,681.3499755859375,791572,6.524076088363933,-5.8762585377181153e-05
2026-04-13 16:35:00+00:00,681.3599853515625,682.3200073242188,681.3300170898438,681.47998046875,612065,6.524266875017292,0.00019078665335925393
2026-04-13 16:40:00+00:00,681.47998046875,681.8499755859375,680.7000122070312,681.5499877929688,670276,6.524369598106161,0.00010272308886882797
2026-04-13 16:45:00+00:00,681.52001953125,682.3699951171875,681.489990234375,682.0399780273438,696539,6.525088274933869,0.0007186768277076538
2026-04-13 16:50:00+00:00,682.0800170898438,682.8300170898438,681.97998046875,682.1199951171875,701061,6.525205588286424,0.00011731335255493747
2026-04-13 16:55:00+00:00,682.1099853515625,682.385009765625,681.8400268554688,682.3099975585938,358589,6.525484096445369,0.0002785081589449234
2026-04-13 17:00:00+00:00,682.3200073242188,682.5499877929688,682.1799926757812,682.47998046875,353722,6.525733193982385,0.00024909753701596316
2026-04-13 17:05:00+00:00,682.489990234375,682.5399780273438,682.0900268554688,682.239990234375,317013,6.525381487783309,-0.00035170619907543
2026-04-13 17:10:00+00:00,682.22998046875,682.3599853515625,682.1699829101562,682.3099975585938,259725,6.525484096445369,0.00010260866205946684
2026-04-13 17:15:00+00:00,682.3099975585938,682.8200073242188,682.2750244140625,682.5700073242188,362473,6.525865096632696,0.00038100018732745156
2026-04-13 17:20:00+00:00,682.5700073242188,682.5700073242188,682.2700805664062,682.2899780273438,265804,6.525454755200154,-0.0004103414325422605
2026-04-13 17:25:00+00:00,682.2949829101562,682.5,682.280029296875,682.47998046875,281709,6.525733193982385,0.0002784387822307721
2026-04-13 17:30:00+00:00,682.489990234375,682.7000122070312,682.3400268554688,682.3499755859375,282593,6.525542686904738,-0.00019050707764645125
2026-04-13 17:35:00+00:00,682.3499755859375,682.4199829101562,682.0999755859375,682.260009765625,294458,6.525410831178328,-0.00013185572641027932
2026-04-13 17:40:00+00:00,682.25,682.3699951171875,682.1199951171875,682.1599731445312,238633,6.5252641950655095,-0.00014663611281839906
2026-04-13 17:45:00+00:00,682.1500244140625,682.219970703125,682.030029296875,682.0650024414062,275012,6.525124964799273,-0.00013923026623618995
2026-04-13 17:50:00+00:00,682.0650024414062,682.25,681.8699951171875,682.1799926757812,308587,6.525293541902446,0.0001685771031727512
2026-04-13 17:55:00+00:00,682.1699829101562,682.3107299804688,682.0900268554688,682.1400146484375,227034,6.525234936843309,-5.860505913712899e-05
2026-04-13 18:00:00+00:00,682.1500244140625,682.5499877929688,682.1500244140625,682.3900146484375,518840,6.525601363374686,0.00036642653137697323
2026-04-13 18:05:00+00:00,682.3800048828125,682.5449829101562,682.3099975585938,682.4949951171875,357691,6.525755193870597,0.00015383049591122244
2026-04-13 18:10:00+00:00,682.489990234375,682.619873046875,682.47998046875,682.5650024414062,234703,6.525857764196305,0.00010257032570759606
2026-04-13 18:15:00+00:00,682.5601196289062,682.6199951171875,682.47998046875,682.489990234375,176741,6.525747860628303,-0.00010990356800189005
2026-04-13 18:20:00+00:00,682.489990234375,682.6500244140625,682.3499755859375,682.3800048828125,181804,6.52558669457997,-0.00016116604833271708
2026-04-13 18:25:00+00:00,682.3994750976562,682.4749755859375,682.2100219726562,682.375,332449,6.525579360101922,-7.334478048015569e-06
2026-04-13 18:30:00+00:00,682.3699951171875,682.5700073242188,682.27001953125,682.5349731445312,198231,6.525813768448862,0.00023440834694010704
2026-04-13 18:35:00+00:00,682.52001953125,682.6799926757812,682.4600219726562,682.614990234375,255071,6.525930996727193,0.0001172282783308276
2026-04-13 18:40:00+00:00,682.614990234375,682.8099975585938,682.5399780273438,682.7890014648438,340949,6.526185882801159,0.00025488607396617624
2026-04-13 18:45:00+00:00,682.7899780273438,683.22998046875,682.7899780273438,683.0999755859375,717549,6.526641225997703,0.0004553431965437227
2026-04-13 18:50:00+00:00,683.0999755859375,683.4000244140625,683.030029296875,683.3599243164062,420694,6.527021696340993,0.0003804703432903622
2026-04-13 18:55:00+00:00,683.3400268554688,683.469970703125,683.25,683.2949829101562,340571,6.526926659318911,-9.503702208224496e-05
2026-04-13 19:00:00+00:00,683.2899780273438,683.5700073242188,683.2700805664062,683.3699951171875,468578,6.527036433416166,0.00010977409725487774
2026-04-13 19:05:00+00:00,683.364990234375,683.3699951171875,683.1199951171875,683.27880859375,296399,6.52690298797894,-0.0001334454372257099
2026-04-13 19:10:00+00:00,683.27001953125,683.2999877929688,683.0399780273438,683.1849975585938,467670,6.526765683156256,-0.00013730482268403676
2026-04-13 19:15:00+00:00,683.1849975585938,683.5,683.138916015625,683.4500122070312,375505,6.527153518459561,0.0003878353033046622
2026-04-13 19:20:00+00:00,683.4550170898438,683.7999877929688,683.4000244140625,683.760009765625,554349,6.527606993140004,0.00045347468044276695
2026-04-13 19:25:00+00:00,683.760009765625,683.8400268554688,683.719970703125,683.8049926757812,584385,6.527672778547047,6.578540704360591e-05
2026-04-13 19:30:00+00:00,683.7999877929688,684.260009765625,683.6599731445312,684.0999755859375,756245,6.528104070079095,0.0004312915320481281
2026-04-13 19:35:00+00:00,684.0999755859375,684.5,684.0,684.1799926757812,818485,6.528221030192217,0.00011696011312167798
2026-04-13 19:40:00+00:00,684.1699829101562,684.27001953125,683.9401245117188,684.185302734375,648306,6.528228791363319,7.761171102238507e-06
2026-04-13 19:45:00+00:00,684.1699829101562,684.1900024414062,683.780029296875,684.0700073242188,916221,6.528060262274367,-0.00016852908895259588
2026-04-13 19:50:00+00:00,684.0700073242188,685.8900146484375,684.0599975585938,685.6599731445312,2719105,6.530381838872829,0.002321576598462549
2026-04-13 19:55:00+00:00,685.6699829101562,686.2999877929688,685.6699829101562,686.010009765625,5764969,6.53089221911451,0.000510380241681041
2026-04-14 13:30:00+00:00,687.6900024414062,688.6199951171875,687.6599731445312,688.47998046875,3230803,6.534486240721637,0.0035940216071264075
2026-04-14 13:35:00+00:00,688.4600219726562,689.3499755859375,688.4000244140625,689.030029296875,1551496,6.535284853949069,0.0007986132274320212
2026-04-14 13:40:00+00:00,689.0399780273438,689.9650268554688,688.97998046875,689.8250122070312,1276555,6.536437959930937,0.00115310598186813
2026-04-14 13:45:00+00:00,689.8259887695312,689.8699951171875,689.3800048828125,689.7691040039062,1016081,6.536356909711167,-8.105021976945181e-05
2026-04-14 13:50:00+00:00,689.7650146484375,689.8599853515625,689.469970703125,689.5974731445312,498537,6.536108055109201,-0.00024885460196610865
2026-04-14 13:55:00+00:00,689.5900268554688,689.75,689.4219970703125,689.489990234375,344994,6.5359521797014,-0.00015587540780082065
2026-04-14 14:00:00+00:00,689.489990234375,689.8200073242188,689.4600219726562,689.630126953125,1008021,6.536155405972246,0.000203226270845569
2026-04-14 14:05:00+00:00,689.6500244140625,690.4199829101562,689.5800170898438,690.3800048828125,985336,6.537242177708473,0.0010867717362268436
2026-04-14 14:10:00+00:00,690.3699951171875,690.9000244140625,690.1500244140625,690.8798828125,926415,6.5379659777058,0.0007237999973268572
2026-04-14 14:15:00+00:00,690.8699951171875,691.0499877929688,690.5800170898438,690.6599731445312,943289,6.537647623271249,-0.0003183544345510825
2026-04-14 14:20:00+00:00,690.6599731445312,691.0,690.6300048828125,690.7899780273438,563930,6.537835838389844,0.00018821511859545836
2026-04-14 14:25:00+00:00,690.7899169921875,691.030029296875,690.6400146484375,690.97998046875,593206,6.538110851522725,0.0002750131328808081
2026-04-14 14:30:00+00:00,690.989990234375,691.010009765625,690.7899780273438,690.875,520671,6.537958910153427,-0.00015194136929785884
2026-04-14 14:35:00+00:00,690.875,691.3757934570312,690.7999877929688,690.8200073242188,794271,6.537879308395414,-7.960175801269287e-05
2026-04-14 14:40:00+00:00,690.8200073242188,691.0,690.6099853515625,690.8599853515625,993955,6.537937177116922,5.786872150803646e-05
2026-04-14 14:45:00+00:00,690.864990234375,691.469970703125,690.8599853515625,691.3200073242188,567231,6.538602824126834,0.0006656470099120071
2026-04-14 14:50:00+00:00,691.3200073242188,691.6798706054688,691.0900268554688,691.6500244140625,601461,6.5390800826191136,0.0004772584922791978
2026-04-14 14:55:00+00:00,691.6500244140625,691.6699829101562,691.4199829101562,691.5399169921875,508592,6.538920874662475,-0.00015920795663859622
2026-04-14 15:00:00+00:00,691.530029296875,691.5700073242188,691.239990234375,691.239990234375,505628,6.5384870720581,-0.00043380260437508866
2026-04-14 15:05:00+00:00,691.25,691.280029296875,690.9000244140625,690.989990234375,567148,6.538125337750121,-0.00036173430797870054
2026-04-14 15:10:00+00:00,690.969970703125,691.1599731445312,690.9000244140625,690.9849853515625,415408,6.5381180946626545,-7.2430874666906675e-06
2026-04-14 15:15:00+00:00,690.9893188476562,691.7100219726562,690.9400024414062,691.5900268554688,425218,6.538993333311102,0.0008752386484474073
2026-04-14 15:20:00+00:00,691.5999755859375,692.0399780273438,691.510009765625,691.9199829101562,800807,6.539470317299095,0.00047698398799322916
2026-04-14 15:25:00+00:00,691.9299926757812,692.469970703125,691.9199829101562,692.25,1054627,6.539947162051071,0.00047684475197584675
2026-04-14 15:30:00+00:00,692.25,692.6300048828125,692.239990234375,692.469970703125,513582,6.540264873515669,0.00031771146459824706
2026-04-14 15:35:00+00:00,692.469970703125,692.780029296875,692.4600219726562,692.6900024414062,460504,6.54058257218499,0.0003176986693205208
2026-04-14 15:40:00+00:00,692.6849975585938,693.1599731445312,692.47998046875,692.8200073242188,736437,6.540770235763423,0.00018766357843347237
2026-04-14 15:45:00+00:00,692.8099975585938,693.0800170898438,692.8099975585938,692.9299926757812,700506,6.540928973417103,0.00015873765368024095
2026-04-14 15:50:00+00:00,692.9202270507812,693.2999877929688,692.9199829101562,693.1950073242188,443023,6.54131135545576,0.0003823820386568144
2026-04-14 15:55:00+00:00,693.2000122070312,693.22998046875,692.8300170898438,692.8599853515625,929789,6.540827937437066,-0.0004834180186943371
2026-04-14 16:00:00+00:00,692.8599853515625,693.1699829101562,692.780029296875,693.0850219726562,943302,6.541152678493719,0.00032474105665336594
2026-04-14 16:05:00+00:00,693.0900268554688,693.155029296875,692.9199829101562,693.0650024414062,370654,6.541123793407836,-2.888508588316796e-05
2026-04-14 16:10:00+00:00,693.0650024414062,693.1799926757812,692.9000244140625,693.02001953125,337458,6.5410588869851285,-6.490642270762237e-05
2026-04-14 16:15:00+00:00,693.0250244140625,693.2899780273438,692.9600219726562,693.27001953125,380640,6.541419561873739,0.00036067488861046826
2026-04-14 16:20:00+00:00,693.2700805664062,693.5,693.1900024414062,693.47998046875,530636,6.541722371953572,0.0003028100798330158
2026-04-14 16:25:00+00:00,693.47998046875,693.719970703125,693.4400024414062,693.594970703125,694226,6.5418881744353214,0.00016580248174946632
2026-04-14 16:30:00+00:00,693.5900268554688,693.719970703125,693.2996826171875,693.3200073242188,998881,6.54149166363709,-0.000396510798231553
2026-04-14 16:35:00+00:00,693.3300170898438,693.489990234375,693.1900024414062,693.4099731445312,518938,6.541621416107586,0.0001297524704959585
2026-04-14 16:40:00+00:00,693.405029296875,693.5399780273438,693.3099975585938,693.47998046875,552698,6.541722371953572,0.00010095584598612817
2026-04-14 16:45:00+00:00,693.5,693.6599731445312,693.4099731445312,693.6099853515625,412766,6.5419098217749925,0.00018744982142049338
2026-04-14 16:50:00+00:00,693.614990234375,693.6400146484375,693.1099853515625,693.1300048828125,651672,6.541217578829238,-0.0006922429457540957
2026-04-14 16:55:00+00:00,693.1300048828125,693.1799926757812,692.8300170898438,692.9500122070312,529339,6.540957864130846,-0.000259714698392699
2026-04-14 17:00:00+00:00,692.9530029296875,693.2899780273438,692.9500122070312,693.1649780273438,382097,6.541268034388798,0.0003101702579524357
2026-04-14 17:05:00+00:00,693.1599731445312,693.3800048828125,693.0800170898438,693.14501953125,367616,6.54123924069023,-2.8793698567675108e-05
2026-04-14 17:10:00+00:00,693.1500244140625,693.3200073242188,693.1199951171875,693.25,197815,6.541390684495887,0.0001514438056569034
2026-04-14 17:15:00+00:00,693.2550048828125,693.739990234375,693.22998046875,693.6950073242188,461127,6.542032393196866,0.0006417087009786826
2026-04-14 17:20:00+00:00,693.6950073242188,694.0599975585938,693.6699829101562,693.9099731445312,697526,6.542342230398459,0.00030983720159305506
2026-04-14 17:25:00+00:00,693.9199829101562,693.9400024414062,693.6500244140625,693.739990234375,483404,6.542097236465562,-0.0002449939328972306
2026-04-14 17:30:00+00:00,693.739990234375,694.0599975585938,693.7349853515625,694.0,204086,6.542471960506805,0.0003747240412428354
2026-04-14 17:35:00+00:00,694.010009765625,694.0999755859375,693.8300170898438,693.9349975585938,400922,6.542378292659869,-9.366784693565222e-05
2026-04-14 17:40:00+00:00,693.9400024414062,694.0800170898438,693.8599853515625,694.0150146484375,271713,6.542493595212885,0.00011530255301561709
2026-04-14 17:45:00+00:00,694.0150146484375,694.0900268554688,693.9099731445312,693.9849853515625,1296432,6.542450325332654,-4.3269880230845104e-05
2026-04-14 17:50:00+00:00,693.989990234375,694.0499877929688,693.5999755859375,693.6900024414062,534360,6.542025178353435,-0.00042514697921891553
2026-04-14 17:55:00+00:00,693.6900024414062,693.77001953125,693.5800170898438,693.7249755859375,305021,6.5420755931825845,5.041482914958095e-05
2026-04-14 18:00:00+00:00,693.719970703125,693.9349975585938,693.7100219726562,693.8400268554688,765920,6.542241425081764,0.00016583189917973584
2026-04-14 18:05:00+00:00,693.8300170898438,693.8699951171875,693.6799926757812,693.8400268554688,350157,6.542241425081764,0.0
2026-04-14 18:10:00+00:00,693.8400268554688,693.8400268554688,693.5,693.5449829101562,509360,6.541816101256462,-0.0004253238253024705
2026-04-14 18:15:00+00:00,693.5399780273438,693.5700073242188,692.72998046875,692.9500122070312,721468,6.540957864130846,-0.000858237125616057
2026-04-14 18:20:00+00:00,692.9558715820312,693.1300048828125,692.219970703125,692.3099975585938,904666,6.540033828658133,-0.000924035472712248
2026-04-14 18:25:00+00:00,692.3099975585938,692.8499755859375,692.1300048828125,692.5999755859375,757230,6.540452596718447,0.0004187680603138233
2026-04-14 18:30:00+00:00,692.5999755859375,692.8300170898438,692.530029296875,692.6550903320312,344449,6.540532170145001,7.957342655373623e-05
2026-04-14 18:35:00+00:00,692.6799926757812,693.0399780273438,692.6699829101562,692.9849853515625,370545,6.541008332795827,0.0004761626508260619
2026-04-14 18:40:00+00:00,692.97998046875,693.1900024414062,692.510009765625,692.5872802734375,385184,6.540434266615501,-0.0005740661803264047
2026-04-14 18:45:00+00:00,692.5800170898438,692.7999877929688,692.3200073242188,692.4099731445312,492011,6.540178226931036,-0.00025603968446485936
2026-04-14 18:50:00+00:00,692.4000244140625,692.75,692.35498046875,692.6300048828125,423500,6.5404959531246805,0.000317726193644674
2026-04-14 18:55:00+00:00,692.6199951171875,692.7999877929688,692.5607299804688,692.760009765625,355656,6.540683632957536,0.0001876798328552809
2026-04-14 19:00:00+00:00,692.760009765625,693.27001953125,692.6900024414062,693.2000122070312,465365,6.5413185754511325,0.0006349424935967463
2026-04-14 19:05:00+00:00,693.1900024414062,693.4600219726562,693.1799926757812,693.3770751953125,396393,6.541573971261221,0.00025539581008882095
2026-04-14 19:10:00+00:00,693.375,693.760009765625,693.2899780273438,693.5050048828125,480320,6.541758456575006,0.00018448531378467692
2026-04-14 19:15:00+00:00,693.5050048828125,693.8400268554688,693.5,693.6749877929688,1060316,6.54200353351081,0.0002450769358040006
2026-04-14 19:20:00+00:00,693.6699829101562,694.0999755859375,693.6500244140625,694.0700073242188,1609268,6.542572830526196,0.0005692970153861054
2026-04-14 19:25:00+00:00,694.0800170898438,694.2698974609375,694.0599975585938,694.239990234375,545104,6.542817707983399,0.00024487745720325194
2026-04-14 19:30:00+00:00,694.22998046875,694.5800170898438,693.9500122070312,693.969970703125,872769,6.5424286896904125,-0.00038901829298687574
2026-04-14 19:35:00+00:00,693.969970703125,694.4000244140625,693.72998046875,694.3200073242188,585583,6.542932959884754,0.0005042701943418493
2026-04-14 19:40:00+00:00,694.3200073242188,694.3499755859375,693.8599853515625,694.0700073242188,679421,6.542572830526196,-0.0003601293585582255
2026-04-14 19:45:00+00:00,694.0599975585938,694.1799926757812,693.8400268554688,694.0499877929688,721932,6.542543986433003,-2.8844093193036713e-05
2026-04-14 19:50:00+00:00,694.0499877929688,694.3900146484375,693.4099731445312,693.530029296875,1527680,6.541794539894386,-0.0007494465386166382
2026-04-14 19:55:00+00:00,693.5399780273438,694.4099731445312,693.5399780273438,694.39501953125,2151148,6.543040990986389,0.0012464510920029426
2026-04-15 13:30:00+00:00,695.260009765625,695.8400268554688,695.0800170898438,695.75,2354310,6.544990400406,0.0019494094196108591
2026-04-15 13:35:00+00:00,695.7899780273438,696.3099975585938,695.489990234375,696.280029296875,1201549,6.545751920360791,0.0007615199547910123
2026-04-15 13:40:00+00:00,696.280029296875,696.3499755859375,694.2000122070312,694.3900146484375,1113606,6.543033783416191,-0.0027181369446003245
2026-04-15 13:45:00+00:00,694.3800048828125,695.2899780273438,694.3800048828125,695.02001953125,705651,6.543940650230869,0.000906866814678331
2026-04-15 13:50:00+00:00,695.030029296875,695.1900024414062,694.52001953125,695.02001953125,471065,6.543940650230869,0.0
2026-04-15 13:55:00+00:00,695.010009765625,695.7100219726562,695.010009765625,695.6799926757812,437630,6.5448897739646466,0.0009491237337773129
2026-04-15 14:00:00+00:00,695.6799926757812,695.760009765625,695.1199951171875,695.2666015625,393896,6.544295371379867,-0.0005944025847792744
2026-04-15 14:05:00+00:00,695.27001953125,695.5599975585938,695.0,695.4500732421875,462371,6.544559223369386,0.0002638519895183933
2026-04-15 14:10:00+00:00,695.4600219726562,695.969970703125,695.3599853515625,695.9351196289062,476936,6.54525643706528,0.000697213695894483
2026-04-15 14:15:00+00:00,695.9500122070312,696.3699951171875,695.780029296875,695.9000244140625,1153146,6.545206006933521,-5.04301317594269e-05
2026-04-15 14:20:00+00:00,695.8699951171875,696.9199829101562,695.8699951171875,696.6300048828125,753768,6.5462544303359005,0.0010484234023797612
2026-04-15 14:25:00+00:00,696.635009765625,696.9400024414062,696.5700073242188,696.9199829101562,743670,6.546670602032745,0.0004161716968447138
2026-04-15 14:30:00+00:00,696.9199829101562,697.0700073242188,696.4600219726562,696.5,796439,6.54606779321986,-0.0006028088128848808
2026-04-15 14:35:00+00:00,696.5,696.760009765625,695.9299926757812,696.0288696289062,601970,6.5453911388260515,-0.0006766543938088176
2026-04-15 14:40:00+00:00,696.030029296875,696.8200073242188,696.030029296875,696.739990234375,750418,6.546412299892696,0.0010211610666441828
2026-04-15 14:45:00+00:00,696.7449951171875,697.02001953125,696.6129150390625,697.02001953125,420791,6.5468141327745135,0.00040183288181783183
2026-04-15 14:50:00+00:00,697.02001953125,697.1400146484375,696.6500244140625,696.7100219726562,544288,6.5463692868510215,-0.0004448459234920321
2026-04-15 14:55:00+00:00,696.6799926757812,696.989990234375,696.6199951171875,696.72998046875,335723,6.546397933216936,2.8646365914930527e-05
2026-04-15 15:00:00+00:00,696.739990234375,696.9500122070312,696.52001953125,696.8997802734375,466071,6.546641613153044,0.0002436799361076325
2026-04-15 15:05:00+00:00,696.8900146484375,697.0,696.4400024414062,696.6699829101562,418296,6.5463118164375365,-0.00032979671550759093
2026-04-15 15:10:00+00:00,696.6799926757812,697.3200073242188,696.6300048828125,697.2999267578125,579662,6.547215629190121,0.000903812752584443
2026-04-15 15:15:00+00:00,697.2999877929688,697.4400024414062,697.1599731445312,697.3599853515625,1032252,6.54730175569776,8.612650763950569e-05
2026-04-15 15:20:00+00:00,697.3699951171875,697.5,697.239990234375,697.344970703125,1038362,6.547280224766257,-2.153093150347729e-05
2026-04-15 15:25:00+00:00,697.344970703125,697.5599975585938,697.2700805664062,697.3699951171875,421291,6.547316109394555,3.588462829817729e-05
2026-04-15 15:30:00+00:00,697.3699951171875,697.3900146484375,696.8200073242188,696.9099731445312,623688,6.546656239067476,-0.0006598703270794815
2026-04-15 15:35:00+00:00,696.9099731445312,697.18701171875,696.8499755859375,697.10498046875,490882,6.546936017021055,0.00027977795357969626
2026-04-15 15:40:00+00:00,697.1099853515625,697.5499877929688,697.0999755859375,697.4199829101562,351958,6.547387787272626,0.00045177025157094874
2026-04-15 15:45:00+00:00,697.4199829101562,697.5599975585938,697.3300170898438,697.4298706054688,383142,6.547401964705829,1.4177433202533507e-05
2026-04-15 15:50:00+00:00,697.4299926757812,697.510009765625,697.1900024414062,697.219970703125,321626,6.547100957388133,-0.00030100731769611144
2026-04-15 15:55:00+00:00,697.22998046875,697.2349853515625,696.905029296875,697.010009765625,407978,6.546799771870638,-0.0003011855174950284
2026-04-15 16:00:00+00:00,697.010009765625,697.1492919921875,696.7999877929688,697.0599975585938,433877,6.546871486766917,7.171489627921801e-05
2026-04-15 16:05:00+00:00,697.0599975585938,697.469970703125,696.9299926757812,697.4299926757812,499627,6.547402139734612,0.0005306529676953886
2026-04-15 16:10:00+00:00,697.4298095703125,697.4400024414062,697.22998046875,697.3701171875,210163,6.5473162844383666,-8.58552962457182e-05
2026-04-15 16:15:00+00:00,697.3800048828125,697.5900268554688,697.219970703125,697.5800170898438,444640,6.547617226957772,0.0003009425194058224
2026-04-15 16:20:00+00:00,697.5900268554688,697.7999877929688,697.5900268554688,697.7698974609375,592934,6.547889388614553,0.0002721616567802343
2026-04-15 16:25:00+00:00,697.760009765625,697.760009765625,697.3300170898438,697.3599243164062,610746,6.547301668174587,-0.0005877204399657998
2026-04-15 16:30:00+00:00,697.3599853515625,697.4400024414062,697.1199951171875,697.260009765625,379769,6.547158382468552,-0.00014328570603439061
2026-04-15 16:35:00+00:00,697.27001953125,697.4949951171875,697.1400146484375,697.169921875,500254,6.547029171399991,-0.0001292110685611192
2026-04-15 16:40:00+00:00,697.1500244140625,697.1599731445312,696.3499755859375,696.3900146484375,652325,6.5459098692622835,-0.0011193021377078338
2026-04-15 16:45:00+00:00,696.3699951171875,696.6950073242188,695.9600219726562,696.6649780273438,740644,6.546304632403614,0.00039476314133057855
2026-04-15 16:50:00+00:00,696.6799926757812,696.780029296875,695.97998046875,696.1649780273438,500356,6.545586669641104,-0.0007179627625104601
2026-04-15 16:55:00+00:00,696.1799926757812,696.6300048828125,695.7000122070312,696.530029296875,362304,6.546110906858832,0.0005242372177285404
2026-04-15 17:00:00+00:00,696.5599975585938,697.0700073242188,696.4099731445312,697.0399169921875,278413,6.546842678836871,0.0007317719780388643
2026-04-15 17:05:00+00:00,697.030029296875,697.4000244140625,696.97998046875,697.219970703125,708270,6.547100957388133,0.0002582785512617036
2026-04-15 17:10:00+00:00,697.22998046875,697.2999877929688,697.0,697.1599731445312,264599,6.547014901132239,-8.605625589375165e-05
2026-04-15 17:15:00+00:00,697.1599731445312,697.4500122070312,697.1599731445312,697.2899780273438,245119,6.547201361582942,0.0001864604507026968
2026-04-15 17:20:00+00:00,697.280029296875,697.3499755859375,697.0692749023438,697.2899780273438,226377,6.547201361582942,0.0
2026-04-15 17:25:00+00:00,697.2899780273438,697.6199951171875,697.25,697.4199829101562,349472,6.547387787272626,0.0001864256896846328
2026-04-15 17:30:00+00:00,697.4199829101562,697.8300170898438,697.3800048828125,697.7888793945312,453344,6.547916591959779,0.0005288046871525509
2026-04-15 17:35:00+00:00,697.7899780273438,698.0,697.6099853515625,697.6500244140625,559010,6.54771757933293,-0.00019901262684918208
2026-04-15 17:40:00+00:00,697.655029296875,697.6599731445312,697.280029296875,697.4674072265625,664868,6.547455784613143,-0.00026179471978693414
2026-04-15 17:45:00+00:00,697.469970703125,697.7000122070312,697.469970703125,697.5599975585938,256764,6.547588528001336,0.0001327433881934681
2026-04-15 17:50:00+00:00,697.5599975585938,697.8699951171875,697.5599975585938,697.739990234375,342253,6.547846526536927,0.0002579985355906089
2026-04-15 17:55:00+00:00,697.7401123046875,697.8699951171875,697.4500122070312,697.4801025390625,302610,6.547473986462906,-0.00037254007402065525
2026-04-15 18:00:00+00:00,697.489990234375,698.6199951171875,697.1900024414062,698.010009765625,1042970,6.548233443297978,0.0007594568350715036
2026-04-15 18:05:00+00:00,698.02001953125,698.219970703125,697.9500122070312,698.0999755859375,414516,6.548362324004199,0.00012888070622096848
2026-04-15 18:10:00+00:00,698.1099853515625,698.4600219726562,697.8599853515625,698.3150024414062,463450,6.548670293856358,0.0003079698521597507
2026-04-15 18:15:00+00:00,698.3200073242188,698.6500244140625,698.280029296875,698.364990234375,527013,6.548741874738525,7.158088216652203e-05
2026-04-15 18:20:00+00:00,698.3599853515625,698.530029296875,698.1799926757812,698.489990234375,470454,6.548920848221215,0.00017897348269002578
2026-04-15 18:25:00+00:00,698.4849853515625,698.5800170898438,698.2899780273438,698.5,369788,6.5489351786970165,1.4330475801571652e-05
2026-04-15 18:30:00+00:00,698.489990234375,699.030029296875,698.47998046875,699.030029296875,887309,6.549693701678529,0.0007585229815125771
2026-04-15 18:35:00+00:00,699.030029296875,699.2000122070312,698.760009765625,699.010009765625,793019,6.549665062253775,-2.8639424754395293e-05
2026-04-15 18:40:00+00:00,699.0,699.02001953125,698.5999755859375,698.8740844726562,573699,6.549470589344386,-0.00019447290938856554
2026-04-15 18:45:00+00:00,698.8900146484375,699.260009765625,698.8900146484375,699.260009765625,553269,6.550022646982292,0.0005520576379058895
2026-04-15 18:50:00+00:00,699.27001953125,699.5599975585938,699.22998046875,699.5029296875,683640,6.550369982356236,0.0003473353739442686
2026-04-15 18:55:00+00:00,699.5,699.8400268554688,699.4099731445312,699.6400146484375,612826,6.5505659379759695,0.00019595561973329012
2026-04-15 19:00:00+00:00,699.6400146484375,699.75,699.3900146484375,699.7349853515625,658662,6.550701671004315,0.00013573302834579692
2026-04-15 19:05:00+00:00,699.739990234375,699.9224853515625,699.739990234375,699.8499755859375,683098,6.550865991481947,0.00016432047763181856
2026-04-15 19:10:00+00:00,699.85498046875,699.9600219726562,699.4099731445312,699.469970703125,726709,6.550322863524453,-0.0005431279574938941
2026-04-15 19:15:00+00:00,699.469970703125,699.64990234375,699.3800048828125,699.6400146484375,899541,6.5505659379759695,0.0002430744515162786
2026-04-15 19:20:00+00:00,699.635009765625,699.8900146484375,699.5399780273438,699.8099975585938,591262,6.550808866139905,0.00024292816393511885
2026-04-15 19:25:00+00:00,699.8049926757812,700.030029296875,699.7100219726562,700.0,744910,6.551080335043404,0.0002714689034997164
2026-04-15 19:30:00+00:00,699.9949951171875,700.010009765625,699.6900024414062,699.97998046875,927555,6.551051735304079,-2.859973932523019e-05
2026-04-15 19:35:00+00:00,699.97998046875,700.1400146484375,699.52001953125,699.52001953125,923137,6.55039441346905,-0.0006573218350292009
2026-04-15 19:40:00+00:00,699.5250244140625,699.6900024414062,699.260009765625,699.52001953125,1160869,6.55039441346905,0.0
2026-04-15 19:45:00+00:00,699.510009765625,699.8400268554688,699.3300170898438,699.5499877929688,1366543,6.550437253729461,4.284026041112554e-05
2026-04-15 19:50:00+00:00,699.5499877929688,700.1099853515625,699.510009765625,699.8701171875,1216556,6.550894770952453,0.0004575172229923652
2026-04-15 19:55:00+00:00,699.8699951171875,700.280029296875,699.7100219726562,699.8400268554688,2618580,6.550851775862129,-4.299509032446025e-05
2026-04-16 13:30:00+00:00,701.0599975585938,701.2999877929688,700.52001953125,701.0499877929688,2153637,6.552579193754643,0.0017274178925141825
2026-04-16 13:35:00+00:00,701.0399780273438,701.1400146484375,700.5499877929688,700.6199951171875,694056,6.551965650346405,-0.0006135434082379376
2026-04-16 13:40:00+00:00,700.6500244140625,700.969970703125,700.1099853515625,700.8201293945312,659288,6.552251262660771,0.0002856123143661904
2026-04-16 13:45:00+00:00,700.8300170898438,700.9000244140625,700.3900146484375,700.6099853515625,656413,6.551951363233276,-0.00029989942749519827
2026-04-16 13:50:00+00:00,700.6300048828125,700.6300048828125,698.719970703125,698.75,1056768,6.549293024469309,-0.0026583387639673717
2026-04-16 13:55:00+00:00,698.77001953125,699.5900268554688,698.530029296875,699.47998046875,850121,6.55033717392293,0.0010441494536213014
2026-04-16 14:00:00+00:00,699.469970703125,699.5299072265625,698.719970703125,699.3499755859375,609872,6.550151297315664,-0.00018587660726598898
2026-04-16 14:05:00+00:00,699.3499755859375,699.9199829101562,699.1699829101562,699.6400146484375,670484,6.5505659379759695,0.0004146406603053876
2026-04-16 14:10:00+00:00,699.6500244140625,700.1500244140625,699.5601196289062,699.64501953125,745924,6.5505730914617715,7.153485801936199e-06
2026-04-16 14:15:00+00:00,699.6400146484375,699.844970703125,698.8599853515625,698.919921875,505479,6.549536174691228,-0.0010369167705430726
2026-04-16 14:20:00+00:00,698.9199829101562,699.1699829101562,698.6519775390625,699.0150146484375,632798,6.549672222186859,0.00013604749563089769
2026-04-16 14:25:00+00:00,698.989990234375,699.3499755859375,698.8200073242188,699.1400146484375,693344,6.549851029254335,0.0001788070674759723
2026-04-16 14:30:00+00:00,699.14990234375,699.43798828125,698.9299926757812,699.3200073242188,499486,6.550108444802792,0.0002574155484564855
2026-04-16 14:35:00+00:00,699.3099975585938,699.4400024414062,699.0100708007812,699.0599975585938,331439,6.549736571967491,-0.00037187283530037973
2026-04-16 14:40:00+00:00,699.0599975585938,699.52001953125,698.8699951171875,699.5,269306,6.550365794105536,0.0006292221380448382
2026-04-16 14:45:00+00:00,699.4849853515625,699.9500122070312,699.3699951171875,699.9500122070312,513812,6.551008921360696,0.0006431272551594702
2026-04-16 14:50:00+00:00,699.9500122070312,700.2100219726562,699.7899780273438,700.0700073242188,671436,6.551180340505861,0.00017141914516560774
2026-04-16 14:55:00+00:00,700.0700073242188,700.1201171875,699.5800170898438,699.9400024414062,313565,6.550994620572033,-0.00018571993382821006
2026-04-16 15:00:00+00:00,699.9299926757812,700.6300048828125,699.9299926757812,700.5399780273438,508651,6.551851434851438,0.0008568142794045386
2026-04-16 15:05:00+00:00,700.530029296875,701.1300048828125,700.3099975585938,700.97998046875,374732,6.552479328094334,0.0006278932428962491
2026-04-16 15:10:00+00:00,700.97998046875,701.4600219726562,700.97998046875,701.4199829101562,559764,6.553106827334685,0.0006274992403509927
2026-04-16 15:15:00+00:00,701.4199829101562,702.030029296875,701.2999877929688,701.3499755859375,660515,6.553007014355582,-9.981297910321985e-05
2026-04-16 15:20:00+00:00,701.3699951171875,701.8099975585938,701.3599853515625,701.6199951171875,622828,6.553391939963716,0.00038492560813452315
2026-04-16 15:25:00+00:00,701.6099853515625,701.77001953125,700.780029296875,700.780029296875,870661,6.55219404220825,-0.0011978977554658599
2026-04-16 15:30:00+00:00,700.77001953125,701.1799926757812,700.6599731445312,701.1099853515625,666402,6.552664772518521,0.00047073031027089485
2026-04-16 15:35:00+00:00,701.1199951171875,702.3599853515625,701.0800170898438,701.6799926757812,916651,6.553477449205008,0.0008126766864871016
2026-04-16 15:40:00+00:00,701.6699829101562,701.7100219726562,701.010009765625,701.3831176757812,419056,6.553054267949311,-0.00042318125569718035
2026-04-16 15:45:00+00:00,701.405029296875,701.5850219726562,701.0,701.239990234375,293742,6.55285018255945,-0.00020408538986149694
2026-04-16 15:50:00+00:00,701.2449951171875,701.8099975585938,701.2100219726562,701.7100219726562,295096,6.553520244574173,0.000670062014723527
2026-04-16 15:55:00+00:00,701.719970703125,702.2999877929688,701.7000122070312,702.219970703125,456977,6.554246703522348,0.0007264589481748018
2026-04-16 16:00:00+00:00,702.219970703125,702.5,702.2000732421875,702.4099731445312,358403,6.5545172408882895,0.00027053736594151445
2026-04-16 16:05:00+00:00,702.401123046875,702.489990234375,702.0700073242188,702.3198852539062,355214,6.554388977236441,-0.00012826365184803734
2026-04-16 16:10:00+00:00,702.3200073242188,702.52001953125,702.260009765625,702.4550170898438,333268,6.554581366545404,0.00019238930896214868
2026-04-16 16:15:00+00:00,702.4600219726562,702.780029296875,702.4600219726562,702.6950073242188,627492,6.554922953183896,0.00034158663849215287
2026-04-16 16:20:00+00:00,702.7000122070312,702.72998046875,701.9199829101562,702.1599731445312,479999,6.554161260036925,-0.0007616931469707211
2026-04-16 16:25:00+00:00,702.1599731445312,702.2999267578125,701.9600219726562,702.010009765625,232517,6.553947662849545,-0.0002135971873800102
2026-04-16 16:30:00+00:00,702.0150146484375,702.0698852539062,700.1749877929688,701.0499877929688,1024207,6.552579193754643,-0.0013684690949018474
2026-04-16 16:35:00+00:00,701.0399780273438,701.669921875,700.8599853515625,701.6300048828125,413823,6.553406206510127,0.0008270127554839135
2026-04-16 16:40:00+00:00,701.6375122070312,701.8400268554688,701.0900268554688,701.385009765625,499567,6.553056965600914,-0.0003492409092133997
2026-04-16 16:45:00+00:00,701.3699951171875,701.6500244140625,701.2899780273438,701.419921875,438852,6.553106740318118,4.97747172039098e-05
2026-04-16 16:50:00+00:00,701.39501953125,701.6099243164062,700.8099975585938,700.9199829101562,240612,6.5523937334582,-0.0007130068599172645
2026-04-16 16:55:00+00:00,700.9299926757812,701.1779174804688,700.75,700.8099975585938,1122619,6.5522368054430755,-0.00015692801512479093
2026-04-16 17:00:00+00:00,700.8300170898438,700.8900146484375,700.469970703125,700.5999755859375,911013,6.5519370759160225,-0.0002997295270530387
2026-04-16 17:05:00+00:00,700.5999755859375,700.6900024414062,700.1300048828125,700.614990234375,1035694,6.551958506815356,2.1430899333374498e-05
2026-04-16 17:10:00+00:00,700.6199951171875,700.7899780273438,700.0499877929688,700.0800170898438,391720,6.551194638638848,-0.0007638681765076427
2026-04-16 17:15:00+00:00,700.0499877929688,700.273681640625,699.8300170898438,700.1500244140625,706505,6.551294632671546,9.999403269755902e-05
2026-04-16 17:20:00+00:00,700.1699829101562,700.780029296875,700.010009765625,700.739990234375,303748,6.552136905582369,0.0008422729108232829
2026-04-16 17:25:00+00:00,700.75,700.9400024414062,700.5700073242188,700.7000122070312,268505,6.552079852797683,-5.7052784685929225e-05
2026-04-16 17:30:00+00:00,700.719970703125,701.1400146484375,700.6400146484375,700.8099975585938,287603,6.5522368054430755,0.00015695264539239417
2026-04-16 17:35:00+00:00,700.7750244140625,701.0399780273438,700.5850219726562,700.989990234375,251528,6.552493607666413,0.0002568022233377931
2026-04-16 17:40:00+00:00,700.97998046875,701.4299926757812,700.9500122070312,701.3699951171875,408416,6.553035558229868,0.0005419505634547406
2026-04-16 17:45:00+00:00,701.3699951171875,701.530029296875,701.1699829101562,701.4749755859375,170607,6.553185226184828,0.00014966795496018648
2026-04-16 17:50:00+00:00,701.4749755859375,701.47998046875,701.0999755859375,701.135009765625,175672,6.552700464447039,-0.00048476173778944087
2026-04-16 17:55:00+00:00,701.1400146484375,701.1400146484375,700.1699829101562,700.5999755859375,539894,6.5519370759160225,-0.000763388531016318
2026-04-16 18:00:00+00:00,700.6099853515625,701.1799926757812,700.4099731445312,700.669921875,532097,6.552036908630972,9.983271494995449e-05
2026-04-16 18:05:00+00:00,700.6849975585938,700.8400268554688,699.9600219726562,700.1799926757812,331582,6.55133743438451,-0.0006994742464625503
2026-04-16 18:10:00+00:00,700.2000122070312,700.6099853515625,699.9400024414062,700.5399780273438,340649,6.551851434851438,0.0005140004669277332
2026-04-16 18:15:00+00:00,700.5399780273438,700.739990234375,700.3300170898438,700.3900146484375,223974,6.551637343668776,-0.00021409118266202398
2026-04-16 18:20:00+00:00,700.3900146484375,700.6300048828125,699.8099975585938,699.8900146484375,300183,6.550923200767658,-0.0007141429011179312
2026-04-16 18:25:00+00:00,699.9199829101562,700.0499877929688,699.4736938476562,699.7899780273438,444535,6.5507802586354735,-0.00014294213218413176
2026-04-16 18:30:00+00:00,699.7999877929688,700.5999755859375,699.7750244140625,700.47998046875,483849,6.551765786451831,0.0009855278163577452
2026-04-16 18:35:00+00:00,700.469970703125,700.7999877929688,700.3400268554688,700.625,361066,6.551972793826424,0.00020700737459300456
2026-04-16 18:40:00+00:00,700.6300048828125,700.9199829101562,700.5800170898438,700.7899780273438,289747,6.552208238759856,0.00023544493343141681
2026-04-16 18:45:00+00:00,700.7860107421875,701.030029296875,700.6900024414062,700.760009765625,240979,6.552165474303384,-4.276445647199978e-05
2026-04-16 18:50:00+00:00,700.77001953125,700.7899780273438,700.510009765625,700.614990234375,329319,6.551958506815356,-0.0002069674880278427
2026-04-16 18:55:00+00:00,700.614990234375,700.7098999023438,700.3800048828125,700.7050170898438,316734,6.552086995461949,0.00012848864659353865
2026-04-16 19:00:00+00:00,700.7100219726562,701.14501953125,700.7000122070312,700.9799194335938,551621,6.552479241023147,0.0003922455611977682
2026-04-16 19:05:00+00:00,700.9749755859375,701.0599975585938,700.7249755859375,700.8499755859375,284538,6.552293849274133,-0.00018539174901377464
2026-04-16 19:10:00+00:00,700.844970703125,700.9758911132812,700.5999755859375,700.8098754882812,306372,6.552236631258455,-5.7218015678373035e-05
2026-04-16 19:15:00+00:00,700.8200073242188,701.1950073242188,700.8099975585938,701.0800170898438,340999,6.552622027581428,0.00038539632297318605
2026-04-16 19:20:00+00:00,701.0800170898438,701.1599731445312,700.8599853515625,701.0402221679688,280395,6.552565263659517,-5.6763921911340276e-05
2026-04-16 19:25:00+00:00,701.0430297851562,701.1500244140625,700.8900146484375,700.9100952148438,452488,6.552379626619623,-0.00018563703989382674
2026-04-16 19:30:00+00:00,700.9099731445312,701.25,700.8300170898438,701.1199951171875,323306,6.552679049442798,0.0002994228231747442
2026-04-16 19:35:00+00:00,701.1300048828125,701.4099731445312,701.0599975585938,701.4000244140625,374219,6.553078372513694,0.0003993230708960738
2026-04-16 19:40:00+00:00,701.415283203125,701.5999755859375,701.2999877929688,701.3099975585938,424102,6.552950011192848,-0.00012836132084625973
2026-04-16 19:45:00+00:00,701.3200073242188,701.6599731445312,701.1400146484375,701.6400146484375,819157,6.553420472853006,0.00047046166015807245
2026-04-16 19:50:00+00:00,701.6300048828125,701.9400024414062,701.3400268554688,701.6500244140625,1457884,6.553434738992359,1.4266139353402707e-05
2026-04-16 19:55:00+00:00,701.6699829101562,701.9299926757812,701.4400024414062,701.5499877929688,2873901,6.553292155439918,-0.00014258355244134435
2026-04-17 13:30:00+00:00,706.1400146484375,707.1400146484375,705.969970703125,706.9793090820312,4744941,6.561001399672043,0.0077092442321253785
2026-04-17 13:35:00+00:00,706.97998046875,707.6099853515625,706.8699951171875,707.0900268554688,986945,6.561157994219212,0.00015659454716931975
2026-04-17 13:40:00+00:00,707.0900268554688,707.3300170898438,706.5449829101562,707.1400146484375,1065332,6.561228686810265,7.069259105296766e-05
2026-04-17 13:45:00+00:00,707.1400146484375,707.469970703125,705.760009765625,707.0653076171875,1360166,6.561123034497771,-0.00010565231249426432
2026-04-17 13:50:00+00:00,707.0599975585938,707.8400268554688,706.9600219726562,707.719970703125,822755,6.562048493848663,0.000925459350892055
2026-04-17 13:55:00+00:00,707.7249755859375,708.3599853515625,707.510009765625,708.330078125,710664,6.562910197091613,0.0008617032429496518
2026-04-17 14:00:00+00:00,708.3499755859375,708.9199829101562,708.1500244140625,708.85498046875,1531973,6.563650964664019,0.0007407675724060425
2026-04-17 14:05:00+00:00,708.8599853515625,709.1593017578125,708.7899780273438,709.1400146484375,791298,6.564052988908827,0.00040202424480817456
2026-04-17 14:10:00+00:00,709.1400146484375,709.3900146484375,708.7100219726562,709.1500244140625,1022426,6.564067104167835,1.4115259007851932e-05
2026-04-17 14:15:00+00:00,709.1500244140625,709.3300170898438,708.8599853515625,708.9600830078125,613307,6.563799224535088,-0.00026787963274710336
2026-04-17 14:20:00+00:00,708.9650268554688,709.3699951171875,708.510009765625,709.260009765625,787299,6.564222186759093,0.0004229622240048414
2026-04-17 14:25:00+00:00,709.260009765625,709.4600219726562,708.969970703125,709.2249755859375,621540,6.5641727901422,-4.9396616892849465e-05
2026-04-17 14:30:00+00:00,709.239990234375,710.25,709.22998046875,710.1400146484375,1148130,6.5654621543234555,0.0012893641812556922
2026-04-17 14:35:00+00:00,710.1199951171875,710.3300170898438,709.6400146484375,710.3300170898438,837239,6.56572967484595,0.0002675205224944577
2026-04-17 14:40:00+00:00,710.3250122070312,710.989990234375,710.2899780273438,710.8599853515625,1074751,6.566475484041587,0.0007458091956369373
2026-04-17 14:45:00+00:00,710.8599853515625,711.3099975585938,710.760009765625,711.239990234375,894944,6.567009911857325,0.0005344278157384252
2026-04-17 14:50:00+00:00,711.239990234375,711.3350219726562,710.8099975585938,710.8699951171875,817432,6.566489565148074,-0.0005203467092513847
2026-04-17 14:55:00+00:00,710.8699951171875,710.8699951171875,710.1950073242188,710.47998046875,641602,6.56594077046003,-0.0005487946880435857
2026-04-17 15:00:00+00:00,710.47998046875,711.1699829101562,710.2100219726562,710.7100219726562,1433185,6.566264501284931,0.0003237308249008919
2026-04-17 15:05:00+00:00,710.72998046875,711.1599731445312,710.6599731445312,710.8814086914062,514536,6.5665056208019505,0.0002411195170193281
2026-04-17 15:10:00+00:00,710.8499755859375,711.0399780273438,710.1099853515625,710.22998046875,668829,6.565588833739019,-0.0009167870629314123
2026-04-17 15:15:00+00:00,710.239990234375,710.739990234375,709.8599853515625,710.1500244140625,643825,6.565476249705877,-0.0001125840331424044
2026-04-17 15:20:00+00:00,710.1494140625,710.6300048828125,709.8800048828125,710.47998046875,741489,6.56594077046003,0.0004645207541535967
2026-04-17 15:25:00+00:00,710.47998046875,710.7199096679688,710.27001953125,710.6199951171875,360358,6.566137821549041,0.00019705108901035828
2026-04-17 15:30:00+00:00,710.6300048828125,711.280029296875,710.60498046875,711.239990234375,637120,6.567009911857325,0.0008720903082846121
2026-04-17 15:35:00+00:00,711.239990234375,711.3499755859375,710.8400268554688,711.2301025390625,985960,6.5669960097087134,-1.3902148611855125e-05
2026-04-17 15:40:00+00:00,711.25,711.27001953125,710.4193115234375,710.4349975585938,435087,6.565877455045855,-0.0011185546628587062
2026-04-17 15:45:00+00:00,710.47998046875,711.25,710.4299926757812,710.7999877929688,1198831,6.566391079106845,0.0005136240609902032
2026-04-17 15:50:00+00:00,710.7999877929688,711.3499755859375,710.760009765625,711.0700073242188,505384,6.566770888140615,0.0003798090337703286
2026-04-17 15:55:00+00:00,711.0399780273438,711.260009765625,710.6699829101562,710.739990234375,5123259,6.566306667047308,-0.0004642210933072377
2026-04-17 16:00:00+00:00,710.739990234375,711.4600219726562,710.5399780273438,711.2100219726562,478286,6.566967775738002,0.0006611086906938013
2026-04-17 16:05:00+00:00,711.2000122070312,711.6400146484375,711.1500244140625,711.1599731445312,459579,6.566897401885464,-7.037385253827466e-05
2026-04-17 16:10:00+00:00,711.1599731445312,711.5999755859375,711.0700073242188,711.3699951171875,270340,6.567192681392916,0.00029527950745222853
2026-04-17 16:15:00+00:00,711.3599853515625,711.510009765625,710.9400024414062,711.260009765625,350511,6.567038058825693,-0.00015462256722287293
2026-04-17 16:20:00+00:00,711.260009765625,711.5399780273438,711.1599731445312,711.489990234375,437766,6.567361348891766,0.00032329006607323407
2026-04-17 16:25:00+00:00,711.4949951171875,711.5499877929688,711.3599853515625,711.510009765625,283012,6.567389485970124,2.8137078357914902e-05
2026-04-17 16:30:00+00:00,711.5150146484375,711.97998046875,711.5150146484375,711.9000244140625,903388,6.567937486404057,0.0005480004339331046
2026-04-17 16:35:00+00:00,711.9000244140625,712.22998046875,711.8499755859375,712.0599975585938,505386,6.5681621740957565,0.00022468769169936564
2026-04-17 16:40:00+00:00,712.0599975585938,712.2000122070312,711.8599853515625,712.1799926757812,261301,6.568330678165708,0.0001685040699515028
2026-04-17 16:45:00+00:00,712.1799926757812,712.3900146484375,712.1400146484375,712.1900024414062,311677,6.568344733173409,1.4055007700797262e-05
2026-04-17 16:50:00+00:00,712.1998901367188,712.3400268554688,712.0650024414062,712.10498046875,254399,6.5682253450216885,-0.00011938815172030104
2026-04-17 16:55:00+00:00,712.10498046875,712.1099853515625,711.9000244140625,711.9099731445312,293302,6.567951461204748,-0.00027388381694049
2026-04-17 17:00:00+00:00,711.9099731445312,712.1699829101562,711.8900146484375,712.0700073242188,260439,6.568176231471966,0.0002247702672182328
2026-04-17 17:05:00+00:00,712.0800170898438,712.0999755859375,710.72998046875,711.4249877929688,685976,6.567269983711899,-0.0009062477600672025
2026-04-17 17:10:00+00:00,711.4500122070312,711.469970703125,710.9199829101562,711.25,556124,6.567023985440541,-0.00024599827135851626
2026-04-17 17:15:00+00:00,711.25,711.385009765625,710.8699951171875,710.8900146484375,483069,6.566517726766229,-0.0005062586743118658
2026-04-17 17:20:00+00:00,710.8800048828125,711.0800170898438,709.030029296875,709.5499877929688,1311304,6.564630949076641,-0.001886777689588115
2026-04-17 17:25:00+00:00,709.530029296875,710.1599731445312,709.1799926757812,709.8800048828125,1155409,6.5650959485447276,0.00046499946808697956
2026-04-17 17:30:00+00:00,709.8800048828125,710.2999877929688,709.6799926757812,709.8400268554688,444949,6.565039630360212,-5.63181845159022e-05
2026-04-17 17:35:00+00:00,709.8300170898438,710.3699951171875,709.5800170898438,710.0399780273438,710990,6.565321275530943,0.0002816451707312595
2026-04-17 17:40:00+00:00,710.02001953125,710.1400146484375,709.780029296875,709.8900146484375,711384,6.565110049089869,-0.00021122644107407496
2026-04-17 17:45:00+00:00,709.9199829101562,710.7000122070312,709.8900146484375,710.4450073242188,1004374,6.5658915445757104,0.0007814954858416101
2026-04-17 17:50:00+00:00,710.4400024414062,710.6699829101562,710.3599853515625,710.5499877929688,411254,6.5660393008581766,0.00014775628246610495
2026-04-17 17:55:00+00:00,710.5800170898438,710.6900024414062,710.239990234375,710.2949829101562,223495,6.565680352639605,-0.0003589482185715198
2026-04-17 18:00:00+00:00,710.3099975585938,710.47998046875,709.9199829101562,710.030029296875,463931,6.565307263925293,-0.00037308871431207535
2026-04-17 18:05:00+00:00,710.0100708007812,710.0900268554688,709.5,709.5800170898438,459588,6.56467326978972,-0.0006339941355726353
2026-04-17 18:10:00+00:00,709.6099243164062,709.8300170898438,709.3400268554688,709.4500122070312,512760,6.564490039159653,-0.00018323063006775442
2026-04-17 18:15:00+00:00,709.4500122070312,709.8400268554688,709.4099731445312,709.6500244140625,295465,6.564771925148229,0.0002818859885760361
2026-04-17 18:20:00+00:00,709.6300048828125,709.9099731445312,709.1400146484375,709.7899169921875,566769,6.564969034690517,0.00019710954228813193
2026-04-17 18:25:00+00:00,709.760009765625,710.3300170898438,709.6699829101562,709.8099975585938,477834,6.56499732514926,2.8290458743640556e-05
2026-04-17 18:30:00+00:00,709.8099975585938,710.3900146484375,709.8099975585938,710.2999877929688,911495,6.5656873988180235,0.0006900736687631692
2026-04-17 18:35:00+00:00,710.3099975585938,710.3699951171875,710.0399780273438,710.1500244140625,318917,6.565476249705877,-0.00021114911214681342
2026-04-17 18:40:00+00:00,710.1400146484375,710.22998046875,709.7753295898438,710.1099853515625,384864,6.565419866984072,-5.638272180430448e-05
2026-04-17 18:45:00+00:00,710.1199951171875,710.1900024414062,709.8300170898438,709.9249877929688,614303,6.565159313458083,-0.0002605535259894154
2026-04-17 18:50:00+00:00,709.9299926757812,709.9500122070312,709.1300048828125,709.5399780273438,519339,6.564616841774262,-0.0005424716838211552
2026-04-17 18:55:00+00:00,709.5399780273438,709.989990234375,709.47998046875,709.6400146484375,369995,6.564757819834516,0.00014097806025414883
2026-04-17 19:00:00+00:00,709.6400146484375,709.8900146484375,709.5900268554688,709.6599731445312,422600,6.56478594425679,2.812442227373424e-05
2026-04-17 19:05:00+00:00,709.6699829101562,709.6699829101562,709.280029296875,709.4199829101562,453247,6.5644477106912476,-0.00033823356554218975
2026-04-17 19:10:00+00:00,709.4199829101562,709.4600219726562,708.989990234375,709.1300048828125,468897,6.564038873450575,-0.0004088372406725327
2026-04-17 19:15:00+00:00,709.1099853515625,709.5850219726562,709.0800170898438,709.4400024414062,499084,6.564475929869261,0.0004370564186864101
2026-04-17 19:20:00+00:00,709.4500122070312,709.5767211914062,709.1699829101562,709.3400268554688,357890,6.564334998105297,-0.0001409317639646801
2026-04-17 19:25:00+00:00,709.3300170898438,709.5499877929688,709.2000122070312,709.260009765625,399856,6.564222186759093,-0.00011281134620411137
2026-04-17 19:30:00+00:00,709.27001953125,709.9199829101562,709.260009765625,709.780029296875,804561,6.564955104140157,0.0007329173810646239
2026-04-17 19:35:00+00:00,709.77001953125,710.1500244140625,709.5599975585938,710.030029296875,567322,6.565307263925293,0.00035215978513569723
2026-04-17 19:40:00+00:00,710.030029296875,710.3599853515625,709.8400268554688,710.2999877929688,760797,6.5656873988180235,0.0003801348927305881
2026-04-17 19:45:00+00:00,710.2899780273438,710.2999877929688,709.77001953125,709.8699951171875,1162210,6.565081847800758,-0.0006055510172657819
2026-04-17 19:50:00+00:00,709.8800048828125,710.239990234375,709.6900024414062,710.1799926757812,1159794,6.565518448717885,0.0004366009171272722
2026-04-17 19:55:00+00:00,710.1799926757812,710.4000244140625,709.8400268554688,710.0499877929688,3105316,6.565335372899231,-0.00018307581865428801
2026-04-20 13:30:00+00:00,708.780029296875,709.3209838867188,708.3699951171875,709.1300048828125,3003260,6.564038873450575,-0.0012964994486557302
2026-04-20 13:35:00+00:00,709.0900268554688,709.4400024414062,708.3800048828125,708.6400146484375,777569,6.563347660846086,-0.0006912126044893441
2026-04-20 13:40:00+00:00,708.5999755859375,709.0,708.22998046875,708.8250122070312,569240,6.563608686770731,0.00026102592464560814
2026-04-20 13:45:00+00:00,708.8250122070312,709.25,708.4299926757812,708.6300048828125,501291,6.563333535428223,-0.00027515134250855056
2026-04-20 13:50:00+00:00,708.6199951171875,709.3939819335938,708.530029296875,709.3450927734375,390893,6.564342139814051,0.0010086043858281712
2026-04-20 13:55:00+00:00,709.3400268554688,709.9099731445312,709.3099975585938,709.6699829101562,822447,6.564800049173807,0.0004579093597563144
2026-04-20 14:00:00+00:00,709.6699829101562,709.719970703125,709.0599975585938,709.260009765625,745048,6.564222186759093,-0.0005778624147145806
2026-04-20 14:05:00+00:00,709.2899780273438,709.6400146484375,709.010009765625,709.3900146484375,354579,6.564405466469999,0.00018327971090670303
2026-04-20 14:10:00+00:00,709.3900146484375,709.5800170898438,708.6699829101562,709.2550048828125,432612,6.564215130248924,-0.00019033622107578196
2026-04-20 14:15:00+00:00,709.239990234375,709.3200073242188,708.7899780273438,709.0599975585938,468326,6.563940145742503,-0.00027498450642049477
2026-04-20 14:20:00+00:00,709.0399780273438,709.5599975585938,708.9301147460938,709.489990234375,381164,6.564546388303782,0.0006062425612789468
2026-04-20 14:25:00+00:00,709.4949951171875,709.6400146484375,708.8200073242188,708.9500122070312,389291,6.563785019402032,-0.000761368901749826
2026-04-20 14:30:00+00:00,708.9299926757812,709.0,708.3099975585938,708.6199951171875,1035053,6.56331940981083,-0.00046560959120256484
2026-04-20 14:35:00+00:00,708.6300048828125,708.760009765625,708.280029296875,708.4949951171875,296260,6.563142995051003,-0.00017641475982621557
2026-04-20 14:40:00+00:00,708.4949951171875,708.52001953125,707.9100952148438,708.1099853515625,482284,6.56259942817045,-0.0005435668805535698
2026-04-20 14:45:00+00:00,708.10498046875,708.760009765625,707.9199829101562,708.6699829101562,363543,6.563389949776206,0.0007905216057562114
2026-04-20 14:50:00+00:00,708.6699829101562,708.780029296875,706.489990234375,707.77001953125,2045280,6.562119209754097,-0.0012707400221092513
2026-04-20 14:55:00+00:00,707.75,707.760009765625,706.9099731445312,707.1400146484375,522185,6.561228686810265,-0.0008905229438314066
2026-04-20 15:00:00+00:00,707.155029296875,707.5800170898438,706.469970703125,706.6998901367188,515317,6.560606092237222,-0.0006225945730431448
2026-04-20 15:05:00+00:00,706.6799926757812,706.969970703125,706.1400146484375,706.5399780273438,786787,6.560379786549618,-0.0002263056876046221
2026-04-20 15:10:00+00:00,706.5399780273438,707.1099853515625,706.2999877929688,706.739990234375,405031,6.560662833380901,0.00028304683128332897
2026-04-20 15:15:00+00:00,706.719970703125,707.1500244140625,706.4199829101562,706.9349975585938,412941,6.560938720451324,0.0002758870704226979
2026-04-20 15:20:00+00:00,706.9099731445312,708.0800170898438,706.760009765625,707.6400146484375,606381,6.561935510500822,0.000996790049498486
2026-04-20 15:25:00+00:00,707.6199951171875,708.52001953125,707.52001953125,708.3300170898438,474140,6.562910110923934,0.0009746004231114824
2026-04-20 15:30:00+00:00,708.3099975585938,708.3099975585938,707.3800048828125,707.5700073242188,511448,6.561836574903718,-0.0010735360202156485
2026-04-20 15:35:00+00:00,707.5590209960938,707.6799926757812,707.25,707.6199951171875,195075,6.56190721954211,7.06446383924586e-05
2026-04-20 15:40:00+00:00,707.6099853515625,708.0399780273438,707.4199829101562,707.52001953125,242561,6.561765925274308,-0.00014129426780229437
2026-04-20 15:45:00+00:00,707.530029296875,707.8499755859375,707.3099975585938,707.4801025390625,156086,6.5617095055022165,-5.6419772091587106e-05
2026-04-20 15:50:00+00:00,707.47998046875,707.530029296875,707.1099853515625,707.4849853515625,185948,6.561716407174267,6.9016720507519835e-06
2026-04-20 15:55:00+00:00,707.47998046875,707.719970703125,707.4600219726562,707.5991821289062,231244,6.561877806446786,0.00016139927251845876
2026-04-20 16:00:00+00:00,707.5999755859375,707.7000122070312,707.0399780273438,707.1400146484375,701232,6.561228686810265,-0.0006491196365203677
2026-04-20 16:05:00+00:00,707.1500244140625,707.5999755859375,707.0900268554688,707.4600219726562,180576,6.56168112187515,0.000452435064884682
2026-04-20 16:10:00+00:00,707.47802734375,707.7498168945312,707.469970703125,707.5900268554688,164146,6.561864867861076,0.00018374598592618696
2026-04-20 16:15:00+00:00,707.5900268554688,707.6300048828125,707.02001953125,707.52001953125,224784,6.561765925274308,-9.894258676812484e-05
2026-04-20 16:20:00+00:00,707.5999755859375,707.780029296875,707.4199829101562,707.6099853515625,184333,6.561893073762607,0.00012714848829897818
2026-04-20 16:25:00+00:00,707.5900268554688,707.7999877929688,707.5399780273438,707.6500244140625,103617,6.561949655680041,5.658191743407315e-05
2026-04-20 16:30:00+00:00,707.6599731445312,708.0999755859375,707.6599731445312,707.9400024414062,176899,6.562359347788489,0.0004096921084482119
2026-04-20 16:35:00+00:00,707.9299926757812,707.969970703125,707.3800048828125,707.5399780273438,346680,6.561794133966702,-0.0005652138217877578
2026-04-20 16:40:00+00:00,707.5399780273438,708.0599975585938,707.3699951171875,707.6900024414062,131128,6.562006148150537,0.00021201418383576254
2026-04-20 16:45:00+00:00,707.7000122070312,707.9000244140625,707.6400146484375,707.7100219726562,137213,6.562034436310642,2.828816010502777e-05
2026-04-20 16:50:00+00:00,707.719970703125,707.780029296875,707.530029296875,707.7449951171875,145951,6.562083852426472,4.941611582953698e-05
2026-04-20 16:55:00+00:00,707.75,707.75,707.469970703125,707.639892578125,410878,6.561935337997402,-0.0001485144290702678
2026-04-20 17:00:00+00:00,707.6400146484375,707.8499755859375,707.260009765625,707.4299926757812,554417,6.5616386743399095,-0.0002966636574921466
2026-04-20 17:05:00+00:00,707.4299926757812,707.8400268554688,707.3798828125,707.7899780273438,408273,6.562147408482698,0.0005087341427882919
2026-04-20 17:10:00+00:00,707.7849731445312,708.1179809570312,707.6900024414062,708.0599975585938,171731,6.562528832417691,0.00038142393499285276
2026-04-20 17:15:00+00:00,708.030029296875,708.3499755859375,707.9500122070312,708.27001953125,205865,6.562825404504226,0.00029657208653510736
2026-04-20 17:20:00+00:00,708.27001953125,708.3900146484375,708.030029296875,708.2301025390625,436902,6.562769044477741,-5.63600264849029e-05
2026-04-20 17:25:00+00:00,708.239990234375,708.3101806640625,707.9500122070312,707.97998046875,161009,6.562415817119859,-0.0003532273578814582
2026-04-20 17:30:00+00:00,707.9882202148438,708.0150146484375,707.6099853515625,707.6599731445312,214036,6.561963714409911,-0.0004521027099482211
2026-04-20 17:35:00+00:00,707.6500244140625,707.969970703125,707.6099853515625,707.885009765625,273538,6.562281664917605,0.0003179505076937872
2026-04-20 17:40:00+00:00,707.8800048828125,708.260009765625,707.6199951171875,707.9417724609375,206082,6.562361848024826,8.01831072205772e-05
2026-04-20 17:45:00+00:00,707.9450073242188,708.030029296875,707.8200073242188,707.9749755859375,269505,6.56240874785146,4.6899826634749786e-05
2026-04-20 17:50:00+00:00,707.9749755859375,708.0499877929688,707.7999877929688,708.0200805664062,187045,6.562472455673444,6.370782198406033e-05
2026-04-20 17:55:00+00:00,708.02001953125,708.0399780273438,707.6699829101562,707.739990234375,123465,6.562076780810928,-0.0003956748625162376
2026-04-20 18:00:00+00:00,707.739990234375,707.780029296875,707.4810180664062,707.7000122070312,242280,6.562020292330617,-5.6488480311145395e-05
2026-04-20 18:05:00+00:00,707.719970703125,708.260009765625,707.7000122070312,708.1649780273438,329702,6.562677086361452,0.0006567940308350728
2026-04-20 18:10:00+00:00,708.1599731445312,708.22998046875,707.5700073242188,708.2000122070312,327248,6.5627265569145035,4.9470553051378374e-05
2026-04-20 18:15:00+00:00,708.1893920898438,708.469970703125,708.0800170898438,708.4099731445312,201600,6.563022984218008,0.00029642730350420976
2026-04-20 18:20:00+00:00,708.418701171875,708.6099853515625,708.2899780273438,708.5900268554688,236775,6.5632771178974805,0.0002541336794728011
2026-04-20 18:25:00+00:00,708.5800170898438,708.5999755859375,708.0,708.3200073242188,550740,6.562895979324099,-0.00038113857338117896
2026-04-20 18:30:00+00:00,708.3200073242188,708.4199829101562,707.969970703125,708.2999877929688,334208,6.56286771552531,-2.8263798789396333e-05
2026-04-20 18:35:00+00:00,708.3099975585938,708.3499755859375,707.9099731445312,707.9299926757812,338411,6.562345208403292,-0.0005225071220182897
2026-04-20 18:40:00+00:00,707.9299926757812,708.27001953125,707.8599853515625,708.1199951171875,380171,6.5626135639616185,0.00026835555832693814
2026-04-20 18:45:00+00:00,708.1199951171875,708.3599853515625,708.0599975585938,708.332275390625,291312,6.562913299123116,0.00029973516149706114
2026-04-20 18:50:00+00:00,708.3400268554688,708.5999755859375,708.3400268554688,708.5700073242188,274976,6.563248864869215,0.00033556574609949763
2026-04-20 18:55:00+00:00,708.5999755859375,708.6099853515625,708.2020874023438,708.2650146484375,471542,6.562818338130728,-0.00043052673848720246
2026-04-20 19:00:00+00:00,708.27001953125,708.4550170898438,708.1900024414062,708.260009765625,477513,6.562811271707296,-7.066423432178226e-06
2026-04-20 19:05:00+00:00,708.25,708.5800170898438,708.2307739257812,708.4199829101562,318942,6.563037114023187,0.0002258423158911782
2026-04-20 19:10:00+00:00,708.4249877929688,708.5,708.3099975585938,708.4500122070312,259848,6.5630795022408535,4.238821766655576e-05
2026-04-20 19:15:00+00:00,708.4500122070312,708.489990234375,708.280029296875,708.3200073242188,284444,6.562895979324099,-0.0001835229167541641
2026-04-20 19:20:00+00:00,708.3200073242188,708.3699951171875,708.1099853515625,708.1500244140625,345920,6.56265597013624,-0.00024000918785915815
2026-04-20 19:25:00+00:00,708.155029296875,708.1699829101562,707.9600219726562,708.02001953125,360785,6.562472369468038,-0.00018360066820211074
2026-04-20 19:30:00+00:00,708.02001953125,708.1699829101562,707.780029296875,707.7999877929688,507068,6.562161550664921,-0.00031081880311667476
2026-04-20 19:35:00+00:00,707.7999877929688,708.0399780273438,707.7100830078125,707.9290161132812,396252,6.5623438289403735,0.00018227827545214126
2026-04-20 19:40:00+00:00,707.9249877929688,708.02001953125,707.6300048828125,707.7098999023438,891565,6.562034263824286,-0.00030956511608781767
2026-04-20 19:45:00+00:00,707.6950073242188,707.9299926757812,707.5999755859375,707.9199829101562,603614,6.562331068818169,0.0002968049938836259
2026-04-20 19:50:00+00:00,707.9199829101562,708.1900024414062,707.75,708.030029296875,1457167,6.562486507055383,0.00015543823721397843
2026-04-20 19:55:00+00:00,708.030029296875,708.7999877929688,707.8400268554688,708.6900024414062,3184310,6.5634181988187335,0.0009316917633501731
2026-04-21 13:30:00+00:00,710.280029296875,710.4400024414062,709.0499877929688,709.4000244140625,2468233,6.564419576754608,0.0010013779358741814
2026-04-21 13:35:00+00:00,709.4099731445312,709.4349975585938,708.75,709.0399169921875,625699,6.563911825359431,-0.000507751395177003
2026-04-21 13:40:00+00:00,709.0399780273438,709.7100219726562,708.97998046875,709.6900024414062,416774,6.56482825841101,0.0009164330515796237
2026-04-21 13:45:00+00:00,709.6799926757812,710.4299926757812,709.3900146484375,710.22998046875,516289,6.565588833739019,0.0007605753280088834
2026-04-21 13:50:00+00:00,710.22998046875,710.864990234375,710.0900268554688,710.6400756835938,490030,6.56616607896205,0.0005772452230310421
2026-04-21 13:55:00+00:00,710.6400146484375,710.8400268554688,710.5800170898438,710.75,401255,6.566320750531109,0.0001546715690592393
2026-04-21 14:00:00+00:00,710.75,710.969970703125,710.4600219726562,710.5999755859375,425352,6.566109649229957,-0.00021110130115253867
2026-04-21 14:05:00+00:00,710.6090087890625,711.1799926757812,710.5599975585938,711.030029296875,365304,6.566714664209352,0.0006050149793948023
2026-04-21 14:10:00+00:00,711.030029296875,711.1699829101562,710.705078125,711.0200805664062,324055,6.566700672113855,-1.3992095496462298e-05
2026-04-21 14:15:00+00:00,711.0250244140625,711.2750244140625,710.8099975585938,710.8200073242188,325315,6.566419243498624,-0.00028142861523150486
2026-04-21 14:20:00+00:00,710.8200073242188,710.8499755859375,710.1599731445312,710.3200073242188,469573,6.565715583035225,-0.0007036604633983146
2026-04-21 14:25:00+00:00,710.3099975585938,710.6699829101562,710.27001953125,710.5700073242188,277848,6.566067475159179,0.00035189212395358993
2026-04-21 14:30:00+00:00,710.5599975585938,710.780029296875,709.969970703125,710.1900024414062,359974,6.565532543306843,-0.0005349318523357738
2026-04-21 14:35:00+00:00,710.219970703125,710.3099975585938,709.8499755859375,709.9450073242188,367703,6.5651875125626775,-0.00034503074416569746
2026-04-21 14:40:00+00:00,709.9500122070312,710.5599975585938,709.739990234375,709.885009765625,486875,6.565102998842151,-8.451372052675765e-05
2026-04-21 14:45:00+00:00,709.8900146484375,709.9400024414062,708.9500122070312,709.1599731445312,635342,6.564081133160772,-0.001021865681378742
2026-04-21 14:50:00+00:00,709.1799926757812,709.2999877929688,708.6500244140625,709.0349731445312,513985,6.563904852740861,-0.0001762804199110235
2026-04-21 14:55:00+00:00,709.0449829101562,709.0449829101562,707.4600219726562,707.5900268554688,705641,6.561864867861076,-0.0020399848797847397
2026-04-21 15:00:00+00:00,707.5900268554688,707.8883056640625,706.25,706.7349853515625,1205568,6.560655751709278,-0.0012091161517986393
2026-04-21 15:05:00+00:00,706.739990234375,707.8400268554688,706.1500244140625,707.760009765625,1157975,6.562105066973063,0.0014493152637857776
2026-04-21 15:10:00+00:00,707.756591796875,708.0800170898438,707.72998046875,707.9099731445312,508669,6.562316929033116,0.00021186206005285868
2026-04-21 15:15:00+00:00,707.9000244140625,708.2000122070312,707.3200073242188,707.8300170898438,472900,6.562203976011624,-0.0001129530214925012
2026-04-21 15:20:00+00:00,707.8200073242188,707.97998046875,707.1300048828125,707.2308959960938,357625,6.561357198146433,-0.0008467778651910507
2026-04-21 15:25:00+00:00,707.2100219726562,707.2100219726562,706.2750244140625,706.6900024414062,570018,6.560592100775469,-0.0007650973709640851
2026-04-21 15:30:00+00:00,706.6599731445312,707.4199829101562,706.6099853515625,706.8900146484375,421228,6.560875087526764,0.0002829867512952333
2026-04-21 15:35:00+00:00,706.9099731445312,706.9600219726562,706.0399780273438,706.72998046875,677822,6.560648669987504,-0.00022641753925967123
2026-04-21 15:40:00+00:00,706.719970703125,707.1199951171875,706.4199829101562,706.9400024414062,316095,6.560945800119346,0.0002971301318419606
2026-04-21 15:45:00+00:00,707.010009765625,707.47998046875,706.6799926757812,707.0599975585938,303949,6.561115524472211,0.0001697243528644421
2026-04-21 15:50:00+00:00,707.0399780273438,707.0700073242188,706.4500122070312,706.52001953125,293507,6.560351537931541,-0.00076398654066967
2026-04-21 15:55:00+00:00,706.52001953125,706.969970703125,706.4500732421875,706.719970703125,231448,6.5606345063935025,0.00028296846196163017
2026-04-21 16:00:00+00:00,706.7449951171875,707.885009765625,706.7449951171875,707.219970703125,823340,6.5613417500411275,0.0007072436476249777
2026-04-21 16:05:00+00:00,707.1600952148438,707.52001953125,706.9749755859375,707.340087890625,266110,6.561511579787215,0.0001698297460874798
2026-04-21 16:10:00+00:00,707.3400268554688,707.3699951171875,706.6300048828125,706.9000244140625,288790,6.560889247713706,-0.0006223320735090354
2026-04-21 16:15:00+00:00,706.8701171875,707.1900024414062,706.7249755859375,707.0,177293,6.561030665896573,0.00014141818286717012
2026-04-21 16:20:00+00:00,707.0,707.010009765625,706.4299926757812,706.5399780273438,392392,6.560379786549618,-0.000650879346955513
2026-04-21 16:25:00+00:00,706.5599975585938,706.6300048828125,706.280029296875,706.3599853515625,144588,6.560125001807003,-0.0002547847426148664
2026-04-21 16:30:00+00:00,706.3314208984375,706.9500122070312,706.3314208984375,706.9199829101562,233028,6.560917481146522,0.0007924793395188701
2026-04-21 16:35:00+00:00,706.9199829101562,707.1400146484375,706.2919921875,706.5250244140625,229912,6.5603586217578265,-0.0005588593886951543
2026-04-21 16:40:00+00:00,706.5299072265625,706.6300048828125,705.6599731445312,705.8499755859375,315207,6.559402715742034,-0.0009559060157924293
2026-04-21 16:45:00+00:00,705.8499755859375,706.6199951171875,705.8499755859375,706.5599975585938,282487,6.560408120753279,0.0010054050112451307
2026-04-21 16:50:00+00:00,706.5512084960938,706.5999755859375,706.02001953125,706.1099853515625,376084,6.559771011976712,-0.0006371087765675298
2026-04-21 16:55:00+00:00,706.0999755859375,706.1298828125,705.510009765625,705.5800170898438,280994,6.559020183840648,-0.0007508281360637525
2026-04-21 17:00:00+00:00,705.5800170898438,706.3087768554688,705.5800170898438,705.96728515625,334871,6.559568898113994,0.0005487142733464623
2026-04-21 17:05:00+00:00,705.9600219726562,705.9600219726562,704.75,705.4600219726562,1470958,6.558850103454331,-0.0007187946596634021
2026-04-21 17:10:00+00:00,705.4600219726562,705.47998046875,704.3200073242188,704.7100219726562,982542,6.557786401847653,-0.0010637016066779026
2026-04-21 17:15:00+00:00,704.7100219726562,704.9600219726562,703.9299926757812,704.0399780273438,680759,6.556835141516382,-0.0009512603312709089
2026-04-21 17:20:00+00:00,704.0399780273438,704.6300048828125,703.8400268554688,704.4500122070312,720954,6.557417373827742,0.0005822323113600092
2026-04-21 17:25:00+00:00,704.4600219726562,704.969970703125,704.409912109375,704.6900024414062,423386,6.5577579932611565,0.0003406194334143464
2026-04-21 17:30:00+00:00,704.6799926757812,705.4149780273438,704.6400146484375,705.25,602966,6.558552349882105,0.0007943566209487329
2026-04-21 17:35:00+00:00,705.25,706.8200073242188,705.0,706.3250122070312,836721,6.560075488795116,0.001523138913010591
2026-04-21 17:40:00+00:00,706.3192138671875,707.4099731445312,706.1900024414062,706.5,1204639,6.560323202124582,0.0002477133294664924
2026-04-21 17:45:00+00:00,706.510009765625,706.5499877929688,705.8200073242188,706.1799926757812,619507,6.5598701521325795,-0.0004530499920027964
2026-04-21 17:50:00+00:00,706.2000122070312,706.4500122070312,705.6199951171875,705.8099975585938,336997,6.5593460760014235,-0.0005240761311560149
2026-04-21 17:55:00+00:00,705.8099975585938,705.8499755859375,705.3099975585938,705.7949829101562,388153,6.559324802842649,-2.1273158774093304e-05
2026-04-21 18:00:00+00:00,705.7949829101562,706.510009765625,705.7949829101562,705.969970703125,666888,6.559572702173791,0.00024789933114188756
2026-04-21 18:05:00+00:00,705.989990234375,706.3699951171875,705.7899780273438,705.8400268554688,260770,6.5593886209613785,-0.00018408121241275666
2026-04-21 18:10:00+00:00,705.8200073242188,705.9199829101562,705.469970703125,705.9199829101562,187363,6.559501892415762,0.00011327145438322361
2026-04-21 18:15:00+00:00,705.9199829101562,706.1799926757812,704.7100219726562,705.1193237304688,1165267,6.5583670420089035,-0.0011348504068582344
2026-04-21 18:20:00+00:00,705.1099853515625,705.3099975585938,704.8200073242188,705.0399780273438,402883,6.558254507626285,-0.00011253438261871196
2026-04-21 18:25:00+00:00,705.0,705.280029296875,704.8800048828125,705.0989990234375,208894,6.558338217100441,8.370947415592411e-05
2026-04-21 18:30:00+00:00,705.094970703125,705.77001953125,705.094970703125,705.7100219726562,308312,6.5592044193692525,0.0008662022688117332
2026-04-21 18:35:00+00:00,705.719970703125,705.77001953125,705.25,705.4199829101562,445931,6.558793345881224,-0.0004110734880287126
2026-04-21 18:40:00+00:00,705.4299926757812,705.5800170898438,705.2899780273438,705.4400024414062,217594,6.558821725070455,2.8379189231486635e-05
2026-04-21 18:45:00+00:00,705.4299926757812,705.530029296875,705.1099853515625,705.1699829101562,214983,6.558438884260661,-0.0003828408097943381
2026-04-21 18:50:00+00:00,705.1900024414062,706.7100219726562,705.0203247070312,706.3699951171875,495590,6.560139172619208,0.0017002883585472972
2026-04-21 18:55:00+00:00,706.3599853515625,706.8900146484375,705.7100219726562,706.3200073242188,1035262,6.560068402962875,-7.076965633334709e-05
2026-04-21 19:00:00+00:00,706.3300170898438,706.9000244140625,706.3300170898438,706.6599731445312,483658,6.560549606987803,0.000481204024928239
2026-04-21 19:05:00+00:00,706.6699829101562,706.8499755859375,706.4320068359375,706.6900024414062,336196,6.560592100775469,4.24937876655207e-05
2026-04-21 19:10:00+00:00,706.6900024414062,707.3099975585938,706.1900024414062,706.614990234375,892246,6.56048594929721,-0.00010615147825898674
2026-04-21 19:15:00+00:00,706.6699829101562,706.9600219726562,706.25,706.6400146484375,836035,6.56052136316658,3.5413869370337636e-05
2026-04-21 19:20:00+00:00,706.6699829101562,707.594970703125,706.6699829101562,707.52001953125,570759,6.561765925274308,0.0012445621077281643
2026-04-21 19:25:00+00:00,707.510009765625,707.780029296875,707.3699951171875,707.7249755859375,631643,6.562055565664243,0.0002896403899352862
2026-04-21 19:30:00+00:00,707.719970703125,707.8699951171875,707.0999755859375,707.3298950195312,590186,6.5614971695414095,-0.0005583961228339263
2026-04-21 19:35:00+00:00,707.3099975585938,707.3099975585938,705.719970703125,706.27001953125,1242290,6.559997628297841,-0.0014995412435681033
2026-04-21 19:40:00+00:00,706.260009765625,706.3200073242188,702.6400146484375,703.1799926757812,2790134,6.555612894139957,-0.004384734157884651
2026-04-21 19:45:00+00:00,703.2000122070312,704.4600219726562,703.1099853515625,703.9998779296875,1737709,6.556778182762697,0.0011652886227402348
2026-04-21 19:50:00+00:00,704.0,704.9500122070312,703.35498046875,703.7011108398438,2083426,6.556353707541449,-0.0004244752212478886
2026-04-21 19:55:00+00:00,703.7000122070312,704.4099731445312,703.4199829101562,704.1400146484375,3679352,6.5569772208269566,0.000623513285507471
2026-04-22 13:30:00+00:00,709.1500244140625,709.3300170898438,708.4550170898438,708.5599975585938,2650201,6.563234738055739,0.006257517228782206
2026-04-22 13:35:00+00:00,708.5399780273438,709.0,708.219970703125,708.9000244140625,520414,6.563714507300332,0.00047976924459280923
2026-04-22 13:40:00+00:00,708.8800048828125,709.2100219726562,708.5800170898438,708.7000122070312,365894,6.563432323040749,-0.0002821842595821522
2026-04-22 13:45:00+00:00,708.7000122070312,709.489990234375,708.4400024414062,708.6500244140625,572093,6.563361786064424,-7.053697632564138e-05
2026-04-22 13:50:00+00:00,708.6199951171875,709.2100219726562,708.239990234375,709.1900024414062,349245,6.564123477148358,0.0007616910839338686
2026-04-22 13:55:00+00:00,709.2100219726562,709.4299926757812,708.75,709.3900146484375,416807,6.564405466469999,0.00028198932164169577
2026-04-22 14:00:00+00:00,709.3900146484375,709.9199829101562,709.27001953125,709.389892578125,387932,6.564405294392129,-1.7207787017525789e-07
2026-04-22 14:05:00+00:00,709.375,709.77001953125,708.760009765625,709.530029296875,496025,6.564602820294818,0.00019752590268851122
2026-04-22 14:10:00+00:00,709.530029296875,710.1500244140625,709.530029296875,710.0999755859375,573428,6.565405770806886,0.0008029505120683567
2026-04-22 14:15:00+00:00,710.0999755859375,710.4299926757812,710.0999755859375,710.3150024414062,713259,6.565708537055395,0.00030276624850866796
2026-04-22 14:20:00+00:00,710.3200073242188,710.7000122070312,710.1536865234375,710.3200073242188,678697,6.565715583035225,7.045979830699878e-06
2026-04-22 14:25:00+00:00,710.3099975585938,710.6300048828125,710.22998046875,710.52001953125,282910,6.565997123820355,0.00028154078512976355
2026-04-22 14:30:00+00:00,710.510009765625,710.590087890625,709.5999755859375,709.9598999023438,717654,6.565208489429578,-0.0007886343907772542
2026-04-22 14:35:00+00:00,709.9299926757812,710.5999755859375,709.4650268554688,710.47998046875,426223,6.56594077046003,0.0007322810304524197
2026-04-22 14:40:00+00:00,710.4749755859375,710.6500244140625,709.52001953125,709.719970703125,339800,6.564870484775894,-0.0010702856841362518
2026-04-22 14:45:00+00:00,709.7100219726562,710.2999877929688,709.7100219726562,710.1749877929688,347888,6.565511401348909,0.0006409165730145716
2026-04-22 14:50:00+00:00,710.1799926757812,710.3400268554688,709.5,709.9000244140625,374510,6.565124149436187,-0.0003872519127217089
2026-04-22 14:55:00+00:00,709.8599853515625,710.0700073242188,709.5700073242188,710.0399780273438,301701,6.565321275530943,0.00019712609475597276
2026-04-22 15:00:00+00:00,710.0499877929688,710.1300048828125,709.2901000976562,709.4199829101562,309863,6.5644477106912476,-0.0008735648396953621
2026-04-22 15:05:00+00:00,709.4099731445312,710.22998046875,709.3300170898438,709.864990234375,235314,6.565074797354211,0.0006270866629636274
2026-04-22 15:10:00+00:00,709.8800048828125,710.1679077148438,709.75,709.8400268554688,220478,6.565039630360212,-3.516699399952472e-05
2026-04-22 15:15:00+00:00,709.8599853515625,709.97998046875,709.5599975585938,709.9099731445312,244719,6.565138163607782,9.853324757003179e-05
2026-04-22 15:20:00+00:00,709.9000244140625,710.47998046875,709.8800048828125,710.1900024414062,500587,6.565532543306843,0.00039437969906153114
2026-04-22 15:25:00+00:00,710.1900024414062,710.530029296875,709.7999877929688,710.2000122070312,433990,6.565546637697147,1.4094390303753812e-05
2026-04-22 15:30:00+00:00,710.1900024414062,710.4400024414062,710.0,710.0800170898438,203259,6.565377663811719,-0.00016897388542780334
2026-04-22 15:35:00+00:00,710.0999755859375,710.25,709.6699829101562,709.780029296875,240815,6.564955104140157,-0.0004225596715619062
2026-04-22 15:40:00+00:00,709.780029296875,709.9600219726562,709.260009765625,709.280029296875,308621,6.564250412301834,-0.0007046918383233347
2026-04-22 15:45:00+00:00,709.260009765625,709.9199829101562,709.1599731445312,709.760009765625,309707,6.564926898481,0.000676486179165714
2026-04-22 15:50:00+00:00,709.7650146484375,709.7999877929688,709.4749755859375,709.6799926757812,277987,6.564814153891879,-0.00011274458912069463
2026-04-22 15:55:00+00:00,709.6900024414062,710.0399780273438,709.5800170898438,709.6400146484375,256298,6.564757819834516,-5.633405736293895e-05
2026-04-22 16:00:00+00:00,709.6500244140625,709.9400024414062,709.3900146484375,709.8900146484375,307375,6.565110049089869,0.00035222925535283167
2026-04-22 16:05:00+00:00,709.8800048828125,710.1199951171875,709.8300170898438,709.969970703125,217404,6.565222674356581,0.00011262526671185213
2026-04-22 16:10:00+00:00,709.969970703125,710.0250244140625,709.6099853515625,709.9199829101562,225910,6.565152263557684,-7.041079889624768e-05
2026-04-22 16:15:00+00:00,709.9199829101562,710.02001953125,709.4099731445312,709.431884765625,322384,6.564464487432697,-0.0006877761249874936
2026-04-22 16:20:00+00:00,709.4299926757812,709.7999877929688,709.4000244140625,709.5800170898438,320883,6.56467326978972,0.00020878235702337378
2026-04-22 16:25:00+00:00,709.5599975585938,709.5900268554688,709.0800170898438,709.155029296875,263186,6.564074161722625,-0.0005991080670950666
2026-04-22 16:30:00+00:00,709.1500244140625,709.3099975585938,708.8300170898438,709.2100219726562,295565,6.56415170547733,7.754375470447883e-05
2026-04-22 16:35:00+00:00,709.25,709.6099853515625,709.0800170898438,709.5499877929688,157104,6.564630949076641,0.00047924359931084126
2026-04-22 16:40:00+00:00,709.5399780273438,709.6799926757812,708.9199829101562,709.0900268554688,387245,6.563982495700354,-0.0006484533762867173
2026-04-22 16:45:00+00:00,709.0900268554688,709.4000244140625,708.9299926757812,709.375,208016,6.564384300669768,0.0004018049694138881
2026-04-22 16:50:00+00:00,709.3599853515625,709.3699951171875,708.9500122070312,709.27001953125,229218,6.564236299630048,-0.0001480010397196807
2026-04-22 16:55:00+00:00,709.27001953125,709.2700805664062,708.7999877929688,708.8900146484375,191293,6.563700387063414,-0.0005359125666339892
2026-04-22 17:00:00+00:00,708.9099731445312,709.719970703125,708.8900146484375,709.6099853515625,664007,6.564715502699579,0.001015115636165298
2026-04-22 17:05:00+00:00,709.6290283203125,709.7899780273438,709.3699951171875,709.7700805664062,180852,6.564941087402883,0.000225584703303916
2026-04-22 17:10:00+00:00,709.780029296875,710.4000244140625,709.760009765625,709.9277954101562,501792,6.565163268258497,0.00022218085561398482
2026-04-22 17:15:00+00:00,709.9400024414062,710.1099853515625,709.5996704101562,709.719970703125,202483,6.564870484775894,-0.0002927834826031983
2026-04-22 17:20:00+00:00,709.72998046875,710.4199829101562,709.7000122070312,710.1356811523438,278772,6.5654560519926095,0.0005855672167154324
2026-04-22 17:25:00+00:00,710.1199951171875,710.260009765625,710.02001953125,710.0399780273438,154855,6.565321275530943,-0.00013477646166659696
2026-04-22 17:30:00+00:00,710.0499877929688,710.2999877929688,710.02001953125,710.0900268554688,234610,6.5653917603851095,7.04848541666081e-05
2026-04-22 17:35:00+00:00,710.0900268554688,710.1900024414062,709.9000244140625,710.0399780273438,181605,6.565321275530943,-7.04848541666081e-05
2026-04-22 17:40:00+00:00,710.0399780273438,710.3300170898438,710.030029296875,710.22998046875,138953,6.565588833739019,0.000267558208076224
2026-04-22 17:45:00+00:00,710.22998046875,710.4199829101562,709.8200073242188,710.1900024414062,287366,6.565532543306843,-5.629043217592056e-05
2026-04-22 17:50:00+00:00,710.1900024414062,710.3200073242188,710.0449829101562,710.1099853515625,168905,6.565419866984072,-0.00011267632277078832
2026-04-22 17:55:00+00:00,710.1300048828125,710.1900024414062,709.969970703125,709.989990234375,129212,6.565250871674536,-0.00016899530953651265
2026-04-22 18:00:00+00:00,709.969970703125,710.1799926757812,709.8699951171875,710.0800170898438,381828,6.565377663811719,0.00012679213718325144
2026-04-22 18:05:00+00:00,710.0650024414062,710.219970703125,709.9299926757812,709.9349975585938,289025,6.565173413109779,-0.00020425070194018957
2026-04-22 18:10:00+00:00,709.9400024414062,710.1199951171875,709.8599853515625,709.9500122070312,222761,6.565194562214579,2.1149104799889074e-05
2026-04-22 18:15:00+00:00,709.9400024414062,709.9400024414062,709.6199951171875,709.6500244140625,358911,6.564771925148229,-0.0004226370663502621
2026-04-22 18:20:00+00:00,709.6400146484375,709.64990234375,709.2000122070312,709.510009765625,941171,6.564574604697371,-0.00019732045085785188
2026-04-22 18:25:00+00:00,709.530029296875,709.6300048828125,709.4299926757812,709.4500122070312,233114,6.564490039159653,-8.45655377181842e-05
2026-04-22 18:30:00+00:00,709.4600219726562,709.8099975585938,709.375,709.64501953125,296829,6.564764872516243,0.00027483335659006514
2026-04-22 18:35:00+00:00,709.6400756835938,709.9000244140625,709.6400756835938,709.8800048828125,253176,6.5650959485447276,0.00033107602848492235
2026-04-22 18:40:00+00:00,709.8721923828125,709.97998046875,709.8200073242188,709.885009765625,275200,6.565102998842151,7.05029742320562e-06
2026-04-22 18:45:00+00:00,709.885009765625,710.0700073242188,709.760009765625,709.9550170898438,340118,6.565201611816784,9.86129746332054e-05
2026-04-22 18:50:00+00:00,709.9550170898438,710.0499877929688,709.8300170898438,709.830078125,341963,6.565025614807677,-0.00017599700910686522
2026-04-22 18:55:00+00:00,709.830078125,709.8599853515625,709.52001953125,709.6500244140625,396295,6.564771925148229,-0.0002536896594484972
2026-04-22 19:00:00+00:00,709.6599731445312,709.6900024414062,709.1900024414062,709.5449829101562,541870,6.564623895450328,-0.0001480296979003981
2026-04-22 19:05:00+00:00,709.5449829101562,709.9299926757812,709.469970703125,709.9099731445312,362954,6.565138163607782,0.0005142681574534791
2026-04-22 19:10:00+00:00,709.9000244140625,710.030029296875,709.780029296875,709.9600219726562,328934,6.565208661369292,7.049776151024645e-05
2026-04-22 19:15:00+00:00,709.9598999023438,710.3800048828125,709.9400024414062,710.3599853515625,562092,6.5657718631652475,0.0005632017959555924
2026-04-22 19:20:00+00:00,710.3699951171875,710.469970703125,710.2003784179688,710.3200073242188,472231,6.565715583035225,-5.628013002212384e-05
2026-04-22 19:25:00+00:00,710.3400268554688,710.5800170898438,710.2901000976562,710.4500122070312,433072,6.565898589266196,0.0001830062309702285
2026-04-22 19:30:00+00:00,710.4550170898438,710.5900268554688,710.1799926757812,710.2650146484375,686399,6.565638160459374,-0.00026042880682197733
2026-04-22 19:35:00+00:00,710.27001953125,710.530029296875,710.1300048828125,710.4349975585938,642088,6.565877455045855,0.00023929458648108692
2026-04-22 19:40:00+00:00,710.4349975585938,710.5599975585938,710.3499755859375,710.4500122070312,588026,6.565898589266196,2.113422034089041e-05
2026-04-22 19:45:00+00:00,710.4400024414062,710.72998046875,710.3699951171875,710.7100219726562,800063,6.566264501284931,0.0003659120187355924
2026-04-22 19:50:00+00:00,710.7100219726562,711.280029296875,710.4400024414062,711.0499877929688,1651360,6.566742733651092,0.0004782323661611798
2026-04-22 19:55:00+00:00,711.0599975585938,711.4500122070312,710.9000244140625,711.2100219726562,2621262,6.566967775738002,0.00022504208690943273
2026-04-23 13:30:00+00:00,709.5,709.969970703125,709.219970703125,709.47998046875,2776585,6.564532279808421,-0.002435495929581144
2026-04-23 13:35:00+00:00,709.4949951171875,710.3400268554688,709.3800048828125,710.27001953125,521382,6.565645206935091,0.0011129271266705487
2026-04-23 13:40:00+00:00,710.25,710.5999755859375,709.6900024414062,710.5700073242188,443972,6.566067475159179,0.0004222682240877518
2026-04-23 13:45:00+00:00,710.5700073242188,711.2849731445312,710.4299926757812,710.9600219726562,604330,6.566616200335835,0.0005487251766558288
2026-04-23 13:50:00+00:00,710.969970703125,711.0,710.1500244140625,710.6099853515625,732681,6.566123735488708,-0.0004924648471265058
2026-04-23 13:55:00+00:00,710.6199951171875,710.6199951171875,710.1599731445312,710.2100219726562,808994,6.5655607318888025,-0.0005630035999057981
2026-04-23 14:00:00+00:00,710.1900024414062,710.3099975585938,709.1300048828125,709.9600219726562,1032076,6.565208661369292,-0.0003520705195105833
2026-04-23 14:05:00+00:00,709.9500122070312,710.344970703125,709.6649780273438,710.2750244140625,379241,6.565652253361157,0.0004435919918650555
2026-04-23 14:10:00+00:00,710.27001953125,710.3250122070312,709.969970703125,710.0905151367188,352101,6.565392448017753,-0.0002598053434041958
2026-04-23 14:15:00+00:00,710.0900268554688,710.7100219726562,710.0599975585938,710.1900024414062,471608,6.565532543306843,0.000140095289090425
2026-04-23 14:20:00+00:00,710.1900024414062,710.8900146484375,710.1199951171875,710.8250122070312,352934,6.5664262844726276,0.0008937411657843342
2026-04-23 14:25:00+00:00,710.8200073242188,710.9600219726562,710.2847290039062,710.530029296875,389920,6.566011211664247,-0.0004150728083809341
2026-04-23 14:30:00+00:00,710.510009765625,711.1300048828125,710.510009765625,710.739990234375,459683,6.566306667047308,0.00029545538306141594
2026-04-23 14:35:00+00:00,710.7363891601562,711.0499877929688,710.4000244140625,710.7000122070312,346344,6.566250417008917,-5.625003839071496e-05
2026-04-23 14:40:00+00:00,710.6900024414062,711.02001953125,710.4600219726562,710.9400024414062,239585,6.566588041490758,0.00033762448184049276
2026-04-23 14:45:00+00:00,710.9500122070312,711.25,710.8900146484375,711.0999755859375,343898,6.56681303255666,0.00022499106590245788
2026-04-23 14:50:00+00:00,711.1099853515625,711.4849853515625,710.9600219726562,711.4799194335938,456041,6.567347194269503,0.0005341617128431508
2026-04-23 14:55:00+00:00,711.47998046875,712.0549926757812,711.47998046875,711.7100219726562,543631,6.567670555943687,0.00032336167418378636
2026-04-23 15:00:00+00:00,711.7000122070312,711.989990234375,711.6599731445312,711.7050170898438,357248,6.56766352372515,-7.03221853726177e-06
2026-04-23 15:05:00+00:00,711.7000122070312,711.7966918945312,711.4498901367188,711.72998046875,238466,6.567698598567277,3.5074842126725514e-05
2026-04-23 15:10:00+00:00,711.739990234375,711.969970703125,711.5900268554688,711.635009765625,330456,6.567565153240298,-0.0001334453269787872
2026-04-23 15:15:00+00:00,711.6400146484375,712.2000122070312,711.510009765625,712.0549926757812,373377,6.568155145333547,0.0005899920932490588
2026-04-23 15:20:00+00:00,712.0535888671875,712.22998046875,711.8699951171875,712.1400146484375,256135,6.568274541866073,0.00011939653252568405
2026-04-23 15:25:00+00:00,712.1400146484375,712.280029296875,711.9600219726562,711.989990234375,332593,6.568063852653566,-0.00021068921250666506
2026-04-23 15:30:00+00:00,711.989990234375,712.3598022460938,711.7999877929688,712.1699829101562,280792,6.568316622960461,0.0002527703068953002
2026-04-23 15:35:00+00:00,712.1599731445312,712.1699829101562,711.760009765625,711.8049926757812,337356,6.567803987206847,-0.0005126357536138215
2026-04-23 15:40:00+00:00,711.7999877929688,711.989990234375,711.4949951171875,711.5750122070312,324116,6.567480840232797,-0.0003231469740505588
2026-04-23 15:45:00+00:00,711.5900268554688,711.6199951171875,710.8699951171875,711.239990234375,620860,6.567009911857325,-0.00047092837547157984
2026-04-23 15:50:00+00:00,711.239990234375,711.2449951171875,710.7100219726562,710.780029296875,407127,6.566362999792483,-0.0006469120648420201
2026-04-23 15:55:00+00:00,710.760009765625,711.47998046875,710.7000122070312,711.10498046875,349869,6.566820070758561,0.0004570709660773886
2026-04-23 16:00:00+00:00,711.10498046875,711.239990234375,710.3900146484375,710.4199829101562,404648,6.565856320378848,-0.0009637503797126357
2026-04-23 16:05:00+00:00,710.4299926757812,710.6799926757812,710.3049926757812,710.5198974609375,276232,6.565996952016156,0.0001406316373078198
2026-04-23 16:10:00+00:00,710.5150146484375,710.989990234375,710.5,710.9000244140625,268251,6.566531807277908,0.0005348552617521207
2026-04-23 16:15:00+00:00,710.9000244140625,711.0900268554688,710.7949829101562,710.9400024414062,241663,6.566588041490758,5.6234212849837206e-05
2026-04-23 16:20:00+00:00,710.9650268554688,711.0,710.4000244140625,710.8300170898438,232666,6.566433325397056,-0.00015471609370187878
2026-04-23 16:25:00+00:00,710.8300170898438,711.030029296875,710.6300048828125,710.72998046875,140891,6.56629258336516,-0.00014074203189551326
2026-04-23 16:30:00+00:00,710.7489013671875,711.0900268554688,710.625,711.030029296875,227671,6.566714664209352,0.0004220808441912638
2026-04-23 16:35:00+00:00,711.0399780273438,711.27001953125,710.780029296875,710.8300170898438,330246,6.566433325397056,-0.00028133881229575053
2026-04-23 16:40:00+00:00,710.8300170898438,711.0,710.75,710.9500122070312,120450,6.566602121012411,0.00016879561535532162
2026-04-23 16:45:00+00:00,710.9500122070312,711.155029296875,710.780029296875,710.8699951171875,130982,6.566489565148074,-0.00011255586433733811
2026-04-23 16:50:00+00:00,710.8599853515625,711.0700073242188,710.7330932617188,710.9299926757812,80310,6.566573961770868,8.439662279435822e-05
2026-04-23 16:55:00+00:00,710.9199829101562,711.1799926757812,710.5800170898438,710.8699951171875,162931,6.566489565148074,-8.439662279435822e-05
2026-04-23 17:00:00+00:00,710.8800048828125,711.0800170898438,709.010009765625,709.2999877929688,1150343,6.564278550998072,-0.002211014150002022
2026-04-23 17:05:00+00:00,709.27001953125,709.3200073242188,707.8599853515625,707.9299926757812,1171697,6.562345208403292,-0.0019333425947802851
2026-04-23 17:10:00+00:00,707.9099731445312,708.2000122070312,707.3300170898438,707.739990234375,1007191,6.562076780810928,-0.0002684275923634516
2026-04-23 17:15:00+00:00,707.75,707.75,706.1799926757812,706.5499877929688,1782408,6.5603939537518015,-0.0016828270591267014
2026-04-23 17:20:00+00:00,706.530029296875,706.969482421875,705.969970703125,706.280029296875,792722,6.560011800915135,-0.00038215283666609423
2026-04-23 17:25:00+00:00,706.2999877929688,707.4199829101562,705.8800048828125,706.0499877929688,1096809,6.559686039226073,-0.0003257616890621762
2026-04-23 17:30:00+00:00,706.0405883789062,707.4299926757812,705.7899780273438,707.3300170898438,766161,6.561497342120432,0.0018113028943584908
2026-04-23 17:35:00+00:00,707.3300170898438,707.7000122070312,705.530029296875,705.7899780273438,1137482,6.5593177116891574,-0.0021796304312742265
2026-04-23 17:40:00+00:00,705.8499755859375,705.8900146484375,703.3099975585938,703.760009765625,1784488,6.556437402820776,-0.0028803088683817535
2026-04-23 17:45:00+00:00,703.760009765625,704.2100219726562,702.2802734375,703.5396118164062,2089924,6.556124181744552,-0.0003132210762233356
2026-04-23 17:50:00+00:00,703.52001953125,706.7000122070312,702.7899780273438,705.6099853515625,2483779,6.559062656167793,0.002938474423240578
2026-04-23 17:55:00+00:00,705.5800170898438,707.0499877929688,705.0800170898438,706.635009765625,2022056,6.560514280493036,0.0014516243252433725
2026-04-23 18:00:00+00:00,706.6699829101562,707.9600219726562,706.219970703125,707.260009765625,1212715,6.561398363161233,0.0008840826681968394
2026-04-23 18:05:00+00:00,707.27001953125,707.9600219726562,706.8300170898438,707.3699951171875,735773,6.561553860148296,0.00015549698706252002
2026-04-23 18:10:00+00:00,707.3800048828125,708.25,707.1400146484375,707.7999877929688,752346,6.562161550664921,0.0006076905166256807
2026-04-23 18:15:00+00:00,707.760009765625,708.3499755859375,707.6799926757812,708.1699829101562,471064,6.562684153733156,0.000522603068234595
2026-04-23 18:20:00+00:00,708.1400146484375,708.5399780273438,707.5900268554688,708.26171875,620302,6.562813684637984,0.00012953090482792362
2026-04-23 18:25:00+00:00,708.2899780273438,708.5900268554688,708.0,708.5100708007812,350984,6.563164273286286,0.00035058864830173064
2026-04-23 18:30:00+00:00,708.510009765625,709.1699829101562,708.5,709.0800170898438,448210,6.563968379247016,0.000804105960730439
2026-04-23 18:35:00+00:00,709.0800170898438,709.47998046875,708.7999877929688,708.9199829101562,498756,6.563742661080067,-0.00022571816694938462
2026-04-23 18:40:00+00:00,708.9299926757812,709.030029296875,708.0900268554688,708.6699829101562,531221,6.563389949776206,-0.0003527113038606089
2026-04-23 18:45:00+00:00,708.6699829101562,708.72998046875,707.989990234375,708.0317993164062,371276,6.562489006973813,-0.0009009428023931676
2026-04-23 18:50:00+00:00,708.010009765625,708.4299926757812,707.7000122070312,708.1199951171875,485030,6.5626135639616185,0.00012455698780566848
2026-04-23 18:55:00+00:00,708.1199951171875,708.22998046875,706.739990234375,707.126220703125,557780,6.561209179952266,-0.0014043840093522775
2026-04-23 19:00:00+00:00,707.1325073242188,707.3699951171875,706.760009765625,707.2100219726562,682161,6.561327682564447,0.00011850261218082636
2026-04-23 19:05:00+00:00,707.2000122070312,708.1199951171875,707.1820068359375,707.9000244140625,355058,6.562302875268153,0.0009751927037058294
2026-04-23 19:10:00+00:00,707.9000244140625,708.2291259765625,707.6799926757812,708.2100219726562,353801,6.562740690908734,0.00043781564058065214
2026-04-23 19:15:00+00:00,708.219970703125,708.6599731445312,708.219970703125,708.47998046875,366222,6.563121802512396,0.00038111160366227637
2026-04-23 19:20:00+00:00,708.5,708.5999755859375,708.2000122070312,708.385009765625,240342,6.562987744992559,-0.000134057519836972
2026-04-23 19:25:00+00:00,708.3900146484375,708.6500244140625,708.239990234375,708.405029296875,321093,6.563016005399111,2.8260406551794404e-05
2026-04-23 19:30:00+00:00,708.4199829101562,708.9099731445312,707.9400024414062,707.9600219726562,342572,6.562387625959131,-0.0006283794399797316
2026-04-23 19:35:00+00:00,707.9600219726562,707.9600219726562,707.1099853515625,707.5750122070312,521918,6.561843648218104,-0.0005439777410272129
2026-04-23 19:40:00+00:00,707.5800170898438,708.0599975585938,707.27001953125,707.3400268554688,507847,6.561511493498936,-0.00033215471916747674
2026-04-23 19:45:00+00:00,707.3400268554688,707.9500122070312,707.280029296875,707.9500122070312,605108,6.562373486973767,0.0008619934748308467
2026-04-23 19:50:00+00:00,707.9600219726562,708.239990234375,706.469970703125,708.030029296875,1624766,6.562486507055383,0.00011302008161617749
2026-04-23 19:55:00+00:00,708.0,708.8800048828125,707.8699951171875,708.4400024414062,2689682,6.563065373034604,0.000578865979220744
2026-04-24 13:30:00+00:00,710.75,711.1599731445312,709.760009765625,709.8350219726562,3339728,6.565032579616005,0.0019672065814013706
2026-04-24 13:35:00+00:00,709.8400268554688,710.4199829101562,709.5499877929688,710.3099975585938,585429,6.565701491025918,0.0006689114099129867
2026-04-24 13:40:00+00:00,710.3099975585938,710.52001953125,709.8400268554688,709.969970703125,433329,6.565222674356581,-0.0004788166693376894
2026-04-24 13:45:00+00:00,709.989990234375,710.4000244140625,709.72998046875,710.3200073242188,419787,6.565715583035225,0.0004929086786447101
2026-04-24 13:50:00+00:00,710.3300170898438,710.5499877929688,709.4099731445312,709.4849853515625,578676,6.564539334080982,-0.0011762489542430643
2026-04-24 13:55:00+00:00,709.510009765625,710.0700073242188,709.010009765625,709.9400024414062,643161,6.565180462861077,0.0006411287800949239
2026-04-24 14:00:00+00:00,709.9099731445312,710.2050170898438,709.1400146484375,709.6699829101562,561434,6.564800049173807,-0.00038041368727004254
2026-04-24 14:05:00+00:00,709.6500244140625,710.2899780273438,709.260009765625,709.9873046875,811968,6.565247089153668,0.0004470399798606195
2026-04-24 14:10:00+00:00,709.97998046875,710.7000122070312,709.7100219726562,710.0499877929688,501018,6.565335372899231,8.828374556291152e-05
2026-04-24 14:15:00+00:00,710.0800170898438,710.5499877929688,709.8599853515625,710.4099731445312,499664,6.565842230352688,0.0005068574534572434
2026-04-24 14:20:00+00:00,710.3800048828125,710.6699829101562,710.010009765625,710.3699951171875,329067,6.565785954182911,-5.6276169776658946e-05
2026-04-24 14:25:00+00:00,710.385009765625,710.3900146484375,709.5153198242188,709.8599853515625,440551,6.565067746857955,-0.0007182073249563103
2026-04-24 14:30:00+00:00,709.8900146484375,710.260009765625,709.4500122070312,710.1199951171875,509618,6.565433962962558,0.00036621610460318976
2026-04-24 14:35:00+00:00,710.1099853515625,710.8800048828125,709.9199829101562,710.5800170898438,1161676,6.566081562012014,0.0006475990494561046
2026-04-24 14:40:00+00:00,710.5700073242188,711.0999755859375,710.5399780273438,710.989990234375,266938,6.566658351271474,0.0005767892594592539
2026-04-24 14:45:00+00:00,711.0,711.489990234375,710.6987915039062,711.1649780273438,403790,6.566904439493583,0.0002460882221093641
2026-04-24 14:50:00+00:00,711.1649780273438,711.3200073242188,710.9199829101562,711.125,235837,6.566848223070812,-5.621642277109373e-05
2026-04-24 14:55:00+00:00,711.125,711.6099853515625,711.1199951171875,711.4400024414062,860739,6.567291088523025,0.0004428654522135034
2026-04-24 15:00:00+00:00,711.4199829101562,711.6500244140625,711.3400268554688,711.4500122070312,255591,6.5673051581496615,1.4069626636192822e-05
2026-04-24 15:05:00+00:00,711.4400024414062,711.6599731445312,711.1900024414062,711.5800170898438,394860,6.567487873736118,0.00018271558645643893
2026-04-24 15:10:00+00:00,711.5700073242188,711.8599853515625,711.5399780273438,711.77001953125,271013,6.567754852957878,0.00026697922176044386
2026-04-24 15:15:00+00:00,711.791015625,711.8499755859375,711.5700073242188,711.6500244140625,193035,6.567586251822911,-0.0001686011349670835
2026-04-24 15:20:00+00:00,711.6599731445312,712.1500244140625,711.510009765625,712.030029296875,309412,6.568120086501351,0.0005338346784400372
2026-04-24 15:25:00+00:00,712.030029296875,712.0499877929688,711.5900268554688,711.8499755859375,364324,6.567867180763115,-0.00025290573823610885
2026-04-24 15:30:00+00:00,711.8699951171875,712.114990234375,711.77001953125,711.9000244140625,324499,6.567937486404057,7.030564094190339e-05
2026-04-24 15:35:00+00:00,711.9000244140625,712.030029296875,711.5399780273438,711.7000122070312,274844,6.567656491457159,-0.0002809949468982609
2026-04-24 15:40:00+00:00,711.7050170898438,713.8400268554688,711.6199951171875,713.3099975585938,1173650,6.569916105109777,0.0022596136526180644
2026-04-24 15:45:00+00:00,713.3499755859375,714.1400146484375,712.6199951171875,713.280029296875,1248457,6.569874091270959,-4.20138388177449e-05
2026-04-24 15:50:00+00:00,713.2999877929688,714.0599975585938,713.260009765625,713.9349975585938,805027,6.570791918361305,0.0009178270903458241
2026-04-24 15:55:00+00:00,713.9199829101562,714.0399780273438,713.5999755859375,713.77001953125,361237,6.570560808956906,-0.00023110940439874383
2026-04-24 16:00:00+00:00,713.77001953125,713.9299926757812,713.4600219726562,713.8300170898438,295961,6.570644862693373,8.405373646702685e-05
2026-04-24 16:05:00+00:00,713.8400268554688,713.97998046875,713.0999755859375,713.2515258789062,263613,6.569834129423822,-0.0008107332695512781
2026-04-24 16:10:00+00:00,713.239990234375,713.8300170898438,713.1799926757812,713.3598022460938,396079,6.569985924611847,0.0001517951880245505
2026-04-24 16:15:00+00:00,713.3350219726562,713.3900146484375,712.989990234375,713.2700805664062,286977,6.569860143313015,-0.00012578129883156208
2026-04-24 16:20:00+00:00,713.27001953125,713.47998046875,713.1900024414062,713.4000244140625,222060,6.570042307146913,0.00018216383389813018
2026-04-24 16:25:00+00:00,713.4149780273438,713.6300048828125,713.1699829101562,713.3012084960938,215180,6.569903783515129,-0.00013852363178390448
2026-04-24 16:30:00+00:00,713.3209838867188,713.8912963867188,713.3200073242188,713.7050170898438,581088,6.57046973564244,0.0005659521273111423
2026-04-24 16:35:00+00:00,713.7000122070312,713.72998046875,713.3599853515625,713.469970703125,198212,6.570140348719527,-0.00032938692291306637
2026-04-24 16:40:00+00:00,713.4500122070312,713.47998046875,712.8499755859375,713.1099853515625,204401,6.569635665672951,-0.0005046830465760266
2026-04-24 16:45:00+00:00,713.0800170898438,713.3699951171875,713.010009765625,713.2100219726562,241282,6.5697759380111975,0.00014027233824620566
2026-04-24 16:50:00+00:00,713.2100219726562,713.5700073242188,713.1900024414062,713.4600219726562,506804,6.570126404474863,0.00035046646366510004
2026-04-24 16:55:00+00:00,713.4570922851562,713.8099975585938,713.35009765625,713.6099853515625,282581,6.570336574093296,0.00021016961843312032
2026-04-24 17:00:00+00:00,713.5999755859375,713.7899780273438,713.5399780273438,713.5800170898438,284764,6.570294577916652,-4.199617664379929e-05
2026-04-24 17:05:00+00:00,713.5900268554688,713.6199951171875,713.2899780273438,713.3499755859375,617946,6.5699721493363015,-0.0003224285803504756
2026-04-24 17:10:00+00:00,713.3599853515625,713.6300048828125,713.22998046875,713.3300170898438,169921,6.56994417039751,-2.7978938791584085e-05
2026-04-24 17:15:00+00:00,713.3300170898438,713.3699951171875,713.0399780273438,713.0750122070312,203054,6.5695866213419585,-0.00035754905555140937
2026-04-24 17:20:00+00:00,713.0700073242188,713.1500244140625,712.719970703125,713.139892578125,260033,6.5696776039434175,9.098260145901094e-05
2026-04-24 17:25:00+00:00,713.1099853515625,713.2999877929688,713.010009765625,713.02001953125,155035,6.56950949790406,-0.0001681060393572409
2026-04-24 17:30:00+00:00,713.0,713.1699829101562,712.72998046875,713.0599975585938,367217,6.569565564922566,5.606701850613405e-05
2026-04-24 17:35:00+00:00,713.0499877929688,713.5800170898438,713.010009765625,713.2000122070312,327704,6.569761903104845,0.0001963381822784882
2026-04-24 17:40:00+00:00,713.219970703125,713.5499877929688,713.1799926757812,713.5299072265625,130574,6.570224352263466,0.00046244915862114766
2026-04-24 17:45:00+00:00,713.5399780273438,713.6199951171875,713.3800048828125,713.4099731445312,171403,6.570056252564293,-0.00016809969917286338
2026-04-24 17:50:00+00:00,713.4099731445312,714.4600219726562,713.364990234375,713.8800048828125,333374,6.570714887827637,0.0006586352633437542
2026-04-24 17:55:00+00:00,713.8699951171875,714.0299072265625,713.6099853515625,713.6500244140625,199113,6.570392680285911,-0.0003222075417257386
2026-04-24 18:00:00+00:00,713.6599731445312,713.7899780273438,713.47998046875,713.594970703125,357765,6.5703155334594685,-7.714682644266446e-05
2026-04-24 18:05:00+00:00,713.5700073242188,713.77001953125,713.25,713.6400146484375,407159,6.57037865403287,6.312057340185362e-05
2026-04-24 18:10:00+00:00,713.6400146484375,713.72998046875,713.3499755859375,713.5050048828125,219758,6.570189451444234,-0.0001892025886363058
2026-04-24 18:15:00+00:00,713.5,713.6099853515625,713.0800170898438,713.22998046875,731053,6.569803921657283,-0.0003855297869508334
2026-04-24 18:20:00+00:00,713.219970703125,713.27001953125,712.9500122070312,713.219970703125,481502,6.569789887143675,-1.403451360815211e-05
2026-04-24 18:25:00+00:00,713.22998046875,713.4199829101562,712.989990234375,713.02001953125,241651,6.56950949790406,-0.00028038923961482
2026-04-24 18:30:00+00:00,713.030029296875,713.469970703125,713.0,713.4199829101562,176440,6.570070283340116,0.0005607854360558662
2026-04-24 18:35:00+00:00,713.3900146484375,713.594970703125,713.3200073242188,713.489990234375,171273,6.570168407714593,9.812437447731526e-05
2026-04-24 18:40:00+00:00,713.489990234375,713.6400146484375,713.25,713.3400268554688,228520,6.569958202746009,-0.000210204968584371
2026-04-24 18:45:00+00:00,713.3400268554688,713.47998046875,713.1599731445312,713.2899780273438,256600,6.569888039034361,-7.016371164780821e-05
2026-04-24 18:50:00+00:00,713.2899780273438,713.539794921875,713.2000122070312,713.3699951171875,148296,6.570000213051203,0.00011217401684149308
2026-04-24 18:55:00+00:00,713.3499755859375,713.5900268554688,713.2999877929688,713.530029296875,181622,6.570224523342913,0.0002243102917098838
2026-04-24 19:00:00+00:00,713.530029296875,713.8400268554688,713.530029296875,713.739990234375,254995,6.570518736681863,0.0002942133389502999
2026-04-24 19:05:00+00:00,713.72998046875,714.1500244140625,713.6799926757812,714.1199951171875,454205,6.571051008607237,0.0005322719253744168
2026-04-24 19:10:00+00:00,714.1099853515625,714.3800048828125,714.0800170898438,714.2050170898438,421609,6.571170059904428,0.00011905129719025354
2026-04-24 19:15:00+00:00,714.2000122070312,714.469970703125,714.1400146484375,714.2249755859375,542635,6.571198004565626,2.7944661198375798e-05
2026-04-24 19:20:00+00:00,714.219970703125,714.2349853515625,713.75,713.8099975585938,411626,6.570616817064159,-0.0005811875014671841
2026-04-24 19:25:00+00:00,713.8099975585938,713.8599853515625,713.5599975585938,713.739990234375,678495,6.570518736681863,-9.808038229586202e-05
2026-04-24 19:30:00+00:00,713.75,713.8499755859375,713.5,713.6599731445312,439011,6.570406620818082,-0.00011211586378134797
2026-04-24 19:35:00+00:00,713.6599731445312,713.6900024414062,713.4400024414062,713.6599731445312,413381,6.570406620818082,0.0
2026-04-24 19:40:00+00:00,713.6799926757812,713.9600219726562,713.5900268554688,713.7901000976562,559500,6.570588941665479,0.00018232084739722154
2026-04-24 19:45:00+00:00,713.7899780273438,713.8499755859375,713.5599975585938,713.8499755859375,812056,6.570672822034679,8.3880369199818e-05
2026-04-24 19:50:00+00:00,713.8499755859375,714.1300048828125,713.5399780273438,714.0999755859375,1298342,6.571022974366487,0.0003501523318085731
2026-04-24 19:55:00+00:00,714.0900268554688,714.4299926757812,713.7999877929688,713.97998046875,3716682,6.570854923387323,-0.00016805097916439138
2026-04-27 13:30:00+00:00,713.1699829101562,714.135009765625,712.8699951171875,713.7000122070312,2453751,6.57046272308089,-0.0003922003064324997
2026-04-27 13:35:00+00:00,713.6900024414062,714.3599853515625,713.6099853515625,714.3499755859375,644549,6.571373004134555,0.0009102810536649741
2026-04-27 13:40:00+00:00,714.35498046875,714.4093017578125,713.6500244140625,713.7100219726562,471525,6.570476748154816,-0.0008962559797396352
2026-04-27 13:45:00+00:00,713.7000122070312,713.77001953125,712.5999755859375,712.89501953125,926897,6.5693341718896825,-0.001142576265133144
2026-04-27 13:50:00+00:00,712.8900146484375,713.9962158203125,712.6199951171875,713.9500122070312,836315,6.570812948974184,0.0014787770845012815
2026-04-27 13:55:00+00:00,713.9600219726562,714.2999877929688,713.8551025390625,714.0850219726562,589150,6.571002033643391,0.00018908466920741773
2026-04-27 14:00:00+00:00,714.0900268554688,714.22998046875,713.760009765625,713.9299926757812,494084,6.570784908058725,-0.00021712558466635556
2026-04-27 14:05:00+00:00,713.9199829101562,714.3400268554688,713.6699829101562,713.780029296875,333342,6.570574832655247,-0.00021007540347817155
2026-04-27 14:10:00+00:00,713.75,714.0850219726562,713.5,713.864990234375,340444,6.570693855152349,0.00011902249710260548
2026-04-27 14:15:00+00:00,713.8499755859375,713.9498901367188,713.4099731445312,713.469970703125,392780,6.570140348719527,-0.0005535064328219264
2026-04-27 14:20:00+00:00,713.469970703125,713.7000122070312,713.3499755859375,713.6749877929688,248493,6.57042765953548,0.0002873108159526794
2026-04-27 14:25:00+00:00,713.6900024414062,713.8300170898438,713.4299926757812,713.4450073242188,230855,6.570105359418422,-0.0003223001170580275
2026-04-27 14:30:00+00:00,713.459228515625,713.4749755859375,713.072021484375,713.3800048828125,398192,6.57001424461332,-9.111480510171077e-05
2026-04-27 14:35:00+00:00,713.39501953125,714.4500122070312,713.3499755859375,713.9600219726562,585942,6.570826969137059,0.0008127245237385949
2026-04-27 14:40:00+00:00,713.9550170898438,714.1699829101562,713.5700073242188,713.97998046875,291132,6.570854923387323,2.7954250263917402e-05
2026-04-27 14:45:00+00:00,713.969970703125,714.0499877929688,713.5499877929688,713.7100219726562,138292,6.570476748154816,-0.0003781752325071608
2026-04-27 14:50:00+00:00,713.6900024414062,713.8900146484375,713.344970703125,713.5499877929688,234160,6.570252494438936,-0.00022425371587964094
2026-04-27 14:55:00+00:00,713.5599975585938,713.72998046875,713.3499755859375,713.6199951171875,393867,6.570350600936568,9.810649763242196e-05
2026-04-27 15:00:00+00:00,713.6599731445312,713.7999877929688,712.844970703125,712.9000244140625,326202,6.569341192369707,-0.0010094085668610475
2026-04-27 15:05:00+00:00,712.9000244140625,713.219970703125,712.7999877929688,713.0549926757812,329503,6.569558546017573,0.00021735364786579225
2026-04-27 15:10:00+00:00,713.0599975585938,713.1799926757812,712.8699951171875,712.8800048828125,192038,6.569313110153882,-0.00024543586369141224
2026-04-27 15:15:00+00:00,712.8800048828125,713.25,712.72998046875,712.8400268554688,274677,6.569257028978806,-5.608117507538424e-05
2026-04-27 15:20:00+00:00,712.8400268554688,712.959228515625,712.2949829101562,712.5549926757812,386377,6.568857091867225,-0.00039993711158103906
2026-04-27 15:25:00+00:00,712.5549926757812,713.0,712.4099731445312,713.0,265008,6.569481420414296,0.0006243285470706184
2026-04-27 15:30:00+00:00,712.989990234375,713.239013671875,712.760009765625,712.97998046875,219234,6.569453342136164,-2.807827813189334e-05
2026-04-27 15:35:00+00:00,712.989990234375,713.0999755859375,712.8400268554688,713.0449829101562,186146,6.569544508059791,9.116592362712339e-05
2026-04-27 15:40:00+00:00,713.0499877929688,713.4000244140625,712.9500122070312,713.2899780273438,216520,6.569888039034361,0.0003435309745700721
2026-04-27 15:45:00+00:00,713.27001953125,713.409912109375,713.0999755859375,713.1300048828125,185016,6.569663738832291,-0.00022430020207053758
2026-04-27 15:50:00+00:00,713.1300048828125,713.27001953125,713.0499877929688,713.2091064453125,137952,6.569774654338923,0.00011091550663255845
2026-04-27 15:55:00+00:00,713.2100219726562,713.47998046875,713.1300048828125,713.4000244140625,165752,6.570042307146913,0.0002676528079899043
2026-04-27 16:00:00+00:00,713.4099731445312,713.52001953125,713.1799926757812,713.469970703125,154100,6.570140348719527,9.804157261417146e-05
2026-04-27 16:05:00+00:00,713.469970703125,713.8099975585938,713.4600219726562,713.7514038085938,261340,6.5705347277754225,0.0003943790558951221
2026-04-27 16:10:00+00:00,713.739990234375,714.02001953125,713.6699829101562,713.9400024414062,267691,6.570798928614741,0.00026420083931810723
2026-04-27 16:15:00+00:00,713.9500122070312,714.1199951171875,713.9349975585938,714.02001953125,450294,6.570911000505685,0.00011207189094442072
2026-04-27 16:20:00+00:00,714.0,714.0599975585938,713.739990234375,713.7899780273438,326276,6.5705887706483646,-0.00032222985732044407
2026-04-27 16:25:00+00:00,713.7999877929688,714.0090942382812,713.7899780273438,713.8599853515625,249285,6.570686844162281,9.807351391621921e-05
2026-04-27 16:30:00+00:00,713.8699951171875,714.2000122070312,713.8699951171875,714.1500244140625,566259,6.57109305849482,0.0004062143325391787
2026-04-27 16:35:00+00:00,714.1599731445312,714.3099975585938,714.0900268554688,714.280029296875,189421,6.571275083344876,0.0001820248500559174
2026-04-27 16:40:00+00:00,714.27001953125,714.3099975585938,714.1052856445312,714.1199951171875,192350,6.571051008607237,-0.00022407473763852437
2026-04-27 16:45:00+00:00,714.1199951171875,714.2550048828125,714.0900268554688,714.219970703125,177331,6.571190997109265,0.000139988502027677
2026-04-27 16:50:00+00:00,714.22998046875,714.22998046875,714.02001953125,714.02001953125,182673,6.570911000505685,-0.00027999660358002387
2026-04-27 16:55:00+00:00,714.02001953125,714.159912109375,713.8599853515625,714.1300048828125,242766,6.571065025432898,0.000154024927213392
2026-04-27 17:00:00+00:00,714.1199951171875,714.3499755859375,714.1199951171875,714.22998046875,199416,6.571205011972882,0.00013998653998381627
2026-04-27 17:05:00+00:00,714.219970703125,714.27001953125,714.0900268554688,714.2150268554688,128218,6.5711840750614785,-2.0936911403701686e-05
2026-04-27 17:10:00+00:00,714.219970703125,714.3499755859375,714.0900268554688,714.3400268554688,157805,6.571359077067869,0.00017500200639020136
2026-04-27 17:15:00+00:00,714.3350219726562,714.4099731445312,713.8800048828125,714.135009765625,265078,6.571072033772053,-0.00028704329581596966
2026-04-27 17:20:00+00:00,714.1199951171875,714.7550048828125,714.0499877929688,714.3699951171875,394143,6.571401028564341,0.0003289947922882064
2026-04-27 17:25:00+00:00,714.3699951171875,714.7000122070312,714.3099975585938,714.5999755859375,668848,6.571722911424653,0.00032188286031242797
2026-04-27 17:30:00+00:00,714.5999755859375,715.2100219726562,714.5800170898438,715.1950073242188,455599,6.572555243024282,0.0008323315996285885
2026-04-27 17:35:00+00:00,715.1950073242188,715.2100219726562,714.7100219726562,714.75,309471,6.571932831202421,-0.0006224118218609576
2026-04-27 17:40:00+00:00,714.75,714.8598022460938,714.7100219726562,714.8400268554688,220001,6.572058778997099,0.0001259477946780052
2026-04-27 17:45:00+00:00,714.8499755859375,714.9299926757812,714.7100219726562,714.8900146484375,264273,6.572128705195105,6.992619800616495e-05
2026-04-27 17:50:00+00:00,714.89501953125,715.0,714.6500244140625,714.739990234375,178815,6.571918826535451,-0.00020987865965427233
2026-04-27 17:55:00+00:00,714.739990234375,714.9199829101562,714.72998046875,714.8798828125,140646,6.572114532514655,0.00019570597920370858
2026-04-27 18:00:00+00:00,714.8499755859375,715.030029296875,714.719970703125,714.8800048828125,212247,6.572114703271036,1.7075638147900918e-07
2026-04-27 18:05:00+00:00,714.8800048828125,715.0399780273438,714.8200073242188,714.9550170898438,323221,6.572219627553834,0.00010492428279818
2026-04-27 18:10:00+00:00,714.9500122070312,715.1099853515625,714.9400024414062,715.0549926757812,283642,6.572359452569628,0.00013982501579334894
2026-04-27 18:15:00+00:00,715.0499877929688,715.239990234375,715.0,715.1900024414062,389941,6.5725482450722925,0.00018879250266490288
2026-04-27 18:20:00+00:00,715.2000122070312,715.22998046875,715.0900268554688,715.1500244140625,186574,6.572492345039288,-5.5900033004263605e-05
2026-04-27 18:25:00+00:00,715.1400146484375,715.2100219726562,715.02001953125,715.0999755859375,291284,6.572422358913583,-6.99861257054124e-05
2026-04-27 18:30:00+00:00,715.0900268554688,715.219970703125,715.030029296875,715.1500244140625,137119,6.572492345039288,6.99861257054124e-05
2026-04-27 18:35:00+00:00,715.1300048828125,715.2000122070312,715.0800170898438,715.155029296875,172227,6.572499343382473,6.998343184960731e-06
2026-04-27 18:40:00+00:00,715.155029296875,715.2100219726562,714.7999877929688,714.89501953125,337658,6.57213570608362,-0.0003636372988529146
2026-04-27 18:45:00+00:00,714.9000244140625,715.0399780273438,714.719970703125,715.02001953125,151546,6.572310541646439,0.0001748355628183873
2026-04-27 18:50:00+00:00,715.010009765625,715.1400146484375,714.8499755859375,714.8900146484375,197034,6.572128705195105,-0.0001818364513335169
2026-04-27 18:55:00+00:00,714.8800048828125,715.0399780273438,714.8499755859375,714.875,165955,6.57210770223548,-2.1002959624816242e-05
2026-04-27 19:00:00+00:00,714.8699951171875,715.0399780273438,714.8099975585938,714.8900146484375,187031,6.572128705195105,2.1002959624816242e-05
2026-04-27 19:05:00+00:00,714.8900146484375,714.9500122070312,714.7100219726562,714.7999877929688,177694,6.572002766207725,-0.0001259389873800032
2026-04-27 19:10:00+00:00,714.7949829101562,715.0,714.7100219726562,714.9500122070312,256516,6.572212627252821,0.0002098610450955718
2026-04-27 19:15:00+00:00,714.9500122070312,715.1900024414062,714.9450073242188,715.1500244140625,433804,6.572492345039288,0.0002797177864675149
2026-04-27 19:20:00+00:00,715.1300048828125,715.2000122070312,715.030029296875,715.0900268554688,436933,6.572408446453767,-8.389858552160234e-05
2026-04-27 19:25:00+00:00,715.0900268554688,715.2100219726562,715.0499877929688,715.1400146484375,265108,6.572478348205986,6.990175221943673e-05
2026-04-27 19:30:00+00:00,715.1300048828125,715.2899780273438,715.0900268554688,715.125,417434,6.5724573525886925,-2.0995617293628754e-05
2026-04-27 19:35:00+00:00,715.125,715.27001953125,714.8800048828125,715.1400146484375,838367,6.572478348205986,2.0995617293628754e-05
2026-04-27 19:40:00+00:00,715.1400146484375,715.219970703125,715.02001953125,715.1799926757812,508431,6.572534249021397,5.590081541129166e-05
2026-04-27 19:45:00+00:00,715.1749877929688,715.489990234375,715.1400146484375,715.489990234375,1212910,6.5729676090095825,0.00043335998818516686
2026-04-27 19:50:00+00:00,715.489990234375,715.6300048828125,715.1300048828125,715.169921875,1081704,6.572520167431041,-0.0004474415785411523
2026-04-27 19:55:00+00:00,715.1699829101562,715.2999877929688,714.9600219726562,715.1599731445312,1817021,6.572506256331926,-1.3911099115304637e-05
2026-04-28 13:30:00+00:00,711.8150024414062,712.0700073242188,710.7899780273438,711.5698852539062,3200307,6.567473635129319,-0.005032621202607501
2026-04-28 13:35:00+00:00,711.5399780273438,712.1500854492188,711.469970703125,712.0700073242188,673879,6.568176231471966,0.0007025963426476878
2026-04-28 13:40:00+00:00,712.0499877929688,712.8800048828125,711.8800048828125,712.4000244140625,690816,6.568639585685666,0.00046335421370002905
2026-04-28 13:45:00+00:00,712.4199829101562,712.6099853515625,711.8800048828125,712.239990234375,654758,6.568414919554272,-0.00022466613139471292
2026-04-28 13:50:00+00:00,712.2449951171875,712.4000244140625,711.47998046875,711.6400146484375,1136168,6.56757218615063,-0.0008427334036413825
2026-04-28 13:55:00+00:00,711.64501953125,711.780029296875,710.9600219726562,711.5800170898438,585218,6.567487873736118,-8.431241451223315e-05
2026-04-28 14:00:00+00:00,711.5850219726562,711.8300170898438,711.1099853515625,711.4451293945312,419270,6.567298294941885,-0.0001895787942327587
2026-04-28 14:05:00+00:00,711.4400024414062,712.3599853515625,711.3699951171875,712.1300048828125,459364,6.56826048587179,0.0009621909299051268
2026-04-28 14:10:00+00:00,712.1400146484375,712.1599731445312,711.52001953125,711.6400146484375,310728,6.56757218615063,-0.0006882997211601349
2026-04-28 14:15:00+00:00,711.6599731445312,711.8200073242188,711.1599731445312,711.3599853515625,280407,6.5671786101836735,-0.00039357596695666075
2026-04-28 14:20:00+00:00,711.3699951171875,711.6900024414062,711.1199951171875,711.3900146484375,267130,6.567220823217418,4.2213033744076256e-05
2026-04-28 14:25:00+00:00,711.4000244140625,711.6300048828125,710.9500122070312,711.25,417067,6.567023985440541,-0.00019683777687706794
2026-04-28 14:30:00+00:00,711.260009765625,711.5800170898438,710.8200073242188,710.89501953125,349852,6.56652476704685,-0.0004992183936902705
2026-04-28 14:35:00+00:00,710.89501953125,710.9299926757812,709.6400146484375,710.0889892578125,928849,6.565390299164172,-0.001134467882677903
2026-04-28 14:40:00+00:00,710.0800170898438,710.6599731445312,709.6900024414062,710.4600219726562,533064,6.565912678498286,0.0005223793341135874
2026-04-28 14:45:00+00:00,710.47998046875,710.6400146484375,709.8200073242188,710.0900268554688,549306,6.5653917603851095,-0.0005209181131764495
2026-04-28 14:50:00+00:00,710.0900268554688,710.1500244140625,709.25,709.6500244140625,595829,6.564771925148229,-0.0006198352368809168
2026-04-28 14:55:00+00:00,709.6649780273438,710.5349731445312,709.3200073242188,710.52001953125,581974,6.565997123820355,0.0012251986721265595
2026-04-28 15:00:00+00:00,710.530029296875,711.0700073242188,710.4500122070312,710.60498046875,378012,6.566116692384135,0.00011956856377981495
2026-04-28 15:05:00+00:00,710.614990234375,710.7650146484375,709.8800048828125,710.094970703125,281820,6.5653987226437795,-0.0007179697403554286
2026-04-28 15:10:00+00:00,710.0800170898438,710.719970703125,710.0499877929688,710.6900024414062,192180,6.566236332534533,0.0008376098907536544
2026-04-28 15:15:00+00:00,710.6900024414062,710.8200073242188,710.239990234375,710.6400146484375,227184,6.566165993074467,-7.033946006629321e-05
2026-04-28 15:20:00+00:00,710.6300048828125,710.6799926757812,709.969970703125,710.25,267199,6.565617020734297,-0.0005489723401694846
2026-04-28 15:25:00+00:00,710.25,710.2650146484375,709.8099975585938,709.9000244140625,236713,6.565124149436187,-0.0004928712981104866
2026-04-28 15:30:00+00:00,709.905029296875,709.9299926757812,709.4400024414062,709.6900024414062,437390,6.56482825841101,-0.00029589102517668664
2026-04-28 15:35:00+00:00,709.6900024414062,710.1500244140625,709.4199829101562,709.8900146484375,268006,6.565110049089869,0.00028179067885858444
2026-04-28 15:40:00+00:00,709.8900146484375,710.1099853515625,709.7100219726562,709.8099975585938,138199,6.56499732514926,-0.00011272394060846125
2026-04-28 15:45:00+00:00,709.7899780273438,709.989990234375,709.3800048828125,709.5698852539062,315374,6.564658991050144,-0.000338334099116544
2026-04-28 15:50:00+00:00,709.5700073242188,709.9099731445312,709.5399780273438,709.8499755859375,224745,6.565053645716313,0.0003946546661692807
2026-04-28 15:55:00+00:00,709.8499755859375,710.0225219726562,709.530029296875,709.97998046875,179908,6.565236773114944,0.00018312739863102223
2026-04-28 16:00:00+00:00,709.97998046875,710.2899780273438,709.77001953125,710.159912109375,245732,6.5654901729983335,0.00025339988338934916
2026-04-28 16:05:00+00:00,710.1500244140625,710.4849853515625,710.1224975585938,710.2899780273438,233813,6.5656733064115365,0.00018313341320297383
2026-04-28 16:10:00+00:00,710.2899780273438,710.4500122070312,710.0800170898438,710.4299926757812,498541,6.565870410206482,0.0001971037949459742
2026-04-28 16:15:00+00:00,710.4500122070312,710.4600219726562,710.0700073242188,710.3350219726562,118471,6.5657367206768456,-0.0001336895296368823
2026-04-28 16:20:00+00:00,710.3599853515625,710.5700073242188,710.2899780273438,710.5,129500,6.565968947537155,0.0002322268603096589
2026-04-28 16:25:00+00:00,710.489990234375,710.5900268554688,710.239990234375,710.3200073242188,121694,6.565715583035225,-0.0002533645019298092
2026-04-28 16:30:00+00:00,710.3201293945312,710.4400024414062,709.8201293945312,709.8201293945312,166790,6.565011599058704,-0.0007039839765212719
2026-04-28 16:35:00+00:00,709.8250122070312,709.9400024414062,709.5700073242188,709.7098999023438,215004,6.564856294852193,-0.00015530420651099774
2026-04-28 16:40:00+00:00,709.7000122070312,709.8699951171875,709.3599853515625,709.530029296875,188323,6.564602820294818,-0.0002534745573754549
2026-04-28 16:45:00+00:00,709.530029296875,709.780029296875,709.4199829101562,709.739990234375,223670,6.564898692026261,0.00029587173144296486
2026-04-28 16:50:00+00:00,709.75,710.4000244140625,709.52001953125,710.2598266601562,237466,6.565630856133352,0.0007321641070916485
2026-04-28 16:55:00+00:00,710.260009765625,710.3400268554688,709.9299926757812,710.1799926757812,169617,6.565518448717885,-0.00011240741546725275
2026-04-28 17:00:00+00:00,710.1699829101562,710.4000244140625,709.5599975585938,709.6599731445312,165788,6.56478594425679,-0.0007325044610952958
2026-04-28 17:05:00+00:00,709.6699829101562,709.9099731445312,709.4600219726562,709.8800048828125,186744,6.5650959485447276,0.0003100042879378151
2026-04-28 17:10:00+00:00,709.8826293945312,709.9949951171875,709.6400146484375,709.989990234375,177683,6.565250871674536,0.00015492312980835976
2026-04-28 17:15:00+00:00,709.97998046875,710.02001953125,709.5599975585938,709.6500244140625,563576,6.564771925148229,-0.00047894652630731116
2026-04-28 17:20:00+00:00,709.6599731445312,709.9099731445312,709.5999755859375,709.89501953125,160933,6.56511709928788,0.0003451741396514052
2026-04-28 17:25:00+00:00,709.9085083007812,710.3300170898438,709.8406982421875,710.1199951171875,238575,6.565433962962558,0.00031686367467820276
2026-04-28 17:30:00+00:00,710.1199951171875,710.4949951171875,710.114990234375,710.4550170898438,186300,6.565905633907054,0.00047167094449562796
2026-04-28 17:35:00+00:00,710.4600219726562,710.8200073242188,710.4600219726562,710.5999755859375,249762,6.566109649229957,0.00020401532290303948
2026-04-28 17:40:00+00:00,710.6500244140625,710.97998046875,710.530029296875,710.72998046875,1922013,6.56629258336516,0.00018293413520353852
2026-04-28 17:45:00+00:00,710.719970703125,710.9299926757812,710.6900024414062,710.719970703125,257517,6.5662784994846595,-1.4083880500947998e-05
2026-04-28 17:50:00+00:00,710.7319946289062,710.9099731445312,710.5900268554688,710.8499755859375,132636,6.56646140273682,0.00018290325216074876
2026-04-28 17:55:00+00:00,710.844970703125,711.1500244140625,710.8300170898438,711.030029296875,199497,6.566714664209352,0.00025326147253146303
2026-04-28 18:00:00+00:00,711.0399780273438,711.1699829101562,710.8099975585938,710.8800048828125,207648,6.566503646056286,-0.00021101815306590055
2026-04-28 18:05:00+00:00,710.8900146484375,711.0999755859375,710.760009765625,710.989990234375,256936,6.566658351271474,0.00015470521518778924
2026-04-28 18:10:00+00:00,710.9849853515625,711.0999755859375,710.8499755859375,711.030029296875,223430,6.566714664209352,5.631293787811131e-05
2026-04-28 18:15:00+00:00,711.030029296875,711.489990234375,711.030029296875,711.4000244140625,299454,6.567234893832688,0.0005202296233361992
2026-04-28 18:20:00+00:00,711.4099731445312,711.6500244140625,711.1699829101562,711.385009765625,515696,6.567213787835538,-2.110599714999495e-05
2026-04-28 18:25:00+00:00,711.4199829101562,711.530029296875,711.2100219726562,711.3499755859375,328357,6.56716453877643,-4.924905910819177e-05
2026-04-28 18:30:00+00:00,711.3599853515625,711.3724975585938,710.969970703125,711.0700073242188,210552,6.566770888140615,-0.0003936506358144243
2026-04-28 18:35:00+00:00,711.0700073242188,711.0999755859375,710.8300170898438,711.0650024414062,170994,6.566763849592547,-7.038548067939132e-06
2026-04-28 18:40:00+00:00,711.0700073242188,711.4199829101562,711.0499877929688,711.4000244140625,307551,6.567234893832688,0.00047104424014055013
2026-04-28 18:45:00+00:00,711.385009765625,711.4500122070312,711.27001953125,711.3800048828125,273112,6.567206752404162,-2.8141428526140544e-05
2026-04-28 18:50:00+00:00,711.3900146484375,711.5999755859375,711.3099975585938,711.5700073242188,179609,6.567473806680005,0.0002670542758433925
2026-04-28 18:55:00+00:00,711.5650024414062,711.6099853515625,711.27001953125,711.52001953125,197844,6.567403554212422,-7.02524675828542e-05
2026-04-28 19:00:00+00:00,711.5250244140625,711.719970703125,711.4400024414062,711.6199951171875,245056,6.567544054212525,0.0001405000001026835
2026-04-28 19:05:00+00:00,711.6300048828125,712.02001953125,711.6199951171875,711.9251708984375,291832,6.567972808836137,0.0004287546236119155
2026-04-28 19:10:00+00:00,711.9199829101562,712.1900024414062,711.8400268554688,711.9199829101562,512375,6.56796552154332,-7.2872928171818785e-06
2026-04-28 19:15:00+00:00,711.9199829101562,711.9199829101562,711.5599975585938,711.6400146484375,520543,6.56757218615063,-0.0003933353926894867
2026-04-28 19:20:00+00:00,711.6300048828125,711.8099975585938,711.4099731445312,711.6500244140625,350854,6.567586251822911,1.4065672281127206e-05
2026-04-28 19:25:00+00:00,711.6500244140625,711.760009765625,711.52001953125,711.5900268554688,252973,6.567501940594351,-8.431122856045192e-05
2026-04-28 19:30:00+00:00,711.5900268554688,711.6500244140625,711.219970703125,711.239990234375,352905,6.567009911857325,-0.0004920287370255849
2026-04-28 19:35:00+00:00,711.239990234375,711.5599975585938,711.2000122070312,711.5399780273438,619896,6.5674316043243355,0.0004216924670101818
2026-04-28 19:40:00+00:00,711.5399780273438,711.7999877929688,711.5399780273438,711.639892578125,642819,6.567572014616821,0.00014041029248534898
2026-04-28 19:45:00+00:00,711.6400146484375,711.75,711.530029296875,711.739990234375,964333,6.567712662461607,0.00014064784478584613
2026-04-28 19:50:00+00:00,711.72998046875,711.989990234375,711.4000244140625,711.6599731445312,1788839,6.567600231532864,-0.00011243092874302363
2026-04-28 19:55:00+00:00,711.6699829101562,711.8699951171875,711.4199829101562,711.6799926757812,3840386,6.567628361890659,2.8130357795141947e-05
2026-04-29 13:30:00+00:00,711.0,711.1900024414062,709.9199829101562,710.1300048828125,1925129,6.5654480587423505,-0.0021803031483083046
2026-04-29 13:35:00+00:00,710.1199951171875,710.6400146484375,709.97998046875,710.5499877929688,600601,6.5660393008581766,0.0005912421158260628
2026-04-29 13:40:00+00:00,710.5499877929688,710.6300048828125,710.030029296875,710.0399780273438,458488,6.565321275530943,-0.0007180253272336401
2026-04-29 13:45:00+00:00,710.0499877929688,710.25,709.6599731445312,709.9600219726562,615808,6.565208661369292,-0.00011261416165098126
2026-04-29 13:50:00+00:00,709.9500122070312,710.7100219726562,709.9299926757812,710.6300048828125,475605,6.5661519074109576,0.0009432460416656241
2026-04-29 13:55:00+00:00,710.6400146484375,711.02001953125,710.5700073242188,710.77001953125,492192,6.566348916903691,0.00019700949273371293
2026-04-29 14:00:00+00:00,710.7550048828125,710.7999877929688,710.280029296875,710.7150268554688,355842,6.566271543348551,-7.737355514070288e-05
2026-04-29 14:05:00+00:00,710.7100219726562,710.8400268554688,710.5,710.8099975585938,554615,6.566405161401888,0.00013361805333733656
2026-04-29 14:10:00+00:00,710.7999877929688,711.22998046875,710.719970703125,711.1300048828125,286510,6.566855261025039,0.00045009962315134544
2026-04-29 14:15:00+00:00,711.1309204101562,711.3400268554688,710.9450073242188,711.0399780273438,348481,6.566728656109072,-0.00012660491596694357
2026-04-29 14:20:00+00:00,711.030029296875,711.3900146484375,710.9400024414062,711.3400268554688,267151,6.567150552974249,0.0004218968651770183
2026-04-29 14:25:00+00:00,711.3699951171875,711.6500244140625,711.3400268554688,711.47998046875,339284,6.567347280055697,0.0001967270814473565
2026-04-29 14:30:00+00:00,711.47998046875,711.9349975585938,711.2999877929688,711.9000244140625,383499,6.567937486404057,0.0005902063483604891
2026-04-29 14:35:00+00:00,711.9000244140625,712.2000122070312,711.8200073242188,711.8499755859375,237933,6.567867180763115,-7.030564094190339e-05
2026-04-29 14:40:00+00:00,711.8499755859375,711.8900146484375,711.6500244140625,711.8400268554688,275017,6.567853204784564,-1.3975978551350465e-05
2026-04-29 14:45:00+00:00,711.8699951171875,711.9199829101562,711.47998046875,711.47998046875,218912,6.567347280055697,-0.0005059247288672353
2026-04-29 14:50:00+00:00,711.47998046875,711.7000122070312,711.4000854492188,711.6199951171875,143608,6.567544054212525,0.00019677415682828325
2026-04-29 14:55:00+00:00,711.6099853515625,711.6199951171875,711.3800048828125,711.4400024414062,230662,6.567291088523025,-0.00025296568949961795
2026-04-29 15:00:00+00:00,711.4500122070312,711.52001953125,710.9500122070312,711.1099853515625,268315,6.566827108910926,-0.000463979612099763
2026-04-29 15:05:00+00:00,711.10498046875,711.219970703125,710.6199951171875,710.6199951171875,731294,6.566137821549041,-0.0006892873618848938
2026-04-29 15:10:00+00:00,710.614990234375,710.6699829101562,710.1500244140625,710.25,334959,6.565617020734297,-0.0005208008147432608
2026-04-29 15:15:00+00:00,710.25,710.869873046875,710.10498046875,710.6699829101562,357362,6.566208162990635,0.0005911422563373847
2026-04-29 15:20:00+00:00,710.6699829101562,710.9398803710938,710.6013793945312,710.8200073242188,165751,6.566419243498624,0.00021108050798890332
2026-04-29 15:25:00+00:00,710.8099975585938,711.1099853515625,710.6099853515625,710.8670043945312,176900,6.566485358008979,6.611451035531957e-05
2026-04-29 15:30:00+00:00,710.8800048828125,711.0999755859375,710.5,710.8499755859375,226493,6.56646140273682,-2.3955272158815433e-05
2026-04-29 15:35:00+00:00,710.8599853515625,710.9598999023438,710.52001953125,710.6600952148438,228482,6.566194249691445,-0.0002671530453755011
2026-04-29 15:40:00+00:00,710.6599731445312,710.77001953125,710.4000244140625,710.5700073242188,170393,6.566067475159179,-0.00012677453226572766
2026-04-29 15:45:00+00:00,710.5599975585938,710.9600219726562,710.5399780273438,710.8499755859375,138847,6.56646140273682,0.00039392757764122877
2026-04-29 15:50:00+00:00,710.8699951171875,711.010009765625,709.219970703125,709.5501098632812,1080881,6.564631121115685,-0.001830281621135299
2026-04-29 15:55:00+00:00,709.5499877929688,710.1400146484375,709.22998046875,710.0399780273438,601879,6.565321275530943,0.000690154415257993
2026-04-29 16:00:00+00:00,710.0499877929688,710.4600219726562,709.9199829101562,710.4199829101562,227032,6.565856320378848,0.0005350448479051195
2026-04-29 16:05:00+00:00,710.4290161132812,710.6599731445312,710.2301025390625,710.4600219726562,204603,6.565912678498286,5.6358119437938115e-05
2026-04-29 16:10:00+00:00,710.4500122070312,710.72998046875,710.2100219726562,710.22998046875,126383,6.565588833739019,-0.00032384475926683365
2026-04-29 16:15:00+00:00,710.22998046875,710.5499877929688,709.8200073242188,709.9099731445312,194880,6.565138163607782,-0.0004506701312374517
2026-04-29 16:20:00+00:00,709.8900146484375,710.3051147460938,709.8450927734375,710.2150268554688,174364,6.565567778910138,0.00042961530235618994
2026-04-29 16:25:00+00:00,710.2100219726562,710.3298950195312,709.6400146484375,709.75,335840,6.564912795353081,-0.000654983557057065
2026-04-29 16:30:00+00:00,709.7449951171875,709.7449951171875,708.9099731445312,709.0900268554688,606016,6.563982495700354,-0.0009302996527269514
2026-04-29 16:35:00+00:00,709.0900268554688,709.510009765625,708.9949951171875,709.4500122070312,342846,6.564490039159653,0.0005075434592987094
2026-04-29 16:40:00+00:00,709.4600219726562,709.8800048828125,709.4600219726562,709.760009765625,228296,6.564926898481,0.00043685932134707173
2026-04-29 16:45:00+00:00,709.77001953125,709.9299926757812,709.5900268554688,709.802978515625,163684,6.564987436478071,6.053799707128604e-05
2026-04-29 16:50:00+00:00,709.7999877929688,710.0499877929688,709.655029296875,709.7999877929688,465148,6.56498322301455,-4.213463521196559e-06
2026-04-29 16:55:00+00:00,709.7949829101562,709.9000244140625,709.4199829101562,709.6749877929688,184810,6.564807101557711,-0.00017612145683898461
2026-04-29 17:00:00+00:00,709.6900024414062,709.75,709.219970703125,709.530029296875,366032,6.564602820294818,-0.00020428126289306903
2026-04-29 17:05:00+00:00,709.5399169921875,709.780029296875,709.4400024414062,709.6599731445312,177727,6.56478594425679,0.00018312396197206482
2026-04-29 17:10:00+00:00,709.6799926757812,709.8250122070312,709.510009765625,709.655029296875,161011,6.564778977730476,-6.966526314045041e-06
2026-04-29 17:15:00+00:00,709.6599731445312,709.7899780273438,709.3800048828125,709.6400146484375,174768,6.564757819834516,-2.11578959596892e-05
2026-04-29 17:20:00+00:00,709.6300048828125,710.1900024414062,709.6099853515625,709.719970703125,223521,6.564870484775894,0.00011266494137807115
2026-04-29 17:25:00+00:00,709.72998046875,709.9099731445312,709.52001953125,709.9099731445312,356194,6.565138163607782,0.00026767883188760777
2026-04-29 17:30:00+00:00,709.9199829101562,710.27001953125,709.8400268554688,709.989990234375,405721,6.565250871674536,0.00011270806675423017
2026-04-29 17:35:00+00:00,709.97998046875,710.1400146484375,709.9099731445312,710.0599975585938,267694,6.565349470068786,9.859839425008232e-05
2026-04-29 17:40:00+00:00,710.0549926757812,710.1099853515625,709.780029296875,710.010009765625,227779,6.565279068197425,-7.04018713610921e-05
2026-04-29 17:45:00+00:00,710.0150146484375,710.7000122070312,709.9749755859375,710.4600219726562,343353,6.565912678498286,0.000633610300861065
2026-04-29 17:50:00+00:00,710.4600219726562,710.739990234375,710.2899780273438,710.3300170898438,323195,6.56572967484595,-0.00018300365233603344
2026-04-29 17:55:00+00:00,710.3400268554688,710.6099853515625,710.219970703125,710.6099853515625,168610,6.566123735488708,0.00039406064275837593
2026-04-29 18:00:00+00:00,710.6099853515625,710.6799926757812,709.3200073242188,709.4500122070312,750562,6.564490039159653,-0.001633696329055745
2026-04-29 18:05:00+00:00,709.4450073242188,709.8800048828125,708.75,708.8400268554688,631608,6.5636298689936465,-0.0008601701660060357
2026-04-29 18:10:00+00:00,708.840087890625,709.22998046875,708.4600219726562,709.0880126953125,616365,6.563979655210513,0.00034978621686665434
2026-04-29 18:15:00+00:00,709.0499877929688,709.9099731445312,708.969970703125,709.530029296875,351531,6.564602820294818,0.0006231650843044889
2026-04-29 18:20:00+00:00,709.5399780273438,709.9000244140625,709.4199829101562,709.5399780273438,274320,6.564616841774262,1.402147944418175e-05
2026-04-29 18:25:00+00:00,709.5399780273438,709.5499877929688,709.1300048828125,709.219970703125,284689,6.5641657332834535,-0.0004511084908083163
2026-04-29 18:30:00+00:00,709.22998046875,709.3200073242188,708.75,709.02001953125,524997,6.563883762425804,-0.00028197085764958274
2026-04-29 18:35:00+00:00,709.030029296875,710.2000122070312,708.9199829101562,709.3900146484375,689146,6.564405466469999,0.0005217040441953813
2026-04-29 18:40:00+00:00,709.3699951171875,709.4400024414062,708.6599731445312,708.6950073242188,498304,6.563425260954679,-0.0009802055153205202
2026-04-29 18:45:00+00:00,708.6998901367188,709.5800170898438,708.3699951171875,709.4650268554688,624549,6.564511202721987,0.0010859417673083627
2026-04-29 18:50:00+00:00,709.5,710.02001953125,709.5,709.6099853515625,422737,6.564715502699579,0.00020429997759219276
2026-04-29 18:55:00+00:00,709.6099853515625,710.6599731445312,709.5499877929688,710.5700073242188,316393,6.566067475159179,0.0013519724595996152
2026-04-29 19:00:00+00:00,710.5599975585938,710.780029296875,710.2100219726562,710.385009765625,364621,6.56580709033712,-0.00026038482205859026
2026-04-29 19:05:00+00:00,710.3900146484375,710.5399780273438,710.0,710.4600219726562,371853,6.565912678498286,0.00010558816116557068
2026-04-29 19:10:00+00:00,710.47998046875,711.2999877929688,710.3400268554688,711.239990234375,441299,6.567009911857325,0.001097233359039329
2026-04-29 19:15:00+00:00,711.25,711.5,711.0700073242188,711.27001953125,499315,6.567052132012788,4.222015546240243e-05
2026-04-29 19:20:00+00:00,711.280029296875,711.3300170898438,710.8900146484375,711.22998046875,291161,6.566995838076042,-5.629393674588812e-05
2026-04-29 19:25:00+00:00,711.239990234375,711.3200073242188,710.8699951171875,710.8699951171875,515168,6.566489565148074,-0.000506272927967899
2026-04-29 19:30:00+00:00,710.8599853515625,710.9000244140625,710.0800170898438,710.3599853515625,748243,6.5657718631652475,-0.0007177019828263909
2026-04-29 19:35:00+00:00,710.3599853515625,711.0100708007812,710.2498779296875,710.969970703125,599190,6.566630193613309,0.0008583304480618281
2026-04-29 19:40:00+00:00,710.9899291992188,711.0599975585938,710.42041015625,710.5496826171875,635915,6.5660388713657385,-0.0005913222475708579
2026-04-29 19:45:00+00:00,710.5399780273438,710.8900146484375,710.510009765625,710.739990234375,604786,6.566306667047308,0.00026779568156953815
2026-04-29 19:50:00+00:00,710.72998046875,711.030029296875,710.3800048828125,710.989990234375,1075709,6.566658351271474,0.00035168422416553824
2026-04-29 19:55:00+00:00,710.97998046875,711.6199951171875,710.510009765625,711.5800170898438,3004998,6.567487873736118,0.0008295224646444055
2026-04-30 13:30:00+00:00,714.6300048828125,714.7100219726562,712.8012084960938,712.8800048828125,3370439,6.569313110153882,0.0018252364177637759
2026-04-30 13:35:00+00:00,712.8499755859375,713.0499877929688,711.8400268554688,711.8400268554688,1038153,6.567853204784564,-0.0014599053693178377
2026-04-30 13:40:00+00:00,711.8400268554688,712.9500122070312,711.4500122070312,712.8508911132812,1102094,6.569272269670425,0.0014190648858614097
2026-04-30 13:45:00+00:00,712.8400268554688,713.1900024414062,712.0599975585938,712.510009765625,728473,6.568793960837982,-0.00047830883244337485
2026-04-30 13:50:00+00:00,712.52001953125,712.8099975585938,711.4600219726562,711.469970703125,745448,6.567333211021691,-0.0014607498162906296
2026-04-30 13:55:00+00:00,711.4600219726562,711.5599975585938,710.780029296875,711.27001953125,609719,6.567052132012788,-0.0002810790089036175
2026-04-30 14:00:00+00:00,711.260009765625,712.219970703125,711.25,711.8699951171875,699033,6.567895303612641,0.000843171599853143
2026-04-30 14:05:00+00:00,711.8699951171875,712.260009765625,710.7000122070312,711.1799926757812,1097778,6.566925552020779,-0.000969751591862078
2026-04-30 14:10:00+00:00,711.1699829101562,711.9299926757812,710.8499755859375,711.6500244140625,702551,6.567586251822911,0.0006606998021325694
2026-04-30 14:15:00+00:00,711.6300048828125,711.6599731445312,710.4450073242188,711.5650024414062,722088,6.567466773077742,-0.00011947874516948787
2026-04-30 14:20:00+00:00,711.5549926757812,712.3400268554688,711.530029296875,711.9199829101562,525321,6.56796552154332,0.0004987484655778474
2026-04-30 14:25:00+00:00,711.9099731445312,712.0999755859375,711.25,712.010009765625,572508,6.568091969972739,0.00012644842941966772
2026-04-30 14:30:00+00:00,712.010009765625,712.7899780273438,711.5,711.8499755859375,488814,6.567867180763115,-0.00022478920962409887
2026-04-30 14:35:00+00:00,711.8400268554688,711.97998046875,711.1799926757812,711.2999877929688,440566,6.56709426457789,-0.0007729161852250144
2026-04-30 14:40:00+00:00,711.3200073242188,712.3699951171875,711.3200073242188,712.239990234375,585714,6.568414919554272,0.0013206549763813413
2026-04-30 14:45:00+00:00,712.22998046875,713.0999755859375,712.2299194335938,712.8099975585938,509806,6.569214901813843,0.0007999822595712303
2026-04-30 14:50:00+00:00,712.8099975585938,713.9000244140625,712.6799926757812,713.6900024414062,1082451,6.57044869781026,0.001233795996417264
2026-04-30 14:55:00+00:00,713.6699829101562,714.1599731445312,713.6699829101562,713.8699951171875,441541,6.570700866093264,0.0002521682830041172
2026-04-30 15:00:00+00:00,713.8699951171875,714.4498901367188,713.780029296875,713.9099731445312,355248,6.570756866356951,5.600026368668409e-05
2026-04-30 15:05:00+00:00,713.8300170898438,714.4000244140625,713.5499877929688,714.4000244140625,568199,6.571443063736508,0.0006861973795571075
2026-04-30 15:10:00+00:00,714.4000244140625,714.530029296875,713.9199829101562,714.2949829101562,311409,6.571296018350955,-0.00014704538555321278
2026-04-30 15:15:00+00:00,714.3300170898438,714.469970703125,714.010009765625,714.2100219726562,254871,6.571177067507507,-0.00011895084344804019
2026-04-30 15:20:00+00:00,714.2100219726562,714.2999877929688,713.8099975585938,714.2501220703125,370281,6.571233212017851,5.61445103439695e-05
2026-04-30 15:25:00+00:00,714.2550048828125,714.5900268554688,714.1500244140625,714.4299926757812,536426,6.571485011709836,0.00025179969198507735
2026-04-30 15:30:00+00:00,714.4099731445312,714.9500122070312,714.3900146484375,714.4299926757812,461167,6.571485011709836,0.0
2026-04-30 15:35:00+00:00,714.4149780273438,714.4149780273438,713.875,714.0,320739,6.570882962339584,-0.0006020493702516561
2026-04-30 15:40:00+00:00,713.97998046875,714.0900268554688,713.739990234375,713.9299926757812,261642,6.570784908058725,-9.805428085929435e-05
2026-04-30 15:45:00+00:00,713.9249877929688,714.0700073242188,713.469970703125,714.0700073242188,171023,6.570981007006744,0.00019609894801941863
2026-04-30 15:50:00+00:00,714.0900268554688,714.7598876953125,714.02001953125,714.7100219726562,282196,6.571876896756211,0.0008958897494668605
2026-04-30 15:55:00+00:00,714.719970703125,715.0700073242188,714.5750122070312,714.5999755859375,502265,6.571722911424653,-0.00015398533155774885
2026-04-30 16:00:00+00:00,714.5999755859375,714.6599731445312,714.0700073242188,714.5800170898438,291188,6.5716949814281564,-2.7929996496922627e-05
2026-04-30 16:05:00+00:00,714.5599975585938,714.9400024414062,714.5499877929688,714.72998046875,612711,6.571904821672348,0.00020984024419146152
2026-04-30 16:10:00+00:00,714.719970703125,715.3900146484375,714.6500244140625,715.3099975585938,249464,6.572716011751732,0.0008111900793839055
2026-04-30 16:15:00+00:00,715.2999877929688,715.3599853515625,714.9199829101562,715.1799926757812,224515,6.572534249021397,-0.0001817627303344338
2026-04-30 16:20:00+00:00,715.1699829101562,715.27001953125,714.9249877929688,714.9290771484375,257692,6.572183344974689,-0.0003509040467086777
2026-04-30 16:25:00+00:00,714.9199829101562,715.2100219726562,714.780029296875,715.1799926757812,255099,6.572534249021397,0.0003509040467086777
2026-04-30 16:30:00+00:00,715.1799926757812,715.3300170898438,715.02001953125,715.0499877929688,291698,6.572352453247367,-0.0001817957740302134
2026-04-30 16:35:00+00:00,715.0599975585938,715.1799926757812,714.9000244140625,715.1649780273438,155663,6.572513254577756,0.00016080133038887112
2026-04-30 16:40:00+00:00,715.1599731445312,715.22998046875,714.6500244140625,714.7498779296875,202739,6.571932660414981,-0.0005805941627752276
2026-04-30 16:45:00+00:00,714.739990234375,714.9000244140625,714.4600219726562,714.8099975585938,297576,6.572016769699205,8.410928422453168e-05
2026-04-30 16:50:00+00:00,714.7999877929688,714.8099975585938,714.1749877929688,714.3599853515625,259688,6.571387016447619,-0.000629753251586429
2026-04-30 16:55:00+00:00,714.3599853515625,714.3800048828125,713.9000244140625,714.3474731445312,317026,6.57136950102561,-1.7515422008784753e-05
2026-04-30 17:00:00+00:00,714.3499755859375,715.1799926757812,714.3250122070312,714.9600219726562,298611,6.572226627805843,0.0008571267802333082
2026-04-30 17:05:00+00:00,714.9600219726562,715.25,714.844970703125,715.22998046875,305227,6.572604141980658,0.00037751417481413085
2026-04-30 17:10:00+00:00,715.239990234375,715.6500244140625,715.1500244140625,715.5599975585938,233188,6.573065449511133,0.0004613075304753522
2026-04-30 17:15:00+00:00,715.5499877929688,715.5499877929688,715.2000122070312,715.4400024414062,201986,6.5728977414503795,-0.00016770806075339095
2026-04-30 17:20:00+00:00,715.4600219726562,715.75,715.22998046875,715.7000122070312,251696,6.573261101800624,0.0003633603502448679
2026-04-30 17:25:00+00:00,715.6900024414062,715.8900146484375,715.4932250976562,715.8099975585938,220947,6.573414765206438,0.00015366340581390858
2026-04-30 17:30:00+00:00,715.8200073242188,716.6799926757812,715.8200073242188,716.239990234375,535215,6.57401529269133,0.0006005274848916997
2026-04-30 17:35:00+00:00,716.25,716.510009765625,716.25,716.489990234375,270670,6.574364276806893,0.00034898411556305575
2026-04-30 17:40:00+00:00,716.47998046875,716.52001953125,716.2899780273438,716.4299926757812,381899,6.5742805351334646,-8.374167342850569e-05
2026-04-30 17:45:00+00:00,716.4400024414062,716.8699951171875,716.4400024414062,716.7449951171875,286918,6.574720121993634,0.0004395868601694275
2026-04-30 17:50:00+00:00,716.75,716.8300170898438,716.5800170898438,716.7100219726562,183014,6.574671326399603,-4.879559403114797e-05
2026-04-30 17:55:00+00:00,716.7000122070312,717.1599731445312,716.6500244140625,717.0601196289062,220381,6.575159685939322,0.0004883595397195961
2026-04-30 18:00:00+00:00,717.0800170898438,717.9149780273438,717.030029296875,717.780029296875,859545,6.57616315622682,0.0010034702874976986
2026-04-30 18:05:00+00:00,717.7899169921875,717.7949829101562,717.510009765625,717.5399780273438,355873,6.575828664586567,-0.0003344916402534537
2026-04-30 18:10:00+00:00,717.5399780273438,717.8800048828125,717.469970703125,717.7899780273438,400624,6.576177016547693,0.00034835196112670275
2026-04-30 18:15:00+00:00,717.7899780273438,718.1099853515625,717.7899780273438,717.864990234375,468185,6.576281515481989,0.00010449893429598234
2026-04-30 18:20:00+00:00,717.8699951171875,717.9600219726562,717.6799926757812,717.7100219726562,660786,6.576065618352263,-0.00021589712972591713
2026-04-30 18:25:00+00:00,717.7100219726562,717.9099731445312,717.6300048828125,717.8800048828125,517025,6.576302430962787,0.00023681261052388436
2026-04-30 18:30:00+00:00,717.9000244140625,718.3499755859375,717.8699951171875,718.1099853515625,693258,6.57662274025781,0.0003203092950228026
2026-04-30 18:35:00+00:00,718.1099853515625,718.5700073242188,718.0999755859375,718.510009765625,1015418,6.577179636898203,0.0005568966403926012
2026-04-30 18:40:00+00:00,718.52001953125,718.7000122070312,718.469970703125,718.5800170898438,1168882,6.57727706617955,9.74292813475941e-05
2026-04-30 18:45:00+00:00,718.5800170898438,718.719970703125,718.52001953125,718.6799926757812,580405,6.577416185873162,0.0001391196936113559
2026-04-30 18:50:00+00:00,718.6799926757812,718.8200073242188,718.4299926757812,718.489990234375,350645,6.57715177394587,-0.00026441192729187435
2026-04-30 18:55:00+00:00,718.469970703125,718.6099853515625,718.27001953125,718.3699951171875,397493,6.576984749853488,-0.00016702409238167348
2026-04-30 19:00:00+00:00,718.3599853515625,718.8300170898438,718.280029296875,718.760009765625,538202,6.57752751864502,0.0005427687915320334
2026-04-30 19:05:00+00:00,718.77001953125,719.1099853515625,718.6405029296875,718.9099731445312,1396996,6.577736138677758,0.00020862003273780516
2026-04-30 19:10:00+00:00,718.9099731445312,719.4299926757812,718.7999877929688,719.27001953125,902625,6.57823683594246,0.0005006972647016994
2026-04-30 19:15:00+00:00,719.27001953125,719.4000244140625,719.1300048828125,719.1400146484375,1020022,6.578056074017727,-0.00018076192473248653
2026-04-30 19:20:00+00:00,719.1300048828125,719.2999877929688,719.030029296875,719.260009765625,870687,6.578222919283896,0.00016684526616916884
2026-04-30 19:25:00+00:00,719.260009765625,719.35498046875,719.0499877929688,719.1199951171875,463239,6.578028235475161,-0.00019468380873544078
2026-04-30 19:30:00+00:00,719.1099853515625,719.1300048828125,718.75,718.9500122070312,726876,6.577791831252721,-0.00023640422243964565
2026-04-30 19:35:00+00:00,718.9400024414062,719.2100219726562,718.8400268554688,719.1649780273438,1218890,6.5780907862366735,0.00029895498395227094
2026-04-30 19:40:00+00:00,719.1599731445312,719.4299926757812,718.8300170898438,719.4099731445312,1251847,6.578431394307676,0.00034060807100289026
2026-04-30 19:45:00+00:00,719.3800048828125,719.5700073242188,719.1599731445312,719.510009765625,1752680,6.578570438344097,0.00013904403642062135
2026-04-30 19:50:00+00:00,719.510009765625,719.7899780273438,718.8300170898438,719.2249755859375,2182272,6.5781742094536915,-0.00039622889040558107
2026-04-30 19:55:00+00:00,719.219970703125,719.7000122070312,718.3499755859375,718.3900146484375,7558236,6.577012617459929,-0.001161591993762201
2026-05-01 13:30:00+00:00,721.25,722.3599853515625,720.739990234375,722.3200073242188,2334460,6.582468264139077,0.005455646679147996
2026-05-01 13:35:00+00:00,722.3400268554688,722.6099853515625,722.0800170898438,722.1099853515625,732194,6.58217746157308,-0.000290802565997339
2026-05-01 13:40:00+00:00,722.1199951171875,722.6199951171875,722.0,722.52001953125,774000,6.58274512829648,0.0005676667234002508
2026-05-01 13:45:00+00:00,722.489990234375,722.5399780273438,721.9400024414062,722.1799926757812,459363,6.582274405158286,-0.00047072313819374045
2026-05-01 13:50:00+00:00,722.2100219726562,722.9099731445312,721.8699951171875,722.5599975585938,610622,6.582800458142414,0.0005260529841280004
2026-05-01 13:55:00+00:00,722.5999755859375,724.239990234375,722.5999755859375,724.1749877929688,1000454,6.585033059028623,0.00223260088620858
2026-05-01 14:00:00+00:00,724.1900024414062,724.6500244140625,723.9500122070312,724.35400390625,640431,6.58528022855746,0.00024716952883707677
2026-05-01 14:05:00+00:00,724.3599853515625,724.3800048828125,723.77001953125,724.0523071289062,475103,6.584863637191614,-0.00041659136584648593
2026-05-01 14:10:00+00:00,724.0599975585938,724.6599731445312,723.9299926757812,724.4500122070312,456904,6.585412763116798,0.0005491259251844127
2026-05-01 14:15:00+00:00,724.4500122070312,724.6500244140625,724.1799926757812,724.4600219726562,664483,6.585426580076291,1.3816959492984893e-05
2026-05-01 14:20:00+00:00,724.47998046875,724.8699951171875,724.47998046875,724.5850219726562,421201,6.58559910749472,0.00017252741842899155
2026-05-01 14:25:00+00:00,724.5850219726562,724.5999755859375,724.1799926757812,724.2587890625,377384,6.585148771974515,-0.00045033552020523615
2026-05-01 14:30:00+00:00,724.27001953125,724.27001953125,723.1099853515625,723.2899780273438,814928,6.583810217858984,-0.0013385541155308545
2026-05-01 14:35:00+00:00,723.2899780273438,723.3699951171875,722.2999877929688,722.8499755859375,841828,6.583201697979723,-0.0006085198792611379
2026-05-01 14:40:00+00:00,722.844970703125,723.2999877929688,722.469970703125,722.9600219726562,594043,6.583353925986331,0.00015222800660819047
2026-05-01 14:45:00+00:00,722.9100952148438,723.3900146484375,722.8350219726562,723.1599731445312,314413,6.583630460677538,0.00027653469120725305
2026-05-01 14:50:00+00:00,723.1400146484375,723.2899780273438,722.6660766601562,722.8699951171875,260246,6.583229392874525,-0.00040106780301307765
2026-05-01 14:55:00+00:00,722.8699951171875,723.1799926757812,722.719970703125,722.719970703125,221114,6.5830218313693285,-0.00020756150519662953
2026-05-01 15:00:00+00:00,722.72998046875,722.7786254882812,722.0399780273438,722.3300170898438,481994,6.582482121842266,-0.0005397095270627261
2026-05-01 15:05:00+00:00,722.3699951171875,722.6599731445312,722.1599731445312,722.6199951171875,286278,6.5828834894034784,0.00040136756121267325
2026-05-01 15:10:00+00:00,722.6099853515625,723.0150146484375,722.3599853515625,722.9949951171875,288790,6.583402299751938,0.0005188103484599083
2026-05-01 15:15:00+00:00,723.0,723.1799926757812,722.7899780273438,722.9949951171875,190112,6.583402299751938,0.0
2026-05-01 15:20:00+00:00,723.0,723.3699951171875,723.0,723.280029296875,191878,6.583796462934689,0.0003941631827508729
2026-05-01 15:25:00+00:00,723.2899780273438,723.3800048828125,722.989990234375,723.2899780273438,277634,6.583810217858984,1.3754924294673287e-05
2026-05-01 15:30:00+00:00,723.2949829101562,723.510009765625,723.1699829101562,723.260009765625,314295,6.583768783740597,-4.143411838697375e-05
2026-05-01 15:35:00+00:00,723.2576904296875,724.0599975585938,723.2000122070312,723.7899780273438,257386,6.5845012647051595,0.0007324809645625763
2026-05-01 15:40:00+00:00,723.7700805664062,724.0499877929688,723.7700805664062,724.010009765625,650570,6.584805217933272,0.00030395322811216374
2026-05-01 15:45:00+00:00,724.0050048828125,724.3499755859375,723.989990234375,724.2899780273438,326342,6.585191834335351,0.0003866164020793761
2026-05-01 15:50:00+00:00,724.2999877929688,724.3800048828125,722.719970703125,723.4801025390625,1014537,6.584073044019639,-0.0011187903157123813
2026-05-01 15:55:00+00:00,723.5,723.760009765625,723.260009765625,723.385009765625,289375,6.583941597386825,-0.00013144663281394742
2026-05-01 16:00:00+00:00,723.3599853515625,723.6099853515625,723.280029296875,723.3599853515625,210190,6.583907003295745,-3.459409107975375e-05
2026-05-01 16:05:00+00:00,723.35498046875,723.4299926757812,722.469970703125,722.5399780273438,578436,6.582772751365597,-0.0011342519301482668
2026-05-01 16:10:00+00:00,722.530029296875,722.760009765625,722.3800048828125,722.5,378024,6.582717419986587,-5.533137900926022e-05
2026-05-01 16:15:00+00:00,722.489990234375,723.0399780273438,722.469970703125,723.010009765625,365954,6.58342306682866,0.000705646842072305
2026-05-01 16:20:00+00:00,723.010009765625,723.1699829101562,722.0499877929688,722.5399780273438,498514,6.582772751365597,-0.0006503154630630448
2026-05-01 16:25:00+00:00,722.5499877929688,722.5999755859375,721.8699951171875,722.1400146484375,576390,6.582219046197459,-0.00055370516813813
2026-05-01 16:30:00+00:00,722.1201171875,722.260009765625,721.6300048828125,722.030029296875,444993,6.582066729851837,-0.0001523163456216281
2026-05-01 16:35:00+00:00,722.010009765625,722.3400268554688,721.8099975585938,722.27001953125,269121,6.582399057247073,0.0003323273952364758
2026-05-01 16:40:00+00:00,722.22998046875,722.3200073242188,721.6900024414062,721.6900024414062,238375,6.581595687192206,-0.0008033700548670808
2026-05-01 16:45:00+00:00,721.6799926757812,721.9099731445312,721.489990234375,721.6900024414062,286727,6.581595687192206,0.0
2026-05-01 16:50:00+00:00,721.6950073242188,722.1799926757812,721.55810546875,722.1500244140625,283494,6.582232907354642,0.0006372201624360585
2026-05-01 16:55:00+00:00,722.1599731445312,722.3599853515625,721.8699951171875,721.8900146484375,262555,6.581872793006839,-0.00036011434780380824
2026-05-01 17:00:00+00:00,721.8900146484375,722.4600219726562,721.8599853515625,722.1500244140625,741102,6.582232907354642,0.00036011434780380824
2026-05-01 17:05:00+00:00,722.159912109375,722.3800048828125,722.1099853515625,722.2100219726562,345260,6.582315985751581,8.307839693877384e-05
2026-05-01 17:10:00+00:00,722.1903076171875,722.5399780273438,722.1903076171875,722.5098876953125,283347,6.582731105284379,0.0004151195327981583
2026-05-01 17:15:00+00:00,722.5,722.719970703125,722.3099975585938,722.6799926757812,254347,6.582966513770924,0.000235408486545019
2026-05-01 17:20:00+00:00,722.6900024414062,722.9199829101562,722.6400146484375,722.760009765625,224588,6.583077230355204,0.00011071658427930231
2026-05-01 17:25:00+00:00,722.77001953125,722.97998046875,722.719970703125,722.97998046875,215913,6.583381532243936,0.00030430188873253883
2026-05-01 17:30:00+00:00,722.9600219726562,723.0999755859375,722.9199829101562,722.9600219726562,238012,6.583353925986331,-2.760625760522828e-05
2026-05-01 17:35:00+00:00,722.9600219726562,722.97998046875,722.6199951171875,722.8099975585938,259005,6.583146390330487,-0.0002075356558437491
2026-05-01 17:40:00+00:00,722.8200073242188,723.0433959960938,722.8200073242188,722.9099731445312,196868,6.5832846959334015,0.0001383056029142793
2026-05-01 17:45:00+00:00,722.9000244140625,722.97998046875,722.7999877929688,722.8400268554688,164111,6.583187934682678,-9.676125072388686e-05
2026-05-01 17:50:00+00:00,722.8699951171875,723.219970703125,722.760009765625,722.97998046875,356967,6.583381532243936,0.00019359756125858496
2026-05-01 17:55:00+00:00,722.97998046875,723.0999755859375,722.780029296875,722.7999877929688,224054,6.583132541829541,-0.0002489904143949673
2026-05-01 18:00:00+00:00,722.7899780273438,722.9199829101562,722.4600219726562,722.4827880859375,220992,6.582693596984396,-0.00043894484514517274
2026-05-01 18:05:00+00:00,722.5,722.5599975585938,722.1599731445312,722.4550170898438,286928,6.582655157965086,-3.843901930977722e-05
2026-05-01 18:10:00+00:00,722.4500122070312,722.510009765625,721.7578125,721.8200073242188,301161,6.581775810478203,-0.0008793474868831197
2026-05-01 18:15:00+00:00,721.8099975585938,721.97998046875,721.5,721.8400268554688,790429,6.5818035448904295,2.7734412226365635e-05
2026-05-01 18:20:00+00:00,721.8200073242188,722.0900268554688,721.739990234375,722.0800170898438,237437,6.582135959746212,0.0003324148557828366
2026-05-01 18:25:00+00:00,722.0499877929688,722.239990234375,721.8699951171875,722.1799926757812,268640,6.582274405158286,0.00013844541207408412
2026-05-01 18:30:00+00:00,722.1400146484375,722.2000122070312,721.5499877929688,721.5800170898438,389349,6.581443275861981,-0.0008311292963050221
2026-05-01 18:35:00+00:00,721.5700073242188,721.5999755859375,721.25,721.3499755859375,302998,6.58112442254682,-0.00031885331516168236
2026-05-01 18:40:00+00:00,721.3499755859375,721.4600219726562,721.1099853515625,721.219970703125,259636,6.580944181881889,-0.00018024066493094182
2026-05-01 18:45:00+00:00,721.2100830078125,721.3099975585938,720.780029296875,721.114990234375,494325,6.580798611717151,-0.00014557016473748519
2026-05-01 18:50:00+00:00,721.1199951171875,721.3200073242188,720.97998046875,721.0499877929688,269877,6.580708466078558,-9.014563859288671e-05
2026-05-01 18:55:00+00:00,721.0700073242188,721.2999877929688,721.0,721.1699829101562,325214,6.580874869428812,0.00016640335025375208
2026-05-01 19:00:00+00:00,721.1699829101562,721.5800170898438,721.0900268554688,721.4149780273438,373392,6.5812145306982375,0.0003396612694253065
2026-05-01 19:05:00+00:00,721.4149780273438,721.7899780273438,721.4000244140625,721.7849731445312,374384,6.581727273405848,0.0005127427076105917
2026-05-01 19:10:00+00:00,721.7799072265625,722.114990234375,721.6500244140625,722.0549926757812,330060,6.5821013031332285,0.0003740297273804316
2026-05-01 19:15:00+00:00,722.0399780273438,722.2899780273438,722.0,722.1799926757812,437212,6.582274405158286,0.00017310202505793626
2026-05-01 19:20:00+00:00,722.2000122070312,722.2789916992188,722.0599975585938,722.25,304747,6.582371339346345,9.693418805856169e-05
2026-05-01 19:25:00+00:00,722.239990234375,722.5900268554688,722.239990234375,722.4199829101562,505807,6.582606663555959,0.0002353242096138075
2026-05-01 19:30:00+00:00,722.4299926757812,722.5,722.02001953125,722.25,465863,6.582371339346345,-0.0002353242096138075
2026-05-01 19:35:00+00:00,722.239990234375,722.3800048828125,722.0499877929688,722.3200073242188,319890,6.582468264139077,9.692479273226695e-05
2026-05-01 19:40:00+00:00,722.3200073242188,722.4099731445312,722.0,722.135009765625,641335,6.582212115546817,-0.00025614859226053
2026-05-01 19:45:00+00:00,722.135009765625,722.1699829101562,721.8400268554688,721.9874877929688,599233,6.582007808816026,-0.00020430673079108175
2026-05-01 19:50:00+00:00,721.9786987304688,722.1400146484375,721.1599731445312,721.2899780273438,1232577,6.581041245093599,-0.000966563722426983
2026-05-01 19:55:00+00:00,721.2899780273438,721.3200073242188,720.469970703125,720.6699829101562,2414844,6.580181311153421,-0.0008599339401778039
2026-05-04 13:30:00+00:00,720.0700073242188,720.239990234375,719.25,719.9099731445312,3527530,6.579126166893024,-0.0010551442603965455
2026-05-04 13:35:00+00:00,719.9099731445312,720.2100219726562,719.4600219726562,719.8400268554688,553789,6.579029002400414,-9.716449260999127e-05
2026-05-04 13:40:00+00:00,719.8400268554688,720.3099975585938,719.6199951171875,719.9500122070312,646756,6.579181782109667,0.0001527797092526484
2026-05-04 13:45:00+00:00,719.9500122070312,720.6599731445312,719.8499755859375,720.4099731445312,505992,6.579820457104547,0.0006386749948799064
2026-05-04 13:50:00+00:00,720.4000854492188,720.64990234375,720.1099853515625,720.4500122070312,576219,6.579876033722563,5.557661801613989e-05
2026-05-04 13:55:00+00:00,720.4600219726562,720.7999877929688,720.1099853515625,720.7601928710938,347729,6.580306478452636,0.00043044473007292083
2026-05-04 14:00:00+00:00,720.77001953125,720.8099975585938,720.280029296875,720.3067016601562,420015,6.579677095836703,-0.0006293826159327054
2026-05-04 14:05:00+00:00,720.280029296875,720.6799926757812,719.864990234375,720.0599975585938,587201,6.579334538480846,-0.0003425573558573092
2026-05-04 14:10:00+00:00,720.0800170898438,721.2100219726562,719.989990234375,720.989990234375,492828,6.580625254018501,0.0012907155376549184
2026-05-04 14:15:00+00:00,720.97998046875,721.4299926757812,720.8800048828125,721.4199829101562,473687,6.581221468266217,0.0005962142477162757
2026-05-04 14:20:00+00:00,721.409912109375,721.718994140625,721.27001953125,721.3599853515625,408099,6.581138298884956,-8.316938126107232e-05
2026-05-04 14:25:00+00:00,721.3300170898438,721.5800170898438,721.0900268554688,721.239990234375,347581,6.580971939368118,-0.00016635951683774408
2026-05-04 14:30:00+00:00,721.219970703125,721.8900146484375,721.1400146484375,721.6099853515625,449745,6.581484806445858,0.000512867077739898
2026-05-04 14:35:00+00:00,721.6099853515625,721.97998046875,721.510009765625,721.7899780273438,342749,6.581734207417565,0.0002494009717066703
2026-05-04 14:40:00+00:00,721.7899780273438,722.0900268554688,721.7899780273438,721.9052124023438,282051,6.581893845512931,0.00015963809536589935
2026-05-04 14:45:00+00:00,721.9099731445312,722.0750122070312,721.6900024414062,721.760009765625,391309,6.58169268719038,-0.00020115832255118704
2026-05-04 14:50:00+00:00,721.77001953125,722.1199951171875,721.7600708007812,721.9349975585938,339061,6.581935103757505,0.00024241656712575832
2026-05-04 14:55:00+00:00,721.9400024414062,722.0349731445312,720.77001953125,720.9099731445312,772520,6.580514265611596,-0.001420838145909542
2026-05-04 15:00:00+00:00,720.9199829101562,721.5599975585938,720.25,720.9600219726562,782189,6.5805836877208215,6.942210922566971e-05
2026-05-04 15:05:00+00:00,720.9400024414062,721.1400146484375,720.4500122070312,720.780029296875,395484,6.580333999607409,-0.0002496881134126383
2026-05-04 15:10:00+00:00,720.7899780273438,720.8900146484375,720.0,720.25,677514,6.579598373964638,-0.0007356256427710761
2026-05-04 15:15:00+00:00,720.2449951171875,720.510009765625,718.5399780273438,718.77001953125,878169,6.577541444984535,-0.002056928980103123
2026-05-04 15:20:00+00:00,718.77001953125,718.8699951171875,717.4500122070312,717.6799926757812,2076141,6.576023777045618,-0.0015176679389163894
2026-05-04 15:25:00+00:00,717.7100219726562,718.760009765625,717.5499877929688,718.4400024414062,1179303,6.577082198123466,0.0010584210778477043
2026-05-04 15:30:00+00:00,718.4500122070312,718.5449829101562,717.489990234375,718.0800170898438,1442788,6.576581007253581,-0.0005011908698850931
2026-05-04 15:35:00+00:00,718.0700073242188,718.739990234375,717.3499755859375,717.830078125,830178,6.576232881046793,-0.0003481262067879243
2026-05-04 15:40:00+00:00,717.8599853515625,718.4400024414062,717.280029296875,718.3150024414062,495129,6.576908194901079,0.000675313854285875
2026-05-04 15:45:00+00:00,718.2999877929688,718.3200073242188,717.469970703125,717.5999755859375,376607,6.575912276722759,-0.0009959181783196769
2026-05-04 15:50:00+00:00,717.5999755859375,718.3400268554688,716.97998046875,718.0399780273438,833742,6.576525247201989,0.0006129704792297019
2026-05-04 15:55:00+00:00,718.0399780273438,718.3099975585938,717.4199829101562,717.5897827148438,627143,6.575898072508948,-0.0006271746930410771
2026-05-04 16:00:00+00:00,717.5900268554688,717.760009765625,716.9400024414062,717.260009765625,300718,6.575438410519583,-0.0004596619893648679
2026-05-04 16:05:00+00:00,717.25,717.3150024414062,715.0,716.1199951171875,1257885,6.573847743864644,-0.0015906666549385662
2026-05-04 16:10:00+00:00,716.0700073242188,716.5599975585938,715.510009765625,715.9400024414062,541916,6.573596367976712,-0.0002513758879318928
2026-05-04 16:15:00+00:00,715.9299926757812,717.6599731445312,715.5,717.1900024414062,1149474,6.575340801925797,0.0017444339490841898
2026-05-04 16:20:00+00:00,717.2100219726562,717.8400268554688,716.9500122070312,717.4400024414062,759541,6.575689323846682,0.0003485219208849699
2026-05-04 16:25:00+00:00,717.4600219726562,717.8699951171875,716.8599853515625,717.0,385344,6.57507584059962,-0.0006134832470614526
2026-05-04 16:30:00+00:00,716.989990234375,717.6699829101562,716.8200073242188,717.5599975585938,282542,6.575856564428517,0.0007807238288970453
2026-05-04 16:35:00+00:00,717.5599975585938,717.6298828125,716.6099853515625,716.8300170898438,384425,6.574838737304353,-0.0010178271241638726
2026-05-04 16:40:00+00:00,716.8300170898438,717.2949829101562,716.8200073242188,716.9199829101562,277302,6.574964234525529,0.00012549722117594087
2026-05-04 16:45:00+00:00,716.8900146484375,717.0800170898438,716.655029296875,716.9199829101562,262521,6.574964234525529,0.0
2026-05-04 16:50:00+00:00,716.9000244140625,717.0,716.2999877929688,716.6500244140625,343492,6.57458761043615,-0.00037662408937944036
2026-05-04 16:55:00+00:00,716.6400146484375,716.8699951171875,716.4500122070312,716.5499877929688,187953,6.57444801146824,-0.0001395989679098264
2026-05-04 17:00:00+00:00,716.5399780273438,717.239990234375,716.47998046875,717.0800170898438,379601,6.575187434219186,0.0007394227509456286
2026-05-04 17:05:00+00:00,717.0999755859375,717.530029296875,717.030029296875,717.4299926757812,277910,6.575675371689819,0.00048793747063324844
2026-05-04 17:10:00+00:00,717.4500122070312,717.6400146484375,717.1799926757812,717.469970703125,258435,6.575731094079357,5.572238953810427e-05
2026-05-04 17:15:00+00:00,717.4500122070312,718.489990234375,717.2000122070312,718.2650146484375,546987,6.576838602128808,0.0011075080494507006
2026-05-04 17:20:00+00:00,718.27001953125,718.6400146484375,718.0900268554688,718.4600219726562,378376,6.577110063014427,0.00027146088561913473
2026-05-04 17:25:00+00:00,718.47998046875,718.5999755859375,718.2000122070312,718.5700073242188,220216,6.577263136157694,0.00015307314326751253
2026-05-04 17:30:00+00:00,718.5599975585938,718.6099853515625,718.1201171875,718.1500244140625,255929,6.576678494873602,-0.0005846412840924131
2026-05-04 17:35:00+00:00,718.1500244140625,718.1699829101562,717.5999755859375,718.0999755859375,329234,6.576608801118134,-6.969375546805878e-05
2026-05-04 17:40:00+00:00,718.1099853515625,718.3200073242188,717.8599853515625,718.2100219726562,208454,6.576762035986819,0.000153234868685459
2026-05-04 17:45:00+00:00,718.219970703125,718.3499755859375,718.0900268554688,718.2999877929688,192210,6.57688729208642,0.0001252560996007901
2026-05-04 17:50:00+00:00,718.280029296875,718.6300048828125,718.27001953125,718.3699951171875,290687,6.576984749853488,9.745776706804321e-05
2026-05-04 17:55:00+00:00,718.3699951171875,718.5999755859375,718.3300170898438,718.330078125,196550,6.576929182246942,-5.556760654634729e-05
2026-05-04 18:00:00+00:00,718.3300170898438,718.9299926757812,718.2899780273438,718.8925170898438,277196,6.577711857102497,0.0007826748555554985
2026-05-04 18:05:00+00:00,718.9000244140625,718.9949951171875,718.5399780273438,718.7100219726562,547593,6.577457968961361,-0.0002538881411364713
2026-05-04 18:10:00+00:00,718.7000122070312,718.780029296875,718.4400024414062,718.4500122070312,251558,6.5770961306660025,-0.0003618382953582966
2026-05-04 18:15:00+00:00,718.4600219726562,718.489990234375,718.1699829101562,718.25,370281,6.576817697859399,-0.00027843280660366787
2026-05-04 18:20:00+00:00,718.239990234375,718.280029296875,717.5499877929688,717.7000122070312,323191,6.576051671444569,-0.0007660264148299234
2026-05-04 18:25:00+00:00,717.6699829101562,717.8300170898438,717.1699829101562,717.760009765625,458008,6.57613526493754,8.359349297126784e-05
2026-05-04 18:30:00+00:00,717.760009765625,717.8699951171875,717.4400024414062,717.639892578125,363825,6.575967900863481,-0.00016736407405915088
2026-05-04 18:35:00+00:00,717.6099853515625,717.6099853515625,717.280029296875,717.530029296875,248978,6.575814799436548,-0.00015310142693270024
2026-05-04 18:40:00+00:00,717.52001953125,717.5900268554688,717.030029296875,717.0700073242188,243155,6.575173475058073,-0.0006413243784750833
2026-05-04 18:45:00+00:00,717.0700073242188,717.489990234375,716.8300170898438,717.47998046875,309337,6.5757450454588,0.0005715704007265288
2026-05-04 18:50:00+00:00,717.489990234375,717.5900268554688,716.9500122070312,717.1400146484375,337678,6.5752710999849695,-0.00047394547383028396
2026-05-04 18:55:00+00:00,717.1199951171875,717.5999755859375,717.0800170898438,717.469970703125,406545,6.575731094079357,0.0004599940943874614
2026-05-04 19:00:00+00:00,717.47998046875,717.5499877929688,717.1300048828125,717.3699951171875,943661,6.575591739742315,-0.0001393543370422634
2026-05-04 19:05:00+00:00,717.3599853515625,718.219970703125,717.2899780273438,717.9099731445312,958162,6.576344175594219,0.0007524358519042096
2026-05-04 19:10:00+00:00,717.9000244140625,718.0499877929688,717.780029296875,718.0399780273438,403798,6.576525247201989,0.0001810716077699226
2026-05-04 19:15:00+00:00,718.0399780273438,718.1900024414062,717.9099731445312,717.9498901367188,443322,6.576399775716792,-0.00012547148519725937
2026-05-04 19:20:00+00:00,717.9299926757812,717.989990234375,717.7100219726562,717.9199829101562,456905,6.57635811842301,-4.1657293781582894e-05
2026-05-04 19:25:00+00:00,717.9299926757812,718.0499877929688,717.4299926757812,717.739990234375,772665,6.5761073728703145,-0.00025074555269544163
2026-05-04 19:30:00+00:00,717.75,718.0800170898438,717.739990234375,718.0050048828125,487438,6.576476539612805,0.0003691667424901013
2026-05-04 19:35:00+00:00,717.9949951171875,718.260009765625,717.9400024414062,717.97998046875,485220,6.576441686304003,-3.485330880170778e-05
2026-05-04 19:40:00+00:00,717.989990234375,718.0599975585938,717.6699829101562,717.75,639549,6.576121319001174,-0.00032036730282936077
2026-05-04 19:45:00+00:00,717.739990234375,718.2000122070312,717.5999755859375,718.1400146484375,678505,6.57666455651108,0.0005432375099063691
2026-05-04 19:50:00+00:00,718.1400146484375,718.1500244140625,717.3499755859375,717.52001953125,1677922,6.575800849030243,-0.0008637074808373058
2026-05-04 19:55:00+00:00,717.5399780273438,718.0999755859375,717.3699951171875,718.0700073242188,3134611,6.576567067532166,0.00076621850192371
2026-05-05 13:30:00+00:00,721.77001953125,722.2999877929688,721.4949951171875,722.2899780273438,2237761,6.5824266898772565,0.005859622345090187
2026-05-05 13:35:00+00:00,722.2999877929688,722.47998046875,721.9000244140625,722.0599975585938,570286,6.582108234551912,-0.0003184553253445799
2026-05-05 13:40:00+00:00,722.030029296875,722.4000244140625,721.75,722.22998046875,536032,6.582343620677312,0.0002353861254000833
2026-05-05 13:45:00+00:00,722.2100219726562,722.6199951171875,722.094970703125,722.1599731445312,433691,6.582246683802199,-9.693687511269644e-05
2026-05-05 13:50:00+00:00,722.1599731445312,722.7899780273438,722.1500244140625,722.3699951171875,737887,6.582537466241818,0.0002907824396185532
2026-05-05 13:55:00+00:00,722.3599243164062,722.5499877929688,722.2899780273438,722.530029296875,329956,6.582758982163526,0.00022151592170782664
2026-05-05 14:00:00+00:00,722.5999755859375,722.7849731445312,722.1400146484375,722.75,777954,6.583063380896456,0.000304398732930089
2026-05-05 14:05:00+00:00,722.77001953125,723.2186889648438,722.6300048828125,723.1837158203125,381382,6.583663291983076,0.0005999110866206081
2026-05-05 14:10:00+00:00,723.1799926757812,723.3900146484375,722.1599731445312,722.3150024414062,712770,6.582461335215468,-0.0012019567676082588
2026-05-05 14:15:00+00:00,722.3099975585938,722.75,721.7899780273438,722.14501953125,665807,6.582225976800067,-0.00023535841540134328
2026-05-05 14:20:00+00:00,722.1300048828125,723.25,722.010009765625,723.1799926757812,486538,6.583658143700513,0.001432166900445786
2026-05-05 14:25:00+00:00,723.1699829101562,723.6699829101562,723.0999755859375,723.2899780273438,385084,6.583810217858984,0.00015207415847129369
2026-05-05 14:30:00+00:00,723.2979736328125,723.3900146484375,722.8400268554688,723.02001953125,402551,6.583436911306883,-0.0003733065521007717
2026-05-05 14:35:00+00:00,723.02001953125,723.1400146484375,722.5599975585938,722.6749877929688,415893,6.5829595882988015,-0.00047732300808167594
2026-05-05 14:40:00+00:00,722.6749877929688,723.0900268554688,722.6199951171875,722.7000122070312,418337,6.582994215179805,3.462688100341893e-05
2026-05-05 14:45:00+00:00,722.719970703125,722.9000244140625,722.3800048828125,722.719970703125,461455,6.5830218313693285,2.76161895236271e-05
2026-05-05 14:50:00+00:00,722.7025146484375,722.9500122070312,722.510009765625,722.9398803710938,219791,6.583326065687659,0.0003042343183308205
2026-05-05 14:55:00+00:00,722.9600219726562,723.1799926757812,722.8900146484375,723.1400146484375,245292,6.583602861291154,0.000276795603494584
2026-05-05 15:00:00+00:00,723.1500244140625,723.530029296875,723.030029296875,723.5,273687,6.5841005460715385,0.0004976847803845885
2026-05-05 15:05:00+00:00,723.5,723.6489868164062,723.2999877929688,723.3200073242188,1318599,6.5838517346426135,-0.00024881142892496655
2026-05-05 15:10:00+00:00,723.3300170898438,723.6414184570312,723.3099975585938,723.5499877929688,208339,6.584169635312975,0.0003179006703613041
2026-05-05 15:15:00+00:00,723.5499877929688,723.6500244140625,723.3400268554688,723.375,179162,6.583927759894003,-0.00024187541897191522
2026-05-05 15:20:00+00:00,723.3699951171875,723.5,723.1400146484375,723.1699829101562,234214,6.583644302284819,-0.0002834576091839125
2026-05-05 15:25:00+00:00,723.1400146484375,723.47998046875,723.1099853515625,723.47998046875,387879,6.58407287529306,0.00042857300824117317
2026-05-05 15:30:00+00:00,723.47998046875,723.5399780273438,722.9099731445312,722.969970703125,235669,6.583367686998993,-0.0007051882940674048
2026-05-05 15:35:00+00:00,722.969970703125,723.22998046875,722.9600219726562,723.1300048828125,252391,6.5835890191102475,0.00022133211125474617
2026-05-05 15:40:00+00:00,723.1199951171875,723.1699829101562,722.9600219726562,723.1199951171875,128510,6.583575176737732,-1.3842372515782131e-05
2026-05-05 15:45:00+00:00,723.135009765625,723.4199829101562,723.1099853515625,723.3250122070312,182559,6.583858653938979,0.0002834772012469955
2026-05-05 15:50:00+00:00,723.3200073242188,723.4199829101562,723.1699829101562,723.2449951171875,168854,6.583748023842239,-0.00011063009673950575
2026-05-05 15:55:00+00:00,723.239990234375,723.25,722.969970703125,723.0399780273438,156723,6.583464515273701,-0.00028350856853798234
2026-05-05 16:00:00+00:00,723.0399780273438,723.3900146484375,722.9600219726562,723.3200073242188,157038,6.5838517346426135,0.0003872193689122838
2026-05-05 16:05:00+00:00,723.3099975585938,723.5599975585938,723.3099975585938,723.5,185873,6.5841005460715385,0.00024881142892496655
2026-05-05 16:10:00+00:00,723.5,723.5900268554688,723.47998046875,723.5050048828125,138389,6.584107463646523,6.917574984832697e-06
2026-05-05 16:15:00+00:00,723.5050048828125,723.6199951171875,723.3900146484375,723.5900268554688,144755,6.584224970749912,0.00011750710338898074
2026-05-05 16:20:00+00:00,723.5900268554688,723.8699951171875,723.5599975585938,723.7000122070312,312861,6.584376958739612,0.00015198798969962013
2026-05-05 16:25:00+00:00,723.7000122070312,723.7899780273438,723.0399780273438,723.5800170898438,253647,6.584211137177739,-0.00016582156187272545
2026-05-05 16:30:00+00:00,723.5599975585938,723.5999755859375,723.3699951171875,723.5,218732,6.5841005460715385,-0.00011059110620070811
2026-05-05 16:35:00+00:00,723.47998046875,723.6900024414062,723.4199829101562,723.4199829101562,168514,6.583989942733592,-0.00011060333794610244
2026-05-05 16:40:00+00:00,723.4199829101562,723.510009765625,723.27001953125,723.4398803710938,169360,6.5840174470710116,2.7504337419159697e-05
2026-05-05 16:45:00+00:00,723.4199829101562,723.739990234375,723.3499755859375,723.6099853515625,150570,6.584252552972034,0.000235105901022159
2026-05-05 16:50:00+00:00,723.6099853515625,723.6699829101562,723.469970703125,723.5349731445312,167797,6.584148883734674,-0.00010366923735993794
2026-05-05 16:55:00+00:00,723.530029296875,723.6699829101562,723.4400024414062,723.469970703125,129566,6.5840590396166885,-8.984411798529379e-05
2026-05-05 17:00:00+00:00,723.469970703125,723.5800170898438,723.3400268554688,723.489990234375,113902,6.584086710778008,2.767116131963121e-05
2026-05-05 17:05:00+00:00,723.489990234375,723.5449829101562,723.1199951171875,723.22998046875,166113,6.583727263512898,-0.0003594472651098357
2026-05-05 17:10:00+00:00,723.22998046875,723.3619995117188,723.1300048828125,723.27001953125,147893,6.58378262343341,5.535992051175498e-05
2026-05-05 17:15:00+00:00,723.280029296875,723.6400146484375,723.280029296875,723.5700073242188,234088,6.584197303414195,0.0004146799807847046
2026-05-05 17:20:00+00:00,723.5800170898438,723.6799926757812,723.4600219726562,723.5750122070312,247949,6.584204220319888,6.91690569354364e-06
2026-05-05 17:25:00+00:00,723.5750122070312,723.8599853515625,723.5599975585938,723.85498046875,168321,6.584591069102388,0.00038684878250005994
2026-05-05 17:30:00+00:00,723.8599853515625,723.9749755859375,723.719970703125,723.7899780273438,219041,6.5845012647051595,-8.980439722883204e-05
2026-05-05 17:35:00+00:00,723.7999877929688,724.0106811523438,723.77197265625,723.8150024414062,165017,6.584535838244768,3.4573539608118153e-05
2026-05-05 17:40:00+00:00,723.8200073242188,723.9500122070312,723.780029296875,723.8599853515625,369192,6.584597983284987,6.214504021961886e-05
2026-05-05 17:45:00+00:00,723.8599853515625,723.9500122070312,723.85498046875,723.9000244140625,168989,6.584653295024834,5.53117398469638e-05
2026-05-05 17:50:00+00:00,723.8800048828125,724.1900024414062,723.8699951171875,724.0900268554688,459275,6.584915731140787,0.00026243611595244687
2026-05-05 17:55:00+00:00,724.0900268554688,724.219970703125,724.0,724.010009765625,182686,6.584805217933272,-0.00011051320751498395
2026-05-05 18:00:00+00:00,724.010009765625,724.1849975585938,724.0,724.1699829101562,227597,6.585026147853573,0.00022092992030131597
2026-05-05 18:05:00+00:00,724.1793823242188,724.3599853515625,724.1300048828125,724.239990234375,270749,6.585122815683222,9.666782964945497e-05
2026-05-05 18:10:00+00:00,724.2449951171875,724.6599731445312,724.22998046875,724.6199951171875,281354,6.585647372776894,0.000524557093671163
2026-05-05 18:15:00+00:00,724.625,724.7000122070312,724.4700927734375,724.489990234375,289021,6.585467945563672,-0.00017942721322139477
2026-05-05 18:20:00+00:00,724.489990234375,724.6500244140625,724.469970703125,724.5,233321,6.585481761760737,1.381619706464221e-05
2026-05-05 18:25:00+00:00,724.510009765625,724.6400146484375,724.4299926757812,724.4749755859375,124891,6.585447220910154,-3.454085058240963e-05
2026-05-05 18:30:00+00:00,724.4749755859375,724.52001953125,724.260009765625,724.27001953125,274534,6.58516427800889,-0.0002829429012640716
2026-05-05 18:35:00+00:00,724.260009765625,724.4099731445312,724.1199951171875,724.135009765625,161419,6.584977852577764,-0.00018642543112612486
2026-05-05 18:40:00+00:00,724.1400146484375,724.3099975585938,724.0999755859375,724.260009765625,166040,6.585150457424681,0.00017260484691661304
2026-05-05 18:45:00+00:00,724.2550048828125,724.4600219726562,724.239990234375,724.4000244140625,193679,6.585343759711718,0.00019330228703751118
2026-05-05 18:50:00+00:00,724.4000244140625,724.4600219726562,724.1199951171875,724.280029296875,211283,6.5851780984020944,-0.00016566130962392123
2026-05-05 18:55:00+00:00,724.280029296875,724.3599853515625,724.22998046875,724.3200073242188,188189,6.5852332937995035,5.519539740905799e-05
2026-05-05 19:00:00+00:00,724.3300170898438,724.489990234375,724.3099975585938,724.489990234375,177046,6.585467945563672,0.00023465176416870293
2026-05-05 19:05:00+00:00,724.47998046875,724.72998046875,724.469970703125,724.719970703125,272619,6.585785332935936,0.0003173873722639442
2026-05-05 19:10:00+00:00,724.72998046875,724.9749755859375,724.7000122070312,724.75,560341,6.585826767801765,4.143486582908196e-05
2026-05-05 19:15:00+00:00,724.77001953125,724.8800048828125,724.5700073242188,724.8800048828125,358092,6.586006130649834,0.00017936284806907565
2026-05-05 19:20:00+00:00,724.8900146484375,724.9600219726562,724.7100219726562,724.9400024414062,403128,6.586088896177037,8.276552720243302e-05
2026-05-05 19:25:00+00:00,724.9450073242188,725.0399780273438,724.719970703125,724.719970703125,401957,6.585785332935936,-0.00030356324110059063
2026-05-05 19:30:00+00:00,724.719970703125,724.8699951171875,724.6199951171875,724.6749877929688,523700,6.585723261642109,-6.207129382751475e-05
2026-05-05 19:35:00+00:00,724.6749877929688,724.8200073242188,724.4199829101562,724.760009765625,698609,6.585840579042195,0.00011731740008613656
2026-05-05 19:40:00+00:00,724.77001953125,724.7899780273438,724.5700073242188,724.7498779296875,434464,6.585826599370826,-1.3979671368957725e-05
2026-05-05 19:45:00+00:00,724.739990234375,724.77001953125,724.4099731445312,724.4799194335938,653188,6.585454044928864,-0.0003725544419621585
2026-05-05 19:50:00+00:00,724.4600219726562,724.4600219726562,723.530029296875,723.7000122070312,1615576,6.584376958739612,-0.0010770861892517303
2026-05-05 19:55:00+00:00,723.7000122070312,723.8300170898438,723.27001953125,723.739990234375,3041312,6.584432198372738,5.523963312636937e-05
2026-05-06 13:30:00+00:00,728.1599731445312,729.1799926757812,727.8200073242188,729.1300048828125,3502826,6.59185204928177,0.007419850909031744
2026-05-06 13:35:00+00:00,729.1599731445312,729.5499877929688,728.9949951171875,729.0800170898438,577371,6.591783488797018,-6.856048475167853e-05
2026-05-06 13:40:00+00:00,729.0800170898438,729.260009765625,728.8123168945312,729.1300048828125,592652,6.59185204928177,6.856048475167853e-05
2026-05-06 13:45:00+00:00,729.1699829101562,729.510009765625,728.9099731445312,729.0795288085938,527852,6.591782819074352,-6.923020741833597e-05
2026-05-06 13:50:00+00:00,729.0750122070312,729.739990234375,728.3300170898438,729.6599731445312,650083,6.5925786354155065,0.0007958163411547758
2026-05-06 13:55:00+00:00,729.6500244140625,729.7999877929688,729.1500244140625,729.6500244140625,413848,6.5925650005737175,-1.3634841788956464e-05
2026-05-06 14:00:00+00:00,729.6699829101562,729.989990234375,729.3400268554688,729.39501953125,418261,6.59221545017914,-0.00034955039457784665
2026-05-06 14:05:00+00:00,729.3800048828125,729.8099975585938,728.7100219726562,729.75,566788,6.592702009734224,0.0004865595550844759
2026-05-06 14:10:00+00:00,729.760009765625,730.22998046875,729.719970703125,730.0800170898438,697108,6.593154140587272,0.00045213085304762757
2026-05-06 14:15:00+00:00,730.0900268554688,730.260009765625,729.5700073242188,729.739990234375,482788,6.592688292934942,-0.0004658476523298205
2026-05-06 14:20:00+00:00,729.760009765625,730.2899780273438,729.7000122070312,730.25,571040,6.59338694126785,0.0006986483329081139
2026-05-06 14:25:00+00:00,730.260009765625,730.6799926757812,730.010009765625,730.02001953125,451465,6.593071957781817,-0.00031498348603342663
2026-05-06 14:30:00+00:00,730.0399780273438,730.989990234375,730.010009765625,730.9600219726562,498251,6.594358768750363,0.0012868109685459928
2026-05-06 14:35:00+00:00,730.9600830078125,731.3200073242188,730.9149780273438,731.239990234375,485875,6.594741709884,0.00038294113363779303
2026-05-06 14:40:00+00:00,731.239990234375,731.9099731445312,731.239990234375,731.8599853515625,628964,6.595589218823435,0.00084750893943486
2026-05-06 14:45:00+00:00,731.8400268554688,732.02001953125,731.5,731.7899780273438,456257,6.5954935575300615,-9.566129337379436e-05
2026-05-06 14:50:00+00:00,731.7899780273438,732.5599975585938,731.6699829101562,731.9400024414062,441433,6.595698546724229,0.00020498919416755967
2026-05-06 14:55:00+00:00,731.9299926757812,732.2000122070312,731.9199829101562,732.1500854492188,465717,6.595985527711249,0.00028698098701962493
2026-05-06 15:00:00+00:00,732.1599731445312,732.47998046875,732.0700073242188,732.3200073242188,475246,6.596217586906723,0.00023205919547475418
2026-05-06 15:05:00+00:00,732.344970703125,732.489990234375,731.7899780273438,731.8599853515625,433106,6.595589218823435,-0.0006283680832881444
2026-05-06 15:10:00+00:00,731.8499755859375,732.2100219726562,731.3800048828125,731.7426147460938,409021,6.595428832929461,-0.0001603858939747127
2026-05-06 15:15:00+00:00,731.739990234375,732.219970703125,731.5499877929688,732.1900024414062,544198,6.596040046456625,0.0006112135271640895
2026-05-06 15:20:00+00:00,732.219970703125,732.3699951171875,732.1400146484375,732.2349853515625,428885,6.596101480685821,6.143422919624442e-05
2026-05-06 15:25:00+00:00,732.239990234375,732.3099975585938,732.0,732.0599975585938,311338,6.595862474480317,-0.0002390062055042108
2026-05-06 15:30:00+00:00,732.0549926757812,732.1414794921875,731.7999877929688,731.969970703125,422631,6.595739489490208,-0.0001229849901083213
2026-05-06 15:35:00+00:00,731.9550170898438,732.030029296875,731.459228515625,731.4749755859375,270550,6.595063010149706,-0.0006764793405027447
2026-05-06 15:40:00+00:00,731.469970703125,731.7100219726562,730.9400024414062,731.3300170898438,504821,6.594864817639707,-0.0001981925099983073
2026-05-06 15:45:00+00:00,731.3300170898438,731.739990234375,731.1500244140625,731.5499267578125,282304,6.595165470704984,0.00030065306527671254
2026-05-06 15:50:00+00:00,731.5598754882812,731.780029296875,731.3800048828125,731.77001953125,220752,6.595466283627894,0.00030081292290962125
2026-05-06 15:55:00+00:00,731.7550048828125,731.9199829101562,731.6099853515625,731.6400146484375,237981,6.595288609729098,-0.00017767389879530526
2026-05-06 16:00:00+00:00,731.6300048828125,731.9000244140625,731.47998046875,731.7999877929688,220541,6.595507235904276,0.00021862617517776073
2026-05-06 16:05:00+00:00,731.8150024414062,731.9600219726562,731.5700073242188,731.6300048828125,171214,6.595274928364085,-0.00023230754019110122
2026-05-06 16:10:00+00:00,731.6400146484375,731.97998046875,731.5900268554688,731.9149780273438,433511,6.595664356979482,0.00038942861539670304
2026-05-06 16:15:00+00:00,731.9149780273438,731.9949951171875,731.8099975585938,731.8400268554688,260859,6.595561947530236,-0.00010240944924611028
2026-05-06 16:20:00+00:00,731.831787109375,731.9400024414062,731.760009765625,731.8599853515625,169824,6.595589218823435,2.7271293199682134e-05
2026-05-06 16:25:00+00:00,731.8599853515625,732.0499877929688,731.72998046875,731.77001953125,148316,6.595466283627894,-0.00012293519554162913
2026-05-06 16:30:00+00:00,731.7700805664062,731.8400268554688,731.6500244140625,731.760009765625,157039,6.595452604693502,-1.3678934391414543e-05
2026-05-06 16:35:00+00:00,731.739990234375,731.7603759765625,731.47998046875,731.6701049804688,147972,6.595329736120055,-0.00012286857344712132
2026-05-06 16:40:00+00:00,731.6699829101562,731.8200073242188,731.5399780273438,731.594970703125,170448,6.595227042112444,-0.00010269400761142577
2026-05-06 16:45:00+00:00,731.5999755859375,731.6248168945312,731.1699829101562,731.3400268554688,274994,6.594878504616707,-0.00034853749573660053
2026-05-06 16:50:00+00:00,731.3350219726562,731.4000244140625,730.8499755859375,730.8812866210938,290568,6.594251047958543,-0.000627456658164327
2026-05-06 16:55:00+00:00,730.8900146484375,731.25,730.5288696289062,730.9849853515625,305206,6.594392919664089,0.00014187170554613715
2026-05-06 17:00:00+00:00,730.989990234375,731.25,730.6599731445312,731.25,406702,6.5947553985460665,0.0003624788819776015
2026-05-06 17:05:00+00:00,731.25,731.6199951171875,731.1901245117188,731.469970703125,308885,6.595056167947167,0.00030076940110035366
2026-05-06 17:10:00+00:00,731.469970703125,731.75,731.469970703125,731.5349731445312,325101,6.595145029494385,8.886154721832185e-05
2026-05-06 17:15:00+00:00,731.5399780273438,731.6599731445312,731.3900146484375,731.5800170898438,195169,6.595206602160412,6.157266602713207e-05
2026-05-06 17:20:00+00:00,731.5900268554688,731.8099975585938,731.5399780273438,731.6599731445312,181641,6.595315888477491,0.00010928631707862735
2026-05-06 17:25:00+00:00,731.6599731445312,731.739990234375,731.5,731.6799926757812,165703,6.595343249899606,2.7361422114680067e-05
2026-05-06 17:30:00+00:00,731.6799926757812,731.8900146484375,731.6500244140625,731.75,304171,6.595438925571996,9.56756723899943e-05
2026-05-06 17:35:00+00:00,731.739990234375,731.9000244140625,731.6400146484375,731.6599731445312,320114,6.595315888477491,-0.00012303709450467437
2026-05-06 17:40:00+00:00,731.6500244140625,731.9000244140625,731.5449829101562,731.8800048828125,366870,6.595616572767968,0.0003006842904769158
2026-05-06 17:45:00+00:00,731.8900146484375,732.0,731.8200073242188,731.8699951171875,182124,6.595602895889232,-1.3676878736212927e-05
2026-05-06 17:50:00+00:00,731.8699951171875,732.0499877929688,731.7999877929688,731.97998046875,260405,6.595753164500912,0.00015026861168010441
2026-05-06 17:55:00+00:00,731.9749755859375,732.1300048828125,731.9400024414062,732.125,250792,6.595951264409947,0.00019809990903496555
2026-05-06 18:00:00+00:00,732.1300048828125,732.2899780273438,732.030029296875,732.2000122070312,354039,6.596053717357853,0.00010245294790589554
2026-05-06 18:05:00+00:00,732.2000122070312,732.530029296875,732.1900024414062,732.5050048828125,413484,6.596470173472403,0.0004164561145501011
2026-05-06 18:10:00+00:00,732.510009765625,732.5800170898438,732.3200073242188,732.5,233113,6.596463340891223,-6.8325811799496705e-06
2026-05-06 18:15:00+00:00,732.489990234375,733.02001953125,732.489990234375,732.885009765625,314820,6.59698881340789,0.0005254725166672358
2026-05-06 18:20:00+00:00,732.8900146484375,733.1799926757812,732.8701171875,733.0700073242188,391959,6.597241205271787,0.00025239186389658386
2026-05-06 18:25:00+00:00,733.0599975585938,733.1400146484375,732.969970703125,733.0449829101562,327556,6.597207068230379,-3.4137041407866775e-05
2026-05-06 18:30:00+00:00,733.0399780273438,733.2000122070312,732.8699951171875,733.1900024414062,538572,6.597404880358956,0.00019781212857683528
2026-05-06 18:35:00+00:00,733.2100219726562,733.4600219726562,733.0999755859375,733.1950073242188,487150,6.59741170651004,6.826151084382559e-06
2026-05-06 18:40:00+00:00,733.2000122070312,733.2100219726562,733.02001953125,733.02001953125,501937,6.597173013288931,-0.00023869322110936508
2026-05-06 18:45:00+00:00,733.0399780273438,733.1599731445312,732.760009765625,732.8699951171875,449611,6.596968326152669,-0.00020468713626176083
2026-05-06 18:50:00+00:00,732.864990234375,733.1099853515625,732.719970703125,733.0499877929688,483179,6.597213895731888,0.0002455695792189516
2026-05-06 18:55:00+00:00,733.0499877929688,733.1199951171875,732.9600219726562,732.9600219726562,587378,6.597091160116406,-0.00012273561548159506
2026-05-06 19:00:00+00:00,732.9530029296875,733.47998046875,732.9299926757812,733.3400268554688,1576186,6.597609478166826,0.0005183180504202411
2026-05-06 19:05:00+00:00,733.3300170898438,733.72998046875,733.260009765625,733.5250244140625,941249,6.59786171344834,0.00025223528151396835
2026-05-06 19:10:00+00:00,733.52001953125,733.7999877929688,733.52001953125,733.760009765625,394416,6.598182012978557,0.0003202995302169498
2026-05-06 19:15:00+00:00,733.760009765625,733.8400268554688,733.5900268554688,733.780029296875,733623,6.598209296092773,2.728311421584806e-05
2026-05-06 19:20:00+00:00,733.780029296875,733.989990234375,733.7100219726562,733.860107421875,723934,6.598318421106564,0.0001091250137905675
2026-05-06 19:25:00+00:00,733.864990234375,733.9600219726562,733.6400146484375,733.8599853515625,701105,6.59831825476652,-1.6634004396109958e-07
2026-05-06 19:30:00+00:00,733.8499755859375,733.8699951171875,733.5499877929688,733.625,774338,6.5979979988784985,-0.00032025588802131466
2026-05-06 19:35:00+00:00,733.6199951171875,734.0,733.5999755859375,733.969970703125,564861,6.598468115928999,0.00047011705050081787
2026-05-06 19:40:00+00:00,733.969970703125,734.0,733.6599731445312,733.6749877929688,913864,6.598066134629066,-0.00040198129993296305
2026-05-06 19:45:00+00:00,733.6699829101562,733.989990234375,733.5900268554688,733.7000122070312,1408662,6.598100242357582,3.410772851530908e-05
2026-05-06 19:50:00+00:00,733.7000122070312,734.5700073242188,733.6500244140625,734.4500122070312,1652754,6.599121936398067,0.0010216940404852437
2026-05-06 19:55:00+00:00,734.4400024414062,734.5900268554688,733.760009765625,733.77001953125,4136070,6.598195654628712,-0.0009262817693551639
2026-05-07 13:30:00+00:00,735.0499877929688,735.1199951171875,734.469970703125,734.5399169921875,1634785,6.599244339940094,0.001048685311382691
2026-05-07 13:35:00+00:00,734.530029296875,734.6500244140625,734.260009765625,734.5,623717,6.599189995613932,-5.4344326162691914e-05
2026-05-07 13:40:00+00:00,734.52001953125,734.5850219726562,734.1599731445312,734.22998046875,637207,6.598822304427829,-0.00036769118610280316
2026-05-07 13:45:00+00:00,734.219970703125,734.4199829101562,733.5800170898438,733.6500244140625,804939,6.598032108931009,-0.0007901954968199121
2026-05-07 13:50:00+00:00,733.6699829101562,734.0300903320312,733.5499877929688,734.0250244140625,633169,6.5985431212405254,0.0005110123095164454
2026-05-07 13:55:00+00:00,734.0220947265625,734.3049926757812,733.7000122070312,733.9400024414062,462171,6.598427284730532,-0.00011583650999380524
2026-05-07 14:00:00+00:00,733.9400024414062,734.5900268554688,733.8800048828125,734.5300903320312,538225,6.59923096187083,0.0008036771402979426
2026-05-07 14:05:00+00:00,734.530029296875,734.9000244140625,734.3599853515625,734.6900024414062,626652,6.599448644858958,0.00021768298812840925
2026-05-07 14:10:00+00:00,734.7100219726562,734.8300170898438,734.489990234375,734.52001953125,412163,6.599217251241473,-0.00023139361748469867
2026-05-07 14:15:00+00:00,734.52001953125,734.760009765625,734.0800170898438,734.5599975585938,649571,6.599271677177281,5.442593580795574e-05
2026-05-07 14:20:00+00:00,734.5700073242188,735.0800170898438,734.5,734.5900268554688,423673,6.599312557000825,4.0879823544059946e-05
2026-05-07 14:25:00+00:00,734.6099853515625,734.9000244140625,734.5250244140625,734.5499877929688,286419,6.599258050198055,-5.450680276997133e-05
2026-05-07 14:30:00+00:00,734.6300048828125,734.8499755859375,734.4500122070312,734.77001953125,342011,6.599557551652918,0.00029950145486257185
2026-05-07 14:35:00+00:00,734.77001953125,735.2100219726562,734.5599975585938,735.1799926757812,414194,6.600115357226926,0.0005578055740080856
2026-05-07 14:40:00+00:00,735.1900024414062,735.3499755859375,735.0399780273438,735.1500244140625,446925,6.6000745932333,-4.0763993625958506e-05
2026-05-07 14:45:00+00:00,735.1710205078125,735.5599975585938,734.9600219726562,735.219970703125,462886,6.600169734305748,9.514107244790182e-05
2026-05-07 14:50:00+00:00,735.25,735.739990234375,735.1599731445312,735.7100219726562,283276,6.600836049208703,0.0006663149029551008
2026-05-07 14:55:00+00:00,735.72998046875,736.1099853515625,735.7249755859375,736.0800170898438,490297,6.6013388316914785,0.0005027824827754657
2026-05-07 15:00:00+00:00,736.0900268554688,736.1300048828125,735.7000122070312,735.8300170898438,305800,6.60099913701368,-0.00033969467779826346
2026-05-07 15:05:00+00:00,735.8300170898438,735.8400268554688,735.2000122070312,735.6400146484375,537034,6.600740888543288,-0.00025824847039235266
2026-05-07 15:10:00+00:00,735.6400756835938,735.7899780273438,735.25,735.2999877929688,293924,6.600278562600747,-0.0004623259425411419
2026-05-07 15:15:00+00:00,735.2999877929688,735.5999755859375,735.25,735.3800048828125,248813,6.600387379053437,0.00010881645269034124
2026-05-07 15:20:00+00:00,735.3900146484375,735.5700073242188,734.97998046875,735.0989990234375,401287,6.600005182691504,-0.0003821963619330404
2026-05-07 15:25:00+00:00,735.0800170898438,735.239990234375,734.2999877929688,734.9088134765625,2505107,6.599746428219156,-0.0002587544723482438
2026-05-07 15:30:00+00:00,734.9099731445312,735.6199951171875,734.8499755859375,735.530029296875,433821,6.60059136761983,0.0008449394006744271
2026-05-07 15:35:00+00:00,735.530029296875,735.5800170898438,735.22998046875,735.2301025390625,382283,6.600183514897312,-0.0004078527225184203
2026-05-07 15:40:00+00:00,735.239990234375,735.530029296875,735.0399780273438,735.3099975585938,234678,6.600292175680659,0.00010866078334714757
2026-05-07 15:45:00+00:00,735.2899780273438,735.4099731445312,734.8099975585938,734.8350219726562,248137,6.599646014116795,-0.0006461615638642115
2026-05-07 15:50:00+00:00,734.844970703125,734.969970703125,734.52001953125,734.8699951171875,347070,6.599693606176604,4.7592059809531406e-05
2026-05-07 15:55:00+00:00,734.8800048828125,734.8900146484375,733.780029296875,733.9799194335938,590708,6.598481670520387,-0.0012119356562170225
2026-05-07 16:00:00+00:00,733.9650268554688,734.02001953125,733.3099975585938,733.4000244140625,680363,6.597691288926102,-0.0007903815942853498
2026-05-07 16:05:00+00:00,733.3900146484375,733.3900146484375,732.9299926757812,733.360107421875,539590,6.597636860132558,-5.4428793544225584e-05
2026-05-07 16:10:00+00:00,733.3499755859375,733.3623046875,732.5900268554688,732.719970703125,363906,6.596763597111006,-0.0008732630215515513
2026-05-07 16:15:00+00:00,732.7050170898438,732.7050170898438,731.760009765625,731.875,817733,6.5956097343519815,-0.0011538627590246264
2026-05-07 16:20:00+00:00,731.875,732.75,731.72998046875,732.7000122070312,544282,6.596736357826258,0.0011266234742768333
2026-05-07 16:25:00+00:00,732.7000122070312,733.4199829101562,732.6900024414062,733.364990234375,844619,6.597643518247985,0.0009071604217263385
2026-05-07 16:30:00+00:00,733.3599853515625,733.8200073242188,733.1099853515625,733.6199951171875,465477,6.5979911767283745,0.00034765848038986746
2026-05-07 16:35:00+00:00,733.6300048828125,733.6300048828125,732.7000732421875,732.760009765625,413006,6.596818240044439,-0.001172936683935255
2026-05-07 16:40:00+00:00,732.75,733.1799926757812,732.530029296875,732.780029296875,272592,6.596845560391502,2.7320347062875783e-05
2026-05-07 16:45:00+00:00,732.780029296875,732.8800048828125,732.3800048828125,732.52001953125,266942,6.596490670935842,-0.0003548894556599791
2026-05-07 16:50:00+00:00,732.47998046875,732.5399780273438,732.02001953125,732.4199829101562,299487,6.59635409657637,-0.0001365743594723412
2026-05-07 16:55:00+00:00,732.4099731445312,732.510009765625,731.5900268554688,732.0399780273438,324131,6.595835127261432,-0.0005189693149381114
2026-05-07 17:00:00+00:00,732.0999755859375,732.27001953125,731.6900024414062,732.030029296875,343097,6.595821536749476,-1.359051195581884e-05
2026-05-07 17:05:00+00:00,732.0399780273438,732.6699829101562,731.8099975585938,732.1799926757812,384469,6.5960263753685,0.00020483861902409473
2026-05-07 17:10:00+00:00,732.1799926757812,732.3298950195312,731.6699829101562,731.989990234375,310942,6.595766839324611,-0.0002595360438890637
2026-05-07 17:15:00+00:00,731.989990234375,731.989990234375,731.219970703125,731.3800048828125,363431,6.594933167199411,-0.0008336721252000245
2026-05-07 17:20:00+00:00,731.3599853515625,732.2100219726562,731.1599731445312,732.1599731445312,397949,6.595999032631542,0.0010658654321309413
2026-05-07 17:25:00+00:00,732.1900024414062,732.5700073242188,729.760009765625,730.625,1504682,6.593900332226333,-0.0020987004052086533
2026-05-07 17:30:00+00:00,730.6300048828125,731.1900024414062,730.1799926757812,731.0,702787,6.594413459749778,0.0005131275234449006
2026-05-07 17:35:00+00:00,731.013671875,731.6599731445312,730.7100219726562,731.4000244140625,442536,6.594960539095185,0.0005470793454067646
2026-05-07 17:40:00+00:00,731.3701171875,731.7100219726562,730.6599731445312,730.760009765625,357827,6.594085101832024,-0.0008754372631605278
2026-05-07 17:45:00+00:00,730.72998046875,730.8900146484375,730.3944702148438,730.5499877929688,215346,6.593797658408722,-0.00028744342330266903
2026-05-07 17:50:00+00:00,730.530029296875,730.760009765625,730.1500244140625,730.4400024414062,508607,6.593647095636211,-0.00015056277251090933
2026-05-07 17:55:00+00:00,730.47998046875,731.7999877929688,730.3400268554688,731.719970703125,744809,6.5953978870847285,0.0017507914485177523
2026-05-07 18:00:00+00:00,731.77001953125,731.8599243164062,731.1500244140625,731.469970703125,346192,6.595056167947167,-0.00034171913756164685
2026-05-07 18:05:00+00:00,731.489990234375,732.1500244140625,731.2100219726562,731.3599853515625,547366,6.594905794554395,-0.00015037339277146344
2026-05-07 18:10:00+00:00,731.3519897460938,731.719970703125,731.0599975585938,731.6199951171875,461886,6.595261246811889,0.00035545225749356035
2026-05-07 18:15:00+00:00,731.6300048828125,732.2000122070312,731.6099853515625,731.8400268554688,263266,6.595561947530236,0.000300700718346647
2026-05-07 18:20:00+00:00,731.85009765625,732.030029296875,731.4400024414062,731.4550170898438,280657,6.595035724502142,-0.0005262230280935754
2026-05-07 18:25:00+00:00,731.47998046875,731.5087890625,731.1599731445312,731.2899780273438,283732,6.594810067858296,-0.0002256566438463281
2026-05-07 18:30:00+00:00,731.2899780273438,731.9400024414062,731.25,731.739990234375,305231,6.595425246263368,0.000615178405071859
2026-05-07 18:35:00+00:00,731.75,731.905029296875,730.9500122070312,731.405029296875,241523,6.594967381952065,-0.0004578643113024583
2026-05-07 18:40:00+00:00,731.4199829101562,731.530029296875,729.9600219726562,730.302490234375,438260,6.593458818498896,-0.001508563453168854
2026-05-07 18:45:00+00:00,730.3099975585938,730.72998046875,729.75,730.2000122070312,448386,6.593318485938917,-0.0001403325599795835
2026-05-07 18:50:00+00:00,730.1799926757812,730.72998046875,729.9299926757812,730.5499877929688,477172,6.593797658408722,0.0004791724698050004
2026-05-07 18:55:00+00:00,730.5399780273438,731.1799926757812,730.3099975585938,731.1400146484375,527935,6.594604979915375,0.0008073215066533024
2026-05-07 19:00:00+00:00,731.1400146484375,731.4000244140625,730.6300048828125,730.8800048828125,593753,6.594249294268267,-0.00035568564710786177
2026-05-07 19:05:00+00:00,730.8800048828125,731.2100219726562,730.719970703125,730.9099731445312,594940,6.594290296412451,4.100214418389925e-05
2026-05-07 19:10:00+00:00,730.9099731445312,731.5,730.7999877929688,731.1900024414062,330321,6.594673347236574,0.00038305082412293245
2026-05-07 19:15:00+00:00,731.22998046875,731.3300170898438,730.3599853515625,730.6099853515625,539509,6.593879781598147,-0.0007935656384265855
2026-05-07 19:20:00+00:00,730.5499877929688,730.7070922851562,730.1099853515625,730.2100219726562,405706,6.59333219409675,-0.00054758750139694
2026-05-07 19:25:00+00:00,730.1900024414062,730.780029296875,729.989990234375,730.5,458257,6.593729231190754,0.00039703709400384923
2026-05-07 19:30:00+00:00,730.5,731.02001953125,730.4000244140625,730.9099731445312,367304,6.594290296412451,0.0005610652216967438
2026-05-07 19:35:00+00:00,730.9199829101562,731.3699951171875,730.7999877929688,731.2899780273438,501853,6.594810067858296,0.0005197714458446967
2026-05-07 19:40:00+00:00,731.2899780273438,731.469970703125,730.989990234375,731.260009765625,640462,6.5947690870207545,-4.098083754122683e-05
2026-05-07 19:45:00+00:00,731.27001953125,731.4000244140625,730.9301147460938,731.2100830078125,759499,6.59470080971638,-6.82773043747531e-05
2026-05-07 19:50:00+00:00,731.22998046875,731.9000244140625,730.5700073242188,730.9500122070312,2037579,6.594345074657852,-0.00035573505852770637
2026-05-07 19:55:00+00:00,730.9500122070312,731.6400146484375,730.77001953125,731.5900268554688,3062058,6.595220284460247,0.0008752098023947497
2026-05-08 13:30:00+00:00,734.9299926757812,735.3200073242188,734.6900024414062,735.280029296875,1941233,6.600251418894368,0.005031134434121398
2026-05-08 13:35:00+00:00,735.2999877929688,735.4500122070312,734.8400268554688,734.9299926757812,607533,6.59977524661629,-0.0004761722780779465
2026-05-08 13:40:00+00:00,734.9349975585938,735.3099975585938,734.5800170898438,735.2899780273438,439407,6.600264949335516,0.0004897027192258818
2026-05-08 13:45:00+00:00,735.2899780273438,736.2999877929688,735.2899780273438,736.0499877929688,1044505,6.601298034619508,0.0010330852839919302
2026-05-08 13:50:00+00:00,736.0499877929688,736.3699951171875,735.8499755859375,735.9650268554688,902248,6.60118259974045,-0.00011543487905818495
2026-05-08 13:55:00+00:00,735.969970703125,736.6599731445312,735.85009765625,736.6400146484375,548837,6.60209932597894,0.0009167262384899288
2026-05-08 14:00:00+00:00,736.6199951171875,736.8900146484375,736.239990234375,736.7550048828125,671935,6.602255414784839,0.00015608880589912388
2026-05-08 14:05:00+00:00,736.739990234375,736.8200073242188,736.2899780273438,736.5399780273438,536538,6.60196351552571,-0.00029189925912920245
2026-05-08 14:10:00+00:00,736.5599975585938,736.8900146484375,736.239990234375,736.7999877929688,487419,6.6023164683734645,0.00035295284775482827
2026-05-08 14:15:00+00:00,736.8099975585938,736.97998046875,736.5499877929688,736.8900146484375,487435,6.6024386471972765,0.0001221788238119359
2026-05-08 14:20:00+00:00,736.9000244140625,737.3200073242188,736.8400268554688,737.2401123046875,360303,6.602913636014656,0.00047498881737961796
2026-05-08 14:25:00+00:00,737.239990234375,737.5498046875,736.7100219726562,736.7999877929688,496417,6.6023164683734645,-0.0005971676411915539
2026-05-08 14:30:00+00:00,736.8198852539062,736.8400268554688,736.3300170898438,736.510009765625,373694,6.601922826802351,-0.00039364157111343445
2026-05-08 14:35:00+00:00,736.510009765625,736.9500122070312,736.1099853515625,736.9500122070312,377353,6.6025200638470265,0.0005972370446754027
2026-05-08 14:40:00+00:00,736.9598999023438,737.1500244140625,736.760009765625,737.1450805664062,425017,6.602784725688003,0.000264661840976288
2026-05-08 14:45:00+00:00,737.14501953125,737.4500122070312,736.969970703125,737.1900024414062,381115,6.602845664175503,6.093848750055031e-05
2026-05-08 14:50:00+00:00,737.1900024414062,737.280029296875,737.0,737.2799072265625,374521,6.602967612795381,0.00012194861987779859
2026-05-08 14:55:00+00:00,737.27001953125,737.4199829101562,737.041015625,737.0599975585938,210062,6.60266929668946,-0.00029831610592090385
2026-05-08 15:00:00+00:00,737.0499877929688,737.3499755859375,736.989990234375,737.080078125,322463,6.6026965404592195,2.7243769759266456e-05
2026-05-08 15:05:00+00:00,737.0800170898438,737.3499755859375,736.7000122070312,736.7344970703125,230587,6.602227579075831,-0.0004689613833885886
2026-05-08 15:10:00+00:00,736.7319946289062,736.9400024414062,736.469970703125,736.5900268554688,387882,6.602031464488772,-0.00019611458705881546
2026-05-08 15:15:00+00:00,736.5750122070312,736.5999755859375,736.049072265625,736.4000244140625,313513,6.6017734825121845,-0.0002579819765875513
2026-05-08 15:20:00+00:00,736.39501953125,736.9699096679688,736.2899780273438,736.5549926757812,487632,6.601983900699424,0.0002104181872395472
2026-05-08 15:25:00+00:00,736.5700073242188,736.9199829101562,736.4500122070312,736.9099731445312,347449,6.602465731599856,0.0004818309004317456
2026-05-08 15:30:00+00:00,736.8900146484375,736.969970703125,736.3099975585938,736.9450073242188,671967,6.602513272477565,4.7540877709195684e-05
2026-05-08 15:35:00+00:00,736.9500122070312,737.3699951171875,736.8900146484375,737.281005859375,305184,6.602969102910578,0.0004558304330126717
2026-05-08 15:40:00+00:00,737.2899780273438,737.3400268554688,736.5435180664062,736.7474975585938,305008,6.602245225016981,-0.000723877893596736
2026-05-08 15:45:00+00:00,736.760009765625,737.3200073242188,736.64501953125,737.0900268554688,392537,6.602710037857431,0.00046481284045007953
2026-05-08 15:50:00+00:00,737.0999755859375,737.1799926757812,736.760009765625,737.030029296875,226946,6.602628636673889,-8.140118354216241e-05
2026-05-08 15:55:00+00:00,737.010009765625,737.1199951171875,736.7000122070312,736.8900146484375,269510,6.6024386471972765,-0.00018998947661241772
2026-05-08 16:00:00+00:00,736.8800048828125,737.280029296875,736.8800048828125,737.1290893554688,323651,6.60276303201492,0.00032438481764351934
2026-05-08 16:05:00+00:00,737.125,737.510009765625,737.1099853515625,737.2546997070312,231084,6.602933422320074,0.00017039030515419995
2026-05-08 16:10:00+00:00,737.2600708007812,737.4500122070312,737.0999755859375,737.375,139812,6.603096582323239,0.00016316000316507484
2026-05-08 16:15:00+00:00,737.3699951171875,737.530029296875,737.25,737.27001953125,445199,6.60295420165869,-0.00014238066454907994
2026-05-08 16:20:00+00:00,737.260009765625,737.4400024414062,737.2224731445312,737.4000244140625,243230,6.603130518908347,0.0001763172496564991
2026-05-08 16:25:00+00:00,737.4000244140625,737.75,737.1599731445312,737.5499877929688,516421,6.603333865975273,0.0002033470669262627
2026-05-08 16:30:00+00:00,737.5599975585938,737.6300048828125,737.2899780273438,737.47998046875,432845,6.603238942718421,-9.492325685211966e-05
2026-05-08 16:35:00+00:00,737.4600219726562,737.5700073242188,737.1400146484375,737.3699951171875,255586,6.603089794868013,-0.00014914785040787137
2026-05-08 16:40:00+00:00,737.3699951171875,737.4400024414062,736.8099975585938,736.8099975585938,381403,6.60233005373964,-0.0007597411283732924
2026-05-08 16:45:00+00:00,736.8200073242188,737.3001098632812,736.8200073242188,737.3001098632812,228853,6.602995014003164,0.0006649602635242502
2026-05-08 16:50:00+00:00,737.3099975585938,737.3099975585938,736.970703125,737.0399780273438,240072,6.602642134988649,-0.0003528790145148619
2026-05-08 16:55:00+00:00,737.0399780273438,737.0900268554688,736.8499755859375,736.9199829101562,261765,6.6024793149384005,-0.00016282005024859103
2026-05-08 17:00:00+00:00,736.892822265625,737.510009765625,736.8200073242188,737.469970703125,1120342,6.603225369694309,0.0007460547559086095
2026-05-08 17:05:00+00:00,737.469970703125,737.5900268554688,737.1599731445312,737.3499755859375,294299,6.603062644586402,-0.00016272510790749095
2026-05-08 17:10:00+00:00,737.3400268554688,737.3599853515625,737.1199951171875,737.1699829101562,230286,6.602818507264776,-0.00024413732162553714
2026-05-08 17:15:00+00:00,737.1699829101562,737.5399780273438,737.1500244140625,737.52001953125,257515,6.603293232972671,0.0004747257078951961
2026-05-08 17:20:00+00:00,737.510009765625,737.72998046875,737.4149780273438,737.6400146484375,258732,6.603455920565437,0.00016268759276538702
2026-05-08 17:25:00+00:00,737.6500244140625,737.8400268554688,737.6500244140625,737.6900024414062,354850,6.6035236854619805,6.776489654392037e-05
2026-05-08 17:30:00+00:00,737.6799926757812,737.7999877929688,737.5964965820312,737.7000122070312,195810,6.603537254437676,1.3568975695044116e-05
2026-05-08 17:35:00+00:00,737.7000122070312,737.9099731445312,737.4400024414062,737.45751953125,274495,6.603208485919401,-0.0003287685182744582
2026-05-08 17:40:00+00:00,737.4550170898438,737.530029296875,737.25,737.280029296875,268021,6.602967778363846,-0.00024070755555527512
2026-05-08 17:45:00+00:00,737.260009765625,737.5900268554688,737.2100219726562,737.260009765625,168553,6.6029406247692055,-2.715359464033895e-05
2026-05-08 17:50:00+00:00,737.2550048828125,737.3900146484375,737.0700073242188,737.3800048828125,215310,6.603103369732397,0.0001627449631911304
2026-05-08 17:55:00+00:00,737.3800048828125,737.47998046875,737.1799926757812,737.1900024414062,213591,6.602845664175503,-0.0002577055568933062
2026-05-08 18:00:00+00:00,737.1699829101562,738.0800170898438,737.1500244140625,737.5700073242188,734395,6.603361008894246,0.0005153447187424831
2026-05-08 18:05:00+00:00,737.5700073242188,737.719970703125,737.3298950195312,737.4000244140625,375969,6.603130518908347,-0.0002304899858991405
2026-05-08 18:10:00+00:00,737.39501953125,737.8300170898438,737.3499755859375,737.780029296875,296320,6.603645716887416,0.0005151979790696259
2026-05-08 18:15:00+00:00,737.8099975585938,737.9299926757812,737.6799926757812,737.7501220703125,341651,6.6036051792860135,-4.0537601402768075e-05
2026-05-08 18:20:00+00:00,737.72998046875,737.9000244140625,737.7000122070312,737.780029296875,285727,6.603645716887416,4.0537601402768075e-05
2026-05-08 18:25:00+00:00,737.7899780273438,737.8200073242188,737.6400146484375,737.72998046875,299968,6.603577877526364,-6.783936105225763e-05
2026-05-08 18:30:00+00:00,737.72998046875,737.9500122070312,737.594970703125,737.594970703125,297518,6.603394853758082,-0.0001830237682822755
2026-05-08 18:35:00+00:00,737.5900268554688,737.6599731445312,737.4299926757812,737.489990234375,250695,6.6032525155583075,-0.0001423381997742723
2026-05-08 18:40:00+00:00,737.489013671875,737.5800170898438,737.239990234375,737.25,455878,6.602927047695386,-0.0003254678629218688
2026-05-08 18:45:00+00:00,737.25,737.260009765625,736.8599853515625,736.9500122070312,543257,6.6025200638470265,-0.0004069838483591326
2026-05-08 18:50:00+00:00,736.9600219726562,737.030029296875,736.4299926757812,736.5750122070312,585584,6.60201108028464,-0.000508983562386156
2026-05-08 18:55:00+00:00,736.5900268554688,736.72998046875,736.10498046875,736.3800048828125,487011,6.6017462964683045,-0.00026478381633587844
2026-05-08 19:00:00+00:00,736.3800048828125,736.8200073242188,736.3499755859375,736.6099853515625,422383,6.602058559921748,0.0003122634534431512
2026-05-08 19:05:00+00:00,736.5999755859375,737.0700073242188,736.47998046875,736.8400268554688,412791,6.602370808730828,0.00031224880908009567
2026-05-08 19:10:00+00:00,736.8499755859375,737.010009765625,736.72998046875,736.8300170898438,311959,6.602357223918316,-1.3584812511346911e-05
2026-05-08 19:15:00+00:00,736.8200073242188,737.1799926757812,736.780029296875,737.14501953125,436149,6.6027846428886185,0.0004274189703021847
2026-05-08 19:20:00+00:00,737.1400146484375,737.3300170898438,736.9299926757812,736.9949951171875,568192,6.602581101280508,-0.00020354160811031363
2026-05-08 19:25:00+00:00,736.989990234375,737.1099853515625,736.6199951171875,736.6400146484375,597836,6.60209932597894,-0.0004817753015684545
2026-05-08 19:30:00+00:00,736.6400146484375,737.0499877929688,736.52001953125,737.0399780273438,469022,6.602642134988649,0.0005428090097092664
2026-05-08 19:35:00+00:00,737.030029296875,737.2100219726562,736.8800048828125,737.1199951171875,1109905,6.602750694563431,0.00010855957478206335
2026-05-08 19:40:00+00:00,737.0999755859375,737.4199829101562,737.0999755859375,737.344970703125,964804,6.603055856900819,0.0003051623373879764
2026-05-08 19:45:00+00:00,737.3499755859375,737.5,737.1900024414062,737.2000122070312,1146932,6.60285924235431,-0.0001966145465086555
2026-05-08 19:50:00+00:00,737.2100219726562,737.510009765625,737.0999755859375,737.4600219726562,1118665,6.603211879249992,0.0003526368956814352
2026-05-08 19:55:00+00:00,737.4600219726562,737.5900268554688,737.1300048828125,737.530029296875,4778181,6.60330680507571,9.492582571812846e-05
