timestamp,open,high,low,close,volume,log_close,log_return
2026-04-30 13:31:00+00:00,713.7100219726562,713.760009765625,713.1699829101562,713.2000122070312,418333,6.569761903104845,-0.0006447177132367088
2026-04-30 13:32:00+00:00,713.1799926757812,713.6500244140625,713.1799926757812,713.4293212890625,331140,6.57008337284982,0.00032146974497493375
2026-04-30 13:33:00+00:00,713.4000854492188,713.7100219726562,713.0800170898438,713.0999755859375,206303,6.569621628797737,-0.0004617440520826577
2026-04-30 13:34:00+00:00,713.0700073242188,713.1699829101562,712.8012084960938,712.8800048828125,158674,6.569313110153882,-0.0003085186438553933
2026-04-30 13:35:00+00:00,712.8499755859375,712.9400024414062,712.25,712.3900146484375,233540,6.568625534821538,-0.0006875753323436484
2026-04-30 13:36:00+00:00,712.4299926757812,712.8200073242188,712.3800048828125,712.777587890625,160090,6.5691694333090584,0.0005438984875203445
2026-04-30 13:37:00+00:00,712.780029296875,713.0499877929688,712.2000122070312,712.3200073242188,176891,6.568527258929328,-0.0006421743797302426
2026-04-30 13:38:00+00:00,712.3300170898438,712.4400024414062,712.1400146484375,712.39501953125,256696,6.568632560278281,0.00010530134895248011
2026-04-30 13:39:00+00:00,712.3699951171875,712.4299926757812,711.8400268554688,711.8400268554688,210936,6.567853204784564,-0.0007793554937167713
2026-04-30 13:40:00+00:00,711.8400268554688,711.9000244140625,711.4500122070312,711.7000122070312,320980,6.567656491457159,-0.00019671332740500702
2026-04-30 13:41:00+00:00,711.7277221679688,711.989990234375,711.5599975585938,711.6300048828125,185264,6.567558120280504,-9.837117665512096e-05
2026-04-30 13:42:00+00:00,711.6400146484375,712.1099853515625,711.5999755859375,712.0900268554688,158957,6.56820434563157,0.0006462253510663984
2026-04-30 13:43:00+00:00,712.0819091796875,712.6199951171875,712.02001953125,712.489990234375,332831,6.568765863250261,0.0005615176186903881
2026-04-30 13:44:00+00:00,712.5150146484375,712.9500122070312,712.4251708984375,712.8508911132812,104062,6.569272269670425,0.0005064064201647511
2026-04-30 13:45:00+00:00,712.8400268554688,713.1300048828125,712.5800170898438,713.119873046875,164753,6.569649531173318,0.000377261502892523
2026-04-30 13:46:00+00:00,713.1099853515625,713.1900024414062,712.2789916992188,712.2999877929688,276677,6.568499153846822,-0.0011503773264962547
2026-04-30 13:47:00+00:00,712.2899780273438,712.5900268554688,712.0599975585938,712.5549926757812,117512,6.568857091867225,0.00035793802040373635
2026-04-30 13:48:00+00:00,712.5549926757812,712.6500244140625,712.2100219726562,712.4299926757812,86574,6.5686816514217385,-0.00017544044548678528
2026-04-30 13:49:00+00:00,712.4400024414062,712.6300048828125,712.2100219726562,712.510009765625,82957,6.568793960837982,0.00011230941624340574
2026-04-30 13:50:00+00:00,712.52001953125,712.8099975585938,712.4005737304688,712.4099731445312,126275,6.568653550678173,-0.00014041015980925664
2026-04-30 13:51:00+00:00,712.4199829101562,712.4299926757812,711.97998046875,712.010009765625,250836,6.568091969972739,-0.0005615807054333288
2026-04-30 13:52:00+00:00,711.989990234375,712.2100219726562,711.52001953125,711.6701049804688,136085,6.567614468337233,-0.0004775016355065276
2026-04-30 13:53:00+00:00,711.6500244140625,712.0999755859375,711.6400146484375,711.6799926757812,80262,6.567628361890659,1.3893553425958771e-05
2026-04-30 13:54:00+00:00,711.7000122070312,711.7999877929688,711.4600219726562,711.469970703125,151990,6.567333211021691,-0.00029515086896747533
2026-04-30 13:55:00+00:00,711.4600219726562,711.4600219726562,711.1400146484375,711.260009765625,151504,6.567038058825693,-0.0002951521959984049
2026-04-30 13:56:00+00:00,711.25,711.4450073242188,711.0999755859375,711.260009765625,129208,6.567038058825693,0.0
2026-04-30 13:57:00+00:00,711.2650146484375,711.469970703125,710.89501953125,710.9249877929688,103570,6.566566921836583,-0.0004711369891099437
2026-04-30 13:58:00+00:00,710.9099731445312,711.3099975585938,710.780029296875,711.22998046875,116675,6.566995838076042,0.00042891623945884305
2026-04-30 13:59:00+00:00,711.219970703125,711.5599975585938,711.1699829101562,711.27001953125,108762,6.567052132012788,5.629393674588812e-05
2026-04-30 14:00:00+00:00,711.260009765625,711.8200073242188,711.25,711.6599731445312,164017,6.567600231532864,0.0005480995200759509
2026-04-30 14:01:00+00:00,711.6799926757812,711.9650268554688,711.6699829101562,711.8499755859375,236508,6.567867180763115,0.0002669492302516119
2026-04-30 14:02:00+00:00,711.8400268554688,712.219970703125,711.7849731445312,712.030029296875,122647,6.568120086501351,0.00025290573823610885
2026-04-30 14:03:00+00:00,712.030029296875,712.0800170898438,711.8599853515625,711.9749755859375,91716,6.568042764145353,-7.732235599799964e-05
2026-04-30 14:04:00+00:00,711.97998046875,712.02001953125,711.5700073242188,711.8699951171875,84145,6.567895303612641,-0.0001474605327125289
2026-04-30 14:05:00+00:00,711.8699951171875,712.1300048828125,711.780029296875,711.7899780273438,325703,6.56778289321769,-0.00011241039495057947
2026-04-30 14:06:00+00:00,711.7899780273438,712.260009765625,711.530029296875,711.5700073242188,290230,6.567473806680005,-0.0003090865376851326
2026-04-30 14:07:00+00:00,711.5700073242188,711.8400268554688,711.4450073242188,711.6500244140625,169512,6.567586251822911,0.00011244514290620344
2026-04-30 14:08:00+00:00,711.6599731445312,711.6799926757812,710.7849731445312,710.7849731445312,174521,6.56636995529244,-0.0012162965304716167
2026-04-30 14:09:00+00:00,710.7899780273438,711.2150268554688,710.7000122070312,711.1799926757812,137812,6.566925552020779,0.0005555967283390473
2026-04-30 14:10:00+00:00,711.1699829101562,711.3400268554688,710.8499755859375,711.0499877929688,148035,6.566742733651092,-0.0001828183696863661
2026-04-30 14:11:00+00:00,711.0499877929688,711.1699829101562,710.9299926757812,710.989990234375,174928,6.566658351271474,-8.438237961883033e-05
2026-04-30 14:12:00+00:00,710.989990234375,711.52001953125,710.9849853515625,711.3099975585938,127532,6.567108336974019,0.00044998570254506376
2026-04-30 14:13:00+00:00,711.3200073242188,711.9299926757812,711.25,711.760009765625,167922,6.567740789656902,0.0006324526828835886
2026-04-30 14:14:00+00:00,711.77001953125,711.8200073242188,711.4600219726562,711.6500244140625,84134,6.567586251822911,-0.0001545378339908865
2026-04-30 14:15:00+00:00,711.6300048828125,711.6599731445312,711.2999877929688,711.4299926757812,137283,6.567277018698432,-0.0003092331244793911
2026-04-30 14:16:00+00:00,711.4299926757812,711.4400024414062,710.5,710.5599975585938,190612,6.5660533881079015,-0.0012236305905304334
2026-04-30 14:17:00+00:00,710.5599975585938,711.0700073242188,710.4450073242188,710.77001953125,148843,6.566348916903691,0.00029552879578975677
2026-04-30 14:18:00+00:00,710.8300170898438,711.469970703125,710.719970703125,711.3200073242188,103093,6.567122409172118,0.000773492268426601
2026-04-30 14:19:00+00:00,711.3200073242188,711.6300048828125,711.219970703125,711.5650024414062,142257,6.567466773077742,0.0003443639056239789
2026-04-30 14:20:00+00:00,711.5549926757812,711.9000244140625,711.530029296875,711.77001953125,117843,6.567754852957878,0.0002880798801365714
2026-04-30 14:21:00+00:00,711.780029296875,711.9199829101562,711.5999755859375,711.75,42985,6.567726726158147,-2.8126799731076346e-05
2026-04-30 14:22:00+00:00,711.75,712.3400268554688,711.5800170898438,712.2100219726562,105231,6.568372842596195,0.0006461164380473505
2026-04-30 14:23:00+00:00,712.2100219726562,712.2999877929688,711.8499755859375,711.9000244140625,178842,6.567937486404057,-0.00043535619213752597
2026-04-30 14:24:00+00:00,711.9000244140625,711.9500122070312,711.6199951171875,711.9199829101562,80420,6.56796552154332,2.8035139262527764e-05
2026-04-30 14:25:00+00:00,711.9099731445312,711.989990234375,711.6300048828125,711.6400146484375,281870,6.56757218615063,-0.0003933353926894867
2026-04-30 14:26:00+00:00,711.6699829101562,711.7100219726562,711.3400268554688,711.3400268554688,72525,6.567150552974249,-0.0004216331763808867
2026-04-30 14:27:00+00:00,711.3250122070312,711.52001953125,711.25,711.47998046875,68752,6.567347280055697,0.0001967270814473565
2026-04-30 14:28:00+00:00,711.469970703125,711.8198852539062,711.3800048828125,711.6400146484375,75610,6.56757218615063,0.0002249060949335302
2026-04-30 14:29:00+00:00,711.6599731445312,712.0999755859375,711.6099853515625,712.010009765625,73751,6.568091969972739,0.0005197838221091544
2026-04-30 14:30:00+00:00,712.010009765625,712.22998046875,711.6511840820312,712.1300048828125,113054,6.56826048587179,0.00016851589905098052
2026-04-30 14:31:00+00:00,712.1699829101562,712.719970703125,712.1699829101562,712.5499877929688,110737,6.568850067987748,0.0005895821159578318
2026-04-30 14:32:00+00:00,712.5800170898438,712.7899780273438,712.510009765625,712.5599975585938,81455,6.568864115697368,1.4047709619546822e-05
2026-04-30 14:33:00+00:00,712.5999755859375,712.6799926757812,711.9315185546875,712.030029296875,81742,6.568120086501351,-0.0007440291960163492
2026-04-30 14:34:00+00:00,712.02001953125,712.02001953125,711.5,711.8499755859375,101826,6.567867180763115,-0.00025290573823610885
2026-04-30 14:35:00+00:00,711.8400268554688,711.97998046875,711.6199951171875,711.9199829101562,59029,6.56796552154332,9.834078020443116e-05
2026-04-30 14:36:00+00:00,711.9099731445312,711.9400024414062,711.22998046875,711.4099731445312,90282,6.567248878455351,-0.0007166430879683716
2026-04-30 14:37:00+00:00,711.4299926757812,711.6199951171875,711.2000122070312,711.52001953125,137283,6.567403554212422,0.0001546757570709545
2026-04-30 14:38:00+00:00,711.510009765625,711.739990234375,711.3900146484375,711.52099609375,70567,6.56740492671327,1.3725008480847123e-06
2026-04-30 14:39:00+00:00,711.52001953125,711.530029296875,711.1799926757812,711.2999877929688,83405,6.56709426457789,-0.0003106621353801131
2026-04-30 14:40:00+00:00,711.3200073242188,711.969970703125,711.3200073242188,711.8800048828125,140959,6.5679093647408235,0.000815100162933291
2026-04-30 14:41:00+00:00,711.8900146484375,712.0700073242188,711.6799926757812,712.0700073242188,48603,6.568176231471966,0.0002668667311427342
2026-04-30 14:42:00+00:00,712.0659790039062,712.1599731445312,711.8851928710938,712.02001953125,151896,6.568106028335863,-7.020313610350826e-05
2026-04-30 14:43:00+00:00,712.010009765625,712.3300170898438,712.010009765625,712.239990234375,191293,6.568414919554272,0.0003088912184088244
2026-04-30 14:44:00+00:00,712.2529907226562,712.3699951171875,712.1099853515625,712.239990234375,52963,6.568414919554272,0.0
2026-04-30 14:45:00+00:00,712.22998046875,712.6500244140625,712.2299194335938,712.4600219726562,194277,6.568723801056547,0.000308881502275149
2026-04-30 14:46:00+00:00,712.5189819335938,712.9199829101562,712.5189819335938,712.8499755859375,87194,6.569270985351443,0.0005471842948958638
2026-04-30 14:47:00+00:00,712.830078125,713.0100708007812,712.7899780273438,712.9099731445312,75289,6.569355147567785,8.416221634277576e-05
2026-04-30 14:48:00+00:00,712.9199829101562,713.0999755859375,712.7899780273438,712.8400268554688,97067,6.569257028978806,-9.81185889790126e-05
2026-04-30 14:49:00+00:00,712.8599853515625,712.969970703125,712.72998046875,712.8099975585938,55979,6.569214901813843,-4.212716496354574e-05
2026-04-30 14:50:00+00:00,712.8099975585938,713.0599975585938,712.6799926757812,712.9500122070312,87082,6.56941130884999,0.00019640703614687283
2026-04-30 14:51:00+00:00,712.9249877929688,713.510009765625,712.8400268554688,713.47998046875,146491,6.570154378315474,0.0007430694654839698
2026-04-30 14:52:00+00:00,713.469970703125,713.7449951171875,713.4500122070312,713.6749877929688,149581,6.57042765953548,0.00027328122000636057
2026-04-30 14:53:00+00:00,713.6749877929688,713.6900024414062,713.4600830078125,713.6400146484375,597590,6.57037865403287,-4.900550260966696e-05
2026-04-30 14:54:00+00:00,713.6300048828125,713.9000244140625,713.6199951171875,713.6900024414062,101707,6.57044869781026,7.004377738972778e-05
2026-04-30 14:55:00+00:00,713.6699829101562,714.0900268554688,713.6699829101562,714.0499877929688,116806,6.570952970803456,0.0005042729931963308
2026-04-30 14:56:00+00:00,714.0599975585938,714.0999755859375,713.8400268554688,713.8989868164062,63289,6.570741477283996,-0.0002114935194601486
2026-04-30 14:57:00+00:00,713.9099731445312,714.1099853515625,713.877197265625,714.0499877929688,68642,6.570952970803456,0.0002114935194601486
2026-04-30 14:58:00+00:00,714.0549926757812,714.0999755859375,713.9000244140625,714.0,67121,6.570882962339584,-7.000846387228421e-05
2026-04-30 14:59:00+00:00,714.0399780273438,714.1599731445312,713.8599853515625,713.8699951171875,125683,6.570700866093264,-0.00018209624631992938
2026-04-30 15:00:00+00:00,713.8699951171875,714.2999267578125,713.8699951171875,714.0900268554688,104407,6.571009042424026,0.0003081763307619667
2026-04-30 15:01:00+00:00,714.0936889648438,714.4498901367188,714.0800170898438,714.375,60564,6.5714080345490755,0.00039899212504934667
2026-04-30 15:02:00+00:00,714.3900146484375,714.4299926757812,713.9500122070312,714.02001953125,83104,6.570911000505685,-0.0004970340433905207
2026-04-30 15:03:00+00:00,714.010009765625,714.1300048828125,713.9000244140625,713.940185546875,49223,6.5707991850864955,-0.00011181541918947602
2026-04-30 15:04:00+00:00,713.97998046875,714.030029296875,713.780029296875,713.9099731445312,57950,6.570756866356951,-4.231872954463256e-05
2026-04-30 15:05:00+00:00,713.8300170898438,713.9000244140625,713.6500244140625,713.6599731445312,47854,6.570406620818082,-0.0003502455388693093
2026-04-30 15:06:00+00:00,713.6599731445312,713.8300170898438,713.5499877929688,713.7000122070312,109285,6.57046272308089,5.610226280872155e-05
2026-04-30 15:07:00+00:00,713.719970703125,714.27001953125,713.6300048828125,714.1699829101562,291794,6.571121005307849,0.0006582822269587396
2026-04-30 15:08:00+00:00,714.125,714.2100219726562,714.0499877929688,714.0963134765625,52307,6.571017846066683,-0.00010315924116621744
2026-04-30 15:09:00+00:00,714.1099853515625,714.4000244140625,714.0501098632812,714.4000244140625,66959,6.571443063736508,0.00042521766982517306
2026-04-30 15:10:00+00:00,714.4000244140625,714.510009765625,714.260009765625,714.4099731445312,70275,6.571456989633564,1.392589705595526e-05
2026-04-30 15:11:00+00:00,714.4299926757812,714.530029296875,714.3350219726562,714.4100952148438,84757,6.571457160502262,1.708686978574292e-07
2026-04-30 15:12:00+00:00,714.4400024414062,714.4909057617188,714.0399780273438,714.1599731445312,63397,6.5711069892668315,-0.0003501712354303521
2026-04-30 15:13:00+00:00,714.1199951171875,714.1599731445312,713.9199829101562,714.1300048828125,54392,6.571065025432898,-4.196383393306746e-05
2026-04-30 15:14:00+00:00,714.0999755859375,714.3599853515625,714.0399780273438,714.2949829101562,38588,6.571296018350955,0.0002309929180563941
2026-04-30 15:15:00+00:00,714.3300170898438,714.469970703125,714.260009765625,714.2899780273438,42775,6.571289011581389,-7.006769565442994e-06
2026-04-30 15:16:00+00:00,714.2999877929688,714.3400268554688,714.2000732421875,714.239990234375,40161,6.571219026640087,-6.998494130261435e-05
2026-04-30 15:17:00+00:00,714.1799926757812,714.3699951171875,714.0900268554688,714.22998046875,72335,6.571205011972882,-1.4014667204520492e-05
2026-04-30 15:18:00+00:00,714.22998046875,714.2750244140625,714.1099853515625,714.1500244140625,42549,6.57109305849482,-0.00011195347806225442
2026-04-30 15:19:00+00:00,714.139892578125,714.219970703125,714.010009765625,714.2100219726562,57051,6.571177067507507,8.400901268679206e-05
2026-04-30 15:20:00+00:00,714.2100219726562,714.27001953125,714.0999755859375,714.1900024414062,46620,6.5711490368005485,-2.8030706958226403e-05
2026-04-30 15:21:00+00:00,714.1900024414062,714.239990234375,713.8900146484375,713.9199829101562,72000,6.5707708873061295,-0.00037814949441905554
2026-04-30 15:22:00+00:00,713.916015625,714.0499877929688,713.8099975585938,713.969970703125,108129,6.570840903616368,7.001631023850763e-05
2026-04-30 15:23:00+00:00,713.9500122070312,714.0999755859375,713.9000244140625,714.0800170898438,66746,6.570995024813634,0.00015412119726576634
2026-04-30 15:24:00+00:00,714.0800170898438,714.2999877929688,714.0399780273438,714.2501220703125,76786,6.571233212017851,0.00023818720421697748
2026-04-30 15:25:00+00:00,714.2550048828125,714.510009765625,714.1500244140625,714.4349975585938,121157,6.571492017106213,0.00025880508836184646
2026-04-30 15:26:00+00:00,714.4199829101562,714.530029296875,714.3099975585938,714.3499755859375,82969,6.571373004134555,-0.00011901297165728408
2026-04-30 15:27:00+00:00,714.3400268554688,714.4401245117188,714.239990234375,714.3900146484375,95043,6.57142905220878,5.604807422443514e-05
2026-04-30 15:28:00+00:00,714.3900146484375,714.4400024414062,714.280029296875,714.2849731445312,121575,6.57128200476273,-0.00014704744604987496
2026-04-30 15:29:00+00:00,714.2899780273438,714.5900268554688,714.2899780273438,714.4299926757812,115682,6.571485011709836,0.0002030069471059548
2026-04-30 15:30:00+00:00,714.4099731445312,714.6500244140625,714.4099731445312,714.6099853515625,94254,6.571736918835599,0.00025190712576339536
2026-04-30 15:31:00+00:00,714.5999755859375,714.8800048828125,714.5399780273438,714.760009765625,158940,6.5719468356732635,0.00020991683766435898
2026-04-30 15:32:00+00:00,714.77001953125,714.9500122070312,714.5800170898438,714.6599731445312,64538,6.5718068675428984,-0.00013996813036509792
2026-04-30 15:33:00+00:00,714.6199951171875,714.6900024414062,714.4199829101562,714.5,73216,6.571582997369922,-0.00022387017297642586
2026-04-30 15:34:00+00:00,714.510009765625,714.5900268554688,714.3900146484375,714.4299926757812,70219,6.571485011709836,-9.798566008623055e-05
2026-04-30 15:35:00+00:00,714.4149780273438,714.4149780273438,714.1599731445312,714.1900024414062,81394,6.5711490368005485,-0.00033597490928727325
2026-04-30 15:36:00+00:00,714.2000122070312,714.3400268554688,713.97998046875,714.3400268554688,82196,6.571359077067869,0.00021004026732018843
2026-04-30 15:37:00+00:00,714.3400268554688,714.3400268554688,713.9400024414062,714.0,51752,6.570882962339584,-0.00047611472828457124
2026-04-30 15:38:00+00:00,714.0,714.1199951171875,713.875,714.0700073242188,72467,6.570981007006744,9.804466716012428e-05
2026-04-30 15:39:00+00:00,714.0700073242188,714.1300048828125,713.9299926757812,714.0,32930,6.570882962339584,-9.804466716012428e-05
2026-04-30 15:40:00+00:00,713.97998046875,714.0,713.739990234375,713.8200073242188,84328,6.570630839977086,-0.00025212236249849695
2026-04-30 15:41:00+00:00,713.8300170898438,714.0900268554688,713.8300170898438,714.010009765625,47991,6.570896981520902,0.00026614154381654487
2026-04-30 15:42:00+00:00,714.010009765625,714.010009765625,713.760009765625,713.7999877929688,65309,6.5706027939545875,-0.00029418756631471865
2026-04-30 15:43:00+00:00,713.780029296875,713.9949951171875,713.780029296875,713.9299926757812,39195,6.570784908058725,0.0001821141041373764
2026-04-30 15:44:00+00:00,713.9199829101562,714.010009765625,713.8300170898438,713.9299926757812,24819,6.570784908058725,0.0
2026-04-30 15:45:00+00:00,713.9249877929688,713.9400024414062,713.5999755859375,713.6400146484375,44793,6.57037865403287,-0.00040625402585448
2026-04-30 15:46:00+00:00,713.6599731445312,713.760009765625,713.530029296875,713.6699829101562,20557,6.570420646678861,4.1992645990696076e-05
2026-04-30 15:47:00+00:00,713.6699829101562,713.6799926757812,713.469970703125,713.5399780273438,25259,6.570238466219461,-0.00018218045939999428
2026-04-30 15:48:00+00:00,713.5399780273438,713.969970703125,713.469970703125,713.9299926757812,31573,6.570784908058725,0.0005464418392637782
2026-04-30 15:49:00+00:00,713.9400024414062,714.0700073242188,713.8900146484375,714.0700073242188,48841,6.570981007006744,0.00019609894801941863
2026-04-30 15:50:00+00:00,714.0900268554688,714.3699951171875,714.02001953125,714.322509765625,62866,6.571334554706016,0.00035354769927131713
2026-04-30 15:51:00+00:00,714.3300170898438,714.5800170898438,714.25,714.4650268554688,69946,6.571534048453915,0.00019949374789973717
2026-04-30 15:52:00+00:00,714.47998046875,714.530029296875,714.3198852539062,714.5150146484375,49323,6.571604011352679,6.9962898763265e-05
2026-04-30 15:53:00+00:00,714.530029296875,714.6099853515625,714.3499755859375,714.5499877929688,51845,6.5716529568442805,4.894549160194828e-05
2026-04-30 15:54:00+00:00,714.5599975585938,714.7598876953125,714.5399780273438,714.7100219726562,48216,6.571876896756211,0.00022393991193059293
2026-04-30 15:55:00+00:00,714.719970703125,715.02001953125,714.7000122070312,714.9699096679688,117089,6.572240457427972,0.0003635606717606876
2026-04-30 15:56:00+00:00,714.97998046875,715.0700073242188,714.8099975585938,714.8599853515625,99053,6.572086698834721,-0.0001537585932505081
2026-04-30 15:57:00+00:00,714.8699951171875,714.9199829101562,714.7000122070312,714.739990234375,162508,6.571918826535451,-0.0001678722992703996
2026-04-30 15:58:00+00:00,714.719970703125,714.8499755859375,714.6599731445312,714.739990234375,58949,6.571918826535451,0.0
2026-04-30 15:59:00+00:00,714.72998046875,714.760009765625,714.5750122070312,714.5999755859375,64666,6.571722911424653,-0.00019591511079752877
2026-04-30 16:00:00+00:00,714.5999755859375,714.6599731445312,714.405029296875,714.5599975585938,72553,6.571666965235137,-5.594618951665353e-05
2026-04-30 16:01:00+00:00,714.5700073242188,714.6500244140625,714.3400268554688,714.3599853515625,70054,6.571387016447619,-0.00027994878751780305
2026-04-30 16:02:00+00:00,714.3560180664062,714.3699951171875,714.0700073242188,714.2000122070312,54424,6.571163052252243,-0.0002239641953760696
2026-04-30 16:03:00+00:00,714.1699829101562,714.4039916992188,714.1500244140625,714.4000244140625,53408,6.571443063736508,0.00028001148426515243
2026-04-30 16:04:00+00:00,714.39501953125,714.6400146484375,714.39501953125,714.5800170898438,40749,6.5716949814281564,0.0002519176916484511
2026-04-30 16:05:00+00:00,714.5599975585938,714.75,714.5499877929688,714.739990234375,31377,6.571918826535451,0.0002238451072944514
2026-04-30 16:06:00+00:00,714.719970703125,714.8800048828125,714.5499877929688,714.8400268554688,51933,6.572058778997099,0.00013995246164810737
2026-04-30 16:07:00+00:00,714.8300170898438,714.8350219726562,714.6799926757812,714.8300170898438,53603,6.572044776093887,-1.4002903212073647e-05
2026-04-30 16:08:00+00:00,714.8300170898438,714.9400024414062,714.7999877929688,714.8599853515625,286385,6.572086698834721,4.192274083436587e-05
2026-04-30 16:09:00+00:00,714.8599853515625,714.8599853515625,714.7100219726562,714.72998046875,189413,6.571904821672348,-0.00018187716237338947
2026-04-30 16:10:00+00:00,714.719970703125,714.8400268554688,714.6500244140625,714.7474975585938,26156,6.571929330054066,2.4508381717858185e-05
2026-04-30 16:11:00+00:00,714.739990234375,714.9000244140625,714.72998046875,714.8900146484375,49566,6.572128705195105,0.00019937514103940401
2026-04-30 16:12:00+00:00,714.8900146484375,715.0800170898438,714.8900146484375,715.0499877929688,43133,6.572352453247367,0.00022374805226199612
2026-04-30 16:13:00+00:00,715.0399780273438,715.3900146484375,715.0399780273438,715.2650146484375,85218,6.572653123878272,0.00030067063090477575
2026-04-30 16:14:00+00:00,715.27001953125,715.3350219726562,715.2000122070312,715.3099975585938,45391,6.572716011751732,6.288787345987146e-05
2026-04-30 16:15:00+00:00,715.2999877929688,715.3599853515625,715.0800170898438,715.0900268554688,48815,6.572408446453767,-0.0003075652979651622
2026-04-30 16:16:00+00:00,715.0999755859375,715.0999755859375,714.9199829101562,715.0,47646,6.5722825426940075,-0.00012590375975918278
2026-04-30 16:17:00+00:00,714.97998046875,715.1400146484375,714.9500122070312,715.10498046875,29827,6.57242935774657,0.0001468150525623102
2026-04-30 16:18:00+00:00,715.1099853515625,715.239990234375,715.080078125,715.177490234375,46745,6.572530749978066,0.00010139223149607801
2026-04-30 16:19:00+00:00,715.1699829101562,715.219970703125,715.0599975585938,715.1799926757812,51482,6.572534249021397,3.4990433315229552e-06
2026-04-30 16:20:00+00:00,715.1699829101562,715.27001953125,715.0900268554688,715.114990234375,57408,6.572443355265595,-9.089375580195735e-05
2026-04-30 16:21:00+00:00,715.1199951171875,715.1799926757812,715.0300903320312,715.0499877929688,41713,6.572352453247367,-9.090201822825605e-05
2026-04-30 16:22:00+00:00,715.030029296875,715.219970703125,715.010009765625,715.2000122070312,32558,6.572562240927301,0.00020978767993362624
2026-04-30 16:23:00+00:00,715.1900024414062,715.2100219726562,714.9400024414062,714.9500122070312,69097,6.572212627252821,-0.00034961367448005376
2026-04-30 16:24:00+00:00,714.9600219726562,715.0499877929688,714.9249877929688,714.9290771484375,56916,6.572183344974689,-2.9282278132036765e-05
2026-04-30 16:25:00+00:00,714.9199829101562,714.9299926757812,714.780029296875,714.9299926757812,68027,6.572184625558717,1.2805840281515657e-06
2026-04-30 16:26:00+00:00,714.9299926757812,715.0999755859375,714.9199829101562,714.969970703125,23693,6.572240542795416,5.591723669873261e-05
2026-04-30 16:27:00+00:00,715.0,715.0499877929688,714.9299926757812,714.9749755859375,25084,6.572247542901015,7.000105599175299e-06
2026-04-30 16:28:00+00:00,714.97998046875,715.1099243164062,714.8300170898438,715.0700073242188,81693,6.572380450242472,0.00013290734145687821
2026-04-30 16:29:00+00:00,715.0700073242188,715.2100219726562,715.030029296875,715.1799926757812,56602,6.572534249021397,0.00015379877892574
2026-04-30 16:30:00+00:00,715.1799926757812,715.3300170898438,715.1799926757812,715.2000122070312,53528,6.572562240927301,2.7991905903412828e-05
2026-04-30 16:31:00+00:00,715.1950073242188,715.2000122070312,715.02001953125,715.1099853515625,78319,6.572436356530574,-0.00012588439672711615
2026-04-30 16:32:00+00:00,715.1099853515625,715.27001953125,715.0599975585938,715.220703125,56642,6.572591170762766,0.000154814232192102
2026-04-30 16:33:00+00:00,715.219970703125,715.239990234375,715.1500244140625,715.1799926757812,22470,6.572534249021397,-5.692174136839867e-05
2026-04-30 16:34:00+00:00,715.2000122070312,715.2000122070312,715.030029296875,715.0499877929688,80739,6.572352453247367,-0.0001817957740302134
2026-04-30 16:35:00+00:00,715.0599975585938,715.0900268554688,714.9600219726562,715.0599975585938,37248,6.572366451842899,1.3998595531639069e-05
2026-04-30 16:36:00+00:00,715.0800170898438,715.1099853515625,714.9349975585938,715.0599975585938,36319,6.572366451842899,0.0
2026-04-30 16:37:00+00:00,715.0599975585938,715.0900268554688,714.9000244140625,714.9400024414062,30747,6.572198626503781,-0.0001678253391181883
2026-04-30 16:38:00+00:00,714.9600219726562,715.0701293945312,714.9500122070312,715.02001953125,25477,6.572310541646439,0.00011191514265807001
2026-04-30 16:39:00+00:00,714.9600219726562,715.1799926757812,714.9600219726562,715.1649780273438,25872,6.572513254577756,0.00020271293131735035
2026-04-30 16:40:00+00:00,715.1599731445312,715.22998046875,715.0150146484375,715.0399780273438,38275,6.572338454455872,-0.00017480012188375582
2026-04-30 16:41:00+00:00,715.030029296875,715.0800170898438,714.9249877929688,714.9400024414062,32194,6.572198626503781,-0.00013982795209166454
2026-04-30 16:42:00+00:00,714.9398803710938,715.010009765625,714.8900146484375,714.95751953125,34635,6.572223127685964,2.4501182183556125e-05
2026-04-30 16:43:00+00:00,714.9705200195312,715.02001953125,714.9000244140625,714.9293212890625,32874,6.572183686463923,-3.944122204124767e-05
2026-04-30 16:44:00+00:00,714.9199829101562,714.989990234375,714.6500244140625,714.7498779296875,64761,6.571932660414981,-0.00025102604894211566
2026-04-30 16:45:00+00:00,714.739990234375,714.75,714.4600219726562,714.5700073242188,69755,6.57168097342976,-0.0002516869852211556
2026-04-30 16:46:00+00:00,714.5499877929688,714.77001953125,714.47998046875,714.739990234375,71820,6.571918826535451,0.00023785310569124363
2026-04-30 16:47:00+00:00,714.75,714.9000244140625,714.719970703125,714.75,57672,6.571932831202421,1.4004666970102164e-05
2026-04-30 16:48:00+00:00,714.739990234375,714.77001953125,714.5700073242188,714.6599731445312,46072,6.5718068675428984,-0.0001259636595225544
2026-04-30 16:49:00+00:00,714.6400146484375,714.8699951171875,714.6400146484375,714.8099975585938,52257,6.572016769699205,0.0002099021563068959
2026-04-30 16:50:00+00:00,714.7999877929688,714.8099975585938,714.655029296875,714.6599731445312,31703,6.5718068675428984,-0.0002099021563068959
2026-04-30 16:51:00+00:00,714.6599731445312,714.6599731445312,714.3499755859375,714.4000244140625,61694,6.571443063736508,-0.0003638038063904503
2026-04-30 16:52:00+00:00,714.4099731445312,714.4749755859375,714.280029296875,714.3800048828125,59507,6.571415040484726,-2.8023251782194336e-05
2026-04-30 16:53:00+00:00,714.3900146484375,714.4099731445312,714.280029296875,714.3400268554688,54679,6.571359077067869,-5.5963416857096604e-05
2026-04-30 16:54:00+00:00,714.3400268554688,714.4000244140625,714.1749877929688,714.3599853515625,52105,6.571387016447619,2.7939379750208104e-05
2026-04-30 16:55:00+00:00,714.3599853515625,714.3800048828125,714.0800170898438,714.0999145507812,51162,6.5710228888950395,-0.00036412755257941853
2026-04-30 16:56:00+00:00,714.0999755859375,714.2100219726562,714.0,714.0800170898438,96168,6.570995024813634,-2.7864081405759578e-05
2026-04-30 16:57:00+00:00,714.0800170898438,714.0800170898438,713.9000244140625,713.969970703125,68195,6.570840903616368,-0.00015412119726576634
2026-04-30 16:58:00+00:00,713.969970703125,714.2498779296875,713.9400024414062,714.239990234375,46753,6.571219026640087,0.00037812302371875717
2026-04-30 16:59:00+00:00,714.239990234375,714.3800048828125,714.239990234375,714.3474731445312,54748,6.57136950102561,0.00015047438552340253
2026-04-30 17:00:00+00:00,714.3499755859375,714.8900146484375,714.3250122070312,714.7899780273438,83596,6.571988762520144,0.0006192614945339514
2026-04-30 17:01:00+00:00,714.8049926757812,715.1599731445312,714.75,715.1099853515625,89226,6.572436356530574,0.00044759401042959723
2026-04-30 17:02:00+00:00,715.0999755859375,715.1799926757812,714.780029296875,714.7949829101562,76863,6.571995764388447,-0.0004405921421266612
2026-04-30 17:03:00+00:00,714.8099975585938,714.9000244140625,714.72998046875,714.8200073242188,29120,6.572030772994591,3.5008606143804855e-05
2026-04-30 17:04:00+00:00,714.7899780273438,714.9600219726562,714.7750244140625,714.9600219726562,19806,6.572226627805843,0.00019585481125261595
2026-04-30 17:05:00+00:00,714.9600219726562,715.02001953125,714.9299926757812,714.97998046875,148012,6.572254542957613,2.791515176969739e-05
2026-04-30 17:06:00+00:00,714.969970703125,715.0499877929688,714.844970703125,714.969970703125,30705,6.572240542795416,-1.4000162197547183e-05
2026-04-30 17:07:00+00:00,714.97998046875,715.0900268554688,714.8800048828125,715.0800170898438,66231,6.572394448446093,0.00015390565067718853
2026-04-30 17:08:00+00:00,715.0700073242188,715.1900024414062,715.0501098632812,715.1502075195312,35460,6.572492601077098,9.815263100509952e-05
2026-04-30 17:09:00+00:00,715.1599731445312,715.25,715.1300048828125,715.22998046875,24819,6.572604141980658,0.0001115409035596926
2026-04-30 17:10:00+00:00,715.239990234375,715.4199829101562,715.1500244140625,715.3599853515625,36186,6.572785892008655,0.00018175002799747375
2026-04-30 17:11:00+00:00,715.3800048828125,715.4000244140625,715.280029296875,715.3900146484375,36610,6.572827869009361,4.19770007056286e-05
2026-04-30 17:12:00+00:00,715.4099731445312,715.5399780273438,715.280029296875,715.3400268554688,68756,6.572757991685841,-6.987732351948495e-05
2026-04-30 17:13:00+00:00,715.3499755859375,715.6400146484375,715.3400268554688,715.5499877929688,53580,6.573051460697236,0.00029346901139515325
2026-04-30 17:14:00+00:00,715.5599975585938,715.6500244140625,715.510009765625,715.5599975585938,38056,6.573065449511133,1.3988813896581576e-05
2026-04-30 17:15:00+00:00,715.5499877929688,715.5499877929688,715.3400268554688,715.3699951171875,30491,6.57279988453801,-0.00026556497312313354
2026-04-30 17:16:00+00:00,715.3599853515625,715.4199829101562,715.3300170898438,715.3699951171875,59378,6.57279988453801,0.0
2026-04-30 17:17:00+00:00,715.3900146484375,715.4000244140625,715.260009765625,715.27001953125,34734,6.572660121096366,-0.0001397634416440141
2026-04-30 17:18:00+00:00,715.260009765625,715.4199829101562,715.2000122070312,715.4199829101562,43422,6.572869758934332,0.00020963783796634772
2026-04-30 17:19:00+00:00,715.4199829101562,715.52001953125,715.3809814453125,715.4400024414062,33961,6.5728977414503795,2.798251604740898e-05
2026-04-30 17:20:00+00:00,715.4600219726562,715.6099853515625,715.4600219726562,715.5800170898438,54208,6.573093426551878,0.00019568510149881035
2026-04-30 17:21:00+00:00,715.5700073242188,715.5900268554688,715.489990234375,715.489990234375,24393,6.5729676090095825,-0.0001258175422957919
2026-04-30 17:22:00+00:00,715.4849853515625,715.5499877929688,715.4140014648438,715.4400024414062,28387,6.5728977414503795,-6.986755920301846e-05
2026-04-30 17:23:00+00:00,715.4400024414062,715.5599975585938,715.22998046875,715.52001953125,61317,6.573009578383206,0.00011183693282657003
2026-04-30 17:24:00+00:00,715.510009765625,715.75,715.4199829101562,715.7000122070312,83391,6.573261101800624,0.00025152341741829787
2026-04-30 17:25:00+00:00,715.6900024414062,715.72998046875,715.5999755859375,715.657470703125,48570,6.573201659621537,-5.94421790873767e-05
2026-04-30 17:26:00+00:00,715.6599731445312,715.760009765625,715.4932250976562,715.5800170898438,48500,6.573093426551878,-0.00010823306965868085
2026-04-30 17:27:00+00:00,715.5700073242188,715.7000122070312,715.5599975585938,715.5900268554688,27195,6.573107414778739,1.3988226860384145e-05
2026-04-30 17:28:00+00:00,715.5800170898438,715.6400146484375,715.5399780273438,715.6099853515625,27088,6.573135305354374,2.7890575635680648e-05
2026-04-30 17:29:00+00:00,715.5999755859375,715.8900146484375,715.5756225585938,715.8099975585938,69594,6.573414765206438,0.00027945985206390134
2026-04-30 17:30:00+00:00,715.8200073242188,716.6199951171875,715.8200073242188,716.52001953125,203881,6.574406187605386,0.0009914223989477833
2026-04-30 17:31:00+00:00,716.5,716.6799926757812,716.1199951171875,716.219970703125,140351,6.573987341430146,-0.0004188461752399064
2026-04-30 17:32:00+00:00,716.2150268554688,716.3300170898438,716.1099853515625,716.155029296875,78804,6.573896664887629,-9.067654251726509e-05
2026-04-30 17:33:00+00:00,716.155029296875,716.1900024414062,716.0999755859375,716.1400146484375,51970,6.573875699027973,-2.0965859655497354e-05
2026-04-30 17:34:00+00:00,716.1400146484375,716.2899780273438,716.0650024414062,716.239990234375,60209,6.57401529269133,0.0001395936633565853
2026-04-30 17:35:00+00:00,716.25,716.469970703125,716.25,716.2899780273438,96427,6.574085082216291,6.978952496083934e-05
2026-04-30 17:36:00+00:00,716.2899780273438,716.4199829101562,716.260009765625,716.4000244140625,41405,6.574238704265371,0.0001536220490798712
2026-04-30 17:37:00+00:00,716.4000244140625,716.489990234375,716.3499755859375,716.4500122070312,42240,6.574308478200829,6.97739354587057e-05
2026-04-30 17:38:00+00:00,716.4400024414062,716.489990234375,716.3499755859375,716.3900146484375,38962,6.5742247318544065,-8.374634642294154e-05
2026-04-30 17:39:00+00:00,716.3800048828125,716.510009765625,716.3162841796875,716.489990234375,51636,6.574364276806893,0.00013954495248658105
2026-04-30 17:40:00+00:00,716.47998046875,716.5,716.3200073242188,716.3400268554688,63269,6.574154952075187,-0.00020932473170631738
2026-04-30 17:41:00+00:00,716.3289184570312,716.47998046875,716.3289184570312,716.47998046875,37368,6.574350306150382,0.00019535407519555292
2026-04-30 17:42:00+00:00,716.47998046875,716.5,716.2899780273438,716.3599853515625,86325,6.574182813450109,-0.0001674927002737192
2026-04-30 17:43:00+00:00,716.3599853515625,716.489990234375,716.3300170898438,716.47998046875,148719,6.574350306150382,0.0001674927002737192
2026-04-30 17:44:00+00:00,716.47998046875,716.52001953125,716.4000244140625,716.4299926757812,46218,6.5742805351334646,-6.977101691774124e-05
2026-04-30 17:45:00+00:00,716.4400024414062,716.719970703125,716.4400024414062,716.7100219726562,76635,6.574671326399603,0.0003907912661382795
2026-04-30 17:46:00+00:00,716.7000122070312,716.8699951171875,716.6500244140625,716.8200073242188,63983,6.574824773274841,0.00015344687523821676
2026-04-30 17:47:00+00:00,716.8300170898438,716.85498046875,716.7205810546875,716.739990234375,43875,6.57471313917503,-0.00011163409981129746
2026-04-30 17:48:00+00:00,716.72998046875,716.8499755859375,716.6699829101562,716.8099975585938,50212,6.574810809050333,9.766987530301918e-05
2026-04-30 17:49:00+00:00,716.8099975585938,716.8099975585938,716.719970703125,716.7449951171875,52213,6.574720121993634,-9.068705669879051e-05
2026-04-30 17:50:00+00:00,716.75,716.8300170898438,716.6799926757812,716.780029296875,43290,6.57476900035864,4.887836500611087e-05
2026-04-30 17:51:00+00:00,716.7849731445312,716.8099975585938,716.6010131835938,716.6799926757812,36311,6.574629426712047,-0.00013957364659322735
2026-04-30 17:52:00+00:00,716.6799926757812,716.7100219726562,716.5800170898438,716.6699829101562,36444,6.57461545975939,-1.3966952656652154e-05
2026-04-30 17:53:00+00:00,716.6400146484375,716.8098754882812,716.5999755859375,716.7501220703125,38151,6.57472727507433,0.000111815314939534
2026-04-30 17:54:00+00:00,716.72998046875,716.75,716.6699829101562,716.7100219726562,28818,6.574671326399603,-5.594867472691334e-05
2026-04-30 17:55:00+00:00,716.7000122070312,716.760009765625,716.6500244140625,716.75,33918,6.574727104763479,5.5778363876157755e-05
2026-04-30 17:56:00+00:00,716.75,716.9000244140625,716.75,716.8499755859375,46854,6.574866579634855,0.00013947487137588865
2026-04-30 17:57:00+00:00,716.8699951171875,717.02001953125,716.8499755859375,716.9400024414062,44996,6.574992158495032,0.00012557886017727782
2026-04-30 17:58:00+00:00,716.9349975585938,717.0700073242188,716.9349975585938,717.0700073242188,34555,6.575173475058073,0.00018131656304110066
2026-04-30 17:59:00+00:00,717.0599975585938,717.1599731445312,717.0399780273438,717.0601196289062,60058,6.575159685939322,-1.3789118750828777e-05
2026-04-30 18:00:00+00:00,717.0800170898438,717.6900024414062,717.030029296875,717.6699829101562,168065,6.5760098295543505,0.0008501436150281094
2026-04-30 18:01:00+00:00,717.6699829101562,717.760009765625,717.5399780273438,717.7000122070312,107495,6.576051671444569,4.184189021838591e-05
2026-04-30 18:02:00+00:00,717.72998046875,717.9149780273438,717.6900024414062,717.7899780273438,136527,6.576177016547693,0.00012534510312445235
2026-04-30 18:03:00+00:00,717.7899780273438,717.9000244140625,717.728271484375,717.8200073242188,110518,6.576218851443223,4.183489553000186e-05
2026-04-30 18:04:00+00:00,717.8099975585938,717.8099975585938,717.6201171875,717.780029296875,336940,6.57616315622682,-5.5695216403250924e-05
2026-04-30 18:05:00+00:00,717.7899169921875,717.7899780273438,717.5499877929688,717.5800170898438,70457,6.5758844634920885,-0.0002786927347315782
2026-04-30 18:06:00+00:00,717.5999755859375,717.7949829101562,717.5999755859375,717.6699829101562,114171,6.5760098295543505,0.00012536606226198899
2026-04-30 18:07:00+00:00,717.6699829101562,717.7100219726562,717.5800170898438,717.5800170898438,50186,6.5758844634920885,-0.00012536606226198899
2026-04-30 18:08:00+00:00,717.5900268554688,717.6599731445312,717.510009765625,717.6500244140625,59519,6.575982019036845,9.755554475621153e-05
2026-04-30 18:09:00+00:00,717.6400146484375,717.7000122070312,717.5349731445312,717.5399780273438,61540,6.575828664586567,-0.00015335445027808703
2026-04-30 18:10:00+00:00,717.5399780273438,717.6400146484375,717.469970703125,717.5800170898438,49547,6.5758844634920885,5.57989055218755e-05
2026-04-30 18:11:00+00:00,717.5399780273438,717.6799926757812,717.510009765625,717.5900268554688,57516,6.575898412731996,1.3949239907162791e-05
2026-04-30 18:12:00+00:00,717.5999755859375,717.8099975585938,717.5999755859375,717.760009765625,105964,6.57613526493754,0.00023685220554447994
2026-04-30 18:13:00+00:00,717.77001953125,717.8800048828125,717.719970703125,717.8200073242188,122196,6.576218851443223,8.358650568318637e-05
2026-04-30 18:14:00+00:00,717.8200073242188,717.8300170898438,717.77001953125,717.7899780273438,65401,6.576177016547693,-4.183489553000186e-05
2026-04-30 18:15:00+00:00,717.7899780273438,717.9000244140625,717.7899780273438,717.8300170898438,60156,6.576232796019485,5.5779471791694846e-05
2026-04-30 18:16:00+00:00,717.8300170898438,718.1099853515625,717.8099975585938,718.0499877929688,225933,6.576539187506375,0.00030639148689015627
2026-04-30 18:17:00+00:00,718.0499877929688,718.0999755859375,717.9099731445312,717.9600219726562,74520,6.576413887794231,-0.00012529971214458868
2026-04-30 18:18:00+00:00,717.969970703125,718.0499877929688,717.969970703125,718.0349731445312,48731,6.57651827697692,0.0001043891826890686
2026-04-30 18:19:00+00:00,718.030029296875,718.0700073242188,717.8400268554688,717.864990234375,58845,6.576281515481989,-0.0002367614949303487
2026-04-30 18:20:00+00:00,717.8699951171875,717.9600219726562,717.77001953125,717.9099731445312,82107,6.576344175594219,6.266011222955115e-05
2026-04-30 18:21:00+00:00,717.9000244140625,717.9600219726562,717.7849731445312,717.8499755859375,310217,6.576260599563724,-8.357603049446993e-05
2026-04-30 18:22:00+00:00,717.8400268554688,717.9099731445312,717.7999877929688,717.8400268554688,94675,6.576246740401298,-1.3859162426577143e-05
2026-04-30 18:23:00+00:00,717.8400268554688,717.9299926757812,717.7899780273438,717.8300170898438,45522,6.576232796019485,-1.3944381812791562e-05
2026-04-30 18:24:00+00:00,717.8300170898438,717.8599853515625,717.6799926757812,717.7100219726562,128265,6.576065618352263,-0.00016717766722162963
2026-04-30 18:25:00+00:00,717.7100219726562,717.8049926757812,717.6500244140625,717.7999877929688,75512,6.576190961707334,0.00012534335507030647
2026-04-30 18:26:00+00:00,717.7949829101562,717.7999877929688,717.6799926757812,717.701416015625,182307,6.576053627425058,-0.00013733428227613587
2026-04-30 18:27:00+00:00,717.6699829101562,717.77001953125,717.6400146484375,717.72998046875,94763,6.576093426544959,3.979911990104057e-05
2026-04-30 18:28:00+00:00,717.7100219726562,717.8099975585938,717.6300048828125,717.7999877929688,115543,6.576190961707334,9.75351623750953e-05
2026-04-30 18:29:00+00:00,717.8200073242188,717.9099731445312,717.7999877929688,717.8800048828125,48900,6.576302430962787,0.00011146925545357789
2026-04-30 18:30:00+00:00,717.9000244140625,718.3499755859375,717.8699951171875,718.0999755859375,110589,6.576608801118134,0.0003063701553465137
2026-04-30 18:31:00+00:00,718.0900268554688,718.1699829101562,718.030029296875,718.125,65195,6.57664364860302,3.484748488613576e-05
2026-04-30 18:32:00+00:00,718.1199951171875,718.1400146484375,717.9854125976562,718.1300048828125,65985,6.576650617954278,6.9693512578794525e-06
2026-04-30 18:33:00+00:00,718.1300048828125,718.1400146484375,718.010009765625,718.0700073242188,391353,6.576567067532166,-8.355042211150021e-05
2026-04-30 18:34:00+00:00,718.072509765625,718.1300048828125,718.0552978515625,718.1099853515625,60136,6.57662274025781,5.56727256437739e-05
2026-04-30 18:35:00+00:00,718.1099853515625,718.3200073242188,718.0999755859375,718.2550048828125,303045,6.576824665997756,0.0002019257399457075
2026-04-30 18:36:00+00:00,718.25,718.489990234375,718.2000122070312,718.4100952148438,185842,6.577040569248449,0.00021590325069276162
2026-04-30 18:37:00+00:00,718.4099731445312,718.52001953125,718.344970703125,718.5,76016,6.5771657055190795,0.00012513627063093224
2026-04-30 18:38:00+00:00,718.52001953125,718.5700073242188,718.4400024414062,718.4600219726562,122526,6.577110063014427,-5.5642504652730906e-05
2026-04-30 18:39:00+00:00,718.4500122070312,718.530029296875,718.4199829101562,718.510009765625,327989,6.577179636898203,6.957388377593077e-05
2026-04-30 18:40:00+00:00,718.52001953125,718.6599731445312,718.469970703125,718.5800170898438,69226,6.57727706617955,9.74292813475941e-05
2026-04-30 18:41:00+00:00,718.5700073242188,718.6799926757812,718.510009765625,718.6199951171875,331889,6.577332699392763,5.563321321311321e-05
2026-04-30 18:42:00+00:00,718.614990234375,718.7000122070312,718.5,718.530029296875,370827,6.5772074990742135,-0.00012520031854990066
2026-04-30 18:43:00+00:00,718.5399780273438,718.6799926757812,718.5399780273438,718.5999755859375,70555,6.577304840704936,9.734163072216973e-05
2026-04-30 18:44:00+00:00,718.5999755859375,718.6699829101562,718.5302124023438,718.5800170898438,326385,6.57727706617955,-2.7774525385382276e-05
2026-04-30 18:45:00+00:00,718.5800170898438,718.6599731445312,718.52001953125,718.6300048828125,91016,6.5773466284456426,6.956226609222682e-05
2026-04-30 18:46:00+00:00,718.6201171875,718.6699829101562,718.5700073242188,718.5700073242188,138277,6.577263136157694,-8.349228794823915e-05
2026-04-30 18:47:00+00:00,718.5800170898438,718.6884155273438,718.5700073242188,718.6599731445312,69036,6.577388329511093,0.00012519335339877813
2026-04-30 18:48:00+00:00,718.6599731445312,718.7100219726562,718.6300048828125,718.6950073242188,226164,6.577437077635489,4.874812439581433e-05
2026-04-30 18:49:00+00:00,718.6950073242188,718.719970703125,718.6400146484375,718.6799926757812,55912,6.577416185873162,-2.0891762327224228e-05
2026-04-30 18:50:00+00:00,718.6799926757812,718.8200073242188,718.6199951171875,718.7000122070312,89599,6.577444041459274,2.785558611240191e-05
2026-04-30 18:51:00+00:00,718.719970703125,718.72998046875,718.510009765625,718.6300048828125,68301,6.5773466284456426,-9.741301363153099e-05
2026-04-30 18:52:00+00:00,718.6300048828125,718.7100219726562,718.594970703125,718.6099853515625,58716,6.577318770145863,-2.785829977991483e-05
2026-04-30 18:53:00+00:00,718.6099853515625,718.6099853515625,718.4415283203125,718.4500732421875,62271,6.577096215619935,-0.00022255452592734315
2026-04-30 18:54:00+00:00,718.469970703125,718.5800170898438,718.4299926757812,718.489990234375,71758,6.57715177394587,5.555832593451271e-05
2026-04-30 18:55:00+00:00,718.469970703125,718.6099853515625,718.4600219726562,718.5,73961,6.5771657055190795,1.393157320972449e-05
2026-04-30 18:56:00+00:00,718.489990234375,718.510009765625,718.3599853515625,718.4000244140625,88845,6.5770265509719295,-0.0001391545471500777
2026-04-30 18:57:00+00:00,718.4000244140625,718.47998046875,718.3599853515625,718.3800048828125,61103,6.576998683753785,-2.7867218144628225e-05
2026-04-30 18:58:00+00:00,718.4000244140625,718.405029296875,718.27001953125,718.385009765625,114818,6.577005650631126,6.966877340808253e-06
2026-04-30 18:59:00+00:00,718.3900146484375,718.4899291992188,718.330078125,718.3699951171875,58766,6.576984749853488,-2.0900777637500312e-05
2026-04-30 19:00:00+00:00,718.3599853515625,718.6099853515625,718.280029296875,718.5999755859375,214293,6.577304840704936,0.0003200908514475742
2026-04-30 19:01:00+00:00,718.5999755859375,718.77001953125,718.5900268554688,718.6599731445312,102752,6.577388329511093,8.348880615738352e-05
2026-04-30 19:02:00+00:00,718.6699829101562,718.8099975585938,718.655029296875,718.7750244140625,73337,6.577548408081564,0.00016007857047117824
2026-04-30 19:03:00+00:00,718.780029296875,718.8300170898438,718.6599731445312,718.7000122070312,80701,6.577444041459274,-0.00010436662229018623
2026-04-30 19:04:00+00:00,718.6799926757812,718.760009765625,718.5999755859375,718.760009765625,67119,6.57752751864502,8.347718574608365e-05
2026-04-30 19:05:00+00:00,718.77001953125,718.8099975585938,718.656005859375,718.6799926757812,100539,6.577416185873162,-0.00011133277185848556
2026-04-30 19:06:00+00:00,718.655029296875,719.1099853515625,718.6405029296875,718.760009765625,1105318,6.57752751864502,0.00011133277185848556
2026-04-30 19:07:00+00:00,718.72998046875,718.8699951171875,718.6602172851562,718.8699951171875,68347,6.577680527905266,0.00015300926024597317
2026-04-30 19:08:00+00:00,718.8699951171875,718.8699951171875,718.719970703125,718.719970703125,54953,6.5774718113474515,-0.0002087165578146255
2026-04-30 19:09:00+00:00,718.72998046875,718.9099731445312,718.7100219726562,718.9099731445312,67839,6.577736138677758,0.0002643273303064575
2026-04-30 19:10:00+00:00,718.9099731445312,719.1799926757812,718.7999877929688,719.030029296875,145762,6.57790312221312,0.00016698353536170885
2026-04-30 19:11:00+00:00,719.010009765625,719.1500244140625,719.0,719.0750122070312,209254,6.577965680800806,6.255858768611233e-05
2026-04-30 19:12:00+00:00,719.0800170898438,719.2100219726562,719.0650024414062,719.1400146484375,104443,6.578056074017727,9.039321692139168e-05
2026-04-30 19:13:00+00:00,719.1400146484375,719.4299926757812,719.1400146484375,719.322509765625,248499,6.578309810371743,0.00025373635401582106
2026-04-30 19:14:00+00:00,719.3099975585938,719.3200073242188,719.25,719.27001953125,194667,6.57823683594246,-7.297442928333453e-05
2026-04-30 19:15:00+00:00,719.27001953125,719.2999877929688,719.1900024414062,719.2050170898438,318407,6.5781464590644525,-9.037687800717009e-05
2026-04-30 19:16:00+00:00,719.2050170898438,719.3699951171875,719.1900024414062,719.280029296875,76873,6.578250752407351,0.00010429334289874248
2026-04-30 19:17:00+00:00,719.27001953125,719.4000244140625,719.27001953125,719.3099975585938,78329,6.578292415787694,4.166338034305994e-05
2026-04-30 19:18:00+00:00,719.2999877929688,719.3400268554688,719.2100219726562,719.2100219726562,102391,6.5781534179499985,-0.00013899783769577567
2026-04-30 19:19:00+00:00,719.22998046875,719.27001953125,719.1300048828125,719.1400146484375,444022,6.578056074017727,-9.734393227134319e-05
2026-04-30 19:20:00+00:00,719.1300048828125,719.1599731445312,719.030029296875,719.14501953125,343773,6.5780630335322785,6.959514551319046e-06
2026-04-30 19:21:00+00:00,719.1500244140625,719.1900024414062,719.0399780273438,719.1500244140625,103873,6.578069992998396,6.959466117173463e-06
2026-04-30 19:22:00+00:00,719.1500244140625,719.1900024414062,719.0700073242188,719.1300048828125,131653,6.578042154843317,-2.783815507889642e-05
2026-04-30 19:23:00+00:00,719.1300048828125,719.22998046875,719.1300048828125,719.1599731445312,207518,6.578083826915265,4.167207194782918e-05
2026-04-30 19:24:00+00:00,719.1699829101562,719.2999877929688,719.1699829101562,719.260009765625,83870,6.578222919283896,0.00013909236863174357
2026-04-30 19:25:00+00:00,719.260009765625,719.3499755859375,719.2050170898438,719.3099975585938,93917,6.578292415787694,6.949650379795003e-05
2026-04-30 19:26:00+00:00,719.3099975585938,719.35498046875,719.1900024414062,719.25,105421,6.578209002431658,-8.341335603656574e-05
2026-04-30 19:27:00+00:00,719.2449951171875,719.3200073242188,719.1900024414062,719.2000122070312,106823,6.578139500130479,-6.950230117830358e-05
2026-04-30 19:28:00+00:00,719.1799926757812,719.280029296875,719.1699829101562,719.2100219726562,75116,6.5781534179499985,1.3917819519093655e-05
2026-04-30 19:29:00+00:00,719.1900024414062,719.2899780273438,719.0499877929688,719.1199951171875,81962,6.578028235475161,-0.00012518247483761513
2026-04-30 19:30:00+00:00,719.1099853515625,719.1300048828125,718.9099731445312,718.9400024414062,137275,6.577777908399758,-0.0002503270754026232
2026-04-30 19:31:00+00:00,718.9400024414062,719.0449829101562,718.8599853515625,718.9199829101562,155754,6.577750062112282,-2.7846287475874476e-05
2026-04-30 19:32:00+00:00,718.9002075195312,718.9349975585938,718.75,718.8300170898438,137632,6.577624914040045,-0.00012514807223773516
2026-04-30 19:33:00+00:00,718.8300170898438,718.989990234375,718.7899780273438,718.9400024414062,158903,6.577777908399758,0.00015299435971360964
2026-04-30 19:34:00+00:00,718.9400024414062,719.0499877929688,718.9000244140625,718.9500122070312,137312,6.577791831252721,1.3922852962977572e-05
2026-04-30 19:35:00+00:00,718.9400024414062,719.0599975585938,718.8812255859375,718.8900146484375,336902,6.577708376129052,-8.345512366947361e-05
2026-04-30 19:36:00+00:00,718.8800048828125,719.0499877929688,718.8599853515625,719.02001953125,202570,6.577889200909569,0.00018082478051706374
2026-04-30 19:37:00+00:00,719.0,719.030029296875,718.8400268554688,718.9500122070312,122195,6.577791831252721,-9.736965684759014e-05
2026-04-30 19:38:00+00:00,718.969970703125,718.989990234375,718.9000244140625,718.9550170898438,376786,6.577798792606511,6.961353789414204e-06
2026-04-30 19:39:00+00:00,718.9550170898438,719.2100219726562,718.9500122070312,719.1649780273438,180437,6.5780907862366735,0.00029199363016285673
2026-04-30 19:40:00+00:00,719.1599731445312,719.2100219726562,718.9199829101562,718.9299926757812,353625,6.577763985352947,-0.0003268008837267189
2026-04-30 19:41:00+00:00,718.9400024414062,719.0900268554688,718.8300170898438,719.030029296875,357204,6.57790312221312,0.00013913686017286153
2026-04-30 19:42:00+00:00,719.030029296875,719.1898803710938,718.989990234375,719.1649780273438,197521,6.5780907862366735,0.00018766402355385736
2026-04-30 19:43:00+00:00,719.1680297851562,719.3200073242188,719.1599731445312,719.27001953125,170504,6.57823683594246,0.0001460497057861332
2026-04-30 19:44:00+00:00,719.27001953125,719.4299926757812,719.22998046875,719.4099731445312,172993,6.578431394307676,0.00019455836521675707
2026-04-30 19:45:00+00:00,719.3800048828125,719.4400024414062,719.1600952148438,719.1699829101562,306600,6.57809774550965,-0.0003336487980263314
2026-04-30 19:46:00+00:00,719.1699829101562,719.3499755859375,719.1599731445312,719.260009765625,202937,6.578222919283896,0.00012517377424625664
2026-04-30 19:47:00+00:00,719.260009765625,719.3250122070312,719.1900024414062,719.2474975585938,502493,6.578205523188335,-1.7396095561394986e-05
2026-04-30 19:48:00+00:00,719.2474975585938,719.364990234375,719.2000122070312,719.260009765625,217384,6.578222919283896,1.7396095561394986e-05
2026-04-30 19:49:00+00:00,719.280029296875,719.5700073242188,719.219970703125,719.510009765625,523266,6.578570438344097,0.0003475190602006961
2026-04-30 19:50:00+00:00,719.510009765625,719.7899780273438,718.8800048828125,719.4000244140625,273932,6.578417565198223,-0.00015287314587375533
2026-04-30 19:51:00+00:00,719.4000244140625,719.4299926757812,719.2000122070312,719.219970703125,324121,6.57816725071283,-0.0002503144853935879
2026-04-30 19:52:00+00:00,719.219970703125,719.238525390625,718.8300170898438,718.969970703125,439270,6.577819591484628,-0.0003476592282014579
2026-04-30 19:53:00+00:00,718.969970703125,719.27001953125,718.9500122070312,719.1699829101562,461768,6.57809774550965,0.0002781540250218484
2026-04-30 19:54:00+00:00,719.1699829101562,719.3699951171875,719.0900268554688,719.2249755859375,683181,6.5781742094536915,7.646394404137169e-05
2026-04-30 19:55:00+00:00,719.219970703125,719.27001953125,718.9000244140625,718.9949951171875,855882,6.577854396802783,-0.0003198126509085242
2026-04-30 19:56:00+00:00,718.989990234375,719.0,718.7100219726562,718.8800048828125,696566,6.577694452114099,-0.00015994468868374412
2026-04-30 19:57:00+00:00,718.8800048828125,718.9500122070312,718.72998046875,718.9349975585938,931042,6.577770946900584,7.64947864846377e-05
2026-04-30 19:58:00+00:00,718.9299926757812,719.1699829101562,718.6900024414062,718.9000244140625,1335258,6.577722299950129,-4.8646950454589444e-05
2026-04-30 19:59:00+00:00,718.9099731445312,719.7000122070312,718.3499755859375,718.3900146484375,3739488,6.577012617459929,-0.000709682490199981
2026-05-01 13:30:00+00:00,721.25,721.4099731445312,720.739990234375,721.1900024414062,1396328,6.580902628839022,0.003890011379092506
2026-05-01 13:31:00+00:00,721.22998046875,721.72998046875,721.0999755859375,721.5499877929688,294503,6.581401658964297,0.0004990301252751905
2026-05-01 13:32:00+00:00,721.5499877929688,721.9600219726562,721.52001953125,721.9349975585938,317769,6.581935103757505,0.0005334447932083819
2026-05-01 13:33:00+00:00,721.9299926757812,722.2100219726562,721.8300170898438,722.1699829101562,180235,6.582260544576302,0.0003254408187967073
2026-05-01 13:34:00+00:00,722.2100219726562,722.3599853515625,722.0700073242188,722.3200073242188,145625,6.582468264139077,0.00020771956277521042
2026-05-01 13:35:00+00:00,722.3400268554688,722.52001953125,722.3099975585938,722.50927734375,171664,6.582730260518334,0.00026199637925650165
2026-05-01 13:36:00+00:00,722.510009765625,722.510009765625,722.260009765625,722.4199829101562,156035,6.582606663555959,-0.0001235969623749611
2026-05-01 13:37:00+00:00,722.47998046875,722.6099853515625,722.3001098632812,722.4600219726562,174190,6.582662085545847,5.542198988806035e-05
2026-05-01 13:38:00+00:00,722.4500122070312,722.4500122070312,722.1199951171875,722.27001953125,141842,6.582399057247073,-0.0002630282987734489
2026-05-01 13:39:00+00:00,722.280029296875,722.3300170898438,722.0800170898438,722.1099853515625,88463,6.58217746157308,-0.000221595673993491
2026-05-01 13:40:00+00:00,722.1199951171875,722.4500122070312,722.0,722.4400024414062,219931,6.582634374934853,0.0004569133617726706
2026-05-01 13:41:00+00:00,722.4450073242188,722.6199951171875,722.280029296875,722.489990234375,130009,6.582703565543729,6.919060887611295e-05
2026-05-01 13:42:00+00:00,722.489990234375,722.51708984375,722.10009765625,722.3300170898438,163132,6.582482121842266,-0.00022144370146293113
2026-05-01 13:43:00+00:00,722.3599243164062,722.3599243164062,722.1199951171875,722.2399291992188,159459,6.582357395599728,-0.00012472624253767606
2026-05-01 13:44:00+00:00,722.2020263671875,722.5399780273438,722.2000122070312,722.52001953125,101469,6.58274512829648,0.00038773269675207445
2026-05-01 13:45:00+00:00,722.489990234375,722.5399780273438,722.1099853515625,722.2000122070312,91300,6.582302125745921,-0.00044300255055951254
2026-05-01 13:46:00+00:00,722.1599731445312,722.1900024414062,721.9400024414062,721.9990234375,98520,6.582023786312272,-0.0002783394336489664
2026-05-01 13:47:00+00:00,721.9849853515625,722.1900024414062,721.9401245117188,722.0203857421875,117014,6.582053373594206,2.9587281934695397e-05
2026-05-01 13:48:00+00:00,722.030029296875,722.3599853515625,722.0,722.1900024414062,92168,6.582288265548157,0.00023489195395054452
2026-05-01 13:49:00+00:00,722.1799926757812,722.3099975585938,722.0599975585938,722.1799926757812,60361,6.582274405158286,-1.3860389870501422e-05
2026-05-01 13:50:00+00:00,722.2100219726562,722.6699829101562,721.8699951171875,722.6500244140625,189158,6.582925044678927,0.0006506395206402615
2026-05-01 13:51:00+00:00,722.6300048828125,722.6400146484375,722.3400268554688,722.4249877929688,78028,6.582613591472675,-0.00031145320625203254
2026-05-01 13:52:00+00:00,722.4201049804688,722.5599975585938,722.2249755859375,722.4299926757812,86367,6.582620519341395,6.9278687204743505e-06
2026-05-01 13:53:00+00:00,722.4099731445312,722.489990234375,722.2999877929688,722.4650268554688,70004,6.5826690130786165,4.849373722137784e-05
2026-05-01 13:54:00+00:00,722.47998046875,722.9099731445312,722.4284057617188,722.5599975585938,187065,6.582800458142414,0.0001314450637979192
2026-05-01 13:55:00+00:00,722.5999755859375,723.9500122070312,722.5999755859375,723.3200073242188,401655,6.5838517346426135,0.0010512765001990942
2026-05-01 13:56:00+00:00,723.2999877929688,723.6099853515625,723.25,723.5599975585938,211611,6.584183469459275,0.0003317348166618217
2026-05-01 13:57:00+00:00,723.5150146484375,723.75,723.47998046875,723.5800170898438,118212,6.584211137177739,2.7667718463852964e-05
2026-05-01 13:58:00+00:00,723.5999755859375,723.8599853515625,723.4500122070312,723.8049926757812,138199,6.584522008972364,0.00031087179462474523
2026-05-01 13:59:00+00:00,723.8099975585938,724.239990234375,723.7000122070312,724.1749877929688,130777,6.585033059028623,0.0005110500562590659
2026-05-01 14:00:00+00:00,724.1900024414062,724.4299926757812,723.9500122070312,724.260009765625,192094,6.585150457424681,0.00011739839605784397
2026-05-01 14:01:00+00:00,724.280029296875,724.52001953125,724.219970703125,724.4199829101562,113888,6.5853713110928345,0.00022085366815360885
2026-05-01 14:02:00+00:00,724.4400024414062,724.5599975585938,724.27001953125,724.3900146484375,119331,6.585329941607845,-4.1369484989672856e-05
2026-05-01 14:03:00+00:00,724.4299926757812,724.6500244140625,724.3599853515625,724.5900268554688,60006,6.585606014711094,0.0002760731032491748
2026-05-01 14:04:00+00:00,724.6199951171875,724.6199951171875,724.2899780273438,724.35400390625,155112,6.58528022855746,-0.00032578615363387797
2026-05-01 14:05:00+00:00,724.3599853515625,724.3800048828125,723.77001953125,724.0599975585938,151199,6.584874258508293,-0.00040597004916698154
2026-05-01 14:06:00+00:00,724.0700073242188,724.2799072265625,724.0499877929688,724.2399291992188,67143,6.585122731408452,0.000248472900159058
2026-05-01 14:07:00+00:00,724.219970703125,724.2999877929688,724.0,724.0900268554688,131042,6.584915731140787,-0.0002070002676655136
2026-05-01 14:08:00+00:00,724.0800170898438,724.1099853515625,723.9240112304688,724.0599975585938,63027,6.584874258508293,-4.147263249354438e-05
2026-05-01 14:09:00+00:00,724.0698852539062,724.219970703125,724.0349731445312,724.0523071289062,62692,6.584863637191614,-1.0621316679504389e-05
2026-05-01 14:10:00+00:00,724.0599975585938,724.27001953125,724.0399780273438,724.0999755859375,98060,6.58492947067835,6.583348673672162e-05
2026-05-01 14:11:00+00:00,724.0999755859375,724.2100219726562,723.9299926757812,724.1500244140625,108129,6.58499858696096,6.911628261008218e-05
2026-05-01 14:12:00+00:00,724.1599731445312,724.5499877929688,724.0900268554688,724.489990234375,114654,6.585467945563672,0.0004693586027118002
2026-05-01 14:13:00+00:00,724.469970703125,724.6599731445312,724.4349975585938,724.5399780273438,76427,6.585536940400333,6.89948366607851e-05
2026-05-01 14:14:00+00:00,724.5499877929688,724.6199951171875,724.3599853515625,724.4500122070312,59634,6.585412763116798,-0.00012417728353497637
2026-05-01 14:15:00+00:00,724.4500122070312,724.5800170898438,724.2100219726562,724.22998046875,111590,6.585108994525963,-0.00030376859083514063
2026-05-01 14:16:00+00:00,724.22998046875,724.6500244140625,724.1799926757812,724.4400024414062,113789,6.585398945966395,0.00028995144043175713
2026-05-01 14:17:00+00:00,724.4400024414062,724.5800170898438,724.4099731445312,724.4450073242188,304771,6.585405854565461,6.908599066157706e-06
2026-05-01 14:18:00+00:00,724.4299926757812,724.4749755859375,724.2150268554688,724.22998046875,90391,6.585108994525963,-0.00029686003949791484
2026-05-01 14:19:00+00:00,724.22998046875,724.5399780273438,724.22998046875,724.4600219726562,43942,6.585426580076291,0.0003175855503281255
2026-05-01 14:20:00+00:00,724.47998046875,724.6699829101562,724.47998046875,724.5700073242188,59748,6.585578385559338,0.00015180548304716268
2026-05-01 14:21:00+00:00,724.5399780273438,724.77001953125,724.5399780273438,724.719970703125,80828,6.585785332935936,0.0002069473765979879
2026-05-01 14:22:00+00:00,724.7100219726562,724.8699951171875,724.6849975585938,724.780029296875,111446,6.5858682009508165,8.286801488033291e-05
2026-05-01 14:23:00+00:00,724.7849731445312,724.8099975585938,724.5499877929688,724.6500244140625,94711,6.585688813359359,-0.00017938759145774696
2026-05-01 14:24:00+00:00,724.6599731445312,724.7999877929688,724.5700073242188,724.5850219726562,74468,6.58559910749472,-8.970586463874497e-05
2026-05-01 14:25:00+00:00,724.5850219726562,724.5900268554688,724.4099731445312,724.4650268554688,96800,6.585433488484447,-0.00016561901027323245
2026-05-01 14:26:00+00:00,724.4682006835938,724.5540161132812,724.3499755859375,724.469970703125,82181,6.585440312596867,6.824112420034112e-06
2026-05-01 14:27:00+00:00,724.469970703125,724.5999755859375,724.4149780273438,724.5399780273438,61229,6.585536940400333,9.662780346619826e-05
2026-05-01 14:28:00+00:00,724.5399780273438,724.5599975585938,724.3502197265625,724.3900146484375,36554,6.585329941607845,-0.00020699879248819997
2026-05-01 14:29:00+00:00,724.3900146484375,724.4299926757812,724.1799926757812,724.2587890625,100620,6.585148771974515,-0.0001811696333300361
2026-05-01 14:30:00+00:00,724.27001953125,724.27001953125,723.8099975585938,723.8800048828125,149686,6.584625639537334,-0.0005231324371806068
2026-05-01 14:31:00+00:00,723.8699951171875,723.8800048828125,723.6799926757812,723.8099975585938,188071,6.5845289236324716,-9.671590486259873e-05
2026-05-01 14:32:00+00:00,723.8198852539062,724.0,723.5599975585938,723.5700073242188,156887,6.584197303414195,-0.000331620218276818
2026-05-01 14:33:00+00:00,723.5650024414062,723.9099731445312,723.5499877929688,723.7974853515625,120449,6.584511636892552,0.0003143334783572982
2026-05-01 14:34:00+00:00,723.7899780273438,723.7899780273438,723.1099853515625,723.2899780273438,199835,6.583810217858984,-0.0007014190335681292
2026-05-01 14:35:00+00:00,723.2899780273438,723.3699951171875,723.135009765625,723.14990234375,136491,6.583616534476864,-0.00019368338212011338
2026-05-01 14:36:00+00:00,723.1199951171875,723.1599731445312,722.6199951171875,722.72998046875,157557,6.583035681403524,-0.0005808530733402151
2026-05-01 14:37:00+00:00,722.739990234375,722.9199829101562,722.2999877929688,722.3900146484375,155037,6.582565179538304,-0.0004705018652195747
2026-05-01 14:38:00+00:00,722.4000244140625,722.77001953125,722.3685913085938,722.75,146822,6.583063380896456,0.0004982013581518174
2026-05-01 14:39:00+00:00,722.780029296875,723.0399780273438,722.5700073242188,722.8499755859375,245921,6.583201697979723,0.0001383170832669478
2026-05-01 14:40:00+00:00,722.844970703125,722.9000244140625,722.4879760742188,722.6998901367188,142485,6.5829940462711,-0.00020765170862269144
2026-05-01 14:41:00+00:00,722.6699829101562,722.7349853515625,722.469970703125,722.5800170898438,112979,6.582828164151588,-0.00016588211951251708
2026-05-01 14:42:00+00:00,722.5999755859375,722.869873046875,722.489990234375,722.77001953125,117456,6.583091079622147,0.0002629154705591219
2026-05-01 14:43:00+00:00,722.7874755859375,723.2100219726562,722.77001953125,723.2000732421875,95877,6.58368591035311,0.0005948307309635581
2026-05-01 14:44:00+00:00,723.219970703125,723.2999877929688,722.9000244140625,722.9600219726562,125246,6.583353925986331,-0.000331984366779281
2026-05-01 14:45:00+00:00,722.9100952148438,723.1099243164062,722.8350219726562,723.10498046875,104091,6.583554412819681,0.00020048683335005535
2026-05-01 14:46:00+00:00,723.1199951171875,723.2899780273438,723.0999755859375,723.1400146484375,78737,6.583602861291154,4.8448471472894994e-05
2026-05-01 14:47:00+00:00,723.1300048828125,723.3900146484375,723.010009765625,723.0499877929688,48584,6.583478359178108,-0.00012450211304582126
2026-05-01 14:48:00+00:00,723.0490112304688,723.280029296875,722.9400024414062,723.22998046875,44018,6.583727263512898,0.0002489043347901898
2026-05-01 14:49:00+00:00,723.239990234375,723.280029296875,723.114990234375,723.1599731445312,38983,6.583630460677538,-9.680283536006584e-05
2026-05-01 14:50:00+00:00,723.1400146484375,723.14990234375,722.6660766601562,722.8599853515625,91323,6.583215545522999,-0.0004149151545389529
2026-05-01 14:51:00+00:00,722.8699951171875,723.27001953125,722.7899780273438,723.2498779296875,55773,6.583754775075985,0.0005392295529853541
2026-05-01 14:52:00+00:00,723.219970703125,723.2899780273438,723.010009765625,723.0999755859375,31379,6.583547491417854,-0.00020728365813038607
2026-05-01 14:53:00+00:00,723.0999755859375,723.1699829101562,723.0,723.030029296875,44137,6.5834507555934385,-9.673582441571682e-05
2026-05-01 14:54:00+00:00,723.0399780273438,723.2000122070312,722.8499755859375,722.8699951171875,37634,6.583229392874525,-0.000221362718913376
2026-05-01 14:55:00+00:00,722.8699951171875,723.0900268554688,722.8200073242188,723.0614013671875,68353,6.5834941443718415,0.0002647514973164178
2026-05-01 14:56:00+00:00,723.069091796875,723.1799926757812,723.02001953125,723.0399780273438,44713,6.583464515273701,-2.9629098140304677e-05
2026-05-01 14:57:00+00:00,723.0449829101562,723.1199951171875,722.9801025390625,723.0399780273438,37194,6.583464515273701,0.0
2026-05-01 14:58:00+00:00,723.0250244140625,723.0399780273438,722.8200073242188,722.9099731445312,34438,6.5832846959334015,-0.00017981934029975832
2026-05-01 14:59:00+00:00,722.9000854492188,723.0745239257812,722.719970703125,722.719970703125,36416,6.5830218313693285,-0.0002628645640729843
2026-05-01 15:00:00+00:00,722.72998046875,722.7786254882812,722.4600219726562,722.6699829101562,115660,6.582952662778716,-6.916859061245617e-05
2026-05-01 15:01:00+00:00,722.64501953125,722.6500244140625,722.2100219726562,722.47998046875,117021,6.582689710908923,-0.00026295186979297114
2026-05-01 15:02:00+00:00,722.489990234375,722.530029296875,722.0399780273438,722.3599853515625,123609,6.582523609305559,-0.000166101603364055
2026-05-01 15:03:00+00:00,722.3599853515625,722.5487060546875,722.3200073242188,722.4401245117188,49933,6.5826345439043195,0.0001109345987604371
2026-05-01 15:04:00+00:00,722.4349975585938,722.530029296875,722.1500244140625,722.3300170898438,75771,6.582482121842266,-0.00015242206205368092
2026-05-01 15:05:00+00:00,722.3699951171875,722.5496215820312,722.1599731445312,722.510009765625,69471,6.582731274237503,0.00024915239523704
2026-05-01 15:06:00+00:00,722.52001953125,722.6199951171875,722.25,722.3800048828125,99987,6.582551322986064,-0.0001799512514386592
2026-05-01 15:07:00+00:00,722.3800048828125,722.4500122070312,722.2000122070312,722.219970703125,52154,6.582329761054669,-0.000221561931395442
2026-05-01 15:08:00+00:00,722.25,722.47998046875,722.2000122070312,722.4299926757812,22642,6.582620519341395,0.00029075828672642245
2026-05-01 15:09:00+00:00,722.469970703125,722.6599731445312,722.3699951171875,722.6199951171875,42024,6.5828834894034784,0.00026297006208331197
2026-05-01 15:10:00+00:00,722.6099853515625,722.6900024414062,722.3599853515625,722.3900146484375,52063,6.582565179538304,-0.0003183098651744487
2026-05-01 15:11:00+00:00,722.3693237304688,722.6699829101562,722.3599853515625,722.6199951171875,30577,6.5828834894034784,0.0003183098651744487
2026-05-01 15:12:00+00:00,722.6400146484375,722.9099731445312,722.6199951171875,722.8599853515625,41394,6.583215545522999,0.00033205611952080716
2026-05-01 15:13:00+00:00,722.8400268554688,723.0150146484375,722.72998046875,722.97998046875,130515,6.583381532243936,0.00016598672093692812
2026-05-01 15:14:00+00:00,722.9600219726562,723.0,722.7899780273438,722.9949951171875,34241,6.583402299751938,2.0767508002172974e-05
2026-05-01 15:15:00+00:00,723.0,723.1799926757812,722.9600219726562,723.0,53978,6.583409222158765,6.922406826426197e-06
2026-05-01 15:16:00+00:00,723.02001953125,723.1699829101562,722.8499755859375,722.885009765625,36055,6.5832501635422895,-0.00015905861647524944
2026-05-01 15:17:00+00:00,722.89990234375,723.0700073242188,722.8499755859375,723.0206298828125,31087,6.583437755476185,0.00018759193389517037
2026-05-01 15:18:00+00:00,723.0399780273438,723.0999755859375,722.9000244140625,722.9299926757812,38295,6.583312388529712,-0.00012536694647291569
2026-05-01 15:19:00+00:00,722.9299926757812,723.030029296875,722.7899780273438,722.9949951171875,30697,6.583402299751938,8.991122222656855e-05
2026-05-01 15:20:00+00:00,723.0,723.22998046875,723.0,723.1300048828125,51530,6.5835890191102475,0.00018671935830916198
2026-05-01 15:21:00+00:00,723.1300048828125,723.22998046875,723.0499877929688,723.22998046875,33322,6.583727263512898,0.00013824440265075566
2026-05-01 15:22:00+00:00,723.2100219726562,723.280029296875,723.0599975585938,723.1599731445312,26839,6.583630460677538,-9.680283536006584e-05
2026-05-01 15:23:00+00:00,723.1699829101562,723.3400268554688,723.1500244140625,723.2899780273438,43012,6.583810217858984,0.00017975718144569441
2026-05-01 15:24:00+00:00,723.2999877929688,723.3699951171875,723.1950073242188,723.280029296875,37175,6.583796462934689,-1.3754924294673287e-05
2026-05-01 15:25:00+00:00,723.2899780273438,723.3800048828125,723.219970703125,723.239990234375,102356,6.583741103780347,-5.535915434240479e-05
2026-05-01 15:26:00+00:00,723.239990234375,723.3099975585938,723.1099853515625,723.2449951171875,40684,6.583748023842239,6.920061892401463e-06
2026-05-01 15:27:00+00:00,723.25,723.280029296875,723.1420288085938,723.220703125,30318,6.583714435776902,-3.3588065337042394e-05
2026-05-01 15:28:00+00:00,723.239990234375,723.239990234375,722.989990234375,723.0499877929688,68846,6.583478359178108,-0.00023607659879409937
2026-05-01 15:29:00+00:00,723.0599975585938,723.3200073242188,723.0599975585938,723.2899780273438,35430,6.583810217858984,0.0003318586808758184
2026-05-01 15:30:00+00:00,723.2949829101562,723.4400024414062,723.280029296875,723.3400268554688,59616,6.583879411540818,6.91936818340011e-05
2026-05-01 15:31:00+00:00,723.35498046875,723.510009765625,723.3300170898438,723.3300170898438,109037,6.583865573187468,-1.3838353350337229e-05
2026-05-01 15:32:00+00:00,723.3200073242188,723.3900146484375,723.22998046875,723.3900146484375,52396,6.583948516061433,8.294287396548583e-05
2026-05-01 15:33:00+00:00,723.3900146484375,723.4500122070312,723.22998046875,723.22998046875,47935,6.583727263512898,-0.00022125254853477827
2026-05-01 15:34:00+00:00,723.22998046875,723.3699951171875,723.1699829101562,723.260009765625,45311,6.583768783740597,4.152022769865482e-05
2026-05-01 15:35:00+00:00,723.2576904296875,723.3200073242188,723.2000122070312,723.27001953125,19552,6.58378262343341,1.3839692813100157e-05
2026-05-01 15:36:00+00:00,723.25,723.4199829101562,723.239990234375,723.4000244140625,32932,6.583962353267046,0.00017972983363634398
2026-05-01 15:37:00+00:00,723.4000244140625,724.0599975585938,723.3800048828125,723.8599853515625,134534,6.584597983284987,0.0006356300179408692
2026-05-01 15:38:00+00:00,723.8699951171875,723.9199829101562,723.760009765625,723.7899780273438,41369,6.5845012647051595,-9.671857982773702e-05
2026-05-01 15:39:00+00:00,723.7999877929688,723.9400024414062,723.760009765625,723.7899780273438,28999,6.5845012647051595,0.0
2026-05-01 15:40:00+00:00,723.7700805664062,723.9600219726562,723.7700805664062,723.8699951171875,41632,6.58461181150677,0.00011054680161048935
2026-05-01 15:41:00+00:00,723.8800048828125,723.9400024414062,723.7999877929688,723.8900146484375,434304,6.584639467376688,2.7655869917708742e-05
2026-05-01 15:42:00+00:00,723.9000244140625,723.989990234375,723.8699951171875,723.9199829101562,44699,6.584680865435512,4.139805882452663e-05
2026-05-01 15:43:00+00:00,723.9199829101562,724.030029296875,723.9141845703125,723.989990234375,102175,6.584777566647013,9.670121150051614e-05
2026-05-01 15:44:00+00:00,723.97998046875,724.0499877929688,723.969970703125,724.010009765625,27760,6.584805217933272,2.765128625892288e-05
2026-05-01 15:45:00+00:00,724.0050048828125,724.0999755859375,723.989990234375,723.989990234375,50521,6.584777566647013,-2.765128625892288e-05
2026-05-01 15:46:00+00:00,723.989990234375,724.219970703125,723.989990234375,724.1900024414062,43135,6.585053792267191,0.00027622562017803887
2026-05-01 15:47:00+00:00,724.1898803710938,724.2999877929688,724.1898803710938,724.2999877929688,69193,6.585205654347724,0.0001518620805329718
2026-05-01 15:48:00+00:00,724.27001953125,724.3499755859375,724.2401123046875,724.27001953125,63805,6.58516427800889,-4.137633883338765e-05
2026-05-01 15:49:00+00:00,724.2899780273438,724.3499755859375,724.219970703125,724.2899780273438,99688,6.585191834335351,2.7556326460675962e-05
2026-05-01 15:50:00+00:00,724.2999877929688,724.3800048828125,722.719970703125,723.4299926757812,553379,6.584003779365992,-0.0011880549693588094
2026-05-01 15:51:00+00:00,723.4500122070312,723.5900268554688,723.0800170898438,723.5599975585938,165888,6.584183469459275,0.00017969009328311358
2026-05-01 15:52:00+00:00,723.5499877929688,723.5900268554688,723.1900024414062,723.510009765625,84967,6.584114381173656,-6.908828561957847e-05
2026-05-01 15:53:00+00:00,723.5,723.5,723.2349853515625,723.3200073242188,155550,6.5838517346426135,-0.0002626465310422432
2026-05-01 15:54:00+00:00,723.344970703125,723.52001953125,723.3099975585938,723.4801025390625,54753,6.584073044019639,0.0002213093770251362
2026-05-01 15:55:00+00:00,723.5,723.7000122070312,723.4299926757812,723.6500244140625,54548,6.584307883821003,0.00023483980136429494
2026-05-01 15:56:00+00:00,723.6500244140625,723.7000122070312,723.5900268554688,723.6799926757812,82452,6.584349295608735,4.141178773231502e-05
2026-05-01 15:57:00+00:00,723.6900024414062,723.760009765625,723.3099975585938,723.3200073242188,53127,6.5838517346426135,-0.0004975609661217462
2026-05-01 15:58:00+00:00,723.3099975585938,723.4099731445312,723.260009765625,723.3900146484375,57193,6.583948516061433,9.678141881952484e-05
2026-05-01 15:59:00+00:00,723.3900146484375,723.47998046875,723.3300170898438,723.385009765625,42055,6.583941597386825,-6.918674608336062e-06
2026-05-01 16:00:00+00:00,723.3599853515625,723.5700073242188,723.3099975585938,723.3800048828125,48106,6.583934678664348,-6.9187224767119915e-06
2026-05-01 16:01:00+00:00,723.3900146484375,723.5399780273438,723.3800048828125,723.469970703125,37044,6.5840590396166885,0.00012436095234047428
2026-05-01 16:02:00+00:00,723.4600219726562,723.6099853515625,723.4000244140625,723.4000244140625,38494,6.583962353267046,-9.668634964210554e-05
2026-05-01 16:03:00+00:00,723.405029296875,723.4299926757812,723.3200073242188,723.3300170898438,39587,6.583865573187468,-9.678007957880652e-05
2026-05-01 16:04:00+00:00,723.3200073242188,723.4650268554688,723.280029296875,723.3599853515625,46959,6.583907003295745,4.1430108277396016e-05
2026-05-01 16:05:00+00:00,723.35498046875,723.4299926757812,723.1599731445312,723.1599731445312,75477,6.583630460677538,-0.0002765426182067543
2026-05-01 16:06:00+00:00,723.1400146484375,723.2100219726562,723.010009765625,723.1199951171875,85196,6.583575176737732,-5.528393980647195e-05
2026-05-01 16:07:00+00:00,723.135009765625,723.1799926757812,722.8200073242188,722.8699951171875,183942,6.583229392874525,-0.0003457838632066057
2026-05-01 16:08:00+00:00,722.875,722.9400024414062,722.72998046875,722.760009765625,69576,6.583077230355204,-0.00015216251932148595
2026-05-01 16:09:00+00:00,722.760009765625,722.780029296875,722.469970703125,722.5399780273438,164245,6.582772751365597,-0.00030447898960694886
2026-05-01 16:10:00+00:00,722.530029296875,722.5499877929688,722.3800048828125,722.4450073242188,83830,6.58264130265959,-0.0001314487060071201
2026-05-01 16:11:00+00:00,722.4400024414062,722.6599731445312,722.4099731445312,722.5700073242188,90526,6.582814311242954,0.00017300858336444236
2026-05-01 16:12:00+00:00,722.5900268554688,722.720703125,722.5701293945312,722.635009765625,74476,6.5829042672570575,8.995601410344278e-05
2026-05-01 16:13:00+00:00,722.625,722.760009765625,722.6099853515625,722.6599731445312,53771,6.582938811594655,3.454433759753073e-05
2026-05-01 16:14:00+00:00,722.6699829101562,722.6699829101562,722.489990234375,722.5,75421,6.582717419986587,-0.00022139160806755598
2026-05-01 16:15:00+00:00,722.489990234375,722.6599731445312,722.469970703125,722.6199951171875,90200,6.5828834894034784,0.00016606941689101262
2026-05-01 16:16:00+00:00,722.6400146484375,722.8499755859375,722.6400146484375,722.8200073242188,71525,6.583160238639655,0.00027674923617659886
2026-05-01 16:17:00+00:00,722.8300170898438,723.0,722.8300170898438,722.9500122070312,69598,6.5833400803591635,0.00017984171950846672
2026-05-01 16:18:00+00:00,722.9450073242188,723.0399780273438,722.7750244140625,722.7750244140625,65836,6.583098004183693,-0.00024207617547045146
2026-05-01 16:19:00+00:00,722.780029296875,723.02001953125,722.780029296875,723.010009765625,68795,6.58342306682866,0.00032506264496667825
2026-05-01 16:20:00+00:00,723.010009765625,723.0800170898438,722.9249877929688,722.9299926757812,48033,6.583312388529712,-0.00011067829894795267
2026-05-01 16:21:00+00:00,722.9500122070312,723.1199951171875,722.8800048828125,723.0349731445312,49822,6.583457593249627,0.00014520471991552597
2026-05-01 16:22:00+00:00,723.0349731445312,723.1599731445312,723.010009765625,723.1400146484375,58205,6.583602861291154,0.00014526804152659167
2026-05-01 16:23:00+00:00,723.1300048828125,723.1699829101562,722.0499877929688,722.3499755859375,215381,6.582509752177283,-0.0010931091138708382
2026-05-01 16:24:00+00:00,722.3800048828125,722.75,722.27001953125,722.5399780273438,127073,6.582772751365597,0.00026299918831362845
2026-05-01 16:25:00+00:00,722.5499877929688,722.5999755859375,721.8699951171875,722.0999755859375,174354,6.582163599647327,-0.000609151718269807
2026-05-01 16:26:00+00:00,722.0900268554688,722.280029296875,722.0399780273438,722.1849975585938,136112,6.582281335377235,0.0001177357299084747
2026-05-01 16:27:00+00:00,722.1799926757812,722.4099731445312,722.1400146484375,722.2899780273438,118253,6.5824266898772565,0.00014535450002117756
2026-05-01 16:28:00+00:00,722.260009765625,722.47998046875,722.2000122070312,722.47998046875,76277,6.582689710908923,0.0002630210316665327
2026-05-01 16:29:00+00:00,722.47998046875,722.47998046875,722.1300048828125,722.1400146484375,71394,6.582219046197459,-0.00047066471146450795
2026-05-01 16:30:00+00:00,722.1201171875,722.260009765625,722.0399780273438,722.1699829101562,100065,6.582260544576302,4.1498378843485284e-05
2026-05-01 16:31:00+00:00,722.1400146484375,722.25,721.9500122070312,722.2410888671875,62529,6.582359001253184,9.845667688157533e-05
2026-05-01 16:32:00+00:00,722.22998046875,722.22998046875,722.030029296875,722.1849975585938,98103,6.582281335377235,-7.766587594826291e-05
2026-05-01 16:33:00+00:00,722.1300048828125,722.1699829101562,721.6300048828125,721.8099975585938,103247,6.581761942983635,-0.0005193923935999933
2026-05-01 16:34:00+00:00,721.8099975585938,722.0800170898438,721.6500244140625,722.030029296875,81049,6.582066729851837,0.00030478686820156753
2026-05-01 16:35:00+00:00,722.010009765625,722.1599731445312,721.9500122070312,722.0800170898438,50848,6.582135959746212,6.922989437541105e-05
2026-05-01 16:36:00+00:00,722.0900268554688,722.0900268554688,721.9099731445312,722.0150146484375,40456,6.582045934588558,-9.00251576547717e-05
2026-05-01 16:37:00+00:00,721.989990234375,722.1599731445312,721.8099975585938,721.989990234375,44121,6.582011274855412,-3.4659733145758764e-05
2026-05-01 16:38:00+00:00,722.0399780273438,722.1300048828125,721.97998046875,722.030029296875,40269,6.582066729851837,5.545499642511942e-05
2026-05-01 16:39:00+00:00,722.02001953125,722.3400268554688,722.0,722.27001953125,93427,6.582399057247073,0.0003323273952364758
2026-05-01 16:40:00+00:00,722.22998046875,722.3200073242188,721.9500122070312,721.989990234375,36095,6.582011274855412,-0.00038778239166159523
2026-05-01 16:41:00+00:00,722.0,722.169921875,721.989990234375,722.1500244140625,42188,6.582232907354642,0.00022163249923057293
2026-05-01 16:42:00+00:00,722.1500244140625,722.1699829101562,721.9000244140625,721.9099731445312,37857,6.581900440182713,-0.0003324671719298067
2026-05-01 16:43:00+00:00,721.905029296875,721.97998046875,721.8300170898438,721.97998046875,83046,6.5819974106257835,9.697044307088731e-05
2026-05-01 16:44:00+00:00,721.969970703125,721.97998046875,721.6900024414062,721.6900024414062,39189,6.581595687192206,-0.00040172343357713913
2026-05-01 16:45:00+00:00,721.6799926757812,721.909912109375,721.5499877929688,721.8800048828125,92514,6.5818589268571195,0.00026323966491315076
2026-05-01 16:46:00+00:00,721.8900146484375,721.9099731445312,721.6900024414062,721.75,56246,6.581678818543044,-0.00018010831407533345
2026-05-01 16:47:00+00:00,721.739990234375,721.801025390625,721.489990234375,721.801025390625,50965,6.58174951280982,7.069426677563939e-05
2026-05-01 16:48:00+00:00,721.7999877929688,721.8599853515625,721.5399780273438,721.5798950195312,48486,6.581443106691107,-0.0003064061187130207
2026-05-01 16:49:00+00:00,721.5499877929688,721.7000122070312,721.5499877929688,721.6900024414062,38516,6.581595687192206,0.000152580501099564
2026-05-01 16:50:00+00:00,721.6950073242188,721.7999877929688,721.55810546875,721.77490234375,48419,6.5817133206755845,0.00011763348337812118
2026-05-01 16:51:00+00:00,721.7899780273438,721.9000244140625,721.780029296875,721.8499755859375,57460,6.5818173272543055,0.00010400657872100538
2026-05-01 16:52:00+00:00,721.8800048828125,721.8800048828125,721.6599731445312,721.7399291992188,45458,6.581664865136681,-0.000152462117624097
2026-05-01 16:53:00+00:00,721.739990234375,721.97998046875,721.7000122070312,721.9097290039062,48995,6.5819001019955765,0.00023523685889514923
2026-05-01 16:54:00+00:00,721.9000244140625,722.1799926757812,721.9000244140625,722.1500244140625,83162,6.582232907354642,0.0003328053590658797
2026-05-01 16:55:00+00:00,722.1599731445312,722.3099975585938,722.155029296875,722.2536010742188,42551,6.582376325244914,0.00014341789027128016
2026-05-01 16:56:00+00:00,722.260009765625,722.3350219726562,722.094970703125,722.1013793945312,67468,6.582165543709475,-0.00021078153543907518
2026-05-01 16:57:00+00:00,722.0999755859375,722.22998046875,722.0750122070312,722.1500244140625,43977,6.582232907354642,6.736364516779503e-05
2026-05-01 16:58:00+00:00,722.1500244140625,722.3599853515625,722.1199951171875,722.280029296875,55164,6.582412915909337,0.00018000855469502142
2026-05-01 16:59:00+00:00,722.280029296875,722.280029296875,721.8699951171875,721.8900146484375,53395,6.581872793006839,-0.0005401229024988297
2026-05-01 17:00:00+00:00,721.8900146484375,722.1099853515625,721.8599853515625,722.0800170898438,49334,6.582135959746212,0.0002631667393737658
2026-05-01 17:01:00+00:00,722.1199951171875,722.3099975585938,722.0900268554688,722.2899780273438,85648,6.5824266898772565,0.0002907301310441923
2026-05-01 17:02:00+00:00,722.2899780273438,722.4600219726562,722.1900024414062,722.4600219726562,82991,6.582662085545847,0.00023539566859032135
2026-05-01 17:03:00+00:00,722.4500122070312,722.4500122070312,722.1599731445312,722.219970703125,424540,6.582329761054669,-0.00033232449117814866
2026-05-01 17:04:00+00:00,722.2000122070312,722.260009765625,722.0700073242188,722.1500244140625,98589,6.582232907354642,-9.685370002632254e-05
2026-05-01 17:05:00+00:00,722.159912109375,722.2899780273438,722.159912109375,722.280029296875,40602,6.582412915909337,0.00018000855469502142
2026-05-01 17:06:00+00:00,722.2899780273438,722.3599853515625,722.2650146484375,722.3200073242188,77023,6.582468264139077,5.5348229739848875e-05
2026-05-01 17:07:00+00:00,722.3099975585938,722.3800048828125,722.2001953125,722.260009765625,37414,6.582385198392744,-8.306574633287767e-05
2026-05-01 17:08:00+00:00,722.2501220703125,722.3099975585938,722.1400146484375,722.1900024414062,29617,6.582288265548157,-9.693284458744955e-05
2026-05-01 17:09:00+00:00,722.1699829101562,722.239990234375,722.1099853515625,722.2100219726562,160604,6.582315985751581,2.772020342423076e-05
2026-05-01 17:10:00+00:00,722.1903076171875,722.3099975585938,722.1903076171875,722.3062133789062,36081,6.582449167233434,0.0001331814818525956
2026-05-01 17:11:00+00:00,722.2899780273438,722.3900146484375,722.27001953125,722.2999877929688,107986,6.582440548156578,-8.619076855787e-06
2026-05-01 17:12:00+00:00,722.3099975585938,722.3300170898438,722.22998046875,722.3300170898438,45556,6.582482121842266,4.157368568780129e-05
2026-05-01 17:13:00+00:00,722.3250122070312,722.3400268554688,722.25,722.2990112304688,36583,6.5824391961377815,-4.2925704484275684e-05
2026-05-01 17:14:00+00:00,722.2899780273438,722.5399780273438,722.280029296875,722.5098876953125,57141,6.582731105284379,0.0002919091465978241
2026-05-01 17:15:00+00:00,722.5,722.6099853515625,722.469970703125,722.5590209960938,68967,6.5827991066101355,6.80013257561285e-05
2026-05-01 17:16:00+00:00,722.5700073242188,722.6199951171875,722.530029296875,722.5800170898438,58987,6.582828164151588,2.9057541452104374e-05
2026-05-01 17:17:00+00:00,722.5700073242188,722.5850219726562,722.3099975585938,722.4500122070312,46588,6.582648230336335,-0.0001799338152528307
2026-05-01 17:18:00+00:00,722.4600219726562,722.6699829101562,722.4400024414062,722.6500244140625,42839,6.582925044678927,0.0002768143425919689
2026-05-01 17:19:00+00:00,722.6599731445312,722.719970703125,722.6199951171875,722.6799926757812,36966,6.582966513770924,4.146909199764792e-05
2026-05-01 17:20:00+00:00,722.6900024414062,722.8200073242188,722.6599731445312,722.6799926757812,39471,6.582966513770924,0.0
2026-05-01 17:21:00+00:00,722.6599731445312,722.8800048828125,722.6400146484375,722.8400268554688,45497,6.583187934682678,0.00022142091175325618
2026-05-01 17:22:00+00:00,722.8400268554688,722.9199829101562,722.8099975585938,722.8599853515625,33056,6.583215545522999,2.7610840321656838e-05
2026-05-01 17:23:00+00:00,722.8699951171875,722.8699951171875,722.7620239257812,722.8099975585938,53525,6.583146390330487,-6.915519251204927e-05
2026-05-01 17:24:00+00:00,722.8099975585938,722.8800048828125,722.7319946289062,722.760009765625,53039,6.583077230355204,-6.915997528356144e-05
2026-05-01 17:25:00+00:00,722.77001953125,722.8200073242188,722.72998046875,722.7650146484375,38356,6.58308415501265,6.9246574465609e-06
2026-05-01 17:26:00+00:00,722.77001953125,722.9099731445312,722.7349853515625,722.77001953125,66909,6.583091079622147,6.924609496472556e-06
2026-05-01 17:27:00+00:00,722.760009765625,722.8599853515625,722.719970703125,722.8300170898438,40268,6.58317408675705,8.300713490339007e-05
2026-05-01 17:28:00+00:00,722.85498046875,722.9299926757812,722.85498046875,722.9199829101562,31666,6.583298542327417,0.00012445557036677712
2026-05-01 17:29:00+00:00,722.9199829101562,722.97998046875,722.9000244140625,722.97998046875,38714,6.583381532243936,8.298991651933818e-05
2026-05-01 17:30:00+00:00,722.9600219726562,723.0599975585938,722.9400024414062,722.97998046875,54755,6.583381532243936,0.0
2026-05-01 17:31:00+00:00,722.969970703125,723.0700073242188,722.9199829101562,723.0,50789,6.583409222158765,2.768991482859917e-05
2026-05-01 17:32:00+00:00,723.0,723.0999755859375,722.989990234375,723.04248046875,58674,6.58346797626777,5.875410900557654e-05
2026-05-01 17:33:00+00:00,723.02001953125,723.0700073242188,722.9849853515625,723.0399780273438,43479,6.583464515273701,-3.460994069115486e-06
2026-05-01 17:34:00+00:00,723.0490112304688,723.0900268554688,722.9600219726562,722.9600219726562,30315,6.583353925986331,-0.0001105892873702885
2026-05-01 17:35:00+00:00,722.9600219726562,722.97998046875,722.8800048828125,722.9000244140625,37230,6.5832709337786435,-8.299220768748228e-05
2026-05-01 17:36:00+00:00,722.8900146484375,722.9299926757812,722.7100219726562,722.8300170898438,52376,6.58317408675705,-9.684702159340475e-05
2026-05-01 17:37:00+00:00,722.8400268554688,722.8400268554688,722.6500244140625,722.77001953125,103669,6.583091079622147,-8.300713490339007e-05
2026-05-01 17:38:00+00:00,722.77001953125,722.8400268554688,722.6199951171875,722.6599731445312,24686,6.582938811594655,-0.00015226802749168655
2026-05-01 17:39:00+00:00,722.6599731445312,722.8499755859375,722.64501953125,722.8099975585938,41044,6.583146390330487,0.00020757873583221453
2026-05-01 17:40:00+00:00,722.8200073242188,723.0,722.8200073242188,722.9099731445312,47718,6.5832846959334015,0.0001383056029142793
2026-05-01 17:41:00+00:00,722.89501953125,722.989990234375,722.8800048828125,722.9600219726562,49851,6.583353925986331,6.923005292946982e-05
2026-05-01 17:42:00+00:00,722.969970703125,723.0433959960938,722.9299926757812,722.9299926757812,29463,6.583312388529712,-4.15374566191673e-05
2026-05-01 17:43:00+00:00,722.9500122070312,722.9500122070312,722.8400268554688,722.9099731445312,36774,6.5832846959334015,-2.769259631030252e-05
2026-05-01 17:44:00+00:00,722.9199829101562,722.9500122070312,722.8499755859375,722.9099731445312,33062,6.5832846959334015,0.0
2026-05-01 17:45:00+00:00,722.9000244140625,722.9400024414062,722.8499755859375,722.9199829101562,33816,6.583298542327417,1.384639401535992e-05
2026-05-01 17:46:00+00:00,722.9099731445312,722.97998046875,722.8699951171875,722.9500122070312,27835,6.5833400803591635,4.153803174666848e-05
2026-05-01 17:47:00+00:00,722.9299926757812,722.97998046875,722.8400268554688,722.8400268554688,17722,6.583187934682678,-0.00015214567648591526
2026-05-01 17:48:00+00:00,722.8300170898438,722.8900146484375,722.8074951171875,722.8699951171875,46346,6.583229392874525,4.145819184753208e-05
2026-05-01 17:49:00+00:00,722.8699951171875,722.9099731445312,722.7999877929688,722.8400268554688,38392,6.583187934682678,-4.145819184753208e-05
2026-05-01 17:50:00+00:00,722.8699951171875,722.9099731445312,722.8499755859375,722.8900146484375,38139,6.583257087002342,6.915231966431179e-05
2026-05-01 17:51:00+00:00,722.8900146484375,722.8900146484375,722.760009765625,722.7899780273438,26845,6.583118693136811,-0.00013839386553105015
2026-05-01 17:52:00+00:00,722.7899780273438,722.9299926757812,722.7899780273438,722.8400268554688,36217,6.583187934682678,6.924154586673836e-05
2026-05-01 17:53:00+00:00,722.8400268554688,723.219970703125,722.8099975585938,723.0399780273438,199364,6.583464515273701,0.0002765805910236452
2026-05-01 17:54:00+00:00,723.0399780273438,723.1400146484375,722.969970703125,722.97998046875,56402,6.583381532243936,-8.298302976506022e-05
2026-05-01 17:55:00+00:00,722.97998046875,723.0999755859375,722.9500122070312,723.0499877929688,45314,6.583478359178108,9.68269341719008e-05
2026-05-01 17:56:00+00:00,722.9949951171875,723.0449829101562,722.9400024414062,722.9600219726562,36190,6.583353925986331,-0.00012443319177712908
2026-05-01 17:57:00+00:00,722.9500122070312,723.02001953125,722.9299926757812,722.9500122070312,50071,6.5833400803591635,-1.3845627167441421e-05
2026-05-01 17:58:00+00:00,722.9550170898438,723.010009765625,722.9099731445312,722.9099731445312,53523,6.5832846959334015,-5.53844257620284e-05
2026-05-01 17:59:00+00:00,722.9099731445312,722.9400024414062,722.780029296875,722.7999877929688,38956,6.583132541829541,-0.00015215410386026917
2026-05-01 18:00:00+00:00,722.7899780273438,722.9199829101562,722.780029296875,722.8389892578125,52631,6.5831864992358815,5.3957406340288117e-05
2026-05-01 18:01:00+00:00,722.8099975585938,722.864990234375,722.72998046875,722.780029296875,49448,6.583104928697291,-8.157053859036978e-05
2026-05-01 18:02:00+00:00,722.75,722.77001953125,722.5,722.5499877929688,55682,6.5827866048499635,-0.0003183238473276617
2026-05-01 18:03:00+00:00,722.5399780273438,722.6500244140625,722.530029296875,722.5700073242188,25741,6.582814311242954,2.7706392990545226e-05
2026-05-01 18:04:00+00:00,722.5900268554688,722.6099853515625,722.4600219726562,722.4827880859375,37490,6.582693596984396,-0.00012071425855797457
2026-05-01 18:05:00+00:00,722.5,722.5,722.22998046875,722.3001098632812,92827,6.582440717158799,-0.0002528798255969633
2026-05-01 18:06:00+00:00,722.3099975585938,722.3900146484375,722.1599731445312,722.3300170898438,48239,6.582482121842266,4.140468346669479e-05
2026-05-01 18:07:00+00:00,722.3303833007812,722.4000244140625,722.25,722.3300170898438,73971,6.582482121842266,0.0
2026-05-01 18:08:00+00:00,722.3200073242188,722.4600219726562,722.2999877929688,722.4299926757812,32180,6.582620519341395,0.00013839749912936128
2026-05-01 18:09:00+00:00,722.4349975585938,722.5599975585938,722.4099731445312,722.4550170898438,39711,6.582655157965086,3.463862369113002e-05
2026-05-01 18:10:00+00:00,722.4500122070312,722.510009765625,722.3099975585938,722.3900146484375,41876,6.582565179538304,-8.997842678226675e-05
2026-05-01 18:11:00+00:00,722.3900146484375,722.3900146484375,722.27001953125,722.27001953125,91346,6.582399057247073,-0.00016612229123058597
2026-05-01 18:12:00+00:00,722.2750244140625,722.3300170898438,722.1900024414062,722.27001953125,48481,6.582399057247073,0.0
2026-05-01 18:13:00+00:00,722.25,722.25,722.1500244140625,722.1500244140625,38366,6.582232907354642,-0.0001661498924310223
2026-05-01 18:14:00+00:00,722.1500244140625,722.1699829101562,721.7578125,721.8200073242188,81092,6.581775810478203,-0.0004570968764392447
2026-05-01 18:15:00+00:00,721.8099975585938,721.9500122070312,721.760009765625,721.780029296875,72966,6.581720423908045,-5.538657015780046e-05
2026-05-01 18:16:00+00:00,721.7698974609375,721.77001953125,721.5,721.52001953125,76562,6.581360124927041,-0.0003602989810040924
2026-05-01 18:17:00+00:00,721.510009765625,721.8099975585938,721.510009765625,721.7899780273438,79572,6.581734207417565,0.0003740824905236195
2026-05-01 18:18:00+00:00,721.7899169921875,721.8599853515625,721.77001953125,721.8049926757812,502562,6.581755009164236,2.0801746670962018e-05
2026-05-01 18:19:00+00:00,721.8099975585938,721.97998046875,721.8049926757812,721.8400268554688,58767,6.5818035448904295,4.8535726193676965e-05
2026-05-01 18:20:00+00:00,721.8200073242188,721.8900146484375,721.739990234375,721.77001953125,34286,6.581706555645378,-9.698924505130435e-05
2026-05-01 18:21:00+00:00,721.780029296875,721.8900146484375,721.739990234375,721.8099975585938,37803,6.581761942983635,5.5387338257162355e-05
2026-05-01 18:22:00+00:00,721.8099975585938,722.0599975585938,721.8099975585938,721.9000244140625,52770,6.58188665896429,0.00012471598065477707
2026-05-01 18:23:00+00:00,721.9099731445312,722.0,721.9099731445312,721.9600219726562,56029,6.581969766130775,8.310716648463057e-05
2026-05-01 18:24:00+00:00,721.9650268554688,722.0900268554688,721.9400024414062,722.0800170898438,56549,6.582135959746212,0.00016619361543757094
2026-05-01 18:25:00+00:00,722.0499877929688,722.0900268554688,721.8699951171875,721.9199829101562,63737,6.5819143057568175,-0.00022165398939488767
2026-05-01 18:26:00+00:00,721.9000244140625,722.02001953125,721.8900146484375,721.8900146484375,62724,6.581872793006839,-4.1512749978878105e-05
2026-05-01 18:27:00+00:00,721.8900146484375,721.989990234375,721.8800048828125,721.9849853515625,25600,6.582004342764625,0.0001315497577865088
2026-05-01 18:28:00+00:00,721.989990234375,722.1599731445312,721.97998046875,722.010009765625,32240,6.582039002738031,3.46599734060149e-05
2026-05-01 18:29:00+00:00,722.0,722.239990234375,721.9099731445312,722.1799926757812,84339,6.582274405158286,0.0002354024202553262
2026-05-01 18:30:00+00:00,722.1400146484375,722.2000122070312,721.9299926757812,721.9600219726562,57219,6.581969766130775,-0.00030463902751165506
2026-05-01 18:31:00+00:00,721.9600219726562,722.1400146484375,721.780029296875,721.8150024414062,142779,6.581768876754958,-0.00020088937581697053
2026-05-01 18:32:00+00:00,721.8150024414062,721.8900146484375,721.739990234375,721.8499755859375,62015,6.5818173272543055,4.8450499347652e-05
2026-05-01 18:33:00+00:00,721.8499145507812,721.8499755859375,721.5800170898438,721.6199951171875,70019,6.581498677784121,-0.0003186494701843401
2026-05-01 18:34:00+00:00,721.5900268554688,721.6799926757812,721.5499877929688,721.5800170898438,57317,6.581443275861981,-5.5401922139708404e-05
2026-05-01 18:35:00+00:00,721.5700073242188,721.5700073242188,721.25,721.4000244140625,71804,6.581193802312053,-0.00024947354992832516
2026-05-01 18:36:00+00:00,721.409912109375,721.5399780273438,721.3209838867188,721.510986328125,86878,6.581347605164003,0.00015380285195032428
2026-05-01 18:37:00+00:00,721.530029296875,721.5999755859375,721.280029296875,721.2949829101562,54662,6.581048183863859,-0.0002994213001441537
2026-05-01 18:38:00+00:00,721.2901000976562,721.4249877929688,721.280029296875,721.3599853515625,53030,6.581138298884956,9.01150210967927e-05
2026-05-01 18:39:00+00:00,721.35009765625,721.489990234375,721.3300170898438,721.3499755859375,36624,6.58112442254682,-1.3876338136320499e-05
2026-05-01 18:40:00+00:00,721.3499755859375,721.4099731445312,721.3200073242188,721.3499755859375,58207,6.58112442254682,0.0
2026-05-01 18:41:00+00:00,721.344970703125,721.4349975585938,721.2999877929688,721.3400268554688,50574,6.581110630629704,-1.379191711592398e-05
2026-05-01 18:42:00+00:00,721.32958984375,721.4400024414062,721.2849731445312,721.3875122070312,52686,6.58117645782201,6.582719230596723e-05
2026-05-01 18:43:00+00:00,721.3699951171875,721.4600219726562,721.1900024414062,721.1900024414062,47175,6.580902628839022,-0.0002738289829880003
2026-05-01 18:44:00+00:00,721.1900024414062,721.22998046875,721.1099853515625,721.219970703125,50994,6.580944181881889,4.155304286701522e-05
2026-05-01 18:45:00+00:00,721.2100830078125,721.27001953125,721.0399780273438,721.0800170898438,55343,6.58075011183418,-0.00019407004770854996
2026-05-01 18:46:00+00:00,721.0798950195312,721.1099853515625,720.780029296875,721.1099853515625,169475,6.580791671214945,4.15593807643333e-05
2026-05-01 18:47:00+00:00,721.1099853515625,721.3099975585938,721.0999755859375,721.1300048828125,77047,6.580819432934751,2.7761719806562724e-05
2026-05-01 18:48:00+00:00,721.1300048828125,721.1699829101562,721.02001953125,721.02001953125,64148,6.580666903239624,-0.0001525296951268018
2026-05-01 18:49:00+00:00,721.010009765625,721.2000122070312,720.9600219726562,721.114990234375,128312,6.580798611717151,0.00013170847752697057
2026-05-01 18:50:00+00:00,721.1199951171875,721.239990234375,721.0599975585938,721.239990234375,64011,6.580971939368118,0.00017332765096700342
2026-05-01 18:51:00+00:00,721.25,721.3200073242188,721.10009765625,721.1300048828125,60149,6.580819432934751,-0.00015250643336717218
2026-05-01 18:52:00+00:00,721.1300048828125,721.1300048828125,720.97998046875,721.0,42936,6.580639137284949,-0.00018029564980182045
2026-05-01 18:53:00+00:00,721.0,721.1599731445312,720.97998046875,721.0700073242188,41584,6.5807362301083465,9.70928233972046e-05
2026-05-01 18:54:00+00:00,721.0800170898438,721.0900268554688,720.989990234375,721.0499877929688,61197,6.580708466078558,-2.7764029788102107e-05
2026-05-01 18:55:00+00:00,721.0700073242188,721.260009765625,721.0499877929688,721.2598876953125,63893,6.580999526837959,0.00029106075940088516
2026-05-01 18:56:00+00:00,721.260009765625,721.2999877929688,721.0599975585938,721.0999145507812,63392,6.580777705424276,-0.0002218214136835428
2026-05-01 18:57:00+00:00,721.0999755859375,721.1500244140625,721.0,721.02001953125,68126,6.580666903239624,-0.00011080218465142622
2026-05-01 18:58:00+00:00,721.0,721.1300048828125,721.0,721.0499877929688,48733,6.580708466078558,4.156283893408386e-05
2026-05-01 18:59:00+00:00,721.0800170898438,721.219970703125,721.0800170898438,721.1699829101562,81070,6.580874869428812,0.00016640335025375208
2026-05-01 19:00:00+00:00,721.1699829101562,721.1900024414062,721.0900268554688,721.1500244140625,83094,6.580847193883866,-2.76755449464261e-05
2026-05-01 19:01:00+00:00,721.1699829101562,721.4400024414062,721.1500244140625,721.4099731445312,74621,6.581207593082127,0.0003603991982616961
2026-05-01 19:02:00+00:00,721.4003295898438,721.5800170898438,721.3900756835938,721.5098876953125,103571,6.581346082479429,0.0001384893973019885
2026-05-01 19:03:00+00:00,721.5050048828125,721.5599975585938,721.3900146484375,721.4600219726562,46801,6.581276967077449,-6.911540198029087e-05
2026-05-01 19:04:00+00:00,721.4550170898438,721.47998046875,721.2999877929688,721.4149780273438,65305,6.5812145306982375,-6.243637921166112e-05
2026-05-01 19:05:00+00:00,721.4149780273438,721.5999755859375,721.4000244140625,721.5701293945312,138439,6.581429572928386,0.0002150422301481214
2026-05-01 19:06:00+00:00,721.5800170898438,721.6400146484375,721.5150146484375,721.6099853515625,70169,6.581484806445858,5.5233517472608185e-05
2026-05-01 19:07:00+00:00,721.6099853515625,721.6599731445312,721.5501098632812,721.5700073242188,39535,6.581429403755193,-5.540269066539594e-05
2026-05-01 19:08:00+00:00,721.5499877929688,721.72998046875,721.47998046875,721.5999755859375,58421,6.5814709349151785,4.1531159985730426e-05
2026-05-01 19:09:00+00:00,721.5999755859375,721.7899780273438,721.5999145507812,721.7849731445312,67820,6.581727273405848,0.00025633849066952763
2026-05-01 19:10:00+00:00,721.7799072265625,721.7899780273438,721.6500244140625,721.719970703125,54797,6.5816372114469655,-9.006195888261459e-05
2026-05-01 19:11:00+00:00,721.719970703125,721.989990234375,721.719970703125,721.9000244140625,63887,6.58188665896429,0.00024944751732469683
2026-05-01 19:12:00+00:00,721.9199829101562,721.97998046875,721.8599853515625,721.9199829101562,119187,6.5819143057568175,2.7646792527313835e-05
2026-05-01 19:13:00+00:00,721.9099731445312,722.030029296875,721.9099731445312,721.9299926757812,47954,6.581928171138671,1.3865381853328529e-05
2026-05-01 19:14:00+00:00,721.9600219726562,722.114990234375,721.9600219726562,722.0549926757812,44235,6.5821013031332285,0.000173131994557707
2026-05-01 19:15:00+00:00,722.0399780273438,722.1900024414062,722.010009765625,722.0999755859375,82469,6.582163599647327,6.229651409839221e-05
2026-05-01 19:16:00+00:00,722.0999755859375,722.2000122070312,722.0,722.0700073242188,72130,6.582122097245148,-4.1502402178927866e-05
2026-05-01 19:17:00+00:00,722.0800170898438,722.1599731445312,722.0700073242188,722.1599731445312,65716,6.582246683802199,0.0001245865570513871
2026-05-01 19:18:00+00:00,722.1699829101562,722.2899780273438,722.1199951171875,722.280029296875,131633,6.582412915909337,0.00016623210713806458
2026-05-01 19:19:00+00:00,722.280029296875,722.280029296875,722.1599731445312,722.1799926757812,85264,6.582274405158286,-0.00013851075105097976
2026-05-01 19:20:00+00:00,722.2000122070312,722.2000122070312,722.0599975585938,722.1400146484375,71973,6.582219046197459,-5.5358960827867065e-05
2026-05-01 19:21:00+00:00,722.1400146484375,722.2100219726562,722.1199951171875,722.2000122070312,73972,6.582302125745921,8.307954846209498e-05
2026-05-01 19:22:00+00:00,722.1799926757812,722.22998046875,722.1099853515625,722.1099853515625,45812,6.58217746157308,-0.00012466417284073827
2026-05-01 19:23:00+00:00,722.114990234375,722.27001953125,722.1099853515625,722.219970703125,62339,6.582329761054669,0.00015229948158879125
2026-05-01 19:24:00+00:00,722.1900024414062,722.2789916992188,722.1900024414062,722.25,50651,6.582371339346345,4.15782916762808e-05
2026-05-01 19:25:00+00:00,722.239990234375,722.4500122070312,722.239990234375,722.4299926757812,193665,6.582620519341395,0.00024917999505014166
2026-05-01 19:26:00+00:00,722.4500122070312,722.5599975585938,722.4299926757812,722.5449829101562,100308,6.58277967813177,0.0001591587903746472
2026-05-01 19:27:00+00:00,722.5399780273438,722.5599975585938,722.4400024414062,722.4600219726562,78874,6.582662085545847,-0.00011759258592292099
2026-05-01 19:28:00+00:00,722.4600219726562,722.5900268554688,722.4398803710938,722.510009765625,58165,6.582731274237503,6.918869165595254e-05
2026-05-01 19:29:00+00:00,722.52001953125,722.5800170898438,722.4099731445312,722.4199829101562,74795,6.582606663555959,-0.0001246106815440129
2026-05-01 19:30:00+00:00,722.4299926757812,722.5,722.260009765625,722.3099975585938,106996,6.5824544062438495,-0.00015225731210932736
2026-05-01 19:31:00+00:00,722.2999877929688,722.2999877929688,722.030029296875,722.0499877929688,137982,6.582094371666499,-0.0003600345773504543
2026-05-01 19:32:00+00:00,722.0499877929688,722.1500244140625,722.02001953125,722.135009765625,98601,6.582212115546817,0.0001177438803177111
2026-05-01 19:33:00+00:00,722.1400146484375,722.239990234375,722.1199951171875,722.219970703125,66789,6.582329761054669,0.00011764550785198225
2026-05-01 19:34:00+00:00,722.2100219726562,722.3800048828125,722.2100219726562,722.25,55495,6.582371339346345,4.15782916762808e-05
2026-05-01 19:35:00+00:00,722.239990234375,722.2999877929688,722.1099853515625,722.1400146484375,58289,6.582219046197459,-0.00015229314888642875
2026-05-01 19:36:00+00:00,722.1400146484375,722.2000122070312,722.0750122070312,722.1300048828125,50193,6.58220518484814,-1.3861349318133875e-05
2026-05-01 19:37:00+00:00,722.1300048828125,722.1500244140625,722.0499877929688,722.1199951171875,68891,6.582191323306683,-1.3861541457771409e-05
2026-05-01 19:38:00+00:00,722.1099853515625,722.22998046875,722.0750122070312,722.219970703125,56125,6.582329761054669,0.00013843774798605324
2026-05-01 19:39:00+00:00,722.22998046875,722.3800048828125,722.22998046875,722.3200073242188,86392,6.582468264139077,0.00013850308440854775
2026-05-01 19:40:00+00:00,722.3200073242188,722.4099731445312,722.2999877929688,722.3599853515625,141578,6.582523609305559,5.5345166481757246e-05
2026-05-01 19:41:00+00:00,722.3499755859375,722.3599853515625,722.1799926757812,722.1799926757812,92643,6.582274405158286,-0.0002492041472725859
2026-05-01 19:42:00+00:00,722.1799926757812,722.1900024414062,722.0399780273438,722.0399780273438,97066,6.582080508588905,-0.00019389656938173516
2026-05-01 19:43:00+00:00,722.0499877929688,722.1900024414062,722.0,722.1649780273438,253587,6.582253614213266,0.00017310562436101407
2026-05-01 19:44:00+00:00,722.1599731445312,722.2050170898438,722.0999755859375,722.135009765625,56461,6.582212115546817,-4.149866644898026e-05
2026-05-01 19:45:00+00:00,722.135009765625,722.1699829101562,722.02001953125,722.030029296875,122096,6.582066729851837,-0.0001453856949797938
2026-05-01 19:46:00+00:00,722.0399780273438,722.0499877929688,721.9299926757812,722.0,93429,6.582025138892826,-4.15909590110175e-05
2026-05-01 19:47:00+00:00,722.0,722.0,721.8800048828125,721.8890991210938,94420,6.581871524769426,-0.00015361412340020308
2026-05-01 19:48:00+00:00,721.8900146484375,721.97998046875,721.8599853515625,721.8699951171875,131363,6.581845060515128,-2.6464254297309253e-05
2026-05-01 19:49:00+00:00,721.8800048828125,721.9874877929688,721.8400268554688,721.9874877929688,157925,6.582007808816026,0.0001627483008972419
2026-05-01 19:50:00+00:00,721.9786987304688,722.1400146484375,721.6199951171875,721.6300048828125,275248,6.581512548929973,-0.0004952598860530344
2026-05-01 19:51:00+00:00,721.6199951171875,721.7000122070312,721.5,721.5399780273438,206761,6.581387786280178,-0.00012476264979444096
2026-05-01 19:52:00+00:00,721.5399780273438,721.5700073242188,721.1599731445312,721.2000122070312,336240,6.580916508255162,-0.00047127802501645277
2026-05-01 19:53:00+00:00,721.1900024414062,721.469970703125,721.1900024414062,721.4299926757812,171662,6.581235343257789,0.00031883500262708253
2026-05-01 19:54:00+00:00,721.4299926757812,721.5800170898438,721.2899780273438,721.2899780273438,242666,6.581041245093599,-0.00019409816419013737
2026-05-01 19:55:00+00:00,721.2899780273438,721.3200073242188,721.030029296875,721.0800170898438,339030,6.58075011183418,-0.00029113325941843016
2026-05-01 19:56:00+00:00,721.0750122070312,721.280029296875,721.0599975585938,721.1799926757812,314381,6.58088874923024,0.00013863739606012615
2026-05-01 19:57:00+00:00,721.1799926757812,721.2100219726562,721.0399780273438,721.1240234375,187320,6.580811138355301,-7.76108749391824e-05
2026-05-01 19:58:00+00:00,721.1300048828125,721.14990234375,720.9299926757812,720.989990234375,432702,6.580625254018501,-0.0001858843368003349
2026-05-01 19:59:00+00:00,720.989990234375,721.0800170898438,720.469970703125,720.6699829101562,1141411,6.580181311153421,-0.0004439428650799826
2026-05-04 13:30:00+00:00,720.0700073242188,720.239990234375,719.6599731445312,719.719970703125,2626664,6.578862206778383,-0.001319104375038016
2026-05-04 13:31:00+00:00,719.739990234375,719.8400268554688,719.25,719.719970703125,439320,6.578862206778383,0.0
2026-05-04 13:32:00+00:00,719.7449951171875,719.9500122070312,719.469970703125,719.9400024414062,184601,6.579167878595477,0.0003056718170943995
2026-05-04 13:33:00+00:00,719.930908203125,720.0700073242188,719.8099975585938,719.8499755859375,140484,6.579042823056878,-0.00012505553859920582
2026-05-04 13:34:00+00:00,719.8400268554688,720.0399780273438,719.760009765625,719.9099731445312,136461,6.579126166893024,8.334383614627683e-05
2026-05-04 13:35:00+00:00,719.9099731445312,719.9199829101562,719.5999755859375,719.8300170898438,121570,6.579015096761872,-0.00011107013115196906
2026-05-04 13:36:00+00:00,719.8250122070312,720.2100219726562,719.780029296875,720.0900268554688,92045,6.579376241492851,0.000361144730979035
2026-05-04 13:37:00+00:00,720.0999755859375,720.1900024414062,719.5399780273438,719.72998046875,135595,6.578876114543105,-0.0005001269497464378
2026-05-04 13:38:00+00:00,719.7100219726562,719.8098754882812,719.4600219726562,719.6300048828125,91158,6.578737197820234,-0.00013891672287069667
2026-05-04 13:39:00+00:00,719.6099853515625,719.969970703125,719.5100708007812,719.8400268554688,113421,6.579029002400414,0.00029180458018007727
2026-05-04 13:40:00+00:00,719.8400268554688,719.8400268554688,719.6199951171875,719.77001953125,93878,6.578931743667815,-9.725873259913698e-05
2026-05-04 13:41:00+00:00,719.8099975585938,720.1500244140625,719.7537841796875,720.030029296875,90023,6.579292918497144,0.00036117482932862544
2026-05-04 13:42:00+00:00,720.030029296875,720.3099975585938,719.969970703125,720.0999755859375,300013,6.579390057351109,9.713885396500643e-05
2026-05-04 13:43:00+00:00,720.1099853515625,720.219970703125,719.97998046875,720.1199951171875,91609,6.579417858008868,2.7800657758980662e-05
2026-05-04 13:44:00+00:00,720.1300048828125,720.239990234375,719.9099731445312,719.9500122070312,71233,6.579181782109667,-0.00023607589920082717
2026-05-04 13:45:00+00:00,719.9500122070312,720.3200073242188,719.8499755859375,720.2899780273438,110201,6.579653878189392,0.0004720960797248708
2026-05-04 13:46:00+00:00,720.280029296875,720.47998046875,720.2000122070312,720.2899780273438,116390,6.579653878189392,0.0
2026-05-04 13:47:00+00:00,720.2999877929688,720.5399780273438,720.2650146484375,720.3900146484375,108478,6.57979275236237,0.00013887417297819837
2026-05-04 13:48:00+00:00,720.3900146484375,720.5750122070312,720.3099975585938,720.3800048828125,81478,6.579778857340279,-1.3895022091148235e-05
2026-05-04 13:49:00+00:00,720.3699951171875,720.6599731445312,720.3200073242188,720.4099731445312,89445,6.579820457104547,4.1599764267985506e-05
2026-05-04 13:50:00+00:00,720.4000854492188,720.5499877929688,720.2200927734375,720.530029296875,101070,6.579987092984484,0.00016663587993726026
2026-05-04 13:51:00+00:00,720.5399780273438,720.6400146484375,720.469970703125,720.5599975585938,123677,6.580028684087281,4.159110279644551e-05
2026-05-04 13:52:00+00:00,720.5599975585938,720.64990234375,720.4299926757812,720.4600219726562,213073,6.579889927394462,-0.00013875669281837588
2026-05-04 13:53:00+00:00,720.4450073242188,720.5499877929688,720.1099853515625,720.530029296875,94927,6.579987092984484,9.716559002193037e-05
2026-05-04 13:54:00+00:00,720.530029296875,720.5750122070312,720.4199829101562,720.4500122070312,43472,6.579876033722563,-0.00011105926192112037
2026-05-04 13:55:00+00:00,720.4600219726562,720.4699096679688,720.1099853515625,720.3599853515625,77280,6.5797510667168675,-0.00012496700569553099
2026-05-04 13:56:00+00:00,720.3699951171875,720.5399780273438,720.364990234375,720.4199829101562,60198,6.579834351548625,8.328483175734647e-05
2026-05-04 13:57:00+00:00,720.4299926757812,720.6599731445312,720.4099731445312,720.4949951171875,74173,6.5799384690132126,0.00010411746458771631
2026-05-04 13:58:00+00:00,720.5,720.7100219726562,720.469970703125,720.60498046875,68088,6.580091109848185,0.00015264083497257275
2026-05-04 13:59:00+00:00,720.609619140625,720.7999877929688,720.5900268554688,720.7601928710938,67990,6.580306478452636,0.0002153686044508163
2026-05-04 14:00:00+00:00,720.77001953125,720.8099975585938,720.453125,720.530029296875,72098,6.579987092984484,-0.00031938546815180047
2026-05-04 14:01:00+00:00,720.52001953125,720.5700073242188,720.3800048828125,720.4099731445312,207922,6.579820457104547,-0.00016663587993726026
2026-05-04 14:02:00+00:00,720.4000244140625,720.5399780273438,720.280029296875,720.469970703125,67438,6.579903736157579,8.327905303229244e-05
2026-05-04 14:03:00+00:00,720.4899291992188,720.5800170898438,720.4199829101562,720.4199829101562,36177,6.579834351548625,-6.938460895433707e-05
2026-05-04 14:04:00+00:00,720.4199829101562,720.4299926757812,720.280029296875,720.3067016601562,36380,6.579677095836703,-0.00015725571192160004
2026-05-04 14:05:00+00:00,720.280029296875,720.4650268554688,720.1599731445312,720.4299926757812,40544,6.57984824579965,0.00017114996294687046
2026-05-04 14:06:00+00:00,720.4099731445312,720.4400024414062,720.2999877929688,720.3599853515625,23756,6.5797510667168675,-9.717908278261689e-05
2026-05-04 14:07:00+00:00,720.364990234375,720.6500244140625,720.3499755859375,720.5800170898438,59609,6.5800564669967105,0.00030540027984304885
2026-05-04 14:08:00+00:00,720.5900268554688,720.6799926757812,719.864990234375,720.2822265625,398104,6.579643116542292,-0.0004133504544183708
2026-05-04 14:09:00+00:00,720.2899780273438,720.3867797851562,719.8800048828125,720.0599975585938,65188,6.579334538480846,-0.0003085780614462408
2026-05-04 14:10:00+00:00,720.0800170898438,720.4000244140625,719.989990234375,720.4000244140625,56449,6.579806647191393,0.0004721087105474808
2026-05-04 14:11:00+00:00,720.3900146484375,720.719970703125,720.3200073242188,720.6400146484375,57272,6.580139726398199,0.0003330792068059196
2026-05-04 14:12:00+00:00,720.6563110351562,721.1799926757812,720.6212158203125,721.0850219726562,110736,6.5807570526248345,0.0006173262266351287
2026-05-04 14:13:00+00:00,721.0900268554688,721.2100219726562,721.0009155273438,721.0499877929688,163134,6.580708466078558,-4.858654627604153e-05
2026-05-04 14:14:00+00:00,721.0399780273438,721.2000122070312,720.9199829101562,720.989990234375,105237,6.580625254018501,-8.32120600575692e-05
2026-05-04 14:15:00+00:00,720.97998046875,721.1763916015625,720.8800048828125,721.0599975585938,86019,6.580722348189807,9.70941713065443e-05
2026-05-04 14:16:00+00:00,721.0700073242188,721.239990234375,721.02001953125,721.2000122070312,96751,6.580916508255162,0.00019416006535433183
2026-05-04 14:17:00+00:00,721.2000122070312,721.2899780273438,721.0900268554688,721.1699829101562,139390,6.580874869428812,-4.163882634955485e-05
2026-05-04 14:18:00+00:00,721.1900024414062,721.344970703125,721.02001953125,721.344970703125,62420,6.581117484305544,0.00024261487673182813
2026-05-04 14:19:00+00:00,721.3400268554688,721.4299926757812,721.22998046875,721.4199829101562,89107,6.581221468266217,0.00010398396067312632
2026-05-04 14:20:00+00:00,721.409912109375,721.5700073242188,721.3699951171875,721.4099731445312,107975,6.581207593082127,-1.3875184089684467e-05
2026-05-04 14:21:00+00:00,721.4400024414062,721.5999755859375,721.4099731445312,721.580078125,51157,6.581443360447408,0.0002357673652806369
2026-05-04 14:22:00+00:00,721.5800170898438,721.718994140625,721.5499877929688,721.6099853515625,126314,6.581484806445858,4.1445998450129196e-05
2026-05-04 14:23:00+00:00,721.5999755859375,721.5999755859375,721.3400268554688,721.3699951171875,69099,6.581152175030542,-0.0003326314153158094
2026-05-04 14:24:00+00:00,721.3599853515625,721.4100952148438,721.27001953125,721.3599853515625,53554,6.581138298884956,-1.3876145586344535e-05
2026-05-04 14:25:00+00:00,721.3300170898438,721.489990234375,721.260009765625,721.4500122070312,54667,6.5812630926633995,0.00012479377844343276
2026-05-04 14:26:00+00:00,721.4500122070312,721.5499877929688,721.3900146484375,721.510009765625,61842,6.5813462516667185,8.315900331901105e-05
2026-05-04 14:27:00+00:00,721.52001953125,721.5800170898438,721.3900146484375,721.4498901367188,44288,6.58126292346204,-8.332820467860103e-05
2026-05-04 14:28:00+00:00,721.4299926757812,721.47998046875,721.27001953125,721.405029296875,73124,6.581200740023839,-6.218343820130201e-05
2026-05-04 14:29:00+00:00,721.4099731445312,721.4500122070312,721.0900268554688,721.239990234375,113660,6.580971939368118,-0.00022880065572028485
2026-05-04 14:30:00+00:00,721.219970703125,721.5499877929688,721.1400146484375,721.5399780273438,144441,6.581387786280178,0.00041584691205986957
2026-05-04 14:31:00+00:00,721.5399780273438,721.7100219726562,721.47998046875,721.6799926757812,50896,6.581581817199538,0.00019403091935998873
2026-05-04 14:32:00+00:00,721.6799926757812,721.8300170898438,721.5900268554688,721.7498779296875,47198,6.581678649412011,9.683221247325235e-05
2026-05-04 14:33:00+00:00,721.75,721.8900146484375,721.6699829101562,721.7550048828125,93207,6.581685752890754,7.103478742997993e-06
2026-05-04 14:34:00+00:00,721.77001953125,721.8499755859375,721.5772094726562,721.6099853515625,114003,6.581484806445858,-0.0002009464448962106
2026-05-04 14:35:00+00:00,721.6099853515625,721.719970703125,721.5599975585938,721.7100219726562,46970,6.5816234266004265,0.00013862015456833632
2026-05-04 14:36:00+00:00,721.72998046875,721.72998046875,721.510009765625,721.6400146484375,51180,6.581526419883418,-9.70067170085187e-05
2026-05-04 14:37:00+00:00,721.6300048828125,721.7999877929688,721.5499877929688,721.780029296875,44593,6.581720423908045,0.00019400402462732558
2026-05-04 14:38:00+00:00,721.77001953125,721.969970703125,721.77001953125,721.969970703125,82710,6.5819835462039356,0.00026312229589020575
2026-05-04 14:39:00+00:00,721.969970703125,721.97998046875,721.739990234375,721.7899780273438,117296,6.581734207417565,-0.00024933878637067863
2026-05-04 14:40:00+00:00,721.7899780273438,722.0,721.7899780273438,721.989990234375,54558,6.582011274855412,0.0002770674378469451
2026-05-04 14:41:00+00:00,721.97998046875,722.0499877929688,721.9400024414062,721.9849853515625,80660,6.582004342764625,-6.932090786726519e-06
2026-05-04 14:42:00+00:00,721.989990234375,722.0800170898438,721.97998046875,722.0399780273438,38944,6.582080508588905,7.616582427960594e-05
2026-05-04 14:43:00+00:00,722.02001953125,722.0900268554688,721.9500122070312,722.010009765625,51170,6.582039002738031,-4.1505850873591044e-05
2026-05-04 14:44:00+00:00,722.010009765625,722.030029296875,721.8699951171875,721.9052124023438,56719,6.581893845512931,-0.00014515722510033413
2026-05-04 14:45:00+00:00,721.9099731445312,722.0599975585938,721.9099731445312,722.0399780273438,65568,6.582080508588905,0.00018666307597392517
2026-05-04 14:46:00+00:00,722.0399780273438,722.0750122070312,721.75,721.8499755859375,85562,6.5818173272543055,-0.0002631813345992384
2026-05-04 14:47:00+00:00,721.8499755859375,721.9949951171875,721.8300170898438,721.97998046875,135706,6.5819974106257835,0.00018008337147801257
2026-05-04 14:48:00+00:00,721.97998046875,721.97998046875,721.7899780273438,721.8300170898438,55198,6.581789677780466,-0.00020773284531738767
2026-05-04 14:49:00+00:00,721.8300170898438,721.8599853515625,721.6900024414062,721.760009765625,49275,6.58169268719038,-9.699059008649868e-05
2026-05-04 14:50:00+00:00,721.77001953125,721.8900146484375,721.7600708007812,721.8400268554688,66876,6.5818035448904295,0.00011085770004992668
2026-05-04 14:51:00+00:00,721.8300170898438,721.9600219726562,721.7999877929688,721.8900756835938,83089,6.581872877555942,6.933266551278905e-05
2026-05-04 14:52:00+00:00,721.9099731445312,722.0499877929688,721.9000244140625,722.010009765625,61024,6.582039002738031,0.00016612518208880545
2026-05-04 14:53:00+00:00,722.010009765625,722.1199951171875,721.8699951171875,721.9434814453125,63875,6.5819468552820855,-9.214745594565699e-05
2026-05-04 14:54:00+00:00,721.9450073242188,721.9500122070312,721.780029296875,721.9349975585938,64197,6.581935103757505,-1.1751524580105865e-05
2026-05-04 14:55:00+00:00,721.9400024414062,722.0349731445312,721.8900146484375,721.8900146484375,48639,6.581872793006839,-6.231075066676084e-05
2026-05-04 14:56:00+00:00,721.89501953125,721.9500122070312,721.3300170898438,721.5900268554688,200872,6.581457147776337,-0.00041564523050130475
2026-05-04 14:57:00+00:00,721.5999755859375,721.5999755859375,721.1300048828125,721.2899780273438,108538,6.581041245093599,-0.0004159026827386114
2026-05-04 14:58:00+00:00,721.2999877929688,721.4400024414062,721.1649780273438,721.239990234375,68995,6.580971939368118,-6.930572548036196e-05
2026-05-04 14:59:00+00:00,721.239990234375,721.4000244140625,720.77001953125,720.9099731445312,345476,6.580514265611596,-0.0004576737565225031
2026-05-04 15:00:00+00:00,720.9199829101562,721.1699829101562,720.25,721.1699829101562,341983,6.580874869428812,0.00036060381721636503
2026-05-04 15:01:00+00:00,721.1900024414062,721.5599975585938,721.0399780273438,721.239990234375,222713,6.580971939368118,9.706993930613805e-05
2026-05-04 15:02:00+00:00,721.239990234375,721.4500122070312,721.1400146484375,721.2000122070312,68709,6.580916508255162,-5.5431112956583206e-05
2026-05-04 15:03:00+00:00,721.2398071289062,721.27001953125,720.9799194335938,720.984619140625,54110,6.580617804381434,-0.00029870387372810114
2026-05-04 15:04:00+00:00,720.97998046875,721.1300048828125,720.9000244140625,720.9600219726562,94674,6.5805836877208215,-3.411666061214902e-05
2026-05-04 15:05:00+00:00,720.9400024414062,721.1400146484375,720.7899780273438,721.1256103515625,58299,6.580813338964718,0.00022965124389617841
2026-05-04 15:06:00+00:00,721.1099853515625,721.1400146484375,720.8300170898438,720.9600830078125,60790,6.580583772378988,-0.0002295665857294793
2026-05-04 15:07:00+00:00,720.9600219726562,721.094970703125,720.780029296875,720.8200073242188,74313,6.580389463017978,-0.00019430936101016982
2026-05-04 15:08:00+00:00,720.8200073242188,720.8400268554688,720.6199951171875,720.6400756835938,78733,6.58013981109396,-0.00024965192401804615
2026-05-04 15:09:00+00:00,720.6400146484375,720.9500122070312,720.4500122070312,720.780029296875,123349,6.580333999607409,0.00019418851344887855
2026-05-04 15:10:00+00:00,720.7899780273438,720.8900146484375,720.7100219726562,720.8099975585938,88080,6.580375576284779,4.157667737025861e-05
2026-05-04 15:11:00+00:00,720.8099975585938,720.8699951171875,720.5399780273438,720.5900268554688,52213,6.580070358161972,-0.0003052181228069273
2026-05-04 15:12:00+00:00,720.5900268554688,720.6199951171875,720.4000244140625,720.4199829101562,82646,6.579834351548625,-0.0002360066133473282
2026-05-04 15:13:00+00:00,720.3800048828125,720.4199829101562,720.1265869140625,720.2899780273438,118460,6.579653878189392,-0.00018047335923299102
2026-05-04 15:14:00+00:00,720.3200073242188,720.3699951171875,720.0,720.25,336115,6.579598373964638,-5.550422475408823e-05
2026-05-04 15:15:00+00:00,720.2449951171875,720.510009765625,720.0900268554688,720.389892578125,218274,6.579792582912044,0.00019420894740651562
2026-05-04 15:16:00+00:00,720.4099731445312,720.4299926757812,720.2100219726562,720.3499755859375,55731,6.579737171115537,-5.541179650769834e-05
2026-05-04 15:17:00+00:00,720.3499755859375,720.35302734375,719.8400268554688,719.969970703125,103227,6.579209503783554,-0.0005276673319825065
2026-05-04 15:18:00+00:00,719.9600219726562,719.969970703125,719.6599731445312,719.669921875,139811,6.578792665053235,-0.000416838730319391
2026-05-04 15:19:00+00:00,719.6699829101562,719.7899780273438,718.5399780273438,718.77001953125,361126,6.577541444984535,-0.001251220068700043
2026-05-04 15:20:00+00:00,718.77001953125,718.8699951171875,718.3400268554688,718.530029296875,450286,6.5772074990742135,-0.00033394591032109844
2026-05-04 15:21:00+00:00,718.530029296875,718.5599975585938,717.5399780273438,717.5999755859375,505412,6.575912276722759,-0.001295222351454406
2026-05-04 15:22:00+00:00,717.5900268554688,718.3800048828125,717.4500122070312,718.2100219726562,461733,6.576762035986819,0.0008497592640601681
2026-05-04 15:23:00+00:00,718.239990234375,718.3699951171875,717.739990234375,717.9400024414062,385853,6.576386003497398,-0.00037603248942108536
2026-05-04 15:24:00+00:00,717.9000244140625,717.97998046875,717.5700073242188,717.6799926757812,272857,6.576023777045618,-0.0003622264517799678
2026-05-04 15:25:00+00:00,717.7100219726562,718.0999755859375,717.6500244140625,717.8099975585938,234159,6.576204906672508,0.00018112962689009748
2026-05-04 15:26:00+00:00,717.8099975585938,718.7000122070312,717.5499877929688,718.5,464011,6.5771657055190795,0.000960798846571187
2026-05-04 15:27:00+00:00,718.510009765625,718.719970703125,718.22998046875,718.6900024414062,208385,6.577430113763209,0.0002644082441296547
2026-05-04 15:28:00+00:00,718.7000122070312,718.760009765625,718.3599853515625,718.4400024414062,152717,6.577082198123466,-0.0003479156397432348
2026-05-04 15:29:00+00:00,718.4500122070312,718.5800170898438,718.27001953125,718.4400024414062,120031,6.577082198123466,0.0
2026-05-04 15:30:00+00:00,718.4500122070312,718.5449829101562,718.0499877929688,718.239990234375,325726,6.576803761437017,-0.0002784366864485577
2026-05-04 15:31:00+00:00,718.22998046875,718.280029296875,717.97998046875,718.02001953125,95852,6.57649745101502,-0.00030631042199757985
2026-05-04 15:32:00+00:00,718.030029296875,718.0700073242188,717.489990234375,717.5999755859375,130619,6.575912276722759,-0.0005851742922606817
2026-05-04 15:33:00+00:00,717.5999755859375,718.1099853515625,717.5800170898438,718.0850219726562,811853,6.57658797704142,0.0006757003186610433
2026-05-04 15:34:00+00:00,718.0999755859375,718.2899780273438,717.9099731445312,718.0800170898438,78738,6.576581007253581,-6.969787839317121e-06
2026-05-04 15:35:00+00:00,718.0700073242188,718.0897216796875,717.4199829101562,717.5999755859375,145180,6.575912276722759,-0.0006687305308217262
2026-05-04 15:36:00+00:00,717.6099853515625,718.0900268554688,717.3499755859375,717.8499755859375,179127,6.576260599563724,0.0003483228409653094
2026-05-04 15:37:00+00:00,717.822021484375,718.1400146484375,717.6400146484375,718.0,92185,6.576469569048224,0.00020896948449955488
2026-05-04 15:38:00+00:00,718.030029296875,718.739990234375,717.9199829101562,718.1292724609375,292349,6.57664959805225,0.00018002900402613875
2026-05-04 15:39:00+00:00,718.1500244140625,718.3400268554688,717.7999877929688,717.830078125,121337,6.576232881046793,-0.00041671700545720114
2026-05-04 15:40:00+00:00,717.8599853515625,717.8699951171875,717.280029296875,717.52001953125,173743,6.575800849030243,-0.0004320320165502878
2026-05-04 15:41:00+00:00,717.510009765625,718.030029296875,717.4500122070312,717.9299926757812,149758,6.576372061057401,0.0005712120271583743
2026-05-04 15:42:00+00:00,717.9600219726562,718.0700073242188,717.75,718.0399780273438,56164,6.576525247201989,0.00015318614458781354
2026-05-04 15:43:00+00:00,718.0399780273438,718.0650024414062,717.72998046875,718.0,39260,6.576469569048224,-5.5678153764837646e-05
2026-05-04 15:44:00+00:00,718.02001953125,718.4400024414062,717.9600219726562,718.3150024414062,76204,6.576908194901079,0.0004386258528548126
2026-05-04 15:45:00+00:00,718.2999877929688,718.3200073242188,717.969970703125,718.0098876953125,74355,6.57648334011679,-0.00042485478428844203
2026-05-04 15:46:00+00:00,717.989990234375,718.260009765625,717.8900146484375,718.030029296875,35014,6.576511391706896,2.8051590105881985e-05
2026-05-04 15:47:00+00:00,718.0499877929688,718.1199951171875,717.77001953125,717.8099975585938,64379,6.576204906672508,-0.0003064850343879044
2026-05-04 15:48:00+00:00,717.7899780273438,718.0150146484375,717.6505737304688,717.6799926757812,87875,6.576023777045618,-0.00018112962689009748
2026-05-04 15:49:00+00:00,717.6799926757812,717.8200073242188,717.469970703125,717.5999755859375,114984,6.575912276722759,-0.00011150032285911493
2026-05-04 15:50:00+00:00,717.5999755859375,717.719970703125,717.510009765625,717.5750122070312,64574,6.575877488799167,-3.4787923592460857e-05
2026-05-04 15:51:00+00:00,717.5900268554688,717.6199951171875,717.130126953125,717.22998046875,125441,6.575396542960961,-0.0004809458382055709
2026-05-04 15:52:00+00:00,717.22998046875,718.3400268554688,716.97998046875,717.4650268554688,354925,6.575724203387215,0.0003276604262536509
2026-05-04 15:53:00+00:00,717.489990234375,718.1500244140625,717.4450073242188,717.8099975585938,183063,6.576204906672508,0.0004807032852935933
2026-05-04 15:54:00+00:00,717.8099975585938,718.1699829101562,717.7899780273438,718.0399780273438,105739,6.576525247201989,0.0003203405294804895
2026-05-04 15:55:00+00:00,718.0399780273438,718.3099975585938,717.8602294921875,717.9188232421875,238954,6.576356503105241,-0.00016874409674816349
2026-05-04 15:56:00+00:00,717.9498901367188,718.0999755859375,717.7999877929688,717.9382934570312,71240,6.576383623094574,2.7119989333357353e-05
2026-05-04 15:57:00+00:00,717.9299926757812,718.1799926757812,717.7000122070312,717.7000122070312,133136,6.576051671444569,-0.0003319516500051023
2026-05-04 15:58:00+00:00,717.7000122070312,717.9000244140625,717.6500244140625,717.8800048828125,82783,6.576302430962787,0.0002507595182184019
2026-05-04 15:59:00+00:00,717.8900146484375,718.0599975585938,717.4199829101562,717.5897827148438,101030,6.575898072508948,-0.0004043584538395706
2026-05-04 16:00:00+00:00,717.5900268554688,717.760009765625,717.469970703125,717.6199951171875,68816,6.575940174232075,4.2101723127352386e-05
2026-05-04 16:01:00+00:00,717.6799926757812,717.719970703125,717.0599975585938,717.2100219726562,58248,6.57536871538217,-0.000571458849905504
2026-05-04 16:02:00+00:00,717.22998046875,717.3900146484375,716.9400024414062,717.3200073242188,77072,6.575522055290755,0.00015333990858579227
2026-05-04 16:03:00+00:00,717.2949829101562,717.2999877929688,717.0599975585938,717.1400756835938,49860,6.575271185094087,-0.0002508701966688065
2026-05-04 16:04:00+00:00,717.1300048828125,717.280029296875,717.0499877929688,717.260009765625,46722,6.575438410519583,0.00016722542549629793
2026-05-04 16:05:00+00:00,717.25,717.3150024414062,716.760009765625,717.1199951171875,95651,6.575243183803642,-0.00019522671594085494
2026-05-04 16:06:00+00:00,717.155029296875,717.27001953125,716.9500122070312,717.0,44066,6.57507584059962,-0.00016734320402189695
2026-05-04 16:07:00+00:00,716.989990234375,717.2000122070312,715.8800048828125,715.9000244140625,293954,6.573540526504754,-0.0015353140948661803
2026-05-04 16:08:00+00:00,715.969970703125,716.0900268554688,715.0,715.7899780273438,505949,6.5733867971544795,-0.00015372935027446744
2026-05-04 16:09:00+00:00,715.780029296875,716.1599731445312,715.4199829101562,716.1199951171875,318265,6.573847743864644,0.00046094671016483346
2026-05-04 16:10:00+00:00,716.0700073242188,716.0750122070312,715.510009765625,715.77001953125,200168,6.57335891359231,-0.0004888302723342619
2026-05-04 16:11:00+00:00,715.7899780273438,716.4199829101562,715.780029296875,716.4000244140625,97685,6.574238704265371,0.0008797906730606542
2026-05-04 16:12:00+00:00,716.4199829101562,716.5599975585938,716.219970703125,716.52001953125,72006,6.574406187605386,0.00016748334001537302
2026-05-04 16:13:00+00:00,716.5343017578125,716.5399780273438,716.0999755859375,716.27001953125,84442,6.574057218118272,-0.00034896948711438114
2026-05-04 16:14:00+00:00,716.2999267578125,716.2999267578125,715.9390258789062,715.9400024414062,87615,6.573596367976712,-0.00046085014155927695
2026-05-04 16:15:00+00:00,715.9299926757812,716.1063842773438,715.77001953125,715.8399047851562,76410,6.573456545290408,-0.00013982268630474692
2026-05-04 16:16:00+00:00,715.8300170898438,716.3499755859375,715.5,716.0700073242188,171107,6.573777937773408,0.00032139248300033785
2026-05-04 16:17:00+00:00,716.1099853515625,716.9199829101562,715.8300170898438,716.4199829101562,422605,6.574266563306971,0.0004886255335625478
2026-05-04 16:18:00+00:00,716.4199829101562,717.02001953125,716.3400268554688,716.989990234375,202542,6.575061879880657,0.0007953165736864776
2026-05-04 16:19:00+00:00,716.97998046875,717.6599731445312,716.8099975585938,717.1900024414062,276810,6.575340801925797,0.0002789220451395735
2026-05-04 16:20:00+00:00,717.2100219726562,717.3590087890625,716.9500122070312,717.2899780273438,116051,6.575480191234062,0.000139389308265514
2026-05-04 16:21:00+00:00,717.3300170898438,717.739990234375,717.25,717.409912109375,159020,6.575647381714992,0.00016719048092994626
2026-05-04 16:22:00+00:00,717.4000244140625,717.8099975585938,717.4000244140625,717.6400146484375,159751,6.575968070963142,0.0003206892481495416
2026-05-04 16:23:00+00:00,717.6300048828125,717.8400268554688,717.3511962890625,717.5,229814,6.5757729476337765,-0.00019512332936511
2026-05-04 16:24:00+00:00,717.5,717.6799926757812,717.3200073242188,717.4400024414062,94905,6.575689323846682,-8.362378709492191e-05
2026-05-04 16:25:00+00:00,717.4600219726562,717.7169799804688,717.4099731445312,717.469970703125,105334,6.575731094079357,4.1770232675375496e-05
2026-05-04 16:26:00+00:00,717.5,717.8699951171875,717.4400024414062,717.5,78996,6.5757729476337765,4.185355441954641e-05
2026-05-04 16:27:00+00:00,717.489990234375,717.510009765625,717.0,717.0399780273438,82388,6.575131596405549,-0.0006413512282277267
2026-05-04 16:28:00+00:00,717.02001953125,717.0800170898438,716.8599853515625,717.0291137695312,69027,6.575116444753686,-1.5151651862943538e-05
2026-05-04 16:29:00+00:00,717.0,717.1799926757812,716.9600219726562,717.0,49599,6.57507584059962,-4.060415406570428e-05
2026-05-04 16:30:00+00:00,716.989990234375,717.3099975585938,716.8200073242188,717.2999877929688,101072,6.575494146114361,0.00041830551474042466
2026-05-04 16:31:00+00:00,717.2999267578125,717.4400024414062,717.239990234375,717.3792724609375,55608,6.575604672097758,0.00011052598339755804
2026-05-04 16:32:00+00:00,717.3599853515625,717.4000244140625,717.1099853515625,717.125,40188,6.5752501629220355,-0.0003545091757226615
2026-05-04 16:33:00+00:00,717.1400146484375,717.4299926757812,717.0599975585938,717.3889770507812,27978,6.575618199843228,0.0003680369211922496
2026-05-04 16:34:00+00:00,717.4000244140625,717.6699829101562,717.3499755859375,717.5599975585938,57696,6.575856564428517,0.00023836458528947446
2026-05-04 16:35:00+00:00,717.5599975585938,717.6298828125,717.2000122070312,717.2150268554688,33132,6.575375693624521,-0.0004808708039965026
2026-05-04 16:36:00+00:00,717.22998046875,717.4400024414062,717.1900024414062,717.4099731445312,31542,6.57564746679209,0.00027177316756965553
2026-05-04 16:37:00+00:00,717.3800048828125,717.3900146484375,716.989990234375,717.2249755859375,23860,6.575389564864101,-0.0002579019279895789
2026-05-04 16:38:00+00:00,717.25,717.25,716.6099853515625,717.1199951171875,248246,6.575243183803642,-0.00014638106045872235
2026-05-04 16:39:00+00:00,717.1400146484375,717.1400146484375,716.8200073242188,716.8300170898438,47645,6.574838737304353,-0.0004044464992887242
2026-05-04 16:40:00+00:00,716.8300170898438,717.2799072265625,716.8200073242188,717.0050048828125,46031,6.575082820886014,0.0002440835816610587
2026-05-04 16:41:00+00:00,717.02001953125,717.0700073242188,716.8200073242188,717.0499877929688,58455,6.57514555615126,6.273526524580575e-05
2026-05-04 16:42:00+00:00,717.0599975585938,717.2000122070312,716.9000244140625,716.9600219726562,37652,6.575020081684809,-0.00012547446645161386
2026-05-04 16:43:00+00:00,716.97998046875,717.2949829101562,716.9500122070312,717.27001953125,38964,6.575452365982935,0.00043228429812636193
2026-05-04 16:44:00+00:00,717.27001953125,717.2700805664062,716.9099731445312,716.9199829101562,96200,6.574964234525529,-0.00048813145740567165
2026-05-04 16:45:00+00:00,716.8900146484375,717.0399780273438,716.8300170898438,717.0150146484375,40816,6.575096781312632,0.00013254678710250545
2026-05-04 16:46:00+00:00,717.0700073242188,717.0800170898438,716.719970703125,716.8150024414062,47157,6.574817791186962,-0.00027899012567011994
2026-05-04 16:47:00+00:00,716.7999877929688,716.8699951171875,716.655029296875,716.7999877929688,96632,6.574796844630822,-2.0946556139378458e-05
2026-05-04 16:48:00+00:00,716.7899780273438,716.9000244140625,716.72998046875,716.7550048828125,43946,6.574734087484566,-6.27571462565868e-05
2026-05-04 16:49:00+00:00,716.780029296875,716.9299926757812,716.7000122070312,716.9199829101562,33970,6.574964234525529,0.00023014704096357974
2026-05-04 16:50:00+00:00,716.9000244140625,717.0,716.6007080078125,716.8250122070312,66091,6.574831755313972,-0.00013247921155734588
2026-05-04 16:51:00+00:00,716.8599853515625,716.8599853515625,716.4000244140625,716.6400146484375,74366,6.574573642899431,-0.0002581124145413227
2026-05-04 16:52:00+00:00,716.656982421875,716.97998046875,716.2999877929688,716.5999755859375,115489,6.57451777080155,-5.58720978807159e-05
2026-05-04 16:53:00+00:00,716.6199951171875,716.77001953125,716.4600219726562,716.5250244140625,44905,6.5744131725676995,-0.00010459823385033928
2026-05-04 16:54:00+00:00,716.5590209960938,716.6500244140625,716.469970703125,716.6500244140625,42641,6.57458761043615,0.00017443786845028342
2026-05-04 16:55:00+00:00,716.6400146484375,716.8699951171875,716.530029296875,716.6300048828125,42819,6.574559675167616,-2.7935268533951785e-05
2026-05-04 16:56:00+00:00,716.635009765625,716.7100219726562,716.4901733398438,716.5614013671875,21188,6.5744639398521825,-9.573531543338731e-05
2026-05-04 16:57:00+00:00,716.489990234375,716.6500244140625,716.4500122070312,716.5900268554688,45127,6.574503887463749,3.9947611566226726e-05
2026-05-04 16:58:00+00:00,716.5900268554688,716.6300048828125,716.4500122070312,716.489990234375,44609,6.574364276806893,-0.00013961065685563767
2026-05-04 16:59:00+00:00,716.489990234375,716.6699829101562,716.489990234375,716.5499877929688,34210,6.57444801146824,8.373466134692364e-05
2026-05-04 17:00:00+00:00,716.5399780273438,716.7999877929688,716.47998046875,716.7109985351562,71882,6.574672688961594,0.00022467749335408627
2026-05-04 17:01:00+00:00,716.719970703125,717.1400146484375,716.5399780273438,716.9600219726562,113549,6.575020081684809,0.0003473927232144902
2026-05-04 17:02:00+00:00,716.9000244140625,717.1287841796875,716.739990234375,716.9600219726562,68276,6.575020081684809,0.0
2026-05-04 17:03:00+00:00,716.9398803710938,717.239990234375,716.9000244140625,717.02001953125,67347,6.575103761452856,8.367976804724009e-05
2026-05-04 17:04:00+00:00,717.010009765625,717.239990234375,716.9100952148438,717.0800170898438,58547,6.575187434219186,8.367276632981202e-05
2026-05-04 17:05:00+00:00,717.0999755859375,717.3499755859375,717.030029296875,717.1900024414062,67523,6.575340801925797,0.0001533677066110073
2026-05-04 17:06:00+00:00,717.219970703125,717.530029296875,717.2100219726562,717.2899780273438,90775,6.575480191234062,0.000139389308265514
2026-05-04 17:07:00+00:00,717.280029296875,717.52001953125,717.25,717.3900146484375,46069,6.575619646195122,0.00013945496105982613
2026-05-04 17:08:00+00:00,717.3900146484375,717.52001953125,717.1701049804688,717.280029296875,33624,6.575466321251533,-0.00015332494358855087
2026-05-04 17:09:00+00:00,717.2899780273438,717.4400024414062,717.1900024414062,717.4299926757812,39919,6.575675371689819,0.0002090504382854519
2026-05-04 17:10:00+00:00,717.4500122070312,717.5599975585938,717.3900146484375,717.52001953125,61567,6.575800849030243,0.00012547734042378522
2026-05-04 17:11:00+00:00,717.530029296875,717.6400146484375,717.280029296875,717.3699951171875,64910,6.575591739742315,-0.00020910928792794437
2026-05-04 17:12:00+00:00,717.3900146484375,717.4299926757812,717.2949829101562,717.3200073242188,48704,6.575522055290755,-6.968445155930425e-05
2026-05-04 17:13:00+00:00,717.3099975585938,717.4600219726562,717.1799926757812,717.4000244140625,29914,6.5756335991294925,0.00011154383873712703
2026-05-04 17:14:00+00:00,717.3800048828125,717.5399169921875,717.3699951171875,717.469970703125,53340,6.575731094079357,9.749494986444063e-05
2026-05-04 17:15:00+00:00,717.4500122070312,717.47998046875,717.3599853515625,717.4000244140625,33904,6.5756335991294925,-9.749494986444063e-05
2026-05-04 17:16:00+00:00,717.4000244140625,717.47998046875,717.3499755859375,717.4500122070312,22400,6.575703275808885,6.967667939239419e-05
2026-05-04 17:17:00+00:00,717.48876953125,718.2999877929688,717.2000122070312,717.9199829101562,308531,6.57635811842301,0.0006548426141250729
2026-05-04 17:18:00+00:00,717.9099731445312,718.489990234375,717.9099731445312,718.260009765625,124337,6.576831634087559,0.0004735156645487848
2026-05-04 17:19:00+00:00,718.239990234375,718.4199829101562,718.1799926757812,718.2650146484375,57815,6.576838602128808,6.9680412488892784e-06
2026-05-04 17:20:00+00:00,718.27001953125,718.47998046875,718.1300048828125,718.1649780273438,165550,6.5766993170654695,-0.00013928506333815704
2026-05-04 17:21:00+00:00,718.1900024414062,718.4000244140625,718.0900268554688,718.4000244140625,30791,6.5770265509719295,0.000327233906459945
2026-05-04 17:22:00+00:00,718.4000244140625,718.52001953125,718.3099975585938,718.375,91683,6.576991716827906,-3.4834144023498936e-05
2026-05-04 17:23:00+00:00,718.3900146484375,718.5800170898438,718.3800048828125,718.510009765625,42886,6.577179636898203,0.0001879200702967765
2026-05-04 17:24:00+00:00,718.530029296875,718.6400146484375,718.4199829101562,718.4600219726562,47466,6.577110063014427,-6.957388377593077e-05
2026-05-04 17:25:00+00:00,718.47998046875,718.5599975585938,718.3800048828125,718.3900146484375,29143,6.577012617459929,-9.744555449753278e-05
2026-05-04 17:26:00+00:00,718.3699951171875,718.4500122070312,718.219970703125,718.219970703125,56256,6.57677588800957,-0.0002367294503589079
2026-05-04 17:27:00+00:00,718.219970703125,718.510009765625,718.2000122070312,718.4974975585938,38984,6.577162222643973,0.0003863346344026297
2026-05-04 17:28:00+00:00,718.489990234375,718.5700073242188,718.4301147460938,718.5599975585938,53278,6.577249205941791,8.69832978178664e-05
2026-05-04 17:29:00+00:00,718.5599975585938,718.5999755859375,718.4600219726562,718.5700073242188,42555,6.577263136157694,1.393021590345711e-05
2026-05-04 17:30:00+00:00,718.5599975585938,718.5800170898438,718.3900146484375,718.510009765625,47788,6.577179636898203,-8.349925949158177e-05
2026-05-04 17:31:00+00:00,718.52001953125,718.5900268554688,718.469970703125,718.5499877929688,28522,6.577235275531833,5.563863363011734e-05
2026-05-04 17:32:00+00:00,718.530029296875,718.6099853515625,718.4600219726562,718.4650268554688,34641,6.577117029115849,-0.00011824641598412455
2026-05-04 17:33:00+00:00,718.4600219726562,718.5700073242188,718.3300170898438,718.3699951171875,69852,6.576984749853488,-0.00013227926236059062
2026-05-04 17:34:00+00:00,718.375,718.4199829101562,718.1201171875,718.1500244140625,75126,6.576678494873602,-0.0003062549798862335
2026-05-04 17:35:00+00:00,718.1500244140625,718.1699829101562,717.780029296875,717.7999877929688,95841,6.576190961707334,-0.00048753316626815035
2026-05-04 17:36:00+00:00,717.7999877929688,718.02001953125,717.7000122070312,717.9099731445312,76027,6.576344175594219,0.0001532138868851618
2026-05-04 17:37:00+00:00,717.9000244140625,717.9099731445312,717.5999755859375,717.760009765625,56988,6.57613526493754,-0.000208910656678718
2026-05-04 17:38:00+00:00,717.7899780273438,717.9199829101562,717.7750244140625,717.9199829101562,59649,6.57635811842301,0.00022285348546979833
2026-05-04 17:39:00+00:00,717.9149780273438,718.0999755859375,717.9149780273438,718.0999755859375,40729,6.576608801118134,0.00025068269512384944
2026-05-04 17:40:00+00:00,718.1099853515625,718.1099853515625,717.8599853515625,718.0399780273438,45008,6.576525247201989,-8.355391614500718e-05
2026-05-04 17:41:00+00:00,718.0499877929688,718.0700073242188,717.8699951171875,717.9299926757812,36697,6.576372061057401,-0.00015318614458781354
2026-05-04 17:42:00+00:00,717.9299926757812,718.27001953125,717.9199829101562,718.2100219726562,61467,6.576762035986819,0.0003899749294182797
2026-05-04 17:43:00+00:00,718.2000122070312,718.280029296875,718.2000122070312,718.260009765625,33587,6.576831634087559,6.959810073947637e-05
2026-05-04 17:44:00+00:00,718.25,718.3200073242188,718.1799926757812,718.2100219726562,31695,6.576762035986819,-6.959810073947637e-05
2026-05-04 17:45:00+00:00,718.219970703125,718.25,718.0900268554688,718.1099853515625,39945,6.57662274025781,-0.0001392957290091701
2026-05-04 17:46:00+00:00,718.1199951171875,718.280029296875,718.1099853515625,718.25,31984,6.576817697859399,0.0001949576015887189
2026-05-04 17:47:00+00:00,718.22998046875,718.280029296875,718.1300048828125,718.239990234375,34867,6.576803761437017,-1.3936422381455316e-05
2026-05-04 17:48:00+00:00,718.25,718.280029296875,718.1400146484375,718.25,37133,6.576817697859399,1.3936422381455316e-05
2026-05-04 17:49:00+00:00,718.22998046875,718.3499755859375,718.22998046875,718.2999877929688,48281,6.57688729208642,6.95942270212413e-05
2026-05-04 17:50:00+00:00,718.280029296875,718.4149780273438,718.27001953125,718.3800048828125,57276,6.576998683753785,0.00011139166736473527
2026-05-04 17:51:00+00:00,718.3900146484375,718.5399780273438,718.3599853515625,718.52001953125,58884,6.577193568083246,0.00019488432946079826
2026-05-04 17:52:00+00:00,718.530029296875,718.6300048828125,718.5050048828125,718.6199951171875,55246,6.577332699392763,0.00013913130951781483
2026-05-04 17:53:00+00:00,718.6199951171875,718.6199951171875,718.2999877929688,718.3800048828125,83852,6.576998683753785,-0.0003340156389786131
2026-05-04 17:54:00+00:00,718.375,718.4199829101562,718.3582153320312,718.3699951171875,35429,6.576984749853488,-1.3933900296692059e-05
2026-05-04 17:55:00+00:00,718.3699951171875,718.530029296875,718.3699951171875,718.47998046875,31063,6.577137842178569,0.00015309232508098347
2026-05-04 17:56:00+00:00,718.489990234375,718.510009765625,718.4199829101562,718.4301147460938,31461,6.577068435299402,-6.940687916667798e-05
2026-05-04 17:57:00+00:00,718.4400024414062,718.5999755859375,718.4299926757812,718.5499877929688,51499,6.577235275531833,0.00016684023243040969
2026-05-04 17:58:00+00:00,718.5499877929688,718.5599975585938,718.4299926757812,718.4500122070312,42232,6.5770961306660025,-0.0001391448658303318
2026-05-04 17:59:00+00:00,718.4400024414062,718.510009765625,718.3300170898438,718.330078125,40295,6.576929182246942,-0.00016694841906073066
2026-05-04 18:00:00+00:00,718.3300170898438,718.4400024414062,718.2899780273438,718.3900146484375,27195,6.577012617459929,8.343521298748158e-05
2026-05-04 18:01:00+00:00,718.3900146484375,718.489990234375,718.3699951171875,718.489990234375,41903,6.57715177394587,0.0001391564859405392
2026-05-04 18:02:00+00:00,718.47998046875,718.6199951171875,718.4100952148438,718.6099853515625,60026,6.577318770145863,0.00016699619999283044
2026-05-04 18:03:00+00:00,718.6099853515625,718.8300170898438,718.6099853515625,718.75,83176,6.57751359211156,0.00019482196569775567
2026-05-04 18:04:00+00:00,718.760009765625,718.9299926757812,718.760009765625,718.8925170898438,64896,6.577711857102497,0.00019826499093689165
2026-05-04 18:05:00+00:00,718.9000244140625,718.989990234375,718.8099975585938,718.97998046875,143797,6.57783351375726,0.00012165665476260301
2026-05-04 18:06:00+00:00,718.97998046875,718.9949951171875,718.8300170898438,718.8499755859375,102613,6.577652678905935,-0.00018083485132525112
2026-05-04 18:07:00+00:00,718.8599853515625,718.8699951171875,718.5399780273438,718.6099853515625,144923,6.577318770145863,-0.0003339087600719992
2026-05-04 18:08:00+00:00,718.6199951171875,718.8099975585938,718.5700073242188,718.760009765625,68077,6.57752751864502,0.00020874849915752947
2026-05-04 18:09:00+00:00,718.780029296875,718.7849731445312,718.6500854492188,718.7100219726562,88183,6.577457968961361,-6.954968365935343e-05
2026-05-04 18:10:00+00:00,718.7000122070312,718.75,718.6500244140625,718.719970703125,46467,6.5774718113474515,1.3842386090701098e-05
2026-05-04 18:11:00+00:00,718.7150268554688,718.77001953125,718.6599731445312,718.6699829101562,51032,6.5774022577891245,-6.955355832705123e-05
2026-05-04 18:12:00+00:00,718.6799926757812,718.780029296875,718.5900268554688,718.64501953125,58533,6.577367521661182,-3.473612794202552e-05
2026-05-04 18:13:00+00:00,718.6375122070312,718.7000122070312,718.530029296875,718.5499877929688,53961,6.577235275531833,-0.00013224612934958913
2026-05-04 18:14:00+00:00,718.5599975585938,718.5999755859375,718.4400024414062,718.4500122070312,41565,6.5770961306660025,-0.0001391448658303318
2026-05-04 18:15:00+00:00,718.4600219726562,718.489990234375,718.260009765625,718.3200073242188,59836,6.576915162408871,-0.00018096825713165288
2026-05-04 18:16:00+00:00,718.3200073242188,718.4099731445312,718.2750244140625,718.4099731445312,35641,6.577040399331122,0.0001252369222513039
2026-05-04 18:17:00+00:00,718.4000244140625,718.4099731445312,718.22998046875,718.2999877929688,140378,6.57688729208642,-0.0001531072447020776
2026-05-04 18:18:00+00:00,718.3200073242188,718.3599853515625,718.2000122070312,718.22998046875,65846,6.57678982482041,-9.746726601012057e-05
2026-05-04 18:19:00+00:00,718.22998046875,718.27001953125,718.1699829101562,718.25,68580,6.576817697859399,2.7873038988879273e-05
2026-05-04 18:20:00+00:00,718.239990234375,718.280029296875,718.0974731445312,718.2000122070312,33230,6.576748098788684,-6.959907071468763e-05
2026-05-04 18:21:00+00:00,718.2100219726562,718.22998046875,718.0499877929688,718.1400146484375,64764,6.57666455651108,-8.35422776042094e-05
2026-05-04 18:22:00+00:00,718.1599731445312,718.1799926757812,717.9550170898438,717.9550170898438,70356,6.576406916792916,-0.00025763971816417097
2026-05-04 18:23:00+00:00,717.9550170898438,718.02001953125,717.5499877929688,717.77001953125,90448,6.576149210679421,-0.0002577061134951819
2026-05-04 18:24:00+00:00,717.780029296875,717.7899780273438,717.6300048828125,717.7000122070312,64393,6.576051671444569,-9.753923485167348e-05
2026-05-04 18:25:00+00:00,717.6699829101562,717.7000122070312,717.5189819335938,717.5700073242188,106744,6.575870514057598,-0.00018115738697055406
2026-05-04 18:26:00+00:00,717.5599975585938,717.6699829101562,717.4199829101562,717.4500122070312,65440,6.575703275808885,-0.00016723824871345272
2026-05-04 18:27:00+00:00,717.4600219726562,717.4600219726562,717.1699829101562,717.3200073242188,96289,6.575522055290755,-0.00018122051812952122
2026-05-04 18:28:00+00:00,717.3099975585938,717.6599731445312,717.3099975585938,717.6400146484375,113900,6.575968070963142,0.0004460156723862241
2026-05-04 18:29:00+00:00,717.6400146484375,717.8300170898438,717.6300048828125,717.760009765625,75635,6.57613526493754,0.00016719397439857175
2026-05-04 18:30:00+00:00,717.760009765625,717.8699951171875,717.5,717.5900268554688,93162,6.575898412731996,-0.00023685220554447994
2026-05-04 18:31:00+00:00,717.5850219726562,717.6500244140625,717.4400024414062,717.5449829101562,58413,6.5758356396200295,-6.277311196623003e-05
2026-05-04 18:32:00+00:00,717.5399780273438,717.6199951171875,717.4600219726562,717.5900268554688,68864,6.575898412731996,6.277311196623003e-05
2026-05-04 18:33:00+00:00,717.5999755859375,717.739990234375,717.5599975585938,717.6199951171875,111180,6.575940174232075,4.176150007939583e-05
2026-05-04 18:34:00+00:00,717.6099853515625,717.6900024414062,717.5800170898438,717.639892578125,32206,6.575967900863481,2.7726631405933233e-05
2026-05-04 18:35:00+00:00,717.6099853515625,717.6099853515625,717.3900146484375,717.4199829101562,55681,6.57566141933829,-0.00030648152519141547
2026-05-04 18:36:00+00:00,717.4199829101562,717.510009765625,717.3734741210938,717.3734741210938,35274,6.5755965893952055,-6.482994308409928e-05
2026-05-04 18:37:00+00:00,717.3900146484375,717.4199829101562,717.280029296875,717.39501953125,62320,6.575626622686643,3.00332914378032e-05
2026-05-04 18:38:00+00:00,717.39501953125,717.4295043945312,717.2999877929688,717.3638916015625,36781,6.575583231522524,-4.3391164119555015e-05
2026-05-04 18:39:00+00:00,717.3499755859375,717.5599975585938,717.3400268554688,717.530029296875,58922,6.575814799436548,0.00023156791402456633
2026-05-04 18:40:00+00:00,717.52001953125,717.5700073242188,717.4000244140625,717.5599975585938,36890,6.575856564428517,4.176499196884009e-05
2026-05-04 18:41:00+00:00,717.5700073242188,717.5900268554688,717.4000244140625,717.447021484375,56884,6.575699107255203,-0.00015745717331405729
2026-05-04 18:42:00+00:00,717.4600219726562,717.469970703125,717.3699951171875,717.4000244140625,33909,6.5756335991294925,-6.55081257106005e-05
2026-05-04 18:43:00+00:00,717.4000244140625,717.4000244140625,717.1699829101562,717.2098999023438,68115,6.575368545180528,-0.0002650539489641446
2026-05-04 18:44:00+00:00,717.2000122070312,717.239990234375,717.030029296875,717.0700073242188,47357,6.575173475058073,-0.000195070122455121
2026-05-04 18:45:00+00:00,717.0700073242188,717.0700073242188,716.8300170898438,717.0,67141,6.57507584059962,-9.763445845312191e-05
2026-05-04 18:46:00+00:00,717.0,717.159912109375,716.8599853515625,717.135009765625,66135,6.575264121012698,0.0001882804130781679
2026-05-04 18:47:00+00:00,717.1400146484375,717.3499755859375,717.1300048828125,717.3300170898438,60291,6.5755360095868625,0.00027188857416415857
2026-05-04 18:48:00+00:00,717.3200073242188,717.3428955078125,717.2050170898438,717.3099975585938,38376,6.575508100799923,-2.7908786939256913e-05
2026-05-04 18:49:00+00:00,717.3200073242188,717.489990234375,717.27001953125,717.47998046875,77394,6.5757450454588,0.00023694465887658112
2026-05-04 18:50:00+00:00,717.489990234375,717.5599975585938,717.3709106445312,717.3800048828125,39053,6.5756056930660645,-0.00013935239273532574
2026-05-04 18:51:00+00:00,717.4199829101562,717.5800170898438,717.3499755859375,717.5700073242188,65029,6.575870514057598,0.0002648209915339095
2026-05-04 18:52:00+00:00,717.5800170898438,717.5900268554688,716.9500122070312,717.27001953125,154767,6.575452365982935,-0.00041814807466344917
2026-05-04 18:53:00+00:00,717.2750244140625,717.3300170898438,717.1199951171875,717.1400146484375,46252,6.5752710999849695,-0.00018126599796541853
2026-05-04 18:54:00+00:00,717.14501953125,717.2098999023438,717.0499877929688,717.1400146484375,32577,6.5752710999849695,0.0
2026-05-04 18:55:00+00:00,717.1199951171875,717.4000244140625,717.0800170898438,717.3800048828125,34049,6.5756056930660645,0.0003345930810949582
2026-05-04 18:56:00+00:00,717.4099731445312,717.5,717.3400268554688,717.5,90719,6.5757729476337765,0.0001672545677120496
2026-05-04 18:57:00+00:00,717.52001953125,717.5900268554688,717.4298706054688,717.5850219726562,42505,6.575891438136365,0.00011849050258838645
2026-05-04 18:58:00+00:00,717.5700073242188,717.5900268554688,717.4600219726562,717.510009765625,97239,6.57578689842932,-0.00010453970704471516
2026-05-04 18:59:00+00:00,717.530029296875,717.5999755859375,717.4000244140625,717.469970703125,142033,6.575731094079357,-5.58043499632177e-05
2026-05-04 19:00:00+00:00,717.47998046875,717.5499877929688,717.4100952148438,717.4401245117188,63938,6.5756894939937345,-4.160008562248407e-05
2026-05-04 19:01:00+00:00,717.4400024414062,717.443115234375,717.3099975585938,717.385498046875,44356,6.57561335029514,-7.614369859432202e-05
2026-05-04 19:02:00+00:00,717.364990234375,717.4000244140625,717.219970703125,717.219970703125,616509,6.575382586718547,-0.00023076357659324032
2026-05-04 19:03:00+00:00,717.2150268554688,717.4099731445312,717.1300048828125,717.4000244140625,110883,6.5756335991294925,0.0002510124109456058
2026-05-04 19:04:00+00:00,717.4099731445312,717.52001953125,717.3499755859375,717.3699951171875,107975,6.575591739742315,-4.185938717782278e-05
2026-05-04 19:05:00+00:00,717.3599853515625,717.7899780273438,717.2899780273438,717.780029296875,127183,6.57616315622682,0.000571416484505427
2026-05-04 19:06:00+00:00,717.77001953125,718.219970703125,717.6199951171875,717.72998046875,399284,6.576093426544959,-6.972968186147455e-05
2026-05-04 19:07:00+00:00,717.780029296875,718.0999755859375,717.6400146484375,717.8800048828125,260102,6.576302430962787,0.00020900441782867318
2026-05-04 19:08:00+00:00,717.8900146484375,718.1400146484375,717.8499755859375,717.9949951171875,97868,6.576462598435054,0.00016016747226643702
2026-05-04 19:09:00+00:00,718.0,718.1099853515625,717.9099731445312,717.9099731445312,73725,6.576344175594219,-0.0001184228408348531
2026-05-04 19:10:00+00:00,717.9000244140625,717.9539794921875,717.780029296875,717.8699951171875,97856,6.5762884873575285,-5.5688236690443205e-05
2026-05-04 19:11:00+00:00,717.8599853515625,718.02001953125,717.7999877929688,717.844970703125,118625,6.5762536274937515,-3.485986377693706e-05
2026-05-04 19:12:00+00:00,717.8200073242188,717.97998046875,717.8200073242188,717.9650268554688,85415,6.576420858746951,0.00016723125319906273
2026-05-04 19:13:00+00:00,717.969970703125,717.97998046875,717.9000244140625,717.9600219726562,49228,6.576413887794231,-6.970952719953516e-06
2026-05-04 19:14:00+00:00,717.9749755859375,718.0499877929688,717.9199829101562,718.0399780273438,52674,6.576525247201989,0.00011135940775819364
2026-05-04 19:15:00+00:00,718.0399780273438,718.1099853515625,717.9199829101562,717.9299926757812,50974,6.576372061057401,-0.00015318614458781354
2026-05-04 19:16:00+00:00,717.9299926757812,718.1900024414062,717.9299926757812,718.0999755859375,49856,6.576608801118134,0.00023674006073282072
2026-05-04 19:17:00+00:00,718.1099853515625,718.1900024414062,718.0499877929688,718.0700073242188,76168,6.576567067532166,-4.1733585967485e-05
2026-05-04 19:18:00+00:00,718.0800170898438,718.1099853515625,718.030029296875,718.0999755859375,205610,6.576608801118134,4.1733585967485e-05
2026-05-04 19:19:00+00:00,718.0700073242188,718.0999755859375,717.9099731445312,717.9498901367188,60714,6.576399775716792,-0.00020902540134226655
2026-05-04 19:20:00+00:00,717.9299926757812,717.989990234375,717.7999877929688,717.9199829101562,92660,6.57635811842301,-4.1657293781582894e-05
2026-05-04 19:21:00+00:00,717.9299926757812,717.97998046875,717.8900146484375,717.9650268554688,168272,6.576420858746951,6.274032394060214e-05
2026-05-04 19:22:00+00:00,717.969970703125,717.989990234375,717.739990234375,717.77001953125,67756,6.576149210679421,-0.0002716480675299948
2026-05-04 19:23:00+00:00,717.75,717.9199829101562,717.7100219726562,717.9149780273438,81085,6.576351147032915,0.00020193635349397
2026-05-04 19:24:00+00:00,717.9099731445312,717.969970703125,717.8499755859375,717.9199829101562,47132,6.57635811842301,6.9713900954226915e-06
2026-05-04 19:25:00+00:00,717.9299926757812,718.0,717.4299926757812,717.75,118774,6.576121319001174,-0.0002367994218364089
2026-05-04 19:26:00+00:00,717.7550048828125,717.8099975585938,717.5800170898438,717.75,270672,6.576121319001174,0.0
2026-05-04 19:27:00+00:00,717.739990234375,717.8900146484375,717.6699829101562,717.6950073242188,76131,6.576044697917777,-7.66210833962333e-05
2026-05-04 19:28:00+00:00,717.6799926757812,718.010009765625,717.6500244140625,717.9600219726562,160882,6.576413887794231,0.0003691898764532908
2026-05-04 19:29:00+00:00,717.9550170898438,718.0499877929688,717.719970703125,717.739990234375,146206,6.5761073728703145,-0.00030651492391609025
2026-05-04 19:30:00+00:00,717.75,717.8900146484375,717.739990234375,717.7999877929688,90440,6.576190961707334,8.35888370191995e-05
2026-05-04 19:31:00+00:00,717.8200073242188,718.010009765625,717.77001953125,718.010009765625,149120,6.5764835101287975,0.00029254842146375637
2026-05-04 19:32:00+00:00,718.0,718.02001953125,717.8400268554688,717.9450073242188,83615,6.5763929746445005,-9.05354842970496e-05
2026-05-04 19:33:00+00:00,717.9299926757812,718.0399780273438,717.9299926757812,718.010009765625,84599,6.5764835101287975,9.05354842970496e-05
2026-05-04 19:34:00+00:00,718.0,718.0800170898438,717.9400024414062,718.0050048828125,79664,6.576476539612805,-6.970515992854587e-06
2026-05-04 19:35:00+00:00,717.9949951171875,718.1099853515625,717.9650268554688,718.0999755859375,94513,6.576608801118134,0.0001322615053291898
2026-05-04 19:36:00+00:00,718.0999755859375,718.1599731445312,718.0399780273438,718.0499877929688,93489,6.576539187506375,-6.961361175861214e-05
2026-05-04 19:37:00+00:00,718.0700073242188,718.219970703125,718.0499877929688,718.2050170898438,111154,6.576755067412033,0.00021587990565752335
2026-05-04 19:38:00+00:00,718.2000122070312,718.260009765625,718.0700073242188,718.0700073242188,84534,6.576567067532166,-0.0001879998798663962
2026-05-04 19:39:00+00:00,718.0700073242188,718.0900268554688,717.9400024414062,717.97998046875,101530,6.576441686304003,-0.00012538122816341257
2026-05-04 19:40:00+00:00,717.989990234375,718.0599975585938,717.8099975585938,717.8599853515625,203806,6.576274543557843,-0.00016714274616003166
2026-05-04 19:41:00+00:00,717.8699951171875,717.9299926757812,717.75,717.77001953125,81205,6.576149210679421,-0.0001253328784223129
2026-05-04 19:42:00+00:00,717.760009765625,717.8800048828125,717.7100219726562,717.8699951171875,154495,6.5762884873575285,0.00013927667810786915
2026-05-04 19:43:00+00:00,717.8699951171875,717.8699951171875,717.75,717.77001953125,78281,6.576149210679421,-0.00013927667810786915
2026-05-04 19:44:00+00:00,717.7650146484375,717.8289794921875,717.6699829101562,717.75,121762,6.576121319001174,-2.7891678247016216e-05
2026-05-04 19:45:00+00:00,717.739990234375,717.780029296875,717.6099853515625,717.6699829101562,132924,6.5760098295543505,-0.00011148944682304318
2026-05-04 19:46:00+00:00,717.6649780273438,717.8099975585938,717.5999755859375,717.760009765625,126723,6.57613526493754,0.00012543538318965375
2026-05-04 19:47:00+00:00,717.760009765625,718.0900268554688,717.760009765625,718.0800170898438,144440,6.576581007253581,0.00044574231604066483
2026-05-04 19:48:00+00:00,718.0800170898438,718.1500244140625,717.989990234375,718.030029296875,107127,6.576511391706896,-6.961554668460934e-05
2026-05-04 19:49:00+00:00,718.0399780273438,718.2000122070312,718.0,718.1400146484375,167291,6.57666455651108,0.00015316480418370304
2026-05-04 19:50:00+00:00,718.1400146484375,718.1500244140625,717.5,717.5399780273438,693518,6.575828664586567,-0.0008358919245132768
2026-05-04 19:51:00+00:00,717.5399780273438,717.6699829101562,717.469970703125,717.6500244140625,287558,6.575982019036845,0.00015335445027808703
2026-05-04 19:52:00+00:00,717.6599731445312,717.6849975585938,717.4199829101562,717.469970703125,229512,6.575731094079357,-0.000250924957487797
2026-05-04 19:53:00+00:00,717.489990234375,717.5800170898438,717.4000244140625,717.5,223443,6.5757729476337765,4.185355441954641e-05
2026-05-04 19:54:00+00:00,717.52001953125,717.5499877929688,717.3499755859375,717.52001953125,243891,6.575800849030243,2.7901396466134543e-05
2026-05-04 19:55:00+00:00,717.5399780273438,717.72998046875,717.3699951171875,717.5599975585938,322217,6.575856564428517,5.57153982745362e-05
2026-05-04 19:56:00+00:00,717.5499877929688,717.6300048828125,717.489990234375,717.6199951171875,253845,6.575940174232075,8.360980355792691e-05
2026-05-04 19:57:00+00:00,717.6300048828125,717.7349853515625,717.5999755859375,717.7150268554688,390088,6.576072591733167,0.00013241750109216355
2026-05-04 19:58:00+00:00,717.719970703125,717.8599853515625,717.62109375,717.8599853515625,424055,6.576274543557843,0.0002019518246756391
2026-05-04 19:59:00+00:00,717.8400268554688,718.0999755859375,717.7100219726562,718.0700073242188,1744406,6.576567067532166,0.00029252397432344424
2026-05-05 13:30:00+00:00,721.77001953125,722.1300048828125,721.6400146484375,721.8099975585938,1465561,6.581761942983635,0.0051948754514690165
2026-05-05 13:31:00+00:00,721.8499755859375,721.8499755859375,721.4949951171875,721.780029296875,245701,6.581720423908045,-4.15190755900241e-05
2026-05-05 13:32:00+00:00,721.780029296875,721.9099731445312,721.7075805664062,721.8690185546875,168526,6.581843707690981,0.00012328378293524622
2026-05-05 13:33:00+00:00,721.8699951171875,722.1668090820312,721.8499755859375,722.1599731445312,216098,6.582246683802199,0.00040297611121875576
2026-05-05 13:34:00+00:00,722.1699829101562,722.2999877929688,722.0599975585938,722.2899780273438,141875,6.5824266898772565,0.00018000607505719302
2026-05-05 13:35:00+00:00,722.2999877929688,722.3800048828125,722.1300048828125,722.3699951171875,146935,6.582537466241818,0.0001107763645613602
2026-05-05 13:36:00+00:00,722.3499755859375,722.47998046875,722.260009765625,722.2899780273438,125820,6.5824266898772565,-0.0001107763645613602
2026-05-05 13:37:00+00:00,722.2999877929688,722.3099975585938,722.0399780273438,722.1400146484375,106902,6.582219046197459,-0.00020764367979797527
2026-05-05 13:38:00+00:00,722.1400146484375,722.1430053710938,721.9000244140625,721.9500122070312,84365,6.581955901325644,-0.0002631448718144469
2026-05-05 13:39:00+00:00,721.9600219726562,722.1799926757812,721.9400024414062,722.0599975585938,106264,6.582108234551912,0.0001523332262678423
2026-05-05 13:40:00+00:00,722.030029296875,722.2100219726562,722.0250244140625,722.1900024414062,78656,6.582288265548157,0.0001800309962449731
2026-05-05 13:41:00+00:00,722.1900024414062,722.4000244140625,722.1900024414062,722.3900146484375,134372,6.582565179538304,0.0002769139901470652
2026-05-05 13:42:00+00:00,722.3900146484375,722.3900146484375,722.0599975585938,722.1300048828125,108595,6.58220518484814,-0.00035999469016356755
2026-05-05 13:43:00+00:00,722.135009765625,722.1900024414062,721.75,721.8400268554688,149401,6.5818035448904295,-0.00040163995771091976
2026-05-05 13:44:00+00:00,721.8599853515625,722.22998046875,721.8200073242188,722.22998046875,65008,6.582343620677312,0.0005400757868825323
2026-05-05 13:45:00+00:00,722.2100219726562,722.5399780273438,722.1900024414062,722.510009765625,90400,6.582731274237503,0.00038765356019077046
2026-05-05 13:46:00+00:00,722.4600219726562,722.5599975585938,722.4299926757812,722.52001953125,83342,6.58274512829648,1.3854058977358363e-05
2026-05-05 13:47:00+00:00,722.52001953125,722.6199951171875,722.3200073242188,722.4500122070312,104030,6.582648230336335,-9.689796014544783e-05
2026-05-05 13:48:00+00:00,722.4500122070312,722.47900390625,722.3099975585938,722.4400024414062,76103,6.582634374934853,-1.3855401482132379e-05
2026-05-05 13:49:00+00:00,722.4400024414062,722.469970703125,722.094970703125,722.1599731445312,79816,6.582246683802199,-0.00038769113265324506
2026-05-05 13:50:00+00:00,722.1599731445312,722.719970703125,722.1500244140625,722.7100219726562,221189,6.583008065596487,0.0007613817942875301
2026-05-05 13:51:00+00:00,722.7000122070312,722.7899780273438,722.5800170898438,722.760009765625,133922,6.583077230355204,6.916475871676653e-05
2026-05-05 13:52:00+00:00,722.75,722.75,722.5700073242188,722.6099853515625,138799,6.582869637261244,-0.00020759309395934622
2026-05-05 13:53:00+00:00,722.6099853515625,722.6900024414062,722.530029296875,722.5728759765625,142605,6.58281828130346,-5.1355957784160466e-05
2026-05-05 13:54:00+00:00,722.5791015625,722.6199951171875,722.2899780273438,722.3699951171875,101372,6.582537466241818,-0.0002808150616422367
2026-05-05 13:55:00+00:00,722.3599243164062,722.5150146484375,722.2899780273438,722.4400024414062,75227,6.582634374934853,9.690869303469185e-05
2026-05-05 13:56:00+00:00,722.4400024414062,722.5399780273438,722.4000244140625,722.5250244140625,74673,6.5827520552539935,0.00011768031914094479
2026-05-05 13:57:00+00:00,722.510009765625,722.5499877929688,722.3800048828125,722.3900146484375,89256,6.582565179538304,-0.00018687571568953842
2026-05-05 13:58:00+00:00,722.3900146484375,722.5,722.3699951171875,722.4500122070312,46197,6.582648230336335,8.305079803072601e-05
2026-05-05 13:59:00+00:00,722.4400024414062,722.5399780273438,722.3800048828125,722.530029296875,44603,6.582758982163526,0.0001107518271910024
2026-05-05 14:00:00+00:00,722.5999755859375,722.6400146484375,722.1400146484375,722.469970703125,461761,6.5826758560821625,-8.312608136318289e-05
2026-05-05 14:01:00+00:00,722.4299926757812,722.780029296875,722.4199829101562,722.7799072265625,133959,6.583104759807286,0.0004289037251234973
2026-05-05 14:02:00+00:00,722.77001953125,722.7849731445312,722.52001953125,722.5499877929688,85686,6.5827866048499635,-0.0003181549573225695
2026-05-05 14:03:00+00:00,722.5599975585938,722.7349853515625,722.5499877929688,722.6599731445312,52633,6.582938811594655,0.00015220674469151874
2026-05-05 14:04:00+00:00,722.6799926757812,722.7698974609375,722.6500244140625,722.75,43915,6.583063380896456,0.00012456930180082537
2026-05-05 14:05:00+00:00,722.77001953125,722.7849731445312,722.6300048828125,722.64501953125,60577,6.582918118919603,-0.00014526197685249542
2026-05-05 14:06:00+00:00,722.6400146484375,722.9299926757812,722.6400146484375,722.8483276367188,80142,6.583199418182873,0.0002812992632694744
2026-05-05 14:07:00+00:00,722.8300170898438,722.97802734375,722.8099975585938,722.9400024414062,56947,6.5833262345402925,0.00012681635741973452
2026-05-05 14:08:00+00:00,722.9400024414062,723.1599731445312,722.8599853515625,723.010009765625,90132,6.58342306682866,9.683228836721014e-05
2026-05-05 14:09:00+00:00,723.010009765625,723.2186889648438,722.969970703125,723.1837158203125,93584,6.583663291983076,0.00024022515441668446
2026-05-05 14:10:00+00:00,723.1799926757812,723.3900146484375,723.0723266601562,723.1400146484375,88799,6.583602861291154,-6.0430691922519486e-05
2026-05-05 14:11:00+00:00,723.1400146484375,723.2000122070312,723.030029296875,723.2000122070312,151428,6.583685825957158,8.296466600388186e-05
2026-05-05 14:12:00+00:00,723.219970703125,723.22998046875,723.0650024414062,723.0800170898438,57153,6.583519889741443,-0.00016593621571470152
2026-05-05 14:13:00+00:00,723.0700073242188,723.1400146484375,722.2999877929688,722.6300048828125,237722,6.582897341353833,-0.0006225483876098892
2026-05-05 14:14:00+00:00,722.5999755859375,722.6599731445312,722.1599731445312,722.3150024414062,177668,6.582461335215468,-0.00043600613836503044
2026-05-05 14:15:00+00:00,722.3099975585938,722.3400268554688,722.02001953125,722.2708740234375,113889,6.582400240311107,-6.109490436134735e-05
2026-05-05 14:16:00+00:00,722.27001953125,722.469970703125,722.030029296875,722.3900146484375,131216,6.582565179538304,0.00016493922719718057
2026-05-05 14:17:00+00:00,722.3900146484375,722.6799926757812,722.2750244140625,722.6400146484375,65313,6.582911193112314,0.00034601357400987354
2026-05-05 14:18:00+00:00,722.6699829101562,722.75,721.7899780273438,722.0599975585938,282611,6.582108234551912,-0.0008029585604019118
2026-05-05 14:19:00+00:00,722.0599975585938,722.27001953125,721.97998046875,722.14501953125,72778,6.582225976800067,0.00011774224815486178
2026-05-05 14:20:00+00:00,722.1300048828125,722.27001953125,722.010009765625,722.1400146484375,78245,6.582219046197459,-6.930602608257175e-06
2026-05-05 14:21:00+00:00,722.1400146484375,722.2899780273438,722.1199951171875,722.239990234375,58530,6.582357480107869,0.0001384339104104626
2026-05-05 14:22:00+00:00,722.260009765625,722.9500122070312,722.239990234375,722.8800048828125,168826,6.583243240034304,0.0008857599264349147
2026-05-05 14:23:00+00:00,722.8499755859375,723.010009765625,722.77001953125,722.8699951171875,99718,6.583229392874525,-1.3847159778812568e-05
2026-05-05 14:24:00+00:00,722.8800048828125,723.25,722.8599853515625,723.1799926757812,81219,6.583658143700513,0.0004287508259874784
2026-05-05 14:25:00+00:00,723.1699829101562,723.6699829101562,723.1400146484375,723.3599853515625,156506,6.583907003295745,0.00024885959523235357
2026-05-05 14:26:00+00:00,723.3900146484375,723.4500122070312,723.2100219726562,723.219970703125,90997,6.5837134230538945,-0.00019358024185045508
2026-05-05 14:27:00+00:00,723.2100219726562,723.3200073242188,723.1199951171875,723.1500244140625,52573,6.583616703280457,-9.671977343739258e-05
2026-05-05 14:28:00+00:00,723.1500244140625,723.4000244140625,723.0999755859375,723.3499755859375,50840,6.583893165324216,0.0002764620437591958
2026-05-05 14:29:00+00:00,723.3599853515625,723.4299926757812,723.27001953125,723.2899780273438,34168,6.583810217858984,-8.294746523240804e-05
2026-05-05 14:30:00+00:00,723.2979736328125,723.3900146484375,723.1699829101562,723.1701049804688,65202,6.583644471083725,-0.00016574677525849069
2026-05-05 14:31:00+00:00,723.1699829101562,723.1749877929688,722.9299926757812,722.969970703125,74417,6.583367686998993,-0.0002767840847326397
2026-05-05 14:32:00+00:00,722.969970703125,723.0499877929688,722.8599853515625,723.02001953125,60997,6.583436911306883,6.922430789035872e-05
2026-05-05 14:33:00+00:00,723.010009765625,723.0599975585938,722.8400268554688,722.8699951171875,129449,6.583229392874525,-0.00020751843235800038
2026-05-05 14:34:00+00:00,722.8900146484375,723.0800170898438,722.8699951171875,723.02001953125,72486,6.583436911306883,0.00020751843235800038
2026-05-05 14:35:00+00:00,723.02001953125,723.0900268554688,722.9400024414062,722.9949951171875,59359,6.583402299751938,-3.4611554944774525e-05
2026-05-05 14:36:00+00:00,723.0,723.1400146484375,722.8900146484375,722.969970703125,71885,6.583367686998993,-3.461275294558419e-05
2026-05-05 14:37:00+00:00,722.969970703125,722.969970703125,722.6799926757812,722.77001953125,112200,6.583091079622147,-0.00027660737684609416
2026-05-05 14:38:00+00:00,722.7899780273438,722.8099975585938,722.5599975585938,722.6699829101562,146338,6.582952662778716,-0.0001384168434306332
2026-05-05 14:39:00+00:00,722.6749877929688,722.72998046875,722.6199951171875,722.6749877929688,26111,6.5829595882988015,6.925520085410142e-06
2026-05-05 14:40:00+00:00,722.6749877929688,722.760009765625,722.6199951171875,722.7249755859375,33117,6.583028756410404,6.91681116027354e-05
2026-05-05 14:41:00+00:00,722.719970703125,723.010009765625,722.719970703125,722.9400024414062,117005,6.5833262345402925,0.00029747812988834
2026-05-05 14:42:00+00:00,722.9400024414062,723.0800170898438,722.9400024414062,722.989990234375,68108,6.583395377297192,6.914275689950955e-05
2026-05-05 14:43:00+00:00,722.97998046875,723.0900268554688,722.9000244140625,723.0349731445312,109063,6.583457593249627,6.221595243527389e-05
2026-05-05 14:44:00+00:00,723.030029296875,723.030029296875,722.6699829101562,722.7000122070312,91044,6.582994215179805,-0.0004633780698224399
2026-05-05 14:45:00+00:00,722.719970703125,722.719970703125,722.5800170898438,722.6400146484375,69821,6.582911193112314,-8.302206749100094e-05
2026-05-05 14:46:00+00:00,722.6400146484375,722.8200073242188,722.52001953125,722.5999755859375,101468,6.582855784927125,-5.5408185188454695e-05
2026-05-05 14:47:00+00:00,722.5800170898438,722.7150268554688,722.3800048828125,722.4400024414062,150441,6.582634374934853,-0.0002214099922728252
2026-05-05 14:48:00+00:00,722.4400024414062,722.8699951171875,722.4400024414062,722.8099975585938,100110,6.583146390330487,0.000512015395634613
2026-05-05 14:49:00+00:00,722.8099975585938,722.9000244140625,722.6901245117188,722.719970703125,39615,6.5830218313693285,-0.00012455896115870502
2026-05-05 14:50:00+00:00,722.7025146484375,722.719970703125,722.5800170898438,722.6300048828125,52055,6.582897341353833,-0.00012449001549530436
2026-05-05 14:51:00+00:00,722.625,722.6699829101562,722.510009765625,722.5999755859375,40938,6.582855784927125,-4.155642670777837e-05
2026-05-05 14:52:00+00:00,722.5999755859375,722.8192138671875,722.5650024414062,722.8099975585938,47182,6.583146390330487,0.00029060540336178775
2026-05-05 14:53:00+00:00,722.780029296875,722.8599853515625,722.6799926757812,722.7949829101562,45635,6.583125617507149,-2.0772823337900093e-05
2026-05-05 14:54:00+00:00,722.7999877929688,722.9500122070312,722.7100219726562,722.9398803710938,33981,6.583326065687659,0.00020044818051001556
2026-05-05 14:55:00+00:00,722.9600219726562,723.1099853515625,722.9500122070312,722.9749755859375,68366,6.583374609645426,4.854395776643372e-05
2026-05-05 14:56:00+00:00,722.97998046875,723.0800170898438,722.9199829101562,723.0499877929688,41981,6.583478359178108,0.000103749532682329
2026-05-05 14:57:00+00:00,723.0499877929688,723.0700073242188,722.8900146484375,722.989990234375,42173,6.583395377297192,-8.29818809160443e-05
2026-05-05 14:58:00+00:00,722.9801025390625,722.989990234375,722.9199829101562,722.9650268554688,33906,6.583360848728026,-3.452856916563718e-05
2026-05-05 14:59:00+00:00,722.9600219726562,723.1799926757812,722.9600219726562,723.1400146484375,58866,6.583602861291154,0.00024201256312750274
2026-05-05 15:00:00+00:00,723.1500244140625,723.2498779296875,723.030029296875,723.0599975585938,47128,6.583492202890864,-0.00011065840029012008
2026-05-05 15:01:00+00:00,723.0599975585938,723.22998046875,723.0599975585938,723.2100219726562,66159,6.583699666798121,0.0002074639072571216
2026-05-05 15:02:00+00:00,723.2100219726562,723.22998046875,723.1400756835938,723.219970703125,43312,6.5837134230538945,1.3756255773600401e-05
2026-05-05 15:03:00+00:00,723.219970703125,723.3699951171875,723.1799926757812,723.3400268554688,60862,6.583879411540818,0.0001659884869233963
2026-05-05 15:04:00+00:00,723.3400268554688,723.530029296875,723.3200073242188,723.5,56226,6.5841005460715385,0.0002211345307205903
2026-05-05 15:05:00+00:00,723.5,723.5499877929688,723.4199829101562,723.5,66545,6.5841005460715385,0.0
2026-05-05 15:06:00+00:00,723.52001953125,723.6300048828125,723.4299926757812,723.5811157226562,129210,6.5842126555059854,0.00011210943444694976
2026-05-05 15:07:00+00:00,723.5800170898438,723.6489868164062,723.4462280273438,723.510009765625,1042286,6.584114381173656,-9.827433232967309e-05
2026-05-05 15:08:00+00:00,723.5,723.52001953125,723.2999877929688,723.3400268554688,51762,6.583879411540818,-0.00023496963283786698
2026-05-05 15:09:00+00:00,723.3200073242188,723.4199829101562,723.2999877929688,723.3200073242188,28796,6.5838517346426135,-2.7676898204376243e-05
2026-05-05 15:10:00+00:00,723.3300170898438,723.4149780273438,723.3099975585938,723.3499755859375,33249,6.583893165324216,4.143068160278318e-05
2026-05-05 15:11:00+00:00,723.3599853515625,723.469970703125,723.3275756835938,723.4000244140625,46478,6.583962353267046,6.918794283006235e-05
2026-05-05 15:12:00+00:00,723.4099731445312,723.5999755859375,723.4000244140625,723.5700073242188,44654,6.584197303414195,0.0002349501471483606
2026-05-05 15:13:00+00:00,723.5650024414062,723.6414184570312,723.4550170898438,723.484619140625,50190,6.584079286883055,-0.00011801653113963084
2026-05-05 15:14:00+00:00,723.4600219726562,723.5800170898438,723.4099731445312,723.5499877929688,33768,6.584169635312975,9.03484299197288e-05
2026-05-05 15:15:00+00:00,723.5499877929688,723.6500244140625,723.5,723.5679931640625,41699,6.584194519767914,2.488445493931124e-05
2026-05-05 15:16:00+00:00,723.5650024414062,723.5800170898438,723.4400024414062,723.4500122070312,28481,6.584031452056449,-0.00016306771146545884
2026-05-05 15:17:00+00:00,723.4400024414062,723.530029296875,723.4099731445312,723.4201049804688,35095,6.583990111474165,-4.134058228366655e-05
2026-05-05 15:18:00+00:00,723.4199829101562,723.52001953125,723.4099731445312,723.4949951171875,37236,6.5840936284487,0.00010351697453536701
2026-05-05 15:19:00+00:00,723.5,723.5499877929688,723.3400268554688,723.375,36651,6.583927759894003,-0.00016586855469746808
2026-05-05 15:20:00+00:00,723.3699951171875,723.4199829101562,723.219970703125,723.27001953125,52321,6.58378262343341,-0.00014513646059288732
2026-05-05 15:21:00+00:00,723.27001953125,723.4500122070312,723.25,723.4500122070312,30686,6.584031452056449,0.00024882862303865494
2026-05-05 15:22:00+00:00,723.4500122070312,723.5,723.3400268554688,723.4000244140625,24514,6.583962353267046,-6.909878940231096e-05
2026-05-05 15:23:00+00:00,723.4000244140625,723.4400024414062,723.25,723.3300170898438,21126,6.583865573187468,-9.678007957880652e-05
2026-05-05 15:24:00+00:00,723.3400268554688,723.3400268554688,723.1400146484375,723.1699829101562,105567,6.583644302284819,-0.00022127090264856264
2026-05-05 15:25:00+00:00,723.1400146484375,723.219970703125,723.1099853515625,723.1900024414062,63672,6.5836719849246235,2.7682639804460507e-05
2026-05-05 15:26:00+00:00,723.1900024414062,723.469970703125,723.1799926757812,723.3800048828125,26452,6.583934678664348,0.0002626937397245399
2026-05-05 15:27:00+00:00,723.385009765625,723.3900146484375,723.2999877929688,723.3049926757812,32873,6.583830976466254,-0.0001037021980936359
2026-05-05 15:28:00+00:00,723.3088989257812,723.3800048828125,723.260009765625,723.260009765625,40922,6.583768783740597,-6.21927256574395e-05
2026-05-05 15:29:00+00:00,723.25,723.47998046875,723.2100219726562,723.47998046875,223960,6.58407287529306,0.00030409155246324815
2026-05-05 15:30:00+00:00,723.47998046875,723.5399780273438,723.3499755859375,723.35498046875,49689,6.583900084333917,-0.00017279095914357612
2026-05-05 15:31:00+00:00,723.3699951171875,723.3800048828125,723.2849731445312,723.3300170898438,48470,6.583865573187468,-3.451114644903441e-05
2026-05-05 15:32:00+00:00,723.3300170898438,723.3350219726562,723.0599975585938,723.0700073242188,37308,6.583506046411974,-0.00035952677549389023
2026-05-05 15:33:00+00:00,723.0700073242188,723.156005859375,722.9099731445312,722.9299926757812,60169,6.583312388529712,-0.0001936578822618884
2026-05-05 15:34:00+00:00,722.9600219726562,722.989990234375,722.9400024414062,722.969970703125,40033,6.583367686998993,5.5298469280984364e-05
2026-05-05 15:35:00+00:00,722.969970703125,723.2100219726562,722.9600219726562,723.1599731445312,76570,6.583630460677538,0.000262773678545436
2026-05-05 15:36:00+00:00,723.1300048828125,723.1799926757812,723.094970703125,723.1799926757812,68745,6.583658143700513,2.768302297440073e-05
2026-05-05 15:37:00+00:00,723.1774291992188,723.22998046875,723.0700073242188,723.1300048828125,42403,6.5835890191102475,-6.912459026509055e-05
2026-05-05 15:38:00+00:00,723.125,723.1900024414062,723.1099853515625,723.1400146484375,31887,6.583602861291154,1.3842180906387114e-05
2026-05-05 15:39:00+00:00,723.1400146484375,723.1900024414062,723.010009765625,723.1300048828125,32786,6.5835890191102475,-1.3842180906387114e-05
2026-05-05 15:40:00+00:00,723.1199951171875,723.169677734375,723.0399780273438,723.0499877929688,17168,6.583478359178108,-0.00011065993213943415
2026-05-05 15:41:00+00:00,723.0460815429688,723.1199951171875,723.030029296875,723.0700073242188,26930,6.583506046411974,2.768723386559202e-05
2026-05-05 15:42:00+00:00,723.0549926757812,723.169921875,723.02001953125,723.0499877929688,19692,6.583478359178108,-2.768723386559202e-05
2026-05-05 15:43:00+00:00,723.0399780273438,723.0700073242188,722.9600219726562,723.02001953125,28615,6.583436911306883,-4.14478712249533e-05
2026-05-05 15:44:00+00:00,723.02001953125,723.1699829101562,723.02001953125,723.1199951171875,36105,6.583575176737732,0.00013826543084860532
2026-05-05 15:45:00+00:00,723.135009765625,723.3200073242188,723.1099853515625,723.280029296875,48358,6.583796462934689,0.00022128619695749308
2026-05-05 15:46:00+00:00,723.280029296875,723.4199829101562,723.280029296875,723.4000244140625,44584,6.583962353267046,0.00016589033235714368
2026-05-05 15:47:00+00:00,723.3900146484375,723.4199829101562,723.2899169921875,723.2899169921875,25589,6.583810133473522,-0.00015221979352464388
2026-05-05 15:48:00+00:00,723.2849731445312,723.3200073242188,723.25,723.27001953125,28468,6.58378262343341,-2.7510040111700107e-05
2026-05-05 15:49:00+00:00,723.260009765625,723.3400268554688,723.2100219726562,723.3250122070312,35560,6.583858653938979,7.603050556870272e-05
2026-05-05 15:50:00+00:00,723.3200073242188,723.4000244140625,723.3099975585938,723.3798828125,36376,6.583934509914422,7.585597544323974e-05
2026-05-05 15:51:00+00:00,723.3699951171875,723.4199829101562,723.3300170898438,723.35498046875,36843,6.583900084333917,-3.442558050537059e-05
2026-05-05 15:52:00+00:00,723.3499755859375,723.3699951171875,723.260009765625,723.3300170898438,26517,6.583865573187468,-3.451114644903441e-05
2026-05-05 15:53:00+00:00,723.3400268554688,723.3499755859375,723.239990234375,723.25,25995,6.583754943856245,-0.0001106293312229667
2026-05-05 15:54:00+00:00,723.25,723.2899780273438,723.1699829101562,723.2449951171875,43123,6.583748023842239,-6.920014005373787e-06
2026-05-05 15:55:00+00:00,723.239990234375,723.25,723.1099853515625,723.12060546875,40642,6.583576020790322,-0.00017200305191700238
2026-05-05 15:56:00+00:00,723.1400146484375,723.219970703125,723.1199951171875,723.1199951171875,30331,6.583575176737732,-8.440525904873653e-07
2026-05-05 15:57:00+00:00,723.1199951171875,723.1400146484375,723.02001953125,723.0800170898438,20861,6.583519889741443,-5.5286996288650414e-05
2026-05-05 15:58:00+00:00,723.0800170898438,723.0999755859375,722.969970703125,723.0499877929688,34240,6.583478359178108,-4.15305633350016e-05
2026-05-05 15:59:00+00:00,723.0549926757812,723.0900268554688,723.0001220703125,723.0399780273438,30649,6.583464515273701,-1.384390440684058e-05
2026-05-05 16:00:00+00:00,723.0399780273438,723.1500244140625,723.0399780273438,723.0999755859375,31022,6.583547491417854,8.297614415297971e-05
2026-05-05 16:01:00+00:00,723.0999755859375,723.1900024414062,722.9600219726562,723.1799926757812,40219,6.583658143700513,0.00011065228265838556
2026-05-05 16:02:00+00:00,723.1890869140625,723.3900146484375,723.1400146484375,723.3499755859375,30555,6.583893165324216,0.00023502162370370172
2026-05-05 16:03:00+00:00,723.3599853515625,723.3599853515625,723.239990234375,723.25,32845,6.583754943856245,-0.00013822146797171087
2026-05-05 16:04:00+00:00,723.260009765625,723.3499755859375,723.2000122070312,723.3200073242188,22397,6.5838517346426135,9.679078636892768e-05
2026-05-05 16:05:00+00:00,723.3099975585938,723.47998046875,723.3099975585938,723.47998046875,31878,6.58407287529306,0.00022114065044664954
2026-05-05 16:06:00+00:00,723.47998046875,723.530029296875,723.4500122070312,723.4708862304688,42770,6.584060305082847,-1.257021021316973e-05
2026-05-05 16:07:00+00:00,723.469970703125,723.5399780273438,723.4099731445312,723.5349731445312,38360,6.584148883734674,8.857865182676505e-05
2026-05-05 16:08:00+00:00,723.530029296875,723.5499877929688,723.489990234375,723.5,35025,6.5841005460715385,-4.833766313527832e-05
2026-05-05 16:09:00+00:00,723.510009765625,723.5599975585938,723.47998046875,723.5,37840,6.5841005460715385,0.0
2026-05-05 16:10:00+00:00,723.5,723.5700073242188,723.47998046875,723.5700073242188,23614,6.584197303414195,9.675734265623959e-05
2026-05-05 16:11:00+00:00,723.5700073242188,723.5700073242188,723.510009765625,723.510009765625,24208,6.584114381173656,-8.292224053896291e-05
2026-05-05 16:12:00+00:00,723.5,723.5599975585938,723.4949951171875,723.5349731445312,19322,6.584148883734674,3.450256101800164e-05
2026-05-05 16:13:00+00:00,723.5399780273438,723.5800170898438,723.510009765625,723.53271484375,49752,6.584145762525071,-3.1212096027743996e-06
2026-05-05 16:14:00+00:00,723.5499877929688,723.5900268554688,723.5,723.5050048828125,21493,6.584107463646523,-3.829887854767122e-05
2026-05-05 16:15:00+00:00,723.5050048828125,723.5599975585938,723.469970703125,723.530029296875,25079,6.584142050803674,3.458715715076721e-05
2026-05-05 16:16:00+00:00,723.5399780273438,723.6099853515625,723.52001953125,723.594970703125,22453,6.584231803114351,8.975231067687162e-05
2026-05-05 16:17:00+00:00,723.5999755859375,723.6199951171875,723.3900146484375,723.4000244140625,36609,6.583962353267046,-0.00026944984730459254
2026-05-05 16:18:00+00:00,723.4000854492188,723.5,723.4000854492188,723.5,15919,6.5841005460715385,0.000138192804492121
2026-05-05 16:19:00+00:00,723.510009765625,723.5900268554688,723.47998046875,723.5900268554688,44695,6.584224970749912,0.00012442467837381344
2026-05-05 16:20:00+00:00,723.5900268554688,723.8099975585938,723.5599975585938,723.7999877929688,140108,6.584515094264443,0.0002901235145307268
2026-05-05 16:21:00+00:00,723.8099975585938,723.8699951171875,723.7349853515625,723.75,53089,6.584446028887205,-6.906537723772033e-05
2026-05-05 16:22:00+00:00,723.760009765625,723.780029296875,723.7100219726562,723.7401123046875,62589,6.584432367038701,-1.366184850404295e-05
2026-05-05 16:23:00+00:00,723.739990234375,723.760009765625,723.6799926757812,723.7000122070312,36044,6.584376958739612,-5.5408299089343416e-05
2026-05-05 16:24:00+00:00,723.7000122070312,723.75,723.6699829101562,723.7000122070312,21031,6.584376958739612,0.0
2026-05-05 16:25:00+00:00,723.7000122070312,723.7689819335938,723.7000122070312,723.719970703125,19026,6.584404536769942,2.7578030330488446e-05
2026-05-05 16:26:00+00:00,723.719970703125,723.7899780273438,723.6400146484375,723.760009765625,28516,6.584459859210392,5.5322440449145915e-05
2026-05-05 16:27:00+00:00,723.760009765625,723.760009765625,723.2999877929688,723.3300170898438,61121,6.583865573187468,-0.0005942860229239955
2026-05-05 16:28:00+00:00,723.2999877929688,723.5599975585938,723.0399780273438,723.5599975585938,122595,6.584183469459275,0.0003178962718077827
2026-05-05 16:29:00+00:00,723.52001953125,723.5900268554688,723.489990234375,723.5800170898438,22389,6.584211137177739,2.7667718463852964e-05
2026-05-05 16:30:00+00:00,723.5599975585938,723.5999755859375,723.510009765625,723.5499877929688,25291,6.584169635312975,-4.1501864764370566e-05
2026-05-05 16:31:00+00:00,723.5700073242188,723.5700073242188,723.4000244140625,723.47998046875,50015,6.58407287529306,-9.676001991465455e-05
2026-05-05 16:32:00+00:00,723.4799194335938,723.5599975585938,723.4199829101562,723.530029296875,52757,6.584142050803674,6.917551061391691e-05
2026-05-05 16:33:00+00:00,723.5380249023438,723.5499877929688,723.4550170898438,723.469970703125,27596,6.5840590396166885,-8.301118698561538e-05
2026-05-05 16:34:00+00:00,723.489990234375,723.5,723.3699951171875,723.5,63073,6.5841005460715385,4.150645485001547e-05
2026-05-05 16:35:00+00:00,723.47998046875,723.5999755859375,723.4199829101562,723.5499877929688,65001,6.584169635312975,6.908924143633755e-05
2026-05-05 16:36:00+00:00,723.530029296875,723.6900024414062,723.530029296875,723.64501953125,29379,6.584300967632306,0.00013133231933082357
2026-05-05 16:37:00+00:00,723.64501953125,723.6492919921875,723.5900268554688,723.6300048828125,16115,6.584280218779206,-2.0748853099661346e-05
2026-05-05 16:38:00+00:00,723.6300048828125,723.6649780273438,723.52001953125,723.5700073242188,30951,6.584197303414195,-8.291536501126018e-05
2026-05-05 16:39:00+00:00,723.5399780273438,723.5399780273438,723.4199829101562,723.4199829101562,27068,6.583989942733592,-0.00020736068060234203
2026-05-05 16:40:00+00:00,723.4199829101562,723.4500122070312,723.2999877929688,723.2999877929688,31637,6.5838240569783775,-0.00016588575521492288
2026-05-05 16:41:00+00:00,723.2999267578125,723.489990234375,723.2949829101562,723.469970703125,46198,6.5840590396166885,0.00023498263831100985
2026-05-05 16:42:00+00:00,723.4650268554688,723.510009765625,723.4299926757812,723.4299926757812,32371,6.584003779365992,-5.526025069624296e-05
2026-05-05 16:43:00+00:00,723.4299926757812,723.4299926757812,723.27001953125,723.3499755859375,21195,6.583893165324216,-0.00011061404177592493
2026-05-05 16:44:00+00:00,723.3599243164062,723.4400024414062,723.3200073242188,723.4398803710938,37959,6.5840174470710116,0.00012428174679524062
2026-05-05 16:45:00+00:00,723.4199829101562,723.5399780273438,723.3499755859375,723.530029296875,21208,6.584142050803674,0.00012460373266254265
2026-05-05 16:46:00+00:00,723.52001953125,723.6500244140625,723.4774780273438,723.6199951171875,24364,6.584266385971294,0.00012433516762033747
2026-05-05 16:47:00+00:00,723.6199951171875,723.739990234375,723.6199951171875,723.7249755859375,38650,6.584411452242376,0.00014506627108179515
2026-05-05 16:48:00+00:00,723.72998046875,723.72998046875,723.6199951171875,723.6400146484375,44846,6.584294051395774,-0.00011740084660250005
2026-05-05 16:49:00+00:00,723.6500244140625,723.6900024414062,723.5999755859375,723.6099853515625,21502,6.584252552972034,-4.149842374001622e-05
2026-05-05 16:50:00+00:00,723.6099853515625,723.6699829101562,723.5999755859375,723.614013671875,20673,6.584258119933769,5.566961735148368e-06
2026-05-05 16:51:00+00:00,723.6300048828125,723.6400146484375,723.5399780273438,723.594970703125,18669,6.584231803114351,-2.63168194178931e-05
2026-05-05 16:52:00+00:00,723.5999755859375,723.6199951171875,723.5599975585938,723.5750122070312,64339,6.584204220319888,-2.7582794462688298e-05
2026-05-05 16:53:00+00:00,723.5700073242188,723.5900268554688,723.469970703125,723.52001953125,50607,6.584128216084366,-7.600423552212021e-05
2026-05-05 16:54:00+00:00,723.52001953125,723.5700073242188,723.52001953125,723.5349731445312,13509,6.584148883734674,2.0667650307615304e-05
2026-05-05 16:55:00+00:00,723.530029296875,723.6699829101562,723.489990234375,723.655029296875,35108,6.584314799961867,0.00016591622719364096
2026-05-05 16:56:00+00:00,723.655029296875,723.6699829101562,723.5700073242188,723.614990234375,23572,6.584259469495583,-5.533046628425353e-05
2026-05-05 16:57:00+00:00,723.6168212890625,723.6599731445312,723.5700073242188,723.5900268554688,26944,6.584224970749912,-3.4498745670852315e-05
2026-05-05 16:58:00+00:00,723.594970703125,723.6099853515625,723.5050048828125,723.510009765625,21503,6.584114381173656,-0.00011058957625653676
2026-05-05 16:59:00+00:00,723.510009765625,723.530029296875,723.4400024414062,723.469970703125,22439,6.5840590396166885,-5.534155696729215e-05
2026-05-05 17:00:00+00:00,723.469970703125,723.4749755859375,723.3400268554688,723.4500122070312,22504,6.584031452056449,-2.7587560239794584e-05
2026-05-05 17:01:00+00:00,723.4500122070312,723.5,723.4400024414062,723.4450073242188,15850,6.584024533955626,-6.918100822872475e-06
2026-05-05 17:02:00+00:00,723.4400024414062,723.489990234375,723.378173828125,723.4400024414062,36748,6.5840176158069434,-6.9181486823666205e-06
2026-05-05 17:03:00+00:00,723.4400024414062,723.530029296875,723.4400024414062,723.530029296875,19368,6.584142050803674,0.00012443499673064906
2026-05-05 17:04:00+00:00,723.5399780273438,723.5800170898438,723.489990234375,723.489990234375,19432,6.584086710778008,-5.534002566598417e-05
2026-05-05 17:05:00+00:00,723.489990234375,723.530029296875,723.469970703125,723.5294189453125,21004,6.584141207228709,5.449645070054743e-05
2026-05-05 17:06:00+00:00,723.5399780273438,723.5449829101562,723.4600219726562,723.469970703125,31839,6.5840590396166885,-8.216761202017864e-05
2026-05-05 17:07:00+00:00,723.4600219726562,723.47998046875,723.3499755859375,723.3599853515625,31112,6.583907003295745,-0.00015203632094351605
2026-05-05 17:08:00+00:00,723.3499755859375,723.3900146484375,723.27001953125,723.280029296875,25873,6.583796462934689,-0.00011054036105573317
2026-05-05 17:09:00+00:00,723.280029296875,723.280029296875,723.1199951171875,723.22998046875,56285,6.583727263512898,-6.919942179095528e-05
2026-05-05 17:10:00+00:00,723.22998046875,723.260009765625,723.1300048828125,723.2399291992188,27166,6.583741019389052,1.3755876153709323e-05
2026-05-05 17:11:00+00:00,723.219970703125,723.2999877929688,723.1900024414062,723.2899780273438,31114,6.583810217858984,6.919846993191925e-05
2026-05-05 17:12:00+00:00,723.2899780273438,723.3599853515625,723.280029296875,723.2999877929688,25893,6.5838240569783775,1.383911939356608e-05
2026-05-05 17:13:00+00:00,723.2999877929688,723.3619995117188,723.239990234375,723.239990234375,27991,6.583741103780347,-8.295319803064416e-05
2026-05-05 17:14:00+00:00,723.2449951171875,723.3200073242188,723.22998046875,723.27001953125,35729,6.58378262343341,4.151965306320449e-05
2026-05-05 17:15:00+00:00,723.280029296875,723.4199829101562,723.280029296875,723.4099731445312,32393,6.583976105909738,0.00019348247632766657
2026-05-05 17:16:00+00:00,723.4000244140625,723.469970703125,723.3499755859375,723.4299926757812,37499,6.584003779365992,2.7673456254539985e-05
2026-05-05 17:17:00+00:00,723.4299926757812,723.4400024414062,723.3800048828125,723.4199829101562,63829,6.583989942733592,-1.3836632399844007e-05
2026-05-05 17:18:00+00:00,723.4249877929688,723.6400146484375,723.4099731445312,723.469970703125,74762,6.5840590396166885,6.909688309608697e-05
2026-05-05 17:19:00+00:00,723.489990234375,723.5800170898438,723.4400024414062,723.5700073242188,25605,6.584197303414195,0.00013826379750625506
2026-05-05 17:20:00+00:00,723.5800170898438,723.6500244140625,723.4600219726562,723.5800170898438,53670,6.584211137177739,1.3833763544468525e-05
2026-05-05 17:21:00+00:00,723.5999755859375,723.6699829101562,723.5599975585938,723.5999755859375,67062,6.584238719781418,2.7582603678411033e-05
2026-05-05 17:22:00+00:00,723.5999755859375,723.6799926757812,723.5599975585938,723.5900268554688,48563,6.584224970749912,-1.3749031505305709e-05
2026-05-05 17:23:00+00:00,723.5999755859375,723.6199951171875,723.5,723.510009765625,44664,6.584114381173656,-0.00011058957625653676
2026-05-05 17:24:00+00:00,723.5150146484375,723.5900268554688,723.513427734375,723.5750122070312,33990,6.584204220319888,8.983914623250655e-05
2026-05-05 17:25:00+00:00,723.5750122070312,723.6500244140625,723.5599975585938,723.6400146484375,35376,6.584294051395774,8.983107588544925e-05
2026-05-05 17:26:00+00:00,723.6599731445312,723.7899780273438,723.6099853515625,723.7700805664062,38054,6.584473773671788,0.00017972227601426027
2026-05-05 17:27:00+00:00,723.780029296875,723.7899780273438,723.72998046875,723.77001953125,33661,6.584473689342302,-8.432948561676312e-08
2026-05-05 17:28:00+00:00,723.7750244140625,723.7899780273438,723.7100219726562,723.77001953125,36465,6.584473689342302,0.0
2026-05-05 17:29:00+00:00,723.760009765625,723.8599853515625,723.719970703125,723.85498046875,24765,6.584591069102388,0.00011737976008596718
2026-05-05 17:30:00+00:00,723.8599853515625,723.9749755859375,723.8499755859375,723.8900146484375,100431,6.584639467376688,4.839827429936605e-05
2026-05-05 17:31:00+00:00,723.89501953125,723.9000244140625,723.77001953125,723.780029296875,43398,6.584487519282943,-0.00015194809374463603
2026-05-05 17:32:00+00:00,723.7750244140625,723.8699951171875,723.719970703125,723.7999877929688,34190,6.584515094264443,2.7574981499967066e-05
2026-05-05 17:33:00+00:00,723.7999877929688,723.8400268554688,723.739990234375,723.8167114257812,20248,6.584538199320943,2.3105056500050125e-05
2026-05-05 17:34:00+00:00,723.8099975585938,723.8300170898438,723.75,723.7899780273438,20774,6.5845012647051595,-3.693461578357926e-05
2026-05-05 17:35:00+00:00,723.7999877929688,723.8599853515625,723.77197265625,723.8400268554688,32698,6.584570410589088,6.914588392881171e-05
2026-05-05 17:36:00+00:00,723.844970703125,724.0,723.844970703125,723.9993286132812,53993,6.584790465055565,0.0002200544664763271
2026-05-05 17:37:00+00:00,723.9979858398438,724.0106811523438,723.8900756835938,723.9149780273438,28704,6.584673951825954,-0.00011651322961103716
2026-05-05 17:38:00+00:00,723.9099731445312,723.9099731445312,723.8499755859375,723.8699951171875,24978,6.58461181150677,-6.214031918361229e-05
2026-05-05 17:39:00+00:00,723.8599853515625,723.8599853515625,723.7999877929688,723.8150024414062,24644,6.584535838244768,-7.59732620023712e-05
2026-05-05 17:40:00+00:00,723.8200073242188,723.8699951171875,723.780029296875,723.8300170898438,87432,6.584556581794789,2.0743550021684598e-05
2026-05-05 17:41:00+00:00,723.8300170898438,723.9299926757812,723.8200073242188,723.9000244140625,172884,6.584653295024834,9.671323004489807e-05
2026-05-05 17:42:00+00:00,723.9099731445312,723.9400024414062,723.8900146484375,723.9249877929688,49659,6.5846877789972735,3.448397243932533e-05
2026-05-05 17:43:00+00:00,723.9299926757812,723.9500122070312,723.8900146484375,723.9199829101562,28753,6.584680865435512,-6.913561761301423e-06
2026-05-05 17:44:00+00:00,723.9099731445312,723.9299926757812,723.8400268554688,723.8599853515625,30464,6.584597983284987,-8.288215052498771e-05
2026-05-05 17:45:00+00:00,723.8599853515625,723.9299926757812,723.8599853515625,723.9000244140625,39732,6.584653295024834,5.53117398469638e-05
2026-05-05 17:46:00+00:00,723.9000244140625,723.9400024414062,723.8800048828125,723.9099731445312,20592,6.584667038168597,1.3743143762567911e-05
2026-05-05 17:47:00+00:00,723.9000244140625,723.9400024414062,723.85498046875,723.9199829101562,22632,6.584680865435512,1.3827266915455994e-05
2026-05-05 17:48:00+00:00,723.9099731445312,723.9400024414062,723.8800048828125,723.9299926757812,50052,6.584694692511237,1.3827075724393012e-05
2026-05-05 17:49:00+00:00,723.9299926757812,723.9500122070312,723.8800048828125,723.9000244140625,35981,6.584653295024834,-4.1397486402416916e-05
2026-05-05 17:50:00+00:00,723.8800048828125,723.989990234375,723.8699951171875,723.9450073242188,53349,6.584715432766353,6.213774151841989e-05
2026-05-05 17:51:00+00:00,723.9500122070312,724.0999755859375,723.9400024414062,724.0800170898438,175494,6.584901907121064,0.0001864743547113079
2026-05-05 17:52:00+00:00,724.0900268554688,724.1900024414062,724.0800170898438,724.1500244140625,139865,6.58499858696096,9.667983989647411e-05
2026-05-05 17:53:00+00:00,724.1599731445312,724.1900024414062,724.1300048828125,724.1400146484375,53601,6.584984764086598,-1.3822874362467985e-05
2026-05-05 17:54:00+00:00,724.1425170898438,724.1500244140625,724.0599975585938,724.0900268554688,36966,6.584915731140787,-6.903294581128705e-05
2026-05-05 17:55:00+00:00,724.0900268554688,724.219970703125,724.0599975585938,724.1300048828125,43389,6.584970941021162,5.5209880374995635e-05
2026-05-05 17:56:00+00:00,724.110107421875,724.1500244140625,724.0700073242188,724.1292114257812,25934,6.584969845282191,-1.0957389706689469e-06
2026-05-05 17:57:00+00:00,724.1300048828125,724.1400756835938,724.0499877929688,724.0900268554688,41559,6.584915731140787,-5.411414140432669e-05
2026-05-05 17:58:00+00:00,724.0800170898438,724.1099853515625,724.02001953125,724.0300903320312,30494,6.58483295275416,-8.277838662706927e-05
2026-05-05 17:59:00+00:00,724.0449829101562,724.0599975585938,724.0,724.010009765625,41310,6.584805217933272,-2.773482088791468e-05
2026-05-05 18:00:00+00:00,724.010009765625,724.1300048828125,724.0,724.0900268554688,55632,6.584915731140787,0.00011051320751498395
2026-05-05 18:01:00+00:00,724.0800170898438,724.0999755859375,724.0499877929688,724.0900268554688,34746,6.584915731140787,0.0
2026-05-05 18:02:00+00:00,724.0999755859375,724.1799926757812,724.094970703125,724.1699829101562,26116,6.585026147853573,0.00011041671278633203
2026-05-05 18:03:00+00:00,724.1599731445312,724.1799926757812,724.10498046875,724.1400146484375,62558,6.584984764086598,-4.138376697504498e-05
2026-05-05 18:04:00+00:00,724.1300048828125,724.1849975585938,724.0900268554688,724.1699829101562,48545,6.585026147853573,4.138376697504498e-05
2026-05-05 18:05:00+00:00,724.1793823242188,724.2100219726562,724.1300048828125,724.1300048828125,50897,6.584970941021162,-5.520683241133639e-05
2026-05-05 18:06:00+00:00,724.1500244140625,724.2000122070312,724.1500244140625,724.1900024414062,47707,6.585053792267191,8.28512460291364e-05
2026-05-05 18:07:00+00:00,724.1799926757812,724.3400268554688,724.1599731445312,724.2501220703125,76744,6.585136805196649,8.301292945844807e-05
2026-05-05 18:08:00+00:00,724.260009765625,724.3599853515625,724.25,724.2899780273438,58475,6.585191834335351,5.502913870181203e-05
2026-05-05 18:09:00+00:00,724.2999877929688,724.2999877929688,724.239990234375,724.239990234375,36926,6.585122815683222,-6.901865212860514e-05
2026-05-05 18:10:00+00:00,724.2449951171875,724.3499755859375,724.22998046875,724.3200073242188,77207,6.5852332937995035,0.0001104781162810653
2026-05-05 18:11:00+00:00,724.3150024414062,724.4400024414062,724.3099975585938,724.4000244140625,28585,6.585343759711718,0.00011046591221486324
2026-05-05 18:12:00+00:00,724.3900146484375,724.5999755859375,724.3800048828125,724.5499877929688,58876,6.585550755644191,0.0002069959324728643
2026-05-05 18:13:00+00:00,724.5599975585938,724.5800170898438,724.47998046875,724.5601196289062,76139,6.58556473917227,1.3983528078576057e-05
2026-05-05 18:14:00+00:00,724.5607299804688,724.6599731445312,724.5,724.6199951171875,40547,6.585647372776894,8.26336046237941e-05
2026-05-05 18:15:00+00:00,724.625,724.7000122070312,724.5599975585938,724.5599975585938,31639,6.5855645706971915,-8.280207970212672e-05
2026-05-05 18:16:00+00:00,724.5599975585938,724.5599975585938,724.5,724.5289916992188,171883,6.585521777108102,-4.2793589089207273e-05
2026-05-05 18:17:00+00:00,724.5150146484375,724.5499877929688,724.4700927734375,724.52001953125,27956,6.585509393582218,-1.2383525883841173e-05
2026-05-05 18:18:00+00:00,724.530029296875,724.5599975585938,724.489990234375,724.52001953125,32251,6.585509393582218,0.0
2026-05-05 18:19:00+00:00,724.52001953125,724.5599975585938,724.47998046875,724.489990234375,25292,6.585467945563672,-4.14480185462196e-05
2026-05-05 18:20:00+00:00,724.489990234375,724.5349731445312,724.469970703125,724.52001953125,48178,6.585509393582218,4.14480185462196e-05
2026-05-05 18:21:00+00:00,724.510009765625,724.6500244140625,724.510009765625,724.6500244140625,91824,6.585688813359359,0.00017941977714031054
2026-05-05 18:22:00+00:00,724.6400146484375,724.6400146484375,724.5800170898438,724.6199951171875,30909,6.585647372776894,-4.144058246513538e-05
2026-05-05 18:23:00+00:00,724.6199951171875,724.64990234375,724.52001953125,724.5700073242188,41682,6.585578385559338,-6.898721755543846e-05
2026-05-05 18:24:00+00:00,724.5700073242188,724.5800170898438,724.47998046875,724.5,20728,6.585481761760737,-9.662379860131409e-05
2026-05-05 18:25:00+00:00,724.510009765625,724.52001953125,724.4299926757812,724.510009765625,26219,6.585495577766918,1.3816006180888962e-05
2026-05-05 18:26:00+00:00,724.489990234375,724.530029296875,724.4600219726562,724.4927978515625,21904,6.5854718208577205,-2.3756909197203413e-05
2026-05-05 18:27:00+00:00,724.47998046875,724.5900268554688,724.47998046875,724.5700073242188,22128,6.585578385559338,0.00010656470161762854
2026-05-05 18:28:00+00:00,724.5700073242188,724.6400146484375,724.5050048828125,724.510009765625,31005,6.585495577766918,-8.280779242042513e-05
2026-05-05 18:29:00+00:00,724.52001953125,724.5499877929688,724.469970703125,724.4749755859375,23635,6.585447220910154,-4.8356856763298595e-05
2026-05-05 18:30:00+00:00,724.4749755859375,724.52001953125,724.4500122070312,724.469970703125,60261,6.585440312596867,-6.90831328764574e-06
2026-05-05 18:31:00+00:00,724.4849853515625,724.489990234375,724.4199829101562,724.4299926757812,39925,6.5853851286250755,-5.518397179127277e-05
2026-05-05 18:32:00+00:00,724.4299926757812,724.4500122070312,724.3599853515625,724.3699951171875,51012,6.585302304827265,-8.282379781032745e-05
2026-05-05 18:33:00+00:00,724.3599853515625,724.3900146484375,724.3250122070312,724.3800048828125,94246,6.585316123313029,1.3818485763650301e-05
2026-05-05 18:34:00+00:00,724.385009765625,724.3900146484375,724.260009765625,724.27001953125,29090,6.58516427800889,-0.00015184530413847597
2026-05-05 18:35:00+00:00,724.260009765625,724.3699951171875,724.239990234375,724.3400268554688,39018,6.585260932487365,9.66544784750667e-05
2026-05-05 18:36:00+00:00,724.3400268554688,724.3900146484375,724.3200073242188,724.3699951171875,18149,6.585302304827265,4.137233989975897e-05
2026-05-05 18:37:00+00:00,724.364990234375,724.4099731445312,724.3400268554688,724.4000244140625,40863,6.585343759711718,4.145488445317369e-05
2026-05-05 18:38:00+00:00,724.3800048828125,724.3800048828125,724.27001953125,724.2750244140625,38610,6.585171188229368,-0.0001725714823503921
2026-05-05 18:39:00+00:00,724.2750244140625,724.280029296875,724.1199951171875,724.135009765625,24779,6.584977852577764,-0.00019333565160373212
2026-05-05 18:40:00+00:00,724.1400146484375,724.2100219726562,724.0999755859375,724.1699829101562,29646,6.585026147853573,4.829527580874071e-05
2026-05-05 18:41:00+00:00,724.1699829101562,724.22900390625,724.1400146484375,724.1998901367188,52286,6.585067445628573,4.1297774999726755e-05
2026-05-05 18:42:00+00:00,724.2000122070312,724.2999877929688,724.2000122070312,724.280029296875,26610,6.5851780984020944,0.00011065277352173553
2026-05-05 18:43:00+00:00,724.2899780273438,724.3099975585938,724.22998046875,724.25,28844,6.58513663664946,-4.146175263475271e-05
2026-05-05 18:44:00+00:00,724.260009765625,724.2899780273438,724.239990234375,724.260009765625,28654,6.585150457424681,1.3820775221162762e-05
2026-05-05 18:45:00+00:00,724.2550048828125,724.3499755859375,724.239990234375,724.2999877929688,38584,6.585205654347724,5.519692304289947e-05
2026-05-05 18:46:00+00:00,724.3099975585938,724.3499755859375,724.2899780273438,724.3400268554688,38122,6.585260932487365,5.527813964167905e-05
2026-05-05 18:47:00+00:00,724.3400268554688,724.4299926757812,724.3300170898438,724.4199829101562,44837,6.5853713110928345,0.00011037860546903033
2026-05-05 18:48:00+00:00,724.4199829101562,724.4600219726562,724.3699951171875,724.3900146484375,37091,6.585329941607845,-4.1369484989672856e-05
2026-05-05 18:49:00+00:00,724.3800048828125,724.4199829101562,724.3499755859375,724.4000244140625,35045,6.585343759711718,1.3818103873575183e-05
2026-05-05 18:50:00+00:00,724.4000244140625,724.4500122070312,724.3900146484375,724.4000244140625,24708,6.585343759711718,0.0
2026-05-05 18:51:00+00:00,724.4063720703125,724.4600219726562,724.3200073242188,724.3400268554688,37891,6.585260932487365,-8.282722435293266e-05
2026-05-05 18:52:00+00:00,724.3300170898438,724.3499755859375,724.1950073242188,724.2100219726562,64493,6.585081435916616,-0.00017949657074911585
2026-05-05 18:53:00+00:00,724.22998046875,724.239990234375,724.1199951171875,724.1799926757812,52882,6.585039970155909,-4.146576070773733e-05
2026-05-05 18:54:00+00:00,724.1849975585938,724.3099975585938,724.1599731445312,724.280029296875,31309,6.5851780984020944,0.0001381282461858646
2026-05-05 18:55:00+00:00,724.280029296875,724.3599853515625,724.22998046875,724.260009765625,25790,6.585150457424681,-2.764097741358995e-05
2026-05-05 18:56:00+00:00,724.22998046875,724.3400268554688,724.22998046875,724.3099975585938,41339,6.585219474169106,6.90167444252765e-05
2026-05-05 18:57:00+00:00,724.3099975585938,724.3599853515625,724.27001953125,724.2999877929688,50706,6.585205654347724,-1.3819821382377029e-05
2026-05-05 18:58:00+00:00,724.2999877929688,724.3599853515625,724.2949829101562,724.3200073242188,26935,6.5852332937995035,2.763945177974847e-05
2026-05-05 18:59:00+00:00,724.3300170898438,724.3599853515625,724.2899780273438,724.3200073242188,43419,6.5852332937995035,0.0
2026-05-05 19:00:00+00:00,724.3300170898438,724.3400268554688,724.3099975585938,724.3150024414062,23983,6.585226384008178,-6.9097913257820665e-06
2026-05-05 19:01:00+00:00,724.3099975585938,724.4400024414062,724.3099975585938,724.4299926757812,39175,6.5853851286250755,0.00015874461689779906
2026-05-05 19:02:00+00:00,724.4299926757812,724.4498901367188,724.3900146484375,724.4010009765625,30387,6.58534510780919,-4.002081588527773e-05
2026-05-05 19:03:00+00:00,724.4099731445312,724.469970703125,724.4000244140625,724.469970703125,42841,6.585440312596867,9.52047876765505e-05
2026-05-05 19:04:00+00:00,724.469970703125,724.489990234375,724.4299926757812,724.489990234375,40660,6.585467945563672,2.763296680541316e-05
2026-05-05 19:05:00+00:00,724.47998046875,724.5900268554688,724.469970703125,724.5599975585938,48084,6.5855645706971915,9.662513351926805e-05
2026-05-05 19:06:00+00:00,724.5599975585938,724.6500244140625,724.5599975585938,724.6300048828125,34320,6.585661186495196,9.661579800468445e-05
2026-05-05 19:07:00+00:00,724.625,724.6799926757812,724.5999755859375,724.655029296875,43980,6.585695719956144,3.453346094772769e-05
2026-05-05 19:08:00+00:00,724.6699829101562,724.6799926757812,724.5599975585938,724.5700073242188,79092,6.585578385559338,-0.00011733439680572388
2026-05-05 19:09:00+00:00,724.5700073242188,724.72998046875,724.5700073242188,724.719970703125,67143,6.585785332935936,0.0002069473765979879
2026-05-05 19:10:00+00:00,724.72998046875,724.9000244140625,724.7000122070312,724.9000244140625,62482,6.586033747986046,0.00024841505010986253
2026-05-05 19:11:00+00:00,724.8800048828125,724.9749755859375,724.8049926757812,724.8499755859375,135461,6.585964703215368,-6.904477067770642e-05
2026-05-05 19:12:00+00:00,724.8499755859375,724.8900146484375,724.7999877929688,724.8720092773438,86226,6.585995100342043,3.0397126674408526e-05
2026-05-05 19:13:00+00:00,724.8900146484375,724.9500122070312,724.85498046875,724.8699951171875,183527,6.585992321695704,-2.778646338796875e-06
2026-05-05 19:14:00+00:00,724.8599853515625,724.8800048828125,724.75,724.75,92645,6.585826767801765,-0.0001655538939386858
2026-05-05 19:15:00+00:00,724.77001953125,724.77001953125,724.5700073242188,724.6500244140625,99218,6.585688813359359,-0.00013795444240649601
2026-05-05 19:16:00+00:00,724.6500244140625,724.739990234375,724.6300048828125,724.719970703125,81159,6.585785332935936,9.651957657741406e-05
2026-05-05 19:17:00+00:00,724.739990234375,724.844970703125,724.7100219726562,724.7849731445312,50449,6.5858750220973645,8.968916142837458e-05
2026-05-05 19:18:00+00:00,724.7899780273438,724.8599853515625,724.77001953125,724.844970703125,73887,6.585957798476098,8.277637873366217e-05
2026-05-05 19:19:00+00:00,724.8400268554688,724.8800048828125,724.8201293945312,724.8800048828125,53379,6.586006130649834,4.8332173736120865e-05
2026-05-05 19:20:00+00:00,724.8900146484375,724.9099731445312,724.7899780273438,724.7999877929688,94193,6.585895737886839,-0.00011039276299573686
2026-05-05 19:21:00+00:00,724.7999877929688,724.8599853515625,724.7100219726562,724.8200073242188,92863,6.585923358271931,2.7620385092852473e-05
2026-05-05 19:22:00+00:00,724.8099975585938,724.9400024414062,724.8099975585938,724.9099731445312,82134,6.5860474721712645,0.00012411389933308925
2026-05-05 19:23:00+00:00,724.9299926757812,724.9400024414062,724.8900146484375,724.9299926757812,58717,6.586075088365773,2.761619450808439e-05
2026-05-05 19:24:00+00:00,724.9199829101562,724.9600219726562,724.8800048828125,724.9400024414062,75221,6.586088896177037,1.3807811264143766e-05
2026-05-05 19:25:00+00:00,724.9450073242188,725.0399780273438,724.9400024414062,724.989990234375,96213,6.586157848186088,6.895200905088217e-05
2026-05-05 19:26:00+00:00,725.0098876953125,725.030029296875,724.8599853515625,724.8800048828125,68149,6.586006130649834,-0.0001517175362533152
2026-05-05 19:27:00+00:00,724.875,724.875,724.7899780273438,724.8200073242188,60934,6.585923358271931,-8.277237790288439e-05
2026-05-05 19:28:00+00:00,724.8200073242188,724.8800048828125,724.7650146484375,724.7650146484375,63697,6.585847484590879,-7.587368105266279e-05
2026-05-05 19:29:00+00:00,724.77001953125,724.8400268554688,724.719970703125,724.719970703125,112964,6.585785332935936,-6.215165494261043e-05
2026-05-05 19:30:00+00:00,724.719970703125,724.75,724.6300048828125,724.7449951171875,139144,6.585819862110018,3.452917408175438e-05
2026-05-05 19:31:00+00:00,724.739990234375,724.8200073242188,724.7349853515625,724.8200073242188,87282,6.585923358271931,0.00010349616191351885
2026-05-05 19:32:00+00:00,724.8099975585938,724.8699951171875,724.75,724.75,113839,6.585826767801765,-9.659047016619127e-05
2026-05-05 19:33:00+00:00,724.7449951171875,724.760009765625,724.7100219726562,724.7249755859375,74453,6.5857922388661345,-3.452893563071768e-05
2026-05-05 19:34:00+00:00,724.7249755859375,724.72998046875,724.6199951171875,724.6749877929688,108982,6.585723261642109,-6.897722402587902e-05
2026-05-05 19:35:00+00:00,724.6749877929688,724.6900024414062,724.4199829101562,724.4600219726562,329687,6.585426580076291,-0.00029668156581763583
2026-05-05 19:36:00+00:00,724.47998046875,724.6199951171875,724.469970703125,724.5800170898438,194462,6.5855922002306375,0.000165620154346513
2026-05-05 19:37:00+00:00,724.5800170898438,724.6500244140625,724.5499877929688,724.6199951171875,58029,6.585647372776894,5.517254625608814e-05
2026-05-05 19:38:00+00:00,724.6199951171875,724.8200073242188,724.5999755859375,724.8200073242188,73983,6.585923358271931,0.00027598549503782266
2026-05-05 19:39:00+00:00,724.7999877929688,724.7999877929688,724.6900024414062,724.760009765625,42448,6.585840579042195,-8.277922973665142e-05
2026-05-05 19:40:00+00:00,724.77001953125,724.7899780273438,724.7098999023438,724.7750244140625,90476,6.585861295545189,2.0716502993956e-05
2026-05-05 19:41:00+00:00,724.7750244140625,724.7849731445312,724.6500244140625,724.6950073242188,69933,6.5857508867914065,-0.0001104087537822096
2026-05-05 19:42:00+00:00,724.6900024414062,724.7000122070312,724.5700073242188,724.5999755859375,118364,6.585619744767818,-0.00013114202358810445
2026-05-05 19:43:00+00:00,724.5899047851562,724.6900024414062,724.5899047851562,724.6599731445312,65497,6.585702542279307,8.279751148876358e-05
2026-05-05 19:44:00+00:00,724.6749877929688,724.780029296875,724.6300048828125,724.7498779296875,90194,6.585826599370826,0.00012405709151863675
2026-05-05 19:45:00+00:00,724.739990234375,724.7650146484375,724.6500244140625,724.7501220703125,151695,6.585826936232675,3.368618495258602e-07
2026-05-05 19:46:00+00:00,724.75,724.77001953125,724.6199951171875,724.6199951171875,73014,6.585647372776894,-0.00017956345578173938
2026-05-05 19:47:00+00:00,724.625,724.6500244140625,724.530029296875,724.6500244140625,97538,6.585688813359359,4.144058246513538e-05
2026-05-05 19:48:00+00:00,724.655029296875,724.6649780273438,724.52001953125,724.530029296875,115547,6.585523209206645,-0.0001656041527136054
2026-05-05 19:49:00+00:00,724.52001953125,724.5399780273438,724.4099731445312,724.4799194335938,215394,6.585454044928864,-6.916427778147494e-05
2026-05-05 19:50:00+00:00,724.4600219726562,724.4600219726562,723.8400268554688,723.8900146484375,515573,6.584639467376688,-0.0008145775521759546
2026-05-05 19:51:00+00:00,723.8900146484375,723.9299926757812,723.6199951171875,723.760009765625,395625,6.584459859210392,-0.0001796081662961413
2026-05-05 19:52:00+00:00,723.7650146484375,723.8900146484375,723.6900024414062,723.75,192641,6.584446028887205,-1.3830323186247995e-05
2026-05-05 19:53:00+00:00,723.75,723.8099975585938,723.6699829101562,723.7349853515625,241949,6.584425283043773,-2.0745843432479205e-05
2026-05-05 19:54:00+00:00,723.739990234375,723.760009765625,723.530029296875,723.7000122070312,269788,6.584376958739612,-4.832430416090716e-05
2026-05-05 19:55:00+00:00,723.7000122070312,723.719970703125,723.3400268554688,723.469970703125,597765,6.5840590396166885,-0.00031791912292344904
2026-05-05 19:56:00+00:00,723.469970703125,723.510009765625,723.27001953125,723.4000244140625,388370,6.583962353267046,-9.668634964210554e-05
2026-05-05 19:57:00+00:00,723.4000244140625,723.6099853515625,723.3099975585938,723.5599975585938,424646,6.584183469459275,0.00022111619222897616
2026-05-05 19:58:00+00:00,723.5700073242188,723.760009765625,723.52001953125,723.760009765625,631169,6.584459859210392,0.0002763897511162128
2026-05-05 19:59:00+00:00,723.760009765625,723.8300170898438,723.6300048828125,723.739990234375,999362,6.584432198372738,-2.766083765326499e-05
2026-05-06 13:30:00+00:00,728.1599731445312,728.4000244140625,727.8200073242188,728.0800170898438,2785481,6.59041095574158,0.005978757368842125
2026-05-06 13:31:00+00:00,728.0800170898438,728.5900268554688,727.8499755859375,728.5599975585938,296586,6.591069979908561,0.00065902416698016
2026-05-06 13:32:00+00:00,728.5599975585938,728.989990234375,728.4600219726562,728.9500122070312,161255,6.591605159296878,0.0005351793883177081
2026-05-06 13:33:00+00:00,728.9600219726562,729.030029296875,728.780029296875,728.8900146484375,129229,6.591522849087908,-8.23102089704264e-05
2026-05-06 13:34:00+00:00,728.8800048828125,729.1799926757812,728.8599853515625,729.1300048828125,130275,6.59185204928177,0.000329200193862178
2026-05-06 13:35:00+00:00,729.1599731445312,729.3699951171875,728.9949951171875,729.1500244140625,187829,6.591879505642482,2.7456360712108108e-05
2026-05-06 13:36:00+00:00,729.1699829101562,729.510009765625,729.125,729.4199829101562,151000,6.592249674366397,0.0003701687239150431
2026-05-06 13:37:00+00:00,729.4199829101562,729.5499877929688,729.1099853515625,729.1300048828125,90797,6.59185204928177,-0.0003976250846271512
2026-05-06 13:38:00+00:00,729.1199951171875,729.3200073242188,729.0499877929688,729.1599731445312,69513,6.591893149834026,4.110055225581277e-05
2026-05-06 13:39:00+00:00,729.1599731445312,729.219970703125,729.0,729.0800170898438,78232,6.591783488797018,-0.0001096610370074913
2026-05-06 13:40:00+00:00,729.0800170898438,729.14501953125,728.9299926757812,729.02001953125,156079,6.591701193265682,-8.229553133620726e-05
2026-05-06 13:41:00+00:00,729.02001953125,729.1199951171875,728.8699951171875,729.0,114102,6.591673732008658,-2.746125702390856e-05
2026-05-06 13:42:00+00:00,729.030029296875,729.1900024414062,728.9099731445312,728.9199829101562,125297,6.5915639631724225,-0.00010976883623570188
2026-05-06 13:43:00+00:00,728.9099731445312,729.219970703125,728.8123168945312,729.2080078125,110462,6.59195902438505,0.00039506121262711247
2026-05-06 13:44:00+00:00,729.2000122070312,729.260009765625,729.010009765625,729.1300048828125,86712,6.59185204928177,-0.00010697510327961623
2026-05-06 13:45:00+00:00,729.1699829101562,729.3099975585938,728.9099731445312,729.0399169921875,140737,6.5917284863288,-0.00012356295296989117
2026-05-06 13:46:00+00:00,729.02001953125,729.2100219726562,728.9808959960938,729.1199951171875,83218,6.591838320818715,0.00010983448991463973
2026-05-06 13:47:00+00:00,729.114990234375,729.4099731445312,729.0599975585938,729.4000244140625,139220,6.592222311846012,0.0003839910272969149
2026-05-06 13:48:00+00:00,729.4099731445312,729.510009765625,729.0999755859375,729.1500244140625,82241,6.591879505642482,-0.0003428062035295554
2026-05-06 13:49:00+00:00,729.1099853515625,729.2100219726562,728.97998046875,729.0795288085938,82436,6.591782819074352,-9.668656813044407e-05
2026-05-06 13:50:00+00:00,729.0750122070312,729.0999755859375,728.3599853515625,728.4400024414062,209091,6.590905264579173,-0.0008775544951786785
2026-05-06 13:51:00+00:00,728.4500122070312,728.8300170898438,728.3300170898438,728.7999877929688,123912,6.591399329196254,0.0004940646170812357
2026-05-06 13:52:00+00:00,728.8200073242188,729.1699829101562,728.7999877929688,729.0999755859375,69337,6.59181086332718,0.00041153413092587243
2026-05-06 13:53:00+00:00,729.0999755859375,729.369873046875,729.030029296875,729.3599853515625,71405,6.5921674171926865,0.00035655386550637047
2026-05-06 13:54:00+00:00,729.3599853515625,729.739990234375,729.3599853515625,729.6599731445312,176338,6.5925786354155065,0.00041121822281997567
2026-05-06 13:55:00+00:00,729.6500244140625,729.739990234375,729.5599975585938,729.5900268554688,93855,6.592482769334827,-9.586608067913005e-05
2026-05-06 13:56:00+00:00,729.5800170898438,729.6099853515625,729.1500244140625,729.405029296875,82832,6.5922291734658005,-0.00025359586902684583
2026-05-06 13:57:00+00:00,729.400390625,729.72998046875,729.3699951171875,729.6500244140625,68893,6.5925650005737175,0.0003358271079170194
2026-05-06 13:58:00+00:00,729.6500244140625,729.760009765625,729.5960083007812,729.614990234375,66082,6.592516984374683,-4.801619903460619e-05
2026-05-06 13:59:00+00:00,729.614990234375,729.7999877929688,729.5700073242188,729.6500244140625,102186,6.5925650005737175,4.801619903460619e-05
2026-05-06 14:00:00+00:00,729.6699829101562,729.989990234375,729.6199951171875,729.8300170898438,125677,6.592811653726313,0.00024665315259575493
2026-05-06 14:01:00+00:00,729.8200073242188,729.969970703125,729.6409912109375,729.9099731445312,86810,6.592921202077804,0.00010954835149057374
2026-05-06 14:02:00+00:00,729.9299926757812,729.9299926757812,729.47998046875,729.5,71463,6.592359367962841,-0.0005618341149631334
2026-05-06 14:03:00+00:00,729.4849853515625,729.6300048828125,729.4299926757812,729.5399780273438,58238,6.592414168417873,5.480045503247766e-05
2026-05-06 14:04:00+00:00,729.5399780273438,729.6500244140625,729.3400268554688,729.39501953125,76073,6.59221545017914,-0.00019871823873351957
2026-05-06 14:05:00+00:00,729.3800048828125,729.6599731445312,729.3599853515625,729.5700073242188,49720,6.592455329532774,0.00023987935363400936
2026-05-06 14:06:00+00:00,729.5700073242188,729.6699829101562,728.8599853515625,728.885009765625,120652,6.591515982619861,-0.0009393469129124199
2026-05-06 14:07:00+00:00,728.885009765625,729.3900146484375,728.7100219726562,729.3599853515625,209787,6.5921674171926865,0.000651434572825238
2026-05-06 14:08:00+00:00,729.3800048828125,729.5800170898438,729.260009765625,729.5,102057,6.592359367962841,0.00019195077015421447
2026-05-06 14:09:00+00:00,729.52001953125,729.8099975585938,729.4600219726562,729.75,84572,6.592702009734224,0.000342641771383434
2026-05-06 14:10:00+00:00,729.760009765625,730.02001953125,729.719970703125,729.9299926757812,164916,6.59294862909956,0.0002466193653356541
2026-05-06 14:11:00+00:00,729.9199829101562,730.0250244140625,729.77001953125,730.02001953125,70429,6.593071957781817,0.00012332868225684024
2026-05-06 14:12:00+00:00,730.0499877929688,730.22998046875,729.9299926757812,729.989990234375,216570,6.5930308220407206,-4.1135741096098855e-05
2026-05-06 14:13:00+00:00,730.010009765625,730.1699829101562,729.9299926757812,730.0100708007812,133933,6.593058329664787,2.7507624066558378e-05
2026-05-06 14:14:00+00:00,730.0349731445312,730.1699829101562,729.8900146484375,730.0800170898438,111260,6.593154140587272,9.581092248467371e-05
2026-05-06 14:15:00+00:00,730.0900268554688,730.2100219726562,730.030029296875,730.1199951171875,59724,6.593208897506899,5.475691962697482e-05
2026-05-06 14:16:00+00:00,730.1099853515625,730.260009765625,730.0499877929688,730.1199951171875,88138,6.593208897506899,0.0
2026-05-06 14:17:00+00:00,730.1199951171875,730.2000122070312,729.7100219726562,729.9299926757812,156981,6.59294862909956,-0.0002602684073389483
2026-05-06 14:18:00+00:00,729.9249877929688,730.0050048828125,729.5700073242188,729.72998046875,93663,6.592674575947507,-0.0002740531520526446
2026-05-06 14:19:00+00:00,729.739990234375,729.9727172851562,729.6799926757812,729.739990234375,84282,6.592688292934942,1.3716987434797545e-05
2026-05-06 14:20:00+00:00,729.760009765625,729.9199829101562,729.7000122070312,729.8107299804688,294308,6.5927852265257645,9.693359082252329e-05
2026-05-06 14:21:00+00:00,729.8599853515625,730.1699829101562,729.8099975585938,730.0900268554688,52923,6.593167850998147,0.00038262447238235353
2026-05-06 14:22:00+00:00,730.0999755859375,730.2100219726562,729.9500122070312,730.02001953125,56456,6.593071957781817,-9.589321633018955e-05
2026-05-06 14:23:00+00:00,730.0250244140625,730.239990234375,729.8300170898438,730.239990234375,69378,6.5933732338604845,0.0003012760786678115
2026-05-06 14:24:00+00:00,730.25,730.2899780273438,729.9500122070312,730.25,97975,6.59338694126785,1.3707407365615154e-05
2026-05-06 14:25:00+00:00,730.260009765625,730.489990234375,730.2100219726562,730.4500122070312,75125,6.5936607992901815,0.0002738580223313747
2026-05-06 14:26:00+00:00,730.4299926757812,730.6099853515625,730.3499755859375,730.4199829101562,82555,6.593619687764885,-4.1111525296066986e-05
2026-05-06 14:27:00+00:00,730.4099731445312,730.6699829101562,730.4000244140625,730.5399780273438,64338,6.593783956630106,0.00016426886522058481
2026-05-06 14:28:00+00:00,730.5369873046875,730.6400146484375,730.5,730.6300048828125,60386,6.593907182341878,0.00012322571177225683
2026-05-06 14:29:00+00:00,730.6300048828125,730.6799926757812,730.010009765625,730.02001953125,169061,6.593071957781817,-0.000835224560061576
2026-05-06 14:30:00+00:00,730.0399780273438,730.3400268554688,730.010009765625,730.3400268554688,164842,6.593510215908821,0.0004382581270041541
2026-05-06 14:31:00+00:00,730.3200073242188,730.489990234375,730.25,730.47998046875,83735,6.593701825570528,0.00019160966170694849
2026-05-06 14:32:00+00:00,730.489990234375,730.8200073242188,730.47998046875,730.75,91010,6.5940714039913555,0.00036957842082774306
2026-05-06 14:33:00+00:00,730.75,730.9550170898438,730.72998046875,730.8699951171875,76409,6.59423559867651,0.00016419468515493918
2026-05-06 14:34:00+00:00,730.85009765625,730.989990234375,730.8499755859375,730.9600219726562,82255,6.594358768750363,0.0001231700738522079
2026-05-06 14:35:00+00:00,730.9600830078125,731.0900268554688,730.9149780273438,731.0700073242188,105237,6.594509224417574,0.00015045566721116899
2026-05-06 14:36:00+00:00,731.0599975585938,731.1900024414062,730.989990234375,731.1450805664062,123427,6.5946119086845805,0.00010268426700665856
2026-05-06 14:37:00+00:00,731.1400146484375,731.2000122070312,731.030029296875,731.0900268554688,115416,6.594536607919767,-7.530076481376824e-05
2026-05-06 14:38:00+00:00,731.0800170898438,731.3200073242188,731.0700073242188,731.27001953125,70671,6.594782775308071,0.00024616738830474105
2026-05-06 14:39:00+00:00,731.260009765625,731.3099975585938,731.1599731445312,731.239990234375,71124,6.594741709884,-4.106542407100733e-05
2026-05-06 14:40:00+00:00,731.239990234375,731.5,731.239990234375,731.489990234375,94167,6.595083536476431,0.0003418265924306496
2026-05-06 14:41:00+00:00,731.4849853515625,731.7100219726562,731.4000244140625,731.510009765625,119427,6.5951109042566785,2.736778024736708e-05
2026-05-06 14:42:00+00:00,731.52001953125,731.7918701171875,731.3800048828125,731.760009765625,184160,6.595452604693502,0.0003417004368237997
2026-05-06 14:43:00+00:00,731.719970703125,731.9099731445312,731.489990234375,731.5800170898438,144872,6.595206602160412,-0.0002460025330899285
2026-05-06 14:44:00+00:00,731.6099853515625,731.8699951171875,731.4500122070312,731.8599853515625,86338,6.595589218823435,0.00038261666302297215
2026-05-06 14:45:00+00:00,731.8400268554688,732.02001953125,731.72998046875,731.77001953125,162840,6.595466283627894,-0.00012293519554162913
2026-05-06 14:46:00+00:00,731.7899780273438,731.7899780273438,731.6199951171875,731.6300048828125,74552,6.595274928364085,-0.00019135526380864576
2026-05-06 14:47:00+00:00,731.6300048828125,731.780029296875,731.5999755859375,731.6500244140625,70260,6.595302290906934,2.736254284929629e-05
2026-05-06 14:48:00+00:00,731.6699829101562,731.719970703125,731.530029296875,731.5399780273438,87756,6.595151871088944,-0.00015041981799068793
2026-05-06 14:49:00+00:00,731.5401000976562,731.7899780273438,731.5,731.7899780273438,60849,6.5954935575300615,0.00034168644111787216
2026-05-06 14:50:00+00:00,731.7899780273438,731.85498046875,731.739990234375,731.7849731445312,69961,6.595486718272791,-6.839257270740973e-06
2026-05-06 14:51:00+00:00,731.780029296875,731.8699951171875,731.75,731.7999877929688,40004,6.595507235904276,2.0517631485361676e-05
2026-05-06 14:52:00+00:00,731.7999877929688,731.8900146484375,731.6699829101562,731.739990234375,63283,6.595425246263368,-8.198964090855299e-05
2026-05-06 14:53:00+00:00,731.780029296875,732.5599975585938,731.7100219726562,731.8599853515625,203082,6.595589218823435,0.00016397256006772665
2026-05-06 14:54:00+00:00,731.85498046875,731.969970703125,731.8200073242188,731.9400024414062,65103,6.595698546724229,0.00010932790079376531
2026-05-06 14:55:00+00:00,731.9299926757812,732.0999755859375,731.9299926757812,732.0798950195312,71813,6.595889654206844,0.00019110748261486066
2026-05-06 14:56:00+00:00,732.0999755859375,732.2000122070312,731.9199829101562,731.9600219726562,71533,6.595725897678416,-0.00016375652842803845
2026-05-06 14:57:00+00:00,731.9600219726562,732.101318359375,731.9400024414062,732.030029296875,124295,6.595821536749476,9.563907106002745e-05
2026-05-06 14:58:00+00:00,732.0399780273438,732.0800170898438,731.9401245117188,731.9683227539062,90996,6.595737238098567,-8.429865090864297e-05
2026-05-06 14:59:00+00:00,731.9500122070312,732.1749267578125,731.9299926757812,732.1500854492188,107080,6.595985527711249,0.00024828961268141825
2026-05-06 15:00:00+00:00,732.1599731445312,732.27001953125,732.1199951171875,732.27001953125,109124,6.5961493250831795,0.00016379737193084054
2026-05-06 15:01:00+00:00,732.2650146484375,732.47998046875,732.2399291992188,732.3798828125,110677,6.596299344936089,0.00015001985290918896
2026-05-06 15:02:00+00:00,732.3699951171875,732.3699951171875,732.1799926757812,732.22998046875,67121,6.596094645585044,-0.0002046993510447237
2026-05-06 15:03:00+00:00,732.22998046875,732.280029296875,732.0700073242188,732.2100219726562,137540,6.59606738807219,-2.7257512853928745e-05
2026-05-06 15:04:00+00:00,732.2100219726562,732.3200073242188,732.1799926757812,732.3200073242188,50784,6.596217586906723,0.00015019883453337712
2026-05-06 15:05:00+00:00,732.344970703125,732.4149780273438,732.3200073242188,732.39501953125,45530,6.596320012574135,0.00010242566741158754
2026-05-06 15:06:00+00:00,732.4000244140625,732.489990234375,732.35498046875,732.3599853515625,52572,6.596272176342714,-4.783623142134985e-05
2026-05-06 15:07:00+00:00,732.360107421875,732.3699951171875,732.239990234375,732.2802734375,76738,6.596163327888409,-0.00010884845430503276
2026-05-06 15:08:00+00:00,732.2949829101562,732.3400268554688,731.905029296875,731.9600219726562,91841,6.595725897678416,-0.00043743020999276183
2026-05-06 15:09:00+00:00,731.9650268554688,731.969970703125,731.7899780273438,731.8599853515625,166425,6.595589218823435,-0.00013667885498058752
2026-05-06 15:10:00+00:00,731.8499755859375,732.0700073242188,731.8300170898438,731.969970703125,116906,6.595739489490208,0.0001502706667730891
2026-05-06 15:11:00+00:00,731.9650268554688,732.2100219726562,731.9299926757812,732.125,68253,6.595951264409947,0.00021177491973833895
2026-05-06 15:12:00+00:00,732.125,732.1300048828125,731.72998046875,731.739990234375,69210,6.595425246263368,-0.0005260181465791547
2026-05-06 15:13:00+00:00,731.75,731.8049926757812,731.3800048828125,731.5399780273438,91661,6.595151871088944,-0.0002733751744239399
2026-05-06 15:14:00+00:00,731.5399780273438,731.7598876953125,731.47998046875,731.7426147460938,62991,6.595428832929461,0.00027696184051695383
2026-05-06 15:15:00+00:00,731.739990234375,731.8200073242188,731.6199951171875,731.7100219726562,47604,6.595384290629116,-4.454230034500739e-05
2026-05-06 15:16:00+00:00,731.7050170898438,731.8499755859375,731.5499877929688,731.7999877929688,67610,6.595507235904276,0.00012294527516054643
2026-05-06 15:17:00+00:00,731.7899780273438,732.030029296875,731.760009765625,732.02001953125,62393,6.595807862673739,0.0003006267694631859
2026-05-06 15:18:00+00:00,732.010009765625,732.0599975585938,731.8800048828125,732.0198974609375,259405,6.595807695915564,-1.667581752684555e-07
2026-05-06 15:19:00+00:00,732.0001220703125,732.219970703125,732.0001220703125,732.1900024414062,107186,6.596040046456625,0.00023235054106063302
2026-05-06 15:20:00+00:00,732.219970703125,732.280029296875,732.1500244140625,732.22998046875,152463,6.596094645585044,5.459912841931924e-05
2026-05-06 15:21:00+00:00,732.22998046875,732.3699951171875,732.22998046875,732.3599853515625,71698,6.596272176342714,0.00017753075766968607
2026-05-06 15:22:00+00:00,732.3599853515625,732.3599853515625,732.219970703125,732.219970703125,72088,6.596080975243334,-0.0001912010993798674
2026-05-06 15:23:00+00:00,732.219970703125,732.2949829101562,732.1400146484375,732.260009765625,76644,6.596135655488942,5.4680245607841016e-05
2026-05-06 15:24:00+00:00,732.260009765625,732.2999877929688,732.1799926757812,732.2349853515625,55992,6.596101480685821,-3.417480312073451e-05
2026-05-06 15:25:00+00:00,732.239990234375,732.3099975585938,732.1699829101562,732.2999877929688,59124,6.5961902493975835,8.876871176255463e-05
2026-05-06 15:26:00+00:00,732.2899780273438,732.3099975585938,732.1699829101562,732.1900024414062,57050,6.596040046456625,-0.00015020294095879905
2026-05-06 15:27:00+00:00,732.1699829101562,732.25,732.0700073242188,732.2150268554688,60846,6.596074223359277,3.417690265195006e-05
2026-05-06 15:28:00+00:00,732.22998046875,732.22998046875,732.1099853515625,732.1699829101562,84291,6.596012704093474,-6.151926580244549e-05
2026-05-06 15:29:00+00:00,732.1599731445312,732.1599731445312,732.0,732.0599975585938,50027,6.595862474480317,-0.00015022961315747096
2026-05-06 15:30:00+00:00,732.0549926757812,732.1414794921875,731.969970703125,731.9949951171875,63577,6.595773676666336,-8.879781398096753e-05
2026-05-06 15:31:00+00:00,732.010009765625,732.1099853515625,732.010009765625,732.0250244140625,23165,6.59581469973498,4.102306864428584e-05
2026-05-06 15:32:00+00:00,732.0250244140625,732.1400146484375,731.9315185546875,732.0,54266,6.595780513961311,-3.418577366876008e-05
2026-05-06 15:33:00+00:00,731.9949951171875,732.0,731.7999877929688,731.9500122070312,244967,6.595712222294832,-6.829166647914775e-05
2026-05-06 15:34:00+00:00,731.9600219726562,732.09912109375,731.95458984375,731.969970703125,36656,6.595739489490208,2.7267195376268205e-05
2026-05-06 15:35:00+00:00,731.9550170898438,732.030029296875,731.8300170898438,731.8900146484375,42098,6.59563024945965,-0.00010924003055823306
2026-05-06 15:36:00+00:00,731.89990234375,731.9600219726562,731.8300170898438,731.905029296875,63112,6.595650764146456,2.0514686806194504e-05
2026-05-06 15:37:00+00:00,731.9199829101562,731.9199829101562,731.6699829101562,731.6900024414062,57372,6.595356930329926,-0.0002938338165305865
2026-05-06 15:38:00+00:00,731.6900024414062,731.8599853515625,731.60498046875,731.60498046875,37308,6.595240724132617,-0.00011620619730834392
2026-05-06 15:39:00+00:00,731.5999755859375,731.5999755859375,731.459228515625,731.4749755859375,70660,6.595063010149706,-0.00017771398291177576
2026-05-06 15:40:00+00:00,731.469970703125,731.6599731445312,731.469970703125,731.5700073242188,59802,6.59519291967337,0.0001299095236646508
2026-05-06 15:41:00+00:00,731.5800170898438,731.6500244140625,731.510009765625,731.510009765625,51867,6.5951109042566785,-8.201541669183854e-05
2026-05-06 15:42:00+00:00,731.5150146484375,731.5499877929688,731.4000854492188,731.489990234375,64652,6.595083536476431,-2.736778024736708e-05
2026-05-06 15:43:00+00:00,731.5,731.510009765625,731.0700073242188,731.0700073242188,79431,6.594509224417574,-0.0005743120588572737
2026-05-06 15:44:00+00:00,731.0700073242188,731.7100219726562,730.9400024414062,731.3300170898438,249069,6.594864817639707,0.0003555932221335212
2026-05-06 15:45:00+00:00,731.3300170898438,731.4949951171875,731.1500244140625,731.37060546875,88189,6.594920315502073,5.549786236525023e-05
2026-05-06 15:46:00+00:00,731.3699951171875,731.5595703125,731.3599853515625,731.5050048828125,69916,6.595104062381835,0.0001837468797623032
2026-05-06 15:47:00+00:00,731.5,731.5999755859375,731.4000244140625,731.530029296875,48723,6.595138271287952,3.420890611671723e-05
2026-05-06 15:48:00+00:00,731.510009765625,731.739990234375,731.510009765625,731.6199951171875,44137,6.595261246811889,0.0001229755239373631
2026-05-06 15:49:00+00:00,731.5999755859375,731.6400146484375,731.510009765625,731.5499267578125,31339,6.595165470704984,-9.577610690492122e-05
2026-05-06 15:50:00+00:00,731.5598754882812,731.6500244140625,731.4400024414062,731.469970703125,49486,6.595056167947167,-0.00010930275781717569
2026-05-06 15:51:00+00:00,731.489990234375,731.5549926757812,731.4099731445312,731.4500122070312,48909,6.595028882112906,-2.7285834260482034e-05
2026-05-06 15:52:00+00:00,731.4500122070312,731.489990234375,731.3800048828125,731.4450073242188,42605,6.595022039676852,-6.842436054199652e-06
2026-05-06 15:53:00+00:00,731.4400024414062,731.6699829101562,731.4199829101562,731.5900268554688,44432,6.595220284460247,0.0001982447833945855
2026-05-06 15:54:00+00:00,731.5999755859375,731.780029296875,731.5999755859375,731.77001953125,35320,6.595466283627894,0.0002459991676468931
2026-05-06 15:55:00+00:00,731.7550048828125,731.8900146484375,731.7550048828125,731.7949829101562,47434,6.595500396740556,3.411311266265926e-05
2026-05-06 15:56:00+00:00,731.7949829101562,731.8350219726562,731.72998046875,731.8200073242188,46626,6.595534592091426,3.419535087001435e-05
2026-05-06 15:57:00+00:00,731.8300170898438,731.9199829101562,731.6649780273438,731.7000122070312,71533,6.595370610573093,-0.00016398151833296737
2026-05-06 15:58:00+00:00,731.6900024414062,731.7490844726562,731.6099853515625,731.739990234375,38603,6.595425246263368,5.4635690274196236e-05
2026-05-06 15:59:00+00:00,731.7299194335938,731.7299194335938,731.6199951171875,731.6400146484375,33785,6.595288609729098,-0.00013663653426920774
2026-05-06 16:00:00+00:00,731.6300048828125,731.6799926757812,731.47998046875,731.4807739257812,67275,6.595070937033134,-0.00021767269596395522
2026-05-06 16:01:00+00:00,731.5,731.7396240234375,731.489990234375,731.6599731445312,44877,6.595315888477491,0.0002449514443565448
2026-05-06 16:02:00+00:00,731.6699829101562,731.8400268554688,731.6699829101562,731.8200073242188,34088,6.595534592091426,0.00021870361393538928
2026-05-06 16:03:00+00:00,731.8400268554688,731.8800048828125,731.760009765625,731.85498046875,47799,6.595582380220389,4.778812896244489e-05
2026-05-06 16:04:00+00:00,731.8499755859375,731.9000244140625,731.7901000976562,731.7999877929688,26502,6.595507235904276,-7.514431611266303e-05
2026-05-06 16:05:00+00:00,731.8150024414062,731.9600219726562,731.8150024414062,731.9199829101562,40467,6.595671195021946,0.00016395911767030924
2026-05-06 16:06:00+00:00,731.9100952148438,731.9149780273438,731.72998046875,731.739990234375,35328,6.595425246263368,-0.0002459487585788622
2026-05-06 16:07:00+00:00,731.760009765625,731.8200073242188,731.7301025390625,731.7899780273438,12017,6.5954935575300615,6.831126669393228e-05
2026-05-06 16:08:00+00:00,731.7899780273438,731.8300170898438,731.6199951171875,731.6699829101562,39351,6.595329569282129,-0.00016398824793206757
2026-05-06 16:09:00+00:00,731.6699829101562,731.6699829101562,731.5700073242188,731.6300048828125,44051,6.595274928364085,-5.4640918044412956e-05
2026-05-06 16:10:00+00:00,731.6400146484375,731.8200073242188,731.5900268554688,731.77001953125,58641,6.595466283627894,0.00019135526380864576
2026-05-06 16:11:00+00:00,731.780029296875,731.9550170898438,731.780029296875,731.8900146484375,30790,6.59563024945965,0.00016396583175648516
2026-05-06 16:12:00+00:00,731.864990234375,731.9000244140625,731.8200073242188,731.8499755859375,279416,6.595575541570575,-5.4707889074911975e-05
2026-05-06 16:13:00+00:00,731.844970703125,731.9400024414062,731.8001098632812,731.9249877929688,29859,6.595678033017653,0.00010249144707774605
2026-05-06 16:14:00+00:00,731.9299926757812,731.97998046875,731.8800048828125,731.9149780273438,34805,6.595664356979482,-1.367603817126195e-05
2026-05-06 16:15:00+00:00,731.9149780273438,731.969970703125,731.864990234375,731.9650268554688,40277,6.595732735300078,6.837832059591875e-05
2026-05-06 16:16:00+00:00,731.969970703125,731.9949951171875,731.8900146484375,731.9110107421875,44094,6.5956589365467435,-7.37987533341311e-05
2026-05-06 16:17:00+00:00,731.9099731445312,731.9650268554688,731.8699951171875,731.9199829101562,78621,6.595671195021946,1.2258475202919783e-05
2026-05-06 16:18:00+00:00,731.9199829101562,731.969970703125,731.8099975585938,731.9000244140625,60293,6.595643925964282,-2.726905766436971e-05
2026-05-06 16:19:00+00:00,731.9000244140625,731.9400024414062,731.8300170898438,731.8400268554688,37574,6.595561947530236,-8.1978434046448e-05
2026-05-06 16:20:00+00:00,731.831787109375,731.9099731445312,731.760009765625,731.7899780273438,45582,6.5954935575300615,-6.839000017411223e-05
2026-05-06 16:21:00+00:00,731.7899780273438,731.9249877929688,731.780029296875,731.9249877929688,27064,6.595678033017653,0.00018447548759148447
2026-05-06 16:22:00+00:00,731.9299926757812,731.9400024414062,731.8699951171875,731.9099731445312,33766,6.595657518890257,-2.051412739589864e-05
2026-05-06 16:23:00+00:00,731.905029296875,731.9199829101562,731.8200073242188,731.8200073242188,19107,6.595534592091426,-0.00012292679883074697
2026-05-06 16:24:00+00:00,731.8300170898438,731.9000244140625,731.8099975585938,731.8599853515625,44305,6.595589218823435,5.4626732008955514e-05
2026-05-06 16:25:00+00:00,731.8599853515625,732.0499877929688,731.8599853515625,732.02001953125,51534,6.595807862673739,0.00021864385030401223
2026-05-06 16:26:00+00:00,732.0150146484375,732.0349731445312,731.8499755859375,731.8693237304688,33430,6.595601978530915,-0.0002058841428240754
2026-05-06 16:27:00+00:00,731.8599853515625,731.89501953125,731.780029296875,731.885009765625,20357,6.59562341113719,2.1432606274629507e-05
2026-05-06 16:28:00+00:00,731.885009765625,731.9194946289062,731.7849731445312,731.7849731445312,20446,6.595486718272791,-0.00013669286439910167
2026-05-06 16:29:00+00:00,731.7999877929688,731.8200073242188,731.72998046875,731.77001953125,22549,6.595466283627894,-2.043464489709379e-05
2026-05-06 16:30:00+00:00,731.7700805664062,731.8300170898438,731.6900024414062,731.719970703125,45158,6.5953978870847285,-6.839654316515009e-05
2026-05-06 16:31:00+00:00,731.72998046875,731.8400268554688,731.719970703125,731.7999877929688,13643,6.595507235904276,0.00010934881954760556
2026-05-06 16:32:00+00:00,731.7949829101562,731.7999877929688,731.72998046875,731.75,22125,6.595438925571996,-6.831033228049677e-05
2026-05-06 16:33:00+00:00,731.75,731.77001953125,731.6799926757812,731.77001953125,41018,6.595466283627894,2.73580558980413e-05
2026-05-06 16:34:00+00:00,731.7650146484375,731.8099975585938,731.6500244140625,731.760009765625,35095,6.595452604693502,-1.3678934391414543e-05
2026-05-06 16:35:00+00:00,731.739990234375,731.7603759765625,731.6300048828125,731.6300048828125,37884,6.595274928364085,-0.00017767632941723122
2026-05-06 16:36:00+00:00,731.6300048828125,731.6400146484375,731.47998046875,731.6400146484375,39388,6.595288609729098,1.3681365013340496e-05
2026-05-06 16:37:00+00:00,731.6199951171875,731.760009765625,731.5999755859375,731.6400146484375,24641,6.595288609729098,0.0
2026-05-06 16:38:00+00:00,731.6300048828125,731.6400146484375,731.5499877929688,731.6400146484375,18958,6.595288609729098,0.0
2026-05-06 16:39:00+00:00,731.6400146484375,731.719970703125,731.6400146484375,731.6701049804688,27101,6.595329736120055,4.11263909567694e-05
2026-05-06 16:40:00+00:00,731.6699829101562,731.6799926757812,731.5399780273438,731.5549926757812,45039,6.5951723955917805,-0.00015734052827465206
2026-05-06 16:41:00+00:00,731.5599975585938,731.7000122070312,731.5599975585938,731.6900024414062,23842,6.595356930329926,0.0001845347381452811
2026-05-06 16:42:00+00:00,731.6799926757812,731.739990234375,731.6500244140625,731.72998046875,29963,6.595411566767614,5.463643768788273e-05
2026-05-06 16:43:00+00:00,731.719970703125,731.8200073242188,731.6599731445312,731.6599731445312,44878,6.595315888477491,-9.567829012269158e-05
2026-05-06 16:44:00+00:00,731.6649780273438,731.6950073242188,731.5800170898438,731.594970703125,26726,6.595227042112444,-8.884636504724597e-05
2026-05-06 16:45:00+00:00,731.5999755859375,731.6248168945312,731.469970703125,731.5,30807,6.595097220460179,-0.00012982165226471665
2026-05-06 16:46:00+00:00,731.5,731.5,731.3800048828125,731.3800048828125,43887,6.594933167199411,-0.00016405326076807114
2026-05-06 16:47:00+00:00,731.375,731.375,731.1699829101562,731.219970703125,73623,6.594714331997719,-0.00021883520169208026
2026-05-06 16:48:00+00:00,731.22998046875,731.4000244140625,731.2003784179688,731.375,73923,6.5949263241084,0.00021199211068090307
2026-05-06 16:49:00+00:00,731.3699951171875,731.4000244140625,731.3099975585938,731.3400268554688,52754,6.594878504616707,-4.781949169263555e-05
2026-05-06 16:50:00+00:00,731.3350219726562,731.4000244140625,731.3049926757812,731.3300170898438,47803,6.594864817639707,-1.3686976999771616e-05
2026-05-06 16:51:00+00:00,731.3300170898438,731.3400268554688,731.1099853515625,731.1099853515625,36693,6.594563907189262,-0.0003009104504450022
2026-05-06 16:52:00+00:00,731.1099853515625,731.1099853515625,730.8499755859375,731.02001953125,94879,6.594440845874433,-0.0001230613148290871
2026-05-06 16:53:00+00:00,731.02001953125,731.1950073242188,730.97998046875,731.1649780273438,40912,6.594639122421944,0.0001982765475103676
2026-05-06 16:54:00+00:00,731.1699829101562,731.2000122070312,730.8812866210938,730.8812866210938,70281,6.594251047958543,-0.00038807446340083374
2026-05-06 16:55:00+00:00,730.8900146484375,731.0499877929688,730.8400268554688,731.02001953125,36174,6.594440845874433,0.00018979791589046613
2026-05-06 16:56:00+00:00,731.0499877929688,731.1799926757812,731.0399780273438,731.1799926757812,31462,6.594659657451282,0.00021881157684866537
2026-05-06 16:57:00+00:00,731.1900024414062,731.25,730.75,730.8900146484375,97431,6.5942629896724565,-0.00039666777882541027
2026-05-06 16:58:00+00:00,730.8699951171875,731.010009765625,730.5288696289062,731.0,95964,6.594413459749778,0.00015047007732160722
2026-05-06 16:59:00+00:00,730.989990234375,731.0399780273438,730.8900146484375,730.9849853515625,44175,6.594392919664089,-2.05400856891913e-05
2026-05-06 17:00:00+00:00,730.989990234375,731.010009765625,730.6599731445312,730.739990234375,79817,6.594057705963053,-0.00033521370103617443
2026-05-06 17:01:00+00:00,730.75,730.9199829101562,730.72998046875,730.8499755859375,39725,6.5942082069302765,0.0001505009672237989
2026-05-06 17:02:00+00:00,730.8400268554688,731.0499877929688,730.8200073242188,730.97998046875,186004,6.594386072875103,0.00017786594482682716
2026-05-06 17:03:00+00:00,731.0,731.1900024414062,730.9600219726562,731.1649780273438,61631,6.594639122421944,0.00025304954684024494
2026-05-06 17:04:00+00:00,731.1699829101562,731.25,731.0999755859375,731.25,39525,6.5947553985460665,0.00011627612412290489
2026-05-06 17:05:00+00:00,731.25,731.3300170898438,731.1901245117188,731.3300170898438,59422,6.594864817639707,0.00010941909364081681
2026-05-06 17:06:00+00:00,731.3300170898438,731.3499755859375,731.2100219726562,731.2899780273438,92247,6.594810067858296,-5.474978141162268e-05
2026-05-06 17:07:00+00:00,731.27001953125,731.469970703125,731.25,731.4600219726562,54020,6.59504256684456,0.00023249898626431786
2026-05-06 17:08:00+00:00,731.469970703125,731.6199951171875,731.4400024414062,731.52001953125,76518,6.595124587865934,8.202102137389033e-05
2026-05-06 17:09:00+00:00,731.510009765625,731.5499877929688,731.4500122070312,731.469970703125,26678,6.595056167947167,-6.841991876704867e-05
2026-05-06 17:10:00+00:00,731.469970703125,731.72998046875,731.469970703125,731.6599731445312,66735,6.595315888477491,0.00025972053032408127
2026-05-06 17:11:00+00:00,731.6799926757812,731.75,731.530029296875,731.5399780273438,138510,6.595151871088944,-0.00016401738854732173
2026-05-06 17:12:00+00:00,731.52001953125,731.6400146484375,731.510009765625,731.6099853515625,34032,6.595247565072506,9.569398356212844e-05
2026-05-06 17:13:00+00:00,731.5999755859375,731.6199951171875,731.47998046875,731.5800170898438,38970,6.595206602160412,-4.0962912093434056e-05
2026-05-06 17:14:00+00:00,731.5900268554688,731.6599731445312,731.52001953125,731.5349731445312,46854,6.595145029494385,-6.157266602713207e-05
2026-05-06 17:15:00+00:00,731.5399780273438,731.6599731445312,731.5,731.530029296875,48385,6.595138271287952,-6.758206433588043e-06
2026-05-06 17:16:00+00:00,731.5499877929688,731.5800170898438,731.4000244140625,731.4299926757812,40845,6.595001512087772,-0.00013675920017952592
2026-05-06 17:17:00+00:00,731.4500122070312,731.5399780273438,731.3900146484375,731.469970703125,38333,6.595056167947167,5.465585939479212e-05
2026-05-06 17:18:00+00:00,731.4600219726562,731.5800170898438,731.4600219726562,731.5800170898438,35680,6.595206602160412,0.00015043421324545392
2026-05-06 17:19:00+00:00,731.5800170898438,731.6400146484375,731.5599975585938,731.5800170898438,31926,6.595206602160412,0.0
2026-05-06 17:20:00+00:00,731.5900268554688,731.6500244140625,731.5399780273438,731.6099853515625,35498,6.595247565072506,4.0962912093434056e-05
2026-05-06 17:21:00+00:00,731.6099853515625,731.75,731.594970703125,731.739990234375,36726,6.595425246263368,0.00017768119086181144
2026-05-06 17:22:00+00:00,731.739990234375,731.760009765625,731.6500244140625,731.7100830078125,33995,6.595384374043517,-4.087221985038525e-05
2026-05-06 17:23:00+00:00,731.7249755859375,731.8099975585938,731.6900024414062,731.780029296875,38368,6.595479962375174,9.558833165712599e-05
2026-05-06 17:24:00+00:00,731.780029296875,731.7899780273438,731.5999755859375,731.6599731445312,37054,6.595315888477491,-0.0001640738976833589
2026-05-06 17:25:00+00:00,731.6599731445312,731.6599731445312,731.5399780273438,731.5800170898438,34129,6.595206602160412,-0.00010928631707862735
2026-05-06 17:26:00+00:00,731.5850219726562,731.6199951171875,731.5,731.5499877929688,53471,6.595165554137641,-4.1048022771050796e-05
2026-05-06 17:27:00+00:00,731.5399780273438,731.6500244140625,731.52001953125,731.6500244140625,21718,6.595302290906934,0.00013673676929304435
2026-05-06 17:28:00+00:00,731.6500244140625,731.739990234375,731.6300048828125,731.6699829101562,30086,6.595329569282129,2.7278375195116666e-05
2026-05-06 17:29:00+00:00,731.6500244140625,731.719970703125,731.635009765625,731.6799926757812,26299,6.595343249899606,1.3680617476197199e-05
2026-05-06 17:30:00+00:00,731.6799926757812,731.7999877929688,731.6500244140625,731.739990234375,65829,6.595425246263368,8.199636376193808e-05
2026-05-06 17:31:00+00:00,731.7515258789062,731.8800048828125,731.7340087890625,731.8300170898438,31651,6.595548269904371,0.00012302364100325036
2026-05-06 17:32:00+00:00,731.8300170898438,731.8900146484375,731.7999877929688,731.8800048828125,25521,6.595616572767968,6.830286359704729e-05
2026-05-06 17:33:00+00:00,731.8699951171875,731.8900146484375,731.7899780273438,731.8211059570312,21282,6.595536093323938,-8.04794440298906e-05
2026-05-06 17:34:00+00:00,731.8399047851562,731.8400268554688,731.75,731.75,159888,6.595438925571996,-9.716775194235083e-05
2026-05-06 17:35:00+00:00,731.739990234375,731.8300170898438,731.6400146484375,731.7999877929688,44105,6.595507235904276,6.831033228049677e-05
2026-05-06 17:36:00+00:00,731.7899780273438,731.9000244140625,731.7899780273438,731.8499145507812,33462,6.595575458172118,6.822226784208851e-05
2026-05-06 17:37:00+00:00,731.8499755859375,731.8900146484375,731.8300170898438,731.8499755859375,41804,6.595575541570575,8.339845702920456e-08
2026-05-06 17:38:00+00:00,731.8499755859375,731.8599853515625,731.7249755859375,731.75,157700,6.595438925571996,-0.00013661599857961448
2026-05-06 17:39:00+00:00,731.75,731.760009765625,731.6500244140625,731.6599731445312,43043,6.595315888477491,-0.00012303709450467437
2026-05-06 17:40:00+00:00,731.6500244140625,731.6599731445312,731.5449829101562,731.6199951171875,76174,6.595261246811889,-5.464166560198436e-05
2026-05-06 17:41:00+00:00,731.6099853515625,731.6599731445312,731.5999755859375,731.6599731445312,185676,6.595315888477491,5.464166560198436e-05
2026-05-06 17:42:00+00:00,731.6599731445312,731.760009765625,731.6599731445312,731.6799926757812,35316,6.595343249899606,2.7361422114680067e-05
2026-05-06 17:43:00+00:00,731.6799926757812,731.8049926757812,731.6799926757812,731.780029296875,31858,6.595479962375174,0.00013671247556867883
2026-05-06 17:44:00+00:00,731.7899780273438,731.9000244140625,731.7899780273438,731.8800048828125,37846,6.595616572767968,0.0001366103927935569
2026-05-06 17:45:00+00:00,731.8900146484375,731.9400024414062,731.8900146484375,731.9000244140625,27880,6.595643925964282,2.735319631419486e-05
2026-05-06 17:46:00+00:00,731.8900146484375,731.9199829101562,731.8350219726562,731.8590087890625,34745,6.595587884465537,-5.6041498744718865e-05
2026-05-06 17:47:00+00:00,731.8400268554688,731.9600219726562,731.8200073242188,731.8800048828125,34994,6.595616572767968,2.8688302430524004e-05
2026-05-06 17:48:00+00:00,731.8900146484375,732.0,731.8800048828125,731.9000244140625,49072,6.595643925964282,2.735319631419486e-05
2026-05-06 17:49:00+00:00,731.909912109375,731.9400024414062,731.8699951171875,731.8699951171875,35433,6.595602895889232,-4.103007505040779e-05
2026-05-06 17:50:00+00:00,731.8699951171875,731.889892578125,731.7999877929688,731.8099975585938,29823,6.595520914091397,-8.198179783480697e-05
2026-05-06 17:51:00+00:00,731.8300170898438,731.9199829101562,731.8099975585938,731.905029296875,41900,6.595650764146456,0.00012985005505949943
2026-05-06 17:52:00+00:00,731.9099731445312,732.030029296875,731.8900146484375,732.010009765625,44821,6.59579418841102,0.00014342426456348534
2026-05-06 17:53:00+00:00,732.0,732.0499877929688,731.9650268554688,731.9949951171875,74284,6.595773676666336,-2.0511744684093003e-05
2026-05-06 17:54:00+00:00,731.9949951171875,732.0399780273438,731.969970703125,731.97998046875,69577,6.595753164500912,-2.0512165423980377e-05
2026-05-06 17:55:00+00:00,731.9749755859375,732.02001953125,731.9400024414062,731.9600219726562,59483,6.595725897678416,-2.7266822495874976e-05
2026-05-06 17:56:00+00:00,731.9650268554688,732.0599975585938,731.9650268554688,732.0449829101562,53283,6.595841964136266,0.00011606645785011693
2026-05-06 17:57:00+00:00,732.0449829101562,732.0999755859375,732.0399780273438,732.0501098632812,57758,6.595848967715678,7.003579412412364e-06
2026-05-06 17:58:00+00:00,732.0599975585938,732.0897827148438,732.010009765625,732.0700073242188,46179,6.595876147809313,2.7180093634449065e-05
2026-05-06 17:59:00+00:00,732.0599975585938,732.1300048828125,732.0499877929688,732.125,34089,6.595951264409947,7.511660063386216e-05
2026-05-06 18:00:00+00:00,732.1300048828125,732.2100219726562,732.1300048828125,732.1699829101562,59736,6.596012704093474,6.143968352745333e-05
2026-05-06 18:01:00+00:00,732.1799926757812,732.2899780273438,732.1649780273438,732.260009765625,79755,6.596135655488942,0.00012295139546747436
2026-05-06 18:02:00+00:00,732.260009765625,732.280029296875,732.030029296875,732.0599975585938,84335,6.595862474480317,-0.0002731810086249453
2026-05-06 18:03:00+00:00,732.0700073242188,732.1799926757812,732.0399780273438,732.1799926757812,88970,6.5960263753685,0.0001639008881832993
2026-05-06 18:04:00+00:00,732.155029296875,732.22998046875,732.155029296875,732.2000122070312,41243,6.596053717357853,2.7341989352613894e-05
2026-05-06 18:05:00+00:00,732.2000122070312,732.4000244140625,732.1900024414062,732.3300170898438,53835,6.596231255381046,0.00017753802319298018
2026-05-06 18:06:00+00:00,732.3300170898438,732.4299926757812,732.3300170898438,732.4099731445312,170021,6.596340429781008,0.00010917439996216416
2026-05-06 18:07:00+00:00,732.4149780273438,732.4500122070312,732.3200073242188,732.3699951171875,44077,6.596285844070907,-5.4585710100418794e-05
2026-05-06 18:08:00+00:00,732.3800048828125,732.4600219726562,732.3800048828125,732.4099731445312,69436,6.596340429781008,5.4585710100418794e-05
2026-05-06 18:09:00+00:00,732.4099731445312,732.530029296875,732.4000244140625,732.5050048828125,76115,6.596470173472403,0.00012974369139495678
2026-05-06 18:10:00+00:00,732.510009765625,732.5800170898438,732.4099731445312,732.5399780273438,60750,6.5965179169136565,4.7743441253800256e-05
2026-05-06 18:11:00+00:00,732.510009765625,732.5599975585938,732.4500122070312,732.469970703125,54739,6.596422344423746,-9.557248991054479e-05
2026-05-06 18:12:00+00:00,732.469970703125,732.5001220703125,732.3300170898438,732.4000244140625,42069,6.5963268461346845,-9.549828906152413e-05
2026-05-06 18:13:00+00:00,732.3900146484375,732.469970703125,732.3200073242188,732.4400024414062,35553,6.5963814296067635,5.4583472079094975e-05
2026-05-06 18:14:00+00:00,732.4349975585938,732.5399780273438,732.4099731445312,732.5,40002,6.596463340891223,8.191128445922402e-05
2026-05-06 18:15:00+00:00,732.489990234375,732.739990234375,732.489990234375,732.7000122070312,77336,6.596736357826258,0.0002730169350355638
2026-05-06 18:16:00+00:00,732.7100219726562,732.8900146484375,732.6701049804688,732.8699951171875,65050,6.596968326152669,0.00023196832641048104
2026-05-06 18:17:00+00:00,732.8699951171875,733.0,732.8400268554688,732.97998046875,53941,6.59711838973844,0.00015006358577096535
2026-05-06 18:18:00+00:00,732.9749755859375,733.02001953125,732.9099731445312,732.9849853515625,66759,6.597125217845426,6.828106986489502e-06
2026-05-06 18:19:00+00:00,732.9849853515625,733.010009765625,732.8699951171875,732.885009765625,51734,6.59698881340789,-0.00013640443753626386
2026-05-06 18:20:00+00:00,732.8900146484375,732.989990234375,732.8701171875,732.9000244140625,116766,6.597009300243392,2.048683550182062e-05
2026-05-06 18:21:00+00:00,732.9000244140625,733.0499877929688,732.8800048828125,733.02001953125,125766,6.597173013288931,0.0001637130455387492
2026-05-06 18:22:00+00:00,733.030029296875,733.0800170898438,732.9700927734375,733.0549926757812,49514,6.5972207231867825,4.770989785196633e-05
2026-05-06 18:23:00+00:00,733.0599975585938,733.1699829101562,733.010009765625,733.1406860351562,64558,6.597337615305231,0.00011689211844867486
2026-05-06 18:24:00+00:00,733.1500244140625,733.1799926757812,733.0601196289062,733.0700073242188,35355,6.597241205271787,-9.641003344462717e-05
2026-05-06 18:25:00+00:00,733.0599975585938,733.0999145507812,732.969970703125,733.0800170898438,68897,6.597254859762061,1.365449027446175e-05
2026-05-06 18:26:00+00:00,733.0700073242188,733.0900268554688,732.989990234375,733.0399780273438,51806,6.5972002406822545,-5.461907980652825e-05
2026-05-06 18:27:00+00:00,733.0399780273438,733.1400146484375,733.010009765625,733.010009765625,44328,6.59715935768103,-4.088300122440103e-05
2026-05-06 18:28:00+00:00,733.0399780273438,733.1099853515625,733.0399780273438,733.0900268554688,110718,6.597268514065894,0.00010915638486430623
2026-05-06 18:29:00+00:00,733.0800170898438,733.0999755859375,733.0198974609375,733.0449829101562,51807,6.597207068230379,-6.144583551570548e-05
2026-05-06 18:30:00+00:00,733.0399780273438,733.1300048828125,732.989990234375,733.0999755859375,92704,6.59728208492704,7.501669666165611e-05
2026-05-06 18:31:00+00:00,733.0900268554688,733.10498046875,732.9749755859375,732.9749755859375,53926,6.597111561584829,-0.0001705233422111263
2026-05-06 18:32:00+00:00,732.9749755859375,732.9849853515625,732.8699951171875,732.9400024414062,85485,6.5970638464784805,-4.7715106348711345e-05
2026-05-06 18:33:00+00:00,732.9299926757812,733.0599975585938,732.9149780273438,733.0599975585938,69148,6.597227550595063,0.00016370411658250816
2026-05-06 18:34:00+00:00,733.0399780273438,733.2000122070312,733.030029296875,733.1900024414062,237309,6.597404880358956,0.00017732976389250865
2026-05-06 18:35:00+00:00,733.2100219726562,733.4600219726562,733.2000122070312,733.3800048828125,88358,6.597663991675184,0.0002591113162280223
2026-05-06 18:36:00+00:00,733.3800048828125,733.4299926757812,733.3400268554688,733.3800048828125,71864,6.597663991675184,0.0
2026-05-06 18:37:00+00:00,733.3599853515625,733.39501953125,733.3099975585938,733.380126953125,162218,6.597664158124093,1.6644890976635907e-07
2026-05-06 18:38:00+00:00,733.3900146484375,733.3900146484375,733.2000122070312,733.219970703125,80948,6.597445753323913,-0.00021840480018031627
2026-05-06 18:39:00+00:00,733.219970703125,733.22998046875,733.0999755859375,733.1950073242188,83762,6.59741170651004,-3.404681387308983e-05
2026-05-06 18:40:00+00:00,733.2000122070312,733.2100219726562,733.1199951171875,733.1300048828125,43314,6.597323046164062,-8.866034597776462e-05
2026-05-06 18:41:00+00:00,733.1300048828125,733.1799926757812,733.0800170898438,733.1099853515625,40774,6.59729573885914,-2.7307304922175035e-05
2026-05-06 18:42:00+00:00,733.1199951171875,733.1697998046875,733.0399780273438,733.0800170898438,39524,6.597254859762061,-4.0879097078949655e-05
2026-05-06 18:43:00+00:00,733.0900268554688,733.1699829101562,733.0399780273438,733.1500244140625,191803,6.597350352723316,9.549296125488382e-05
2026-05-06 18:44:00+00:00,733.1500244140625,733.1882934570312,733.02001953125,733.02001953125,186522,6.597173013288931,-0.0001773394343853596
2026-05-06 18:45:00+00:00,733.0399780273438,733.1599731445312,732.97998046875,733.0700073242188,64419,6.597241205271787,6.819198285601402e-05
2026-05-06 18:46:00+00:00,733.0700073242188,733.125,732.969970703125,732.97998046875,77051,6.59711838973844,-0.0001228155333468095
2026-05-06 18:47:00+00:00,732.989990234375,733.02001953125,732.8499755859375,732.8499755859375,197810,6.5969410091594485,-0.0001773805789913041
2026-05-06 18:48:00+00:00,732.8599853515625,732.8599853515625,732.760009765625,732.8099975585938,59025,6.596886456223452,-5.455293599609945e-05
2026-05-06 18:49:00+00:00,732.8200073242188,732.9500122070312,732.7899780273438,732.8699951171875,51306,6.596968326152669,8.186992921643821e-05
2026-05-06 18:50:00+00:00,732.864990234375,732.8800048828125,732.719970703125,732.7252807617188,41583,6.596770844135197,-0.00019748201747216143
2026-05-06 18:51:00+00:00,732.72998046875,732.8499755859375,732.72998046875,732.840087890625,80974,6.59692751695457,0.00015667281937314925
2026-05-06 18:52:00+00:00,732.8499755859375,732.9500122070312,732.8200073242188,732.8699951171875,85982,6.596968326152669,4.080919809901218e-05
2026-05-06 18:53:00+00:00,732.8699951171875,733.02001953125,732.8699951171875,733.0050048828125,217957,6.5971525298071505,0.00018420365448168496
2026-05-06 18:54:00+00:00,733.0050048828125,733.1099853515625,733.0,733.0499877929688,56683,6.597213895731888,6.136592473726665e-05
2026-05-06 18:55:00+00:00,733.0499877929688,733.0900268554688,732.989990234375,733.0050048828125,99639,6.5971525298071505,-6.136592473726665e-05
2026-05-06 18:56:00+00:00,733.010009765625,733.1199951171875,732.969970703125,733.09619140625,241536,6.597276923026099,0.0001243932189485264
2026-05-06 18:57:00+00:00,733.0900268554688,733.1199951171875,733.0399780273438,733.0750122070312,49203,6.59724803254023,-2.8890485869403904e-05
2026-05-06 18:58:00+00:00,733.0700073242188,733.1199951171875,733.010009765625,733.0551147460938,147964,6.59722088970949,-2.7142830739457224e-05
2026-05-06 18:59:00+00:00,733.0599975585938,733.1199951171875,732.9600219726562,732.9600219726562,49036,6.597091160116406,-0.00012972959308399368
2026-05-06 19:00:00+00:00,732.9530029296875,733.1300048828125,732.9299926757812,733.1099243164062,166509,6.597295655604022,0.00020449548761547476
2026-05-06 19:01:00+00:00,733.0999755859375,733.280029296875,733.0399780273438,733.239990234375,98166,6.597473056532707,0.00017740092868567814
2026-05-06 19:02:00+00:00,733.260009765625,733.3499755859375,733.25,733.3300170898438,89843,6.59759582851786,0.0001227719851524256
2026-05-06 19:03:00+00:00,733.3099975585938,733.4099731445312,733.3049926757812,733.3800048828125,125782,6.597663991675184,6.81631573238306e-05
2026-05-06 19:04:00+00:00,733.3800048828125,733.47998046875,733.3200073242188,733.3400268554688,1095886,6.597609478166826,-5.451350835716795e-05
2026-05-06 19:05:00+00:00,733.3300170898438,733.4199829101562,733.260009765625,733.3900146484375,100957,6.597677640393785,6.816222695871232e-05
2026-05-06 19:06:00+00:00,733.3900146484375,733.5499877929688,733.3099975585938,733.530029296875,286582,6.5978685364817355,0.00019089608795042068
2026-05-06 19:07:00+00:00,733.52001953125,733.72998046875,733.5,733.6649780273438,297821,6.598052491211919,0.00018395473018362196
2026-05-06 19:08:00+00:00,733.6649780273438,733.6699829101562,733.5499877929688,733.5999755859375,58963,6.597963887662453,-8.860354946627069e-05
2026-05-06 19:09:00+00:00,733.6099243164062,733.6199951171875,733.5,733.5250244140625,196926,6.59786171344834,-0.00010217421411251593
2026-05-06 19:10:00+00:00,733.52001953125,733.6534423828125,733.52001953125,733.5999755859375,43036,6.597963887662453,0.00010217421411251593
2026-05-06 19:11:00+00:00,733.6019897460938,733.719970703125,733.5800170898438,733.6500244140625,93843,6.598032108931009,6.822126855610122e-05
2026-05-06 19:12:00+00:00,733.6500244140625,733.7999877929688,733.6254272460938,733.719970703125,91083,6.598127444516919,9.533558591012792e-05
2026-05-06 19:13:00+00:00,733.72998046875,733.7999877929688,733.6900024414062,733.7100219726562,104186,6.59811388512326,-1.3559393659434704e-05
2026-05-06 19:14:00+00:00,733.719970703125,733.7999877929688,733.7100219726562,733.760009765625,62268,6.598182012978557,6.812785529763943e-05
2026-05-06 19:15:00+00:00,733.760009765625,733.7899780273438,733.5999755859375,733.6099853515625,168696,6.597977532288501,-0.00020448069005674085
2026-05-06 19:16:00+00:00,733.6099853515625,733.780029296875,733.5900268554688,733.780029296875,97959,6.598209296092773,0.00023176380427258891
2026-05-06 19:17:00+00:00,733.77001953125,733.7999877929688,733.739990234375,733.7899780273438,133000,6.598222854192788,1.3558100015131913e-05
2026-05-06 19:18:00+00:00,733.7899780273438,733.8400268554688,733.6799926757812,733.8300170898438,143976,6.598277417448458,5.456325567010367e-05
2026-05-06 19:19:00+00:00,733.8400268554688,733.8400268554688,733.719970703125,733.780029296875,189992,6.598209296092773,-6.812135568523559e-05
2026-05-06 19:20:00+00:00,733.780029296875,733.8690795898438,733.7100219726562,733.7899780273438,76274,6.598222854192788,1.3558100015131913e-05
2026-05-06 19:21:00+00:00,733.7899780273438,733.989990234375,733.7899780273438,733.9000244140625,139869,6.598372812817214,0.0001499586244255724
2026-05-06 19:22:00+00:00,733.9099731445312,733.9400024414062,733.8800048828125,733.89501953125,111526,6.598365993223657,-6.819593556528503e-06
2026-05-06 19:23:00+00:00,733.9000244140625,733.9500122070312,733.8400268554688,733.9099731445312,207274,6.598386368700449,2.0375476792011682e-05
2026-05-06 19:24:00+00:00,733.9099731445312,733.989990234375,733.860107421875,733.860107421875,188991,6.598318421106564,-6.794759388562e-05
2026-05-06 19:25:00+00:00,733.864990234375,733.8950805664062,733.7899780273438,733.7949829101562,165186,6.598229674762562,-8.874634400157788e-05
2026-05-06 19:26:00+00:00,733.7949829101562,733.8099975585938,733.6400146484375,733.7000122070312,122712,6.598100242357582,-0.000129432404980534
2026-05-06 19:27:00+00:00,733.6900024414062,733.885009765625,733.6599731445312,733.8800048828125,225576,6.59834553416394,0.0002452918063582388
2026-05-06 19:28:00+00:00,733.889892578125,733.9400024414062,733.8200073242188,733.85498046875,90065,6.5983114348008876,-3.4099363052320086e-05
2026-05-06 19:29:00+00:00,733.8499755859375,733.9600219726562,733.780029296875,733.8599853515625,97566,6.59831825476652,6.819965632232083e-06
2026-05-06 19:30:00+00:00,733.8499755859375,733.8699951171875,733.6300048828125,733.72998046875,131065,6.598141086911492,-0.00017716785502752685
2026-05-06 19:31:00+00:00,733.719970703125,733.7899780273438,733.6699829101562,733.780029296875,79625,6.598209296092773,6.820918128092046e-05
2026-05-06 19:32:00+00:00,733.780029296875,733.8400268554688,733.6699829101562,733.6900024414062,223804,6.598086599405775,-0.00012269668699804726
2026-05-06 19:33:00+00:00,733.6799926757812,733.7100219726562,733.5499877929688,733.6400146484375,209553,6.598018465049624,-6.813435615082852e-05
2026-05-06 19:34:00+00:00,733.635009765625,733.7100219726562,733.6099853515625,733.625,130291,6.5979979988784985,-2.046617112583249e-05
2026-05-06 19:35:00+00:00,733.6199951171875,733.72998046875,733.5999755859375,733.7000122070312,107116,6.598100242357582,0.00010224347908316389
2026-05-06 19:36:00+00:00,733.7000122070312,733.75,733.6300048828125,733.64501953125,88221,6.598025287013586,-7.495534399559745e-05
2026-05-06 19:37:00+00:00,733.6500244140625,733.8200073242188,733.6400146484375,733.8099975585938,100517,6.598250136192767,0.0002248491791805307
2026-05-06 19:38:00+00:00,733.8200073242188,734.0,733.81298828125,733.9749755859375,82597,6.598474934826159,0.00022479863339253114
2026-05-06 19:39:00+00:00,733.97998046875,733.989990234375,733.8499755859375,733.969970703125,186410,6.598468115928999,-6.818897159810433e-06
2026-05-06 19:40:00+00:00,733.969970703125,734.0,733.8400268554688,733.8900146484375,167704,6.598359173583592,-0.00010894234540703707
2026-05-06 19:41:00+00:00,733.885009765625,733.9099731445312,733.7999877929688,733.8400268554688,135842,6.5982910577972085,-6.811578638377114e-05
2026-05-06 19:42:00+00:00,733.8400268554688,733.9099731445312,733.739990234375,733.760009765625,330215,6.598182012978557,-0.00010904481865114946
2026-05-06 19:43:00+00:00,733.75,733.780029296875,733.7000122070312,733.719970703125,123035,6.598127444516919,-5.4568461638204724e-05
2026-05-06 19:44:00+00:00,733.72998046875,733.7999877929688,733.6599731445312,733.6749877929688,157068,6.598066134629066,-6.130988785280067e-05
2026-05-06 19:45:00+00:00,733.6699829101562,733.9500122070312,733.5900268554688,733.9400024414062,348036,6.598427284730532,0.0003611501014653129
2026-05-06 19:46:00+00:00,733.9500122070312,733.989990234375,733.8300170898438,733.8499755859375,170775,6.598304614788743,-0.0001226699417884447
2026-05-06 19:47:00+00:00,733.8499755859375,733.9000244140625,733.8099975585938,733.8800048828125,249986,6.59834553416394,4.091937519667965e-05
2026-05-06 19:48:00+00:00,733.9000244140625,733.9400024414062,733.6500244140625,733.6900024414062,474953,6.598086599405775,-0.00025893475816474165
2026-05-06 19:49:00+00:00,733.6950073242188,733.739990234375,733.5900268554688,733.7000122070312,164912,6.598100242357582,1.3642951806502879e-05
2026-05-06 19:50:00+00:00,733.7000122070312,734.5,733.6500244140625,734.4600219726562,387279,6.599135565232226,0.001035322874644251
2026-05-06 19:51:00+00:00,734.47998046875,734.5288696289062,734.280029296875,734.3300170898438,279680,6.598958542131994,-0.00017702310023182122
2026-05-06 19:52:00+00:00,734.3200073242188,734.4199829101562,734.22998046875,734.239990234375,216129,6.598835937346206,-0.00012260478578784983
2026-05-06 19:53:00+00:00,734.22998046875,734.510009765625,734.1900024414062,734.469970703125,374056,6.59914911077969,0.00031317343348380433
2026-05-06 19:54:00+00:00,734.4500122070312,734.5700073242188,734.4099731445312,734.4500122070312,395610,6.599121936398067,-2.7174381623140675e-05
2026-05-06 19:55:00+00:00,734.4400024414062,734.5900268554688,734.4000244140625,734.5499877929688,707620,6.599258050198055,0.00013611379998845763
2026-05-06 19:56:00+00:00,734.5499877929688,734.5800170898438,734.4400024414062,734.4600219726562,339805,6.599135565232226,-0.00012248496582945023
2026-05-06 19:57:00+00:00,734.4600219726562,734.489990234375,734.25,734.2899780273438,389797,6.5989040160290635,-0.00023154920316237337
2026-05-06 19:58:00+00:00,734.280029296875,734.4000244140625,734.239990234375,734.280029296875,450820,6.598890467161227,-1.3548867836554734e-05
2026-05-06 19:59:00+00:00,734.280029296875,734.4749755859375,733.760009765625,733.77001953125,2248028,6.598195654628712,-0.0006948125325152432
2026-05-07 13:30:00+00:00,735.0499877929688,735.1199951171875,734.8300170898438,734.9000244140625,1116046,6.599734468755757,0.0015388141270449296
2026-05-07 13:31:00+00:00,734.8900146484375,734.9199829101562,734.6300048828125,734.6901245117188,176054,6.599448811011079,-0.000285657744677259
2026-05-07 13:32:00+00:00,734.6950073242188,734.7498779296875,734.5499877929688,734.590087890625,108578,6.599312640088196,-0.00013617092288331634
2026-05-07 13:33:00+00:00,734.5999755859375,734.6599731445312,734.47998046875,734.60498046875,143433,6.599332913200251,2.027311205488047e-05
2026-05-07 13:34:00+00:00,734.5999755859375,734.6500244140625,734.469970703125,734.5399169921875,90674,6.599244339940094,-8.857326015654365e-05
2026-05-07 13:35:00+00:00,734.530029296875,734.5900268554688,734.3200073242188,734.4498291015625,146442,6.599121687088394,-0.00012265285169998918
2026-05-07 13:36:00+00:00,734.4500122070312,734.47998046875,734.260009765625,734.4099731445312,152193,6.599067419203903,-5.42678844910327e-05
2026-05-07 13:37:00+00:00,734.4199829101562,734.469970703125,734.2899780273438,734.4249877929688,103711,6.599087863500012,2.044429610847942e-05
2026-05-07 13:38:00+00:00,734.4299926757812,734.5900268554688,734.3200073242188,734.5599975585938,128120,6.599271677177281,0.00018381367726938436
2026-05-07 13:39:00+00:00,734.5700073242188,734.6500244140625,734.4000244140625,734.5,93251,6.599189995613932,-8.16815633495338e-05
2026-05-07 13:40:00+00:00,734.52001953125,734.5850219726562,734.3300170898438,734.3699951171875,158788,6.599012982149726,-0.00017701346420562203
2026-05-07 13:41:00+00:00,734.3800048828125,734.5,734.1699829101562,734.2899780273438,103518,6.5989040160290635,-0.00010896612066257916
2026-05-07 13:42:00+00:00,734.2899780273438,734.3699951171875,734.219970703125,734.219970703125,127488,6.598808671323592,-9.534470547123419e-05
2026-05-07 13:43:00+00:00,734.22998046875,734.364990234375,734.1649780273438,734.3400268554688,136268,6.598972173193193,0.00016350186960067958
2026-05-07 13:44:00+00:00,734.3499755859375,734.489990234375,734.1599731445312,734.22998046875,111145,6.598822304427829,-0.00014986876536404736
2026-05-07 13:45:00+00:00,734.219970703125,734.4199829101562,733.9099731445312,733.9199829101562,153710,6.598400007563158,-0.00042229686467099015
2026-05-07 13:46:00+00:00,733.9400024414062,734.2999877929688,733.8699951171875,734.125,128532,6.598679313842683,0.00027930627952521547
2026-05-07 13:47:00+00:00,734.1199951171875,734.219970703125,733.6599731445312,733.739990234375,189737,6.598154729119953,-0.0005245847227302036
2026-05-07 13:48:00+00:00,733.739990234375,734.0,733.6799926757812,733.9199829101562,135825,6.598400007563158,0.00024527844320498815
2026-05-07 13:49:00+00:00,733.9199829101562,734.0,733.5800170898438,733.6500244140625,197135,6.598032108931009,-0.00036789863214892193
2026-05-07 13:50:00+00:00,733.6699829101562,733.9000244140625,733.6099853515625,733.9000244140625,140957,6.598372812817214,0.000340703886204885
2026-05-07 13:51:00+00:00,733.8900146484375,733.8900146484375,733.5499877929688,733.6199951171875,207668,6.5979911767283745,-0.0003816360888393433
2026-05-07 13:52:00+00:00,733.6300048828125,733.8400268554688,733.5734252929688,733.8400268554688,78237,6.5982910577972085,0.0002998810688339404
2026-05-07 13:53:00+00:00,733.844970703125,733.97998046875,733.6950073242188,733.780029296875,100711,6.598209296092773,-8.17617044353014e-05
2026-05-07 13:54:00+00:00,733.7974853515625,734.0300903320312,733.77001953125,734.0250244140625,105596,6.5985431212405254,0.0003338251477522647
2026-05-07 13:55:00+00:00,734.0220947265625,734.2160034179688,734.0220947265625,734.1500244140625,126494,6.598713400663816,0.00017027942329050916
2026-05-07 13:56:00+00:00,734.1500244140625,734.3049926757812,734.0700073242188,734.1950073242188,95036,6.598774670881916,6.127021809998467e-05
2026-05-07 13:57:00+00:00,734.22998046875,734.2999877929688,734.1199951171875,734.1599731445312,56443,6.598726951930899,-4.771895101729484e-05
2026-05-07 13:58:00+00:00,734.1400146484375,734.1900024414062,733.7000122070312,733.7899780273438,78497,6.598222854192788,-0.0005040977381103318
2026-05-07 13:59:00+00:00,733.7899780273438,733.9600219726562,733.7100219726562,733.9400024414062,105701,6.598427284730532,0.00020443053774332753
2026-05-07 14:00:00+00:00,733.9400024414062,734.1099853515625,733.8800048828125,734.0700073242188,96340,6.598604401892251,0.00017711716171930902
2026-05-07 14:01:00+00:00,734.0700073242188,734.22998046875,734.04248046875,734.219970703125,90006,6.598808671323592,0.0002042694313413307
2026-05-07 14:02:00+00:00,734.22998046875,734.2949829101562,734.1300048828125,734.27001953125,139863,6.598876834986235,6.816366264228435e-05
2026-05-07 14:03:00+00:00,734.260009765625,734.3818969726562,734.0999755859375,734.3709106445312,87752,6.599014228832977,0.00013739384674238408
2026-05-07 14:04:00+00:00,734.389892578125,734.5900268554688,734.3300170898438,734.5300903320312,124264,6.59923096187083,0.00021673303785263442
2026-05-07 14:05:00+00:00,734.530029296875,734.6699829101562,734.3599853515625,734.6300048828125,154578,6.599366977749917,0.00013601587908773638
2026-05-07 14:06:00+00:00,734.6400146484375,734.8499755859375,734.6300048828125,734.7501220703125,137062,6.59953047143758,0.00016349368766288563
2026-05-07 14:07:00+00:00,734.75,734.9000244140625,734.7100219726562,734.8900146484375,124674,6.599720848081566,0.0001903766439861343
2026-05-07 14:08:00+00:00,734.89501953125,734.89501953125,734.6799926757812,734.760009765625,126675,6.599543928568768,-0.00017691951279807938
2026-05-07 14:09:00+00:00,734.77001953125,734.8499755859375,734.5399780273438,734.6900024414062,83663,6.599448644858958,-9.528370981026768e-05
2026-05-07 14:10:00+00:00,734.7100219726562,734.7650756835938,734.5,734.72998046875,78171,6.599503058202751,5.441334379341356e-05
2026-05-07 14:11:00+00:00,734.719970703125,734.7899169921875,734.5999755859375,734.6400146484375,100168,6.59938060324488,-0.00012245495787155392
2026-05-07 14:12:00+00:00,734.6500244140625,734.8300170898438,734.64501953125,734.7000122070312,75604,6.599462269241219,8.166599633874227e-05
2026-05-07 14:13:00+00:00,734.7000122070312,734.75,734.5599975585938,734.6099853515625,85172,6.5993397262030165,-0.00012254303820213863
2026-05-07 14:14:00+00:00,734.6300048828125,734.6900024414062,734.489990234375,734.52001953125,73048,6.599217251241473,-0.00012247496154316195
2026-05-07 14:15:00+00:00,734.52001953125,734.760009765625,734.0800170898438,734.1599731445312,214530,6.598726951930899,-0.0004902993105746489
2026-05-07 14:16:00+00:00,734.1699829101562,734.719970703125,734.1221923828125,734.5499877929688,247671,6.599258050198055,0.0005310982671566933
2026-05-07 14:17:00+00:00,734.5499877929688,734.5900268554688,734.3499755859375,734.4600219726562,65649,6.599135565232226,-0.00012248496582945023
2026-05-07 14:18:00+00:00,734.4600219726562,734.6699829101562,734.4000244140625,734.6099853515625,56501,6.5993397262030165,0.00020416097079056783
2026-05-07 14:19:00+00:00,734.5999755859375,734.6099853515625,734.510009765625,734.5599975585938,65220,6.599271677177281,-6.804902573520621e-05
2026-05-07 14:20:00+00:00,734.5700073242188,734.7899780273438,734.5700073242188,734.7899780273438,58593,6.599584714199705,0.000313037022423579
2026-05-07 14:21:00+00:00,734.7899780273438,734.969970703125,734.7899780273438,734.8599853515625,83464,6.599679984945823,9.527074611792585e-05
2026-05-07 14:22:00+00:00,734.85498046875,735.0800170898438,734.8499755859375,734.8900146484375,123669,6.599720848081566,4.086313574358513e-05
2026-05-07 14:23:00+00:00,734.9000244140625,734.9000244140625,734.5,734.594970703125,94278,6.599319287055468,-0.0004015610260985625
2026-05-07 14:24:00+00:00,734.5999755859375,734.75,734.5499877929688,734.5900268554688,63669,6.599312557000825,-6.7300546424675645e-06
2026-05-07 14:25:00+00:00,734.6099853515625,734.8800048828125,734.5999755859375,734.8699951171875,47712,6.599693606176604,0.00038104917577896913
2026-05-07 14:26:00+00:00,734.8599853515625,734.9000244140625,734.7550048828125,734.8400268554688,63191,6.599652824986744,-4.078118986061696e-05
2026-05-07 14:27:00+00:00,734.8400268554688,734.8699951171875,734.6799926757812,734.719970703125,68661,6.599489434376207,-0.00016339061053649573
2026-05-07 14:28:00+00:00,734.719970703125,734.8699951171875,734.7100219726562,734.8200073242188,39885,6.599625581228615,0.00013614685240792568
2026-05-07 14:29:00+00:00,734.8300170898438,734.8699951171875,734.5250244140625,734.5499877929688,66970,6.599258050198055,-0.00036753103055975345
2026-05-07 14:30:00+00:00,734.6300048828125,734.719970703125,734.5999755859375,734.62841796875,83295,6.599364817593422,0.00010676739536652491
2026-05-07 14:31:00+00:00,734.6300048828125,734.780029296875,734.4500122070312,734.7449951171875,65862,6.599523493594558,0.0001586760011358379
2026-05-07 14:32:00+00:00,734.739990234375,734.7467041015625,734.5700073242188,734.6699829101562,63483,6.599421395537552,-0.00010209805700611696
2026-05-07 14:33:00+00:00,734.6699829101562,734.8400268554688,734.6400146484375,734.8300170898438,71956,6.599639203200457,0.00021780766290557807
2026-05-07 14:34:00+00:00,734.8300170898438,734.8499755859375,734.6900024414062,734.77001953125,57415,6.599557551652918,-8.165154753925208e-05
2026-05-07 14:35:00+00:00,734.77001953125,734.9099731445312,734.5599975585938,734.5800170898438,81686,6.599298930578661,-0.0002586210742565598
2026-05-07 14:36:00+00:00,734.5900268554688,734.8800048828125,734.5900268554688,734.780029296875,85008,6.599571174551483,0.00027224397282132884
2026-05-07 14:37:00+00:00,734.8099975585938,734.969970703125,734.75,734.9398803710938,52785,6.5997887004539315,0.00021752590244883407
2026-05-07 14:38:00+00:00,734.9400024414062,734.97998046875,734.9099731445312,734.9500122070312,73204,6.599802486297333,1.3785843401059594e-05
2026-05-07 14:39:00+00:00,734.9500122070312,735.2100219726562,734.9099731445312,735.1799926757812,121511,6.600115357226926,0.0003128709295934229
2026-05-07 14:40:00+00:00,735.1900024414062,735.2949829101562,735.1300048828125,735.219970703125,136751,6.600169734305748,5.4377078821943314e-05
2026-05-07 14:41:00+00:00,735.25,735.3499755859375,735.0399780273438,735.1199951171875,76826,6.600033744550432,-0.000135989755316146
2026-05-07 14:42:00+00:00,735.125,735.239990234375,735.0850219726562,735.1699829101562,53863,6.600101741739741,6.79971893093878e-05
2026-05-07 14:43:00+00:00,735.1699829101562,735.2100219726562,735.1199951171875,735.1599731445312,49399,6.600088126067172,-1.361567256896734e-05
2026-05-07 14:44:00+00:00,735.1699829101562,735.22998046875,735.1099853515625,735.1500244140625,130086,6.6000745932333,-1.3532833872176298e-05
2026-05-07 14:45:00+00:00,735.1710205078125,735.4600219726562,735.1710205078125,735.4149780273438,65015,6.600434935844076,0.0003603426107758878
2026-05-07 14:46:00+00:00,735.4099731445312,735.5399780273438,735.4000244140625,735.5,109886,6.6005505400414926,0.00011560419741662997
2026-05-07 14:47:00+00:00,735.5089111328125,735.5599975585938,735.4349975585938,735.5,73597,6.6005505400414926,0.0
2026-05-07 14:48:00+00:00,735.489990234375,735.5200805664062,734.9600219726562,735.239990234375,101583,6.600196963243336,-0.0003535767981563964
2026-05-07 14:49:00+00:00,735.2449951171875,735.280029296875,735.1099853515625,735.219970703125,112805,6.600169734305748,-2.7228937588219537e-05
2026-05-07 14:50:00+00:00,735.25,735.3300170898438,735.1599731445312,735.25,52963,6.600210577434105,4.0843128356726766e-05
2026-05-07 14:51:00+00:00,735.25,735.469970703125,735.2100219726562,735.4199829101562,46531,6.6004417413429195,0.0002311639088148354
2026-05-07 14:52:00+00:00,735.4349975585938,735.530029296875,735.3900146484375,735.489990234375,52189,6.600536930478285,9.518913536510354e-05
2026-05-07 14:53:00+00:00,735.5,735.6099853515625,735.5,735.5399780273438,63438,6.600604893462134,6.796298384958988e-05
2026-05-07 14:54:00+00:00,735.5469970703125,735.739990234375,735.530029296875,735.7100219726562,68155,6.600836049208703,0.0002311557465688452
2026-05-07 14:55:00+00:00,735.72998046875,736.0,735.7249755859375,735.9400024414062,114702,6.601148596984067,0.00031254777536382505
2026-05-07 14:56:00+00:00,735.9500122070312,736.030029296875,735.8599853515625,735.9749755859375,161254,6.601196117588259,4.752060419210835e-05
2026-05-07 14:57:00+00:00,735.969970703125,735.969970703125,735.8499755859375,735.8699951171875,55492,6.601053466057673,-0.00014265153058623525
2026-05-07 14:58:00+00:00,735.8599853515625,735.9500122070312,735.8300170898438,735.9400024414062,71833,6.601148596984067,9.51309263941269e-05
2026-05-07 14:59:00+00:00,735.9400024414062,736.1099853515625,735.9199829101562,736.0800170898438,87016,6.6013388316914785,0.0001902347074116406
2026-05-07 15:00:00+00:00,736.0900268554688,736.1300048828125,735.9400024414062,735.9400024414062,84197,6.601148596984067,-0.0001902347074116406
2026-05-07 15:01:00+00:00,735.9400024414062,736.0,735.7000122070312,735.8300170898438,81818,6.60099913701368,-0.00014945997038662284
2026-05-07 15:02:00+00:00,735.8400268554688,735.989990234375,735.8400268554688,735.8599853515625,44727,6.601039863337395,4.072632371432405e-05
2026-05-07 15:03:00+00:00,735.8499755859375,735.969970703125,735.8300170898438,735.8400268554688,53012,6.601012740287955,-2.712304943930377e-05
2026-05-07 15:04:00+00:00,735.8350219726562,735.8599243164062,735.719970703125,735.8300170898438,42046,6.60099913701368,-1.3603274275020283e-05
2026-05-07 15:05:00+00:00,735.8300170898438,735.8400268554688,735.4600219726562,735.469970703125,140474,6.600509710796195,-0.000489426217485267
2026-05-07 15:06:00+00:00,735.489013671875,735.6099243164062,735.2000122070312,735.2899780273438,201026,6.600264949335516,-0.00024476146067886617
2026-05-07 15:07:00+00:00,735.2899780273438,735.5499877929688,735.2899780273438,735.52001953125,69399,6.60057775861226,0.00031280927674348646
2026-05-07 15:08:00+00:00,735.510009765625,735.6699829101562,735.489990234375,735.6199951171875,70158,6.600713674412383,0.00013591580012306537
2026-05-07 15:09:00+00:00,735.6199951171875,735.6799926757812,735.5800170898438,735.6400146484375,55977,6.600740888543288,2.721413090522873e-05
2026-05-07 15:10:00+00:00,735.6400756835938,735.7799072265625,735.6300048828125,735.6599731445312,51754,6.600768018967077,2.7130423789323288e-05
2026-05-07 15:11:00+00:00,735.659912109375,735.719970703125,735.4099731445312,735.510009765625,72953,6.600564149419482,-0.0002038695475947705
2026-05-07 15:12:00+00:00,735.4500122070312,735.7899780273438,735.260009765625,735.4500122070312,75815,6.600482573363395,-8.157605608705154e-05
2026-05-07 15:13:00+00:00,735.4600219726562,735.489990234375,735.25,735.27001953125,52240,6.600237805259615,-0.00024476810378004643
2026-05-07 15:14:00+00:00,735.280029296875,735.4099731445312,735.25,735.2999877929688,41162,6.600278562600747,4.075734113140328e-05
2026-05-07 15:15:00+00:00,735.2999877929688,735.4400024414062,735.25,735.2899780273438,43748,6.600264949335516,-1.361326523063866e-05
2026-05-07 15:16:00+00:00,735.3099975585938,735.5,735.3049926757812,735.469970703125,39968,6.600509710796195,0.00024476146067886617
2026-05-07 15:17:00+00:00,735.47998046875,735.5999755859375,735.4500122070312,735.530029296875,89430,6.60059136761983,8.165682363525661e-05
2026-05-07 15:18:00+00:00,735.52001953125,735.530029296875,735.3300170898438,735.4099731445312,39329,6.600428130298918,-0.00016323732091194643
2026-05-07 15:19:00+00:00,735.3900146484375,735.4299926757812,735.3300170898438,735.3800048828125,36338,6.600387379053437,-4.075124548119646e-05
2026-05-07 15:20:00+00:00,735.3900146484375,735.5700073242188,735.3499755859375,735.3699951171875,56562,6.600373767269483,-1.3611783954203815e-05
2026-05-07 15:21:00+00:00,735.3400268554688,735.3400268554688,735.1099853515625,735.1699829101562,58592,6.600101741739741,-0.000272025529741704
2026-05-07 15:22:00+00:00,735.1599731445312,735.3099975585938,735.0999755859375,735.3099975585938,59117,6.600292175680659,0.000190433940917778
2026-05-07 15:23:00+00:00,735.3400268554688,735.5191040039062,735.0800170898438,735.4998779296875,96852,6.600550374072324,0.0002581983916654096
2026-05-07 15:24:00+00:00,735.5,735.5499877929688,734.97998046875,735.0989990234375,130164,6.600005182691504,-0.0005451913808203201
2026-05-07 15:25:00+00:00,735.0800170898438,735.239990234375,735.0399780273438,735.0900268554688,2104863,6.599992977229743,-1.2205461761283232e-05
2026-05-07 15:26:00+00:00,735.10009765625,735.1799926757812,734.2999877929688,734.5700073242188,153726,6.599285303970815,-0.0007076732589279544
2026-05-07 15:27:00+00:00,734.5700073242188,734.889892578125,734.5399780273438,734.760009765625,102823,6.599543928568768,0.0002586245979534496
2026-05-07 15:28:00+00:00,734.760009765625,734.77001953125,734.5,734.719970703125,93119,6.599489434376207,-5.4494192561094223e-05
2026-05-07 15:29:00+00:00,734.7498779296875,734.9088134765625,734.5599975585938,734.9088134765625,50576,6.599746428219156,0.0002569938429486385
2026-05-07 15:30:00+00:00,734.9099731445312,735.239990234375,734.8499755859375,735.1699829101562,98919,6.600101741739741,0.00035531352058537635
2026-05-07 15:31:00+00:00,735.1599731445312,735.2999877929688,735.0499877929688,735.260009765625,81733,6.600224191439529,0.00012244969978780773
2026-05-07 15:32:00+00:00,735.239990234375,735.4500122070312,735.239990234375,735.4199829101562,73492,6.6004417413429195,0.0002175499033905126
2026-05-07 15:33:00+00:00,735.4400024414062,735.5399780273438,735.4000244140625,735.47998046875,62286,6.600523320729853,8.15793869337611e-05
2026-05-07 15:34:00+00:00,735.4600219726562,735.6199951171875,735.4500122070312,735.530029296875,117391,6.60059136761983,6.804688997696928e-05
2026-05-07 15:35:00+00:00,735.530029296875,735.530029296875,735.3198852539062,735.3200073242188,73376,6.600305788575258,-0.00028557904457215955
2026-05-07 15:36:00+00:00,735.3099975585938,735.4099731445312,735.25,735.3699951171875,51307,6.600373767269483,6.797869422481284e-05
2026-05-07 15:37:00+00:00,735.3599853515625,735.530029296875,735.2999877929688,735.469970703125,41318,6.600509710796195,0.0001359435267120901
2026-05-07 15:38:00+00:00,735.489990234375,735.5800170898438,735.3511962890625,735.3511962890625,172423,6.600348203174486,-0.00016150762170941135
2026-05-07 15:39:00+00:00,735.3499755859375,735.3900146484375,735.22998046875,735.2301025390625,43859,6.600183514897312,-0.00016468827717375234
2026-05-07 15:40:00+00:00,735.239990234375,735.3599853515625,735.0999755859375,735.1400146484375,57204,6.600060977191077,-0.00012253770623438243
2026-05-07 15:41:00+00:00,735.135009765625,735.239990234375,735.0399780273438,735.1099853515625,41735,6.600020127951997,-4.084923908020954e-05
2026-05-07 15:42:00+00:00,735.1099853515625,735.4299926757812,735.1099853515625,735.4199829101562,64468,6.6004417413429195,0.0004216133909222819
2026-05-07 15:43:00+00:00,735.4199829101562,735.530029296875,735.2999877929688,735.3099975585938,39503,6.600292175680659,-0.00014956566226054235
2026-05-07 15:44:00+00:00,735.3049926757812,735.3699951171875,735.280029296875,735.3099975585938,31768,6.600292175680659,0.0
2026-05-07 15:45:00+00:00,735.2899780273438,735.4099731445312,735.27001953125,735.3800048828125,48066,6.600387379053437,9.520337277812985e-05
2026-05-07 15:46:00+00:00,735.3900146484375,735.3900146484375,735.0850219726562,735.1199951171875,55367,6.600033744550432,-0.00035363450300529564
2026-05-07 15:47:00+00:00,735.10498046875,735.27001953125,735.0800170898438,735.0900268554688,36257,6.599992977229743,-4.0767320689028e-05
2026-05-07 15:48:00+00:00,735.0999755859375,735.239990234375,734.8800048828125,734.8800048828125,47047,6.599707227221851,-0.0002857500078921049
2026-05-07 15:49:00+00:00,734.9199829101562,734.969970703125,734.8099975585938,734.8350219726562,61400,6.599646014116795,-6.121310505591282e-05
2026-05-07 15:50:00+00:00,734.844970703125,734.8499755859375,734.6099853515625,734.8300170898438,71134,6.599639203200457,-6.810916337585127e-06
2026-05-07 15:51:00+00:00,734.8300170898438,734.9500122070312,734.6900024414062,734.7949829101562,39085,6.599591525487171,-4.7677713285843026e-05
2026-05-07 15:52:00+00:00,734.7999877929688,734.7999877929688,734.52001953125,734.5900268554688,92122,6.599312557000825,-0.00027896848634600957
2026-05-07 15:53:00+00:00,734.5599975585938,734.77001953125,734.5449829101562,734.719970703125,68420,6.599489434376207,0.00017687737538185644
2026-05-07 15:54:00+00:00,734.7000122070312,734.969970703125,734.6998901367188,734.8699951171875,76309,6.599693606176604,0.0002041718003971127
2026-05-07 15:55:00+00:00,734.8800048828125,734.8900146484375,734.4199829101562,734.6500244140625,72422,6.599394228554191,-0.00029937762241338817
2026-05-07 15:56:00+00:00,734.6699829101562,734.739990234375,734.539794921875,734.549072265625,54085,6.599256803818736,-0.00013742473545530487
2026-05-07 15:57:00+00:00,734.5399780273438,734.6400146484375,734.280029296875,734.2999267578125,66805,6.5989175647133305,-0.00033923910540512026
2026-05-07 15:58:00+00:00,734.2899780273438,734.2999267578125,733.9299926757812,734.0599975585938,293390,6.598590765816983,-0.00032679889634756876
2026-05-07 15:59:00+00:00,734.0499877929688,734.0800170898438,733.780029296875,733.9799194335938,104006,6.598481670520387,-0.00010909529659564043
2026-05-07 16:00:00+00:00,733.9650268554688,734.02001953125,733.3599853515625,733.6199951171875,206526,6.5979911767283745,-0.0004904937920127139
2026-05-07 16:01:00+00:00,733.5800170898438,733.7899780273438,733.3400268554688,733.4299926757812,127384,6.597732150186608,-0.00025902654176679363
2026-05-07 16:02:00+00:00,733.4299926757812,733.780029296875,733.3099975585938,733.75,117252,6.5981683711423065,0.00043622095569872954
2026-05-07 16:03:00+00:00,733.760009765625,733.8900146484375,733.6400146484375,733.7899780273438,114626,6.598222854192788,5.4483050481834994e-05
2026-05-07 16:04:00+00:00,733.7999877929688,733.8400268554688,733.4000244140625,733.4000244140625,114575,6.597691288926102,-0.0005315652666864068
2026-05-07 16:05:00+00:00,733.3900146484375,733.3900146484375,733.1500244140625,733.3200073242188,97817,6.597582178682577,-0.00010911024352466825
2026-05-07 16:06:00+00:00,733.323974609375,733.3300170898438,732.9500122070312,732.989990234375,152942,6.59713204590579,-0.0004501327767876262
2026-05-07 16:07:00+00:00,732.97998046875,733.2899780273438,732.9299926757812,733.02001953125,119236,6.597173013288931,4.096738314096626e-05
2026-05-07 16:08:00+00:00,733.010986328125,733.260009765625,732.9400024414062,733.0700073242188,107311,6.597241205271787,6.819198285601402e-05
2026-05-07 16:09:00+00:00,733.0599975585938,733.3699951171875,733.0599975585938,733.360107421875,62284,6.597636860132558,0.0003956548607710886
2026-05-07 16:10:00+00:00,733.3499755859375,733.3623046875,733.030029296875,733.0900268554688,80508,6.597268514065894,-0.00036834606666324987
2026-05-07 16:11:00+00:00,733.0999755859375,733.1522216796875,732.8800048828125,732.9299926757812,59700,6.597050189379749,-0.0002183246861457988
2026-05-07 16:12:00+00:00,732.9500122070312,733.0,732.5900268554688,732.5999755859375,94832,6.596599817019484,-0.00045037236026423955
2026-05-07 16:13:00+00:00,732.5999755859375,732.9299926757812,732.5999755859375,732.77001953125,60818,6.596831900311271,0.00023208329178636689
2026-05-07 16:14:00+00:00,732.7799072265625,732.8499755859375,732.6799926757812,732.719970703125,68048,6.596763597111006,-6.830320026462999e-05
2026-05-07 16:15:00+00:00,732.7050170898438,732.7050170898438,731.7999877929688,732.0599975585938,308932,6.595862474480317,-0.0009011226306894216
2026-05-07 16:16:00+00:00,732.0900268554688,732.280029296875,731.760009765625,732.1599731445312,177264,6.595999032631542,0.00013655815122515236
2026-05-07 16:17:00+00:00,732.1799926757812,732.4600219726562,731.9299926757812,732.4550170898438,152847,6.59640192888929,0.0004028962577482531
2026-05-07 16:18:00+00:00,732.469970703125,732.52001953125,732.0999755859375,732.0999755859375,99900,6.595917083304608,-0.0004848455846824251
2026-05-07 16:19:00+00:00,732.0999755859375,732.1300048828125,731.8599853515625,731.875,78790,6.5956097343519815,-0.0003073489526261852
2026-05-07 16:20:00+00:00,731.875,732.1500244140625,731.72998046875,732.010009765625,95622,6.59579418841102,0.00018445405903833034
2026-05-07 16:21:00+00:00,732.010009765625,732.2100219726562,731.8099975585938,731.8800048828125,75389,6.595616572767968,-0.00017761564305196487
2026-05-07 16:22:00+00:00,731.9199829101562,732.1500244140625,731.8800048828125,732.0800170898438,121940,6.595889820951352,0.0002732481833840339
2026-05-07 16:23:00+00:00,732.0999755859375,732.6199951171875,732.0800170898438,732.60498046875,126653,6.5966066486682475,0.0007168277168956294
2026-05-07 16:24:00+00:00,732.5900268554688,732.75,732.3900146484375,732.7000122070312,124678,6.596736357826258,0.00012970915801080452
2026-05-07 16:25:00+00:00,732.7000122070312,733.0399780273438,732.6900024414062,732.989990234375,329026,6.59713204590579,0.0003956880795312756
2026-05-07 16:26:00+00:00,733.0,733.0999755859375,732.9199829101562,733.0399169921875,71360,6.597200157419184,6.811151339469745e-05
2026-05-07 16:27:00+00:00,733.0399780273438,733.25,732.9299926757812,733.2100219726562,255717,6.59743218468372,0.00023202726453597222
2026-05-07 16:28:00+00:00,733.239990234375,733.3900146484375,733.1599731445312,733.3699951171875,0,6.597650342770291,0.0002181580865707744
2026-05-07 16:29:00+00:00,733.3599853515625,733.4199829101562,733.1500244140625,733.364990234375,287533,6.597643518247985,-6.824522306381198e-06
2026-05-07 16:30:00+00:00,733.3599853515625,733.4199829101562,733.2000122070312,733.2000122070312,69385,6.597418532614529,-0.00022498563345596523
2026-05-07 16:31:00+00:00,733.2000122070312,733.2999877929688,733.1099853515625,733.25,47405,6.59748670785756,6.817524303137645e-05
2026-05-07 16:32:00+00:00,733.27001953125,733.5999755859375,733.219970703125,733.5900268554688,77219,6.597950326050865,0.0004636181933053152
2026-05-07 16:33:00+00:00,733.594970703125,733.7999877929688,733.5900268554688,733.6400146484375,186172,6.598018465049624,6.813899875890428e-05
2026-05-07 16:34:00+00:00,733.6300048828125,733.8200073242188,733.5399780273438,733.6199951171875,85296,6.5979911767283745,-2.7288321249763214e-05
2026-05-07 16:35:00+00:00,733.6300048828125,733.6300048828125,733.4400024414062,733.5800170898438,76038,6.597936681053591,-5.4495674783439085e-05
2026-05-07 16:36:00+00:00,733.5800170898438,733.5800170898438,733.2999877929688,733.3800048828125,80200,6.597663991675184,-0.00027268937840752017
2026-05-07 16:37:00+00:00,733.3900146484375,733.469970703125,733.27001953125,733.3400268554688,50839,6.597609478166826,-5.451350835716795e-05
2026-05-07 16:38:00+00:00,733.3300170898438,733.3699951171875,732.8400268554688,732.97998046875,136994,6.59711838973844,-0.0004910884283866324
2026-05-07 16:39:00+00:00,732.989990234375,733.030029296875,732.7000732421875,732.760009765625,68935,6.596818240044439,-0.0003001496940004955
2026-05-07 16:40:00+00:00,732.75,732.9400024414062,732.6599731445312,732.9119873046875,66620,6.597025622787523,0.00020738274308396143
2026-05-07 16:41:00+00:00,732.9000244140625,733.1799926757812,732.8300170898438,733.1500244140625,54439,6.597350352723316,0.00032472993579268916
2026-05-07 16:42:00+00:00,733.1400146484375,733.1400146484375,732.8300170898438,732.8499755859375,40544,6.5969410091594485,-0.0004093435638674592
2026-05-07 16:43:00+00:00,732.8499755859375,732.989990234375,732.5399780273438,732.5700073242188,47195,6.596558909463266,-0.00038209969618208106
2026-05-07 16:44:00+00:00,732.5599975585938,732.8300170898438,732.530029296875,732.780029296875,63794,6.596845560391502,0.00028665092823576543
2026-05-07 16:45:00+00:00,732.780029296875,732.8154296875,732.5599975585938,732.75,48889,6.5968045795910015,-4.098080050063402e-05
2026-05-07 16:46:00+00:00,732.739990234375,732.8800048828125,732.510009765625,732.5689697265625,56571,6.596557493082059,-0.00024708650894211814
2026-05-07 16:47:00+00:00,732.5499877929688,732.6900024414062,732.5,732.5700073242188,58549,6.596558909463266,1.4163812069867276e-06
2026-05-07 16:48:00+00:00,732.5606079101562,732.6699829101562,732.5,732.5200805664062,30758,6.5964907542580065,-6.815520525993435e-05
2026-05-07 16:49:00+00:00,732.52001953125,732.580078125,732.3800048828125,732.52001953125,72175,6.596490670935842,-8.332216427930916e-08
2026-05-07 16:50:00+00:00,732.47998046875,732.5399780273438,732.2349853515625,732.3400268554688,65432,6.596244923668544,-0.000245747267298313
2026-05-07 16:51:00+00:00,732.3499755859375,732.3499755859375,732.02001953125,732.0800170898438,56608,6.595889820951352,-0.0003551027171919685
2026-05-07 16:52:00+00:00,732.0900268554688,732.2000122070312,732.02099609375,732.1699829101562,57543,6.596012704093474,0.00012288314212227647
2026-05-07 16:53:00+00:00,732.1599731445312,732.3699951171875,732.0399780273438,732.3099975585938,69262,6.59620391824557,0.0001912141520961086
2026-05-07 16:54:00+00:00,732.3699951171875,732.510009765625,732.260009765625,732.4199829101562,50642,6.59635409657637,0.00015017833079955523
2026-05-07 16:55:00+00:00,732.4099731445312,732.510009765625,732.2100219726562,732.22998046875,41999,6.596094645585044,-0.00025945099132584915
2026-05-07 16:56:00+00:00,732.219970703125,732.25,731.9500122070312,731.989990234375,65341,6.595766839324611,-0.00032780626043305006
2026-05-07 16:57:00+00:00,731.969970703125,732.0800170898438,731.5900268554688,731.6900024414062,91887,6.595356930329926,-0.00040990899468518194
2026-05-07 16:58:00+00:00,731.6799926757812,731.9000244140625,731.635009765625,731.8800048828125,71402,6.595616572767968,0.00025964243804210696
2026-05-07 16:59:00+00:00,731.9199829101562,732.1199951171875,731.8699951171875,732.0399780273438,53502,6.595835127261432,0.0002185544934638628
2026-05-07 17:00:00+00:00,732.0999755859375,732.1699829101562,731.9500122070312,732.1199951171875,53324,6.595944428282346,0.00010930102091410987
2026-05-07 17:01:00+00:00,732.0999755859375,732.0999755859375,731.780029296875,731.8699951171875,81447,6.595602895889232,-0.0003415323931141856
2026-05-07 17:02:00+00:00,731.8800048828125,732.1500244140625,731.6900024414062,732.022216796875,88557,6.595810864316138,0.00020796842690629092
2026-05-07 17:03:00+00:00,732.0399780273438,732.219970703125,731.969970703125,732.219970703125,51731,6.596080975243334,0.0002701109271958657
2026-05-07 17:04:00+00:00,732.2050170898438,732.27001953125,731.989990234375,732.030029296875,68038,6.595821536749476,-0.00025943849385789974
2026-05-07 17:05:00+00:00,732.0399780273438,732.1900024414062,731.8099975585938,731.969970703125,69289,6.595739489490208,-8.204725926752587e-05
2026-05-07 17:06:00+00:00,731.97998046875,732.3200073242188,731.9600219726562,732.2349853515625,58833,6.596101480685821,0.0003619911956125321
2026-05-07 17:07:00+00:00,732.3099975585938,732.469970703125,732.27001953125,732.3800048828125,69134,6.5962995116122976,0.00019803092647663334
2026-05-07 17:08:00+00:00,732.3699951171875,732.6699829101562,732.3300170898438,732.5900268554688,82593,6.596586236896153,0.0002867252838552048
2026-05-07 17:09:00+00:00,732.6209716796875,732.6300048828125,731.9927978515625,732.1799926757812,104620,6.5960263753685,-0.0005598615276527497
2026-05-07 17:10:00+00:00,732.1799926757812,732.3298950195312,731.9500732421875,731.969970703125,60478,6.595739489490208,-0.0002868858782916206
2026-05-07 17:11:00+00:00,731.9550170898438,731.97998046875,731.7000122070312,731.8499755859375,70710,6.595575541570575,-0.00016394791963314503
2026-05-07 17:12:00+00:00,731.8400268554688,731.9600219726562,731.6699829101562,731.75,40339,6.595438925571996,-0.00013661599857961448
2026-05-07 17:13:00+00:00,731.72998046875,732.0700073242188,731.72998046875,731.9749755859375,91751,6.595746327018936,0.00030740144693996996
2026-05-07 17:14:00+00:00,731.9600219726562,732.0900268554688,731.9299926757812,731.989990234375,47664,6.595766839324611,2.0512305675346454e-05
2026-05-07 17:15:00+00:00,731.989990234375,731.989990234375,731.6599731445312,731.780029296875,56766,6.595479962375174,-0.0002868769494366319
2026-05-07 17:16:00+00:00,731.760009765625,731.8400268554688,731.5499877929688,731.8300170898438,51503,6.595548269904371,6.830752919650962e-05
2026-05-07 17:17:00+00:00,731.8099975585938,731.8099975585938,731.530029296875,731.6099853515625,67025,6.595247565072506,-0.0003007048318650618
2026-05-07 17:18:00+00:00,731.6400146484375,731.6699829101562,731.3400268554688,731.344970703125,64761,6.59488526457892,-0.0003623004935855434
2026-05-07 17:19:00+00:00,731.3300170898438,731.510009765625,731.219970703125,731.3800048828125,123376,6.594933167199411,4.790262049070293e-05
2026-05-07 17:20:00+00:00,731.3599853515625,731.3699951171875,731.1599731445312,731.1900024414062,85712,6.594673347236574,-0.0002598199628369713
2026-05-07 17:21:00+00:00,731.2100219726562,731.3400268554688,731.1599731445312,731.3300170898438,72363,6.594864817639707,0.00019147040313338692
2026-05-07 17:22:00+00:00,731.3499755859375,731.7901000976562,731.3499755859375,731.7901000976562,83702,6.5954937243406295,0.0006289067009221938
2026-05-07 17:23:00+00:00,731.819580078125,732.1900024414062,731.760009765625,731.8599853515625,113601,6.595589218823435,9.549448280576911e-05
2026-05-07 17:24:00+00:00,731.8400268554688,732.2100219726562,731.7999877929688,732.1599731445312,42571,6.595999032631542,0.00040981380810656276
2026-05-07 17:25:00+00:00,732.1900024414062,732.5700073242188,731.0800170898438,731.219970703125,311853,6.594714331997719,-0.0012847006338230216
2026-05-07 17:26:00+00:00,731.22998046875,731.22998046875,730.0405883789062,730.2100219726562,314153,6.59333219409675,-0.0013821379009684165
2026-05-07 17:27:00+00:00,730.280029296875,730.5499877929688,729.760009765625,730.2999877929688,309826,6.593455391910973,0.000123197814222209
2026-05-07 17:28:00+00:00,730.3099975585938,731.1599731445312,730.0800170898438,731.02001953125,282683,6.594440845874433,0.000985453963460614
2026-05-07 17:29:00+00:00,731.0150146484375,731.3699951171875,730.5399780273438,730.625,286167,6.593900332226333,-0.0005405136481000383
2026-05-07 17:30:00+00:00,730.6300048828125,730.8400268554688,730.1799926757812,730.6699829101562,233549,6.593961898043908,6.156581757466029e-05
2026-05-07 17:31:00+00:00,730.6400146484375,730.8400268554688,730.3499755859375,730.7899780273438,137955,6.594126110708865,0.00016421266495747489
2026-05-07 17:32:00+00:00,730.77001953125,731.1900024414062,730.5700073242188,730.989990234375,104070,6.594399766406196,0.00027365569733106554
2026-05-07 17:33:00+00:00,730.97998046875,731.0,730.27001953125,730.47998046875,95918,6.593701825570528,-0.0006979408356686534
2026-05-07 17:34:00+00:00,730.469970703125,731.1199951171875,730.4199829101562,731.0,131295,6.594413459749778,0.0007116341792503533
2026-05-07 17:35:00+00:00,731.013671875,731.0499877929688,730.7100219726562,730.97998046875,62920,6.594386072875103,-2.738687467473966e-05
2026-05-07 17:36:00+00:00,730.97998046875,731.2899780273438,730.8599853515625,731.2344970703125,85911,6.5947341977337235,0.00034812485862012466
2026-05-07 17:37:00+00:00,731.25,731.6400146484375,731.0399780273438,731.489990234375,93730,6.595083536476431,0.00034933874270759446
2026-05-07 17:38:00+00:00,731.47998046875,731.6599731445312,731.219970703125,731.3699951171875,91857,6.594919480970561,-0.00016405550586995332
2026-05-07 17:39:00+00:00,731.3599853515625,731.4500122070312,731.1799926757812,731.4000244140625,108118,6.594960539095185,4.105812462373848e-05
2026-05-07 17:40:00+00:00,731.3701171875,731.7100219726562,731.2899780273438,731.4099731445312,109954,6.594974141313498,1.3602218313479852e-05
2026-05-07 17:41:00+00:00,731.4099731445312,731.5399780273438,731.4000244140625,731.4299926757812,57524,6.595001512087772,2.737077427372725e-05
2026-05-07 17:42:00+00:00,731.4199829101562,731.4299926757812,731.0955810546875,731.1199951171875,69318,6.594577598285408,-0.00042391380236406206
2026-05-07 17:43:00+00:00,731.0999755859375,731.1099853515625,730.9099731445312,731.0499877929688,66476,6.594481840165503,-9.57581199045876e-05
2026-05-07 17:44:00+00:00,731.0499877929688,731.0700073242188,730.6599731445312,730.760009765625,54555,6.594085101832024,-0.00039673833347908527
2026-05-07 17:45:00+00:00,730.72998046875,730.8400268554688,730.5499877929688,730.7000122070312,36017,6.594002995503113,-8.210632891092473e-05
2026-05-07 17:46:00+00:00,730.7000122070312,730.77001953125,730.5,730.530029296875,41788,6.5937703382128925,-0.00023265729022092785
2026-05-07 17:47:00+00:00,730.510009765625,730.8900146484375,730.469970703125,730.780029296875,47769,6.594112496950483,0.0003421587375909141
2026-05-07 17:48:00+00:00,730.75,730.780029296875,730.469970703125,730.5700073242188,38360,6.593825061402751,-0.000287435547732251
2026-05-07 17:49:00+00:00,730.5700073242188,730.5850219726562,730.3944702148438,730.5499877929688,51412,6.593797658408722,-2.7402994029479544e-05
2026-05-07 17:50:00+00:00,730.530029296875,730.5800170898438,730.1599731445312,730.576416015625,88899,6.593833833544002,3.617513528020311e-05
2026-05-07 17:51:00+00:00,730.5900268554688,730.760009765625,730.3900146484375,730.47998046875,56780,6.593701825570528,-0.00013200797347412419
2026-05-07 17:52:00+00:00,730.47998046875,730.47998046875,730.1749877929688,730.2150268554688,128183,6.5933390481052,-0.0003627774653276461
2026-05-07 17:53:00+00:00,730.22998046875,730.27001953125,730.1500244140625,730.2100219726562,72537,6.59333219409675,-6.854008449685978e-06
2026-05-07 17:54:00+00:00,730.2150268554688,730.510009765625,730.1599731445312,730.4400024414062,162208,6.593647095636211,0.0003149015394603438
2026-05-07 17:55:00+00:00,730.47998046875,730.760009765625,730.47998046875,730.6408081054688,56215,6.5939219684069394,0.00027487277072868466
2026-05-07 17:56:00+00:00,730.6649780273438,731.3300170898438,730.3400268554688,731.0399780273438,245450,6.594468147758253,0.0005461793513132918
2026-05-07 17:57:00+00:00,731.030029296875,731.3699951171875,731.010009765625,731.2579956054688,104478,6.594766332647613,0.0002981848893606198
2026-05-07 17:58:00+00:00,731.25,731.4324951171875,731.1900024414062,731.3699951171875,81036,6.594919480970561,0.00015314832294777148
2026-05-07 17:59:00+00:00,731.3900146484375,731.7999877929688,731.3900146484375,731.719970703125,257630,6.5953978870847285,0.00047840611416738454
2026-05-07 18:00:00+00:00,731.77001953125,731.8599243164062,731.5800170898438,731.6799926757812,81948,6.595343249899606,-5.463718512288551e-05
2026-05-07 18:01:00+00:00,731.6599731445312,731.7550048828125,731.4199829101562,731.469970703125,88241,6.595056167947167,-0.00028708195243876133
2026-05-07 18:02:00+00:00,731.47998046875,731.6300048828125,731.1500244140625,731.5800170898438,88144,6.595206602160412,0.00015043421324545392
2026-05-07 18:03:00+00:00,731.5800170898438,731.6500244140625,731.3200073242188,731.4299926757812,35702,6.595001512087772,-0.00020509007264024604
2026-05-07 18:04:00+00:00,731.4000244140625,731.6199951171875,731.3037719726562,731.469970703125,52157,6.595056167947167,5.465585939479212e-05
2026-05-07 18:05:00+00:00,731.489990234375,731.739990234375,731.47998046875,731.739990234375,37601,6.595425246263368,0.0003690783162006994
2026-05-07 18:06:00+00:00,731.719970703125,731.9500122070312,731.7000122070312,731.9000244140625,56820,6.595643925964282,0.00021867970091449251
2026-05-07 18:07:00+00:00,731.9099731445312,732.1500244140625,731.8250122070312,732.0700073242188,230907,6.595876147809313,0.0002322218450308
2026-05-07 18:08:00+00:00,732.0750122070312,732.1300048828125,731.8300170898438,731.8900146484375,63869,6.59563024945965,-0.00024589834966270985
2026-05-07 18:09:00+00:00,731.8800048828125,731.969970703125,731.2100219726562,731.3599853515625,158169,6.594905794554395,-0.0007244549052547455
2026-05-07 18:10:00+00:00,731.3519897460938,731.5700073242188,731.0599975585938,731.530029296875,167058,6.595138271287952,0.00023247673355619725
2026-05-07 18:11:00+00:00,731.5599975585938,731.6900024414062,731.4099731445312,731.5850219726562,60381,6.595213443333731,7.517204577922598e-05
2026-05-07 18:12:00+00:00,731.5900268554688,731.7050170898438,731.4299926757812,731.6400146484375,56099,6.595288609729098,7.516639536753189e-05
2026-05-07 18:13:00+00:00,731.6500244140625,731.6900024414062,731.3900146484375,731.5900268554688,96061,6.595220284460247,-6.832526885158785e-05
2026-05-07 18:14:00+00:00,731.594970703125,731.719970703125,731.469970703125,731.6199951171875,82287,6.595261246811889,4.0962351642193084e-05
2026-05-07 18:15:00+00:00,731.6300048828125,731.7899780273438,731.6099853515625,731.739990234375,46286,6.595425246263368,0.0001639994514786025
2026-05-07 18:16:00+00:00,731.760009765625,731.8499755859375,731.6699829101562,731.6900024414062,62966,6.595356930329926,-6.83159334418093e-05
2026-05-07 18:17:00+00:00,731.6900024414062,731.97998046875,731.6900024414062,731.9600219726562,25905,6.595725897678416,0.00036896734849012347
2026-05-07 18:18:00+00:00,731.989990234375,732.2000122070312,731.97998046875,732.1400146484375,69256,6.595971772512357,0.0002458748339408956
2026-05-07 18:19:00+00:00,732.1400146484375,732.1851196289062,731.8049926757812,731.8400268554688,58853,6.595561947530236,-0.00040982498212116525
2026-05-07 18:20:00+00:00,731.85009765625,732.030029296875,731.760009765625,731.8099975585938,93488,6.595520914091397,-4.1033438838766756e-05
2026-05-07 18:21:00+00:00,731.8099975585938,731.9000244140625,731.77001953125,731.7750854492188,40170,6.595473206431914,-4.770765948247657e-05
2026-05-07 18:22:00+00:00,731.780029296875,732.02001953125,731.7000122070312,731.77001953125,31124,6.595466283627894,-6.922804020703666e-06
2026-05-07 18:23:00+00:00,731.780029296875,731.7999877929688,731.5599975585938,731.614990234375,59760,6.595254405965596,-0.00021187766229768812
2026-05-07 18:24:00+00:00,731.5999755859375,731.6699829101562,731.4400024414062,731.4550170898438,56115,6.595035724502142,-0.00021868146345394024
2026-05-07 18:25:00+00:00,731.47998046875,731.47998046875,731.25,731.2999877929688,71962,6.59482375558467,-0.00021196891747177204
2026-05-07 18:26:00+00:00,731.2899780273438,731.5087890625,731.260009765625,731.4550170898438,31176,6.595035724502142,0.00021196891747177204
2026-05-07 18:27:00+00:00,731.4600219726562,731.47998046875,731.239990234375,731.3499755859375,51482,6.594892107950909,-0.0001436165512327392
2026-05-07 18:28:00+00:00,731.3699951171875,731.489990234375,731.280029296875,731.3599853515625,70037,6.594905794554395,1.3686603486107174e-05
2026-05-07 18:29:00+00:00,731.3599853515625,731.4400024414062,731.1599731445312,731.2899780273438,59075,6.594810067858296,-9.572669609969608e-05
2026-05-07 18:30:00+00:00,731.2899780273438,731.5175170898438,731.25,731.469970703125,43843,6.595056167947167,0.00024610008887115953
2026-05-07 18:31:00+00:00,731.47998046875,731.6539916992188,731.4299926757812,731.6300048828125,40861,6.595274928364085,0.00021876041691815118
2026-05-07 18:32:00+00:00,731.6400146484375,731.77001953125,731.5700073242188,731.760009765625,78798,6.595452604693502,0.00017767632941723122
2026-05-07 18:33:00+00:00,731.77001953125,731.9400024414062,731.7100219726562,731.8900146484375,106225,6.59563024945965,0.0001776447661478997
2026-05-07 18:34:00+00:00,731.9000244140625,731.9000244140625,731.7100219726562,731.739990234375,35504,6.595425246263368,-0.00020500319628258268
2026-05-07 18:35:00+00:00,731.75,731.905029296875,731.5800170898438,731.5999755859375,55654,6.59523388314593,-0.00019136311743750412
2026-05-07 18:36:00+00:00,731.5700073242188,731.60498046875,731.4600219726562,731.47998046875,50377,6.5950698523054285,-0.00016403084050153893
2026-05-07 18:37:00+00:00,731.4600219726562,731.4600219726562,731.0499877929688,731.1400146484375,51615,6.594604979915375,-0.0004648723900535501
2026-05-07 18:38:00+00:00,731.135009765625,731.3150024414062,730.9500122070312,731.22998046875,45356,6.594728021034554,0.00012304111917860183
2026-05-07 18:39:00+00:00,731.2100219726562,731.52001953125,731.0999755859375,731.405029296875,38521,6.594967381952065,0.000239360917511533
2026-05-07 18:40:00+00:00,731.4199829101562,731.4600219726562,731.22998046875,731.2949829101562,36116,6.5948169117449025,-0.00015047020716263404
2026-05-07 18:41:00+00:00,731.260009765625,731.3800048828125,731.0599975585938,731.1300048828125,38332,6.594591289194111,-0.00022562255079172644
2026-05-07 18:42:00+00:00,731.1300048828125,731.5001220703125,731.0800170898438,731.489990234375,42288,6.595083536476431,0.000492247282320335
2026-05-07 18:43:00+00:00,731.5,731.530029296875,730.9600219726562,731.3400268554688,79378,6.594878504616707,-0.00020503185972398086
2026-05-07 18:44:00+00:00,731.3300170898438,731.3400268554688,729.9600219726562,730.302490234375,242146,6.593458818498896,-0.0014196861178108477
2026-05-07 18:45:00+00:00,730.3099975585938,730.6099853515625,729.75,730.5999145507812,148845,6.59386599740358,0.0004071789046840024
2026-05-07 18:46:00+00:00,730.5999755859375,730.72998046875,730.3400268554688,730.6900024414062,101258,6.5939892965377105,0.00012329913413022808
2026-05-07 18:47:00+00:00,730.6849975585938,730.7100219726562,730.1699829101562,730.3499755859375,75167,6.593523837868925,-0.0004654586687857787
2026-05-07 18:48:00+00:00,730.3400268554688,730.5999755859375,730.1799926757812,730.22998046875,78562,6.593359526265222,-0.0001643116037026715
2026-05-07 18:49:00+00:00,730.239990234375,730.3200073242188,730.1199951171875,730.2000122070312,44554,6.593318485938917,-4.1040326305363806e-05
2026-05-07 18:50:00+00:00,730.1799926757812,730.1799926757812,729.9299926757812,730.1400146484375,137476,6.593236316639269,-8.216929964799391e-05
2026-05-07 18:51:00+00:00,730.1699829101562,730.5499877929688,730.010009765625,730.5499877929688,79749,6.593797658408722,0.0005613417694529943
2026-05-07 18:52:00+00:00,730.5198974609375,730.6699829101562,730.4349975585938,730.5900268554688,79007,6.593852463645877,5.480523715561958e-05
2026-05-07 18:53:00+00:00,730.6199951171875,730.6900024414062,730.3200073242188,730.52001953125,78748,6.593756636059933,-9.582758594461893e-05
2026-05-07 18:54:00+00:00,730.530029296875,730.72998046875,730.489990234375,730.5499877929688,102192,6.593797658408722,4.102234878899935e-05
2026-05-07 18:55:00+00:00,730.5399780273438,731.0700073242188,730.3099975585938,730.9550170898438,200018,6.594351921727548,0.0005542633188264645
2026-05-07 18:56:00+00:00,730.9450073242188,731.1500244140625,730.7750244140625,731.010009765625,87771,6.594427152905856,7.523117830743331e-05
2026-05-07 18:57:00+00:00,731.010009765625,731.1300048828125,730.9099731445312,730.97998046875,69621,6.594386072875103,-4.108003075220523e-05
2026-05-07 18:58:00+00:00,730.97998046875,731.1699829101562,730.8200073242188,730.9099731445312,101707,6.594290296412451,-9.577646265235273e-05
2026-05-07 18:59:00+00:00,730.9299926757812,731.1799926757812,730.9099731445312,731.1400146484375,68818,6.594604979915375,0.0003146835029239625
2026-05-07 19:00:00+00:00,731.1400146484375,731.4000244140625,731.0499877929688,731.0599975585938,77895,6.594495532385276,-0.00010944753009933805
2026-05-07 19:01:00+00:00,731.0599975585938,731.1400146484375,730.9099731445312,730.9949951171875,230799,6.594406613101426,-8.891928384979764e-05
2026-05-07 19:02:00+00:00,730.989990234375,730.989990234375,730.6300048828125,730.7000122070312,69332,6.594002995503113,-0.0004036175983124224
2026-05-07 19:03:00+00:00,730.7000122070312,730.97998046875,730.6500244140625,730.8200073242188,178946,6.59416720142004,0.00016420591692689612
2026-05-07 19:04:00+00:00,730.8400268554688,730.9400024414062,730.77001953125,730.8800048828125,36781,6.594249294268267,8.209284822680019e-05
2026-05-07 19:05:00+00:00,730.8800048828125,731.0499877929688,730.8699951171875,731.0499877929688,48444,6.594481840165503,0.0002325458972363137
2026-05-07 19:06:00+00:00,731.010009765625,731.0900268554688,730.9099731445312,730.989990234375,63432,6.594399766406196,-8.207375930702199e-05
2026-05-07 19:07:00+00:00,730.989990234375,731.2100219726562,730.719970703125,731.0900268554688,80067,6.594536607919767,0.00013684151357029606
2026-05-07 19:08:00+00:00,731.0999755859375,731.1199951171875,730.8300170898438,730.9000244140625,371516,6.594276684889085,-0.0002599230306818967
2026-05-07 19:09:00+00:00,730.8800048828125,730.9699096679688,730.7999877929688,730.9099731445312,31481,6.594290296412451,1.3611523366208189e-05
2026-05-07 19:10:00+00:00,730.9099731445312,731.1300048828125,730.7999877929688,730.8499755859375,43798,6.5942082069302765,-8.208948217447443e-05
2026-05-07 19:11:00+00:00,730.8599853515625,731.1199951171875,730.85498046875,731.1199951171875,132830,6.594577598285408,0.0003693913551314765
2026-05-07 19:12:00+00:00,731.0999755859375,731.2899780273438,731.0599975585938,731.239990234375,52563,6.594741709884,0.0001641115985924202
2026-05-07 19:13:00+00:00,731.260009765625,731.5,731.239990234375,731.3699951171875,64961,6.594919480970561,0.0001777710865606963
2026-05-07 19:14:00+00:00,731.3599853515625,731.4000244140625,731.1699829101562,731.1900024414062,36169,6.594673347236574,-0.0002461337339871861
2026-05-07 19:15:00+00:00,731.22998046875,731.22998046875,731.060791015625,731.1900024414062,55586,6.594673347236574,0.0
2026-05-07 19:16:00+00:00,731.2100219726562,731.3300170898438,731.1199951171875,731.2100219726562,43332,6.594700726244939,2.7379008365358004e-05
2026-05-07 19:17:00+00:00,731.2349853515625,731.2349853515625,730.469970703125,730.5300903320312,147800,6.593770421762029,-0.0009303044829103158
2026-05-07 19:18:00+00:00,730.5399780273438,730.8099975585938,730.3800048828125,730.5999755859375,185470,6.593866080944726,9.565918269682783e-05
2026-05-07 19:19:00+00:00,730.5700073242188,730.6699829101562,730.3599853515625,730.6099853515625,107321,6.593879781598147,1.3700653421544473e-05
2026-05-07 19:20:00+00:00,730.5499877929688,730.619873046875,730.3099975585938,730.6099853515625,77141,6.593879781598147,0.0
2026-05-07 19:21:00+00:00,730.5900268554688,730.614990234375,730.4500122070312,730.530029296875,110754,6.5937703382128925,-0.0001094433852548704
2026-05-07 19:22:00+00:00,730.5250244140625,730.7070922851562,730.4500122070312,730.469970703125,65559,6.59368812247876,-8.221573413269567e-05
2026-05-07 19:23:00+00:00,730.489990234375,730.5499877929688,730.2899780273438,730.4000244140625,53421,6.593592362706364,-9.575977239606459e-05
2026-05-07 19:24:00+00:00,730.375,730.4099731445312,730.1099853515625,730.2100219726562,98831,6.59333219409675,-0.00026016860961330934
2026-05-07 19:25:00+00:00,730.1900024414062,730.4199829101562,729.989990234375,730.1799926757812,113364,6.593291069059496,-4.1125037254730046e-05
2026-05-07 19:26:00+00:00,730.1699829101562,730.5399780273438,730.0800170898438,730.52001953125,90013,6.593756636059933,0.00046556700043698385
2026-05-07 19:27:00+00:00,730.5,730.780029296875,730.4199829101562,730.6799926757812,106640,6.5939755973846435,0.00021896132471077578
2026-05-07 19:28:00+00:00,730.6920166015625,730.739990234375,730.3599853515625,730.3599853515625,58736,6.59353754321207,-0.0004380541725730325
2026-05-07 19:29:00+00:00,730.3699951171875,730.5700073242188,730.3599853515625,730.5,89504,6.593729231190754,0.00019168797868385212
2026-05-07 19:30:00+00:00,730.5,730.7249755859375,730.4000244140625,730.6992797851562,89114,6.594001993146154,0.0002727619553999361
2026-05-07 19:31:00+00:00,730.7100219726562,731.0,730.6699829101562,730.8300170898438,86033,6.594180897948563,0.00017890480240900786
2026-05-07 19:32:00+00:00,730.8300170898438,730.8699951171875,730.7200927734375,730.8099975585938,68371,6.59415350470392,-2.739324464329229e-05
2026-05-07 19:33:00+00:00,730.7899780273438,730.9639892578125,730.72998046875,730.9500122070312,74100,6.594345074657852,0.00019156995393210252
2026-05-07 19:34:00+00:00,730.9500122070312,731.02001953125,730.8800048828125,730.9099731445312,49686,6.594290296412451,-5.4778245401010395e-05
2026-05-07 19:35:00+00:00,730.9199829101562,731.02001953125,730.8400268554688,730.8499755859375,75701,6.5942082069302765,-8.208948217447443e-05
2026-05-07 19:36:00+00:00,730.85498046875,731.1500244140625,730.7999877929688,731.0499877929688,77441,6.594481840165503,0.00027363323522688887
2026-05-07 19:37:00+00:00,731.0399780273438,731.3699951171875,731.0399780273438,731.25,195604,6.5947553985460665,0.0002735583805630881
2026-05-07 19:38:00+00:00,731.260009765625,731.3300170898438,731.1799926757812,731.2899780273438,73991,6.594810067858296,5.4669312229194134e-05
2026-05-07 19:39:00+00:00,731.2849731445312,731.3699951171875,731.2100219726562,731.2899780273438,79116,6.594810067858296,0.0
2026-05-07 19:40:00+00:00,731.2899780273438,731.469970703125,731.260009765625,731.344970703125,160859,6.59488526457892,7.519672062450411e-05
2026-05-07 19:41:00+00:00,731.3499755859375,731.3599853515625,731.0499877929688,731.0599975585938,144247,6.594495532385276,-0.00038973219364457634
2026-05-07 19:42:00+00:00,731.0700073242188,731.1099853515625,730.989990234375,731.0,89806,6.594413459749778,-8.207263549753208e-05
2026-05-07 19:43:00+00:00,731.010009765625,731.27001953125,730.989990234375,731.1500244140625,165923,6.594618670449206,0.0002052106994279157
2026-05-07 19:44:00+00:00,731.1500244140625,731.3200073242188,731.1099853515625,731.260009765625,79627,6.5947690870207545,0.00015041657154846177
2026-05-07 19:45:00+00:00,731.27001953125,731.4000244140625,731.2100219726562,731.27001953125,99272,6.594782775308071,1.3688287316959702e-05
2026-05-07 19:46:00+00:00,731.260009765625,731.280029296875,731.1199951171875,731.1400146484375,138441,6.594604979915375,-0.00017779539269646705
2026-05-07 19:47:00+00:00,731.1400146484375,731.2100219726562,731.0399780273438,731.0700073242188,139831,6.594509224417574,-9.575549780116432e-05
2026-05-07 19:48:00+00:00,731.0599975585938,731.0999755859375,730.9301147460938,731.0599975585938,119508,6.594495532385276,-1.3692032298173729e-05
2026-05-07 19:49:00+00:00,731.0650024414062,731.375,731.010009765625,731.2100830078125,262447,6.59470080971638,0.0002052773311040923
2026-05-07 19:50:00+00:00,731.22998046875,731.7949829101562,731.219970703125,731.6400146484375,622894,6.595288609729098,0.0005878000127186311
2026-05-07 19:51:00+00:00,731.6500244140625,731.9000244140625,731.52001953125,731.6799926757812,218502,6.595343249899606,5.464017050726966e-05
2026-05-07 19:52:00+00:00,731.6699829101562,731.7100219726562,730.5700073242188,731.159912109375,640165,6.594632193841294,-0.0007110560583116765
2026-05-07 19:53:00+00:00,731.1599731445312,731.239990234375,730.8699951171875,730.969970703125,297170,6.594372379156495,-0.00025981468479852055
2026-05-07 19:54:00+00:00,730.9400024414062,731.0999755859375,730.8400268554688,730.9500122070312,258848,6.594345074657852,-2.7304498643410113e-05
2026-05-07 19:55:00+00:00,730.9500122070312,731.2000122070312,730.77001953125,731.0,318099,6.594413459749778,6.8385091926082e-05
2026-05-07 19:56:00+00:00,731.010009765625,731.1400146484375,730.8900146484375,730.97998046875,278190,6.594386072875103,-2.738687467473966e-05
2026-05-07 19:57:00+00:00,730.969970703125,731.5999755859375,730.9400024414062,731.25,438416,6.5947553985460665,0.00036932567096314983
2026-05-07 19:58:00+00:00,731.239990234375,731.405029296875,730.97998046875,731.3900146484375,1053114,6.594946853240951,0.0001914546948844631
2026-05-07 19:59:00+00:00,731.4299926757812,731.6400146484375,731.1300048828125,731.5900268554688,974239,6.595220284460247,0.0002734312192957944
2026-05-08 13:30:00+00:00,734.9299926757812,735.1599731445312,734.6900024414062,734.8900146484375,1502821,6.599720848081566,0.004500563621319564
2026-05-08 13:31:00+00:00,734.8900146484375,735.1099853515625,734.72998046875,735.0700073242188,186872,6.59996574273719,0.0002448946556237175
2026-05-08 13:32:00+00:00,735.0750122070312,735.27001953125,735.0650024414062,735.1799926757812,96212,6.600115357226926,0.0001496144897359386
2026-05-08 13:33:00+00:00,735.1900024414062,735.2899780273438,735.02001953125,735.27001953125,74150,6.600237805259615,0.00012244803268934845
2026-05-08 13:34:00+00:00,735.280029296875,735.3200073242188,735.0,735.280029296875,81178,6.600251418894368,1.3613634752829284e-05
2026-05-08 13:35:00+00:00,735.2999877929688,735.3400268554688,735.1300048828125,735.3099975585938,101430,6.600292175680659,4.0756786290785385e-05
2026-05-08 13:36:00+00:00,735.3300170898438,735.3900146484375,735.2191162109375,735.3499755859375,125459,6.6003465431457204,5.436746506148893e-05
2026-05-08 13:37:00+00:00,735.3499755859375,735.4500122070312,735.1500244140625,735.1599731445312,100976,6.600088126067172,-0.00025841707854823426
2026-05-08 13:38:00+00:00,735.1500244140625,735.2100219726562,734.97998046875,735.0800170898438,185789,6.599979360076181,-0.00010876599099152173
2026-05-08 13:39:00+00:00,735.080078125,735.2000122070312,734.8400268554688,734.9299926757812,93879,6.59977524661629,-0.0002041134598904648
2026-05-08 13:40:00+00:00,734.9349975585938,735.0499877929688,734.5800170898438,734.9000244140625,129818,6.599734468755757,-4.077786053358068e-05
2026-05-08 13:41:00+00:00,734.9000244140625,735.030029296875,734.8300170898438,734.9000244140625,60138,6.599734468755757,0.0
2026-05-08 13:42:00+00:00,734.9199829101562,735.280029296875,734.9000244140625,735.25,113220,6.600210577434105,0.0004761086783480195
2026-05-08 13:43:00+00:00,735.27001953125,735.3099975585938,735.0599975585938,735.1500244140625,60543,6.6000745932333,-0.00013598420080462859
2026-05-08 13:44:00+00:00,735.1599731445312,735.2999877929688,735.1400146484375,735.2899780273438,75688,6.600264949335516,0.00019035610221607158
2026-05-08 13:45:00+00:00,735.2899780273438,735.8099975585938,735.2899780273438,735.7000122070312,205277,6.600822443530622,0.0005574941951058676
2026-05-08 13:46:00+00:00,735.6900024414062,735.969970703125,735.6500244140625,735.9600219726562,250410,6.601175799281667,0.00035335575104511463
2026-05-08 13:47:00+00:00,735.969970703125,736.1699829101562,735.8800048828125,736.1400146484375,213682,6.601420337930129,0.0002445386484621892
2026-05-08 13:48:00+00:00,736.135009765625,736.260009765625,735.9500122070312,736.22998046875,206283,6.601542543382187,0.00012220545205732236
2026-05-08 13:49:00+00:00,736.2100219726562,736.2999877929688,735.9400024414062,736.0499877929688,168853,6.601298034619508,-0.0002445087626785636
2026-05-08 13:50:00+00:00,736.0499877929688,736.1699829101562,735.9149780273438,735.9951171875,214779,6.601223484450755,-7.45501687529071e-05
2026-05-08 13:51:00+00:00,735.989990234375,736.1300048828125,735.9400024414062,736.0399780273438,234950,6.601284435225643,6.09507748876581e-05
2026-05-08 13:52:00+00:00,736.030029296875,736.3200073242188,736.030029296875,736.219970703125,184451,6.601528947313109,0.00024451208746611997
2026-05-08 13:53:00+00:00,736.2103271484375,736.3699951171875,736.0,736.0,143598,6.601230118728877,-0.0002988285842322469
2026-05-08 13:54:00+00:00,735.989990234375,736.0,735.8499755859375,735.9650268554688,124470,6.60118259974045,-4.751898842680902e-05
2026-05-08 13:55:00+00:00,735.969970703125,736.2000122070312,735.85009765625,736.0399780273438,72367,6.601284435225643,0.00010183548519293595
2026-05-08 13:56:00+00:00,736.030029296875,736.0700073242188,735.9349975585938,735.9500122070312,114219,6.601162198225363,-0.00012223700028002327
2026-05-08 13:57:00+00:00,735.9400024414062,736.1400146484375,735.9400024414062,736.0999755859375,116129,6.601365945897886,0.0002037476725229581
2026-05-08 13:58:00+00:00,736.0900268554688,736.1900024414062,736.0499877929688,736.1900024414062,87135,6.601488240903523,0.00012229500563698537
2026-05-08 13:59:00+00:00,736.1900024414062,736.6599731445312,736.1900024414062,736.6400146484375,158987,6.60209932597894,0.0006110850754170727
2026-05-08 14:00:00+00:00,736.6199951171875,736.8900146484375,736.239990234375,736.4199829101562,262462,6.6018005849361,-0.00029874104283944547
2026-05-08 14:01:00+00:00,736.4000244140625,736.5399780273438,736.3699951171875,736.4199829101562,103300,6.6018005849361,0.0
2026-05-08 14:02:00+00:00,736.4000244140625,736.7999877929688,736.3900146484375,736.75,114411,6.602248621617804,0.00044803668170345645
2026-05-08 14:03:00+00:00,736.739990234375,736.8599853515625,736.6799926757812,736.7349853515625,82985,6.602228241839812,-2.0379777991408332e-05
2026-05-08 14:04:00+00:00,736.75,736.77001953125,736.5999755859375,736.7550048828125,108777,6.602255414784839,2.7172945026521234e-05
2026-05-08 14:05:00+00:00,736.739990234375,736.8150024414062,736.5900268554688,736.77001953125,129067,6.602275794009065,2.0379224226374504e-05
2026-05-08 14:06:00+00:00,736.7899780273438,736.8200073242188,736.2899780273438,736.60498046875,170807,6.6020517654173085,-0.00022402859175674195
2026-05-08 14:07:00+00:00,736.6099853515625,736.6699829101562,736.4600219726562,736.5900268554688,117274,6.602031464488772,-2.0300928536443053e-05
2026-05-08 14:08:00+00:00,736.5800170898438,736.625,736.4400024414062,736.5999755859375,63710,6.602044970866704,1.35063779316269e-05
2026-05-08 14:09:00+00:00,736.5900268554688,736.6099853515625,736.469970703125,736.5399780273438,55680,6.60196351552571,-8.145534099401885e-05
2026-05-08 14:10:00+00:00,736.5599975585938,736.5700073242188,736.239990234375,736.3200073242188,94040,6.60166481679406,-0.00029869873164933836
2026-05-08 14:11:00+00:00,736.3099975585938,736.52001953125,736.27001953125,736.489990234375,98567,6.6018956448183035,0.00023082802424312376
2026-05-08 14:12:00+00:00,736.5050048828125,736.6199951171875,736.4199829101562,736.5999755859375,94205,6.602044970866704,0.00014932604840023345
2026-05-08 14:13:00+00:00,736.5800170898438,736.8900146484375,736.5750122070312,736.8599853515625,112055,6.602397894970808,0.00035292410410470154
2026-05-08 14:14:00+00:00,736.8599853515625,736.8900146484375,736.6699829101562,736.7999877929688,88552,6.6023164683734645,-8.142659734389213e-05
2026-05-08 14:15:00+00:00,736.8099975585938,736.8800048828125,736.6799926757812,736.8499755859375,75144,6.602384310526256,6.784215279154182e-05
2026-05-08 14:16:00+00:00,736.8400268554688,736.97998046875,736.7100830078125,736.739990234375,114495,6.602235035145291,-0.00014927538096465298
2026-05-08 14:17:00+00:00,736.739990234375,736.75,736.5499877929688,736.6699829101562,99222,6.602140007521551,-9.502762374058449e-05
2026-05-08 14:18:00+00:00,736.6599731445312,736.969970703125,736.655029296875,736.8900146484375,130914,6.6024386471972765,0.00029863967572563155
2026-05-08 14:19:00+00:00,736.9000244140625,736.9500122070312,736.7550048828125,736.8900146484375,67660,6.6024386471972765,0.0
2026-05-08 14:20:00+00:00,736.9000244140625,737.0399780273438,736.8400268554688,736.9000244140625,67591,6.602452230903721,1.3583706444109112e-05
2026-05-08 14:21:00+00:00,736.9011840820312,737.1599731445312,736.8900146484375,737.125,54091,6.6027574843206684,0.00030525341694787045
2026-05-08 14:22:00+00:00,737.1400146484375,737.3200073242188,737.1300048828125,737.1599731445312,111690,6.602804928532845,4.744421217672823e-05
2026-05-08 14:23:00+00:00,737.1599731445312,737.1699829101562,736.989990234375,737.0,77648,6.602587892189336,-0.00021703634350878076
2026-05-08 14:24:00+00:00,737.010009765625,737.25,737.0,737.2401123046875,49283,6.602913636014656,0.00032574382531969093
2026-05-08 14:25:00+00:00,737.239990234375,737.530029296875,737.239990234375,737.489990234375,87251,6.6032525155583075,0.0003388795436514158
2026-05-08 14:26:00+00:00,737.5,737.5498046875,737.3400268554688,737.4299926757812,87706,6.603171158522913,-8.135703539480232e-05
2026-05-08 14:27:00+00:00,737.4199829101562,737.4199829101562,737.0399780273438,737.0599975585938,82424,6.60266929668946,-0.000501861833452466
2026-05-08 14:28:00+00:00,737.0700073242188,737.1400146484375,736.9400024414062,736.9949951171875,123326,6.602581101280508,-8.819540895199651e-05
2026-05-08 14:29:00+00:00,737.0,737.0399780273438,736.7100219726562,736.7999877929688,115710,6.6023164683734645,-0.0002646329070437048
2026-05-08 14:30:00+00:00,736.8198852539062,736.8400268554688,736.3900146484375,736.4500122070312,107893,6.601841361511058,-0.0004751068624067045
2026-05-08 14:31:00+00:00,736.4299926757812,736.77001953125,736.3300170898438,736.72998046875,108160,6.602221448488184,0.0003800869771257709
2026-05-08 14:32:00+00:00,736.719970703125,736.82568359375,736.6699829101562,736.6900024414062,55223,6.602167182864237,-5.426562394639234e-05
2026-05-08 14:33:00+00:00,736.6599731445312,736.719970703125,736.4600219726562,736.489990234375,53032,6.6018956448183035,-0.0002715380459337169
2026-05-08 14:34:00+00:00,736.510009765625,736.6400146484375,736.4600219726562,736.510009765625,49386,6.601922826802351,2.718198404760841e-05
2026-05-08 14:35:00+00:00,736.510009765625,736.5549926757812,736.1900024414062,736.219970703125,88124,6.601528947313109,-0.0003938794892421882
2026-05-08 14:36:00+00:00,736.219970703125,736.3900146484375,736.1099853515625,736.280029296875,100081,6.601610520954919,8.157364181027305e-05
2026-05-08 14:37:00+00:00,736.27001953125,736.5399780273438,736.25,736.5150146484375,55931,6.601929622182918,0.0003191012279986083
2026-05-08 14:38:00+00:00,736.510009765625,736.8499755859375,736.5,736.8380126953125,59461,6.602368075216312,0.00043845303339384856
2026-05-08 14:39:00+00:00,736.8499755859375,736.9500122070312,736.7100219726562,736.9500122070312,73756,6.6025200638470265,0.00015198863071486102
2026-05-08 14:40:00+00:00,736.9598999023438,737.0499877929688,736.864990234375,737.02001953125,129756,6.602615055363494,9.49915164678572e-05
2026-05-08 14:41:00+00:00,737.02001953125,737.0250244140625,736.780029296875,736.780029296875,52727,6.602289379927824,-0.00032567543567019186
2026-05-08 14:42:00+00:00,736.77001953125,737.010009765625,736.760009765625,736.9600219726562,68628,6.602533646447583,0.000244266519758618
2026-05-08 14:43:00+00:00,736.9500122070312,737.0900268554688,736.9000244140625,737.0900268554688,72909,6.602710037857431,0.0001763914098482644
2026-05-08 14:44:00+00:00,737.0900268554688,737.1500244140625,737.0499877929688,737.1450805664062,100997,6.602784725688003,7.468783057174022e-05
2026-05-08 14:45:00+00:00,737.14501953125,737.1900024414062,736.969970703125,737.14990234375,101583,6.602791266817695,6.541129692116954e-06
2026-05-08 14:46:00+00:00,737.1300048828125,737.27001953125,737.1300048828125,737.2404174804688,59641,6.602914049958109,0.00012278314041402894
2026-05-08 14:47:00+00:00,737.239990234375,737.4500122070312,737.239990234375,737.3001098632812,55137,6.602995014003164,8.096404505497645e-05
2026-05-08 14:48:00+00:00,737.3001098632812,737.3001098632812,737.1901245117188,737.2100219726562,67223,6.602872820348753,-0.00012219365441090702
2026-05-08 14:49:00+00:00,737.2100219726562,737.280029296875,737.0700073242188,737.1900024414062,97531,6.602845664175503,-2.7156173249665017e-05
2026-05-08 14:50:00+00:00,737.1900024414062,737.260009765625,737.0399780273438,737.1400146484375,60192,6.6027778533157795,-6.781085972384915e-05
2026-05-08 14:51:00+00:00,737.1199951171875,737.239990234375,737.0999755859375,737.1400146484375,63738,6.6027778533157795,0.0
2026-05-08 14:52:00+00:00,737.1300048828125,737.22998046875,737.0,737.1599731445312,133558,6.602804928532845,2.7075217065686275e-05
2026-05-08 14:53:00+00:00,737.1599731445312,737.280029296875,737.0999755859375,737.2000122070312,61761,6.60285924235431,5.4313821465257206e-05
2026-05-08 14:54:00+00:00,737.2100219726562,737.280029296875,737.1500244140625,737.2799072265625,55272,6.602967612795381,0.00010837044107070426
2026-05-08 14:55:00+00:00,737.27001953125,737.4199829101562,737.27001953125,737.3699951171875,48913,6.603089794868013,0.00012218207263181569
2026-05-08 14:56:00+00:00,737.3400268554688,737.3900146484375,737.1400146484375,737.25,33269,6.602927047695386,-0.00016274717262731997
2026-05-08 14:57:00+00:00,737.239990234375,737.260009765625,737.0999755859375,737.1199951171875,51492,6.602750694563431,-0.00017635313195452085
2026-05-08 14:58:00+00:00,737.0999755859375,737.280029296875,737.0999755859375,737.25,37285,6.602927047695386,0.00017635313195452085
2026-05-08 14:59:00+00:00,737.22998046875,737.239990234375,737.041015625,737.0599975585938,39103,6.60266929668946,-0.00025775100592539957
2026-05-08 15:00:00+00:00,737.0499877929688,737.1900024414062,736.989990234375,737.1500244140625,148658,6.602791432415359,0.0001221357258991418
2026-05-08 15:01:00+00:00,737.1500244140625,737.2998046875,737.1199951171875,737.2750244140625,49913,6.602960990034309,0.00016955761894976717
2026-05-08 15:02:00+00:00,737.280029296875,737.3499755859375,737.0800170898438,737.1199951171875,59497,6.602750694563431,-0.00021029547087803024
2026-05-08 15:03:00+00:00,737.1199951171875,737.2999877929688,737.114990234375,737.280029296875,32947,6.602967778363846,0.0002170838004147413
2026-05-08 15:04:00+00:00,737.2899169921875,737.3300170898438,737.0800170898438,737.080078125,31448,6.6026965404592195,-0.00027123790462635355
2026-05-08 15:05:00+00:00,737.0800170898438,737.22998046875,737.0800170898438,737.1300048828125,41308,6.602764274031805,6.773357258538226e-05
2026-05-08 15:06:00+00:00,737.1099853515625,737.3499755859375,737.0399780273438,737.1199951171875,63102,6.602750694563431,-1.3579468373769998e-05
2026-05-08 15:07:00+00:00,737.1099853515625,737.2109985351562,737.02001953125,737.0599975585938,27135,6.60266929668946,-8.139787397087872e-05
2026-05-08 15:08:00+00:00,737.0800170898438,737.1199951171875,736.8699951171875,736.9349975585938,46927,6.602499689600273,-0.00016960708918745127
2026-05-08 15:09:00+00:00,736.9500122070312,737.0,736.7000122070312,736.7344970703125,52115,6.602227579075831,-0.0002721105244418709
2026-05-08 15:10:00+00:00,736.7319946289062,736.8400268554688,736.6500244140625,736.8099975585938,43226,6.60233005373964,0.00010247466380874926
2026-05-08 15:11:00+00:00,736.8099975585938,736.9400024414062,736.7999877929688,736.8400268554688,104625,6.602370808730828,4.075499118805226e-05
2026-05-08 15:12:00+00:00,736.8200073242188,736.8400268554688,736.6300048828125,736.75,92944,6.602248621617804,-0.00012218711302391938
2026-05-08 15:13:00+00:00,736.7449951171875,736.760009765625,736.5999755859375,736.6300048828125,40735,6.602085737477861,-0.00016288413994303141
2026-05-08 15:14:00+00:00,736.6500244140625,736.6500244140625,736.469970703125,736.5900268554688,106352,6.602031464488772,-5.427298908866618e-05
2026-05-08 15:15:00+00:00,736.5750122070312,736.5999755859375,736.4099731445312,736.47998046875,52634,6.601882053549202,-0.00014941093956988283
2026-05-08 15:16:00+00:00,736.47998046875,736.5119018554688,736.27001953125,736.4349975585938,64553,6.60182097343142,-6.108011778227507e-05
2026-05-08 15:17:00+00:00,736.4500122070312,736.4500122070312,736.25,736.3099975585938,65843,6.601651222387329,-0.0001697510440905603
2026-05-08 15:18:00+00:00,736.2899780273438,736.3400268554688,736.049072265625,736.1799926757812,47602,6.601474644096119,-0.0001765782912102054
2026-05-08 15:19:00+00:00,736.1799926757812,736.4500122070312,736.1724853515625,736.4000244140625,82881,6.6017734825121845,0.0002988384160653723
2026-05-08 15:20:00+00:00,736.39501953125,736.6199951171875,736.2899780273438,736.5650024414062,61981,6.601997490584373,0.00022400807218847518
2026-05-08 15:21:00+00:00,736.5689697265625,736.9299926757812,736.5689697265625,736.9299926757812,106208,6.60249289809244,0.0004954075080672027
2026-05-08 15:22:00+00:00,736.9500122070312,736.9699096679688,736.7899780273438,736.7899780273438,220012,6.602302882822725,-0.00019001526971518246
2026-05-08 15:23:00+00:00,736.7899780273438,736.8800048828125,736.7100219726562,736.7100219726562,36810,6.602194357468445,-0.0001085253542800757
2026-05-08 15:24:00+00:00,736.7349853515625,736.8400268554688,736.5549926757812,736.5549926757812,62621,6.601983900699424,-0.00021045676902087251
2026-05-08 15:25:00+00:00,736.5700073242188,736.6799926757812,736.530029296875,736.5999755859375,68609,6.602044970866704,6.1070167279631e-05
2026-05-08 15:26:00+00:00,736.5999755859375,736.75,736.4500122070312,736.4600219726562,50443,6.601854953333223,-0.00019001753348035777
2026-05-08 15:27:00+00:00,736.469970703125,736.72998046875,736.469970703125,736.7000122070312,35617,6.602180770258649,0.00032581692542521523
2026-05-08 15:28:00+00:00,736.72998046875,736.72998046875,736.5800170898438,736.6300048828125,153037,6.602085737477861,-9.503278078781818e-05
2026-05-08 15:29:00+00:00,736.6099853515625,736.9199829101562,736.5499877929688,736.9099731445312,39743,6.602465731599856,0.0003799941219950753
2026-05-08 15:30:00+00:00,736.8900146484375,736.969970703125,736.3699951171875,736.5098876953125,171403,6.601922661060785,-0.0005430705390709889
2026-05-08 15:31:00+00:00,736.47998046875,736.8200073242188,736.3099975585938,736.8200073242188,76890,6.602343638921256,0.0004209778604709058
2026-05-08 15:32:00+00:00,736.8400268554688,736.9400024414062,736.760009765625,736.85498046875,31780,6.602391102771599,4.7463850343376635e-05
2026-05-08 15:33:00+00:00,736.8400268554688,736.8599853515625,736.72998046875,736.7650146484375,57704,6.60226900098047,-0.00012210179112948083
2026-05-08 15:34:00+00:00,736.77001953125,736.9450073242188,736.719970703125,736.9450073242188,334190,6.602513272477565,0.000244271497095383
2026-05-08 15:35:00+00:00,736.9500122070312,737.0599975585938,736.8900146484375,737.0399780273438,72149,6.602642134988649,0.0001288625110840158
2026-05-08 15:36:00+00:00,737.010009765625,737.3699951171875,736.97998046875,737.3400268554688,94435,6.6030491519466565,0.00040701695800748894
2026-05-08 15:37:00+00:00,737.3300170898438,737.3699951171875,737.1500244140625,737.1599731445312,73695,6.602804928532845,-0.0002442234138113619
2026-05-08 15:38:00+00:00,737.1599731445312,737.260009765625,737.1400146484375,737.239990234375,39548,6.602913470437227,0.00010854190438180922
2026-05-08 15:39:00+00:00,737.239990234375,737.3201293945312,737.22998046875,737.281005859375,25357,6.602969102910578,5.5632473350719636e-05
2026-05-08 15:40:00+00:00,737.2899780273438,737.3400268554688,737.239990234375,737.2899780273438,42721,6.602981272101572,1.2169190994448797e-05
2026-05-08 15:41:00+00:00,737.2849731445312,737.3200073242188,737.0900268554688,737.0900268554688,31234,6.602710037857431,-0.0002712342441411053
2026-05-08 15:42:00+00:00,737.0900268554688,737.1300048828125,736.9099731445312,736.9600219726562,37533,6.602533646447583,-0.0001763914098482644
2026-05-08 15:43:00+00:00,736.989990234375,736.989990234375,736.5435180664062,736.719970703125,134252,6.602207861646476,-0.00032578480110689867
2026-05-08 15:44:00+00:00,736.7349853515625,737.0700073242188,736.719970703125,736.7474975585938,59268,6.602245225016981,3.736337050508354e-05
2026-05-08 15:45:00+00:00,736.760009765625,736.9199829101562,736.64501953125,736.8800048828125,68401,6.602425063306313,0.0001798382893323236
2026-05-08 15:46:00+00:00,736.8699951171875,737.1199951171875,736.8699951171875,737.0700073242188,76028,6.602682877263212,0.00025781395689872255
2026-05-08 15:47:00+00:00,737.0700073242188,737.3200073242188,737.02001953125,737.31982421875,105607,6.6030217522223,0.00033887495908757614
2026-05-08 15:48:00+00:00,737.3200073242188,737.3200073242188,737.2100219726562,737.22998046875,71190,6.602899892994723,-0.00012185922757623757
2026-05-08 15:49:00+00:00,737.219970703125,737.219970703125,737.0599975585938,737.0900268554688,71311,6.602710037857431,-0.0001898551372923052
2026-05-08 15:50:00+00:00,737.0999755859375,737.1799926757812,737.0499877929688,737.0499877929688,39194,6.602655715931275,-5.432192615639764e-05
2026-05-08 15:51:00+00:00,737.0399780273438,737.0599975585938,736.9000244140625,736.9450073242188,56377,6.602513272477565,-0.00014244345370961753
2026-05-08 15:52:00+00:00,736.9450073242188,737.0800170898438,736.760009765625,736.8200073242188,57649,6.602343638921256,-0.0001696335563092788
2026-05-08 15:53:00+00:00,736.8200073242188,736.989990234375,736.8150024414062,736.9600219726562,29303,6.602533646447583,0.00019000752632702955
2026-05-08 15:54:00+00:00,736.9450073242188,737.1199951171875,736.9421997070312,737.030029296875,44423,6.602628636673889,9.499022630610199e-05
2026-05-08 15:55:00+00:00,737.010009765625,737.02001953125,736.760009765625,736.8499755859375,65536,6.602384310526256,-0.0002443261476328118
2026-05-08 15:56:00+00:00,736.8400268554688,737.0999755859375,736.8400268554688,737.0999755859375,39703,6.602723535073465,0.0003392245472086941
2026-05-08 15:57:00+00:00,737.1199951171875,737.1199951171875,736.9400024414062,736.9400024414062,26937,6.6025064810619805,-0.0002170540114843078
2026-05-08 15:58:00+00:00,736.9400024414062,737.010009765625,736.719970703125,736.719970703125,48231,6.602207861646476,-0.00029861941550457516
2026-05-08 15:59:00+00:00,736.7100219726562,736.9000244140625,736.7000122070312,736.8900146484375,89103,6.6024386471972765,0.00023078555080058294
2026-05-08 16:00:00+00:00,736.8800048828125,737.1500244140625,736.8800048828125,737.1099853515625,95507,6.602737114910653,0.00029846771337638245
2026-05-08 16:01:00+00:00,737.10498046875,737.280029296875,737.0800170898438,737.280029296875,64484,6.602967778363846,0.00023066345319300297
2026-05-08 16:02:00+00:00,737.280029296875,737.280029296875,737.0999755859375,737.0999755859375,65188,6.602723535073465,-0.0002442432903810854
2026-05-08 16:03:00+00:00,737.0999755859375,737.1500244140625,737.0499877929688,737.1199951171875,20138,6.602750694563431,2.7159489966344097e-05
2026-05-08 16:04:00+00:00,737.1300048828125,737.22998046875,737.0565795898438,737.1290893554688,78334,6.60276303201492,1.2337451488875217e-05
2026-05-08 16:05:00+00:00,737.125,737.510009765625,737.1099853515625,737.3099975585938,94544,6.603008424592529,0.00024539257760913813
2026-05-08 16:06:00+00:00,737.3400268554688,737.3599853515625,737.2000122070312,737.3399047851562,34095,6.603048986391665,4.056179913547453e-05
2026-05-08 16:07:00+00:00,737.3499755859375,737.3887939453125,737.260009765625,737.3099975585938,34693,6.603008424592529,-4.056179913547453e-05
2026-05-08 16:08:00+00:00,737.3099975585938,737.3499755859375,737.1500244140625,737.1799926757812,36786,6.602832085812327,-0.00017633878020184568
2026-05-08 16:09:00+00:00,737.1849975585938,737.27001953125,737.1599731445312,737.2546997070312,30966,6.602933422320074,0.0001013365077469075
2026-05-08 16:10:00+00:00,737.2600708007812,737.4000244140625,737.1900024414062,737.1900024414062,23858,6.602845664175503,-8.775814457084863e-05
2026-05-08 16:11:00+00:00,737.1300048828125,737.27001953125,737.0999755859375,737.219970703125,20259,6.60288631536787,4.0651192366958355e-05
2026-05-08 16:12:00+00:00,737.219970703125,737.2999877929688,737.2000122070312,737.22998046875,36719,6.602899892994723,1.3577626853056302e-05
2026-05-08 16:13:00+00:00,737.219970703125,737.3400268554688,737.2100219726562,737.3350219726562,19437,6.6030423641694895,0.00014247117476617888
2026-05-08 16:14:00+00:00,737.3499755859375,737.4500122070312,737.27001953125,737.375,39539,6.603096582323239,5.4218153749729936e-05
2026-05-08 16:15:00+00:00,737.3699951171875,737.530029296875,737.3699951171875,737.4299926757812,26913,6.603171158522913,7.457619967343732e-05
2026-05-08 16:16:00+00:00,737.4530029296875,737.52001953125,737.280029296875,737.3499145507812,49936,6.603062561810026,-0.00010859671288709905
2026-05-08 16:17:00+00:00,737.3400268554688,737.489990234375,737.3300170898438,737.3599853515625,23734,6.603076219819349,1.3658009323513909e-05
2026-05-08 16:18:00+00:00,737.3599853515625,737.4299926757812,737.3099975585938,737.4299926757812,28160,6.603171158522913,9.493870356358514e-05
2026-05-08 16:19:00+00:00,737.4149780273438,737.4400024414062,737.25,737.27001953125,316456,6.60295420165869,-0.00021695686422251725
2026-05-08 16:20:00+00:00,737.260009765625,737.4299926757812,737.2301025390625,737.25,110656,6.602927047695386,-2.7153963304549222e-05
2026-05-08 16:21:00+00:00,737.25,737.3599853515625,737.2224731445312,737.3300170898438,42702,6.603035576346249,0.00010852865086352637
2026-05-08 16:22:00+00:00,737.3200073242188,737.3400268554688,737.25,737.27001953125,29384,6.60295420165869,-8.137468755897714e-05
2026-05-08 16:23:00+00:00,737.27001953125,737.4099731445312,737.27001953125,737.3900146484375,29847,6.603116944412506,0.00016274275381622516
2026-05-08 16:24:00+00:00,737.3900146484375,737.4400024414062,737.3800048828125,737.4000244140625,30641,6.603130518908347,1.3574495840273926e-05
2026-05-08 16:25:00+00:00,737.4000244140625,737.5499877929688,737.1599731445312,737.3300170898438,91820,6.603035576346249,-9.494256209752194e-05
2026-05-08 16:26:00+00:00,737.3461303710938,737.6599731445312,737.3400268554688,737.5900268554688,114843,6.6033881510765005,0.00035257473025129826
2026-05-08 16:27:00+00:00,737.6099853515625,737.7100219726562,737.60498046875,737.7100219726562,73055,6.603550823229257,0.0001626721527561159
2026-05-08 16:28:00+00:00,737.7100219726562,737.75,737.5650024414062,737.60009765625,54326,6.603401804639677,-0.00014901858957916403
2026-05-08 16:29:00+00:00,737.5999755859375,737.6500244140625,737.52001953125,737.5499877929688,182377,6.603333865975273,-6.79386644044655e-05
2026-05-08 16:30:00+00:00,737.5599975585938,737.6300048828125,737.3800048828125,737.3800048828125,36104,6.603103369732397,-0.0002304962428762991
2026-05-08 16:31:00+00:00,737.3900146484375,737.4600219726562,737.3099975585938,737.4099731445312,27293,6.603144010450288,4.0640717891449185e-05
2026-05-08 16:32:00+00:00,737.4000244140625,737.4199829101562,737.2899780273438,737.405029296875,31122,6.603137306087167,-6.704363120668688e-06
2026-05-08 16:33:00+00:00,737.4099731445312,737.469970703125,737.3336791992188,737.4600219726562,20956,6.603211879249992,7.457316282444282e-05
2026-05-08 16:34:00+00:00,737.469970703125,737.510009765625,737.4349975585938,737.47998046875,317370,6.603238942718421,2.7063468428956128e-05
2026-05-08 16:35:00+00:00,737.4600219726562,737.47998046875,737.1400146484375,737.1749877929688,113823,6.602825296561599,-0.00041364615682226713
2026-05-08 16:36:00+00:00,737.1749877929688,737.543212890625,737.1599731445312,737.5399780273438,56620,6.603320294239505,0.0004949976779062837
2026-05-08 16:37:00+00:00,737.5449829101562,737.5700073242188,737.4600219726562,737.4998779296875,35046,6.603265922694893,-5.437154461152005e-05
2026-05-08 16:38:00+00:00,737.47998046875,737.5,737.3499755859375,737.4000244140625,24159,6.603130518908347,-0.00013540378654663954
2026-05-08 16:39:00+00:00,737.3530883789062,737.4299926757812,737.3400268554688,737.3699951171875,25938,6.603089794868013,-4.072404033372834e-05
2026-05-08 16:40:00+00:00,737.3699951171875,737.4400024414062,737.2100219726562,737.2150268554688,54730,6.602879609276839,-0.00021018559117358393
2026-05-08 16:41:00+00:00,737.2130126953125,737.2150268554688,736.9099731445312,736.9400024414062,127346,6.6025064810619805,-0.0003731282148589088
2026-05-08 16:42:00+00:00,736.9199829101562,737.030029296875,736.9099731445312,736.9674072265625,54792,6.60254366763826,3.718657627960198e-05
2026-05-08 16:43:00+00:00,736.9639892578125,737.010009765625,736.8499755859375,736.875,88438,6.6024182712916355,-0.00012539634662456223
2026-05-08 16:44:00+00:00,736.8699951171875,736.9099731445312,736.8099975585938,736.8099975585938,56097,6.60233005373964,-8.821755199583947e-05
2026-05-08 16:45:00+00:00,736.8200073242188,737.0499877929688,736.8200073242188,737.0499877929688,52141,6.602655715931275,0.00032566219163499
2026-05-08 16:46:00+00:00,737.030029296875,737.1099853515625,736.97998046875,737.030029296875,46654,6.602628636673889,-2.7079257385764777e-05
2026-05-08 16:47:00+00:00,737.030029296875,737.1199951171875,737.010009765625,737.030029296875,29603,6.602628636673889,0.0
2026-05-08 16:48:00+00:00,737.030029296875,737.2650756835938,737.0,737.1500244140625,59857,6.602791432415359,0.00016279574147048947
2026-05-08 16:49:00+00:00,737.1099853515625,737.3001098632812,737.0800170898438,737.3001098632812,40598,6.602995014003164,0.0002035815878045355
2026-05-08 16:50:00+00:00,737.3099975585938,737.3099975585938,737.0737915039062,737.119873046875,30438,6.60275052895902,-0.00024448504414387173
2026-05-08 16:51:00+00:00,737.1199951171875,737.239990234375,737.0499877929688,737.1799926757812,109182,6.602832085812327,8.155685330724083e-05
2026-05-08 16:52:00+00:00,737.1799926757812,737.1900024414062,737.0599975585938,737.0599975585938,23025,6.60266929668946,-0.0001627891228670464
2026-05-08 16:53:00+00:00,737.0601196289062,737.22998046875,737.0499877929688,737.1799926757812,38560,6.602832085812327,0.0001627891228670464
2026-05-08 16:54:00+00:00,737.1900024414062,737.219970703125,736.970703125,737.0399780273438,38867,6.602642134988649,-0.00018995082367823102
2026-05-08 16:55:00+00:00,737.0399780273438,737.0900268554688,736.9400024414062,736.97998046875,38231,6.602560728277321,-8.140671132839117e-05
2026-05-08 16:56:00+00:00,736.9749755859375,736.97998046875,736.8499755859375,736.9600219726562,50406,6.602533646447583,-2.7081829737873875e-05
2026-05-08 16:57:00+00:00,736.97998046875,737.030029296875,736.9299926757812,736.969970703125,59372,6.6025471460446035,1.349959702068304e-05
2026-05-08 16:58:00+00:00,736.9600219726562,737.0499877929688,736.9500122070312,737.0153198242188,54274,6.602608678709006,6.153266440289684e-05
2026-05-08 16:59:00+00:00,737.02001953125,737.0490112304688,736.8900146484375,736.9199829101562,59482,6.6024793149384005,-0.00012936377060590587
2026-05-08 17:00:00+00:00,736.892822265625,737.0599975585938,736.8200073242188,737.010009765625,50607,6.602601473868646,0.00012215893024514202
2026-05-08 17:01:00+00:00,737.0,737.2999877929688,736.989990234375,737.280029296875,69732,6.602967778363846,0.00036630449520025365
2026-05-08 17:02:00+00:00,737.2899780273438,737.489990234375,737.2667236328125,737.4199829101562,821159,6.603157584578728,0.0001898062148821822
2026-05-08 17:03:00+00:00,737.4199829101562,737.47998046875,737.3300170898438,737.4099731445312,121166,6.603144010450288,-1.3574128439941546e-05
2026-05-08 17:04:00+00:00,737.4000244140625,737.510009765625,737.3699951171875,737.469970703125,57678,6.603225369694309,8.135924402097316e-05
2026-05-08 17:05:00+00:00,737.469970703125,737.5900268554688,737.4099731445312,737.489990234375,75791,6.6032525155583075,2.714586399843455e-05
2026-05-08 17:06:00+00:00,737.47998046875,737.5,737.27001953125,737.2999877929688,53167,6.6029948484392085,-0.0002576671190990254
2026-05-08 17:07:00+00:00,737.2999877929688,737.3200073242188,737.239990234375,737.27001953125,42632,6.60295420165869,-4.064678051829418e-05
2026-05-08 17:08:00+00:00,737.239990234375,737.2999877929688,737.1599731445312,737.2000122070312,52916,6.60285924235431,-9.49593043797492e-05
2026-05-08 17:09:00+00:00,737.1900024414062,737.3699951171875,737.1799926757812,737.3499755859375,69793,6.603062644586402,0.00020340223209114328
2026-05-08 17:10:00+00:00,737.3400268554688,737.3599853515625,737.260009765625,737.2899780273438,48652,6.602981272101572,-8.137248482942283e-05
2026-05-08 17:11:00+00:00,737.2999877929688,737.3099975585938,737.1799926757812,737.1799926757812,44808,6.602832085812327,-0.00014918628924487365
2026-05-08 17:12:00+00:00,737.1900024414062,737.25,737.1300048828125,737.1799926757812,38674,6.602832085812327,0.0
2026-05-08 17:13:00+00:00,737.1699829101562,737.25,737.1300048828125,737.1599731445312,57305,6.602804928532845,-2.7157279482104002e-05
2026-05-08 17:14:00+00:00,737.1599731445312,737.2100219726562,737.1199951171875,737.1699829101562,40847,6.602818507264776,1.3578731930863341e-05
2026-05-08 17:15:00+00:00,737.1699829101562,737.3499755859375,737.1500244140625,737.2999877929688,74522,6.6029948484392085,0.00017634117443243724
2026-05-08 17:16:00+00:00,737.2949829101562,737.3599853515625,737.25,737.25,41452,6.602927047695386,-6.78007438228434e-05
2026-05-08 17:17:00+00:00,737.2750244140625,737.3399047851562,737.260009765625,737.280029296875,51720,6.602967778363846,4.073066846022044e-05
2026-05-08 17:18:00+00:00,737.2750244140625,737.4600219726562,737.25,737.4600219726562,44946,6.603211879249992,0.00024410088614601477
2026-05-08 17:19:00+00:00,737.4400024414062,737.5399780273438,737.405029296875,737.52001953125,44875,6.603293232972671,8.135372267936702e-05
2026-05-08 17:20:00+00:00,737.510009765625,737.5399780273438,737.4149780273438,737.4500122070312,66477,6.60319830585854,-9.492711413106036e-05
2026-05-08 17:21:00+00:00,737.4400024414062,737.6300048828125,737.4299926757812,737.6099853515625,57295,6.603415209774887,0.00021690391634709982
2026-05-08 17:22:00+00:00,737.6099853515625,737.72998046875,737.5999755859375,737.6599731445312,54974,6.603482977430156,6.776765526872452e-05
2026-05-08 17:23:00+00:00,737.630126953125,737.6859130859375,737.5999755859375,737.6599731445312,40922,6.603482977430156,0.0
2026-05-08 17:24:00+00:00,737.6400146484375,737.6900024414062,737.5999755859375,737.6400146484375,39064,6.603455920565437,-2.705686471937696e-05
2026-05-08 17:25:00+00:00,737.6500244140625,737.8300170898438,737.6500244140625,737.8099975585938,119085,6.603686335570353,0.00023041500491594036
2026-05-08 17:26:00+00:00,737.8099975585938,737.8400268554688,737.6500244140625,737.6849975585938,87100,6.603516900905088,-0.00016943466526431195
2026-05-08 17:27:00+00:00,737.6749877929688,737.77001953125,737.6500244140625,737.6900024414062,58852,6.6035236854619805,6.78455689229196e-06
2026-05-08 17:28:00+00:00,737.7000122070312,737.7750244140625,737.6599731445312,737.739990234375,45465,6.603591445766754,6.7760304773401e-05
2026-05-08 17:29:00+00:00,737.72998046875,737.780029296875,737.6799926757812,737.6900024414062,44348,6.6035236854619805,-6.7760304773401e-05
2026-05-08 17:30:00+00:00,737.6799926757812,737.7999877929688,737.6799926757812,737.760009765625,43525,6.603618581695255,9.48962332740777e-05
2026-05-08 17:31:00+00:00,737.739990234375,737.77001953125,737.6900024414062,737.7249755859375,28830,6.603571093337132,-4.7488358122294017e-05
2026-05-08 17:32:00+00:00,737.72998046875,737.760009765625,737.6300048828125,737.6599731445312,34759,6.603482977430156,-8.81159069763271e-05
2026-05-08 17:33:00+00:00,737.6699829101562,737.7100219726562,737.5999755859375,737.5999755859375,40855,6.603401639143058,-8.133828709766533e-05
2026-05-08 17:34:00+00:00,737.5999755859375,737.75,737.5964965820312,737.7000122070312,47841,6.603537254437676,0.00013561529461725286
2026-05-08 17:35:00+00:00,737.7000122070312,737.7999877929688,737.6799926757812,737.7899780273438,37917,6.603659201480379,0.0001219470427038516
2026-05-08 17:36:00+00:00,737.780029296875,737.9099731445312,737.719970703125,737.75,57766,6.603605013823048,-5.418765733100628e-05
2026-05-08 17:37:00+00:00,737.760009765625,737.780029296875,737.6699829101562,737.6900024414062,50687,6.6035236854619805,-8.132836106788943e-05
2026-05-08 17:38:00+00:00,737.7100219726562,737.739990234375,737.5800170898438,737.6099853515625,49960,6.603415209774887,-0.00010847568709326794
2026-05-08 17:39:00+00:00,737.5900268554688,737.5900268554688,737.4400024414062,737.45751953125,78165,6.603208485919401,-0.00020672385548614614
2026-05-08 17:40:00+00:00,737.4550170898438,737.530029296875,737.4099731445312,737.46142578125,50697,6.603213782820648,5.296901246509833e-06
2026-05-08 17:41:00+00:00,737.4647827148438,737.489990234375,737.3400268554688,737.405029296875,67011,6.603137306087167,-7.6476733480213e-05
2026-05-08 17:42:00+00:00,737.419921875,737.52001953125,737.4099731445312,737.4400024414062,57566,6.603184732282849,4.742619568176565e-05
2026-05-08 17:43:00+00:00,737.4600219726562,737.469970703125,737.2899780273438,737.3400268554688,53520,6.6030491519466565,-0.0001355803361926533
2026-05-08 17:44:00+00:00,737.3200073242188,737.3400268554688,737.25,737.280029296875,39227,6.602967778363846,-8.13735828106843e-05
2026-05-08 17:45:00+00:00,737.260009765625,737.4199829101562,737.260009765625,737.3900146484375,35520,6.603116944412506,0.00014916604866055394
2026-05-08 17:46:00+00:00,737.3900146484375,737.5900268554688,737.3800048828125,737.530029296875,32955,6.60330680507571,0.0001898606632035893
2026-05-08 17:47:00+00:00,737.5200805664062,737.5399780273438,737.25,737.2550048828125,33888,6.602933836255337,-0.0003729688203728543
2026-05-08 17:48:00+00:00,737.27001953125,737.4099731445312,737.2100219726562,737.3900146484375,37890,6.603116944412506,0.00018310815716926498
2026-05-08 17:49:00+00:00,737.4099731445312,737.4199829101562,737.260009765625,737.260009765625,28300,6.6029406247692055,-0.0001763196433008929
2026-05-08 17:50:00+00:00,737.2550048828125,737.27001953125,737.1400146484375,737.239990234375,50740,6.602913470437227,-2.7154331978529456e-05
2026-05-08 17:51:00+00:00,737.239990234375,737.239990234375,737.1099853515625,737.1199951171875,35271,6.602750694563431,-0.00016277587379587288
2026-05-08 17:52:00+00:00,737.1300048828125,737.239990234375,737.0700073242188,737.219970703125,55219,6.60288631536787,0.0001356208044391849
2026-05-08 17:53:00+00:00,737.22998046875,737.2999877929688,737.1900024414062,737.280029296875,37854,6.602967778363846,8.14629959755564e-05
2026-05-08 17:54:00+00:00,737.2999877929688,737.3900146484375,737.2899780273438,737.3800048828125,36226,6.603103369732397,0.00013559136855079146
2026-05-08 17:55:00+00:00,737.3800048828125,737.4299926757812,737.3350219726562,737.3699951171875,29142,6.603089794868013,-1.3574864383691931e-05
2026-05-08 17:56:00+00:00,737.3800048828125,737.47998046875,737.3599853515625,737.47998046875,26223,6.603238942718421,0.00014914785040787137
2026-05-08 17:57:00+00:00,737.469970703125,737.47998046875,737.3250122070312,737.344970703125,42606,6.603055856900819,-0.0001830858176017358
2026-05-08 17:58:00+00:00,737.3400268554688,737.3599853515625,737.2999877929688,737.2999877929688,69027,6.6029948484392085,-6.100846161061213e-05
2026-05-08 17:59:00+00:00,737.2999877929688,737.3099975585938,737.1799926757812,737.1900024414062,46593,6.602845664175503,-0.0001491842637051377
2026-05-08 18:00:00+00:00,737.1699829101562,738.0800170898438,737.1500244140625,737.4600219726562,435738,6.603211879249992,0.0003662150744885295
2026-05-08 18:01:00+00:00,737.5,737.8300170898438,737.5,737.6400146484375,111176,6.603455920565437,0.00024404131544475405
2026-05-08 18:02:00+00:00,737.6400146484375,737.7899780273438,737.5700073242188,737.6599731445312,71950,6.603482977430156,2.705686471937696e-05
2026-05-08 18:03:00+00:00,737.6502075195312,737.7000122070312,737.47998046875,737.47998046875,65045,6.603238942718421,-0.00024403471173517488
2026-05-08 18:04:00+00:00,737.489990234375,737.6400146484375,737.4600219726562,737.5700073242188,50486,6.603361008894246,0.00012206617582499746
2026-05-08 18:05:00+00:00,737.5700073242188,737.6699829101562,737.5499877929688,737.6300048828125,57729,6.6034423504860715,8.13415918257121e-05
2026-05-08 18:06:00+00:00,737.6500244140625,737.719970703125,737.6300048828125,737.6849975585938,60183,6.603516900905088,7.455041901671677e-05
2026-05-08 18:07:00+00:00,737.6699829101562,737.7100219726562,737.510009765625,737.510009765625,45863,6.603279660685428,-0.0002372402196604284
2026-05-08 18:08:00+00:00,737.5399780273438,737.5900268554688,737.489990234375,737.510009765625,80321,6.603279660685428,0.0
2026-05-08 18:09:00+00:00,737.5,737.52001953125,737.3298950195312,737.4000244140625,131873,6.603130518908347,-0.00014914177708114096
2026-05-08 18:10:00+00:00,737.39501953125,737.47998046875,737.3499755859375,737.4299926757812,75054,6.603171158522913,4.063961456601817e-05
2026-05-08 18:11:00+00:00,737.4299926757812,737.5,737.4000244140625,737.4199829101562,33540,6.603157584578728,-1.3573944184663844e-05
2026-05-08 18:12:00+00:00,737.4099731445312,737.6900024414062,737.4000244140625,737.6799926757812,60892,6.603510116302165,0.0003525317234371883
2026-05-08 18:13:00+00:00,737.6900024414062,737.8300170898438,737.6599731445312,737.72998046875,72796,6.603577877526364,6.776122419882569e-05
2026-05-08 18:14:00+00:00,737.7349853515625,737.7999877929688,737.7100219726562,737.780029296875,54038,6.603645716887416,6.783936105225763e-05
2026-05-08 18:15:00+00:00,737.8099975585938,737.9299926757812,737.6799926757812,737.7100219726562,148401,6.603550823229257,-9.489365815973372e-05
2026-05-08 18:16:00+00:00,737.7100219726562,737.780029296875,737.6799926757812,737.760009765625,44001,6.603618581695255,6.77584659980468e-05
2026-05-08 18:17:00+00:00,737.760009765625,737.8499755859375,737.7108764648438,737.8300170898438,51879,6.603713468924088,9.488722883332912e-05
2026-05-08 18:18:00+00:00,737.8200073242188,737.8499755859375,737.7899780273438,737.8400268554688,49914,6.603727035324878,1.356640079031024e-05
2026-05-08 18:19:00+00:00,737.8400268554688,737.9000244140625,737.7501220703125,737.7501220703125,47456,6.6036051792860135,-0.00012185603886472052
2026-05-08 18:20:00+00:00,737.72998046875,737.9000244140625,737.72998046875,737.8800048828125,44198,6.603781216370732,0.00017603708471813917
2026-05-08 18:21:00+00:00,737.8599853515625,737.9000244140625,737.7813720703125,737.7905883789062,40393,6.6036600287501015,-0.00012118762063018096
2026-05-08 18:22:00+00:00,737.7899780273438,737.8200073242188,737.739990234375,737.7899780273438,82580,6.603659201480379,-8.27269722059043e-07
2026-05-08 18:23:00+00:00,737.7899780273438,737.7899780273438,737.7000122070312,737.77001953125,65378,6.603632149383375,-2.7052097004265363e-05
2026-05-08 18:24:00+00:00,737.780029296875,737.780029296875,737.739990234375,737.780029296875,53178,6.603645716887416,1.356750404113427e-05
2026-05-08 18:25:00+00:00,737.7899780273438,737.8200073242188,737.6599731445312,737.7000122070312,42711,6.603537254437676,-0.0001084624497407205
2026-05-08 18:26:00+00:00,737.6898803710938,737.75,737.6699829101562,737.717529296875,52446,6.60356099970212,2.374526444448577e-05
2026-05-08 18:27:00+00:00,737.719970703125,737.72998046875,737.6699829101562,737.7000122070312,68584,6.603537254437676,-2.374526444448577e-05
2026-05-08 18:28:00+00:00,737.6900024414062,737.760009765625,737.6599731445312,737.6649780273438,51250,6.603489762217207,-4.74922204682926e-05
2026-05-08 18:29:00+00:00,737.6649780273438,737.7999877929688,737.6400146484375,737.72998046875,84977,6.603577877526364,8.811530915675547e-05
2026-05-08 18:30:00+00:00,737.72998046875,737.9500122070312,737.7125244140625,737.7949829101562,118633,6.603665985071897,8.810754553323363e-05
2026-05-08 18:31:00+00:00,737.780029296875,737.8099975585938,737.6900024414062,737.739990234375,49537,6.603591445766754,-7.453930514333962e-05
2026-05-08 18:32:00+00:00,737.72998046875,737.7899780273438,737.6875,737.7000122070312,25161,6.603537254437676,-5.419132907835689e-05
2026-05-08 18:33:00+00:00,737.7000122070312,737.7700805664062,737.6400146484375,737.6799926757812,36990,6.603510116302165,-2.7138135510362815e-05
2026-05-08 18:34:00+00:00,737.6900024414062,737.7000122070312,737.594970703125,737.594970703125,67197,6.603394853758082,-0.00011526254408344982
2026-05-08 18:35:00+00:00,737.5900268554688,737.6599731445312,737.5761108398438,737.6199951171875,37204,6.603428780222556,3.392646447419878e-05
2026-05-08 18:36:00+00:00,737.6300048828125,737.6300048828125,737.489990234375,737.489990234375,46065,6.6032525155583075,-0.0001762646642484711
2026-05-08 18:37:00+00:00,737.4949951171875,737.530029296875,737.4600219726562,737.469970703125,45843,6.603225369694309,-2.714586399843455e-05
2026-05-08 18:38:00+00:00,737.4600219726562,737.5499877929688,737.4299926757812,737.5225219726562,65993,6.6032966260157,7.125632139093341e-05
2026-05-08 18:39:00+00:00,737.530029296875,737.5399780273438,737.4357299804688,737.489990234375,55590,6.6032525155583075,-4.411045739249886e-05
2026-05-08 18:40:00+00:00,737.489013671875,737.510009765625,737.3499755859375,737.4600219726562,177489,6.603211879249992,-4.0636308315633585e-05
2026-05-08 18:41:00+00:00,737.4500122070312,737.5236206054688,737.3200073242188,737.3599243164062,61979,6.603076137044097,-0.00013574220589518404
2026-05-08 18:42:00+00:00,737.3499755859375,737.52001953125,737.3400268554688,737.47998046875,99082,6.603238942718421,0.00016280567432414017
2026-05-08 18:43:00+00:00,737.489990234375,737.5800170898438,737.469970703125,737.489990234375,51200,6.6032525155583075,1.3572839886677457e-05
2026-05-08 18:44:00+00:00,737.489990234375,737.5,737.239990234375,737.25,66128,6.602927047695386,-0.0003254678629218688
2026-05-08 18:45:00+00:00,737.25,737.260009765625,737.0499877929688,737.1298828125,105135,6.602764108429643,-0.00016293926574295625
2026-05-08 18:46:00+00:00,737.1400146484375,737.2000122070312,737.0499877929688,737.130126953125,89845,6.6027644396339396,3.3120429687727437e-07
2026-05-08 18:47:00+00:00,737.1500244140625,737.1799926757812,736.9500122070312,737.0499877929688,95431,6.602655715931275,-0.0001087237026649035
2026-05-08 18:48:00+00:00,737.0499877929688,737.0499877929688,736.8699951171875,736.969970703125,208026,6.6025471460446035,-0.00010856988667118372
2026-05-08 18:49:00+00:00,736.969970703125,736.97998046875,736.8599853515625,736.9500122070312,44820,6.6025200638470265,-2.7082197576966394e-05
2026-05-08 18:50:00+00:00,736.9600219726562,737.0,736.8499755859375,736.8699951171875,69924,6.602411479230826,-0.00010858461620077975
2026-05-08 18:51:00+00:00,736.8800048828125,737.030029296875,736.8200073242188,736.9000244140625,56733,6.602452230903721,4.075167289485648e-05
2026-05-08 18:52:00+00:00,736.89990234375,736.9400024414062,736.8300170898438,736.8800048828125,115187,6.602425063306313,-2.7167597407284916e-05
2026-05-08 18:53:00+00:00,736.9000244140625,736.9299926757812,736.780029296875,736.8150024414062,187405,6.602336846353517,-8.821695279603858e-05
2026-05-08 18:54:00+00:00,736.8099975585938,736.8699951171875,736.4299926757812,736.5750122070312,156335,6.60201108028464,-0.0003257660688769093
2026-05-08 18:55:00+00:00,736.5900268554688,736.5900268554688,736.10498046875,736.2000122070312,171914,6.6015018375260555,-0.0005092427585848824
2026-05-08 18:56:00+00:00,736.1677856445312,736.5499877929688,736.1677856445312,736.5482788085938,87993,6.601974785429208,0.0004729479031526651
2026-05-08 18:57:00+00:00,736.5499877929688,736.6900024414062,736.489990234375,736.6599731445312,111882,6.602126419573266,0.00015163414405794384
2026-05-08 18:58:00+00:00,736.6599731445312,736.72998046875,736.5599975585938,736.5800170898438,48397,6.60201787506552,-0.0001085445077464442
2026-05-08 18:59:00+00:00,736.5499877929688,736.5700073242188,736.3499755859375,736.3800048828125,66825,6.6017462964683045,-0.00027157859721516076
2026-05-08 19:00:00+00:00,736.3800048828125,736.6699829101562,736.3499755859375,736.6699829101562,69403,6.602140007521551,0.00039371105324637057
2026-05-08 19:01:00+00:00,736.6599731445312,736.77001953125,736.6400146484375,736.7249755859375,55928,6.602214655090405,7.464756885422474e-05
2026-05-08 19:02:00+00:00,736.7249755859375,736.75,736.6500244140625,736.7100219726562,51603,6.602194357468445,-2.029762196009699e-05
2026-05-08 19:03:00+00:00,736.7000122070312,736.8200073242188,736.6400146484375,736.6599731445312,87773,6.602126419573266,-6.793789517889337e-05
2026-05-08 19:04:00+00:00,736.6649780273438,736.6699829101562,736.510009765625,736.6099853515625,157676,6.602058559921748,-6.785965151845375e-05
2026-05-08 19:05:00+00:00,736.5999755859375,736.6599731445312,736.47998046875,736.530029296875,52062,6.601950008047559,-0.00010855187418901124
2026-05-08 19:06:00+00:00,736.530029296875,736.9500122070312,736.510009765625,736.9381713867188,112872,6.602503996386218,0.0005539883386598277
2026-05-08 19:07:00+00:00,736.9500122070312,736.9500122070312,736.8400268554688,736.9299926757812,72863,6.60249289809244,-1.1098293778211143e-05
2026-05-08 19:08:00+00:00,736.9199829101562,737.0700073242188,736.8800048828125,736.9849853515625,70478,6.602567519324501,7.462123206103399e-05
2026-05-08 19:09:00+00:00,736.989990234375,737.0,736.8400268554688,736.8400268554688,104516,6.602370808730828,-0.0001967105936735436
2026-05-08 19:10:00+00:00,736.8499755859375,736.9400024414062,736.8300170898438,736.9400024414062,63578,6.6025064810619805,0.00013567233115274746
2026-05-08 19:11:00+00:00,736.9500122070312,737.010009765625,736.9299926757812,736.9600219726562,52618,6.602533646447583,2.716538560232351e-05
2026-05-08 19:12:00+00:00,736.9598999023438,736.9600219726562,736.8699951171875,736.9099731445312,69783,6.602465731599856,-6.791484772694645e-05
2026-05-08 19:13:00+00:00,736.9000244140625,736.9949951171875,736.7999877929688,736.85498046875,65920,6.602391102771599,-7.462882825670647e-05
2026-05-08 19:14:00+00:00,736.8599853515625,736.8599853515625,736.72998046875,736.8300170898438,60060,6.602357223918316,-3.3878853282764965e-05
2026-05-08 19:15:00+00:00,736.8200073242188,737.0,736.780029296875,736.97998046875,73291,6.602560728277321,0.00020350435900429176
2026-05-08 19:16:00+00:00,736.97998046875,737.0499877929688,736.9724731445312,737.030029296875,107397,6.602628636673889,6.790839656822811e-05
2026-05-08 19:17:00+00:00,737.0275268554688,737.0900268554688,737.010009765625,737.0499877929688,92843,6.602655715931275,2.7079257385764777e-05
2026-05-08 19:18:00+00:00,737.0499877929688,737.0800170898438,737.0,737.030029296875,88338,6.602628636673889,-2.7079257385764777e-05
2026-05-08 19:19:00+00:00,737.0399780273438,737.1799926757812,737.010009765625,737.14501953125,74280,6.6027846428886185,0.0001560062147296648
2026-05-08 19:20:00+00:00,737.1400146484375,737.219970703125,737.114990234375,737.1599731445312,70427,6.602804928532845,2.0285644226625266e-05
2026-05-08 19:21:00+00:00,737.1500244140625,737.1500244140625,736.9600219726562,737.030029296875,104101,6.602628636673889,-0.00017629185895629007
2026-05-08 19:22:00+00:00,737.030029296875,737.1099853515625,736.989990234375,736.989990234375,194454,6.602574310325563,-5.432634832569505e-05
2026-05-08 19:23:00+00:00,736.97998046875,737.3300170898438,736.9749755859375,737.030029296875,123206,6.602628636673889,5.432634832569505e-05
2026-05-08 19:24:00+00:00,737.0499267578125,737.0700073242188,736.9299926757812,736.9949951171875,76004,6.602581101280508,-4.753539338064883e-05
2026-05-08 19:25:00+00:00,736.989990234375,737.0599975585938,736.9500122070312,737.0399780273438,104429,6.602642134988649,6.103370814081188e-05
2026-05-08 19:26:00+00:00,737.0399780273438,737.1099853515625,737.02001953125,737.030029296875,104094,6.602628636673889,-1.3498314760163055e-05
2026-05-08 19:27:00+00:00,737.030029296875,737.030029296875,736.9000244140625,736.989990234375,110585,6.602574310325563,-5.432634832569505e-05
2026-05-08 19:28:00+00:00,736.9813232421875,736.989990234375,736.719970703125,736.77001953125,163933,6.602275794009065,-0.0002985163164979099
2026-05-08 19:29:00+00:00,736.77001953125,736.77001953125,736.6199951171875,736.6400146484375,114795,6.60209932597894,-0.0001764680301254984
2026-05-08 19:30:00+00:00,736.6400146484375,736.8300170898438,736.52001953125,736.8150024414062,115882,6.602336846353517,0.00023752037457747122
2026-05-08 19:31:00+00:00,736.8150024414062,737.010009765625,736.7999877929688,736.9000244140625,94165,6.602452230903721,0.0001153845502033235
2026-05-08 19:32:00+00:00,736.8900146484375,737.010009765625,736.8200073242188,736.9099731445312,96634,6.602465731599856,1.350069613526017e-05
2026-05-08 19:33:00+00:00,736.9099731445312,737.02001953125,736.9099731445312,736.9299926757812,99009,6.60249289809244,2.7166492584385082e-05
2026-05-08 19:34:00+00:00,736.9349975585938,737.0499877929688,736.8900146484375,737.0399780273438,63332,6.602642134988649,0.0001492368962088264
2026-05-08 19:35:00+00:00,737.030029296875,737.0900268554688,736.9299926757812,737.0,153068,6.602587892189336,-5.4242799312653744e-05
2026-05-08 19:36:00+00:00,737.0,737.0599975585938,736.8800048828125,737.0599975585938,620783,6.60266929668946,8.140450012383837e-05
2026-05-08 19:37:00+00:00,737.0599975585938,737.2100219726562,737.0599975585938,737.1199951171875,82290,6.602750694563431,8.139787397087872e-05
2026-05-08 19:38:00+00:00,737.1199951171875,737.1900024414062,737.0900268554688,737.1599731445312,87201,6.602804928532845,5.4233969414063665e-05
2026-05-08 19:39:00+00:00,737.1599731445312,737.1599731445312,737.0399780273438,737.1199951171875,166563,6.602750694563431,-5.4233969414063665e-05
2026-05-08 19:40:00+00:00,737.0999755859375,737.3099975585938,737.0999755859375,737.2100219726562,193452,6.602872820348753,0.00012212578532189156
2026-05-08 19:41:00+00:00,737.2100219726562,737.2999877929688,737.1799926757812,737.25,169545,6.602927047695386,5.422734663262929e-05
2026-05-08 19:42:00+00:00,737.25,737.27001953125,737.0999755859375,737.219970703125,208355,6.60288631536787,-4.073232751533595e-05
2026-05-08 19:43:00+00:00,737.239990234375,737.3200073242188,737.219970703125,737.2899780273438,228139,6.602981272101572,9.495673370185642e-05
2026-05-08 19:44:00+00:00,737.2999877929688,737.4199829101562,737.27001953125,737.344970703125,165313,6.603055856900819,7.458479924693506e-05
2026-05-08 19:45:00+00:00,737.3499755859375,737.4600219726562,737.2899780273438,737.4099731445312,116354,6.603144010450288,8.815354946900555e-05
2026-05-08 19:46:00+00:00,737.4299926757812,737.469970703125,737.2899780273438,737.4000244140625,287853,6.603130518908347,-1.3491541941412777e-05
2026-05-08 19:47:00+00:00,737.4000244140625,737.469970703125,737.3300170898438,737.4500122070312,177730,6.60319830585854,6.778695019349357e-05
2026-05-08 19:48:00+00:00,737.4500122070312,737.5,737.3599853515625,737.3800048828125,201327,6.603103369732397,-9.493612614352998e-05
2026-05-08 19:49:00+00:00,737.385009765625,737.47998046875,737.1900024414062,737.2000122070312,363668,6.60285924235431,-0.00024412737808621188
2026-05-08 19:50:00+00:00,737.2100219726562,737.510009765625,737.0999755859375,737.2650146484375,267762,6.602947413236989,8.81708826785399e-05
2026-05-08 19:51:00+00:00,737.2650146484375,737.280029296875,737.1699829101562,737.27001953125,278160,6.60295420165869,6.788421701209302e-06
2026-05-08 19:52:00+00:00,737.260009765625,737.3699951171875,737.2000122070312,737.2999877929688,146785,6.6029948484392085,4.064678051829418e-05
2026-05-08 19:53:00+00:00,737.3099975585938,737.3699951171875,737.1699829101562,737.2050170898438,193524,6.602866031374577,-0.00012881706463119258
2026-05-08 19:54:00+00:00,737.2100219726562,737.510009765625,737.1799926757812,737.4600219726562,232434,6.603211879249992,0.0003458478754145844
2026-05-08 19:55:00+00:00,737.4600219726562,737.52001953125,737.1799926757812,737.2249755859375,374548,6.602893104204341,-0.00031877504565080983
2026-05-08 19:56:00+00:00,737.219970703125,737.3499755859375,737.1749877929688,737.3049926757812,179093,6.603001636538908,0.00010853233456664668
2026-05-08 19:57:00+00:00,737.3099975585938,737.47998046875,737.2899780273438,737.4249877929688,258326,6.603164371573852,0.00016273503494446118
2026-05-08 19:58:00+00:00,737.4249877929688,737.5900268554688,737.4099731445312,737.4600219726562,833155,6.603211879249992,4.750767613970197e-05
2026-05-08 19:59:00+00:00,737.4650268554688,737.5399780273438,737.1300048828125,737.530029296875,3133059,6.60330680507571,9.492582571812846e-05
