timestamp,open,high,low,close,volume,log_close,log_return
2023-06-12 14:30:00+00:00,430.739990234375,430.7950134277344,430.1700134277344,430.67999267578125,9378518,6.065365337941342,-0.0001161312508344281
2023-06-12 15:30:00+00:00,430.6499938964844,431.25,430.6449890136719,431.1700134277344,5626706,6.066502475033147,0.0011371370918045187
2023-06-12 16:30:00+00:00,431.17999267578125,431.6000061035156,431.1733093261719,431.32000732421875,4781408,6.066850290994811,0.0003478159616641108
2023-06-12 17:30:00+00:00,431.3122863769531,431.8599853515625,431.1600036621094,431.6700134277344,7704969,6.067661438549916,0.0008111475551046965
2023-06-12 18:30:00+00:00,431.67498779296875,433.67999267578125,431.6499938964844,433.25,13118202,6.071314928595715,0.0036534900457994013
2023-06-12 19:30:00+00:00,433.2300109863281,433.8800048828125,433.0400085449219,433.79998779296875,15635651,6.0725835702530055,0.001268641657290459
2023-06-13 13:30:00+00:00,435.32000732421875,437.17999267578125,434.6300048828125,435.69000244140625,19071974,6.076930986891362,0.004347416638356805
2023-06-13 14:30:00+00:00,435.70001220703125,437.2699890136719,435.1099853515625,436.7200012207031,11539979,6.079292260268664,0.0023612733773017425
2023-06-13 15:30:00+00:00,436.7178955078125,436.8399963378906,435.7200012207031,436.614990234375,8952797,6.079051777549291,-0.00024048271937271437
2023-06-13 16:30:00+00:00,436.6400146484375,437.3299865722656,436.42999267578125,437.0299987792969,10307977,6.080001839831699,0.000950062282407238
2023-06-13 17:30:00+00:00,437.0400085449219,437.2049865722656,435.6200866699219,435.8599853515625,12796827,6.077321057259539,-0.0026807825721597567
2023-06-13 18:30:00+00:00,435.8599853515625,436.7349853515625,435.3550109863281,436.3399963378906,11308042,6.07842174757109,0.0011006903115511335
2023-06-13 19:30:00+00:00,436.3349914550781,436.7850036621094,436.1005859375,436.6600036621094,10984164,6.079154868621608,0.0007331210505183705
2023-06-14 13:30:00+00:00,437.010009765625,438.25,436.510009765625,437.7099914550781,11115828,6.08155657111264,0.0024017024910314433
2023-06-14 14:30:00+00:00,437.7149963378906,439.0611877441406,437.6600036621094,438.6499938964844,9151097,6.083701814660075,0.0021452435474351716
2023-06-14 15:30:00+00:00,438.64990234375,438.7349853515625,437.57000732421875,438.16009521484375,7871157,6.082584357781549,-0.0011174568785259353
2023-06-14 16:30:00+00:00,438.1600036621094,438.1899108886719,437.04998779296875,437.2804870605469,4877205,6.0805748360204905,-0.002009521761058508
2023-06-14 17:30:00+00:00,437.2900085449219,437.510009765625,433.5899963378906,434.489990234375,18848504,6.074172907004811,-0.006401929015679819
2023-06-14 18:30:00+00:00,434.4949951171875,438.1499938964844,433.9599914550781,436.6199951171875,22835683,6.079063240403841,0.004890333399030666
2023-06-14 19:30:00+00:00,436.6600036621094,437.19000244140625,435.1300048828125,437.19000244140625,13479406,6.080367888798029,0.0013046483941874243
2023-06-15 13:30:00+00:00,436.3299865722656,439.6600036621094,436.2300109863281,439.4800109863281,20473315,6.085592234831151,0.0052243460331222735
2023-06-15 14:30:00+00:00,439.4800109863281,440.7449951171875,438.3699951171875,440.7300109863281,11496039,6.0884324679780155,0.002840233146864435
2023-06-15 15:30:00+00:00,440.7200012207031,441.1300964355469,440.05999755859375,440.9200134277344,10421756,6.088863483549016,0.00043101557100033716
2023-06-15 16:30:00+00:00,440.92498779296875,441.17999267578125,440.1099853515625,440.8800048828125,6412172,6.088772740650131,-9.074289888477693e-05
2023-06-15 17:30:00+00:00,440.8900146484375,442.0150146484375,440.7699890136719,441.8500061035156,8501303,6.09097047177756,0.0021977311274286038
2023-06-15 18:30:00+00:00,441.8587951660156,443.8999938964844,441.8500061035156,443.1400146484375,18143486,6.093885780263133,0.002915308485573753
2023-06-15 19:30:00+00:00,443.1400146484375,443.4599914550781,442.05999755859375,442.6000061035156,20694336,6.092666441407088,-0.0012193388560453045
2023-06-16 13:30:00+00:00,443.0199890136719,443.17999267578125,440.7699890136719,442.3999938964844,22518616,6.092214436411751,-0.0004520049953367078
2023-06-16 14:30:00+00:00,442.3999938964844,442.3999938964844,440.3349914550781,440.7850036621094,22630603,6.088557236529745,-0.0036571998820065232
2023-06-16 15:30:00+00:00,440.7699890136719,441.7900085449219,440.4200134277344,441.75,9136920,6.090744111199806,0.0021868746700608455
2023-06-16 16:30:00+00:00,441.75,442.3800048828125,441.3500061035156,441.45001220703125,7807723,6.090064790999717,-0.0006793202000885401
2023-06-16 17:30:00+00:00,441.45001220703125,441.5299987792969,440.7799987792969,441.0299987792969,6734440,6.089112897576139,-0.000951893423578376
2023-06-16 18:30:00+00:00,441.0299987792969,441.0400085449219,439.3500061035156,439.57000732421875,12438795,6.085796993004931,-0.003315904571207895
2023-06-16 19:30:00+00:00,439.57000732421875,440.3500061035156,438.9700012207031,439.44000244140625,14525212,6.085501194590086,-0.00029579841484483893
2023-06-20 13:30:00+00:00,437.2900085449219,438.1700134277344,435.0631103515625,435.2799987792969,15918694,6.075989499373261,-0.009511695216825267
2023-06-20 14:30:00+00:00,435.29998779296875,436.3699951171875,435.0299987792969,435.88140869140625,10120204,6.077370207936551,0.0013807085632899785
2023-06-20 15:30:00+00:00,435.8999938964844,437.3599853515625,435.8500061035156,437.20001220703125,6350887,6.080390784223314,0.0030205762867634434
2023-06-20 16:30:00+00:00,437.20001220703125,438.3699951171875,437.05999755859375,438.0559997558594,11569501,6.082346755527786,0.001955971304472115
2023-06-20 17:30:00+00:00,438.0559997558594,438.2349853515625,437.29998779296875,437.9849853515625,5177591,6.082184629769609,-0.00016212575817764474
2023-06-20 18:30:00+00:00,437.9949951171875,438.0249938964844,437.1700134277344,437.45001220703125,6016965,6.080962441457248,-0.0012221883123606503
2023-06-20 19:30:00+00:00,437.4599914550781,438.0,437.1000061035156,437.239990234375,12646569,6.080482221090933,-0.00048022036631500953
2023-06-21 13:30:00+00:00,436.1600036621094,436.2799987792969,434.3800048828125,435.340087890625,12602963,6.076127536876285,-0.004354684214647797
2023-06-21 14:30:00+00:00,435.5050048828125,435.67779541015625,434.3299865722656,435.32000732421875,10318532,6.076081409652768,-4.612722351726717e-05
2023-06-21 15:30:00+00:00,435.3299865722656,436.2099914550781,435.04998779296875,435.8800048828125,7243520,6.07736698731088,0.0012855776581117695
2023-06-21 16:30:00+00:00,435.8900146484375,436.1700134277344,434.8699951171875,435.1099853515625,7159909,6.075598839018716,-0.0017681482921636515
2023-06-21 17:30:00+00:00,435.1050109863281,436.70001220703125,435.010009765625,436.6799011230469,6660049,6.0792004349831865,0.0036015959644704054
2023-06-21 18:30:00+00:00,436.6700134277344,436.989990234375,435.7099914550781,435.7200012207031,10222735,6.076999838015822,-0.002200596967364632
2023-06-21 19:30:00+00:00,435.7200012207031,435.8190002441406,434.625,434.9200134277344,15381027,6.0751621370035815,-0.0018377010122403448
2023-06-22 13:30:00+00:00,433.95001220703125,436.0199890136719,433.6000061035156,435.5799865722656,14629324,6.076678445495211,0.0015163084916292036
2023-06-22 14:30:00+00:00,435.5899963378906,435.8500061035156,434.0299987792969,434.8599853515625,8983772,6.075024106521502,-0.0016543389737089242
2023-06-22 15:30:00+00:00,434.8399963378906,435.8299865722656,434.739990234375,435.2427978515625,5490979,6.075904031358176,0.0008799248366742063
2023-06-22 16:30:00+00:00,435.260009765625,435.6700134277344,434.4150085449219,435.010009765625,6379902,6.075369041779396,-0.0005349895787798431
2023-06-22 17:30:00+00:00,435.0199890136719,435.9891052246094,434.80999755859375,435.94500732421875,5678030,6.077516105403654,0.002147063624257761
2023-06-22 18:30:00+00:00,435.95001220703125,436.4549865722656,435.5400085449219,435.5787048339844,7877247,6.076675502889474,-0.0008406025141800555
2023-06-22 19:30:00+00:00,435.5799865722656,436.6199951171875,435.3349914550781,436.54998779296875,11259287,6.078902888294312,0.0022273854048382447
2023-06-23 13:30:00+00:00,432.92999267578125,433.989990234375,432.7117004394531,433.67010498046875,15649791,6.072284118284454,-0.00661877000985811
2023-06-23 14:30:00+00:00,433.67498779296875,434.239990234375,432.8399963378906,433.1700134277344,8543249,6.07113029165,-0.0011538266344537362
2023-06-23 15:30:00+00:00,433.1700134277344,434.57000732421875,433.0050048828125,434.5199890136719,8782548,6.074241948281724,0.003111656631723747
2023-06-23 16:30:00+00:00,434.5299987792969,434.8999938964844,434.20001220703125,434.82000732421875,6327702,6.0749321691935,0.0006902209117756186
2023-06-23 17:30:00+00:00,434.82000732421875,435.05999755859375,433.889892578125,433.9949951171875,6872116,6.073033002045864,-0.0018991671476360494
2023-06-23 18:30:00+00:00,433.989990234375,434.0350036621094,432.4700012207031,433.125,12875175,6.0710263699441676,-0.0020066321016960487
2023-06-23 19:30:00+00:00,433.1300048828125,433.9800109863281,432.9599914550781,433.19000244140625,16947170,6.07117643647042,0.0001500665262526013
2023-06-26 13:30:00+00:00,432.6199951171875,434.6099853515625,432.6000061035156,433.9800109863281,10595572,6.072998475404531,0.0018220389341108145
2023-06-26 14:30:00+00:00,433.989990234375,434.0050048828125,432.2749938964844,432.4901123046875,9868402,6.069559464387335,-0.0034390110171962363
2023-06-26 15:30:00+00:00,432.4800109863281,433.27960205078125,431.8399963378906,432.3500061035156,7175878,6.06923545952351,-0.00032400486382488936
2023-06-26 16:30:00+00:00,432.3500061035156,432.67999267578125,431.6499938964844,432.5990905761719,5366374,6.069811411288759,0.0005759517652492718
2023-06-26 17:30:00+00:00,432.6000061035156,432.7149963378906,431.75,432.114990234375,5184256,6.068691733922297,-0.00111967736646168
2023-06-26 18:30:00+00:00,432.1099853515625,432.9200134277344,432.04010009765625,432.6390075683594,6166487,6.069903679514815,0.0012119455925176936
2023-06-26 19:30:00+00:00,432.6400146484375,432.8500061035156,431.19000244140625,431.42999267578125,16895156,6.067105255589788,-0.0027984239250269383
2023-06-27 13:30:00+00:00,432.6199951171875,433.29998779296875,431.8800048828125,432.79998779296875,11742969,6.070275699327485,0.0031704437376971484
2023-06-27 14:30:00+00:00,432.80999755859375,433.92999267578125,432.5400085449219,433.8299865722656,8740714,6.072652721343206,0.0023770220157208755
2023-06-27 15:30:00+00:00,433.8699951171875,434.7200012207031,433.76361083984375,434.6400146484375,6126334,6.074518135945728,0.0018654146025216534
2023-06-27 16:30:00+00:00,434.6400146484375,435.69000244140625,434.4949951171875,435.5299987792969,6547295,6.076563677454747,0.002045541509018811
2023-06-27 17:30:00+00:00,435.5400085449219,436.5899963378906,435.5400085449219,436.4849853515625,7552342,6.078753976868021,0.0021902994132743103
2023-06-27 18:30:00+00:00,436.489990234375,436.7690124511719,436.0899963378906,436.739990234375,12601638,6.07933802999795,0.0005840531299288187
2023-06-27 19:30:00+00:00,436.739990234375,436.80999755859375,436.0799865722656,436.1499938964844,11891918,6.077986206885153,-0.0013518231127971347
2023-06-28 13:30:00+00:00,435.04998779296875,435.67498779296875,434.4100036621094,435.5199890136719,12478294,6.0765406942373295,-0.0014455126478232216
2023-06-28 14:30:00+00:00,435.5299987792969,436.4700012207031,435.3900146484375,436.04998779296875,9633400,6.077756887678427,0.0012161934410972464
2023-06-28 15:30:00+00:00,436.04998779296875,437.44000244140625,435.9800109863281,436.5400085449219,6628711,6.078880028685132,0.0011231410067056302
2023-06-28 16:30:00+00:00,436.5299987792969,436.54998779296875,434.55999755859375,435.7799987792969,9733846,6.0771375260449405,-0.001742502640191823
2023-06-28 17:30:00+00:00,435.7799987792969,436.0400085449219,435.0400085449219,435.8299865722656,5290136,6.077252228248595,0.00011470220365428219
2023-06-28 18:30:00+00:00,435.8399963378906,435.9599914550781,434.5899963378906,435.3399963378906,7467047,6.076127326574624,-0.001124901673970946
2023-06-28 19:30:00+00:00,435.3299865722656,436.42999267578125,435.1600036621094,436.3900146484375,13295731,6.078536372506573,0.0024090459319490165
2023-06-29 13:30:00+00:00,435.9599914550781,437.3699951171875,435.5400085449219,436.67999267578125,13087175,6.079200644639561,0.0006642721329876977
2023-06-29 14:30:00+00:00,436.69000244140625,437.69000244140625,435.9100036621094,437.6300048828125,8795749,6.081373815674016,0.0021731710344550237
2023-06-29 15:30:00+00:00,437.6361999511719,438.19500732421875,437.2099914550781,438.0899963378906,6843010,6.082424360361227,0.001050544687211108
2023-06-29 16:30:00+00:00,438.0823974609375,438.2799987792969,436.92999267578125,437.7200012207031,6222249,6.081579439339018,-0.0008449210222085668
2023-06-29 17:30:00+00:00,437.7200012207031,437.7698974609375,436.3900146484375,437.2200012207031,7857337,6.080436503702211,-0.0011429356368068966
2023-06-29 18:30:00+00:00,437.2300109863281,437.79998779296875,436.8599853515625,437.6679992675781,5112037,6.081460630415074,0.0010241267128625609
2023-06-29 19:30:00+00:00,437.6600036621094,438.1700134277344,437.1449890136719,438.1400146484375,11653026,6.082538527440588,0.0010778970255138631
2023-06-30 13:30:00+00:00,441.44000244140625,443.32000732421875,441.1099853515625,443.0,19804667,6.093569770045136,0.01103124260454802
2023-06-30 14:30:00+00:00,443.0,443.3599853515625,442.0400085449219,442.69000244140625,11786835,6.09286975633741,-0.0007000137077257662
2023-06-30 15:30:00+00:00,442.69500732421875,443.0592041015625,442.010009765625,443.04998779296875,8020909,6.093682602941046,0.0008128466036358972
2023-06-30 16:30:00+00:00,443.05010986328125,443.6099853515625,442.989990234375,443.5201110839844,8418446,6.094743147021374,0.0010605440803281851
2023-06-30 17:30:00+00:00,443.5299987792969,444.1300048828125,443.44500732421875,444.05999755859375,7719439,6.09595968293951,0.0012165359181359747
2023-06-30 18:30:00+00:00,444.05999755859375,444.1400146484375,443.5899963378906,444.0199890136719,9289972,6.095869581719904,-9.010121960617568e-05
2023-06-30 19:30:00+00:00,444.0199890136719,444.29998779296875,443.17999267578125,443.239990234375,19133403,6.09411136203576,-0.0017582196841434694
2023-07-03 13:30:00+00:00,442.9200134277344,443.67999267578125,442.6300048828125,443.4801025390625,10731387,6.0946529361187505,0.0005415740829901594
2023-07-03 14:30:00+00:00,443.489990234375,443.6099853515625,443.0199890136719,443.5450134277344,6824304,6.094799292490446,0.00014635637169568838
2023-07-03 15:30:00+00:00,443.54998779296875,443.95001220703125,443.4364929199219,443.8900146484375,6505325,6.095576816990086,0.0007775244996395259
2023-07-05 13:30:00+00:00,441.9100036621094,443.625,441.8999938964844,443.4700012207031,10008723,6.0946301584713565,-0.0009466585187292154
2023-07-05 14:30:00+00:00,443.4800109863281,443.8890075683594,443.1401062011719,443.57000732421875,8042776,6.094855641207142,0.00022548273578593125
2023-07-05 15:30:00+00:00,443.57000732421875,443.80999755859375,443.0199890136719,443.239990234375,7062322,6.09411136203576,-0.0007442791713820895
2023-07-05 16:30:00+00:00,443.25140380859375,443.3900146484375,442.7300109863281,443.1698913574219,7713035,6.093953198462554,-0.00015816357320641572
2023-07-05 17:30:00+00:00,443.1700134277344,443.6050109863281,442.30999755859375,442.7200012207031,5732030,6.092937518795896,-0.0010156796666578316
2023-07-05 18:30:00+00:00,442.7200012207031,443.760009765625,442.7149963378906,443.7200012207031,5738595,6.0951937356215256,0.0022562168256294868
2023-07-05 19:30:00+00:00,443.7099914550781,443.7598876953125,443.1300048828125,443.1300048828125,6778121,6.093863191739534,-0.0013305438819912752
2023-07-06 13:30:00+00:00,439.4200134277344,439.6199951171875,437.45001220703125,437.7200012207031,21393541,6.081579439339018,-0.012283752400516157
2023-07-06 14:30:00+00:00,437.7300109863281,437.8500061035156,437.05999755859375,437.3500061035156,9701525,6.080733803821541,-0.0008456355174768504
2023-07-06 15:30:00+00:00,437.3299865722656,438.82501220703125,437.3299865722656,438.80999755859375,9227970,6.0840665120034085,0.003332708181867261
2023-07-06 16:30:00+00:00,438.80999755859375,439.54998779296875,438.68499755859375,439.2799072265625,8607748,6.085136811776283,0.001070299772874428
2023-07-06 17:30:00+00:00,439.2699890136719,439.760009765625,438.9949951171875,439.29998779296875,5985466,6.085182523194273,4.5711417990368375e-05
2023-07-06 18:30:00+00:00,439.2900085449219,440.1000061035156,439.2749938964844,439.75,6012759,6.086206383617667,0.001023860423393863
2023-07-06 19:30:00+00:00,439.75,439.989990234375,439.4700012207031,439.6700134277344,10173161,6.086024476062086,-0.00018190755558133986
2023-07-07 13:30:00+00:00,438.6300048828125,440.25,438.4700012207031,439.4718933105469,11139871,6.085573763568408,-0.00045071249367811816
2023-07-07 14:30:00+00:00,439.4750061035156,440.1400146484375,438.82000732421875,439.930908203125,5388271,6.086617687771227,0.0010439242028192908
2023-07-07 15:30:00+00:00,439.9599914550781,441.07000732421875,439.89129638671875,441.04998779296875,6672221,6.089158220027571,0.0025405322563436528
2023-07-07 16:30:00+00:00,441.05999755859375,442.6400146484375,441.05999755859375,442.6099853515625,10543884,6.092688988030249,0.003530768002677931
2023-07-07 17:30:00+00:00,442.6099853515625,442.6400146484375,441.5,441.7799987792969,6325031,6.090812017845534,-0.0018769701847149989
2023-07-07 18:30:00+00:00,441.7799987792969,441.8550109863281,440.2099914550781,440.2850036621094,8043929,6.087422252817853,-0.0033897650276806246
2023-07-07 19:30:00+00:00,440.2799987792969,440.5350036621094,438.29998779296875,438.54998779296875,20864442,6.083473802562408,-0.003948450255444769
2023-07-10 13:30:00+00:00,438.17999267578125,439.8399963378906,438.04998779296875,439.2698974609375,11120021,6.085114024757101,0.001640222194692953
2023-07-10 14:30:00+00:00,439.2698974609375,439.3900146484375,438.010009765625,438.7200012207031,9559891,6.083861399156369,-0.001252625600732138
2023-07-10 15:30:00+00:00,438.70989990234375,439.0799865722656,437.5849914550781,438.3900146484375,6454870,6.083108958568839,-0.0007524405875303231
2023-07-10 16:30:00+00:00,438.3900146484375,439.1319885253906,438.2699890136719,439.1300048828125,4983984,6.084795507919988,0.0016865493511488694
2023-07-10 17:30:00+00:00,439.139892578125,439.4200134277344,438.5299072265625,439.389892578125,5128085,6.085387156905162,0.0005916489851740536
2023-07-10 18:30:00+00:00,439.3900146484375,439.43499755859375,438.7550048828125,439.0199890136719,4046589,6.084544945099329,-0.000842211805832882
2023-07-10 19:30:00+00:00,439.010009765625,439.6700134277344,438.6099853515625,439.6600036621094,12041509,6.086001709261383,0.0014567641620546468
2023-07-11 13:30:00+00:00,440.45001220703125,441.0470886230469,439.44000244140625,440.2699890136719,10621828,6.087388150124521,0.0013864408631372171
2023-07-11 14:30:00+00:00,440.260009765625,440.9700012207031,440.0199890136719,440.57000732421875,6617088,6.088069359704912,0.0006812095803914175
2023-07-11 15:30:00+00:00,440.57000732421875,441.70001220703125,440.375,440.8500061035156,7564297,6.088704695377917,0.0006353356730048887
2023-07-11 16:30:00+00:00,440.8800048828125,441.3299865722656,440.6000061035156,440.8800048828125,4620701,6.088772740650131,6.804527221415668e-05
2023-07-11 17:30:00+00:00,440.8900146484375,441.14080810546875,440.2699890136719,440.710693359375,4059084,6.0883886360404595,-0.0003841046096715317
2023-07-11 18:30:00+00:00,440.7200012207031,441.614990234375,440.3599853515625,441.54010009765625,7027091,6.090268842867756,0.0018802068272965045
2023-07-11 19:30:00+00:00,441.54010009765625,442.9700012207031,441.19000244140625,442.4800109863281,15132697,6.092395290515404,0.002126447647648355
2023-07-12 13:30:00+00:00,446.3900146484375,447.3399963378906,445.831787109375,447.21990966796875,20354440,6.103050441574309,0.0106551510589048
2023-07-12 14:30:00+00:00,447.2200012207031,447.4798889160156,446.54998779296875,446.6199951171875,7881782,6.101708110273929,-0.001342331300380195
2023-07-12 15:30:00+00:00,446.6199951171875,446.69000244140625,444.9100036621094,445.3500061035156,0,6.0988605035828645,-0.0028476066910645415
2023-07-12 16:30:00+00:00,445.3500061035156,446.239990234375,445.25,446.1401062011719,47817431,6.100633042153104,0.0017725385702398455
2023-07-12 17:30:00+00:00,446.1600036621094,446.74029541015625,446.0,446.67999267578125,5445208,6.101842438180576,0.0012093960274714988
2023-07-12 18:30:00+00:00,446.67999267578125,446.75,445.1499938964844,445.6400146484375,7501470,6.0995114840616775,-0.0023309541188982763
2023-07-12 19:30:00+00:00,445.6499938964844,446.20001220703125,445.57000732421875,446.010009765625,18022636,6.100341395188898,0.0008299111272203064
2023-07-13 13:30:00+00:00,447.8999938964844,448.510009765625,447.45001220703125,447.8800048828125,12701376,6.104525350294051,0.0041839551051534585
2023-07-13 14:30:00+00:00,447.8800048828125,448.510009765625,447.864990234375,448.0799865722656,9227907,6.104971757934306,0.0004464076402550532
2023-07-13 15:30:00+00:00,448.0899963378906,448.739990234375,447.8821105957031,448.5899963378906,6788742,6.106109322100262,0.0011375641659556734
2023-07-13 16:30:00+00:00,448.5799865722656,448.9100036621094,448.1600036621094,448.6600036621094,6480165,6.106265370747486,0.00015604864722362777
2023-07-13 17:30:00+00:00,448.6700134277344,449.2699890136719,448.6199951171875,448.8900146484375,5511392,6.106777901496014,0.0005125307485283059
2023-07-13 18:30:00+00:00,448.8900146484375,449.8999938964844,448.75,449.7950134277344,7860108,6.108791953264862,0.0020140517688478354
2023-07-13 19:30:00+00:00,449.7900085449219,450.3800048828125,449.5299987792969,449.5400085449219,13699167,6.108224856724827,-0.0005670965400348393
2023-07-14 13:30:00+00:00,450.3949890136719,451.3599853515625,450.17999267578125,450.4324951171875,13723707,6.11020822146364,0.0019833647388134423
2023-07-14 14:30:00+00:00,450.42999267578125,450.7250061035156,449.5199890136719,450.3974914550781,10988957,6.110130507216449,-7.771424719127396e-05
2023-07-14 15:30:00+00:00,450.3974914550781,450.81500244140625,449.7149963378906,449.7550048828125,7679355,6.108703000912833,-0.0014275063036164326
2023-07-14 16:30:00+00:00,449.760009765625,450.1173095703125,449.19000244140625,449.75,6157469,6.108691872830643,-1.112808218994843e-05
2023-07-14 17:30:00+00:00,449.75,450.260009765625,449.5400085449219,449.5899963378906,5015639,6.1083360481938,-0.00035582463684313836
2023-07-14 18:30:00+00:00,449.5899963378906,449.80999755859375,448.6300048828125,449.1199951171875,7915414,6.107290101741617,-0.001045946452182811
2023-07-14 19:30:00+00:00,449.1300048828125,449.3500061035156,448.489990234375,449.2900085449219,10406358,6.10766857800317,0.0003784762615532955
2023-07-17 13:30:00+00:00,449.1300048828125,450.0849914550781,449.0799865722656,449.8399963378906,10309890,6.108891955843031,0.0012233778398611506
2023-07-17 14:30:00+00:00,449.8500061035156,450.4599914550781,449.6600036621094,450.3800048828125,5149094,6.110091681707733,0.0011997258647014064
2023-07-17 15:30:00+00:00,450.3800048828125,450.739990234375,450.20001220703125,450.239990234375,5269389,6.109780752236203,-0.000310929471529775
2023-07-17 16:30:00+00:00,450.239990234375,450.69000244140625,450.0400085449219,450.4800109863281,3573716,6.110313705334411,0.000532953098208111
2023-07-17 17:30:00+00:00,450.4649963378906,451.1300048828125,450.4200134277344,451.0101013183594,4275410,6.11148973685354,0.0011760315191287063
2023-07-17 18:30:00+00:00,451.04010009765625,451.92999267578125,450.6600036621094,451.5400085449219,6528444,6.11266398143378,0.0011742445802402912
2023-07-17 19:30:00+00:00,451.5299987792969,451.5350036621094,450.6000061035156,450.8550109863281,10132129,6.111145804415209,-0.001518177018571265
2023-07-18 13:30:00+00:00,450.5,451.8349914550781,450.04840087890625,451.6400146484375,10508408,6.112885434746201,0.0017396303309924477
2023-07-18 14:30:00+00:00,451.6499938964844,452.69000244140625,451.340087890625,452.32000732421875,6104771,6.11438991013784,0.001504475391638671
2023-07-18 15:30:00+00:00,452.3299865722656,453.3783874511719,452.04998779296875,452.989990234375,8600975,6.115870028626041,0.0014801184882013985
2023-07-18 16:30:00+00:00,452.9800109863281,453.3999938964844,452.7749938964844,453.18011474609375,5635603,6.116289650755404,0.0004196221293630842
2023-07-18 17:30:00+00:00,453.19000244140625,454.32000732421875,453.1300048828125,454.30999755859375,6600331,6.11877977903564,0.0024901282802360925
2023-07-18 18:30:00+00:00,454.31500244140625,454.8450012207031,453.760009765625,454.4849853515625,8757453,6.119164877541733,0.0003850985060926959
2023-07-18 19:30:00+00:00,454.4800109863281,454.8599853515625,454.0899963378906,454.19000244140625,18285900,6.118515618071666,-0.0006492594700668874
2023-07-19 13:30:00+00:00,455.010009765625,456.3399963378906,455.010009765625,455.82000732421875,13482023,6.122098010811411,0.0035823927397444777
2023-07-19 14:30:00+00:00,455.79998779296875,456.1700134277344,454.6000061035156,455.75,10070704,6.121944413558772,-0.00015359725263852653
2023-07-19 15:30:00+00:00,455.7550048828125,456.42999267578125,455.2200012207031,455.3789978027344,7890678,6.121130034434269,-0.0008143791245034393
2023-07-19 16:30:00+00:00,455.364990234375,455.4100036621094,454.6499938964844,455.1499938964844,6058327,6.120627021541399,-0.000503012892870025
2023-07-19 17:30:00+00:00,455.1400146484375,455.3599853515625,454.3699951171875,454.7001037597656,5997347,6.119638089024837,-0.0009889325165612917
2023-07-19 18:30:00+00:00,454.7099914550781,456.07000732421875,454.68499755859375,455.80999755859375,6100994,6.122076050661851,0.002437961637013153
2023-07-19 19:30:00+00:00,455.5199890136719,455.81500244140625,455.0299987792969,455.1199951171875,8800004,6.1205611097137655,-0.0015149409480850196
2023-07-20 13:30:00+00:00,454.3288879394531,455.1000061035156,453.2300109863281,453.4849853515625,12773675,6.11696216063127,-0.003598949082495473
2023-07-20 14:30:00+00:00,453.489990234375,454.1700134277344,452.80999755859375,453.739990234375,8972334,6.117524325246202,0.0005621646149318593
2023-07-20 15:30:00+00:00,453.739990234375,454.7799987792969,453.7099914550781,453.8699951171875,7162218,6.117810802666679,0.00028647742047738234
2023-07-20 16:30:00+00:00,453.8800048828125,453.9599914550781,453.19000244140625,453.660400390625,6232280,6.117348901376483,-0.0004619012901967423
2023-07-20 17:30:00+00:00,453.6600036621094,453.80499267578125,452.089111328125,452.0899963378906,6451962,6.11388126695531,-0.00346763442117215
2023-07-20 18:30:00+00:00,452.114990234375,452.7699890136719,451.44000244140625,451.5198974609375,9510899,6.112619441566925,-0.0012618253883855957
2023-07-20 19:30:00+00:00,451.5199890136719,452.4100036621094,451.5150146484375,452.17999267578125,11136250,6.114080314450597,0.0014608728836718043
2023-07-21 13:30:00+00:00,453.9599914550781,454.07000732421875,452.2099914550781,452.306396484375,13386092,6.114359818511534,0.00027950406093779634
2023-07-21 14:30:00+00:00,452.29998779296875,453.8800048828125,452.2900085449219,453.8450012207031,6289098,6.117755732745852,0.003395914234317843
2023-07-21 15:30:00+00:00,453.8500061035156,454.04058837890625,453.0799865722656,453.110107421875,7337313,6.116135158689517,-0.001620574056334867
2023-07-21 16:30:00+00:00,453.1099853515625,453.7900085449219,452.6099853515625,453.7749938964844,5423106,6.117601467029508,0.0014663083399906185
2023-07-21 17:30:00+00:00,453.7799987792969,454.1650085449219,453.1000061035156,453.3299865722656,6556260,6.116620307473558,-0.0009811595559501285
2023-07-21 18:30:00+00:00,453.3299865722656,453.760009765625,452.32000732421875,452.6700134277344,6798192,6.115163412857076,-0.0014568946164814633
2023-07-21 19:30:00+00:00,452.67999267578125,452.75,452.1700134277344,452.17999267578125,13217978,6.114080314450597,-0.0010830984064797988
2023-07-24 13:30:00+00:00,453.3699951171875,454.45001220703125,452.75,454.1199951171875,11626742,6.118361469544081,0.004281155093484479
2023-07-24 14:30:00+00:00,454.1300048828125,454.5799865722656,453.739990234375,454.2799987792969,6724293,6.118713745336329,0.00035227579224805794
2023-07-24 15:30:00+00:00,454.2799987792969,454.7049865722656,453.75,454.5022888183594,4725159,6.119202949508835,0.0004892041725055307
2023-07-24 16:30:00+00:00,454.510009765625,454.635009765625,453.9949951171875,454.4599914550781,3012441,6.119109882141289,-9.306736754588485e-05
2023-07-24 17:30:00+00:00,454.4649963378906,455.0400085449219,454.2200012207031,454.6034851074219,6303547,6.119425577705427,0.00031569556413835187
2023-07-24 18:30:00+00:00,454.6099853515625,454.6099853515625,453.42999267578125,453.489990234375,6197714,6.116973197061045,-0.002452380644382579
2023-07-24 19:30:00+00:00,453.489990234375,454.239990234375,453.45001220703125,454.20001220703125,9378282,6.118537656547352,0.0015644594863077899
2023-07-25 13:30:00+00:00,453.93499755859375,455.1300048828125,453.9100036621094,454.75469970703125,8248485,6.11975815204968,0.0012204955023280561
2023-07-25 14:30:00+00:00,454.7449951171875,455.0899963378906,454.4100036621094,454.9800109863281,5567342,6.120253486087736,0.0004953340380557947
2023-07-25 15:30:00+00:00,455.0,455.6004943847656,454.9599914550781,455.375,6561542,6.1211212553287275,0.0008677692409913007
2023-07-25 16:30:00+00:00,455.3699951171875,456.1199951171875,455.2699890136719,455.989990234375,4461908,6.122470858033048,0.0013496027043204961
2023-07-25 17:30:00+00:00,455.9949951171875,456.4649963378906,455.70001220703125,456.3800048828125,5843774,6.123325806517284,0.0008549484842363952
2023-07-25 18:30:00+00:00,456.385009765625,456.7349853515625,455.760009765625,455.9800109863281,6472101,6.122448972997282,-0.0008768335200022292
2023-07-25 19:30:00+00:00,455.9800109863281,456.1099853515625,455.32000732421875,455.42999267578125,10521017,6.1212420115307475,-0.0012069614665346506
2023-07-26 13:30:00+00:00,454.4700012207031,455.1600036621094,454.4200134277344,454.7200012207031,7196500,6.1196818475932515,-0.0015601639374960286
2023-07-26 14:30:00+00:00,454.7200012207031,454.8500061035156,453.989990234375,454.3599853515625,5561154,6.118889803123504,-0.0007920444697475659
2023-07-26 15:30:00+00:00,454.3599853515625,455.1300048828125,454.3299865722656,454.635009765625,4298661,6.1194949206960585,0.0006051175725545477
2023-07-26 16:30:00+00:00,454.6400146484375,454.70001220703125,454.0249938964844,454.2900085449219,3945436,6.118735779446073,-0.00075914124998544
2023-07-26 17:30:00+00:00,454.2900085449219,455.0,453.80999755859375,454.3399963378906,6828212,6.1188458083747905,0.00011002892871747605
2023-07-26 18:30:00+00:00,454.3500061035156,456.989990234375,453.3800048828125,454.5050048828125,19685017,6.119208925400275,0.0003631170254845273
2023-07-26 19:30:00+00:00,454.5050048828125,455.5400085449219,454.05499267578125,455.510009765625,14946832,6.121417691794728,0.002208766394453221
2023-07-27 13:30:00+00:00,459.0199890136719,459.44000244140625,457.6099853515625,457.70001220703125,13799457,6.126213974329972,0.00479628253524389
2023-07-27 14:30:00+00:00,457.70001220703125,458.4512023925781,457.06500244140625,457.7078857421875,9593975,6.126231176574293,1.7202244320557725e-05
2023-07-27 15:30:00+00:00,457.7049865722656,458.4100036621094,457.2099914550781,458.3800964355469,5863445,6.127698744814648,0.0014675682403550994
2023-07-27 16:30:00+00:00,458.3900146484375,458.5994873046875,456.260009765625,456.29998779296875,8867041,6.123150461181151,-0.004548283633496908
2023-07-27 17:30:00+00:00,456.30999755859375,456.44000244140625,453.8349914550781,453.93499755859375,12724146,6.117954010606803,-0.005196450574348255
2023-07-27 18:30:00+00:00,453.93499755859375,454.30999755859375,452.4100036621094,452.739990234375,15454820,6.115317987704929,-0.0026360229018740355
2023-07-27 19:30:00+00:00,452.739990234375,453.1400146484375,451.54998779296875,452.4649963378906,15556788,6.114710403988481,-0.000607583716447202
2023-07-28 13:30:00+00:00,455.8800048828125,456.8699951171875,455.1600036621094,456.3999938964844,16821438,6.123369604614749,0.00865920062626735
2023-07-28 14:30:00+00:00,456.3949890136719,457.6195068359375,455.94000244140625,457.44000244140625,8739378,6.125645733911108,0.0022761292963595636
2023-07-28 15:30:00+00:00,457.44500732421875,457.7799987792969,456.8800048828125,457.595703125,6909233,6.125986049997463,0.00034031608635487487
2023-07-28 16:30:00+00:00,457.6000061035156,457.6199951171875,456.1499938964844,456.1512145996094,6335003,6.122824365507678,-0.003161684489785266
2023-07-28 17:30:00+00:00,456.1499938964844,456.93499755859375,455.05999755859375,456.9100036621094,8693032,6.124486442971935,0.0016620774642568392
2023-07-28 18:30:00+00:00,456.9085998535156,457.3599853515625,456.1400146484375,456.6659851074219,8208330,6.123952237687448,-0.0005342052844872214
2023-07-28 19:30:00+00:00,456.6650085449219,457.17999267578125,456.3299865722656,456.9100036621094,14886586,6.124486442971935,0.0005342052844872214
2023-07-31 13:30:00+00:00,457.4100036621094,458.1600036621094,456.5,457.70001220703125,10898318,6.126213974329972,0.001727531358037382
2023-07-31 14:30:00+00:00,457.70001220703125,457.8299865722656,457.1199951171875,457.2799987792969,5072015,6.125295892072016,-0.0009180822579564207
2023-07-31 15:30:00+00:00,457.29998779296875,457.3599853515625,456.6839904785156,457.2099914550781,6221589,6.125142785258156,-0.00015310681386004887
2023-07-31 16:30:00+00:00,457.20001220703125,457.239990234375,456.239990234375,456.61871337890625,4254519,6.123848717440944,-0.0012940678172119746
2023-07-31 17:30:00+00:00,456.618896484375,457.1700134277344,456.5,456.67999267578125,4099897,6.1239829107701595,0.00013419332921582594
2023-07-31 18:30:00+00:00,456.67999267578125,457.17999267578125,456.4599914550781,456.68499755859375,5554729,6.123993869987704,1.0959217544126432e-05
2023-07-31 19:30:00+00:00,456.67999267578125,457.8399963378906,456.0450134277344,457.7900085449219,13618467,6.126410582345659,0.002416712357955042
2023-08-01 13:30:00+00:00,456.19000244140625,457.25,455.5299987792969,455.92999267578125,14858207,6.122339272894429,-0.004071309451229688
2023-08-01 14:30:00+00:00,455.92999267578125,456.6449890136719,455.7749938964844,456.2533874511719,6504512,6.123048329419653,0.0007090565252241277
2023-08-01 15:30:00+00:00,456.25,456.3299865722656,455.6600036621094,455.7900085449219,5646910,6.122032195871282,-0.0010161335483713785
2023-08-01 16:30:00+00:00,455.7850036621094,456.5,455.489990234375,456.3349914550781,4009860,6.123227170189511,0.0011949743182295691
2023-08-01 17:30:00+00:00,456.3399963378906,456.9700012207031,455.9750061035156,456.5849914550781,5147669,6.123774863330048,0.0005476931405370422
2023-08-01 18:30:00+00:00,456.5899963378906,456.989990234375,456.489990234375,456.69000244140625,4992414,6.124004829085144,0.00022996575509548478
2023-08-01 19:30:00+00:00,456.67999267578125,456.9200134277344,456.19000244140625,456.4700012207031,7549554,6.123522983134649,-0.0004818459504951633
2023-08-02 13:30:00+00:00,453.25,453.5199890136719,451.6000061035156,451.9599914550781,18661229,6.1135936614346775,-0.009929321699971183
2023-08-02 14:30:00+00:00,451.9700012207031,452.2900085449219,450.44000244140625,451.1200866699219,13634983,6.111733571620565,-0.0018600898141123423
2023-08-02 15:30:00+00:00,451.1199951171875,451.6700134277344,449.9800109863281,450.2395935058594,10400825,6.109779871086818,-0.0019537005337468827
2023-08-02 16:30:00+00:00,450.2395935058594,451.20001220703125,450.07501220703125,451.1099853515625,6467435,6.111711179730352,0.0019313086435337468
2023-08-02 17:30:00+00:00,451.1099853515625,451.43499755859375,450.4549865722656,450.7950134277344,5584647,6.111012720497818,-0.0006984592325336436
2023-08-02 18:30:00+00:00,450.7799987792969,450.92498779296875,449.3800048828125,449.4100036621094,8124269,6.107935619543775,-0.0030771009540435657
2023-08-02 19:30:00+00:00,449.4176940917969,450.69000244140625,449.34991455078125,450.1400146484375,16703207,6.109558678032409,0.0016230584886338661
2023-08-03 13:30:00+00:00,448.375,449.29998779296875,447.4088134765625,447.4200134277344,15001697,6.103497780795234,-0.006060897237174956
2023-08-03 14:30:00+00:00,447.42999267578125,449.55999755859375,447.3699951171875,449.3800048828125,9789521,6.107868865843749,0.004371085048515688
2023-08-03 15:30:00+00:00,449.3999938964844,449.8699951171875,449.0899963378906,449.6700134277344,6216646,6.1085140102719215,0.0006451444281720953
2023-08-03 16:30:00+00:00,449.67498779296875,450.7900085449219,449.6650085449219,450.4800109863281,6119479,6.110313705334411,0.001799695062489448
2023-08-03 17:30:00+00:00,450.4700012207031,450.57000732421875,449.2598876953125,449.8100891113281,5765528,6.108825469490043,-0.001488235844368191
2023-08-03 18:30:00+00:00,449.8299865722656,450.1199951171875,448.7749938964844,449.2300109863281,5857523,6.107535030486412,-0.0012904390036307944
2023-08-03 19:30:00+00:00,449.2300109863281,449.6499938964844,448.7900085449219,448.8399963378906,8597339,6.106666468637612,-0.0008685618488000202
2023-08-04 13:30:00+00:00,450.5400085449219,451.8699951171875,448.7699890136719,450.42999267578125,16603666,6.110202665806834,0.003536197169221822
2023-08-04 14:30:00+00:00,450.42999267578125,451.5899963378906,450.4200134277344,451.54998779296875,8111321,6.112686081663187,0.002483415856353588
2023-08-04 15:30:00+00:00,451.55499267578125,452.510009765625,451.1304931640625,452.4988098144531,6581077,6.114785132892219,0.0020990512290319785
2023-08-04 16:30:00+00:00,452.5,452.8949890136719,451.4100036621094,451.6600036621094,6537549,6.112929692497269,-0.0018554403949506693
2023-08-04 17:30:00+00:00,451.6600036621094,451.84710693359375,447.9100036621094,448.19000244140625,16060237,6.1052172550970845,-0.0077124374001842355
2023-08-04 18:30:00+00:00,448.19879150390625,448.4849853515625,446.6700134277344,447.1098937988281,16816695,6.1028044118227145,-0.002412843274369969
2023-08-04 19:30:00+00:00,447.1099853515625,447.3599853515625,446.2699890136719,446.80999755859375,17655100,6.102133442859198,-0.0006709689635169269
2023-08-07 13:30:00+00:00,448.7099914550781,449.7699890136719,447.989990234375,449.6300048828125,14340786,6.108425033191673,0.006291590332475394
2023-08-07 14:30:00+00:00,449.6199951171875,449.8999938964844,448.3500061035156,448.69000244140625,7643845,6.1063322315690245,-0.002092801622648466
2023-08-07 15:30:00+00:00,448.67999267578125,449.67999267578125,448.25,449.57000732421875,5615931,6.108291586666166,0.001959355097141291
2023-08-07 16:30:00+00:00,449.55999755859375,449.9700012207031,448.95001220703125,449.6400146484375,3895440,6.108447295171741,0.00015570850557544702
2023-08-07 17:30:00+00:00,449.6600036621094,450.5,449.4750061035156,449.6199951171875,4973293,6.1084027707159985,-4.452445574276709e-05
2023-08-07 18:30:00+00:00,449.635009765625,450.3949890136719,449.6099853515625,449.75,4152450,6.108691872830643,0.0002891021146442796
2023-08-07 19:30:00+00:00,449.75,450.864990234375,449.6199951171875,450.7200012207031,8852320,6.110846306836403,0.0021544340057602085
2023-08-08 13:30:00+00:00,448.0,448.1499938964844,445.3999938964844,446.19000244140625,17810391,6.10074487574429,-0.010101431092112811
2023-08-08 14:30:00+00:00,446.18011474609375,446.3900146484375,445.2705078125,446.19000244140625,8576107,6.10074487574429,0.0
2023-08-08 15:30:00+00:00,446.18499755859375,446.6300048828125,445.5199890136719,446.4599914550781,6913416,6.101349791497947,0.0006049157536569538
2023-08-08 16:30:00+00:00,446.4700012207031,447.4081115722656,446.2300109863281,446.93499755859375,7426554,6.102413164707148,0.001063373209200691
2023-08-08 17:30:00+00:00,446.92999267578125,447.9649963378906,446.54998779296875,447.6659851074219,6309583,6.104047385383579,0.0016342206764310419
2023-08-08 18:30:00+00:00,447.75,448.7900085449219,447.43499755859375,448.5705871582031,7116083,6.106066054083259,0.0020186686996801484
2023-08-08 19:30:00+00:00,448.57501220703125,449.2300109863281,448.19000244140625,448.75,10600395,6.106465939802488,0.00039988571922933147
2023-08-09 13:30:00+00:00,449.0299987792969,449.19989013671875,448.0299987792969,448.4700012207031,9062019,6.105841792351461,-0.000624147451027568
2023-08-09 14:30:00+00:00,448.45001220703125,448.6600036621094,445.8500061035156,446.0199890136719,9499435,6.100363769432054,-0.005478022919406911
2023-08-09 15:30:00+00:00,446.0199890136719,446.39990234375,444.9599914550781,445.9649963378906,8363181,6.100240465392739,-0.00012330403931493095
2023-08-09 16:30:00+00:00,445.9649963378906,447.55999755859375,445.94000244140625,447.41900634765625,6916569,6.103495529932104,0.0032550645393651934
2023-08-09 17:30:00+00:00,447.4150085449219,448.5799865722656,447.3599853515625,448.5050048828125,6393463,6.10591984059559,0.002424310663485585
2023-08-09 18:30:00+00:00,448.510009765625,448.88641357421875,447.42999267578125,447.79998779296875,8328307,6.104346676904647,-0.001573163690943069
2023-08-09 19:30:00+00:00,447.80499267578125,447.8599853515625,445.42999267578125,445.760009765625,18485950,6.09978071249925,-0.004565964405396805
2023-08-10 13:30:00+00:00,448.19000244140625,451.70001220703125,447.989990234375,450.95001220703125,19975111,6.111356495681306,0.011575783182055766
2023-08-10 14:30:00+00:00,450.9549865722656,451.30999755859375,447.9800109863281,448.8299865722656,13395008,6.1066441669770555,-0.0047123287042500905
2023-08-10 15:30:00+00:00,448.8399963378906,449.4700012207031,446.1499938964844,446.8711853027344,11883641,6.102270377026348,-0.004373789950707696
2023-08-10 16:30:00+00:00,446.8699951171875,447.95001220703125,445.7300109863281,446.05999755859375,9173232,6.100453466646543,-0.0018169103798051367
2023-08-10 17:30:00+00:00,446.0400085449219,447.0450134277344,444.7099914550781,446.42498779296875,10478489,6.101271385739219,0.0008179190926762558
2023-08-10 18:30:00+00:00,446.45001220703125,447.4800109863281,445.8900146484375,446.2200012207031,8375559,6.100812106678917,-0.0004592790603021868
2023-08-10 19:30:00+00:00,446.19000244140625,446.19000244140625,445.0249938964844,445.9200134277344,12334324,6.100139593846067,-0.0006725128328497476
2023-08-11 13:30:00+00:00,443.9700012207031,446.6700134277344,443.3450012207031,446.0450134277344,15138244,6.100419873895294,0.00028028004922742156
2023-08-11 14:30:00+00:00,446.05999755859375,446.7007141113281,444.4389953613281,444.5799865722656,7651243,6.0971299860595725,-0.0032898878357219274
2023-08-11 15:30:00+00:00,444.57000732421875,445.9200134277344,444.30999755859375,445.0768127441406,6735754,6.098246880178528,0.001116894118955436
2023-08-11 16:30:00+00:00,445.0799865722656,445.5150146484375,444.44000244140625,445.42999267578125,5462667,6.099040091298328,0.0007932111197996861
2023-08-11 17:30:00+00:00,445.44000244140625,445.94000244140625,444.44500732421875,445.6499938964844,6532059,6.099533876880966,0.0004937855826385729
2023-08-11 18:30:00+00:00,445.6600036621094,446.239990234375,445.1698913574219,445.8699951171875,8117924,6.100027418759734,0.0004935418787681556
2023-08-11 19:30:00+00:00,445.8599853515625,446.1600036621094,444.989990234375,445.5799865722656,10857432,6.099376774166971,-0.0006506445927634275
2023-08-14 13:30:00+00:00,444.760009765625,446.3800048828125,444.3800048828125,445.8900146484375,10881411,6.100072317681046,0.00069554351407497
2023-08-14 14:30:00+00:00,445.909912109375,447.6000061035156,445.831787109375,447.1499938964844,7803436,6.102894095142373,0.0028217774613272795
2023-08-14 15:30:00+00:00,447.1600036621094,447.760009765625,446.3699951171875,446.6700134277344,4651016,6.101820096997436,-0.0010739981449372493
2023-08-14 16:30:00+00:00,446.69000244140625,447.6499938964844,446.4200134277344,447.3299865722656,3628732,6.103296547253412,0.0014764502559758697
2023-08-14 17:30:00+00:00,447.3399963378906,447.5050048828125,446.4919128417969,446.80999755859375,3985580,6.102133442859198,-0.0011631043942141872
2023-08-14 18:30:00+00:00,446.82000732421875,447.1700134277344,446.29998779296875,446.8550109863281,4503488,6.102234181787861,0.00010073892866380163
2023-08-14 19:30:00+00:00,446.8500061035156,448.1099853515625,446.7099914550781,448.1000061035156,7514062,6.105016435412976,0.002782253625114528
2023-08-15 13:30:00+00:00,446.2699890136719,446.6400146484375,443.7101135253906,444.0199890136719,16394314,6.095869581719904,-0.00914685369307211
2023-08-15 14:30:00+00:00,444.0350036621094,445.0199890136719,443.4700012207031,444.8450012207031,8451209,6.097725909627985,0.0018563279080812123
2023-08-15 15:30:00+00:00,444.8399963378906,445.3500061035156,444.21270751953125,444.669189453125,6077552,6.09733061122418,-0.0003952984038049223
2023-08-15 16:30:00+00:00,444.5899963378906,444.7850036621094,443.80999755859375,444.5150146484375,5113258,6.096983833120113,-0.0003467781040669138
2023-08-15 17:30:00+00:00,444.5199890136719,444.57000732421875,443.6700134277344,443.8800048828125,6803824,6.095554266632662,-0.0014295664874515168
2023-08-15 18:30:00+00:00,443.8900146484375,444.6199951171875,442.6400146484375,442.6600036621094,7036453,6.092801989286861,-0.0027522773458006355
2023-08-15 19:30:00+00:00,442.6600036621094,443.3900146484375,442.29998779296875,442.9397888183594,15820320,6.093433843919019,0.0006318546321582019
2023-08-16 13:30:00+00:00,442.4599914550781,444.17999267578125,442.3800048828125,443.3999938964844,11117119,6.094472283416953,0.0010384394979334743
2023-08-16 14:30:00+00:00,443.375,444.1600036621094,443.05499267578125,443.5299987792969,6202093,6.094765440452608,0.00029315703565568896
2023-08-16 15:30:00+00:00,443.5050048828125,443.5899963378906,441.7099914550781,441.82000732421875,6995804,6.090902575891421,-0.0038628645611877843
2023-08-16 16:30:00+00:00,441.80999755859375,442.4100036621094,440.9800109863281,441.32000732421875,6740473,6.089770252488268,-0.001132323403152391
2023-08-16 17:30:00+00:00,441.19000244140625,442.8599853515625,440.8699951171875,442.6199951171875,9055870,6.092711603092653,0.002941350604384496
2023-08-16 18:30:00+00:00,442.6099853515625,443.0899963378906,439.7900085449219,440.1199951171875,11926468,6.087047405907437,-0.005664197185216047
2023-08-16 19:30:00+00:00,440.1400146484375,440.6499938964844,439.5299987792969,439.6300048828125,16605142,6.085933475165653,-0.0011139307417833422
2023-08-17 13:30:00+00:00,441.1600036621094,441.42999267578125,439.79998779296875,440.1499938964844,13086584,6.087115564040016,0.0011820888743629965
2023-08-17 14:30:00+00:00,440.1499938964844,440.5799865722656,439.29998779296875,439.30999755859375,9732381,6.08520530865265,-0.001910255387366
2023-08-17 15:30:00+00:00,439.3299865722656,440.6000061035156,438.9700012207031,440.3699951171875,7681380,6.087615271549274,0.002409962896623874
2023-08-17 16:30:00+00:00,440.3800048828125,440.6099853515625,439.1700134277344,439.30999755859375,9024076,6.08520530865265,-0.002409962896623874
2023-08-17 17:30:00+00:00,439.30999755859375,439.30999755859375,438.04998779296875,438.5199890136719,9075313,6.083405395753141,-0.001799912899508982
2023-08-17 18:30:00+00:00,438.5199890136719,438.5450134277344,435.75,436.802001953125,16431586,6.079480007646211,-0.003925388106930328
2023-08-17 19:30:00+00:00,436.80999755859375,437.2200012207031,435.9800109863281,436.2699890136719,17060651,6.078261292555575,-0.001218715090636202
2023-08-18 13:30:00+00:00,433.3699951171875,435.239990234375,433.010009765625,433.8500061035156,20832270,6.072698866307761,-0.005562426247814223
2023-08-18 14:30:00+00:00,433.8800048828125,436.0899963378906,433.7699890136719,435.2650146484375,14869968,6.0759550746608575,0.0032562083530969232
2023-08-18 15:30:00+00:00,435.260009765625,436.55108642578125,434.7099914550781,435.7049865722656,8679631,6.076965378025233,0.0010103033643753534
2023-08-18 16:30:00+00:00,435.7349853515625,436.5299987792969,434.75,435.54998779296875,8346110,6.076609572238196,-0.00035580578703697796
2023-08-18 17:30:00+00:00,435.54998779296875,436.2900085449219,435.1600036621094,435.9549865722656,9039348,6.0775389962125015,0.000929423974305621
2023-08-18 18:30:00+00:00,435.94000244140625,436.760009765625,435.3599853515625,436.1400146484375,10345467,6.077963326311147,0.00042433009864595306
2023-08-18 19:30:00+00:00,436.1400146484375,437.57000732421875,435.8699951171875,436.4599914550781,16613854,6.0786967134730645,0.0007333871619170651
2023-08-21 13:30:00+00:00,437.54998779296875,438.8900146484375,436.55499267578125,436.6400146484375,12627542,6.079109090508116,0.00041237703505192513
2023-08-21 14:30:00+00:00,436.6499938964844,437.0799865722656,435.82000732421875,435.99560546875,9104795,6.077632164098124,-0.0014769264099925294
2023-08-21 15:30:00+00:00,435.9949951171875,436.95001220703125,435.32000732421875,436.9100036621094,7102069,6.079727232610136,0.0020950685120117996
2023-08-21 16:30:00+00:00,436.9100036621094,438.1449890136719,436.5899963378906,437.8999938964844,7203314,6.081990559869203,0.0022633272590670828
2023-08-21 17:30:00+00:00,437.89898681640625,438.69000244140625,437.80999755859375,438.3485107421875,7856755,6.083014280611662,0.0010237207424594885
2023-08-21 18:30:00+00:00,438.3599853515625,439.7200012207031,438.239990234375,439.3999938964844,7484517,6.0854101460599415,0.0023958654482791886
2023-08-21 19:30:00+00:00,439.4049987792969,440.1099853515625,439.1099853515625,439.3399963378906,10868884,6.0852735924505605,-0.00013655360938091832
2023-08-22 13:30:00+00:00,441.17999267578125,441.17999267578125,439.3999938964844,439.57000732421875,12742113,6.085796993004931,0.0005234005543703901
2023-08-22 14:30:00+00:00,439.5899963378906,439.8799133300781,438.6400146484375,439.3699951171875,7722605,6.085341871586112,-0.0004551214188186492
2023-08-22 15:30:00+00:00,439.385009765625,439.6600036621094,437.760009765625,438.54010009765625,7082363,6.083451255972385,-0.0018906156137274976
2023-08-22 16:30:00+00:00,438.54998779296875,439.3689880371094,437.625,438.2300109863281,6013953,6.082743911777282,-0.0007073441951028769
2023-08-22 17:30:00+00:00,438.239990234375,438.6700134277344,437.6700134277344,438.5799865722656,5805267,6.083542204692504,0.0007982929152223761
2023-08-22 18:30:00+00:00,438.6000061035156,439.4800109863281,438.010009765625,438.489990234375,7921658,6.083336984264063,-0.00020522042844106636
2023-08-22 19:30:00+00:00,438.1300048828125,438.5,437.57000732421875,438.1000061035156,10178709,6.082447208751639,-0.0008897755124239737
2023-08-23 13:30:00+00:00,439.25,441.17999267578125,439.1000061035156,440.8999938964844,13245704,6.088818078520581,0.006370869768941745
2023-08-23 14:30:00+00:00,440.8900146484375,442.29998779296875,440.6400146484375,442.1499938964844,7648037,6.09164917721757,0.002831098696988832
2023-08-23 15:30:00+00:00,442.1600036621094,442.3949890136719,441.69000244140625,442.07000732421875,5952069,6.091468257147059,-0.00018092007051073722
2023-08-23 16:30:00+00:00,442.1763000488281,443.2950134277344,441.9599914550781,443.2200012207031,5131404,6.094066263522871,0.0025980063758117566
2023-08-23 17:30:00+00:00,443.2300109863281,443.6700134277344,442.67999267578125,442.95989990234375,6840361,6.093479246540205,-0.0005870169826662774
2023-08-23 18:30:00+00:00,442.9599914550781,443.2200012207031,442.3900146484375,443.20001220703125,5760540,6.094021162976015,0.0005419164358100304
2023-08-23 19:30:00+00:00,443.19000244140625,443.44000244140625,442.45001220703125,442.9800109863281,12994855,6.093524647100086,-0.0004965158759286936
2023-08-24 13:30:00+00:00,444.69000244140625,445.2200012207031,442.1600036621094,442.1700134277344,15952086,6.091694453884585,-0.0018301932155004863
2023-08-24 14:30:00+00:00,442.1698913574219,442.2799987792969,440.1400146484375,440.67999267578125,13399432,6.088318971851598,-0.0033754820329869872
2023-08-24 15:30:00+00:00,440.6899108886719,440.6899108886719,439.110107421875,440.0,8911169,6.0867747269123065,-0.00154424493929195
2023-08-24 16:30:00+00:00,440.0,440.8179931640625,439.0199890136719,439.1300048828125,8199089,6.084795507919988,-0.0019792189923188985
2023-08-24 17:30:00+00:00,439.1400146484375,439.8999938964844,439.010009765625,439.1534118652344,6637556,6.0848488095808895,5.3301660901894365e-05
2023-08-24 18:30:00+00:00,439.1499938964844,439.3999938964844,438.5199890136719,438.69000244140625,8869810,6.083793018857117,-0.0010557907237727093
2023-08-24 19:30:00+00:00,438.68499755859375,438.79998779296875,436.8550109863281,436.9200134277344,17389978,6.079750142708049,-0.004042876149068064
2023-08-25 13:30:00+00:00,438.67999267578125,441.20001220703125,437.1700134277344,437.5899963378906,19433694,6.081282390558287,0.0015322478502381998
2023-08-25 14:30:00+00:00,437.5899963378906,438.1000061035156,435.0,438.0299987792969,17186326,6.082287398394779,0.0010050078364924886
2023-08-25 15:30:00+00:00,438.0450134277344,438.8399963378906,436.69000244140625,438.8299865722656,11612248,6.084112063742246,0.0018246653474669472
2023-08-25 16:30:00+00:00,438.8399963378906,439.1000061035156,437.6199951171875,438.1099853515625,9114930,6.082469986962672,-0.0016420767795741753
2023-08-25 17:30:00+00:00,438.1400146484375,440.42999267578125,437.3699951171875,440.375,8641148,6.087626636661402,0.005156649698729865
2023-08-25 18:30:00+00:00,440.3785095214844,441.29998779296875,439.7699890136719,440.92999267578125,9656221,6.088886116078308,0.001259479416906295
2023-08-25 19:30:00+00:00,440.92999267578125,441.1700134277344,439.5299987792969,439.95001220703125,14029478,6.086661111837975,-0.0022250042403335613
2023-08-28 13:30:00+00:00,442.239990234375,443.2090148925781,441.7850036621094,443.1789855957031,10815648,6.093973719136789,0.007312607298814555
2023-08-28 14:30:00+00:00,443.1700134277344,443.2300109863281,441.20001220703125,441.4599914550781,8263255,6.090087396357015,-0.0038863227797740763
2023-08-28 15:30:00+00:00,441.4599914550781,441.9800109863281,440.8999938964844,441.2099914550781,6378428,6.089520933213314,-0.0005664631437012346
2023-08-28 16:30:00+00:00,441.21160888671875,443.260009765625,441.0150146484375,442.739990234375,6521708,6.092982668241084,0.003461735027769919
2023-08-28 17:30:00+00:00,442.760009765625,442.9700012207031,440.8599853515625,441.260009765625,6998617,6.089634293011452,-0.003348375229632161
2023-08-28 18:30:00+00:00,441.260009765625,442.3800048828125,440.989990234375,441.7900085449219,6807229,6.090834675395116,0.0012003823836641558
2023-08-28 19:30:00+00:00,441.7900085449219,443.3999938964844,441.6499938964844,442.7200012207031,9312650,6.092937518795896,0.002102843400780152
2023-08-29 13:30:00+00:00,442.75,446.07000732421875,442.4599914550781,445.95001220703125,14964158,6.10020686548531,0.007269346689414036
2023-08-29 14:30:00+00:00,445.9800109863281,446.9700012207031,445.489990234375,446.8550109863281,12687419,6.102234181787861,0.002027316302551263
2023-08-29 15:30:00+00:00,446.8599853515625,448.44500732421875,446.8500061035156,448.32501220703125,8456466,6.105518443062572,0.0032842612747110422
2023-08-29 16:30:00+00:00,448.3299865722656,448.44000244140625,447.54998779296875,448.2699890136719,5923199,6.105395704940336,-0.0001227381222363988
2023-08-29 17:30:00+00:00,448.2749938964844,448.760009765625,447.6700134277344,448.3800048828125,7557368,6.105641098060151,0.000245393119815418
2023-08-29 18:30:00+00:00,448.3800048828125,449.260009765625,448.1199951171875,449.1731872558594,8542971,6.1074085310913615,0.001767433031210075
2023-08-29 19:30:00+00:00,449.1700134277344,449.45001220703125,448.8699951171875,449.1600036621094,15905623,6.1073791798575785,-2.935123378300375e-05
2023-08-30 13:30:00+00:00,449.510009765625,451.6199951171875,448.7799987792969,449.2799987792969,15625583,6.107646298680371,0.0002671188227925114
2023-08-30 14:30:00+00:00,449.2900085449219,450.6705017089844,449.25,450.4800109863281,8882246,6.110313705334411,0.002667406654039972
2023-08-30 15:30:00+00:00,450.4849853515625,451.44000244140625,450.3500061035156,451.3399963378906,5740614,6.112220927629904,0.0019072222954932272
2023-08-30 16:30:00+00:00,451.3500061035156,451.6700134277344,450.9100036621094,450.92999267578125,5856686,6.11131210057077,-0.0009088270591339764
2023-08-30 17:30:00+00:00,450.92999267578125,451.3999938964844,449.9800109863281,450.1299133300781,7566822,6.1095362373886735,-0.0017758631820967707
2023-08-30 18:30:00+00:00,450.1199951171875,451.3999938964844,450.0799865722656,450.8900146484375,5870398,6.111223439802446,0.001687202413772404
2023-08-30 19:30:00+00:00,450.8900146484375,451.17498779296875,450.5299987792969,451.0,10003052,6.111467339502679,0.00024389970023275254
2023-08-31 13:30:00+00:00,451.6499938964844,452.67999267578125,451.3900146484375,452.6600036621094,9618632,6.1151412998917785,0.0036739603890998396
2023-08-31 14:30:00+00:00,452.6700134277344,452.8299865722656,451.5799865722656,452.0799865722656,6153899,6.113859125619467,-0.0012821742723110319
2023-08-31 15:30:00+00:00,452.07000732421875,452.25,451.0799865722656,451.3399963378906,5228951,6.112220927629904,-0.001638197989563217
2023-08-31 16:30:00+00:00,451.3399963378906,451.7995910644531,450.3599853515625,451.7550048828125,6062190,6.1131400082882505,0.0009190806583463385
2023-08-31 17:30:00+00:00,451.760009765625,452.19000244140625,451.1300048828125,451.9599914550781,6027535,6.1135936614346775,0.00045365314642697996
2023-08-31 18:30:00+00:00,451.9700012207031,452.0350036621094,450.78009033203125,451.135009765625,8812802,6.1117666511692725,-0.0018270102654049936
2023-08-31 19:30:00+00:00,451.1499938964844,451.67999267578125,450.1600036621094,450.2799987792969,14465052,6.109869608775616,-0.0018970423936561787
2023-09-01 13:30:00+00:00,453.1700134277344,453.6700134277344,451.1499938964844,452.7297058105469,15648026,6.115295271486211,0.0054256627105946365
2023-09-01 14:30:00+00:00,452.7200012207031,452.7200012207031,450.6600036621094,450.8299865722656,7083168,6.111090298525377,-0.004204972960834219
2023-09-01 15:30:00+00:00,450.8500061035156,450.9822998046875,449.67999267578125,450.5799865722656,6356089,6.110535611947997,-0.0005546865773800036
2023-09-01 16:30:00+00:00,450.5849914550781,451.0,450.114990234375,450.3500061035156,4379294,6.110025071782578,-0.000510540165418405
2023-09-01 17:30:00+00:00,450.3399963378906,450.79010009765625,449.9200134277344,450.14990234375,3467822,6.109580643612888,-0.00044442816969070265
2023-09-01 18:30:00+00:00,450.14990234375,451.0199890136719,449.8800048828125,451.0,5285397,6.111467339502679,0.001886695889790957
2023-09-01 19:30:00+00:00,451.010009765625,451.29998779296875,450.5799865722656,451.2200012207031,8883888,6.1119550281479444,0.0004876886452658269
2023-09-05 13:30:00+00:00,450.7300109863281,450.92999267578125,449.1700134277344,449.87030029296875,11450177,6.108959319649365,-0.0029957084985792193
2023-09-05 14:30:00+00:00,449.8900146484375,451.05999755859375,449.2300109863281,450.2799987792969,7837815,6.109869608775616,0.0009102891262511292
2023-09-05 15:30:00+00:00,450.2799072265625,450.7300109863281,449.8699951171875,450.3999938964844,5760753,6.110136063274158,0.0002664544985417905
2023-09-05 16:30:00+00:00,450.3999938964844,450.69000244140625,449.59930419921875,449.6199951171875,6354832,6.1084027707159985,-0.0017332925581596825
2023-09-05 17:30:00+00:00,449.6199951171875,450.4599914550781,449.489990234375,450.3699951171875,6255922,6.11006945630529,0.0016666855892912835
2023-09-05 18:30:00+00:00,450.3800048828125,450.6400146484375,449.639892578125,449.8472900390625,5696349,6.108908169701518,-0.0011612866037715719
2023-09-05 19:30:00+00:00,449.8500061035156,450.3800048828125,449.1700134277344,449.25,7924653,6.1075795256636685,-0.0013286440378497133
2023-09-06 13:30:00+00:00,448.0400085449219,448.510009765625,446.0299987792969,446.0849914550781,13446370,6.100509497665713,-0.007070027997955641
2023-09-06 14:30:00+00:00,446.0950012207031,446.57501220703125,445.1700134277344,445.80999755859375,10265706,6.099892846807516,-0.0006166508581966212
2023-09-06 15:30:00+00:00,445.81500244140625,446.010009765625,444.8399963378906,444.9200134277344,7301197,6.097894520903938,-0.0019983259035782908
2023-09-06 16:30:00+00:00,444.92999267578125,445.19000244140625,443.80999755859375,444.8598937988281,8171768,6.097759387196131,-0.00013513370780682266
2023-09-06 17:30:00+00:00,444.8500061035156,445.82000732421875,444.8128967285156,445.7113037109375,6237077,6.099671441333706,0.0019120541375752254
2023-09-06 18:30:00+00:00,445.7099914550781,446.20001220703125,445.3299865722656,445.82501220703125,7998803,6.099926525719345,0.00025508438563903724
2023-09-06 19:30:00+00:00,445.8349914550781,446.3999938964844,445.7099914550781,446.20001220703125,9239146,6.100767309356189,0.0008407836368435895
2023-09-07 13:30:00+00:00,443.1099853515625,444.3999938964844,442.80499267578125,443.2300109863281,12884460,6.094088847459895,-0.006678461896293619
2023-09-07 14:30:00+00:00,443.2449951171875,444.7200012207031,442.75,444.239990234375,8399391,6.096364934950583,0.0022760874906877504
2023-09-07 15:30:00+00:00,444.19000244140625,445.18011474609375,443.8599853515625,445.0450134277344,6251481,6.098175430820732,0.0018104958701492535
2023-09-07 16:30:00+00:00,445.05999755859375,445.239990234375,444.30499267578125,445.0849914550781,5557723,6.098265255963467,8.982514273458975e-05
2023-09-07 17:30:00+00:00,445.0899963378906,445.3500061035156,444.4200134277344,444.42498779296875,6462763,6.096781284341727,-0.0014839716217398546
2023-09-07 18:30:00+00:00,444.42498779296875,445.1199951171875,444.1000061035156,444.93499755859375,8640575,6.097928198594518,0.0011469142527911202
2023-09-07 19:30:00+00:00,444.94500732421875,445.54998779296875,444.56500244140625,444.8349914550781,12844711,6.097703407681874,-0.00022479091264404616
2023-09-08 13:30:00+00:00,444.8999938964844,446.9100036621094,444.79998779296875,446.8500061035156,10125286,6.102222981486382,0.00451957380450807
2023-09-08 14:30:00+00:00,446.8599853515625,447.1099853515625,445.7699890136719,446.57080078125,8013370,6.1015979561249765,-0.0006250253614057399
2023-09-08 15:30:00+00:00,446.5799865722656,446.89898681640625,445.8940124511719,446.2349853515625,5446308,6.100845686256792,-0.0007522698681841078
2023-09-08 16:30:00+00:00,446.17999267578125,446.3900146484375,445.5199890136719,445.7591857910156,5282882,6.099778864026186,-0.001066822230606057
2023-09-08 17:30:00+00:00,445.760009765625,446.2200012207031,445.07000732421875,445.3301086425781,5752603,6.0988158243302095,-0.0009630396959767751
2023-09-08 18:30:00+00:00,445.3399963378906,445.4949951171875,444.5299987792969,444.67498779296875,7543572,6.097343650809961,-0.001472173520248532
2023-09-08 19:30:00+00:00,444.67498779296875,445.6099853515625,444.54998779296875,445.510009765625,10160976,6.099219715268156,0.0018760644581954367
2023-09-11 13:30:00+00:00,448.45001220703125,448.7699890136719,446.7099914550781,447.79998779296875,13130710,6.104346676904647,0.005126961636490179
2023-09-11 14:30:00+00:00,447.79998779296875,447.8299865722656,446.46990966796875,447.260009765625,6708734,6.103140102832906,-0.0012065740717401852
2023-09-11 15:30:00+00:00,447.2601013183594,447.7799987792969,446.7200012207031,447.7099914550781,6041871,6.104145682297598,0.0010055794646914862
2023-09-11 16:30:00+00:00,447.7149963378906,448.20001220703125,447.3699951171875,448.160400390625,5205344,6.105151204921398,0.0010055226238003812
2023-09-11 17:30:00+00:00,448.2900085449219,448.489990234375,448.0,448.4299011230469,6525497,6.105752373013632,0.0006011680922339835
2023-09-11 18:30:00+00:00,448.42999267578125,448.70001220703125,448.1700134277344,448.5899963378906,6566213,6.106109322100262,0.0003569490866297542
2023-09-11 19:30:00+00:00,448.5899963378906,448.6300048828125,448.0199890136719,448.489990234375,6868625,6.1058863629317885,-0.00022295916847347996
2023-09-12 13:30:00+00:00,446.95001220703125,447.82000732421875,446.44000244140625,446.625,13271195,6.101719316343574,-0.004167046588214873
2023-09-12 14:30:00+00:00,446.5249938964844,446.94500732421875,446.0950012207031,446.731689453125,6960582,6.101958167084587,0.0002388507410131524
2023-09-12 15:30:00+00:00,446.7349853515625,447.5150146484375,446.7300109863281,447.25,5940474,6.103117722388829,0.0011595553042420548
2023-09-12 16:30:00+00:00,447.260009765625,448.5299987792969,446.9599914550781,448.2099914550781,5124325,6.105261853521474,0.0021441311326455548
2023-09-12 17:30:00+00:00,448.2099914550781,448.44500732421875,446.57000732421875,446.8700866699219,7510379,6.102267918523317,-0.002993934998157144
2023-09-12 18:30:00+00:00,446.8599853515625,446.9800109863281,445.3900146484375,445.6300048828125,9169512,6.099489022259068,-0.002778896264249653
2023-09-12 19:30:00+00:00,445.6300048828125,446.2099914550781,445.6199951171875,445.9800109863281,11454241,6.100274132599385,0.0007851103403169191
2023-09-13 13:30:00+00:00,446.2200012207031,447.260009765625,445.0793151855469,446.1099853515625,12481762,6.1005655255455835,0.00029139294619895395
2023-09-13 14:30:00+00:00,446.114990234375,447.5799865722656,446.05999755859375,447.4750061035156,7819504,6.1036206838724665,0.0030551583268829674
2023-09-13 15:30:00+00:00,447.4800109863281,447.6000061035156,446.5249938964844,447.3699951171875,6373241,6.1033859818030205,-0.00023470206944598004
2023-09-13 16:30:00+00:00,447.375,447.57000732421875,446.7799987792969,447.2726135253906,4418361,6.1031682823748,-0.0002176994282203637
2023-09-13 17:30:00+00:00,447.2799987792969,447.7099914550781,446.7900085449219,447.1112976074219,4864352,6.102807551557284,-0.0003607308175164192
2023-09-13 18:30:00+00:00,447.1199951171875,447.1549987792969,445.32000732421875,445.9750061035156,10054995,6.100262910323111,-0.002544641234172751
2023-09-13 19:30:00+00:00,445.9800109863281,446.7799987792969,445.9750061035156,446.510009765625,9285676,6.101461818353342,0.0011989080302310384
2023-09-14 13:30:00+00:00,448.6899108886719,449.1000061035156,447.7149963378906,448.5199890136719,13873726,6.105953249098057,0.004491430744715252
2023-09-14 14:30:00+00:00,448.5299987792969,450.0299987792969,448.4849853515625,449.4949951171875,11657467,6.108124719516401,0.0021714704183439792
2023-09-14 15:30:00+00:00,449.5,450.489990234375,449.0299987792969,450.07501220703125,9434607,6.109414262665902,0.0012895431495003606
2023-09-14 16:30:00+00:00,450.07000732421875,450.67999267578125,449.9700012207031,450.3599853515625,6352420,6.110047230408867,0.0006329677429652847
2023-09-14 17:30:00+00:00,450.3699951171875,450.6600036621094,449.9800109863281,450.0299987792969,7250021,6.1093142444964155,-0.0007329859124514115
2023-09-14 18:30:00+00:00,450.0299987792969,451.0799865722656,449.92498779296875,450.32000732421875,9118414,6.109958457420247,0.0006442129238317662
2023-09-14 19:30:00+00:00,450.30999755859375,450.6499938964844,450.1129150390625,450.3999938964844,15177636,6.110136063274158,0.00017760585391091155
2023-09-15 13:30:00+00:00,447.260009765625,447.3299865722656,445.57000732421875,445.9800109863281,20673337,6.100274132599385,-0.009861930674773589
2023-09-15 14:30:00+00:00,446.0,446.2398986816406,444.2799987792969,445.0,20667249,6.09807428216624,-0.0021998504331444124
2023-09-15 15:30:00+00:00,444.9949951171875,445.32000732421875,444.6000061035156,444.9390869140625,7975314,6.097937389457676,-0.0001368927085643179
2023-09-15 16:30:00+00:00,444.92999267578125,445.3800048828125,443.33099365234375,443.44500732421875,8212623,6.094573797047206,-0.0033635924104702397
2023-09-15 17:30:00+00:00,443.42999267578125,444.17950439453125,443.0199890136719,443.2900085449219,10747056,6.09422420268564,-0.0003495943615652308
2023-09-15 18:30:00+00:00,443.2799987792969,443.9100036621094,443.20001220703125,443.7200012207031,9705543,6.0951937356215256,0.0009695329358851978
2023-09-15 19:30:00+00:00,443.7200012207031,443.989990234375,442.9200134277344,443.29998779296875,19560150,6.09424671421428,-0.000947021407245785
2023-09-18 13:30:00+00:00,443.04998779296875,443.760009765625,442.55999755859375,443.3699951171875,9878640,6.094404624881639,0.00015791066735904025
2023-09-18 14:30:00+00:00,443.3699951171875,444.0799865722656,443.0299987792969,444.06500244140625,7573416,6.095970953611572,0.0015663287299334527
2023-09-18 15:30:00+00:00,444.06500244140625,444.7900085449219,444.0400085449219,444.6499938964844,6558165,6.097287442119088,0.0013164885075154231
2023-09-18 16:30:00+00:00,444.6499938964844,444.9700012207031,444.1549987792969,444.4601135253906,4511565,6.096860317576479,-0.0004271245426084036
2023-09-18 17:30:00+00:00,444.4601135253906,444.7900085449219,444.010009765625,444.0928955078125,4454306,6.096033764664607,-0.0008265529118727244
2023-09-18 18:30:00+00:00,444.0950012207031,444.3399963378906,443.17498779296875,443.5400085449219,8174992,6.094788008605161,-0.0012457560594452133
2023-09-18 19:30:00+00:00,443.5400085449219,443.7300109863281,443.17498779296875,443.6400146484375,9704329,6.095013455755288,0.00022544715012706718
2023-09-19 13:30:00+00:00,442.67999267578125,443.25,441.0899963378906,441.6199951171875,11890647,6.090449772735811,-0.004563683019477516
2023-09-19 14:30:00+00:00,441.625,441.625,440.4949951171875,440.8900146484375,8278217,6.088795444451357,-0.0016543282844541096
2023-09-19 15:30:00+00:00,440.864990234375,441.0400085449219,440.2309875488281,440.55999755859375,6110420,6.088046639412628,-0.0007488050387287615
2023-09-19 16:30:00+00:00,440.55999755859375,441.29998779296875,439.94000244140625,441.1069030761719,5419344,6.089287256673708,0.0012406172610797128
2023-09-19 17:30:00+00:00,441.1050109863281,442.45001220703125,441.0990905761719,442.04998779296875,7749043,6.091422970237219,0.0021357135635113877
2023-09-19 18:30:00+00:00,442.0400085449219,443.2900085449219,441.8800048828125,442.5,8039526,6.092440464447984,0.0010174942107648022
2023-09-19 19:30:00+00:00,442.5,443.17999267578125,442.260009765625,442.75,8529616,6.093005276662943,0.0005648122149590762
2023-09-20 13:30:00+00:00,444.010009765625,444.43499755859375,443.3999938964844,443.79791259765625,8946454,6.0953693070121195,0.002364030349176538
2023-09-20 14:30:00+00:00,443.79998779296875,443.989990234375,443.25,443.2900085449219,4431949,6.09422420268564,-0.001145104326479185
2023-09-20 15:30:00+00:00,443.2749938964844,443.8599853515625,443.1600036621094,443.84100341796875,4591470,6.095466397888981,0.0012421952033410122
2023-09-20 16:30:00+00:00,443.8500061035156,444.010009765625,443.5799865722656,443.625,3142972,6.094979610966661,-0.0004867869223206256
2023-09-20 17:30:00+00:00,443.6300048828125,443.7099914550781,441.5299987792969,442.6000061035156,12002308,6.092666441407088,-0.0023131695595726143
2023-09-20 18:30:00+00:00,442.57000732421875,443.75,440.239990234375,440.864990234375,15849424,6.088738683981769,-0.003927757425318923
2023-09-20 19:30:00+00:00,440.8800048828125,440.92999267578125,438.42999267578125,438.5899963378906,18072105,6.083565027556533,-0.0051736564252360395
2023-09-21 13:30:00+00:00,435.9700012207031,435.9700012207031,434.010009765625,434.6885070800781,20352123,6.074629698906056,-0.008935328650476748
2023-09-21 14:30:00+00:00,434.69000244140625,435.44000244140625,433.6499938964844,433.79998779296875,9736150,6.0725835702530055,-0.0020461286530508715
2023-09-21 15:30:00+00:00,433.79998779296875,434.5199890136719,433.42999267578125,433.7525939941406,8310972,6.072474311633136,-0.00010925861986965657
2023-09-21 16:30:00+00:00,433.7799987792969,434.81500244140625,433.489990234375,434.5950012207031,7529646,6.074414565732948,0.001940254099811689
2023-09-21 17:30:00+00:00,434.739990234375,434.8999938964844,433.32000732421875,433.3349914550781,7976536,6.071511081208993,-0.0029034845239541696
2023-09-21 18:30:00+00:00,433.3299865722656,433.7699890136719,432.010009765625,432.1099853515625,14605794,6.068680151561329,-0.002830929647664071
2023-09-21 19:30:00+00:00,432.1099853515625,432.3999938964844,431.2300109863281,431.4100036621094,24523131,6.0670589225181635,-0.0016212290431658616
2023-09-22 13:30:00+00:00,432.45001220703125,433.11029052734375,431.6700134277344,432.7550048828125,15713607,6.070171759287679,0.003112836769515681
2023-09-22 14:30:00+00:00,432.7650146484375,433.8999938964844,432.75,433.8699951171875,11264743,6.072744938804989,0.0025731795173093985
2023-09-22 15:30:00+00:00,433.875,434.1000061035156,432.6549987792969,433.239990234375,6938138,6.071291824426623,-0.0014531143783651501
2023-09-22 16:30:00+00:00,433.1499938964844,433.760009765625,431.9599914550781,432.1400146484375,6427034,6.068749643714958,-0.0025421807116652317
2023-09-22 17:30:00+00:00,432.1400146484375,432.19000244140625,430.54998779296875,431.0,11271892,6.066108090103747,-0.0026415536112107674
2023-09-22 18:30:00+00:00,431.0,433.2099914550781,430.55499267578125,432.5899963378906,11027430,6.0697903887437015,0.0036822986399540625
2023-09-22 19:30:00+00:00,432.6000061035156,432.7900085449219,429.989990234375,430.3800048828125,20710545,6.06466855071175,-0.00512183803195132
2023-09-25 13:30:00+00:00,429.1700134277344,430.760009765625,428.7200012207031,429.5299987792969,13763409,6.0626915848042895,-0.0019769659074606594
2023-09-25 14:30:00+00:00,429.5199890136719,431.4800109863281,429.1400146484375,430.9800109863281,9759026,6.066061710806268,0.003370126001978946
2023-09-25 15:30:00+00:00,430.989990234375,432.0199890136719,430.8699951171875,431.8900146484375,7351325,6.068170960107908,0.002109249301639693
2023-09-25 16:30:00+00:00,431.8999938964844,431.9549865722656,430.6099853515625,430.9800109863281,5424485,6.066061710806268,-0.002109249301639693
2023-09-25 17:30:00+00:00,430.989990234375,431.7300109863281,430.6199951171875,430.9949951171875,6103915,6.06609647777922,3.4766972951238984e-05
2023-09-25 18:30:00+00:00,430.9859924316406,431.68011474609375,429.9800109863281,431.0596923828125,10291280,6.066246577921785,0.0001501001425650017
2023-09-25 19:30:00+00:00,431.04998779296875,432.2699890136719,430.82000732421875,432.2200012207031,8533830,6.068934720699144,0.0026881427773597366
2023-09-26 13:30:00+00:00,429.0899963378906,429.82000732421875,426.99169921875,427.92999267578125,17817783,6.0589596136884785,-0.009975107010665951
2023-09-26 14:30:00+00:00,427.92999267578125,428.7099914550781,426.760009765625,426.7799987792969,10417657,6.056268655113215,-0.002690958575263025
2023-09-26 15:30:00+00:00,426.7799987792969,427.7699890136719,426.6300048828125,427.6400146484375,9081946,6.058281754399432,0.002013099286216402
2023-09-26 16:30:00+00:00,427.6199951171875,427.9800109863281,426.9700012207031,426.9800109863281,6478998,6.0567371994544885,-0.0015445549449433216
2023-09-26 17:30:00+00:00,426.9700012207031,427.20001220703125,425.79998779296875,425.904296875,10305191,6.054214665807601,-0.0025225336468874815
2023-09-26 18:30:00+00:00,425.8999938964844,426.17999267578125,425.0199890136719,425.239990234375,10860448,6.052653692455431,-0.001560973352169981
2023-09-26 19:30:00+00:00,425.239990234375,426.0400085449219,425.0799865722656,425.8399963378906,17402223,6.054063680264771,0.0014099878093398743
2023-09-27 13:30:00+00:00,427.0899963378906,427.6700134277344,425.85009765625,426.8299865722656,14092603,6.056385776032332,0.002322095767561372
2023-09-27 14:30:00+00:00,426.82000732421875,426.92999267578125,425.010009765625,425.9599914550781,11943202,6.054345425086797,-0.0020403509455348967
2023-09-27 15:30:00+00:00,425.9700012207031,426.1199951171875,423.760009765625,424.19989013671875,10803017,6.050204783141201,-0.0041406419455967125
2023-09-27 16:30:00+00:00,424.20001220703125,424.8800048828125,422.760009765625,422.80938720703125,12021058,6.046921456226033,-0.003283326915167528
2023-09-27 17:30:00+00:00,422.79998779296875,424.4399108886719,422.2900085449219,424.3800048828125,12685989,6.050629291781709,0.003707835555675665
2023-09-27 18:30:00+00:00,424.385009765625,427.53900146484375,424.3699951171875,426.5,19214480,6.055612366931734,0.004983075150025051
2023-09-27 19:30:00+00:00,426.5199890136719,426.6099853515625,424.8550109863281,426.0299987792969,13695308,6.054509763459733,-0.0011026034720007516
2023-09-28 13:30:00+00:00,425.2204895019531,427.2598876953125,424.8699951171875,426.3900146484375,16700378,6.055354454773582,0.0008446913138486778
2023-09-28 14:30:00+00:00,426.3800048828125,428.30999755859375,425.32000732421875,428.30499267578125,12253190,6.059835541512947,0.004481086739365203
2023-09-28 15:30:00+00:00,428.30999755859375,430.2300109863281,428.2799987792969,430.1300048828125,14205227,6.064087499929779,0.0042519584168321245
2023-09-28 16:30:00+00:00,430.1300048828125,430.2499084472656,428.2900085449219,428.4700012207031,10432618,6.060220726767273,-0.003866773162505943
2023-09-28 17:30:00+00:00,428.4700012207031,429.1050109863281,427.6600036621094,428.8500061035156,9434448,6.061107221668716,0.0008864949014428802
2023-09-28 18:30:00+00:00,428.8699951171875,429.7650146484375,427.4700012207031,429.69000244140625,8404310,6.063064024141669,0.0019568024729528233
2023-09-28 19:30:00+00:00,429.69500732421875,429.760009765625,427.9700012207031,428.5299987792969,13787477,6.060360744407161,-0.002703279734507902
2023-09-29 13:30:00+00:00,431.20001220703125,431.8500061035156,430.0400085449219,430.3399963378906,20648854,6.064575585415501,0.004214841008339576
2023-09-29 14:30:00+00:00,430.3500061035156,431.3599853515625,429.92999267578125,429.989990234375,10012019,6.06376192989195,-0.0008136555235509491
2023-09-29 15:30:00+00:00,430.0,430.2095031738281,428.635009765625,429.4100036621094,9596312,6.062412182011016,-0.0013497478809334496
2023-09-29 16:30:00+00:00,429.42999267578125,429.5950012207031,426.5,427.5,12763406,6.0579542883768145,-0.004457893634201682
2023-09-29 17:30:00+00:00,427.4949951171875,427.67999267578125,426.010009765625,426.260009765625,12485095,6.055049511643112,-0.0029047767337022634
2023-09-29 18:30:00+00:00,426.2699890136719,428.4700012207031,425.9100036621094,427.5799865722656,16267060,6.058141373968233,0.003091862325121042
2023-09-29 19:30:00+00:00,427.5899963378906,428.875,426.8800048828125,427.4100036621094,20067451,6.057743748465391,-0.0003976255028419473
2023-10-02 13:30:00+00:00,426.6199951171875,428.0972900390625,426.19500732421875,426.7850036621094,16262920,6.056280382123574,-0.0014633663418175402
2023-10-02 14:30:00+00:00,426.7900085449219,428.4700012207031,425.9100036621094,428.3399963378906,10594851,6.059917264192886,0.0036368820693120085
2023-10-02 15:30:00+00:00,428.32818603515625,428.6000061035156,424.9599914550781,425.54998779296875,11190972,6.053382421237665,-0.0065348429552205545
2023-10-02 16:30:00+00:00,425.4700012207031,425.79998779296875,424.4599914550781,425.6300048828125,8710017,6.053570435736991,0.00018801449932581704
2023-10-02 17:30:00+00:00,425.6400146484375,426.7799987792969,424.8800048828125,424.918701171875,9086111,6.051897859265597,-0.0016725764713942937
2023-10-02 18:30:00+00:00,424.9200134277344,426.1499938964844,424.5150146484375,425.7793884277344,10932214,6.053921344589133,0.002023485323536356
2023-10-02 19:30:00+00:00,425.7850036621094,427.3699951171875,425.6138000488281,427.3501892089844,12760900,6.0576037923613955,0.0036824477722623428
2023-10-03 13:30:00+00:00,425.05999755859375,426.6499938964844,422.3900146484375,422.5199890136719,22995178,6.046236756953048,-0.01136703540834727
2023-10-03 14:30:00+00:00,422.5199890136719,423.1400146484375,421.239990234375,421.55999755859375,14884855,6.043962110274375,-0.0022746466786731645
2023-10-03 15:30:00+00:00,421.5199890136719,422.55999755859375,420.760009765625,422.42999267578125,12020401,6.046023735259028,0.002061624984652788
2023-10-03 16:30:00+00:00,422.45001220703125,422.8299865722656,421.6099853515625,421.82000732421875,8691399,6.0445787001208435,-0.0014450351381842808
2023-10-03 17:30:00+00:00,421.8500061035156,421.909912109375,420.17999267578125,420.5199890136719,10544920,6.041492014582052,-0.003086685538791656
2023-10-03 18:30:00+00:00,420.5199890136719,421.54998779296875,420.42999267578125,420.6199951171875,10802006,6.041729801646924,0.00023778706487220802
2023-10-03 19:30:00+00:00,420.6099853515625,421.739990234375,420.2900085449219,421.6700134277344,15042286,6.044223049444782,0.002493247797858089
2023-10-04 13:30:00+00:00,422.07000732421875,423.3699951171875,420.55999755859375,420.6195983886719,17046341,6.041728858447107,-0.0024941909976750054
2023-10-04 14:30:00+00:00,420.614990234375,423.04998779296875,420.5799865722656,422.7699890136719,11757701,6.046828269957551,0.0050994115104439075
2023-10-04 15:30:00+00:00,422.7699890136719,424.1600036621094,422.30999755859375,423.989990234375,9343884,6.0497098470154915,0.0028815770579404543
2023-10-04 16:30:00+00:00,423.9849853515625,424.3599853515625,422.56500244140625,422.61968994140625,7452297,6.046472696480394,-0.003237150535097655
2023-10-04 17:30:00+00:00,422.6199951171875,422.8699951171875,421.6400146484375,422.4700012207031,9513007,6.046118441248472,-0.00035425523192156305
2023-10-04 18:30:00+00:00,422.4599914550781,424.739990234375,422.1000061035156,424.4200134277344,10029359,6.050723562620749,0.004605121372276422
2023-10-04 19:30:00+00:00,424.4200134277344,425.4299011230469,424.19000244140625,424.70001220703125,14583717,6.05138306606194,0.000659503441191589
2023-10-05 13:30:00+00:00,424.3599853515625,425.260009765625,422.6700134277344,423.42498779296875,13509222,6.04837637394792,-0.0030066921140203817
2023-10-05 14:30:00+00:00,423.4200134277344,423.5,421.17010498046875,421.989990234375,9896336,6.044981593930936,-0.0033947800169835674
2023-10-05 15:30:00+00:00,422.0,423.239990234375,421.54998779296875,423.1700134277344,8110707,6.047774021293874,0.0027924273629373886
2023-10-05 16:30:00+00:00,423.1650085449219,423.45001220703125,421.8699951171875,422.9150085449219,6484908,6.047171233432343,-0.0006027878615304516
2023-10-05 17:30:00+00:00,422.9150085449219,424.5799865722656,422.4599914550781,424.2799987792969,9208783,6.0503936117601524,0.003222378327809139
2023-10-05 18:30:00+00:00,424.2749938964844,425.3699951171875,424.17999267578125,424.8900146484375,8552236,6.051830346370249,0.0014367346100963019
2023-10-05 19:30:00+00:00,424.8800048828125,424.9800109863281,424.2049865722656,424.4599914550781,7706705,6.050817752676218,-0.001012593694031061
2023-10-06 13:30:00+00:00,421.9700012207031,423.0400085449219,420.6000061035156,422.989990234375,22370640,6.047348515017765,-0.0034692376584528617
2023-10-06 14:30:00+00:00,422.989990234375,425.81048583984375,422.9800109863281,425.7900085449219,16475660,6.053946287047671,0.006597772029905968
2023-10-06 15:30:00+00:00,425.79998779296875,429.2799987792969,425.79998779296875,428.260009765625,16379535,6.059730510581099,0.005784223533428445
2023-10-06 16:30:00+00:00,428.260009765625,429.69000244140625,427.6600036621094,429.44000244140625,8757148,6.062482040028355,0.0027515294472557628
2023-10-06 17:30:00+00:00,429.4389953613281,430.4649963378906,429.04998779296875,430.444091796875,8340008,6.0648174473665435,0.0023354073381884888
2023-10-06 18:30:00+00:00,430.44000244140625,431.125,430.114990234375,430.7699890136719,11362942,6.065574279470464,0.000756832103920857
2023-10-06 19:30:00+00:00,430.7699890136719,430.95001220703125,429.3800048828125,429.5299987792969,18014068,6.0626915848042895,-0.0028826946661748565
2023-10-09 13:30:00+00:00,427.5799865722656,429.1400146484375,427.3500061035156,428.3349914550781,14392612,6.059905579755068,-0.0027860050492218846
2023-10-09 14:30:00+00:00,428.32000732421875,428.739990234375,427.0101013183594,428.6700134277344,8640144,6.060687423473164,0.0007818437180961979
2023-10-09 15:30:00+00:00,428.6700134277344,429.9800109863281,428.2886047363281,429.1600036621094,7360714,6.0618298183017485,0.0011423948285846919
2023-10-09 16:30:00+00:00,429.1499938964844,429.94000244140625,428.5400085449219,429.92999267578125,5905270,6.0636223877022495,0.0017925694005009873
2023-10-09 17:30:00+00:00,429.9200134277344,432.57000732421875,429.9200134277344,432.44000244140625,10893451,6.069443594070224,0.005821206367974341
2023-10-09 18:30:00+00:00,432.5,432.8800048828125,431.69500732421875,432.260009765625,12047505,6.069027281647789,-0.00041631242243500566
2023-10-09 19:30:00+00:00,432.25,432.2900085449219,431.55999755859375,432.2799987792969,10553815,6.0690735236110935,4.6241963304716194e-05
2023-10-10 13:30:00+00:00,432.94000244140625,435.2300109863281,432.5299987792969,435.0400085449219,13778302,6.075438000525853,0.00636447691475972
2023-10-10 14:30:00+00:00,435.0400085449219,436.6400146484375,434.8999938964844,436.3800048828125,12526666,6.078513434583863,0.003075434058009918
2023-10-10 15:30:00+00:00,436.3800048828125,437.2200012207031,436.239990234375,437.0400085449219,7211653,6.080024743639269,0.0015113090554059738
2023-10-10 16:30:00+00:00,437.05999755859375,437.1400146484375,434.6600036621094,435.3800048828125,11645843,6.07621922418785,-0.0038055194514194923
2023-10-10 17:30:00+00:00,435.4100036621094,435.7049865722656,434.5,434.7669982910156,7337749,6.074810251471807,-0.0014089727160424559
2023-10-10 18:30:00+00:00,434.7900085449219,435.7300109863281,434.2900085449219,434.74139404296875,8612512,6.074751357852654,-5.8893619153010945e-05
2023-10-10 19:30:00+00:00,434.7449951171875,435.1400146484375,434.32501220703125,434.4800109863281,12003833,6.074149939012743,-0.0006014188399108278
2023-10-11 13:30:00+00:00,435.6400146484375,436.4599914550781,434.67999267578125,435.0199890136719,12140506,6.075391981788502,0.0012420427757584562
2023-10-11 14:30:00+00:00,435.0199890136719,435.8299865722656,434.260009765625,434.4400939941406,7761062,6.074058061768825,-0.0013339200196771372
2023-10-11 15:30:00+00:00,434.44000244140625,435.04998779296875,433.6600036621094,433.8900146484375,6319488,6.072791079514467,-0.0012669822543580622
2023-10-11 16:30:00+00:00,433.8999938964844,434.3800048828125,433.360107421875,433.7109069824219,6925661,6.072378199204881,-0.00041288030958597233
2023-10-11 17:30:00+00:00,433.70001220703125,435.29998779296875,433.17999267578125,434.6300048828125,6801178,6.074495105666527,0.0021169064616461952
2023-10-11 18:30:00+00:00,434.6400146484375,435.57000732421875,434.5799865722656,435.4200134277344,6372533,6.07631111335668,0.0018160076901532207
2023-10-11 19:30:00+00:00,435.4200134277344,436.5799865722656,435.29998779296875,436.30999755859375,11039441,6.078352994280495,0.002041880923814965
2023-10-12 13:30:00+00:00,436.95001220703125,437.0,434.9800109863281,435.9150085449219,12921800,6.077447289816834,-0.0009057044636611167
2023-10-12 14:30:00+00:00,435.9200134277344,436.8999938964844,435.20001220703125,436.1700134277344,8113397,6.0780321063969955,0.000584816580161629
2023-10-12 15:30:00+00:00,436.1700134277344,437.3349914550781,435.8243103027344,437.2099914550781,5889878,6.0804136093236805,0.002381502926684931
2023-10-12 16:30:00+00:00,437.2099914550781,437.2799987792969,433.3500061035156,433.4106140136719,11365665,6.071685578912376,-0.00872803041130421
2023-10-12 17:30:00+00:00,433.4106140136719,433.7200012207031,431.2300109863281,432.5849914550781,16692145,6.069778819100836,-0.001906759811539871
2023-10-12 18:30:00+00:00,432.5899963378906,433.9100036621094,432.3399963378906,433.3905029296875,10635962,6.071639175917283,0.0018603568164463624
2023-10-12 19:30:00+00:00,433.3900146484375,434.2900085449219,433.3800048828125,433.7099914550781,9681612,6.072376088286536,0.0007369123692528845
2023-10-13 13:30:00+00:00,435.2099914550781,436.45001220703125,434.1400146484375,434.45001220703125,13995088,6.074080891382881,0.001704803096345131
2023-10-13 14:30:00+00:00,434.44500732421875,435.1000061035156,431.6000061035156,432.1400146484375,11788128,6.068749643714958,-0.0053312476679225895
2023-10-13 15:30:00+00:00,432.1499938964844,433.0299987792969,431.0400085449219,432.9045104980469,9727586,6.0705171736545624,0.0017675299396042732
2023-10-13 16:30:00+00:00,432.9100036621094,433.3599853515625,430.135009765625,430.19000244140625,9842566,6.064226977236317,-0.006290196418245131
2023-10-13 17:30:00+00:00,430.19000244140625,431.9649963378906,429.8800048828125,431.42999267578125,11786413,6.067105255589788,0.0028782783534708756
2023-10-13 18:30:00+00:00,431.45001220703125,432.4700012207031,430.7699890136719,431.0799865722656,10760493,6.066293656579576,-0.000811599010211772
2023-10-13 19:30:00+00:00,431.0799865722656,431.67999267578125,430.3299865722656,431.54998779296875,16454450,6.067383350379185,0.0010896937996083267
2023-10-16 13:30:00+00:00,433.82000732421875,435.95001220703125,433.57000732421875,435.92498779296875,14163351,6.077470182200962,0.010086831821777054
2023-10-16 14:30:00+00:00,435.9200134277344,437.0199890136719,435.8699951171875,436.57000732421875,10644622,6.078948745751169,0.001478563550207035
2023-10-16 15:30:00+00:00,436.57000732421875,436.70001220703125,435.4849853515625,436.0899963378906,6149364,6.0778486356676895,-0.001100110083479322
2023-10-16 16:30:00+00:00,436.07000732421875,436.8599853515625,434.32000732421875,435.6400146484375,7551308,6.076816247832583,-0.0010323878351066185
2023-10-16 17:30:00+00:00,435.6499938964844,436.7200012207031,435.45001220703125,435.95001220703125,6202345,6.077527585874813,0.00071133804222967
2023-10-16 18:30:00+00:00,435.95001220703125,436.9200134277344,435.6050109863281,436.8800048828125,7040628,6.079658569020451,0.002130983145638865
2023-10-16 19:30:00+00:00,436.8900146484375,436.9599914550781,435.7699890136719,436.0299987792969,15681568,6.077711045521783,-0.0019475234986687795
2023-10-17 13:30:00+00:00,432.80999755859375,435.25,432.45001220703125,434.6650085449219,17017372,6.074575639113947,-0.003135406407835717
2023-10-17 14:30:00+00:00,434.67498779296875,436.2699890136719,434.4800109863281,435.94000244140625,8625402,6.077504624800693,0.002928985686746266
2023-10-17 15:30:00+00:00,435.95001220703125,438.0799865722656,435.93499755859375,438.0716857910156,9569915,6.0823825631741295,0.004877938373436308
2023-10-17 16:30:00+00:00,438.0793151855469,438.1400146484375,436.2300109863281,436.32501220703125,7102280,6.078387406487824,-0.003995156686305457
2023-10-17 17:30:00+00:00,436.3399963378906,436.3550109863281,434.614990234375,435.1549987792969,8845967,6.075702286655,-0.0026851198328241566
2023-10-17 18:30:00+00:00,435.15008544921875,435.69500732421875,434.2250061035156,435.4800109863281,9238872,6.076448896241068,0.0007466095860682032
2023-10-17 19:30:00+00:00,435.489990234375,436.114990234375,434.8599853515625,436.0799865722656,10702780,6.077825681964119,0.0013767857230506664
2023-10-18 13:30:00+00:00,434.19000244140625,435.17999267578125,433.20001220703125,433.55999755859375,14736037,6.0720301893164805,-0.005795492647638234
2023-10-18 14:30:00+00:00,433.54998779296875,433.739990234375,432.2099914550781,432.8699951171875,12153110,6.070437440697184,-0.0015927486192968132
2023-10-18 15:30:00+00:00,432.8699951171875,433.489990234375,431.80999755859375,432.010009765625,9472423,6.068448758729434,-0.001988681967749706
2023-10-18 16:30:00+00:00,432.0199890136719,433.80999755859375,431.0899963378906,433.0199890136719,12160813,6.0707838909408265,0.0023351322113924766
2023-10-18 17:30:00+00:00,433.0,433.2799987792969,431.30999755859375,432.0610046386719,10123615,6.06856679271566,-0.0022170982251665805
2023-10-18 18:30:00+00:00,432.05999755859375,432.5799865722656,430.2900085449219,430.4700012207031,10122669,6.06487763786417,-0.0036891548514903505
2023-10-18 19:30:00+00:00,430.4700012207031,430.7850036621094,429.0899963378906,430.2200012207031,17846991,6.0642967085950445,-0.0005809292691250079
2023-10-19 13:30:00+00:00,430.95001220703125,431.3900146484375,428.989990234375,429.0,13182142,6.061456918928017,-0.0028397896670275813
2023-10-19 14:30:00+00:00,429.010009765625,429.6300048828125,428.4599914550781,429.4800109863281,9713574,6.062575200146469,0.001118281218452033
2023-10-19 15:30:00+00:00,429.4800109863281,432.32000732421875,428.7099914550781,430.1098937988281,16451127,6.064040743009951,0.0014655428634817724
2023-10-19 16:30:00+00:00,430.1199951171875,432.3900146484375,427.7200012207031,431.8599853515625,19502893,6.068101427727273,0.004060684717321905
2023-10-19 17:30:00+00:00,431.6499938964844,431.7449951171875,428.739990234375,429.0299987792969,14633468,6.061526843707691,-0.006574584019581664
2023-10-19 18:30:00+00:00,429.0400085449219,429.0400085449219,426.3299865722656,426.7799987792969,20097675,6.056268655113215,-0.005258188594475577
2023-10-19 19:30:00+00:00,426.7699890136719,427.4150085449219,425.7250061035156,426.42999267578125,18834711,6.055448209673865,-0.0008204454393503369
2023-10-20 13:30:00+00:00,425.9800109863281,426.5400085449219,423.25,423.3699951171875,19322601,6.048246489673761,-0.007201720000104217
2023-10-20 14:30:00+00:00,423.3500061035156,423.8900146484375,422.0799865722656,422.2900085449219,17085823,6.0456923020458015,-0.0025541876279593367
2023-10-20 15:30:00+00:00,422.29998779296875,423.75201416015625,421.9100036621094,422.9800109863281,18496571,6.047324922578238,0.001632620532436846
2023-10-20 16:30:00+00:00,422.989990234375,424.7699890136719,422.989990234375,424.18011474609375,10384673,6.050158163959903,0.0028332413816647417
2023-10-20 17:30:00+00:00,424.19000244140625,424.6400146484375,422.4700012207031,422.6099853515625,10446385,6.046449733278491,-0.0037084306814119117
2023-10-20 18:30:00+00:00,422.510009765625,423.3299865722656,421.7449951171875,422.3399963378906,15084236,6.045810668177097,-0.0006390651013941095
2023-10-20 19:30:00+00:00,422.3299865722656,422.57000732421875,421.0799865722656,421.20001220703125,19786949,6.043107809241375,-0.0027028589357218635
2023-10-23 13:30:00+00:00,419.875,421.6400146484375,417.79998779296875,420.82501220703125,19545514,6.042217099312526,-0.0008907099288490983
2023-10-23 14:30:00+00:00,420.80999755859375,422.7300109863281,420.07000732421875,422.3900146484375,12092875,6.045929092549275,0.0037119932367488673
2023-10-23 15:30:00+00:00,422.3999938964844,423.0199890136719,421.8900146484375,422.80999755859375,10181854,6.046922899786987,0.0009938072377115859
2023-10-23 16:30:00+00:00,422.8399963378906,424.45001220703125,422.5799865722656,422.8800048828125,8687365,6.047088462402547,0.00016556261556033292
2023-10-23 17:30:00+00:00,422.8800048828125,423.8550109863281,421.9700012207031,422.4200134277344,7572872,6.046000111543634,-0.00108835085891279
2023-10-23 18:30:00+00:00,422.4200134277344,423.1700134277344,420.94000244140625,421.04998779296875,9623408,6.042751562484121,-0.0032485490595135502
2023-10-23 19:30:00+00:00,421.05999755859375,421.3500061035156,420.239990234375,420.4599914550781,16419738,6.041349329714186,-0.0014022327699345638
2023-10-24 13:30:00+00:00,422.6499938964844,424.44000244140625,422.42999267578125,424.42999267578125,16128136,6.050747075015107,0.0093977453009213
2023-10-24 14:30:00+00:00,424.4200134277344,424.82000732421875,422.8599853515625,422.9599914550781,9358195,6.047277591724523,-0.0034694832905843853
2023-10-24 15:30:00+00:00,422.9649963378906,423.55999755859375,421.3500061035156,421.55999755859375,9357132,6.043962110274375,-0.003315481450147928
2023-10-24 16:30:00+00:00,421.57989501953125,422.1700134277344,420.739990234375,422.139892578125,8889080,6.045336758102654,0.0013746478282792296
2023-10-24 17:30:00+00:00,422.1499938964844,422.9599914550781,421.80999755859375,422.9599914550781,6432192,6.047277591724523,0.0019408336218686983
2023-10-24 18:30:00+00:00,422.9599914550781,424.1499938964844,422.9599914550781,424.0502014160156,7403059,6.049851847789357,0.0025742560648343016
2023-10-24 19:30:00+00:00,424.04998779296875,424.17999267578125,423.510009765625,423.6199951171875,11552191,6.048836815439454,-0.0010150323499029668
2023-10-25 13:30:00+00:00,421.8900146484375,421.9200134277344,419.0199890136719,419.30950927734375,16858839,6.038609332854311,-0.010227482585142944
2023-10-25 14:30:00+00:00,419.29998779296875,421.42999267578125,419.1400146484375,420.9100036621094,13211575,6.042419042807247,0.003809709952935947
2023-10-25 15:30:00+00:00,420.9100036621094,421.0799865722656,418.82000732421875,419.2099914550781,9072781,6.038371967300747,-0.004047075506500519
2023-10-25 16:30:00+00:00,419.2099914550781,419.7799987792969,417.760009765625,417.9371032714844,10169841,6.035330950560532,-0.0030410167402150634
2023-10-25 17:30:00+00:00,417.92999267578125,418.32000732421875,417.0150146484375,417.7349853515625,10753732,6.034847225121775,-0.00048372543875707663
2023-10-25 18:30:00+00:00,417.7398986816406,418.1499938964844,417.1199951171875,417.94989013671875,9159194,6.035361545282871,0.0005143201610966486
2023-10-25 19:30:00+00:00,417.94500732421875,418.4549865722656,417.3999938964844,417.6199951171875,16837180,6.034571916449917,-0.0007896288329538592
2023-10-26 13:30:00+00:00,416.45001220703125,417.32501220703125,414.45001220703125,415.3999938964844,20560455,6.029241896748907,-0.0053300197010104355
2023-10-26 14:30:00+00:00,415.3999938964844,416.8800048828125,414.20001220703125,414.3800048828125,12463217,6.0267834390157535,-0.002458457733153452
2023-10-26 15:30:00+00:00,414.3800048828125,414.92999267578125,412.2950134277344,413.00909423828125,13048487,6.02346961266601,-0.0033138263497436427
2023-10-26 16:30:00+00:00,413.0,413.2099914550781,411.9700012207031,412.239990234375,11400215,6.0216056803307945,-0.0018639323352154236
2023-10-26 17:30:00+00:00,412.25,414.29998779296875,411.6000061035156,414.2099914550781,11983030,6.026373070966727,0.004767390635932678
2023-10-26 18:30:00+00:00,414.2149963378906,415.94000244140625,413.8900146484375,414.19000244140625,13654904,6.026324811638327,-4.825932840013536e-05
2023-10-26 19:30:00+00:00,414.19000244140625,414.2799987792969,412.2850036621094,412.5899963378906,20526272,6.022454354918822,-0.003870456719504922
2023-10-27 13:30:00+00:00,414.19000244140625,414.4700012207031,412.385009765625,412.9800109863281,17511440,6.023399192240895,0.0009448373220726225
2023-10-27 14:30:00+00:00,412.989990234375,414.6000061035156,411.864990234375,413.94000244140625,12338355,6.025721041684044,0.002321849443148949
2023-10-27 15:30:00+00:00,413.95001220703125,414.0249938964844,412.0249938964844,412.5199890136719,8036955,6.022284662815636,-0.0034363788684075303
2023-10-27 16:30:00+00:00,412.5299987792969,412.95001220703125,410.30999755859375,410.7650146484375,13310390,6.018021310475551,-0.004263352340085014
2023-10-27 17:30:00+00:00,410.7699890136719,411.1300048828125,409.6099853515625,409.82000732421875,12311106,6.01571805678048,-0.002303253695070673
2023-10-27 18:30:00+00:00,409.8299865722656,411.2200012207031,409.260009765625,410.4100036621094,14044214,6.017156668954488,0.0014386121740077584
2023-10-27 19:30:00+00:00,410.4049987792969,410.9100036621094,409.2099914550781,410.739990234375,20009814,6.017960387136261,0.0008037181817730499
2023-10-30 13:30:00+00:00,413.55999755859375,415.3450012207031,408.9100036621094,412.989990234375,17653344,6.023423355946677,0.005462968810415525
2023-10-30 14:30:00+00:00,412.989990234375,414.04998779296875,412.2200012207031,412.92999267578125,11284648,6.023278069333105,-0.0001452866135718267
2023-10-30 15:30:00+00:00,412.9549865722656,414.2598876953125,412.8999938964844,413.3450012207031,7125570,6.024282598292315,0.0010045289592097717
2023-10-30 16:30:00+00:00,413.3500061035156,415.1911926269531,412.6099853515625,415.0299987792969,7055070,6.028350803833349,0.004068205541034153
2023-10-30 17:30:00+00:00,415.0400085449219,415.7300109863281,414.6199951171875,415.2699890136719,10288783,6.028928884634473,0.0005780808011239813
2023-10-30 18:30:00+00:00,415.2699890136719,416.67999267578125,415.25,416.2200012207031,10809083,6.031213969558096,0.0022850849236233373
2023-10-30 19:30:00+00:00,416.2300109863281,416.4100036621094,415.4599914550781,415.5899963378906,16615746,6.029699188526065,-0.0015147810320312871
2023-10-31 13:30:00+00:00,416.17999267578125,416.3699951171875,414.2099914550781,415.7449951171875,12631993,6.030072079797781,0.00037289127171646896
2023-10-31 14:30:00+00:00,415.739990234375,416.5799865722656,414.81500244140625,415.7099914550781,9054519,6.029987881223726,-8.419857405517206e-05
2023-10-31 15:30:00+00:00,415.7349853515625,416.4849853515625,415.2149963378906,415.9100036621094,6609040,6.030468899506264,0.0004810182825378817
2023-10-31 16:30:00+00:00,415.9200134277344,417.1600036621094,415.2950134277344,416.9700012207031,7213580,6.033014279692333,0.0025453801860688685
2023-10-31 17:30:00+00:00,416.9800109863281,418.07000732421875,416.9750061035156,417.0799865722656,8866263,6.033278017726767,0.0002637380344339135
2023-10-31 18:30:00+00:00,417.0899963378906,418.5299987792969,417.07000732421875,418.24200439453125,9043003,6.036060222874955,0.002782205148188055
2023-10-31 19:30:00+00:00,418.2550048828125,418.510009765625,417.5799865722656,418.2300109863281,16086578,6.036031546701734,-2.8676173220887335e-05
2023-11-01 13:30:00+00:00,419.20001220703125,421.4599914550781,418.64990234375,421.1650085449219,17245877,6.043024701179509,0.006993154477775043
2023-11-01 14:30:00+00:00,421.1600036621094,421.8999938964844,420.22821044921875,420.3900146484375,12134329,6.041182886695112,-0.0018418144843970197
2023-11-01 15:30:00+00:00,420.3900146484375,420.8800048828125,419.8299865722656,420.0199890136719,6070846,6.040302303034603,-0.0008805836605088047
2023-11-01 16:30:00+00:00,420.0199890136719,420.4100036621094,419.29998779296875,419.82000732421875,6476389,6.039826065431953,-0.0004762376026503645
2023-11-01 17:30:00+00:00,419.80999755859375,420.9599914550781,419.30999755859375,420.3999938964844,9324008,6.041206624484443,0.0013805590524897937
2023-11-01 18:30:00+00:00,420.4200134277344,423.3500061035156,419.0799865722656,422.8299865722656,23506052,6.046970175256573,0.005763550772130088
2023-11-01 19:30:00+00:00,422.82000732421875,423.5,422.510009765625,422.70001220703125,17942489,6.046662736451455,-0.0003074388051178545
2023-11-02 13:30:00+00:00,426.5799865722656,428.4100036621094,426.55999755859375,428.2200012207031,19904185,6.059637085061675,0.01297434861022051
2023-11-02 14:30:00+00:00,428.2250061035156,429.3399963378906,428.1700134277344,428.69000244140625,12044236,6.060734052691474,0.0010969676297989395
2023-11-02 15:30:00+00:00,428.67999267578125,429.29998779296875,428.42999267578125,428.7300109863281,6588563,6.060827375787097,9.332309562282148e-05
2023-11-02 16:30:00+00:00,428.739990234375,429.82000732421875,428.6199951171875,429.6199951171875,10243747,6.062901085680409,0.0020737098933114595
2023-11-02 17:30:00+00:00,429.6400146484375,430.5199890136719,429.635009765625,430.1408996582031,10188491,6.064112828638059,0.0012117429576505856
2023-11-02 18:30:00+00:00,430.1698913574219,430.5199890136719,430.0,430.2650146484375,7407100,6.064401331980567,0.00028850334250751786
2023-11-02 19:30:00+00:00,430.260009765625,430.9150085449219,430.2200012207031,430.75,18092207,6.065527875408039,0.0011265434274720931
2023-11-03 13:30:00+00:00,433.1400146484375,435.4800109863281,433.010009765625,433.8599853515625,20806580,6.072721867651864,0.007193992243824887
2023-11-03 14:30:00+00:00,433.8699951171875,434.3599853515625,433.2099914550781,433.95001220703125,10598359,6.072929348220295,0.00020748056843089557
2023-11-03 15:30:00+00:00,433.989990234375,435.7301940917969,433.989990234375,435.55499267578125,8576967,6.076621063121442,0.0036917149011470585
2023-11-03 16:30:00+00:00,435.55999755859375,435.8999938964844,434.84100341796875,435.1000061035156,10048511,6.07557590375448,-0.001045159366961812
2023-11-03 17:30:00+00:00,435.1000061035156,435.8500061035156,434.9200134277344,435.7300109863281,10495298,6.077022810683181,0.0014469069287015301
2023-11-03 18:30:00+00:00,435.739990234375,436.2900085449219,435.32000732421875,435.4700012207031,11453430,6.076425910385427,-0.000596900297754388
2023-11-03 19:30:00+00:00,435.4700012207031,435.5299987792969,434.6600036621094,434.69000244140625,18037498,6.074633138975742,-0.0017927714096845904
2023-11-06 14:30:00+00:00,435.4700012207031,436.1498107910156,434.739990234375,435.2799987792969,11921461,6.075989499373261,0.001356360397518408
2023-11-06 15:30:00+00:00,435.2799987792969,435.8800964355469,435.0400085449219,435.45001220703125,7908631,6.076380007171889,0.00039050779862837004
2023-11-06 16:30:00+00:00,435.4599914550781,435.6400146484375,434.8999938964844,435.0400085449219,6986376,6.075438000525853,-0.0009420066460359422
2023-11-06 17:30:00+00:00,435.0400085449219,435.1600036621094,433.67999267578125,434.2200012207031,7910777,6.073551320917346,-0.0018866796085070803
2023-11-06 18:30:00+00:00,434.20001220703125,434.5400085449219,433.7099914550781,434.2898864746094,7503558,6.07371225231271,0.00016093139536366152
2023-11-06 19:30:00+00:00,434.2799987792969,435.260009765625,434.19000244140625,435.0199890136719,8768447,6.075391981788502,0.00167972947579198
2023-11-06 20:30:00+00:00,435.0299987792969,435.739990234375,434.70001220703125,435.6499938964844,10725467,6.07683915466716,0.0014471728786578097
2023-11-07 14:30:00+00:00,435.69000244140625,436.4800109863281,434.510009765625,436.45001220703125,12696897,6.078673849150269,0.0018346944831098
2023-11-07 15:30:00+00:00,436.44000244140625,437.44000244140625,436.3349914550781,437.0350036621094,8293953,6.080013291801057,0.001339442650787781
2023-11-07 16:30:00+00:00,437.0400085449219,437.510009765625,436.0400085449219,436.2900085449219,9254940,6.078307179443146,-0.0017061123579109605
2023-11-07 17:30:00+00:00,436.29998779296875,437.239990234375,435.8599853515625,437.0400085449219,5827505,6.080024743639269,0.0017175641961229005
2023-11-07 18:30:00+00:00,437.0350036621094,437.4599914550781,436.94000244140625,437.32000732421875,5842558,6.080665209314246,0.0006404656749765536
2023-11-07 19:30:00+00:00,437.3299865722656,437.44000244140625,436.6400146484375,437.20001220703125,6421646,6.080390784223314,-0.0002744250909314516
2023-11-07 20:30:00+00:00,437.2099914550781,437.5849914550781,436.2099914550781,436.8800048828125,12026112,6.079658569020451,-0.0007322152028628182
2023-11-08 14:30:00+00:00,437.54998779296875,438.0899963378906,436.7099914550781,436.9599914550781,11503646,6.079841638170008,0.0001830691495561254
2023-11-08 15:30:00+00:00,436.95001220703125,437.1700134277344,436.20001220703125,436.510009765625,7421882,6.078811306896736,-0.0010303312732711234
2023-11-08 16:30:00+00:00,436.510009765625,436.88079833984375,434.8699951171875,435.5,9072180,6.0764947962925575,-0.002316510604178923
2023-11-08 17:30:00+00:00,435.5,436.5,435.2200012207031,436.3500061035156,5903629,6.07844468759698,0.0019498913044229127
2023-11-08 18:30:00+00:00,436.3599853515625,437.0899963378906,436.32000732421875,437.0199890136719,5441388,6.079978935499532,0.0015342479025513
2023-11-08 19:30:00+00:00,437.0199890136719,437.20001220703125,436.44000244140625,436.9403991699219,5394302,6.079796799455276,-0.00018213604425554308
2023-11-08 20:30:00+00:00,436.92999267578125,437.79998779296875,436.7203063964844,437.20001220703125,10540126,6.080390784223314,0.0005939847680380694
2023-11-09 14:30:00+00:00,438.42999267578125,438.4700012207031,436.3599853515625,436.48760986328125,11402284,6.0787599896838485,-0.0016307945394657963
2023-11-09 15:30:00+00:00,436.510009765625,437.8800048828125,436.0799865722656,437.4200134277344,8211863,6.080893862631983,0.0021338729481348295
2023-11-09 16:30:00+00:00,437.42999267578125,438.0799865722656,437.1199951171875,437.2099914550781,6618065,6.0804136093236805,-0.00048025330830281376
2023-11-09 17:30:00+00:00,437.2099914550781,437.739990234375,435.1499938964844,436.3999938964844,11962665,6.078559239972858,-0.0018543693508226156
2023-11-09 18:30:00+00:00,436.3999938964844,436.6300048828125,434.0150146484375,434.80999755859375,12557317,6.074909148447736,-0.003650091525122079
2023-11-09 19:30:00+00:00,434.7900085449219,435.04998779296875,433.45001220703125,433.7699890136719,10919418,6.072514414380602,-0.0023947340671339745
2023-11-09 20:30:00+00:00,433.7799987792969,434.0450134277344,433.3999938964844,433.8599853515625,13034026,6.072721867651864,0.00020745327126192592
2023-11-10 14:30:00+00:00,435.6099853515625,436.239990234375,434.6199951171875,434.79998779296875,15352420,6.074886127172005,0.0021642595201409875
2023-11-10 15:30:00+00:00,434.7950134277344,436.8999938964844,434.42999267578125,436.6400146484375,8394582,6.079109090508116,0.004222963336111718
2023-11-10 16:30:00+00:00,436.6400146484375,437.510009765625,436.1499938964844,437.3500061035156,7188731,6.080733803821541,0.0016247133134248415
2023-11-10 17:30:00+00:00,437.3599853515625,439.2300109863281,437.3500061035156,438.989990234375,12214232,6.084476611526778,0.003742807705236828
2023-11-10 18:30:00+00:00,438.989990234375,439.9287109375,438.989990234375,439.82000732421875,10121523,6.086365568955466,0.0018889574286875543
2023-11-10 19:30:00+00:00,439.8299865722656,440.4200134277344,439.5249938964844,440.3800048828125,7138164,6.087638001644365,0.0012724326888990944
2023-11-10 20:30:00+00:00,440.3699951171875,440.92999267578125,440.2200012207031,440.6099853515625,19020049,6.088160097188068,0.0005220955437028607
2023-11-13 14:30:00+00:00,439.2300109863281,439.5899963378906,438.4200134277344,439.1700134277344,11771076,6.084886612426684,-0.0032734847613840046
2023-11-13 15:30:00+00:00,439.1700134277344,440.5299987792969,439.0299987792969,440.510009765625,7838993,6.087933168763062,0.003046556336378181
2023-11-13 16:30:00+00:00,440.5,441.3299865722656,440.3299865722656,440.7300109863281,6248960,6.0884324679780155,0.0004992992149537301
2023-11-13 17:30:00+00:00,440.760009765625,440.7900085449219,440.0899963378906,440.1400146484375,4831238,6.087092891402702,-0.0013395765753134725
2023-11-13 18:30:00+00:00,440.1700134277344,441.0299987792969,439.8999938964844,440.9299011230469,5055335,6.088885908442753,0.0017930170400513035
2023-11-13 19:30:00+00:00,440.92999267578125,441.1199951171875,440.2799987792969,440.75,5879281,6.08847782127798,-0.00040808716477336304
2023-11-13 20:30:00+00:00,440.75,440.7799987792969,440.1000061035156,440.20001220703125,6000342,6.087229196823009,-0.0012486244549707592
2023-11-14 14:30:00+00:00,446.5,448.8800048828125,446.0899963378906,448.8699951171875,27313749,6.10673330264769,0.019504105824680984
2023-11-14 15:30:00+00:00,448.8699951171875,449.7300109863281,448.7900085449219,449.4599914550781,12594254,6.108046843176317,0.0013135405286268664
2023-11-14 16:30:00+00:00,449.4599914550781,449.5899963378906,447.8699951171875,448.1099853515625,10589284,6.105038705300932,-0.0030081378753852306
2023-11-14 17:30:00+00:00,448.1189880371094,448.94000244140625,448.07000732421875,448.8500061035156,5512756,6.106688769800816,0.0016500644998842517
2023-11-14 18:30:00+00:00,448.8599853515625,449.1400146484375,447.70001220703125,448.55999755859375,6404806,6.106042446372653,-0.0006463234281630648
2023-11-14 19:30:00+00:00,448.57000732421875,450.05999755859375,448.55950927734375,449.8611145019531,10939361,6.108938900686851,0.002896454314197605
2023-11-14 20:30:00+00:00,449.8699951171875,449.94000244140625,448.2900085449219,448.7300109863281,16227030,6.106421395047328,-0.002517505639522355
2023-11-15 14:30:00+00:00,450.1099853515625,451.239990234375,449.3999938964844,450.70001220703125,14719685,6.110801956781207,0.004380561733878352
2023-11-15 15:30:00+00:00,450.70001220703125,451.3800048828125,450.4700012207031,450.79998779296875,10568921,6.111023755087024,0.00022179830581769977
2023-11-15 16:30:00+00:00,450.79998779296875,450.81500244140625,449.5400085449219,450.1698913574219,7893057,6.1096250478652765,-0.0013987072217478413
2023-11-15 17:30:00+00:00,450.1600036621094,450.3699951171875,448.79998779296875,449.739013671875,7447002,6.108667444898876,-0.0009576029664009056
2023-11-15 18:30:00+00:00,449.7349853515625,450.4750061035156,449.5921936035156,450.44000244140625,7296940,6.110224888248872,0.0015574433499967455
2023-11-15 19:30:00+00:00,450.44000244140625,450.69000244140625,449.7449951171875,450.07000732421875,8640261,6.10940314249592,-0.0008217457529520189
2023-11-15 20:30:00+00:00,450.0799865722656,450.3699951171875,449.2099914550781,449.6400146484375,13926425,6.108447295171741,-0.0009558473241790821
2023-11-16 14:30:00+00:00,449.2200012207031,450.55999755859375,449.1300048828125,449.95001220703125,10474895,6.109136492609708,0.0006891974379668042
2023-11-16 15:30:00+00:00,449.95001220703125,450.30499267578125,448.2799987792969,448.3299865722656,10990297,6.105529538445393,-0.0036069541643151126
2023-11-16 16:30:00+00:00,448.32501220703125,449.3900146484375,448.1199951171875,449.2550048828125,7477983,6.107590666130967,0.0020611276855744265
2023-11-16 17:30:00+00:00,449.2550048828125,449.9150085449219,448.885009765625,449.4100036621094,6820560,6.107935619543775,0.0003449534128074916
2023-11-16 18:30:00+00:00,449.4200134277344,449.5249938964844,448.5799865722656,448.93499755859375,6711595,6.1068781056774135,-0.001057513866361326
2023-11-16 19:30:00+00:00,448.92999267578125,449.8399963378906,448.9100036621094,449.6099853515625,7915166,6.108380507744695,0.001502402067281139
2023-11-16 20:30:00+00:00,449.6199951171875,450.32000732421875,449.4728088378906,450.2099914550781,11623436,6.1097141215961495,0.0013336138514548068
2023-11-17 14:30:00+00:00,450.239990234375,450.6000061035156,449.4599914550781,450.25,13936161,6.109802984056065,8.8862459915795e-05
2023-11-17 15:30:00+00:00,450.25,450.2799987792969,449.2900085449219,449.79998779296875,8243120,6.108803012386417,-0.0009999716696480476
2023-11-17 16:30:00+00:00,449.79998779296875,450.69000244140625,449.5430908203125,450.125,17363758,6.1095253219690395,0.0007223095826223158
2023-11-17 17:30:00+00:00,450.1300048828125,450.8699951171875,450.0819091796875,450.7099914550781,5735845,6.110824098199666,0.001298776230626686
2023-11-17 18:30:00+00:00,450.7099914550781,451.3949890136719,450.7099914550781,450.95001220703125,6918896,6.111356495681306,0.0005323974816393573
2023-11-17 19:30:00+00:00,450.95001220703125,451.4200134277344,450.6400146484375,451.0899963378906,6668268,6.1116668680165835,0.00031037233527797525
2023-11-17 20:30:00+00:00,451.0899963378906,451.1199951171875,450.20001220703125,450.7799987792969,11388543,6.110979412901145,-0.0006874551154387731
2023-11-20 14:30:00+00:00,450.5299987792969,452.3299865722656,450.5199890136719,451.95001220703125,10549782,6.113571581254114,0.0025921683529688266
2023-11-20 15:30:00+00:00,451.95001220703125,452.79998779296875,451.75201416015625,452.6700134277344,7475944,6.115163412857076,0.0015918316029628343
2023-11-20 16:30:00+00:00,452.6700134277344,453.0799865722656,452.5799865722656,452.8699951171875,5775971,6.115605097798254,0.00044168494117791113
2023-11-20 17:30:00+00:00,452.8800048828125,453.80999755859375,452.4800109863281,453.7099914550781,6502113,6.117458208589828,0.0018531107915737977
2023-11-20 18:30:00+00:00,453.7200012207031,454.1099853515625,453.68499755859375,454.0,6575045,6.118097198041348,0.0006389894515201888
2023-11-20 19:30:00+00:00,454.010009765625,455.125,454.0050048828125,455.0299987792969,9081658,6.120363348160643,0.00226615011929443
2023-11-20 20:30:00+00:00,455.0299987792969,455.0400085449219,453.9200134277344,454.25,16384028,6.11864770727628,-0.0017156408843623794
2023-11-21 14:30:00+00:00,453.1842041015625,453.32000732421875,452.0400085449219,452.1499938964844,10197681,6.1140139696876155,-0.004633737588664921
2023-11-21 15:30:00+00:00,452.1600036621094,452.7749938964844,451.95989990234375,452.5,7548888,6.114787763139981,0.0007737934523657231
2023-11-21 16:30:00+00:00,452.4901123046875,453.20001220703125,452.2200012207031,453.1300048828125,4716211,6.116179070806561,0.0013913076665801327
2023-11-21 17:30:00+00:00,453.1337890625,453.5899963378906,452.6413879394531,452.8409118652344,4885190,6.115540875866644,-0.0006381949399170139
2023-11-21 18:30:00+00:00,452.8699951171875,453.57000732421875,452.7900085449219,453.25,5339982,6.11644384963496,0.000902973768315718
2023-11-21 19:30:00+00:00,453.25,453.5799865722656,452.82000732421875,453.2699890136719,5421922,6.116487950181925,4.410054696535326e-05
2023-11-21 20:30:00+00:00,453.2749938964844,453.489990234375,452.8900146484375,453.260009765625,7235517,6.116465933816089,-2.201636583620825e-05
2023-11-22 14:30:00+00:00,455.3299865722656,456.3800048828125,453.8894958496094,454.9599914550781,14657791,6.120209484216844,0.0037435504007552467
2023-11-22 15:30:00+00:00,454.9599914550781,455.5299987792969,454.2799987792969,455.010009765625,7671327,6.120319418193856,0.00010993397701142271
2023-11-22 16:30:00+00:00,455.0199890136719,455.8999938964844,454.8900146484375,455.3800048828125,5564070,6.12113224595252,0.000812827758664092
2023-11-22 17:30:00+00:00,455.3900146484375,455.56500244140625,454.6199951171875,455.54998779296875,4455610,6.121505453363618,0.00037320741109780897
2023-11-22 18:30:00+00:00,455.54998779296875,455.6199951171875,455.2049865722656,455.4800109863281,5262448,6.121351832062734,-0.00015362130088369952
2023-11-22 19:30:00+00:00,455.4700012207031,455.5,453.92498779296875,455.28009033203125,8808112,6.120912812704687,-0.00043901935804679937
2023-11-22 20:30:00+00:00,455.2799987792969,455.4100036621094,454.9800109863281,455.0299987792969,7993229,6.120363348160643,-0.0005494645440444756
2023-11-24 14:30:00+00:00,455.07000732421875,455.5,454.7300109863281,454.9800109863281,7031138,6.120253486087736,-0.00010986207290653027
2023-11-24 15:30:00+00:00,454.989990234375,455.239990234375,454.7300109863281,455.0450134277344,5936204,6.120396344668046,0.0001428585803093796
2023-11-24 16:30:00+00:00,455.04998779296875,455.135009765625,454.8500061035156,454.8599853515625,7532051,6.11998964709199,-0.0004066975760554925
2023-11-27 14:30:00+00:00,454.6499938964844,455.2449951171875,454.07989501953125,454.6099853515625,9113168,6.119439876314834,-0.0005497707771562332
2023-11-27 15:30:00+00:00,454.6300048828125,455.0704040527344,454.23089599609375,454.8699035644531,5772801,6.120011451834281,0.0005715755194470873
2023-11-27 16:30:00+00:00,454.8599853515625,455.3900146484375,454.5710144042969,454.95001220703125,6221715,6.120187549634288,0.00017609780000693576
2023-11-27 17:30:00+00:00,454.9700012207031,455.4901123046875,454.8949890136719,455.239990234375,4420471,6.120824730962092,0.0006371813278036598
2023-11-27 18:30:00+00:00,455.239990234375,455.3699951171875,454.8900146484375,454.9949951171875,4110195,6.120286419148008,-0.0005383118140835919
2023-11-27 19:30:00+00:00,455.0,455.0299987792969,454.1099853515625,454.9649963378906,6152850,6.120220484866085,-6.593428192314121e-05
2023-11-27 20:30:00+00:00,454.9949951171875,455.30999755859375,454.3699951171875,454.5,10347825,6.119197913617533,-0.0010225712485514293
2023-11-28 14:30:00+00:00,454.0799865722656,454.2850036621094,453.5,454.04998779296875,9220531,6.118207297251064,-0.0009906163664696876
2023-11-28 15:30:00+00:00,454.04998779296875,455.6650085449219,453.92498779296875,455.57000732421875,9229012,6.12154939824763,0.0033421009965666215
2023-11-28 16:30:00+00:00,455.6650085449219,456.2699890136719,455.3500061035156,455.3999938964844,7017631,6.121176140227101,-0.0003732580205291214
2023-11-28 17:30:00+00:00,455.4100036621094,455.4100036621094,453.7699890136719,454.54998779296875,9731581,6.119307891712666,-0.0018682485144347893
2023-11-28 18:30:00+00:00,454.5400085449219,454.79669189453125,454.1502990722656,454.25,4898201,6.11864770727628,-0.0006601844363860465
2023-11-28 19:30:00+00:00,454.25,454.94500732421875,453.9700012207031,454.3900146484375,5641164,6.118955892360117,0.0003081850838366762
2023-11-28 20:30:00+00:00,454.3800048828125,455.1000061035156,454.239990234375,454.8900146484375,11032072,6.12005566368311,0.0010997713229929929
2023-11-29 14:30:00+00:00,457.1499938964844,458.32000732421875,456.1000061035156,456.4750061035156,15944168,6.1235339473937715,0.0034782837106615005
2023-11-29 15:30:00+00:00,456.4800109863281,456.8900146484375,455.1099853515625,455.1400146484375,8153909,6.120605096115537,-0.00292885127823439
2023-11-29 16:30:00+00:00,455.1499938964844,456.2149963378906,454.94500732421875,456.19000244140625,6126822,6.122909394751334,0.00230429863579662
2023-11-29 17:30:00+00:00,456.1900939941406,456.45001220703125,455.82000732421875,456.2950134277344,5621568,6.123139559597803,0.00023016484646909419
2023-11-29 18:30:00+00:00,456.2950134277344,456.33990478515625,455.69500732421875,455.885009765625,4673604,6.122240606147178,-0.0008989534506245178
2023-11-29 19:30:00+00:00,455.6973876953125,455.8900146484375,454.3699951171875,454.44000244140625,7339883,6.1190658970740435,-0.003174709073134885
2023-11-29 20:30:00+00:00,454.44000244140625,454.6700134277344,454.20001220703125,454.6199951171875,10479429,6.119461894430911,0.0003959973568674613
2023-11-30 14:30:00+00:00,455.4800109863281,455.7099914550781,454.1400146484375,454.79998779296875,12218811,6.119857735035943,0.0003958406050319496
2023-11-30 15:30:00+00:00,454.80999755859375,455.3399963378906,454.010009765625,454.3999938964844,9655242,6.118977853974909,-0.0008798810610342045
2023-11-30 16:30:00+00:00,454.4100036621094,454.510009765625,453.5,453.5700988769531,7458230,6.117149830657314,-0.0018280233175946847
2023-11-30 17:30:00+00:00,453.57000732421875,454.32000732421875,453.4800109863281,453.6300048828125,4513934,6.117281898556553,0.00013206789923891904
2023-11-30 18:30:00+00:00,453.64990234375,454.54998779296875,453.3399963378906,454.3580017089844,4940880,6.118885437318917,0.0016035387623638542
2023-11-30 19:30:00+00:00,454.3599853515625,455.1499938964844,453.8399963378906,454.1099853515625,7349569,6.118339427185118,-0.0005460101337986245
2023-11-30 20:30:00+00:00,454.1099853515625,456.760009765625,454.0450134277344,456.29998779296875,21460116,6.123150461181151,0.004811033996032776
2023-12-01 14:30:00+00:00,455.7699890136719,457.1300048828125,455.17999267578125,455.69000244140625,12000513,6.121812759125086,-0.0013377020560652042
2023-12-01 15:30:00+00:00,455.67999267578125,457.54998779296875,455.1600036621094,457.45001220703125,11430012,6.125667615810496,0.0038548566854101907
2023-12-01 16:30:00+00:00,457.4599914550781,458.9700012207031,456.8399963378906,458.9150085449219,11434084,6.128865026346302,0.0031974105358063554
2023-12-01 17:30:00+00:00,458.9100036621094,459.6499938964844,458.54998779296875,458.54998779296875,11504790,6.1280693103840145,-0.0007957159622877796
2023-12-01 18:30:00+00:00,458.54998779296875,458.8500061035156,458.19000244140625,458.7300109863281,8517622,6.128461825637613,0.00039251525359862427
2023-12-01 19:30:00+00:00,458.7300109863281,459.1400146484375,458.3800048828125,459.04998779296875,7697505,6.129159109997766,0.0006972843601529277
2023-12-01 20:30:00+00:00,459.04998779296875,459.32000732421875,458.5899963378906,459.0350036621094,11601018,6.129126467854609,-3.264214315734648e-05
2023-12-04 14:30:00+00:00,455.75,456.8299865722656,454.6400146484375,454.8150939941406,16093892,6.119890949527381,-0.009235518327227688
2023-12-04 15:30:00+00:00,454.81500244140625,455.1600036621094,454.3399963378906,455.07000732421875,10776842,6.120451269366399,0.000560319839017609
2023-12-04 16:30:00+00:00,455.0643005371094,456.45001220703125,454.8699951171875,456.25640869140625,7189401,6.123054951244969,0.0026036818785701854
2023-12-04 17:30:00+00:00,456.25,456.739990234375,455.8399963378906,455.8599853515625,6309156,6.122185712697359,-0.0008692385476098963
2023-12-04 18:30:00+00:00,455.864990234375,456.2799987792969,455.4949951171875,455.8399963378906,7554979,6.1221418627158375,-4.38499815214044e-05
2023-12-04 19:30:00+00:00,455.8349914550781,456.19000244140625,455.6700134277344,456.0299987792969,7591966,6.122558594147233,0.000416731431395867
2023-12-04 20:30:00+00:00,456.0350036621094,456.93701171875,455.80999755859375,456.67999267578125,11095665,6.1239829107701595,0.0014243166229261917
2023-12-05 14:30:00+00:00,455.260009765625,457.0,454.8699951171875,456.3799133300781,12876250,6.123325605910898,-0.0006573048592617425
2023-12-05 15:30:00+00:00,456.3800048828125,457.5899963378906,455.5799865722656,456.2699890136719,9560516,6.123084715473819,-0.00024089043707853364
2023-12-05 16:30:00+00:00,456.29998779296875,456.69000244140625,455.364990234375,456.2749938964844,7090121,6.123095684539249,1.0969065429300429e-05
2023-12-05 17:30:00+00:00,456.2799987792969,456.57000732421875,455.2300109863281,456.3299865722656,7684502,6.12321620256627,0.00012051802702117698
2023-12-05 18:30:00+00:00,456.3299865722656,456.70001220703125,455.8999938964844,456.4700012207031,5434410,6.123522983134649,0.0003067805683789615
2023-12-05 19:30:00+00:00,456.4700012207031,456.7900085449219,455.9849853515625,456.5299987792969,5780157,6.123654412616971,0.00013142948232225393
2023-12-05 20:30:00+00:00,456.5400085449219,456.6300048828125,456.0899963378906,456.5799865722656,14225419,6.123763901712087,0.00010948909511565574
2023-12-06 14:30:00+00:00,458.80999755859375,458.8399963378906,456.760009765625,457.1200866699219,12335048,6.124946128082379,0.0011822263702923053
2023-12-06 15:30:00+00:00,457.1300048828125,457.54998779296875,456.6099853515625,456.8399963378906,6153440,6.124333212166231,-0.0006129159161476494
2023-12-06 16:30:00+00:00,456.81500244140625,456.8599853515625,456.010009765625,456.2650146484375,7532811,6.123073813173711,-0.0012593989925200333
2023-12-06 17:30:00+00:00,456.2699890136719,456.75,455.6000061035156,456.3900146484375,6152361,6.123347739239462,0.0002739260657511622
2023-12-06 18:30:00+00:00,456.3999938964844,456.5985107421875,455.8699951171875,455.8999938964844,4538391,6.122273473831557,-0.0010742654079054503
2023-12-06 19:30:00+00:00,455.9100036621094,456.3800048828125,454.8399963378906,454.9949951171875,8210542,6.120286419148008,-0.0019870546835489833
2023-12-06 20:30:00+00:00,454.989990234375,455.2090148925781,454.30999755859375,454.7099914550781,14670485,6.119659834319649,-0.000626584828358645
2023-12-07 14:30:00+00:00,456.9100036621094,458.0150146484375,456.2900085449219,457.9599914550781,14619703,6.1267818253969475,0.007121991077298162
2023-12-07 15:30:00+00:00,457.9800109863281,458.1449890136719,456.5119934082031,457.07000732421875,8997510,6.124836568055242,-0.0019452573417053642
2023-12-07 16:30:00+00:00,457.07000732421875,458.45001220703125,457.010009765625,458.25,6732091,6.127414886719815,0.0025783186645726985
2023-12-07 17:30:00+00:00,458.260009765625,458.54998779296875,457.94500732421875,458.0899963378906,6550227,6.127065663365219,-0.00034922335459608433
2023-12-07 18:30:00+00:00,458.1000061035156,458.8999938964844,457.9700012207031,458.7200012207031,5872328,6.128440004796167,0.0013743414309486113
2023-12-07 19:30:00+00:00,458.7300109863281,458.760009765625,457.92999267578125,458.29998779296875,7034976,6.127523964879618,-0.000916039916549316
2023-12-07 20:30:00+00:00,458.29998779296875,458.4700012207031,457.9599914550781,458.20001220703125,9886232,6.127305796660668,-0.00021816821895015437
2023-12-08 14:30:00+00:00,457.4599914550781,460.4200134277344,457.2099914550781,459.8599853515625,15482445,6.130922063479731,0.0036162668190629077
2023-12-08 15:30:00+00:00,459.8599853515625,460.1099853515625,458.2099914550781,458.6969909667969,11425059,6.12838984166619,-0.002532221813540403
2023-12-08 16:30:00+00:00,458.69000244140625,458.94000244140625,457.5350036621094,458.79998779296875,6756114,6.1286143586487825,0.0002245169825920712
2023-12-08 17:30:00+00:00,458.79998779296875,459.5899963378906,458.57000732421875,459.45001220703125,7731858,6.130030148515685,0.0014157898669022728
2023-12-08 18:30:00+00:00,459.45001220703125,459.9800109863281,459.04998779296875,459.92999267578125,6223634,6.131074288065834,0.001044139550149481
2023-12-08 19:30:00+00:00,459.92999267578125,460.4700012207031,459.79998779296875,460.3807067871094,8087675,6.132053770641937,0.000979482576102697
2023-12-08 20:30:00+00:00,460.3800048828125,460.7449951171875,460.04998779296875,460.1600036621094,12466833,6.131574263050966,-0.0004795075909704849
2023-12-11 14:30:00+00:00,459.67999267578125,460.5799865722656,459.4700012207031,460.20001220703125,11207192,6.131661204126757,8.694107579021448e-05
2023-12-11 15:30:00+00:00,460.2049865722656,461.2300109863281,460.0400085449219,460.4800109863281,9626392,6.132269447557429,0.0006082434306726725
2023-12-11 16:30:00+00:00,460.489990234375,460.80999755859375,459.9049987792969,460.67999267578125,6317475,6.132703642901994,0.0004341953445647917
2023-12-11 17:30:00+00:00,460.70001220703125,461.6000061035156,460.5799865722656,461.4649963378906,7170629,6.134406203477797,0.0017025605758025364
2023-12-11 18:30:00+00:00,461.4700012207031,461.8500061035156,461.4150085449219,461.7300109863281,5089233,6.134980328453809,0.0005741249760120581
2023-12-11 19:30:00+00:00,461.7969970703125,461.8299865722656,461.339599609375,461.4800109863281,7165848,6.134438739865815,-0.00054158858799358
2023-12-11 20:30:00+00:00,461.4800109863281,462.1700134277344,461.3999938964844,461.9700012207031,10465640,6.1354999565508175,0.001061216685002364
2023-12-12 14:30:00+00:00,461.6300048828125,462.3699951171875,460.6000061035156,462.0299987792969,12537628,6.13562982139644,0.0001298648456229401
2023-12-12 15:30:00+00:00,462.1499938964844,462.8349914550781,461.94000244140625,462.5,9762282,6.1366465569524795,0.0010167355560390945
2023-12-12 16:30:00+00:00,462.510009765625,462.8900146484375,462.239990234375,462.8299865722656,6897767,6.137359787024006,0.0007132300715264606
2023-12-12 17:30:00+00:00,462.8327941894531,463.1199951171875,462.5,462.8800048828125,5397738,6.137467851776591,0.00010806475258462456
2023-12-12 18:30:00+00:00,462.8800048828125,463.2900085449219,462.8100891113281,463.25,5140851,6.138266865165469,0.0007990133888782225
2023-12-12 19:30:00+00:00,463.260009765625,464.1199951171875,463.2502136230469,464.0899963378906,0,6.140078491043671,0.0018116258782026051
2023-12-12 20:30:00+00:00,464.090087890625,464.20001220703125,463.5899963378906,464.1499938964844,58361577,6.140207762696064,0.00012927165239240423
2023-12-13 14:30:00+00:00,464.489990234375,464.9100036621094,464.239990234375,464.8299865722656,8107491,6.14167171845727,0.0014639557612063925
2023-12-13 15:30:00+00:00,464.8299865722656,465.30999755859375,464.739990234375,464.885009765625,5399816,6.141790084179325,0.00011836572205492502
2023-12-13 16:30:00+00:00,464.8900146484375,465.04998779296875,464.44000244140625,464.5299987792969,4021133,6.1410261391163985,-0.000763945062926652
2023-12-13 17:30:00+00:00,464.5249938964844,464.6199951171875,464.1199951171875,464.17999267578125,5255634,6.140272392256115,-0.0007537468602833997
2023-12-13 18:30:00+00:00,464.17999267578125,467.8399963378906,464.125,467.45001220703125,17630326,6.147292417251414,0.007020024995298968
2023-12-13 19:30:00+00:00,467.4501037597656,470.7598876953125,467.04998779296875,468.864990234375,24338823,6.150314859700429,0.0030224424490148394
2023-12-13 20:30:00+00:00,468.8599853515625,470.5400085449219,468.4800109863281,470.44000244140625,17076677,6.153668432172458,0.003353572472029498
2023-12-14 14:30:00+00:00,472.9700012207031,473.7300109863281,471.7799987792969,472.2799987792969,22336690,6.157572027454207,0.003903595281748551
2023-12-14 15:30:00+00:00,472.2900085449219,472.80999755859375,471.4599914550781,471.92999267578125,10065862,6.156830653982809,-0.0007413734713983544
2023-12-14 16:30:00+00:00,471.95001220703125,473.2799987792969,471.5400085449219,473.260009765625,9535118,6.159644940981704,0.002814286998895632
2023-12-14 17:30:00+00:00,473.260009765625,473.364990234375,470.82000732421875,470.8450012207031,12769905,6.154528955399139,-0.005115985582564875
2023-12-14 18:30:00+00:00,470.8450012207031,471.2550048828125,469.25,471.1900939941406,13620577,6.1552616091837535,0.000732653784614179
2023-12-14 19:30:00+00:00,471.1913146972656,471.7300109863281,470.93499755859375,471.4700012207031,11453862,6.155855475915165,0.0005938667314113744
2023-12-14 20:30:00+00:00,471.4700012207031,472.05999755859375,471.0899963378906,472.0,15613045,6.156978985585555,0.0011235096703900993
2023-12-15 14:30:00+00:00,469.25,470.2200012207031,468.80999755859375,470.05999755859375,21953410,6.1528603409369635,-0.004118644648591463
2023-12-15 15:30:00+00:00,470.07000732421875,470.5400085449219,469.739990234375,470.3299865722656,23872136,6.15343454743777,0.0005742065008060848
2023-12-15 16:30:00+00:00,470.3299865722656,470.5,469.7900085449219,470.29998779296875,10790499,6.153370762995163,-6.378444260679572e-05
2023-12-15 17:30:00+00:00,470.30999755859375,470.3399963378906,469.2699890136719,469.7900085449219,9377451,6.152285804533611,-0.001084958461551544
2023-12-15 18:30:00+00:00,469.7900085449219,469.95001220703125,468.44000244140625,468.489990234375,12763979,6.149514735888597,-0.0027710686450141964
2023-12-15 19:30:00+00:00,468.489990234375,469.55999755859375,468.4800109863281,469.4049987792969,10938651,6.151465932655697,0.001951196767099539
2023-12-15 20:30:00+00:00,469.4049987792969,470.70001220703125,468.94000244140625,469.3699951171875,25329601,6.151391359595372,-7.457306032421229e-05
2023-12-18 14:30:00+00:00,470.9800109863281,471.8800048828125,470.79998779296875,471.7900085449219,10625762,6.1565339894388655,0.005142629843493118
2023-12-18 15:30:00+00:00,471.79998779296875,472.0899963378906,471.0799865722656,471.9800109863281,7956151,6.156936635083548,0.0004026456446828419
2023-12-18 16:30:00+00:00,471.989990234375,472.6499938964844,471.9100036621094,472.4849853515625,6298952,6.158005969395167,0.0010693343116185972
2023-12-18 17:30:00+00:00,472.5,472.55999755859375,472.1099853515625,472.5249938964844,4899627,6.15809064267021,8.467327504302347e-05
2023-12-18 18:30:00+00:00,472.5299987792969,472.9800109863281,472.2799987792969,472.4800109863281,5827040,6.157995441248085,-9.520142212515736e-05
2023-12-18 19:30:00+00:00,472.489990234375,472.80999755859375,472.2049865722656,472.7099914550781,7917164,6.158482074565607,0.00048663331752241135
2023-12-18 20:30:00+00:00,472.7200012207031,472.7250061035156,471.95001220703125,472.010009765625,10423406,6.157000192491249,-0.0014818820743585093
2023-12-19 14:30:00+00:00,472.5299987792969,474.0299987792969,472.45001220703125,473.8500061035156,10099808,6.160890828796895,0.0038906363056465665
2023-12-19 15:30:00+00:00,473.8599853515625,474.42999267578125,473.6199951171875,474.2499084472656,7172465,6.161734415767695,0.0008435869707996702
2023-12-19 16:30:00+00:00,474.2550048828125,474.4750061035156,473.6304931640625,473.8550109863281,6831653,6.160901390907937,-0.0008330248597578915
2023-12-19 17:30:00+00:00,473.8500061035156,474.2099914550781,473.639892578125,473.9700012207031,4547507,6.161144031128353,0.0002426402204163125
2023-12-19 18:30:00+00:00,473.9800109863281,474.3500061035156,473.7701110839844,474.3299865722656,5047458,6.161903253681318,0.0007592225529648999
2023-12-19 19:30:00+00:00,474.3299865722656,474.4100036621094,473.82000732421875,474.19000244140625,5703977,6.161608090409069,-0.0002951632722494324
2023-12-19 20:30:00+00:00,474.19000244140625,474.9200134277344,474.0400085449219,474.82000732421875,7908349,6.162935800272775,0.001327709863706339
2023-12-20 14:30:00+00:00,473.92999267578125,475.2300109863281,473.92498779296875,475.1300964355469,8997403,6.1635886537671105,0.0006528534943353037
2023-12-20 15:30:00+00:00,475.135009765625,475.5899963378906,475.07000732421875,475.3017883300781,5193583,6.163949946141979,0.0003612923748681496
2023-12-20 16:30:00+00:00,475.30999755859375,475.55499267578125,475.0299987792969,475.4649963378906,3947113,6.164293264844415,0.0003433187024359796
2023-12-20 17:30:00+00:00,475.4700012207031,475.8949890136719,475.09100341796875,475.57000732421875,5137548,6.16451410001105,0.0002208351666350694
2023-12-20 18:30:00+00:00,475.57000732421875,475.760009765625,474.5350036621094,474.5710144042969,7623651,6.162411268399327,-0.002102831611722422
2023-12-20 19:30:00+00:00,474.5799865722656,474.5899963378906,469.04998779296875,469.2799987792969,29530134,6.151199602627916,-0.011211665771411639
2023-12-20 20:30:00+00:00,469.69000244140625,470.1400146484375,467.82000732421875,467.9800109863281,23941991,6.148425583437807,-0.0027740191901086675
2023-12-21 14:30:00+00:00,471.3299865722656,472.44000244140625,470.54998779296875,471.1700134277344,18752728,6.155218991576639,0.006793408138832113
2023-12-21 15:30:00+00:00,471.17999267578125,471.80999755859375,470.6600036621094,471.510009765625,8394982,6.155940331467733,0.0007213398910934643
2023-12-21 16:30:00+00:00,471.489990234375,471.69000244140625,469.3999938964844,469.54010009765625,9854583,6.151753705219723,-0.004186626248009695
2023-12-21 17:30:00+00:00,469.54998779296875,470.19000244140625,468.8399963378906,470.0950012207031,8083555,6.152934804535351,0.0011810993156284866
2023-12-21 18:30:00+00:00,470.1000061035156,470.8500061035156,469.7900085449219,470.61968994140625,6189634,6.154050315497477,0.0011155109621254766
2023-12-21 19:30:00+00:00,470.6199951171875,471.9291076660156,470.17999267578125,471.8949890136719,7388693,6.15675647992977,0.002706164432293434
2023-12-21 20:30:00+00:00,471.9100036621094,472.9750061035156,471.6300048828125,472.69000244140625,13642563,6.158439787673701,0.001683307743930662
2023-12-22 14:30:00+00:00,474.0,475.3800048828125,473.7699890136719,475.1499938964844,12110409,6.163630530811874,0.005190743138173026
2023-12-22 15:30:00+00:00,475.1499938964844,475.29901123046875,473.6199951171875,474.3900146484375,8491079,6.162029799081805,-0.0016007317300692492
2023-12-22 16:30:00+00:00,474.3800048828125,474.69989013671875,473.6610107421875,474.1000061035156,4967328,6.1614182827819715,-0.000611516299833248
2023-12-22 17:30:00+00:00,474.1099853515625,474.75,473.8999938964844,474.6000061035156,5734318,6.162472356862,0.0010540740800282222
2023-12-22 18:30:00+00:00,474.5899963378906,474.70001220703125,471.9700012207031,472.0799865722656,7205040,6.157148434305144,-0.005323922556855543
2023-12-22 19:30:00+00:00,472.0899963378906,474.0299987792969,471.70001220703125,473.94500732421875,9512171,6.1610912966610965,0.003942862355952315
2023-12-22 20:30:00+00:00,473.94000244140625,473.9599914550781,472.9750061035156,473.6199951171875,10345331,6.160405302098319,-0.0006859945627777364
2023-12-26 14:30:00+00:00,474.07000732421875,475.1199951171875,473.989990234375,474.864990234375,7514890,6.163030532547804,0.0026252304494853718
2023-12-26 15:30:00+00:00,474.8699951171875,475.19000244140625,474.5299987792969,474.75,6919823,6.162788349692395,-0.0002421828554091121
2023-12-26 16:30:00+00:00,474.7449951171875,475.2300109863281,474.7300109863281,475.07000732421875,4308423,6.1634621770151705,0.0006738273227755442
2023-12-26 17:30:00+00:00,475.07000732421875,475.4599914550781,474.8500061035156,475.3113098144531,3452801,6.163969978444067,0.0005078014288963928
2023-12-26 18:30:00+00:00,475.30999755859375,475.57000732421875,475.1400146484375,475.5249938964844,3831164,6.164419444003585,0.0004494655595177477
2023-12-26 19:30:00+00:00,475.5299987792969,476.5799865722656,475.4700012207031,476.20001220703125,6582092,6.165837959687015,0.0014185156834303214
2023-12-26 20:30:00+00:00,476.20001220703125,476.44000244140625,475.2900085449219,475.5899963378906,12987897,6.164556130823106,-0.0012818288639087072
2023-12-27 14:30:00+00:00,475.44000244140625,476.1400146484375,475.1600036621094,475.739990234375,9755062,6.164871465985131,0.00031533516202486567
2023-12-27 15:30:00+00:00,475.739990234375,475.7900085449219,475.0799865722656,475.4700012207031,5646966,6.164303791079805,-0.0005676749053264984
2023-12-27 16:30:00+00:00,475.4700012207031,476.07000732421875,475.4100036621094,475.8399963378906,4658326,6.165081655575697,0.0007778644958920111
2023-12-27 17:30:00+00:00,475.8399963378906,476.6600036621094,475.2900085449219,476.2398986816406,6157377,6.165921716098683,0.0008400605229859082
2023-12-27 18:30:00+00:00,476.25,476.489990234375,474.8900146484375,475.80621337890625,8558557,6.165010656587514,-0.0009110595111687658
2023-12-27 19:30:00+00:00,475.79998779296875,475.93499755859375,475.19000244140625,475.6449890136719,9196779,6.164671754568426,-0.00033890201908803874
2023-12-27 20:30:00+00:00,475.6300048828125,476.57000732421875,475.1600036621094,476.510009765625,11988544,6.166488729726974,0.001816975158548395
2023-12-28 14:30:00+00:00,476.8800048828125,477.385009765625,476.79998779296875,477.2687072753906,6620236,6.168079659900264,0.0015909301732897063
2023-12-28 15:30:00+00:00,477.2699890136719,477.5,476.5899963378906,476.85931396484375,5545977,6.167221508108142,-0.0008581517921220083
2023-12-28 16:30:00+00:00,476.8800048828125,477.19000244140625,476.7099914550781,476.9049987792969,3770077,6.167317307067859,9.579895971700836e-05
2023-12-28 17:30:00+00:00,476.8999938964844,477.4100036621094,476.42999267578125,477.0400085449219,8362425,6.167600362727231,0.00028305565937181143
2023-12-28 18:30:00+00:00,477.0382080078125,477.54998779296875,476.9197082519531,477.3500061035156,7117839,6.168249987230291,0.0006496245030600534
2023-12-28 19:30:00+00:00,477.3599853515625,477.5,476.6199951171875,476.8999938964844,10867672,6.167306812505865,-0.0009431747244255106
2023-12-28 20:30:00+00:00,476.8999938964844,477.3450012207031,476.260009765625,476.6700134277344,16366070,6.16682445573826,-0.0004823567676055518
2023-12-29 14:30:00+00:00,476.489990234375,477.0299987792969,476.4100036621094,476.7049865722656,9036073,6.166897822764975,7.336702671523199e-05
2023-12-29 15:30:00+00:00,476.7099914550781,476.760009765625,473.8999938964844,473.95001220703125,18621924,6.161101856654998,-0.005795966109976902
2023-12-29 16:30:00+00:00,473.94000244140625,474.55999755859375,473.29998779296875,473.58990478515625,10997530,6.160341767432888,-0.0007600892221102384
2023-12-29 17:30:00+00:00,473.5799865722656,475.10400390625,473.510009765625,474.5,8044393,6.162261618049983,0.001919850617094987
2023-12-29 18:30:00+00:00,474.489990234375,475.4599914550781,474.4750061035156,475.04998779296875,8856547,6.16342003595645,0.0011584179064669797
2023-12-29 19:30:00+00:00,475.04998779296875,475.8900146484375,475.04998779296875,475.7799987792969,15608948,6.164955559951432,0.0015355239949821353
2023-12-29 20:30:00+00:00,475.7699890136719,475.7799987792969,474.489990234375,475.3500061035156,23612806,6.164051387645085,-0.0009041723063472062
2024-01-02 14:30:00+00:00,472.5400085449219,472.79998779296875,471.3599853515625,471.760009765625,19608168,6.1564704023926575,-0.007580985252427119
2024-01-02 15:30:00+00:00,471.7699890136719,472.45001220703125,471.29998779296875,472.3299865722656,9085308,6.157677865405934,0.0012074630132765662
2024-01-02 16:30:00+00:00,472.32000732421875,473.3599853515625,472.2699890136719,472.9750061035156,9373953,6.1590425458770035,0.0013646804710694127
2024-01-02 17:30:00+00:00,472.9549865722656,473.6700134277344,472.2799987792969,472.6604919433594,7394613,6.158377354749126,-0.0006651911278776623
2024-01-02 18:30:00+00:00,472.6600036621094,472.9596862792969,471.5450134277344,471.8800964355469,9946269,6.156724920338177,-0.0016524344109489775
2024-01-02 19:30:00+00:00,471.8599853515625,472.05999755859375,470.489990234375,470.9100036621094,13662376,6.15466700073189,-0.002057919606286873
2024-01-02 20:30:00+00:00,470.9049987792969,472.6700134277344,470.6700134277344,472.6000061035156,24786273,6.158249377667567,0.0035823769356770896
2024-01-03 14:30:00+00:00,470.5,470.9599914550781,469.2200012207031,469.5,18908272,6.1516682986483175,-0.006581079019249536
2024-01-03 15:30:00+00:00,469.489990234375,469.92999267578125,468.7099914550781,469.7099914550781,14067856,6.152115464799631,0.0004471661513134606
2024-01-03 16:30:00+00:00,469.70001220703125,469.8299865722656,468.9700012207031,469.5799865722656,7616562,6.15183864957391,-0.0002768152257210943
2024-01-03 17:30:00+00:00,469.5799865722656,470.7699890136719,469.4205017089844,470.3299865722656,6375672,6.15343454743777,0.0015958978638597188
2024-01-03 18:30:00+00:00,470.3399963378906,471.19000244140625,468.95001220703125,470.94000244140625,11787244,6.15473070255089,0.001296155113120534
2024-01-03 19:30:00+00:00,470.95001220703125,471.17999267578125,468.9700012207031,469.260009765625,12079010,6.151157006652266,-0.0035736958986243295
2024-01-03 20:30:00+00:00,469.2749938964844,469.7950134277344,468.1700134277344,468.7300109863281,18962548,6.150026933146205,-0.001130073506060647
2024-01-04 14:30:00+00:00,468.29998779296875,470.1499938964844,468.1099853515625,469.7650146484375,12633397,6.152232600844901,0.002205667698695457
2024-01-04 15:30:00+00:00,469.760009765625,470.9599914550781,469.6199951171875,470.6499938964844,5975815,6.154114705024961,0.0018821041800602956
2024-01-04 16:30:00+00:00,470.6600036621094,470.82000732421875,469.260009765625,469.6099853515625,6137719,6.151902531813295,-0.002212173211665558
2024-01-04 17:30:00+00:00,469.6087951660156,469.6199951171875,468.6650085449219,469.3200988769531,4754153,6.151285049236712,-0.0006174825765832281
2024-01-04 18:30:00+00:00,469.3299865722656,469.4700012207031,468.5096130371094,468.57989501953125,7022819,6.1497066207988835,-0.0015784284378286273
2024-01-04 19:30:00+00:00,468.57000732421875,469.0400085449219,468.07000732421875,468.2690124511719,11836431,6.14904294370583,-0.0006636770930539271
2024-01-04 20:30:00+00:00,468.260009765625,468.67950439453125,467.04998779296875,467.2699890136719,19959713,6.146907225546197,-0.002135718159632205
2024-01-05 14:30:00+00:00,467.489990234375,470.4200134277344,467.1300048828125,469.489990234375,19179429,6.151646978366463,0.004739752820265508
2024-01-05 15:30:00+00:00,469.4700012207031,470.44000244140625,469.04998779296875,469.12200927734375,9241724,6.150862882326617,-0.0007840960398457497
2024-01-05 16:30:00+00:00,469.1300048828125,469.3999938964844,467.2349853515625,467.38031005859375,10320504,6.147143294684662,-0.0037195876419549023
2024-01-05 17:30:00+00:00,467.3800048828125,467.8999938964844,466.67999267578125,467.8599853515625,9917632,6.148169074556175,0.0010257798715125332
2024-01-05 18:30:00+00:00,467.85009765625,468.9800109863281,467.8500061035156,468.2099914550781,6499628,6.1489168949723805,0.0007478204162056912
2024-01-05 19:30:00+00:00,468.20001220703125,468.489990234375,466.5,466.92999267578125,10134124,6.146179337814306,-0.002737557158074111
2024-01-05 20:30:00+00:00,466.92999267578125,468.2900085449219,466.42999267578125,467.9599914550781,10991713,6.14838280391946,0.0022034661051533178
2024-01-08 14:30:00+00:00,468.42999267578125,470.0199890136719,468.29998779296875,469.95001220703125,13184327,6.15262633204148,0.004243528122020557
2024-01-08 15:30:00+00:00,469.9599914550781,470.7449951171875,469.9599914550781,470.4100036621094,7714603,6.15360466264679,0.0009783306053101626
2024-01-08 16:30:00+00:00,470.4100036621094,471.25,470.3699951171875,470.7300109863281,7068625,6.154284704578003,0.0006800419312122941
2024-01-08 17:30:00+00:00,470.7550048828125,471.7200012207031,470.67999267578125,471.37969970703125,4977673,6.1556639257373185,0.0013792211593157688
2024-01-08 18:30:00+00:00,471.375,473.0150146484375,471.3599853515625,472.9700012207031,6753249,6.159031964114272,0.0033680383769532085
2024-01-08 19:30:00+00:00,472.9800109863281,474.0,472.9800109863281,473.6600036621094,10714299,6.160489772466103,0.0014578083518310692
2024-01-08 20:30:00+00:00,473.6600036621094,474.75,473.5799865722656,474.55999755859375,16777393,6.1623880538049995,0.0018982813388968012
2024-01-09 14:30:00+00:00,471.8699951171875,472.9501037597656,471.3500061035156,472.5,14245354,6.158037746933798,-0.004350306871201859
2024-01-09 15:30:00+00:00,472.489990234375,473.3399963378906,472.1600036621094,473.2850036621094,8060549,6.159697751774927,0.001660004841129492
2024-01-09 16:30:00+00:00,473.2900085449219,474.375,473.0799865722656,474.2300109863281,5918919,6.161692459242242,0.0019947074673147824
2024-01-09 17:30:00+00:00,474.239990234375,474.92999267578125,473.7550048828125,473.79998779296875,5510511,6.160785265960583,-0.0009071932816588912
2024-01-09 18:30:00+00:00,473.80999755859375,474.6698913574219,473.1499938964844,473.5950012207031,7002378,6.160352528659159,-0.0004327373014243463
2024-01-09 19:30:00+00:00,473.6000061035156,474.25,473.19000244140625,473.7799987792969,6075632,6.160743076353461,0.00039054769430268976
2024-01-09 20:30:00+00:00,473.7650146484375,474.20001220703125,472.92999267578125,473.8500061035156,12758416,6.160890828796895,0.0001477524434339017
2024-01-10 14:30:00+00:00,474.1600036621094,475.3399963378906,473.8699951171875,474.70001220703125,9892395,6.162683051272526,0.0017922224756308225
2024-01-10 15:30:00+00:00,474.70001220703125,475.2749938964844,474.42498779296875,474.7799987792969,6585072,6.1628515362780645,0.00016848500553834356
2024-01-10 16:30:00+00:00,474.7900085449219,475.17999267578125,474.4800109863281,475.1199951171875,4659149,6.163567393430596,0.0007158571525316404
2024-01-10 17:30:00+00:00,475.1300048828125,475.9299011230469,474.8100891113281,475.29998779296875,6341304,6.163946157937171,0.00037876450657492455
2024-01-10 18:30:00+00:00,475.30999755859375,476.8299865722656,475.2301025390625,476.6199951171875,6882808,6.166719517450552,0.0027733595133812017
2024-01-10 19:30:00+00:00,476.6199951171875,477.4480895996094,475.885009765625,476.2200012207031,11225715,6.165879934894157,-0.0008395825563951576
2024-01-10 20:30:00+00:00,476.239990234375,476.8399963378906,475.17999267578125,476.5199890136719,10955168,6.166509671875826,0.0006297369816685716
2024-01-11 14:30:00+00:00,477.5899963378906,478.1199951171875,473.57000732421875,475.0,18710378,6.163314804034641,-0.00319486784118439
2024-01-11 15:30:00+00:00,474.989990234375,475.57000732421875,472.5199890136719,473.04998779296875,10100121,6.159201065345504,-0.004113738689137669
2024-01-11 16:30:00+00:00,473.04998779296875,473.6189880371094,472.260009765625,472.94000244140625,9033453,6.158968535713703,-0.00023252963180020458
2024-01-11 17:30:00+00:00,472.9599914550781,475.0400085449219,472.9599914550781,474.75,8047199,6.162788349692395,0.0038198139786915775
2024-01-11 18:30:00+00:00,474.760009765625,476.2300109863281,474.610107421875,476.1000061035156,8400846,6.1656279290202916,0.0028395793278965797
2024-01-11 19:30:00+00:00,476.1099853515625,476.97900390625,475.4649963378906,475.9100036621094,8034505,6.165228768419079,-0.00039916060121214514
2024-01-11 20:30:00+00:00,475.8999938964844,476.70001220703125,475.5400085449219,476.3299865722656,9279987,6.16611086314666,0.0008820947275802737
2024-01-12 14:30:00+00:00,477.8399963378906,478.6000061035156,475.8999938964844,476.5299987792969,14830436,6.166530677627367,0.0004198144807077142
2024-01-12 15:30:00+00:00,476.5199890136719,476.91009521484375,475.2300109863281,476.5794982910156,8085545,6.166634547144806,0.00010386951743868167
2024-01-12 16:30:00+00:00,476.5799865722656,476.82000732421875,475.364990234375,475.9200134277344,5283510,6.165249801093918,-0.0013847460508884524
2024-01-12 17:30:00+00:00,475.94000244140625,476.760009765625,475.6099853515625,476.6299133300781,4370521,6.166740326711174,0.0014905256172559334
2024-01-12 18:30:00+00:00,476.6400146484375,477.3399963378906,476.4901123046875,476.9100036621094,5334534,6.1673278015197175,0.0005874748085439307
2024-01-12 19:30:00+00:00,476.909912109375,476.92999267578125,475.760009765625,476.18951416015625,6290298,6.165815913987047,-0.0015118875326702863
2024-01-12 20:30:00+00:00,476.2992858886719,476.8999938964844,476.0799865722656,476.6600036621094,8577369,6.166803456156907,0.0009875421698595233
2024-01-16 14:30:00+00:00,475.5,476.260009765625,473.4700012207031,475.9200134277344,14851461,6.165249801093918,-0.001553655062989101
2024-01-16 15:30:00+00:00,475.9200134277344,476.60980224609375,474.6099853515625,475.88031005859375,12233560,6.165166373155969,-8.342793794824388e-05
2024-01-16 16:30:00+00:00,475.8999938964844,476.44000244140625,474.3399963378906,474.4100036621094,8339328,6.162071934438654,-0.0030944387173157395
2024-01-16 17:30:00+00:00,474.2699890136719,475.2099914550781,473.8299865722656,475.0050048828125,8238986,6.163325340574526,0.001253406135872659
2024-01-16 18:30:00+00:00,475.010009765625,475.20001220703125,473.1098937988281,473.590087890625,9348411,6.160342154065778,-0.0029831865087484033
2024-01-16 19:30:00+00:00,473.5950012207031,474.5199890136719,473.3599853515625,474.0398864746094,9610816,6.161291466835386,0.0009493127696078574
2024-01-16 20:30:00+00:00,474.04998779296875,475.05999755859375,473.7749938964844,474.94000244140625,12331474,6.163188485407108,0.0018970185717224197
2024-01-17 14:30:00+00:00,471.7300109863281,472.260009765625,471.04998779296875,471.8399963378906,16757682,6.156639937305629,-0.006548548101479312
2024-01-17 15:30:00+00:00,471.82000732421875,472.7799987792969,471.5,472.5,7602095,6.158037746933798,0.0013978096281688224
2024-01-17 16:30:00+00:00,472.4649963378906,472.7900085449219,471.4097900390625,471.5199890136719,5870969,6.155961495689571,-0.0020762512442269454
2024-01-17 17:30:00+00:00,471.5299987792969,472.0400085449219,470.45001220703125,470.69000244140625,6321864,6.154199708413962,-0.001761787275608384
2024-01-17 18:30:00+00:00,470.69000244140625,471.3999938964844,469.8699951171875,471.2149963378906,8235811,6.155314457675366,0.001114749261403425
2024-01-17 19:30:00+00:00,471.2200012207031,471.7650146484375,470.6700134277344,470.87890625,6930241,6.154600961703838,-0.0007134959715280331
2024-01-17 20:30:00+00:00,470.8800048828125,472.6099853515625,470.8299865722656,472.2799987792969,9859171,6.157572027454207,0.002971065750369206
2024-01-18 14:30:00+00:00,474.010009765625,474.4700012207031,473.3900146484375,474.1600036621094,13961495,6.161544825202945,0.003972797748738266
2024-01-18 15:30:00+00:00,474.19500732421875,474.8800048828125,473.6600036621094,474.6866149902344,10106478,6.162654828383317,0.0011100031803721322
2024-01-18 16:30:00+00:00,474.69000244140625,475.0299987792969,473.0400085449219,473.5899963378906,9910600,6.160341960749351,-0.00231286763396632
2024-01-18 17:30:00+00:00,473.3800048828125,473.6600036621094,472.4200134277344,472.7300109863281,8595409,6.15852442422545,-0.00181753652390082
2024-01-18 18:30:00+00:00,472.9100036621094,475.6600036621094,472.70001220703125,475.6199951171875,10369612,6.164619205810914,0.006094781585463949
2024-01-18 19:30:00+00:00,475.6199951171875,476.4100036621094,474.94000244140625,476.4100036621094,12426222,6.1662788357117915,0.001659629900877313
2024-01-18 20:30:00+00:00,476.4100036621094,477.05999755859375,475.8999938964844,476.4700012207031,13885851,6.166404764597623,0.0001259288858319607
2024-01-19 14:30:00+00:00,477.6499938964844,478.3840026855469,476.94000244140625,477.95001220703125,16562092,6.169506150050165,0.003101385452541905
2024-01-19 15:30:00+00:00,477.94000244140625,479.2799987792969,477.3399963378906,478.8500061035156,17724693,6.171387408713824,0.0018812586636585138
2024-01-19 16:30:00+00:00,478.8450012207031,479.510009765625,478.20001220703125,479.3500061035156,7718928,6.172431032255906,0.001043623542082095
2024-01-19 17:30:00+00:00,479.3301086425781,481.0,479.2799987792969,480.9599914550781,11896576,6.175784088798221,0.0033530565423154357
2024-01-19 18:30:00+00:00,480.9501037597656,482.54998779296875,480.94000244140625,481.9700012207031,13806991,6.177881873982406,0.002097785184184353
2024-01-19 19:30:00+00:00,481.9700012207031,482.54998779296875,481.3299865722656,482.1400146484375,11234076,6.178234558689956,0.0003526847075505657
2024-01-19 20:30:00+00:00,482.1000061035156,482.4800109863281,481.8349914550781,482.4100036621094,15287880,6.178794382474307,0.0005598237843509324
2024-01-22 14:30:00+00:00,484.0703125,485.2200012207031,483.989990234375,484.3699951171875,16458521,6.182849067392938,0.004054684918631146
2024-01-22 15:30:00+00:00,484.3800048828125,484.3999938964844,482.9599914550781,484.07000732421875,11825062,6.182229539488665,-0.0006195279042735535
2024-01-22 16:30:00+00:00,484.05999755859375,484.2099914550781,483.19000244140625,483.9200134277344,7159263,6.1819196315464975,-0.0003099079421673423
2024-01-22 17:30:00+00:00,483.92120361328125,484.0400085449219,482.7799987792969,482.8900146484375,6461403,6.17978891477885,-0.0021307167676472005
2024-01-22 18:30:00+00:00,482.8999938964844,484.010009765625,482.8599853515625,483.6099853515625,8367908,6.1812787664835565,0.0014898517047061688
2024-01-22 19:30:00+00:00,483.6199951171875,484.20001220703125,483.2699890136719,484.10009765625,7542148,6.182291698673061,0.0010129321895044896
2024-01-22 20:30:00+00:00,484.1050109863281,484.19000244140625,483.3699951171875,483.51019287109375,10077668,6.181072396100495,-0.0012193025725659723
2024-01-23 14:30:00+00:00,484.010009765625,484.3736877441406,483.44000244140625,483.8399963378906,8320064,6.18175426598227,0.0006818698817747659
2024-01-23 15:30:00+00:00,483.8494873046875,483.8599853515625,482.9200134277344,483.05999755859375,6687709,6.180140864485901,-0.0016134014963684606
2024-01-23 16:30:00+00:00,483.05999755859375,483.5474853515625,482.8900146484375,483.2300109863281,5102611,6.1804927535212535,0.0003518890353522153
2024-01-23 17:30:00+00:00,483.2200012207031,483.989990234375,483.0799865722656,483.7508850097656,3853969,6.18157007381987,0.0010773202986165131
2024-01-23 18:30:00+00:00,483.760009765625,484.05999755859375,483.5613098144531,483.80999755859375,3381282,6.181692262614325,0.00012218879445491382
2024-01-23 19:30:00+00:00,483.7449951171875,484.94000244140625,483.6400146484375,484.6499938964844,7240050,6.1834269683449605,0.0017347057306356106
2024-01-23 20:30:00+00:00,484.6499938964844,485.1050109863281,484.3299865722656,484.8800048828125,9108458,6.1839014477131755,0.00047447936821498615
2024-01-24 14:30:00+00:00,487.44000244140625,487.67999267578125,486.409912109375,487.510009765625,12334721,6.18931082307967,0.005409375366494551
2024-01-24 15:30:00+00:00,487.5199890136719,488.6099853515625,487.3699951171875,487.9700012207031,9777216,6.190253931055215,0.0009431079755453098
2024-01-24 16:30:00+00:00,487.9700012207031,488.5050048828125,487.67999267578125,488.3299865722656,5485585,6.19099137932394,0.00073744826872435
2024-01-24 17:30:00+00:00,488.3399963378906,488.7699890136719,487.44000244140625,488.0299987792969,8312049,6.19037687687216,-0.0006145024517794084
2024-01-24 18:30:00+00:00,488.0299987792969,488.04998779296875,485.9695129394531,486.2099914550781,9482801,6.186640611763588,-0.0037362651085723897
2024-01-24 19:30:00+00:00,486.2200012207031,487.07000732421875,485.3999938964844,485.5199890136719,10283668,6.185220458899638,-0.0014201528639503636
2024-01-24 20:30:00+00:00,485.510009765625,486.3999938964844,485.010009765625,485.3599853515625,16348134,6.18489085345348,-0.000329605446157899
2024-01-25 14:30:00+00:00,487.0,488.30499267578125,486.7699890136719,488.0799865722656,12036504,6.1904792993322575,0.005588445878777826
2024-01-25 15:30:00+00:00,488.0899963378906,488.17010498046875,486.82000732421875,487.7799987792969,8453991,6.189864482028707,-0.0006148173035507298
2024-01-25 16:30:00+00:00,487.7900085449219,488.1099853515625,486.4100036621094,486.6300048828125,8032921,6.187504090764065,-0.0023603912646414926
2024-01-25 17:30:00+00:00,486.6499938964844,487.30999755859375,486.0799865722656,486.27398681640625,8441048,6.18677222392965,-0.0007318668344149515
2024-01-25 18:30:00+00:00,486.25,486.8399963378906,485.489990234375,486.17498779296875,8899962,6.1865686162826385,-0.00020360764701177203
2024-01-25 19:30:00+00:00,486.17999267578125,486.8999938964844,485.7900085449219,486.54998779296875,6458066,6.187339646179042,0.0007710298964038742
2024-01-25 20:30:00+00:00,486.54998779296875,488.0400085449219,486.42498779296875,488.0,11326615,6.1903154058531475,0.0029757596741051273
2024-01-26 14:30:00+00:00,487.5899963378906,488.3500061035156,487.0398864746094,488.1400146484375,9639696,6.190602279964026,0.00028687411087879866
2024-01-26 15:30:00+00:00,488.1400146484375,489.1199951171875,488.0589904785156,488.67999267578125,8776613,6.191707863548099,0.0011055835840725337
2024-01-26 16:30:00+00:00,488.6700134277344,488.8800048828125,488.1000061035156,488.3500061035156,6472931,6.191032374391726,-0.0006754891563724996
2024-01-26 17:30:00+00:00,488.3500061035156,488.3599853515625,486.7099914550781,487.4200134277344,11083104,6.189126201956091,-0.0019061724356355114
2024-01-26 18:30:00+00:00,487.4100036621094,487.5299987792969,486.5400085449219,487.20001220703125,5847912,6.18867474145117,-0.0004514605049212861
2024-01-26 19:30:00+00:00,487.2099914550781,488.1499938964844,486.94500732421875,487.4700012207031,7689621,6.189228752586955,0.0005540111357857924
2024-01-26 20:30:00+00:00,487.4750061035156,487.67999267578125,487.0249938964844,487.4599914550781,10248962,6.189208218259977,-2.0534326978349782e-05
2024-01-29 14:30:00+00:00,487.7300109863281,488.2699890136719,487.3999938964844,487.6700134277344,9338325,6.189638975133116,0.00043075687313898214
2024-01-29 15:30:00+00:00,487.67999267578125,487.9198913574219,487.1700134277344,487.739990234375,5475949,6.189782456964341,0.00014348183122514513
2024-01-29 16:30:00+00:00,487.739990234375,488.4800109863281,487.7300109863281,488.239990234375,4274476,6.19080706823455,0.0010246112702088084
2024-01-29 17:30:00+00:00,488.239990234375,488.5899963378906,487.8399963378906,488.4299011230469,4748834,6.191195962973183,0.0003888947386334607
2024-01-29 18:30:00+00:00,488.3999938964844,488.9100036621094,488.1311950683594,488.7950134277344,4208077,6.191943206143594,0.0007472431704105276
2024-01-29 19:30:00+00:00,488.739990234375,491.4150085449219,488.7099914550781,490.92999267578125,9730797,6.19630153652048,0.004358330376885711
2024-01-29 20:30:00+00:00,490.94000244140625,491.364990234375,490.3800048828125,491.260009765625,12491901,6.196973539089113,0.0006720025686330899
2024-01-30 14:30:00+00:00,490.55999755859375,491.3595886230469,490.3399963378906,490.7497863769531,10643224,6.195934397857348,-0.0010391412317645177
2024-01-30 15:30:00+00:00,490.760009765625,491.1300048828125,490.3399963378906,491.05999755859375,5690269,6.19656631494972,0.0006319170923720918
2024-01-30 16:30:00+00:00,491.07000732421875,491.4800109863281,490.5299987792969,490.55999755859375,6339647,6.195547590706675,-0.001018724243045277
2024-01-30 17:30:00+00:00,490.55999755859375,490.95001220703125,490.1300048828125,490.91400146484375,6028295,6.196268962687907,0.0007213719812320107
2024-01-30 18:30:00+00:00,490.9200134277344,491.260009765625,490.4599914550781,491.2300109863281,5378829,6.19691247225144,0.0006435095635328736
2024-01-30 19:30:00+00:00,491.2300109863281,491.6199951171875,490.95001220703125,491.3699951171875,6014527,6.197197398225258,0.0002849259738182397
2024-01-30 20:30:00+00:00,491.375,491.44000244140625,490.7200012207031,490.8599853515625,8971575,6.196158924911267,-0.001038473313990984
2024-01-31 14:30:00+00:00,488.6199951171875,489.081298828125,487.17999267578125,487.29998779296875,13969803,6.188879924799119,-0.007279000112148104
2024-01-31 15:30:00+00:00,487.30999755859375,487.4800109863281,486.3900146484375,487.0299987792969,8804278,6.188325720321574,-0.0005542044775452837
2024-01-31 16:30:00+00:00,487.0400085449219,487.4100036621094,486.3399963378906,487.3382873535156,5113018,6.188958517158035,0.0006327968364612246
2024-01-31 17:30:00+00:00,487.3399963378906,487.67498779296875,486.55999755859375,487.20001220703125,4751740,6.18867474145117,-0.0002837757068654412
2024-01-31 18:30:00+00:00,487.2099914550781,487.8299865722656,485.6300048828125,486.1400146484375,11937938,6.186496678393254,-0.002178063057916013
2024-01-31 19:30:00+00:00,486.1499938964844,489.0,483.67999267578125,484.68499755859375,27552484,6.183499190357852,-0.0029974880354020073
2024-01-31 20:30:00+00:00,484.30999755859375,484.44000244140625,482.8999938964844,482.9200134277344,32003123,6.179851036269484,-0.0036481540883679386
2024-02-01 14:30:00+00:00,485.25,486.2049865722656,484.260009765625,486.17999267578125,18326790,6.186578910635859,0.0067278743663754526
2024-02-01 15:30:00+00:00,486.17999267578125,486.2099914550781,483.79998779296875,484.57000732421875,11480732,6.1832619148538095,-0.003316995782049581
2024-02-01 16:30:00+00:00,484.54998779296875,487.2699890136719,484.54998779296875,486.4798889160156,12208437,6.1871955624694825,0.003933647615673053
2024-02-01 17:30:00+00:00,486.4599914550781,488.239990234375,486.2099914550781,487.0199890136719,9391837,6.18830516744287,0.0011096049733874125
2024-02-01 18:30:00+00:00,487.0400085449219,487.95001220703125,486.3800048828125,487.44000244140625,7525291,6.1891672109488685,0.0008620435059984999
2024-02-01 19:30:00+00:00,487.44000244140625,488.989990234375,487.0799865722656,488.69000244140625,10013526,6.191728346611167,0.0025611356622983195
2024-02-01 20:30:00+00:00,488.7900085449219,489.2300109863281,488.1000061035156,489.2300109863281,11082201,6.192832749000717,0.0011044023895498967
2024-02-02 14:30:00+00:00,489.6499938964844,491.3349914550781,489.29998779296875,490.8500061035156,17707055,6.196138594573115,0.003305845572397992
2024-02-02 15:30:00+00:00,490.8599853515625,493.07000732421875,490.3399963378906,492.9200134277344,11652647,6.200346916311126,0.004208321738011556
2024-02-02 16:30:00+00:00,492.9200134277344,494.45001220703125,492.9200134277344,494.3699951171875,10576580,6.20328421481391,0.0029372985027835696
2024-02-02 17:30:00+00:00,494.3800048828125,494.6600036621094,492.25,493.75,12240053,6.202029316215332,-0.0012548985985780803
2024-02-02 18:30:00+00:00,493.75,495.3900146484375,493.3139953613281,494.95001220703125,8473629,6.204456772028976,0.0024274558136445634
2024-02-02 19:30:00+00:00,494.989990234375,496.04998779296875,494.8999938964844,495.8949890136719,10707573,6.206364188611753,0.0019074165827763778
2024-02-02 20:30:00+00:00,495.9049987792969,495.9100036621094,494.260009765625,494.2699890136719,14846954,6.2030819043561864,-0.0032822842555662035
2024-02-05 14:30:00+00:00,493.25,493.5249938964844,490.7900085449219,491.3901062011719,16653938,6.19723832598364,-0.005843578372546787
2024-02-05 15:30:00+00:00,491.3999938964844,491.8299865722656,490.2300109863281,491.32501220703125,10464230,6.197105848131175,-0.0001324778524649517
2024-02-05 16:30:00+00:00,491.3299865722656,492.75,491.3299865722656,492.7349853515625,7223999,6.199971474440341,0.0028656263091662026
2024-02-05 17:30:00+00:00,492.75,493.5,492.5799865722656,492.6000061035156,6154064,6.199697498076847,-0.00027397636349402177
2024-02-05 18:30:00+00:00,492.6099853515625,493.54998779296875,492.5799865722656,493.4800109863281,6499506,6.201482353466229,0.0017848553893822228
2024-02-05 19:30:00+00:00,493.4700012207031,494.1700134277344,492.5899963378906,493.6700134277344,8274809,6.2018673049711746,0.00038495150494544106
2024-02-05 20:30:00+00:00,493.6600036621094,493.95001220703125,492.5199890136719,492.5799865722656,11786382,6.199656856708971,-0.0022104482622031796
2024-02-06 14:30:00+00:00,493.5199890136719,494.32000732421875,492.04998779296875,492.5,12794233,6.199494460612144,-0.00016239609682777711
2024-02-06 15:30:00+00:00,492.6099853515625,493.42999267578125,492.42999267578125,493.2900085449219,7057615,6.201097253716553,0.0016027931044098054
2024-02-06 16:30:00+00:00,493.30999755859375,493.4100036621094,492.1000061035156,492.8799133300781,6118304,6.200265560862439,-0.0008316928541143298
2024-02-06 17:30:00+00:00,492.8399963378906,493.0799865722656,492.4100036621094,492.9200134277344,4516756,6.200346916311126,8.135544868714817e-05
2024-02-06 18:30:00+00:00,492.9549865722656,493.57000732421875,492.1099853515625,492.4999084472656,6710357,6.1994942747182495,-0.0008526415928766795
2024-02-06 19:30:00+00:00,492.5199890136719,493.5400085449219,492.239990234375,493.1600036621094,7198811,6.200833672426156,0.0013393977079063646
2024-02-06 20:30:00+00:00,493.1600036621094,494.0400085449219,492.635009765625,493.9700012207031,6656815,6.202474789070127,0.0016411166439711522
2024-02-07 14:30:00+00:00,496.2900085449219,497.9750061035156,495.3599853515625,497.95001220703125,13521714,6.210499694892221,0.008024905822093586
2024-02-07 15:30:00+00:00,497.8399963378906,497.92999267578125,496.8299865722656,497.135009765625,11184927,6.208861638634421,-0.0016380562578000024
2024-02-07 16:30:00+00:00,497.1400146484375,497.8599853515625,496.8699951171875,497.3086853027344,5736994,6.209210930484198,0.0003492918497771669
2024-02-07 17:30:00+00:00,497.32000732421875,498.2049865722656,496.7900085449219,498.20001220703125,8173195,6.211001627330351,0.0017906968461529615
2024-02-07 18:30:00+00:00,498.2099914550781,498.42999267578125,497.6600036621094,497.95001220703125,5867816,6.210499694892221,-0.000501932438130126
2024-02-07 19:30:00+00:00,497.9599914550781,498.5299987792969,497.7900085449219,498.1499938964844,7089382,6.2109012242385,0.0004015293462797942
2024-02-07 20:30:00+00:00,498.1499938964844,498.2699890136719,497.6099853515625,498.04998779296875,10962155,6.210700449081524,-0.00020077515697636272
2024-02-08 14:30:00+00:00,498.1000061035156,498.3500061035156,497.6300048828125,497.8500061035156,6808710,6.210298839093841,-0.00040160998768268286
2024-02-08 15:30:00+00:00,497.8349914550781,498.2099914550781,497.30999755859375,497.3500061035156,6561652,6.209294015870496,-0.0010048232233454968
2024-02-08 16:30:00+00:00,497.3500061035156,498.1400146484375,497.260009765625,498.0350036621094,4617128,6.210670363032665,0.001376347162168834
2024-02-08 17:30:00+00:00,498.0350036621094,498.2799987792969,497.4200134277344,498.0450134277344,4898759,6.210690461348972,2.0098316307226582e-05
2024-02-08 18:30:00+00:00,498.0400085449219,498.3399963378906,497.7799987792969,497.8310852050781,5309008,6.210260833152772,-0.0004296281961995163
2024-02-08 19:30:00+00:00,497.8299865722656,498.5849914550781,497.5801086425781,498.4150085449219,6723599,6.211433080472736,0.0011722473199631267
2024-02-08 20:30:00+00:00,498.4200134277344,498.7099914550781,497.8599853515625,498.3999938964844,10229086,6.211402955227024,-3.0125245711332127e-05
2024-02-09 14:30:00+00:00,498.8399963378906,499.7900085449219,498.489990234375,499.6488037109375,10295322,6.213905459050829,0.0025025038238046804
2024-02-09 15:30:00+00:00,499.6600036621094,500.2099914550781,499.5199890136719,499.75,7341292,6.21410797338051,0.00020251432968088068
2024-02-09 16:30:00+00:00,499.760009765625,500.1300048828125,499.3699951171875,500.1300048828125,5787511,6.214868074391136,0.0007601010106261796
2024-02-09 17:30:00+00:00,500.1300048828125,500.8299865722656,499.8299865722656,500.7349853515625,7115768,6.216076989775995,0.0012089153848586776
2024-02-09 18:30:00+00:00,500.75,501.1499938964844,500.4800109863281,501.05999755859375,6517049,6.21672584952071,0.0006488597447154021
2024-02-09 19:30:00+00:00,501.07000732421875,501.6499938964844,500.79998779296875,501.1000061035156,6971739,6.216805694145914,7.984462520393976e-05
2024-02-09 20:30:00+00:00,501.1000061035156,501.3399963378906,500.69000244140625,501.17999267578125,10170526,6.216965303381921,0.0001596092360074408
2024-02-12 14:30:00+00:00,501.1700134277344,501.4700012207031,501.0199890136719,501.32501220703125,5967835,6.2172546177126335,0.0002893143307121093
2024-02-12 15:30:00+00:00,501.3349914550781,502.95001220703125,501.30999755859375,502.8902893066406,5840622,6.220372033599246,0.00311741588661274
2024-02-12 16:30:00+00:00,502.9649963378906,503.5,502.69000244140625,502.9200134277344,5453087,6.220431138424524,5.9104825277600526e-05
2024-02-12 17:30:00+00:00,502.9200134277344,503.44000244140625,502.510009765625,502.55999755859375,3992997,6.219715030932397,-0.0007161074921269162
2024-02-12 18:30:00+00:00,502.57000732421875,502.6099853515625,500.239990234375,501.07000732421875,8360668,6.216745826500896,-0.002969204431501282
2024-02-12 19:30:00+00:00,501.0799865722656,501.29998779296875,500.4200134277344,500.9100036621094,5439142,6.216426451539888,-0.00031937496100731266
2024-02-12 20:30:00+00:00,500.9150085449219,501.239990234375,500.54998779296875,500.95001220703125,10825760,6.2165063200730355,7.98685331471205e-05
2024-02-13 14:30:00+00:00,494.25,495.19000244140625,493.2200012207031,494.8900146484375,22799590,6.2043355452508315,-0.012170774822203967
2024-02-13 15:30:00+00:00,494.8949890136719,495.739990234375,494.5194091796875,495.5700988769531,11075791,6.205708814756807,0.001373269505975827
2024-02-13 16:30:00+00:00,495.57000732421875,495.8500061035156,494.3999938964844,494.5199890136719,7929838,6.203587572922581,-0.0021212418342262396
2024-02-13 17:30:00+00:00,494.5199890136719,495.30999755859375,494.0199890136719,494.2301025390625,5925433,6.203001203352773,-0.000586369569807843
2024-02-13 18:30:00+00:00,494.2300109863281,494.29998779296875,491.7900085449219,492.1099853515625,11686692,6.198702238971823,-0.004298964380950565
2024-02-13 19:30:00+00:00,492.1000061035156,492.94769287109375,490.7149963378906,491.3301086425781,15501412,6.197116220916985,-0.0015860180548372682
2024-02-13 20:30:00+00:00,491.29998779296875,494.2099914550781,491.2099914550781,494.1400146484375,24308831,6.202818907491521,0.005702686574535321
2024-02-14 14:30:00+00:00,496.7900085449219,497.989990234375,495.7799987792969,497.7099914550781,13256860,6.210017560919338,0.0071986534278174474
2024-02-14 15:30:00+00:00,497.7200012207031,497.9100036621094,495.1499938964844,496.2300109863281,8532901,6.207039551061828,-0.0029780098575100666
2024-02-14 16:30:00+00:00,496.239990234375,496.3299865722656,494.3999938964844,496.0,7132397,6.206575926724928,-0.00046362433690028126
2024-02-14 17:30:00+00:00,496.0299987792969,496.57000732421875,495.4200134277344,495.95001220703125,5266140,6.206475139805434,-0.00010078691949377827
2024-02-14 18:30:00+00:00,495.95001220703125,497.1400146484375,495.2200012207031,496.69000244140625,7655548,6.207966093949,0.0014909541435654816
2024-02-14 19:30:00+00:00,496.70001220703125,498.2099914550781,496.43499755859375,497.9945068359375,10276858,6.210589046513892,0.0026229525648924223
2024-02-14 20:30:00+00:00,497.9906005859375,499.07000732421875,497.4700927734375,498.625,11192699,6.21185431022557,0.0012652637116783438
2024-02-15 14:30:00+00:00,499.2900085449219,500.57000732421875,499.2699890136719,499.69000244140625,9429420,6.213987911028553,0.002133600802983082
2024-02-15 15:30:00+00:00,499.70001220703125,499.989990234375,498.7950134277344,499.4800109863281,6533418,6.213567579242476,-0.00042033178607780997
2024-02-15 16:30:00+00:00,499.4800109863281,500.45001220703125,499.3500061035156,500.4399108886719,6569765,6.215487533383225,0.0019199541407495246
2024-02-15 17:30:00+00:00,500.45001220703125,501.489990234375,499.95001220703125,501.4599914550781,6709078,6.217523826463002,0.0020362930797768186
2024-02-15 18:30:00+00:00,501.4700012207031,501.7799987792969,500.9049987792969,501.510009765625,6870913,6.217623566855092,9.9740392090375e-05
2024-02-15 19:30:00+00:00,501.5050048828125,502.20001220703125,501.20001220703125,501.6300048828125,6877057,6.21786280587658,0.00023923902148759169
2024-02-15 20:30:00+00:00,501.6300048828125,502.04998779296875,501.1499938964844,501.95001220703125,11712283,6.218500537456753,0.0006377315801726624
2024-02-16 14:30:00+00:00,501.5400085449219,501.57000732421875,498.75,500.239990234375,11577487,6.2150879637371625,-0.0034125737195900285
2024-02-16 15:30:00+00:00,500.25,502.0450134277344,499.80999755859375,501.8900146484375,7530677,6.218381001361239,0.0032930376240765113
2024-02-16 16:30:00+00:00,501.8800048828125,502.4599914550781,501.6300048828125,502.2200012207031,15087744,6.219038273132122,0.0006572717708825948
2024-02-16 17:30:00+00:00,502.2149963378906,502.29998779296875,500.739990234375,501.6600036621094,6347265,6.217922606690005,-0.0011156664421170248
2024-02-16 18:30:00+00:00,501.6700134277344,502.8699951171875,501.6449890136719,502.61041259765625,6204584,6.219815342359385,0.0018927356693803077
2024-02-16 19:30:00+00:00,502.6199035644531,502.69000244140625,499.95001220703125,500.5625915527344,10254780,6.2157326489835905,-0.004082693375794477
2024-02-16 20:30:00+00:00,500.5799865722656,500.6600036621094,498.9800109863281,499.489990234375,8785873,6.213587558316992,-0.0021450906665982927
2024-02-20 14:30:00+00:00,497.8599853515625,498.4100036621094,495.8599853515625,496.21990966796875,12622621,6.2070191947332125,-0.006568363583779657
2024-02-20 15:30:00+00:00,496.2099914550781,497.17718505859375,495.7449951171875,496.9200134277344,7498954,6.2084290743674,0.001409879634187483
2024-02-20 16:30:00+00:00,496.92999267578125,496.9800109863281,494.7699890136719,495.05999755859375,8054498,6.204678962412771,-0.003750111954628821
2024-02-20 17:30:00+00:00,495.05999755859375,495.9800109863281,494.45001220703125,495.20001220703125,6442098,6.2049617460210955,0.000282783608324344
2024-02-20 18:30:00+00:00,495.20001220703125,496.05999755859375,494.75,496.010009765625,6604001,6.206596107500377,0.00163436147928131
2024-02-20 19:30:00+00:00,496.010009765625,496.8800048828125,495.69000244140625,496.7099914550781,7487467,6.20800633758459,0.0014102300842129267
2024-02-20 20:30:00+00:00,496.7200012207031,496.8349914550781,495.1000061035156,496.7349853515625,15455409,6.208056655210775,5.031762618568081e-05
2024-02-21 14:30:00+00:00,495.5799865722656,496.05999755859375,494.9100036621094,495.3800048828125,7883452,6.205325154679976,-0.0027315005307997353
2024-02-21 15:30:00+00:00,495.1499938964844,496.30499267578125,495.04998779296875,495.7998962402344,5032578,6.206172410323607,0.0008472556436309731
2024-02-21 16:30:00+00:00,495.80999755859375,496.1400146484375,494.8900146484375,495.0799865722656,4451935,6.204719338549468,-0.001453071774138337
2024-02-21 17:30:00+00:00,495.0899963378906,495.75,494.4100036621094,495.2900085449219,4700147,6.205143466858767,0.0004241283092989434
2024-02-21 18:30:00+00:00,495.2950134277344,496.0899963378906,494.239990234375,494.67999267578125,5522563,6.203911074067883,-0.0012323927908841625
2024-02-21 19:30:00+00:00,494.70001220703125,494.7799987792969,493.55999755859375,494.42999267578125,8942819,6.203405569100739,-0.000505504967144077
2024-02-21 20:30:00+00:00,494.42999267578125,497.3699951171875,494.4100036621094,497.19000244140625,13856400,6.208972251713972,0.005566682613232565
2024-02-22 14:30:00+00:00,503.42999267578125,505.42498779296875,503.0199890136719,505.3399963378906,18259074,6.2252314628125,0.01625921109852868
2024-02-22 15:30:00+00:00,505.385009765625,505.69989013671875,504.510009765625,505.3900146484375,7724310,6.22533043743489,9.89746223893917e-05
2024-02-22 16:30:00+00:00,505.5899963378906,506.0299987792969,504.9100036621094,505.95001220703125,6720190,6.226437874302721,0.001107436867830991
2024-02-22 17:30:00+00:00,506.06500244140625,506.8599853515625,505.6099853515625,506.81500244140625,6193141,6.228146050300491,0.0017081759977699562
2024-02-22 18:30:00+00:00,506.82000732421875,508.4800109863281,506.739990234375,508.4200134277344,8294458,6.231307904055317,0.0031618537548263603
2024-02-22 19:30:00+00:00,508.42999267578125,508.489990234375,506.8900146484375,507.7301025390625,10360101,6.229950012177257,-0.0013578918780599025
2024-02-22 20:30:00+00:00,507.7300109863281,508.31500244140625,507.3299865722656,507.5299987792969,13006623,6.229555820064128,-0.00039419211312896607
2024-02-23 14:30:00+00:00,509.2699890136719,510.1300048828125,509.1099853515625,509.2300109863281,9347190,6.232899802468751,0.0033439824046226363
2024-02-23 15:30:00+00:00,509.1600036621094,509.659912109375,507.1000061035156,508.17999267578125,10304466,6.230835701114196,-0.002064101354554815
2024-02-23 16:30:00+00:00,508.19000244140625,508.9949951171875,507.75,508.2593078613281,5722623,6.230991765889861,0.00015606477566532106
2024-02-23 17:30:00+00:00,508.260009765625,508.989990234375,507.7900085449219,508.9200134277344,3830007,6.232290859659264,0.001299093769402404
2024-02-23 18:30:00+00:00,508.92999267578125,509.05999755859375,507.6300048828125,507.7786865234375,5305637,6.230045696202714,-0.0022451634565499035
2024-02-23 19:30:00+00:00,507.83990478515625,508.55999755859375,507.7850036621094,507.9200134277344,6107455,6.2303239812989055,0.000278285096191766
2024-02-23 20:30:00+00:00,507.8450012207031,508.760009765625,507.7099914550781,507.82000732421875,12131854,6.230127068502726,-0.0001969127961798378
2024-02-26 14:30:00+00:00,508.3699951171875,508.75,507.7300109863281,507.95001220703125,6987499,6.2303830415695085,0.00025597306678282195
2024-02-26 15:30:00+00:00,507.9599914550781,508.29998779296875,507.0150146484375,507.389892578125,5381715,6.2292797269394296,-0.0011033146300789554
2024-02-26 16:30:00+00:00,507.3900146484375,507.8900146484375,507.2301025390625,507.7900085449219,4015510,6.230067993111903,0.0007882661724734064
2024-02-26 17:30:00+00:00,507.7900085449219,507.8999938964844,506.45001220703125,506.6199951171875,4511036,6.227761206029086,-0.0023067870828166193
2024-02-26 18:30:00+00:00,506.6499938964844,507.2900085449219,506.0199890136719,507.1650085449219,6438284,6.228836411281229,0.0010752052521425526
2024-02-26 19:30:00+00:00,507.1600036621094,507.3999938964844,506.6700134277344,506.8800048828125,6639828,6.2282742988190805,-0.0005621124621484341
2024-02-26 20:30:00+00:00,506.8800048828125,506.9700012207031,505.8599853515625,505.989990234375,10344520,6.226516886946293,-0.001757411872787884
2024-02-27 14:30:00+00:00,506.5400085449219,506.6050109863281,505.5299987792969,506.239990234375,7388146,6.22701084584873,0.0004939589024370861
2024-02-27 15:30:00+00:00,506.2449951171875,506.33990478515625,505.5899963378906,505.67999267578125,4387200,6.225904043680143,-0.001106802168586718
2024-02-27 16:30:00+00:00,505.68499755859375,506.0,505.3312072753906,505.52789306640625,3704382,6.225603216100242,-0.00030082757990079756
2024-02-27 17:30:00+00:00,505.5299987792969,505.7699890136719,504.75,505.2200012207031,5414772,6.22499398039079,-0.0006092357094518164
2024-02-27 18:30:00+00:00,505.2300109863281,506.468994140625,505.1099853515625,506.30999755859375,4713552,6.227149125094543,0.002155144703753109
2024-02-27 19:30:00+00:00,506.4800109863281,506.8699951171875,506.0899963378906,506.760009765625,5719742,6.228037538004562,0.0008884129100188431
2024-02-27 20:30:00+00:00,506.7550048828125,507.1600036621094,506.4200134277344,506.8999938964844,10323213,6.228313733437436,0.000276195432873827
2024-02-28 14:30:00+00:00,505.3299865722656,505.989990234375,504.9599914550781,505.6698913574219,8108329,6.225884067767713,-0.0024296656697231356
2024-02-28 15:30:00+00:00,505.6700134277344,506.8550109863281,505.6099853515625,506.510009765625,5700626,6.2275440861106865,0.0016600183429735793
2024-02-28 16:30:00+00:00,506.510009765625,506.79998779296875,505.8800048828125,506.0299987792969,4255637,6.226595953655205,-0.0009481324554814208
2024-02-28 17:30:00+00:00,506.0299987792969,506.5199890136719,505.44500732421875,506.4960021972656,6625457,6.227516430661074,0.0009204770058692802
2024-02-28 18:30:00+00:00,506.5,506.7799987792969,505.5299987792969,505.7550048828125,5678193,6.226052371960951,-0.0014640587001233385
2024-02-28 19:30:00+00:00,505.75,506.2699890136719,505.1776123046875,506.1199951171875,6923574,6.226773785673524,0.0007214137125730602
2024-02-28 20:30:00+00:00,506.1199951171875,506.2699890136719,505.3399963378906,506.19000244140625,11920224,6.226912097701458,0.00013831202793390673
2024-02-29 14:30:00+00:00,508.07000732421875,508.8454895019531,506.80999755859375,507.7099914550781,14031939,6.229910401600314,0.002998303898856136
2024-02-29 15:30:00+00:00,507.69000244140625,507.8399963378906,506.94000244140625,507.18499755859375,5240076,6.2288758237395605,-0.0010345778607536715
2024-02-29 16:30:00+00:00,507.17999267578125,507.20001220703125,505.3500061035156,506.5799865722656,7026933,6.227682231402822,-0.001193592336738547
2024-02-29 17:30:00+00:00,506.5799865722656,507.8900146484375,506.57000732421875,507.75,5757151,6.229989200460494,0.002306969057672248
2024-02-29 18:30:00+00:00,507.7300109863281,508.2900085449219,507.44500732421875,507.7250061035156,5526708,6.229939974440476,-4.922602001844467e-05
2024-02-29 19:30:00+00:00,507.7099914550781,508.19500732421875,507.16400146484375,508.1300964355469,7460381,6.2307375101372315,0.0007975356967557801
2024-02-29 20:30:00+00:00,508.1400146484375,509.739990234375,508.0,508.0,21883487,6.230481447578482,-0.000256062558749548
2024-03-01 14:30:00+00:00,508.9800109863281,510.3900146484375,508.55999755859375,510.3699951171875,11931206,6.235135943306451,0.004654495727969277
2024-03-01 15:30:00+00:00,510.364990234375,511.3800048828125,509.69000244140625,510.82000732421875,8962537,6.23601729199785,0.0008813486913989976
2024-03-01 16:30:00+00:00,510.82000732421875,511.7699890136719,510.1600036621094,511.5299987792969,6472933,6.237406232311794,0.001388940313943543
2024-03-01 17:30:00+00:00,511.5400085449219,512.239990234375,511.4100036621094,512.1300048828125,5978809,6.2385785085950936,0.0011722762832997446
2024-03-01 18:30:00+00:00,512.1286010742188,513.1749877929688,511.9800109863281,513.155029296875,7340127,6.240578000875567,0.0019994922804738025
2024-03-01 19:30:00+00:00,513.155029296875,513.2899780273438,512.3150024414062,512.8900146484375,8753456,6.2400614257877685,-0.0005165750877988984
2024-03-01 20:30:00+00:00,512.8900146484375,513.1400146484375,512.5900268554688,512.8499755859375,10811283,6.239983357148734,-7.806863903425665e-05
2024-03-04 14:30:00+00:00,512.030029296875,512.6400146484375,512.0,512.489990234375,8440135,6.239281179571826,-0.0007021775769082694
2024-03-04 15:30:00+00:00,512.489990234375,512.8800048828125,512.239990234375,512.4400024414062,4775807,6.23918363575251,-9.754381931603717e-05
2024-03-04 16:30:00+00:00,512.4500122070312,513.14501953125,512.1599731445312,513.1300048828125,3555978,6.240529233889332,0.0013455981368224457
2024-03-04 17:30:00+00:00,513.1199951171875,513.1799926757812,512.3499755859375,512.6199951171875,3575925,6.239534820420841,-0.00099441346849094
2024-03-04 18:30:00+00:00,512.5999755859375,513.02001953125,512.5599975585938,512.9199829101562,3935158,6.240119854272183,0.0005850338513413433
2024-03-04 19:30:00+00:00,512.9149780273438,514.2000122070312,512.8599853515625,513.5288696289062,8797541,6.241306249071423,0.001186394799240098
2024-03-04 20:30:00+00:00,513.530029296875,513.6699829101562,512.1699829101562,512.25,10732431,6.238812787119009,-0.0024934619524135115
2024-03-05 14:30:00+00:00,510.239990234375,510.70001220703125,508.1099853515625,508.4200134277344,12896435,6.231307904055317,-0.007504883063692347
2024-03-05 15:30:00+00:00,508.4100036621094,508.4100036621094,507.5,508.17999267578125,10035923,6.230835701114196,-0.0004722029411210471
2024-03-05 16:30:00+00:00,508.1600036621094,508.510009765625,506.9599914550781,508.45001220703125,6338552,6.231366906245468,0.0005312051312724719
2024-03-05 17:30:00+00:00,508.4599914550781,508.5,507.3601989746094,507.70001220703125,4445802,6.229890745997136,-0.0014761602483321923
2024-03-05 18:30:00+00:00,507.70001220703125,508.1000061035156,506.6499938964844,507.0299987792969,6812785,6.22857017103069,-0.0013205749664457755
2024-03-05 19:30:00+00:00,507.0299987792969,507.04998779296875,504.9200134277344,505.010009765625,13097568,6.2245782503969895,-0.003991920633700907
2024-03-05 20:30:00+00:00,505.010009765625,507.3699951171875,504.9100036621094,507.1400146484375,13629429,6.228787128479866,0.0042088780828768435
2024-03-06 14:30:00+00:00,510.54998779296875,510.85040283203125,508.4200134277344,509.3599853515625,11606429,6.233155006950254,0.004367878470387332
2024-03-06 15:30:00+00:00,509.3500061035156,511.3800048828125,509.0400085449219,511.3399963378906,6145570,6.237034723821959,0.0038797168717055186
2024-03-06 16:30:00+00:00,511.3500061035156,511.9200134277344,510.510009765625,511.760009765625,7189481,6.237855784224314,0.0008210604023544121
2024-03-06 17:30:00+00:00,511.7699890136719,512.0689697265625,511.04998779296875,511.8599853515625,4538810,6.238051121530603,0.00019533730628928936
2024-03-06 18:30:00+00:00,511.8699951171875,511.9200134277344,508.5199890136719,510.1700134277344,12042514,6.234744029828609,-0.003307091701993947
2024-03-06 19:30:00+00:00,510.17999267578125,510.4100036621094,508.57000732421875,509.1700134277344,7588163,6.232781975372865,-0.0019620544557437114
2024-03-06 20:30:00+00:00,509.17999267578125,510.2699890136719,508.57000732421875,509.80999755859375,12133047,6.234038102496282,0.001256127123416384
2024-03-07 14:30:00+00:00,513.1400146484375,514.1900024414062,512.1799926757812,514.1799926757812,11364023,6.242573384459429,0.008535281963147234
2024-03-07 15:30:00+00:00,514.1799926757812,514.8699951171875,513.8099975585938,514.4249877929688,7414834,6.243049748324027,0.00047636386459792845
2024-03-07 16:30:00+00:00,514.4199829101562,514.9600219726562,513.77001953125,514.4600219726562,6936774,6.2431178495780415,6.810125401468525e-05
2024-03-07 17:30:00+00:00,514.4600219726562,514.989990234375,514.02001953125,514.97998046875,4961528,6.244128027031953,0.0010101774539110764
2024-03-07 18:30:00+00:00,514.989990234375,515.8900146484375,514.8300170898438,515.219970703125,6994872,6.2445939370496015,0.0004659100176489517
2024-03-07 19:30:00+00:00,515.2150268554688,515.4000244140625,514.0700073242188,514.5999755859375,5844445,6.243389852404848,-0.0012040846447538556
2024-03-07 20:30:00+00:00,514.6099853515625,515.6500244140625,514.5499877929688,514.8599853515625,9228759,6.2438949905957815,0.0005051381909337849
2024-03-08 14:30:00+00:00,515.4400024414062,518.2200927734375,515.3099975585938,517.9500122070312,12158548,6.249878736072083,0.0059837454763016495
2024-03-08 15:30:00+00:00,517.9600219726562,518.0722045898438,514.6300048828125,514.760009765625,12319147,6.243700791596684,-0.006177944475399322
2024-03-08 16:30:00+00:00,514.75,515.280029296875,513.5700073242188,514.6300048828125,11839572,6.243448205343361,-0.0002525862533229173
2024-03-08 17:30:00+00:00,514.6400146484375,514.8400268554688,512.0599975585938,512.3300170898438,10341053,6.23896898202555,-0.004479223317811254
2024-03-08 18:30:00+00:00,512.4400024414062,513.7000122070312,511.1300048828125,513.4600219726562,10139821,6.2411721723410585,0.002203190315508863
2024-03-08 19:30:00+00:00,513.4600219726562,514.4600219726562,511.92999267578125,511.92999267578125,9164337,6.238187882635577,-0.00298428970548148
2024-03-08 20:30:00+00:00,511.92999267578125,512.8200073242188,511.7200012207031,511.760009765625,9928839,6.237855784224314,-0.0003320984112633596
2024-03-11 13:30:00+00:00,510.4800109863281,510.94000244140625,508.5,508.9949951171875,12671718,6.232438183726518,-0.005417600497795938
2024-03-11 14:30:00+00:00,508.989990234375,510.8699951171875,508.95001220703125,509.489990234375,7556095,6.233410206217336,0.0009720224908180697
2024-03-11 15:30:00+00:00,509.4800109863281,510.8949890136719,509.20001220703125,510.5456848144531,5671033,6.235480123932635,0.0020699177152989634
2024-03-11 16:30:00+00:00,510.54998779296875,511.3399963378906,510.20001220703125,511.239990234375,5859440,6.236839128161673,0.0013590042290383408
2024-03-11 17:30:00+00:00,511.239990234375,511.57000732421875,510.30999755859375,511.19000244140625,4744917,6.236741345832581,-9.778232909241069e-05
2024-03-11 18:30:00+00:00,511.25,511.8800048828125,510.82000732421875,510.8699951171875,5602770,6.236115145148785,-0.0006262006837953749
2024-03-11 19:30:00+00:00,510.875,511.6000061035156,510.5400085449219,511.25,9869765,6.236858707357012,0.000743562208226578
2024-03-12 13:30:00+00:00,513.4500122070312,515.1099853515625,510.8599853515625,515.030029296875,18973186,6.244225208278134,0.007366500921122565
2024-03-12 14:30:00+00:00,515.0599975585938,516.5349731445312,515.052001953125,516.1799926757812,9780277,6.246455527672039,0.0022303193939041677
2024-03-12 15:30:00+00:00,516.1799926757812,516.2999877929688,514.9400024414062,515.0900268554688,6707929,6.244341694814443,-0.00211383285759581
2024-03-12 16:30:00+00:00,515.094970703125,515.4299926757812,513.5499877929688,514.9182739257812,7135986,6.244008196664673,-0.0003334981497697953
2024-03-12 17:30:00+00:00,514.9298706054688,516.4500122070312,514.8900146484375,516.430419921875,5242768,6.246940564909604,0.0029323682449309274
2024-03-12 18:30:00+00:00,516.4400024414062,517.2000122070312,515.5800170898438,517.1099853515625,8040037,6.248255589506901,0.0013150245972974872
2024-03-12 19:30:00+00:00,517.1199951171875,517.3800048828125,516.5250244140625,516.8099975585938,9110212,6.247675297402395,-0.0005802921045061638
2024-03-13 13:30:00+00:00,517.1099853515625,517.1199951171875,515.6699829101562,516.4249877929688,9785853,6.246930046246748,-0.0007452511556476082
2024-03-13 14:30:00+00:00,516.510009765625,516.780029296875,515.8300170898438,516.059814453125,5859802,6.246222678246219,-0.0007073680005289518
2024-03-13 15:30:00+00:00,516.0599975585938,516.5811767578125,515.8300170898438,516.280029296875,4338473,6.2466493107130825,0.00042663246686380774
2024-03-13 16:30:00+00:00,516.3800048828125,517.2100830078125,516.0800170898438,517.14501953125,5245044,6.248323337169781,0.001674026456698563
2024-03-13 17:30:00+00:00,517.1300048828125,517.2899780273438,516.6599731445312,516.8499755859375,4141016,6.24775264977823,-0.0005706873915514166
2024-03-13 18:30:00+00:00,516.8496704101562,517.0449829101562,514.489990234375,515.1199951171875,8362260,6.244399873750948,-0.0033527760272820117
2024-03-13 19:30:00+00:00,515.1400146484375,516.3098754882812,515.030029296875,515.989990234375,10364731,6.246087366522813,0.0016874927718655286
2024-03-14 13:30:00+00:00,516.969970703125,517.125,513.3499755859375,515.0501098632812,18983550,6.24426419663573,-0.001823169887082976
2024-03-14 14:30:00+00:00,515.0599975585938,515.6099853515625,514.0599975585938,514.3900146484375,9886669,6.2429817610873295,-0.0012824355484006844
2024-03-14 15:30:00+00:00,514.3900146484375,515.1500244140625,513.8400268554688,514.7000122070312,7828454,6.243584230375498,0.0006024692881680949
2024-03-14 16:30:00+00:00,514.7100219726562,514.97998046875,513.0499877929688,513.1799926757812,6946680,6.240626646548524,-0.002957583826973753
2024-03-14 17:30:00+00:00,513.1900024414062,515.1900024414062,512.760009765625,514.655029296875,8213593,6.243496830191166,0.0028701836426421323
2024-03-14 18:30:00+00:00,514.6699829101562,514.8900146484375,512.1799926757812,512.6300048828125,13944263,6.239554346908284,-0.003942483282881604
2024-03-14 19:30:00+00:00,512.5399780273438,514.97998046875,511.82000732421875,514.9400024414062,25696862,6.244050393763296,0.004496046855011926
2024-03-15 13:30:00+00:00,510.2099914550781,511.3299865722656,508.8699951171875,510.4200134277344,19385833,6.235233942523074,-0.008816451240222456
2024-03-15 14:30:00+00:00,510.4100036621094,511.70001220703125,510.1199951171875,510.70001220703125,23012664,6.235782357556146,0.0005484150330721249
2024-03-15 15:30:00+00:00,510.70001220703125,510.8349914550781,508.92999267578125,509.1700134277344,9275217,6.232781975372865,-0.003000382183280692
2024-03-15 16:30:00+00:00,509.1600036621094,509.7799987792969,508.3599853515625,509.32000732421875,9445306,6.233076517085622,0.0002945417127566685
2024-03-15 17:30:00+00:00,509.3299865722656,510.1199951171875,509.0400085449219,509.5398864746094,7625037,6.233508135122886,0.00043161803726388115
2024-03-15 18:30:00+00:00,509.5400085449219,510.5450134277344,509.4700012207031,510.1400146484375,8305604,6.234685226565914,0.0011770914430284662
2024-03-15 19:30:00+00:00,510.1300048828125,510.2112121582031,509.2200012207031,509.75,14808853,6.233920409454565,-0.0007648171113494584
2024-03-18 13:30:00+00:00,514.0,515.47998046875,513.260009765625,515.1799926757812,14503217,6.244516339944042,0.010595930489476935
2024-03-18 14:30:00+00:00,515.1799926757812,515.260009765625,514.2550048828125,514.6799926757812,6763233,6.243545334086163,-0.0009710058578784597
2024-03-18 15:30:00+00:00,514.6900024414062,514.7050170898438,513.7999877929688,514.1699829101562,5567930,6.24255391683486,-0.0009914172513036945
2024-03-18 16:30:00+00:00,514.1799926757812,514.2899780273438,513.4099731445312,514.2000122070312,4796952,6.24261231857164,5.840173677995608e-05
2024-03-18 17:30:00+00:00,514.2100219726562,514.3800048828125,513.2901000976562,514.3402099609375,6278000,6.242884933588054,0.00027261501641451247
2024-03-18 18:30:00+00:00,514.344970703125,514.4000244140625,513.2100219726562,513.85498046875,6166196,6.2419410864805664,-0.0009438471074876276
2024-03-18 19:30:00+00:00,513.8599853515625,514.1199951171875,512.4400024414062,512.8699951171875,21322057,6.240022392230091,-0.0019186942504756388
2024-03-19 13:30:00+00:00,512.1500244140625,512.1599731445312,511.1199951171875,511.4591064453125,9140516,6.237267633897137,-0.0027547583329541325
2024-03-19 14:30:00+00:00,511.45001220703125,512.77001953125,511.347900390625,512.6749877929688,5561794,6.239642092331366,0.002374458434228899
2024-03-19 15:30:00+00:00,512.6799926757812,514.114990234375,512.6799926757812,513.9901123046875,6447295,6.242204028508828,0.002561936177462698
2024-03-19 16:30:00+00:00,514.0,515.4500122070312,514.0,514.8499755859375,9193706,6.243875548683,0.0016715201741721586
2024-03-19 17:30:00+00:00,514.8599853515625,515.27001953125,514.5,515.0001220703125,5713174,6.244167137693441,0.00029158901044024077
2024-03-19 18:30:00+00:00,515.010009765625,515.3599243164062,514.22998046875,514.530029296875,6200453,6.243253919551197,-0.0009132181422435437
2024-03-19 19:30:00+00:00,514.4974975585938,515.9949951171875,514.4099731445312,515.760009765625,10921280,6.245641559936801,0.0023876403856037953
2024-03-20 13:30:00+00:00,515.77001953125,516.4000244140625,515.2100219726562,516.3499755859375,6699568,6.246784782835408,0.0011432228986070214
2024-03-20 14:30:00+00:00,516.344970703125,516.4400024414062,515.5499877929688,516.2100219726562,3979273,6.246513701998519,-0.00027108083688887064
2024-03-20 15:30:00+00:00,516.2100219726562,516.3400268554688,515.510009765625,515.75,4318194,6.245622151951361,-0.0008915500471582405
2024-03-20 16:30:00+00:00,515.75,516.1500244140625,515.2999877929688,515.4249877929688,3361028,6.244991779373203,-0.0006303725781577896
2024-03-20 17:30:00+00:00,515.4099731445312,518.4000244140625,515.0800170898438,517.630126953125,11215319,6.249260946580022,0.0042691672068189135
2024-03-20 18:30:00+00:00,517.6599731445312,520.510009765625,515.7999877929688,520.3779907226562,17691138,6.2545554527437,0.005294506163678214
2024-03-20 19:30:00+00:00,520.3800048828125,520.6199951171875,519.0999755859375,520.4199829101562,13557517,6.254636145036703,8.069229300300407e-05
2024-03-21 13:30:00+00:00,523.3900146484375,524.010009765625,522.7650146484375,523.75,11869289,6.261014471236347,0.006378326199643958
2024-03-21 14:30:00+00:00,523.77001953125,523.97998046875,523.030029296875,523.4000244140625,7124686,6.260346036741177,-0.0006684344951697341
2024-03-21 15:30:00+00:00,523.4000244140625,524.0499877929688,523.27001953125,524.010009765625,4801132,6.261510786744744,0.0011647500035669722
2024-03-21 16:30:00+00:00,524.0,524.1099853515625,523.1900024414062,523.3900146484375,6058791,6.260326912054752,-0.0011838746899925923
2024-03-21 17:30:00+00:00,523.3699951171875,523.5499267578125,522.510009765625,523.0399780273438,5812867,6.259657900966386,-0.0006690110883660338
2024-03-21 18:30:00+00:00,523.0399780273438,523.0399780273438,522.030029296875,522.780029296875,7334560,6.259160781511792,-0.0004971194545939639
2024-03-21 19:30:00+00:00,522.7949829101562,523.1699829101562,521.9099731445312,522.1010131835938,9685014,6.257861081007602,-0.0012997005041901488
2024-03-22 13:30:00+00:00,522.1099853515625,522.4400024414062,521.4099731445312,521.7999267578125,7782429,6.257284232338135,-0.000576848669466834
2024-03-22 14:30:00+00:00,521.7899780273438,521.8200073242188,521.02001953125,521.7000122070312,5793537,6.257092733426911,-0.00019149891122349771
2024-03-22 15:30:00+00:00,521.7050170898438,521.8350219726562,521.1904907226562,521.4500122070312,5172156,6.256613415977005,-0.0004793174499067021
2024-03-22 16:30:00+00:00,521.4550170898438,522.2100219726562,520.969970703125,522.042724609375,6358056,6.257749432443961,0.001136016466956491
2024-03-22 17:30:00+00:00,522.0449829101562,522.60498046875,521.9000244140625,522.5098876953125,4476468,6.258643907478692,0.0008944750347312791
2024-03-22 18:30:00+00:00,522.510009765625,522.530029296875,521.1199951171875,521.6900024414062,7221814,6.257073546420164,-0.0015703610585280359
2024-03-22 19:30:00+00:00,521.7000122070312,522.3599853515625,521.22998046875,521.27001953125,14610935,6.25626817915007,-0.0008053672700940595
2024-03-25 13:30:00+00:00,519.7999877929688,520.8900146484375,519.6099853515625,520.43701171875,8165542,6.254668865782556,-0.0015993133675138438
2024-03-25 14:30:00+00:00,520.4400024414062,520.7999877929688,520.1400146484375,520.6199951171875,4417258,6.255020399654612,0.0003515338720552208
2024-03-25 15:30:00+00:00,520.6199951171875,520.8599853515625,520.280029296875,520.5,4196930,6.254789888055024,-0.00023051159958775713
2024-03-25 16:30:00+00:00,520.5,520.5999755859375,520.1300048828125,520.5150146484375,3486542,6.254818734225784,2.884617076048812e-05
2024-03-25 17:30:00+00:00,520.52001953125,520.9199829101562,520.4299926757812,520.8499755859375,3172178,6.255462045556957,0.0006433113311725691
2024-03-25 18:30:00+00:00,520.8499755859375,520.9500122070312,520.1699829101562,520.2949829101562,4744117,6.254395925563156,-0.001066119993801351
2024-03-25 19:30:00+00:00,520.2899780273438,520.7000122070312,519.6699829101562,519.8099975585938,11447768,6.253463355494137,-0.000932570069018368
2024-03-26 13:30:00+00:00,521.22998046875,521.5800170898438,520.8300170898438,521.0700073242188,7907926,6.2558844037901435,0.0024210482960063118
2024-03-26 14:30:00+00:00,521.0700073242188,521.3900146484375,520.6500244140625,521.280029296875,4259640,6.25628738161548,0.0004029778253364924
2024-03-26 15:30:00+00:00,521.2750244140625,521.4600219726562,520.9149780273438,521.1400146484375,3847775,6.256018747776189,-0.00026863383929143225
2024-03-26 16:30:00+00:00,521.135009765625,521.1400146484375,520.719970703125,520.8599853515625,3535856,6.255481263508211,-0.000537484267977284
2024-03-26 17:30:00+00:00,520.8624267578125,521.010009765625,520.489990234375,520.9650268554688,4458360,6.255682912543378,0.0002016490351666178
2024-03-26 18:30:00+00:00,520.9600219726562,521.0499877929688,519.9550170898438,520.2100219726562,6207538,6.254232618443459,-0.001450294099918814
2024-03-26 19:30:00+00:00,520.2100219726562,520.2449951171875,518.4000244140625,518.6699829101562,20751611,6.2512678098354355,-0.002964808608023617
2024-03-27 13:30:00+00:00,521.7100219726562,521.780029296875,519.72998046875,519.9398193359375,12604824,6.253713072831729,0.0024452629962938843
2024-03-27 14:30:00+00:00,519.9349975585938,520.4249877929688,519.6300048828125,519.6900024414062,6654921,6.253232484656772,-0.0004805881749572194
2024-03-27 15:30:00+00:00,519.7100219726562,520.1286010742188,519.4849853515625,520.0800170898438,5514746,6.253982678756241,0.0007501940994689704
2024-03-27 16:30:00+00:00,520.0800170898438,520.5,519.72998046875,520.3250122070312,4795636,6.254453639804712,0.00047096104847099696
2024-03-27 17:30:00+00:00,520.3300170898438,520.9099731445312,520.02001953125,520.838623046875,4097939,6.2554402491408725,0.000986609336160349
2024-03-27 18:30:00+00:00,520.8400268554688,521.0499877929688,519.8400268554688,520.9000244140625,9190031,6.255558131620146,0.00011788247927313478
2024-03-27 19:30:00+00:00,520.89501953125,523.2000122070312,520.7670288085938,523.1699829101562,23872768,6.25990642638353,0.004348294763384608
2024-03-28 13:30:00+00:00,523.2100219726562,523.72998046875,522.780029296875,523.1500244140625,11609627,6.259868276494479,-3.8149889051375396e-05
2024-03-28 14:30:00+00:00,523.1500244140625,523.6300048828125,523.0399780273438,523.5700073242188,9722100,6.260670750737752,0.0008024742432732879
2024-03-28 15:30:00+00:00,523.5798950195312,523.72998046875,523.1400146484375,523.469970703125,8212053,6.260479666111572,-0.00019108462617989375
2024-03-28 16:30:00+00:00,523.469970703125,523.489990234375,522.97998046875,523.125,5982187,6.25982044124374,-0.0006592248678325419
2024-03-28 17:30:00+00:00,523.125,523.64501953125,522.9199829101562,523.52001953125,5771506,6.26057527128188,0.0007548300381401418
2024-03-28 18:30:00+00:00,523.5250244140625,524.5800170898438,523.02001953125,524.4580078125,10895026,6.2623653632633,0.0017900919814204386
2024-03-28 19:30:00+00:00,524.4600219726562,524.6099853515625,523.1099853515625,523.1300048828125,17300093,6.259830008476946,-0.002535354786354027
2024-04-01 13:30:00+00:00,523.8300170898438,524.3800048828125,522.8300170898438,522.989990234375,13071144,6.259562324750553,-0.0002676837263928533
2024-04-01 14:30:00+00:00,522.9849853515625,523.0999755859375,521.3599853515625,522.0798950195312,10963506,6.257820631763798,-0.0017416929867550834
2024-04-01 15:30:00+00:00,522.0700073242188,522.0850219726562,520.969970703125,521.989990234375,7822074,6.257648411902564,-0.00017221986123416855
2024-04-01 16:30:00+00:00,522.0,522.2249755859375,521.0599975585938,521.6099853515625,3217247,6.2569201541246855,-0.0007282577778786603
2024-04-01 17:30:00+00:00,521.6199951171875,522.0499877929688,521.3800048828125,521.8712158203125,3052947,6.2574208444560755,0.0005006903313899969
2024-04-01 18:30:00+00:00,521.8699951171875,522.3400268554688,521.6799926757812,521.8699951171875,6042284,6.257418505364523,-2.3390915524501565e-06
2024-04-01 19:30:00+00:00,521.875,522.7999877929688,521.6099853515625,522.219970703125,8456323,6.258088898933089,0.0006703935685656859
2024-04-02 13:30:00+00:00,518.239990234375,518.4600219726562,516.47998046875,517.1699829101562,19043932,6.248371607530071,-0.00971729140301747
2024-04-02 14:30:00+00:00,517.1699829101562,517.8200073242188,516.7612915039062,517.6199951171875,6846221,6.249241372883343,0.0008697653532721006
2024-04-02 15:30:00+00:00,517.625,517.864990234375,516.9000244140625,517.4349975585938,5290152,6.248883908667678,-0.00035746421566518194
2024-04-02 16:30:00+00:00,517.4400024414062,518.1199951171875,517.3049926757812,517.6699829101562,4827514,6.24933794059687,0.00045403192919213353
2024-04-02 17:30:00+00:00,517.6699829101562,518.1199951171875,517.3499755859375,517.905029296875,4771578,6.24979188432472,0.00045394372784990367
2024-04-02 18:30:00+00:00,517.9099731445312,518.5900268554688,517.6400146484375,518.4299926757812,7105354,6.250804999606319,0.0010131152815988642
2024-04-02 19:30:00+00:00,518.4400024414062,518.97998046875,518.280029296875,518.8499755859375,17125843,6.251614776997104,0.000809777390784916
2024-04-03 13:30:00+00:00,517.719970703125,520.6300048828125,517.6649780273438,520.4000244140625,11059413,6.2545977935523815,0.002983016555277551
2024-04-03 14:30:00+00:00,520.4099731445312,520.9500122070312,520.1701049804688,520.8099975585938,4844443,6.255385287251187,0.0007874936988052639
2024-04-03 15:30:00+00:00,520.8300170898438,520.9299926757812,519.719970703125,520.64501953125,6161995,6.255068465062966,-0.0003168221882203781
2024-04-03 16:30:00+00:00,520.6400146484375,520.844970703125,519.3900146484375,520.6199951171875,4986100,6.255020399654612,-4.806540835478046e-05
2024-04-03 17:30:00+00:00,520.6300048828125,520.7999877929688,520.1500244140625,520.2050170898438,4312993,6.254222997508304,-0.0007974021463077463
2024-04-03 18:30:00+00:00,520.1900024414062,520.4249877929688,517.77001953125,518.530029296875,7908604,6.250997941704924,-0.0032250558033801724
2024-04-03 19:30:00+00:00,518.5499877929688,519.77001953125,518.280029296875,519.3599853515625,13945506,6.25259725612144,0.0015993144165165063
2024-04-04 13:30:00+00:00,523.52001953125,523.7000122070312,522.469970703125,522.9199829101562,11413170,6.2594284560120945,0.006831199890654283
2024-04-04 14:30:00+00:00,522.9199829101562,522.9650268554688,522.3599853515625,522.75,4852069,6.259103338308743,-0.0003251177033511965
2024-04-04 15:30:00+00:00,522.77001953125,523.8673706054688,522.6799926757812,523.5101928710938,6787789,6.260556500743952,0.0014531624352089878
2024-04-04 16:30:00+00:00,523.52001953125,523.6199951171875,523.155029296875,523.1699829101562,2992311,6.25990642638353,-0.0006500743604220816
2024-04-04 17:30:00+00:00,523.1699829101562,523.1900024414062,517.8400268554688,518.010009765625,15571954,6.249994565944642,-0.00991186043888792
2024-04-04 18:30:00+00:00,518.0,518.0,513.6599731445312,513.6900024414062,26018879,6.241619975421673,-0.008374590522969072
2024-04-04 19:30:00+00:00,513.7100219726562,514.3800048828125,512.7550048828125,513.0499877929688,21560435,6.240373282515154,-0.0012466929065189092
2024-04-05 13:30:00+00:00,514.4600219726562,516.4299926757812,514.010009765625,515.4400024414062,15647950,6.245020909566935,0.004647627051780567
2024-04-05 14:30:00+00:00,515.4600219726562,518.09130859375,515.1900024414062,517.8499755859375,9802491,6.2496855778898395,0.004664668322904575
2024-04-05 15:30:00+00:00,517.7899780273438,520.010009765625,517.5700073242188,519.614990234375,9537269,6.2530881339460755,0.0034025560562360724
2024-04-05 16:30:00+00:00,519.6099853515625,520.4400024414062,518.7100219726562,519.260009765625,7529052,6.25240473992357,-0.0006833940225057233
2024-04-05 17:30:00+00:00,519.260009765625,519.594970703125,516.969970703125,517.7899780273438,8633612,6.24956971221963,-0.00283502770393973
2024-04-05 18:30:00+00:00,517.7999877929688,518.7100219726562,517.239990234375,518.1500244140625,7405801,6.250264822747976,0.0006951105283459214
2024-04-05 19:30:00+00:00,518.114990234375,519.2949829101562,518.114990234375,518.4000244140625,8843497,6.250747192133092,0.0004823693851161437
2024-04-08 13:30:00+00:00,519.1500244140625,519.5800170898438,517.97998046875,519.5369873046875,8554787,6.252938005896435,0.002190813763342625
2024-04-08 14:30:00+00:00,519.530029296875,520.1799926757812,519.3300170898438,519.5250244140625,5495562,6.252914979569824,-2.3026326610775527e-05
2024-04-08 15:30:00+00:00,519.5,519.510009765625,517.8900146484375,518.5601196289062,5820638,6.251055970087646,-0.0018590094821782088
2024-04-08 16:30:00+00:00,518.5599975585938,519.4600219726562,518.4600219726562,519.2750244140625,3957040,6.252433654977842,0.0013776848901958516
2024-04-08 17:30:00+00:00,519.280029296875,519.47998046875,518.6500244140625,519.1799926757812,4529588,6.25225062973942,-0.00018302523842184115
2024-04-08 18:30:00+00:00,519.1799926757812,519.3499755859375,518.669921875,519.2550048828125,3901029,6.252395101386346,0.00014447164692654724
2024-04-08 19:30:00+00:00,519.25,519.7000122070312,518.22998046875,518.6699829101562,10639646,6.2512678098354355,-0.0011272915509108472
2024-04-09 13:30:00+00:00,520.5,520.75,517.4102783203125,517.5900268554688,10151387,6.249183474947483,-0.002084334887952899
2024-04-09 14:30:00+00:00,517.5900268554688,517.6300048828125,514.3499755859375,515.9500122070312,13026925,6.246009885221053,-0.003173589726429782
2024-04-09 15:30:00+00:00,515.9600219726562,517.6400146484375,515.6699829101562,517.260009765625,5874826,6.248545668329417,0.002535783108363887
2024-04-09 16:30:00+00:00,517.260009765625,517.780029296875,516.5750122070312,517.1599731445312,4563329,6.248352252457608,-0.00019341587180843334
2024-04-09 17:30:00+00:00,517.1699829101562,517.6400146484375,516.22998046875,516.6500244140625,4734238,6.247365709914911,-0.0009865425426971441
2024-04-09 18:30:00+00:00,516.657470703125,518.6099853515625,515.7100219726562,518.5499877929688,7794817,6.251036431495041,0.003670721580129488
2024-04-09 19:30:00+00:00,518.510009765625,519.4400024414062,517.4500122070312,519.2999877929688,13439237,6.252481727343569,0.0014452958485282608
2024-04-10 13:30:00+00:00,513.47998046875,515.1300048828125,512.6699829101562,514.6599731445312,21396537,6.243506436283848,-0.008975291059720725
2024-04-10 14:30:00+00:00,514.6699829101562,516.1599731445312,513.47998046875,514.4849853515625,9757437,6.243166371858112,-0.00034006442573630835
2024-04-10 15:30:00+00:00,514.489990234375,514.530029296875,512.97998046875,513.39501953125,6373566,6.2410455674379985,-0.002120804420113309
2024-04-10 16:30:00+00:00,513.4000244140625,515.1400146484375,512.0900268554688,513.8604125976562,10051427,6.241951657751452,0.0009060903134532339
2024-04-10 17:30:00+00:00,513.8800048828125,514.9000244140625,512.2899780273438,513.2000122070312,10907781,6.24066565652759,-0.001286001223861355
2024-04-10 18:30:00+00:00,513.1900024414062,515.0700073242188,512.4450073242188,514.260009765625,8320110,6.242728993128511,0.0020633366009201737
2024-04-10 19:30:00+00:00,513.7999877929688,515.010009765625,513.4099731445312,514.1599731445312,10874849,6.242534448831295,-0.0001945442972157707
2024-04-11 13:30:00+00:00,515.5,515.6099853515625,512.0800170898438,512.5700073242188,13466839,6.239437301340692,-0.0030971474906031915
2024-04-11 14:30:00+00:00,512.5700073242188,514.22998046875,512.451416015625,513.5700073242188,7122552,6.24138635371618,0.0019490523754885913
2024-04-11 15:30:00+00:00,513.5700073242188,515.52001953125,513.4149780273438,514.8399047851562,7517689,6.243855987840511,0.002469634124330433
2024-04-11 16:30:00+00:00,514.8400268554688,517.9099731445312,514.72998046875,517.510009765625,8476315,6.24902886749473,0.005172879654219642
2024-04-11 17:30:00+00:00,517.52001953125,519.27001953125,516.9600219726562,519.0700073242188,7443242,6.25203876294053,0.0030098954457997706
2024-04-11 18:30:00+00:00,519.0800170898438,519.47998046875,518.510009765625,518.9099731445312,7166617,6.251730405970324,-0.0003083569702058142
2024-04-11 19:30:00+00:00,518.9149780273438,519.3900146484375,517.969970703125,518.0499877929688,10517018,6.250071739134338,-0.0016586668359863666
2024-04-12 13:30:00+00:00,514.3699951171875,515.8150024414062,513.5599975585938,513.7999877929688,20043814,6.2418340609174505,-0.008237678216887367
2024-04-12 14:30:00+00:00,513.8099975585938,514.0900268554688,512.02001953125,513.530029296875,10883590,6.241308507302124,-0.0005255536153265794
2024-04-12 15:30:00+00:00,513.530029296875,514.030029296875,511.760009765625,511.82000732421875,7579976,6.23797301503707,-0.003335492265054363
2024-04-12 16:30:00+00:00,511.79998779296875,512.02001953125,509.4700012207031,509.70001220703125,13162874,6.233822341295439,-0.004150673741630584
2024-04-12 17:30:00+00:00,509.69000244140625,511.4150085449219,509.32000732421875,510.6700134277344,9593797,6.235723615320614,0.001901274025175148
2024-04-12 18:30:00+00:00,510.67999267578125,510.739990234375,509.0799865722656,509.5050048828125,9415486,6.23343967574076,-0.0022839395798541773
2024-04-12 19:30:00+00:00,509.4949951171875,510.9200134277344,509.260009765625,510.82000732421875,14383801,6.23601729199785,0.0025776162570902983
2024-04-15 13:30:00+00:00,515.1300048828125,515.2999877929688,511.94000244140625,512.5700073242188,16487107,6.239437301340692,0.003420009342841368
2024-04-15 14:30:00+00:00,512.5800170898438,513.010009765625,510.80999755859375,511.5801086425781,9880102,6.237504188265816,-0.0019331130748758696
2024-04-15 15:30:00+00:00,511.6000061035156,512.6199951171875,510.364990234375,510.6000061035156,6807072,6.235586516760998,-0.0019176715048176973
2024-04-15 16:30:00+00:00,510.6099853515625,510.6199951171875,506.54998779296875,506.57000732421875,9487520,6.227662531954355,-0.007923984806643247
2024-04-15 17:30:00+00:00,506.5799865722656,506.8500061035156,504.7300109863281,505.1099853515625,15156537,6.224776198337327,-0.0028863336170275034
2024-04-15 18:30:00+00:00,505.1000061035156,506.489990234375,503.5799865722656,504.2598876953125,11554182,6.223091785358608,-0.0016844129787196849
2024-04-15 19:30:00+00:00,504.260009765625,505.2685852050781,504.2300109863281,504.5,12853407,6.223567839793664,0.00047605443505638334
2024-04-16 13:30:00+00:00,504.94000244140625,505.2799987792969,502.95001220703125,503.17999267578125,13929196,6.220947944412509,-0.002619895381155146
2024-04-16 14:30:00+00:00,503.1700134277344,504.3399963378906,502.4200134277344,504.1820983886719,7897601,6.222937509142685,0.0019895647301764185
2024-04-16 15:30:00+00:00,504.18499755859375,505.3599853515625,503.5,504.4901123046875,6470367,6.223548240601972,0.0006107314592869173
2024-04-16 16:30:00+00:00,504.489990234375,505.1000061035156,503.739990234375,504.3299865722656,4888723,6.22323078908818,-0.00031745151379247716
2024-04-16 17:30:00+00:00,504.3399963378906,506.5,502.5299987792969,503.0400085449219,14598924,6.220669706787352,-0.002561082300827522
2024-04-16 18:30:00+00:00,503.0400085449219,505.85980224609375,502.989990234375,505.6199951171875,8004493,6.225785389355238,0.005115682567885749
2024-04-16 19:30:00+00:00,505.6300048828125,505.6300048828125,503.2950134277344,503.5,11088176,6.221583712158617,-0.004201677196620679
2024-04-17 13:30:00+00:00,506.04998779296875,506.2200012207031,503.45001220703125,504.3800048828125,12738585,6.223329961914882,0.001746249756264362
2024-04-17 14:30:00+00:00,504.3599853515625,504.510009765625,502.0899963378906,502.0899963378906,7597209,6.218779379197271,-0.004550582717610219
2024-04-17 15:30:00+00:00,502.1000061035156,502.17999267578125,500.1700134277344,500.4800109863281,9564226,6.215567659868474,-0.003211719328797713
2024-04-17 16:30:00+00:00,500.4800109863281,501.7900085449219,499.1199951171875,501.7699890136719,11168261,6.218141825475183,0.002574165606708867
2024-04-17 17:30:00+00:00,501.79998779296875,502.55999755859375,501.07000732421875,501.8599853515625,7040794,6.218321167145779,0.00017934167059685535
2024-04-17 18:30:00+00:00,501.8699951171875,504.0299987792969,500.3599853515625,500.7196960449219,10870757,6.216046455580237,-0.0022747115655423755
2024-04-17 19:30:00+00:00,500.7099914550781,501.82000732421875,500.4100036621094,500.510009765625,10353173,6.215627598087005,-0.00041885749323178345
2024-04-18 13:30:00+00:00,501.9800109863281,502.239990234375,499.7300109863281,502.0400085449219,12745076,6.218679814812646,0.0030522167256403776
2024-04-18 14:30:00+00:00,502.0299987792969,504.1300048828125,501.989990234375,503.2099914550781,8986094,6.221007561021932,0.002327746209286552
2024-04-18 15:30:00+00:00,503.2099914550781,503.3900146484375,502.2200012207031,502.63238525390625,5308035,6.219859058477124,-0.0011485025448081387
2024-04-18 16:30:00+00:00,502.6199951171875,502.6499938964844,498.8700866699219,500.26910400390625,10173976,6.215146161648021,-0.00471289682910303
2024-04-18 17:30:00+00:00,500.2699890136719,500.44000244140625,498.6099853515625,499.5299987792969,9874784,6.213667653901432,-0.0014785077465893082
2024-04-18 18:30:00+00:00,499.54998779296875,500.32000732421875,498.55999755859375,499.7900085449219,8673174,6.2141880272945125,0.000520373393080753
2024-04-18 19:30:00+00:00,499.79998779296875,500.8299865722656,499.2099914550781,499.5,10269373,6.2136075980886085,-0.000580429205903954
2024-04-19 13:30:00+00:00,499.44000244140625,500.4549865722656,497.6000061035156,498.4599914550781,15837436,6.211523328317624,-0.002084269770984193
2024-04-19 14:30:00+00:00,498.45001220703125,499.3999938964844,497.5299987792969,497.8800048828125,13601656,6.210359093939984,-0.0011642343776401276
2024-04-19 15:30:00+00:00,497.8699951171875,498.3299865722656,495.19000244140625,495.19989013671875,9653977,6.204961499513978,-0.005397594426006513
2024-04-19 16:30:00+00:00,495.2200012207031,497.739990234375,495.0799865722656,496.5325012207031,9975111,6.2076489420088405,0.0026874424948628572
2024-04-19 17:30:00+00:00,496.54998779296875,498.4599914550781,495.4700012207031,495.4700012207031,9173379,6.2055068094967165,-0.0021421325121240287
2024-04-19 18:30:00+00:00,495.4599914550781,495.9725036621094,494.0199890136719,495.0799865722656,13206784,6.204719338549468,-0.0007874709472481811
2024-04-19 19:30:00+00:00,495.0799865722656,495.5199890136719,493.8599853515625,495.1000061035156,15919503,6.204759774695221,4.043614575266474e-05
2024-04-22 13:30:00+00:00,497.8299865722656,498.2200012207031,496.2200012207031,496.42498779296875,11251447,6.207432390083215,0.002672615387994348
2024-04-22 14:30:00+00:00,496.43499755859375,497.30999755859375,495.42999267578125,496.4324951171875,7417095,6.207447512745528,1.512266231262771e-05
2024-04-22 15:30:00+00:00,496.44000244140625,498.510009765625,496.3699951171875,497.760009765625,6137576,6.21011805276847,0.0026705400229420917
2024-04-22 16:30:00+00:00,497.54998779296875,500.04998779296875,497.2900085449219,500.0400085449219,5998635,6.214688112310839,0.004570059542368554
2024-04-22 17:30:00+00:00,500.0400085449219,502.3349914550781,499.885009765625,502.05999755859375,9387366,6.218719629599128,0.004031517288288988
2024-04-22 18:30:00+00:00,502.07000732421875,502.3800048828125,500.260009765625,500.5899963378906,8277158,6.215787395453798,-0.002932234145329282
2024-04-22 19:30:00+00:00,500.5799865722656,500.6650085449219,498.9049987792969,499.6300048828125,11742298,6.213867834259899,-0.001919561193899355
2024-04-23 13:30:00+00:00,501.7799987792969,504.364990234375,501.2250061035156,504.3299865722656,12043760,6.22323078908818,0.009362954828280756
2024-04-23 14:30:00+00:00,504.3299865722656,505.3399963378906,504.04998779296875,504.8299865722656,9432144,6.224221712339635,0.0009909232514555555
2024-04-23 15:30:00+00:00,504.8299865722656,505.42999267578125,504.2300109863281,505.30999755859375,6366645,6.225172097494166,0.0009503851545309416
2024-04-23 16:30:00+00:00,505.30999755859375,505.6000061035156,504.57000732421875,505.364990234375,5677759,6.225280921154591,0.00010882366042519465
2024-04-23 17:30:00+00:00,505.3800048828125,506.0899963378906,505.1400146484375,505.9200134277344,5279168,6.2263785805623275,0.0010976594077360957
2024-04-23 18:30:00+00:00,505.92999267578125,506.07000732421875,504.9599914550781,505.3599853515625,5663949,6.225271017604301,-0.0011075629580261648
2024-04-23 19:30:00+00:00,505.3599853515625,505.75,504.9800109863281,505.6400146484375,10174314,6.225824982597449,0.0005539649931476376
2024-04-24 13:30:00+00:00,506.55999755859375,507.3699951171875,505.92999267578125,506.2200012207031,12014407,6.226971359816999,0.001146377219550132
2024-04-24 14:30:00+00:00,506.239990234375,506.42999267578125,504.0450134277344,504.6199951171875,7109904,6.223805661100017,-0.003165698716982135
2024-04-24 15:30:00+00:00,504.6199951171875,505.1199951171875,503.44000244140625,504.0849914550781,5588351,6.222744887693722,-0.00106077340629529
2024-04-24 16:30:00+00:00,504.0899963378906,505.260009765625,503.1300048828125,505.2099914550781,5448797,6.2249741675077646,0.0022292798140428616
2024-04-24 17:30:00+00:00,505.2099914550781,506.5450134277344,504.8500061035156,505.04168701171875,6748210,6.224640974406474,-0.000333193101290874
2024-04-24 18:30:00+00:00,504.9861145019531,506.18499755859375,504.2300109863281,505.8399963378906,5280320,6.2262204065106985,0.0015794321042248427
2024-04-24 19:30:00+00:00,505.8500061035156,506.19000244140625,505.45001220703125,505.4700012207031,6386291,6.22548869193339,-0.0007317145773084732
2024-04-25 13:30:00+00:00,499.17999267578125,499.760009765625,497.489990234375,499.6000061035156,16995725,6.213807790468227,-0.011680901465163096
2024-04-25 14:30:00+00:00,499.6099853515625,499.7799987792969,498.1499938964844,499.7099914550781,7432413,6.214027913057365,0.00022012258913761684
2024-04-25 15:30:00+00:00,499.70001220703125,501.489990234375,498.95001220703125,501.3599853515625,6675272,6.217324376699016,0.0032964636416510373
2024-04-25 16:30:00+00:00,501.3800048828125,502.3699951171875,500.92999267578125,501.67999267578125,5987434,6.2179624516353815,0.0006380749363659177
2024-04-25 17:30:00+00:00,501.67999267578125,503.82000732421875,501.5400085449219,501.9700012207031,7477013,6.218540359381621,0.0005779077462397808
2024-04-25 18:30:00+00:00,501.95001220703125,504.2699890136719,501.67999267578125,504.1499938964844,7786038,6.222873830732677,0.004333471351055884
2024-04-25 19:30:00+00:00,504.1499938964844,504.17999267578125,502.69000244140625,503.44000244140625,7087765,6.221464544068127,-0.0014092866645505353
2024-04-26 13:30:00+00:00,506.3500061035156,509.010009765625,505.70001220703125,508.0799865722656,12759683,6.230638889066333,0.009174344998206685
2024-04-26 14:30:00+00:00,508.0799865722656,509.54998779296875,507.7200012207031,508.2200012207031,6729783,6.23091442709842,0.00027553803208668626
2024-04-26 15:30:00+00:00,508.2099914550781,509.00799560546875,508.0,508.8800048828125,5269410,6.232212241965763,0.0012978148673425949
2024-04-26 16:30:00+00:00,508.8799133300781,509.80999755859375,508.625,509.5899963378906,4798430,6.233606473645122,0.0013942316793595921
2024-04-26 17:30:00+00:00,509.6000061035156,509.8800048828125,508.7850036621094,508.9599914550781,5301361,6.232369411211849,-0.0012370624332733726
2024-04-26 18:30:00+00:00,508.9700012207031,509.6499938964844,508.5780029296875,509.6400146484375,5168315,6.233704622855895,0.0013352116440463746
2024-04-26 19:30:00+00:00,509.6199951171875,509.6300048828125,508.1600036621094,508.239990234375,11748283,6.230953757743684,-0.0027508651122110095
2024-04-29 13:30:00+00:00,510.0,510.75,509.0199890136719,510.2200012207031,8460340,6.234842007645505,0.003888249901820906
2024-04-29 14:30:00+00:00,510.2200012207031,510.6300048828125,509.43499755859375,509.57000732421875,3834241,6.23356724719667,-0.0012747604488350106
2024-04-29 15:30:00+00:00,509.5799865722656,510.1400146484375,509.0050048828125,510.1400146484375,3416921,6.234685226565914,0.001117979369244182
2024-04-29 16:30:00+00:00,510.1499938964844,510.4100036621094,509.57501220703125,510.3700866699219,3260263,6.23513612269146,0.00045089612554605196
2024-04-29 17:30:00+00:00,510.3800048828125,510.5199890136719,509.6099853515625,509.67999267578125,3252263,6.233783063438003,-0.0013530592534571895
2024-04-29 18:30:00+00:00,509.67999267578125,509.70001220703125,507.25,508.6000061035156,9739468,6.23166186498864,-0.002121198449363426
2024-04-29 19:30:00+00:00,508.6099853515625,510.20001220703125,508.4800109863281,510.04998779296875,7239267,6.234508736195519,0.002846871206878987
2024-04-30 13:30:00+00:00,508.55999755859375,509.55999755859375,508.20001220703125,508.32000732421875,8333180,6.231111184929883,-0.0033975512656354567
2024-04-30 14:30:00+00:00,508.30999755859375,509.3800048828125,506.4097900390625,506.9049987792969,10639465,6.228323606899983,-0.0027875780299000397
2024-04-30 15:30:00+00:00,506.9100036621094,507.0299987792969,506.0299987792969,506.70001220703125,6347924,6.227919136573104,-0.0004044703268792915
2024-04-30 16:30:00+00:00,506.70001220703125,506.70001220703125,504.7099914550781,505.2550048828125,8157043,6.225063261989864,-0.0028558745832398813
2024-04-30 17:30:00+00:00,505.25,506.5400085449219,505.0950012207031,505.17999267578125,6751602,6.224914786912595,-0.00014847507726933884
2024-04-30 18:30:00+00:00,505.19000244140625,505.7799987792969,504.20001220703125,504.7650146484375,9922707,6.224093003453717,-0.0008217834588775119
2024-04-30 19:30:00+00:00,504.7699890136719,505.1700134277344,502.0299987792969,502.0299987792969,15178627,6.218659876430755,-0.005433127022961948
2024-05-01 13:30:00+00:00,501.3800048828125,501.8299865722656,500.0799865722656,500.7900085449219,11018985,6.216186868598291,-0.0024730078324646243
2024-05-01 14:30:00+00:00,500.82000732421875,501.6099853515625,500.04998779296875,500.8399963378906,5539264,6.216286681488812,9.981289052163334e-05
2024-05-01 15:30:00+00:00,500.8399963378906,501.3999938964844,499.864990234375,501.04998779296875,4087332,6.216705872141437,0.00041919065262518984
2024-05-01 16:30:00+00:00,501.04998779296875,501.07501220703125,499.92498779296875,500.7200012207031,3354992,6.216047065054342,-0.0006588070870954255
2024-05-01 17:30:00+00:00,500.7300109863281,503.16900634765625,500.6300048828125,503.05999755859375,8125762,6.220709442427057,0.004662377372715021
2024-05-01 18:30:00+00:00,503.07000732421875,508.19000244140625,500.94000244140625,506.4649963378906,22507240,6.227455212392198,0.00674576996514098
2024-05-01 19:30:00+00:00,506.4800109863281,506.489990234375,500.0799865722656,500.2699890136719,18369170,6.215147930713861,-0.01230728167833739
2024-05-02 13:30:00+00:00,504.1499938964844,504.67999267578125,499.54998779296875,502.0199890136719,13850076,6.218639937651318,0.003492006937457326
2024-05-02 14:30:00+00:00,502.0199890136719,503.1199951171875,500.6000061035156,502.1300048828125,6931190,6.218859060033929,0.0002191223826111255
2024-05-02 15:30:00+00:00,502.1300048828125,502.9800109863281,501.3800048828125,502.30999755859375,5079417,6.219217454118733,0.0003583940848042033
2024-05-02 16:30:00+00:00,502.2900085449219,504.1400146484375,501.32000732421875,504.1199035644531,5511370,6.222814143674448,0.0035966895557146827
2024-05-02 17:30:00+00:00,504.1199951171875,504.70001220703125,503.3887023925781,504.5,5196810,6.223567839793664,0.0007536961192160518
2024-05-02 18:30:00+00:00,504.5,505.8900146484375,504.3949890136719,505.30999755859375,8930725,6.225172097494166,0.0016042577005022096
2024-05-02 19:30:00+00:00,505.20001220703125,505.39990234375,503.8599853515625,505.010009765625,10301951,6.2245782503969895,-0.0005938470971766918
2024-05-03 13:30:00+00:00,511.25,512.5499877929688,508.6400146484375,509.6700134277344,20023828,6.233763483807871,0.009185233410881288
2024-05-03 14:30:00+00:00,509.6700134277344,510.4100036621094,508.55999755859375,509.7349853515625,8738532,6.233890954094938,0.0001274702870670552
2024-05-03 15:30:00+00:00,509.75,511.1098937988281,509.7401123046875,510.8900146484375,7299470,6.236154331515567,0.002263377420629098
2024-05-03 16:30:00+00:00,510.9200134277344,511.4884948730469,510.4270935058594,511.110107421875,5356554,6.236585041399229,0.000430709883661784
2024-05-03 17:30:00+00:00,511.1099853515625,511.989990234375,510.67999267578125,511.75,4603683,6.2378362245413985,0.001251183142169765
2024-05-03 18:30:00+00:00,511.739990234375,511.989990234375,511.239990234375,511.6400146484375,6954304,6.237621281361553,-0.00021494317984593891
2024-05-03 19:30:00+00:00,511.6400146484375,511.7550048828125,511.1400146484375,511.2900085449219,10503730,6.236936960617731,-0.0006843207438214094
2024-05-06 13:30:00+00:00,513.75,514.5599975585938,513.2999877929688,514.2999877929688,10383868,6.242806729045635,0.0058697684279040985
2024-05-06 14:30:00+00:00,514.3099975585938,514.6400146484375,513.840087890625,514.0999755859375,4596341,6.242417751572521,-0.0003889774731140605
2024-05-06 15:30:00+00:00,514.1099853515625,514.5399780273438,513.7000122070312,514.1699829101562,3964293,6.24255391683486,0.00013616526233839465
2024-05-06 16:30:00+00:00,514.1699829101562,514.9600219726562,514.1099853515625,514.6099853515625,4375243,6.243409303762695,0.0008553869278351556
2024-05-06 17:30:00+00:00,514.6199951171875,515.77001953125,514.5449829101562,515.5850219726562,4703511,6.245302220939156,0.0018929171764616726
2024-05-06 18:30:00+00:00,515.5800170898438,515.614990234375,514.8800048828125,515.114990234375,5169502,6.244390157748514,-0.0009120631906425203
2024-05-06 19:30:00+00:00,515.1099853515625,516.6099853515625,514.9600219726562,516.5900268554688,9173795,6.247249575123993,0.002859417375479012
2024-05-07 13:30:00+00:00,517.5599975585938,517.9000244140625,516.9450073242188,517.3099975585938,8132645,6.24864230324567,0.0013927281216767895
2024-05-07 14:30:00+00:00,517.2899780273438,518.280029296875,517.239990234375,517.97998046875,5351147,6.249936593768914,0.001294290523244257
2024-05-07 15:30:00+00:00,517.969970703125,518.2949829101562,517.6900024414062,518.1699829101562,3178575,6.25030334076549,0.0003667469965762393
2024-05-07 16:30:00+00:00,518.1749877929688,518.47998046875,517.5701293945312,518.419921875,5002692,6.250785573842493,0.00048223307700290263
2024-05-07 17:30:00+00:00,518.4100952148438,518.5700073242188,516.7000122070312,516.8400268554688,6767477,6.247733400814913,-0.0030521730275800962
2024-05-07 18:30:00+00:00,516.8300170898438,517.2899780273438,516.4500122070312,517.1699829101562,5229884,6.248371607530071,0.0006382067151582405
2024-05-07 19:30:00+00:00,517.1749877929688,517.8599853515625,516.97998046875,517.2000122070312,10857171,6.248429670499851,5.806296977972636e-05
2024-05-08 13:30:00+00:00,515.260009765625,517.1199951171875,515.1400146484375,516.9000244140625,8551933,6.247849479433686,-0.0005801910661649146
2024-05-08 14:30:00+00:00,516.905029296875,517.7171020507812,516.635009765625,517.030029296875,5484059,6.248100956568007,0.0002514771343209432
2024-05-08 15:30:00+00:00,517.02001953125,517.260009765625,516.6300048828125,516.8300170898438,3620211,6.24771403338585,-0.0003869231821571617
2024-05-08 16:30:00+00:00,516.8300170898438,516.9600219726562,516.0999755859375,516.2899780273438,3924880,6.2466685805551245,-0.0010454528307253241
2024-05-08 17:30:00+00:00,516.280029296875,517.39501953125,516.2000122070312,517.260009765625,3134530,6.248545668329417,0.0018770877742921854
2024-05-08 18:30:00+00:00,517.27001953125,517.469970703125,516.5698852539062,517.3099975585938,4733042,6.24864230324567,9.663491625300225e-05
2024-05-08 19:30:00+00:00,517.3049926757812,517.739990234375,517.1900024414062,517.1900024414062,6856902,6.248410316551179,-0.00023198669449087106
2024-05-09 13:30:00+00:00,517.3800048828125,518.3900146484375,516.7050170898438,518.0650024414062,8433974,6.250100721725228,0.0016904051740489479
2024-05-09 14:30:00+00:00,518.0599975585938,519.510009765625,518.0599975585938,519.3400268554688,6359947,6.25255882636143,0.0024581046362017744
2024-05-09 15:30:00+00:00,519.3400268554688,519.4550170898438,518.3400268554688,518.7999877929688,3513163,6.25151842891293,-0.001040397448499597
2024-05-09 16:30:00+00:00,518.8099975585938,519.6400146484375,518.530029296875,519.5,3961316,6.252866810539282,0.0013483816263519799
2024-05-09 17:30:00+00:00,519.5,519.5800170898438,518.9299926757812,519.47998046875,2732680,6.252828273644195,-3.853689508659386e-05
2024-05-09 18:30:00+00:00,519.489990234375,520.0599975585938,519.340087890625,519.6699829101562,4331181,6.253193961851325,0.00036568820712989947
2024-05-09 19:30:00+00:00,519.6300048828125,520.2073974609375,519.5700073242188,520.1300048828125,9283329,6.254078789718357,0.0008848278670319232
2024-05-10 13:30:00+00:00,521.3699951171875,522.635009765625,520.5999755859375,520.780029296875,11217945,6.255327743954968,0.0012489542366109774
2024-05-10 14:30:00+00:00,520.77001953125,521.3699951171875,520.010009765625,520.5399780273438,6669175,6.254866692074479,-0.0004610518804888386
2024-05-10 15:30:00+00:00,520.5499877929688,520.6599731445312,519.5900268554688,520.3099975585938,5504961,6.2544247831003,-0.0004419089741789506
2024-05-10 16:30:00+00:00,520.4000244140625,520.77001953125,520.0050048828125,520.1099853515625,3547711,6.254040299501791,-0.0003844835985091777
2024-05-10 17:30:00+00:00,520.1300048828125,520.9498901367188,519.9099731445312,520.6699829101562,3791822,6.25511641093689,0.001076111435098781
2024-05-10 18:30:00+00:00,520.6599731445312,521.139892578125,520.114990234375,521.030029296875,3716946,6.255807677898274,0.0006912669613843292
2024-05-10 19:30:00+00:00,521.030029296875,521.3400268554688,520.760009765625,520.8400268554688,7096245,6.2554429444223665,-0.0003647334759078191
2024-05-13 13:30:00+00:00,522.5599975585938,522.6699829101562,521.0999755859375,521.6699829101562,7937580,6.2570351713022125,0.0015922268798460593
2024-05-13 14:30:00+00:00,521.6649780273438,521.6699829101562,520.9500122070312,521.1400146484375,4237645,6.256018747776189,-0.0010164235260239352
2024-05-13 15:30:00+00:00,520.6300048828125,521.375,520.4000244140625,521.2849731445312,3322424,6.256296865623949,0.0002781178477606616
2024-05-13 16:30:00+00:00,521.2899780273438,521.3499755859375,519.739990234375,520.8665161132812,4125433,6.255493801850491,-0.0008030637734579571
2024-05-13 17:30:00+00:00,520.864990234375,520.9000244140625,520.3150024414062,520.7949829101562,2931858,6.255356457418919,-0.0001373444315726502
2024-05-13 18:30:00+00:00,520.7949829101562,521.1395263671875,520.469970703125,520.7899780273438,4574705,6.255346847290124,-9.61012879496792e-06
2024-05-13 19:30:00+00:00,520.7849731445312,521.0999755859375,520.64501953125,520.9099731445312,6152975,6.255577230554677,0.00023038326455360192
2024-05-14 13:30:00+00:00,521.1099853515625,522.4099731445312,520.8800048828125,522.22998046875,11241200,6.258108066468333,0.002530835913655771
2024-05-14 14:30:00+00:00,522.22998046875,522.280029296875,520.6400146484375,521.9199829101562,5978402,6.257514286688466,-0.0005937797798667432
2024-05-14 15:30:00+00:00,521.9299926757812,521.9299926757812,520.8099975585938,520.9500122070312,3754577,6.2556540912904435,-0.0018601953980228458
2024-05-14 16:30:00+00:00,520.9400024414062,521.0700073242188,520.5599975585938,521.0408935546875,3096595,6.255828529181185,0.0001744378907417854
2024-05-14 17:30:00+00:00,521.0499877929688,522.375,520.9749755859375,522.3200073242188,4260248,6.258280440900852,0.002451911719666633
2024-05-14 18:30:00+00:00,522.3200073242188,523.780029296875,522.1849975585938,523.44140625,7463288,6.260425097112208,0.0021446562113558443
2024-05-14 19:30:00+00:00,523.4400024414062,523.8300170898438,523.2000122070312,523.2849731445312,11031855,6.260126197400281,-0.00029889971192709197
2024-05-15 13:30:00+00:00,525.8300170898438,526.7999877929688,525.1799926757812,526.3900146484375,13081992,6.266042410698284,0.005916213298003292
2024-05-15 14:30:00+00:00,526.4099731445312,528.1099853515625,526.3200073242188,528.0800170898438,6053988,6.2692478197427395,0.0032054090444555428
2024-05-15 15:30:00+00:00,528.0750122070312,528.1699829101562,527.4149780273438,528.0499877929688,4050583,6.269190953075295,-5.686666744431079e-05
2024-05-15 16:30:00+00:00,528.0399780273438,528.844970703125,527.9450073242188,528.7899780273438,3993941,6.270591336064657,0.001400382989361404
2024-05-15 17:30:00+00:00,528.79150390625,529.4299926757812,528.3400268554688,528.969970703125,5005183,6.2709316640903765,0.00034032802571992704
2024-05-15 18:30:00+00:00,528.9899291992188,529.2999877929688,528.5999755859375,529.0599975585938,6367147,6.271101842362045,0.00017017827166831978
2024-05-15 19:30:00+00:00,529.0499877929688,530.0800170898438,528.9500122070312,529.77001953125,13619810,6.272442986960556,0.0013411445985109793
2024-05-16 13:30:00+00:00,529.8800048828125,530.77001953125,529.5499877929688,530.6300048828125,7319069,6.274064989073545,0.0016220021129891293
2024-05-16 14:30:00+00:00,530.6400146484375,531.469970703125,530.510009765625,531.1400146484375,5782385,6.275025667554699,0.0009606784811539981
2024-05-16 15:30:00+00:00,531.1400756835938,531.3499755859375,530.280029296875,530.510009765625,4631016,6.273838826425746,-0.0011868411289528424
2024-05-16 16:30:00+00:00,530.510009765625,530.8499755859375,529.4199829101562,529.7899780273438,4154925,6.27248066013837,-0.0013581662873765055
2024-05-16 17:30:00+00:00,529.77001953125,530.1300048828125,529.0200805664062,529.4650268554688,4967076,6.27186711348422,-0.0006135466541499213
2024-05-16 18:30:00+00:00,529.4600219726562,530.2000122070312,529.4600219726562,529.8900146484375,4446229,6.27266946547976,0.0008023519955404623
2024-05-16 19:30:00+00:00,529.8900146484375,529.97998046875,528.5399780273438,528.6599731445312,11281036,6.270345452307561,-0.002324013172199102
2024-05-17 13:30:00+00:00,528.8099975585938,529.2000122070312,528.3419799804688,529.1699829101562,7792638,6.271309708995931,0.0009642566883698578
2024-05-17 14:30:00+00:00,529.1699829101562,529.2999877929688,528.3900146484375,528.760009765625,6990385,6.2705346611801165,-0.0007750478158143892
2024-05-17 15:30:00+00:00,528.6950073242188,529.0294799804688,528.27001953125,528.5599975585938,3588171,6.270156323102654,-0.00037833807746245895
2024-05-17 16:30:00+00:00,528.5598754882812,528.9000244140625,528.0499877929688,528.6950073242188,4976687,6.270411719891007,0.0002553967883534014
2024-05-17 17:30:00+00:00,528.7000122070312,528.8800048828125,527.3200073242188,527.9099731445312,7465677,6.268925763760477,-0.0014859561305300417
2024-05-17 18:30:00+00:00,527.9000244140625,529.3099975585938,527.8800048828125,529.219970703125,8295790,6.271404169063008,0.0024784053025301844
2024-05-17 19:30:00+00:00,529.2100219726562,529.52001953125,528.760009765625,529.4299926757812,10133501,6.27180094227923,0.0003967732162220017
2024-05-20 13:30:00+00:00,529.6099853515625,531.3494262695312,529.6099853515625,531.280029296875,6428550,6.275289244376402,0.0034883020971721024
2024-05-20 14:30:00+00:00,531.2899780273438,531.47998046875,530.9500122070312,531.3900146484375,2586012,6.27549624249888,0.00020699812247837457
2024-05-20 15:30:00+00:00,531.4000244140625,531.5601196289062,530.635009765625,530.7899780273438,2983400,6.274366421396882,-0.0011298211019976634
2024-05-20 16:30:00+00:00,530.7899780273438,531.280029296875,530.1799926757812,530.3499755859375,3475869,6.273537119917609,-0.0008293014792730702
2024-05-20 17:30:00+00:00,530.3499755859375,530.52001953125,529.1699829101562,530.1849975585938,4476750,6.273225997639038,-0.00031112227857121866
2024-05-20 18:30:00+00:00,530.1799926757812,530.4400024414062,529.7650146484375,530.261474609375,3485570,6.273370233209472,0.0001442355704339704
2024-05-20 19:30:00+00:00,530.27001953125,530.3300170898438,529.5,530.02001953125,7769429,6.272914778533269,-0.0004554546762030043
2024-05-21 13:30:00+00:00,529.280029296875,530.030029296875,529.0700073242188,530.0150146484375,4545465,6.272905335670248,-9.442863021291714e-06
2024-05-21 14:30:00+00:00,530.02001953125,530.72998046875,529.9299926757812,530.5001220703125,3207341,6.273820188158276,0.0009148524880284725
2024-05-21 15:30:00+00:00,530.510009765625,530.5197143554688,529.8200073242188,530.1950073242188,3733639,6.273244877221035,-0.000575310937240836
2024-05-21 16:30:00+00:00,530.1900024414062,530.280029296875,529.6400146484375,530.135009765625,2218199,6.273131709513453,-0.00011316770758273975
2024-05-21 17:30:00+00:00,530.1400146484375,530.7899780273438,530.0700073242188,530.3900146484375,3185239,6.273612612616834,0.00048090310338100295
2024-05-21 18:30:00+00:00,530.39501953125,530.9600219726562,530.165771484375,530.8250122070312,4143830,6.274432423064195,0.0008198104473615686
2024-05-21 19:30:00+00:00,530.8099975585938,531.52001953125,530.780029296875,531.3200073242188,7407599,6.275364490049251,0.0009320669850554353
2024-05-22 13:30:00+00:00,530.6500244140625,531.280029296875,530.625,531.125,4018236,6.274997398434976,-0.0003670916142750613
2024-05-22 14:30:00+00:00,531.0499877929688,531.3800048828125,530.780029296875,531.0358276367188,2208006,6.274829490974692,-0.0001679074602840558
2024-05-22 15:30:00+00:00,531.0399780273438,531.0999755859375,530.1599731445312,531.0250244140625,2548571,6.274809147088302,-2.0343886389717625e-05
2024-05-22 16:30:00+00:00,531.030029296875,531.239990234375,530.6699829101562,530.9149780273438,2926180,6.274601891712556,-0.00020725537574595165
2024-05-22 17:30:00+00:00,530.9099731445312,530.9199829101562,527.77001953125,527.8099975585938,7812489,6.2687363658348705,-0.005865525877685407
2024-05-22 18:30:00+00:00,527.8200073242188,528.8699951171875,527.5999755859375,528.760009765625,6237476,6.2705346611801165,0.0017982953452460038
2024-05-22 19:30:00+00:00,528.760009765625,529.8300170898438,528.0150146484375,529.8200073242188,10612664,6.272537340043804,0.002002678863687102
2024-05-23 13:30:00+00:00,532.9600219726562,533.0700073242188,529.5449829101562,530.4498901367188,10081394,6.2737254957919,0.0011881557480961646
2024-05-23 14:30:00+00:00,530.4600219726562,530.880126953125,528.97998046875,530.5250244140625,4608312,6.273867128315796,0.0001416325238965399
2024-05-23 15:30:00+00:00,530.5349731445312,531.4840087890625,530.52001953125,531.2449951171875,3672511,6.275223299238367,0.0013561709225706764
2024-05-23 16:30:00+00:00,531.2327270507812,531.344970703125,528.8300170898438,529.4804077148438,3814406,6.2718961628740635,-0.0033271363643034846
2024-05-23 17:30:00+00:00,529.3499755859375,529.47998046875,525.4600219726562,525.7100830078125,7274948,6.264749887797091,-0.007146275076972408
2024-05-23 18:30:00+00:00,525.7100219726562,526.3099975585938,524.719970703125,525.1900024414062,8353985,6.263760106530412,-0.0009897812666794792
2024-05-23 19:30:00+00:00,525.2000122070312,526.260009765625,525.1900024414062,525.9500122070312,11836214,6.2652061743947725,0.001446067864360856
2024-05-24 13:30:00+00:00,527.8499755859375,528.739990234375,526.8809814453125,528.6099853515625,7942013,6.270250892176339,0.0050447177815664546
2024-05-24 14:30:00+00:00,528.5999755859375,530.27001953125,527.8400268554688,529.7000122070312,5596824,6.27231083159566,0.002059939419321033
2024-05-24 15:30:00+00:00,529.7100219726562,530.0540161132812,529.0,529.7899780273438,3280933,6.27248066013837,0.00016982854270963799
2024-05-24 16:30:00+00:00,529.780029296875,529.8699951171875,529.0599975585938,529.6287231445312,2707217,6.272176238696915,-0.00030442144145492733
2024-05-24 17:30:00+00:00,529.6099853515625,530.0999755859375,529.239990234375,529.4298706054688,3656844,6.271800711709885,-0.0003755269870300282
2024-05-24 18:30:00+00:00,529.4299926757812,529.6099853515625,528.280029296875,528.9299926757812,3452322,6.270856084113542,-0.0009446275963425066
2024-05-24 19:30:00+00:00,528.9299926757812,529.5800170898438,528.77001953125,529.5,6147975,6.271933165041461,0.0010770809279190274
2024-05-28 13:30:00+00:00,530.27001953125,530.510009765625,529.0,529.5599975585938,6768480,6.272046468459202,0.00011330341774051789
2024-05-28 14:30:00+00:00,529.5399780273438,530.0499267578125,529.1599731445312,529.8599853515625,2732452,6.272612793062901,0.0005663246036995417
2024-05-28 15:30:00+00:00,529.8699951171875,530.2949829101562,529.6400146484375,529.8049926757812,1639935,6.272509000492663,-0.00010379257023807043
2024-05-28 16:30:00+00:00,529.8049926757812,530.25,529.1500244140625,529.47998046875,2374243,6.271895355957962,-0.0006136445347006969
2024-05-28 17:30:00+00:00,529.4749755859375,529.8499755859375,528.2100219726562,528.27001953125,4334512,6.269607553612893,-0.002287802345069423
2024-05-28 18:30:00+00:00,528.260009765625,528.97998046875,527.1099853515625,528.3400268554688,5607964,6.269740066690089,0.00013251307719563954
2024-05-28 19:30:00+00:00,528.3400268554688,529.9000244140625,528.2899780273438,529.8599853515625,6521801,6.272612793062901,0.0028727263728125507
2024-05-29 13:30:00+00:00,525.6799926757812,526.969970703125,525.3699951171875,526.72998046875,8133202,6.266688046207434,-0.005924746855467511
2024-05-29 14:30:00+00:00,526.7559814453125,527.3049926757812,526.030029296875,526.47998046875,3500495,6.266213307050062,-0.0004747391573713955
2024-05-29 15:30:00+00:00,526.47998046875,526.9199829101562,525.97998046875,526.8200073242188,3622699,6.266858948123302,0.0006456410732393891
2024-05-29 16:30:00+00:00,526.8200073242188,527.3099975585938,526.3400268554688,526.9301147460938,3541876,6.267067930157978,0.0002089820346764526
2024-05-29 17:30:00+00:00,526.9299926757812,527.2000122070312,526.1699829101562,526.5900268554688,3219913,6.266422308135183,-0.0006456220227955001
2024-05-29 18:30:00+00:00,526.5800170898438,527.1900024414062,526.010009765625,526.8599853515625,5046168,6.266934830796676,0.0005125226614932643
2024-05-29 19:30:00+00:00,526.8499755859375,527.1900024414062,525.5599975585938,526.1099853515625,9928957,6.265510288506393,-0.001424542290282993
2024-05-30 13:30:00+00:00,524.52001953125,524.989990234375,523.3699951171875,524.0,7626544,6.261491684321042,-0.004018604185350938
2024-05-30 14:30:00+00:00,523.97998046875,524.0800170898438,523.0599975585938,523.9500122070312,3725494,6.261396283219034,-9.540110200756402e-05
2024-05-30 15:30:00+00:00,523.9450073242188,524.5399780273438,523.6900024414062,524.0399780273438,2984127,6.26156797535612,0.00017169213708534414
2024-05-30 16:30:00+00:00,524.0399780273438,525.1400146484375,523.9400024414062,524.9650268554688,3061804,6.263331644859319,0.0017636695031990612
2024-05-30 17:30:00+00:00,524.9600219726562,525.2000122070312,523.5999755859375,524.1900024414062,3636736,6.2618542186765405,-0.001477426182778352
2024-05-30 18:30:00+00:00,524.1799926757812,524.4500122070312,522.8499755859375,523.3804931640625,5622015,6.260308719940426,-0.0015454987361147587
2024-05-30 19:30:00+00:00,523.3800048828125,523.5700073242188,521.3300170898438,522.6199951171875,11392450,6.258854613198801,-0.0014541067416242726
2024-05-31 13:30:00+00:00,523.5900268554688,524.8099975585938,520.8599853515625,521.0999755859375,9053293,6.255941915064156,-0.002912698134645453
2024-05-31 14:30:00+00:00,521.10498046875,521.1500244140625,520.030029296875,520.1500244140625,6821977,6.254117278453484,-0.0018246366106717815
2024-05-31 15:30:00+00:00,520.1199951171875,520.2399291992188,518.3599853515625,518.8099975585938,6601554,6.251537722801321,-0.002579555652163279
2024-05-31 16:30:00+00:00,518.7999877929688,520.9349975585938,518.719970703125,520.8150024414062,4646957,6.255394897010578,0.0038571742092567973
2024-05-31 17:30:00+00:00,520.8200073242188,521.2949829101562,520.4500122070312,520.7799072265625,5141227,6.2553275095559515,-6.738745462619988e-05
2024-05-31 18:30:00+00:00,520.780029296875,522.75,520.5900268554688,522.25,7488451,6.258146400436675,0.0028188908807234014
2024-05-31 19:30:00+00:00,522.239990234375,527.5,522.0,527.3499755859375,26130326,6.267864418426875,0.00971801799019989
2024-06-03 13:30:00+00:00,529.02001953125,529.3099975585938,527.344970703125,528.1699829101562,11014920,6.2694181692254,0.0015537507985250443
2024-06-03 14:30:00+00:00,528.0,528.0,525.4000244140625,526.0800170898438,4434505,6.265453324913016,-0.00396484431238342
2024-06-03 15:30:00+00:00,526.0999755859375,526.0999755859375,523.6500244140625,523.9500122070312,7583676,6.261396283219034,-0.004057041693982022
2024-06-03 16:30:00+00:00,523.9400024414062,524.6900024414062,522.5999755859375,524.6500244140625,4415958,6.262731420137918,0.0013351369188834283
2024-06-03 17:30:00+00:00,524.6400146484375,525.780029296875,524.5800170898438,525.1099853515625,4125167,6.263607736558159,0.0008763164202409968
2024-06-03 18:30:00+00:00,525.1099853515625,526.5,525.1099853515625,526.25,3634503,6.265776384996591,0.002168648438432008
2024-06-03 19:30:00+00:00,526.260009765625,527.8200073242188,525.72998046875,527.760009765625,6720224,6.268641653418528,0.0028652684219370173
2024-06-04 13:30:00+00:00,526.4600219726562,527.75,525.739990234375,527.0,7224688,6.267200548541362,-0.0014411048771654222
2024-06-04 14:30:00+00:00,526.9849853515625,527.4000244140625,525.6199951171875,525.8599853515625,3762425,6.265034989758959,-0.0021655587824032096
2024-06-04 15:30:00+00:00,525.8599853515625,526.0999755859375,524.9600219726562,526.010009765625,3321554,6.265320242529313,0.0002852527703538499
2024-06-04 16:30:00+00:00,526.02001953125,527.0,525.6599731445312,526.9749755859375,2581367,6.267153062757266,0.001832820227952503
2024-06-04 17:30:00+00:00,526.97998046875,528.969970703125,526.3400268554688,528.9299926757812,3643143,6.270856084113542,0.003703021356276537
2024-06-04 18:30:00+00:00,528.9400024414062,529.1500244140625,526.6099853515625,527.6500244140625,4644730,6.268433231386524,-0.0024228527270180322
2024-06-04 19:30:00+00:00,527.6599731445312,528.5999755859375,527.0050048828125,528.3499755859375,5221839,6.269758896678915,0.001325665292390532
2024-06-05 13:30:00+00:00,530.77001953125,530.8200073242188,528.989990234375,530.2650146484375,8380277,6.273376909212567,0.0036180125336526814
2024-06-05 14:30:00+00:00,530.280029296875,532.1849975585938,530.280029296875,531.9149780273438,5710875,6.276483660831673,0.0031067516191054523
2024-06-05 15:30:00+00:00,531.9099731445312,532.4400024414062,531.72998046875,532.1303100585938,3544876,6.276888403066991,0.00040474223531816733
2024-06-05 16:30:00+00:00,532.1300048828125,532.97998046875,532.0800170898438,532.72998046875,3327615,6.278014692550939,0.0011262894839481064
2024-06-05 17:30:00+00:00,532.72998046875,533.489990234375,532.6199951171875,533.4801025390625,3989962,6.27942177396206,0.0014070814111208918
2024-06-05 18:30:00+00:00,533.489990234375,534.1699829101562,533.4349975585938,533.7000122070312,5080187,6.279833906212358,0.00041213225029768097
2024-06-05 19:30:00+00:00,533.6900024414062,534.6900024414062,533.239990234375,534.6500244140625,8164059,6.2816123728663,0.0017784666539419902
2024-06-06 13:30:00+00:00,534.97998046875,535.4199829101562,534.3300170898438,535.0599975585938,7083812,6.282378885577564,0.0007665127112641557
2024-06-06 14:30:00+00:00,535.0499877929688,535.0499877929688,534.2100219726562,534.4849853515625,2805300,6.281303639053819,-0.0010752465237446884
2024-06-06 15:30:00+00:00,534.469970703125,534.530029296875,533.5324096679688,533.739990234375,3035339,6.279908810707732,-0.0013948283460871735
2024-06-06 16:30:00+00:00,533.739990234375,534.27001953125,533.2401123046875,534.1400146484375,2811686,6.280658004308032,0.0007491936003001243
2024-06-06 17:30:00+00:00,534.1400146484375,534.4598999023438,532.6799926757812,533.64501953125,3101921,6.279730860478889,-0.0009271438291431622
2024-06-06 18:30:00+00:00,533.6500244140625,534.6400146484375,533.3699951171875,534.489990234375,2765008,6.28131300294526,0.001582142466371117
2024-06-06 19:30:00+00:00,534.489990234375,534.6699829101562,533.9901123046875,534.6300048828125,4478553,6.2815749279861866,0.00026192504092659163
2024-06-07 13:30:00+00:00,533.6599731445312,534.760009765625,532.5349731445312,534.6400146484375,8779223,6.281593650601508,1.8722615321209446e-05
2024-06-07 14:30:00+00:00,534.6300048828125,536.39990234375,533.9500122070312,534.9500122070312,5670172,6.282173307403629,0.0005796568021212423
2024-06-07 15:30:00+00:00,534.9550170898438,535.9400024414062,534.6799926757812,535.909912109375,2247558,6.283966072521905,0.0017927651182763071
2024-06-07 16:30:00+00:00,535.9099731445312,536.8900146484375,534.9199829101562,536.1701049804688,2888407,6.284451470760945,0.00048539823903936963
2024-06-07 17:30:00+00:00,536.1799926757812,536.4099731445312,533.489990234375,534.6900024414062,4582055,6.281687144269891,-0.002764326491053737
2024-06-07 18:30:00+00:00,534.72998046875,535.4400024414062,533.7949829101562,534.72998046875,4092291,6.281761910083138,7.476581324716847e-05
2024-06-07 19:30:00+00:00,534.739990234375,534.8800048828125,533.719970703125,533.9600219726562,6857634,6.280320970937909,-0.0014409391452288034
2024-06-10 13:30:00+00:00,533.1799926757812,533.6300048828125,532.5700073242188,533.5900268554688,5183864,6.279627804125902,-0.000693166812006929
2024-06-10 14:30:00+00:00,533.5850219726562,534.3800048828125,533.4299926757812,534.3800048828125,3030546,6.2811072055097386,0.0014794013838361764
2024-06-10 15:30:00+00:00,534.3900146484375,535.1400146484375,534.3200073242188,534.8693237304688,3197217,6.282022462351563,0.0009152568418242524
2024-06-10 16:30:00+00:00,534.8699951171875,535.0700073242188,534.260009765625,534.3099975585938,2113542,6.280976190296423,-0.0010462720551398519
2024-06-10 17:30:00+00:00,534.3187866210938,535.719970703125,534.22998046875,534.5,3451882,6.2813317304651,0.0003555401686767823
2024-06-10 18:30:00+00:00,534.4752197265625,535.989990234375,534.2899780273438,535.580078125,4834609,6.283350417690224,0.002018687225124438
2024-06-10 19:30:00+00:00,535.5999755859375,535.72998046875,534.7000122070312,535.6599731445312,8761596,6.283499581305951,0.00014916361572669956
2024-06-11 13:30:00+00:00,533.719970703125,533.8250122070312,532.0499877929688,533.719970703125,6419178,6.279871301982374,-0.0036282793235766775
2024-06-11 14:30:00+00:00,533.7100219726562,534.739990234375,533.5999755859375,534.4299926757812,2791004,6.281200744666594,0.0013294426842200835
2024-06-11 15:30:00+00:00,534.4500122070312,534.760009765625,533.5499877929688,533.8400268554688,2889276,6.280096218901563,-0.0011045257650312834
2024-06-11 16:30:00+00:00,533.8594970703125,534.8099975585938,533.719970703125,534.25,2951611,6.280863894199257,0.0007676752976939483
2024-06-11 17:30:00+00:00,534.2435302734375,536.22998046875,534.1950073242188,536.2000122070312,2936355,6.284507248567676,0.003643354368419338
2024-06-11 18:30:00+00:00,536.2100219726562,536.6400146484375,535.8099975585938,535.8624877929688,5258356,6.283877575530489,-0.000629673037186862
2024-06-11 19:30:00+00:00,535.8599853515625,537.010009765625,535.6199951171875,536.9099731445312,7052167,6.285830432678859,0.0019528571483693469
2024-06-12 13:30:00+00:00,541.3599853515625,543.9199829101562,541.2449951171875,543.9099731445312,12237578,6.29878374261773,0.012953309938871449
2024-06-12 14:30:00+00:00,543.9199829101562,543.9600219726562,542.5599975585938,543.22998046875,4859545,6.297532767042415,-0.001250975575315394
2024-06-12 15:30:00+00:00,543.219970703125,543.260009765625,542.4949951171875,542.5,3150434,6.296188085414615,-0.001344681627799993
2024-06-12 16:30:00+00:00,542.510009765625,543.3699951171875,542.4199829101562,542.9199829101562,2449258,6.296961947952117,0.0007738625375024455
2024-06-12 17:30:00+00:00,542.9102783203125,542.9299926757812,540.72998046875,542.6699829101562,7136358,6.296501368889505,-0.00046057906261243176
2024-06-12 18:30:00+00:00,542.6900024414062,544.1199951171875,540.739990234375,540.989990234375,9930018,6.2934007763358935,-0.003100592553611392
2024-06-12 19:30:00+00:00,541.0,542.39501953125,540.2999877929688,541.3350219726562,10707197,6.294038351456265,0.0006375751203711033
2024-06-13 13:30:00+00:00,543.1500244140625,543.1900024414062,540.4299926757812,541.0399780273438,8550009,6.293493172654795,-0.0005451788014694259
2024-06-13 14:30:00+00:00,541.0404052734375,541.3499755859375,540.25,541.1900024414062,4646932,6.293770423179602,0.00027725052480676027
2024-06-13 15:30:00+00:00,541.1699829101562,541.6500244140625,539.6400146484375,539.751220703125,3793101,6.291108331000743,-0.0026620921788591545
2024-06-13 16:30:00+00:00,539.75,541.9694213867188,539.5900268554688,541.7200927734375,3696398,6.294749434044332,0.0036411030435896663
2024-06-13 17:30:00+00:00,541.72998046875,542.2100219726562,541.2000122070312,542.0700073242188,3207323,6.295395157903423,0.0006457238590904524
2024-06-13 18:30:00+00:00,542.0800170898438,543.0599975585938,541.97998046875,542.5050048828125,4804371,6.296197310962497,0.0008021530590740511
2024-06-13 19:30:00+00:00,542.510009765625,543.3250122070312,542.1799926757812,542.4099731445312,6041037,6.296022123523022,-0.00017518743947508852
2024-06-14 13:30:00+00:00,540.8800048828125,541.6295166015625,539.9600219726562,540.8699951171875,8014180,6.2931789451945175,-0.0028431783285043366
2024-06-14 14:30:00+00:00,540.8800048828125,541.6500244140625,539.8499755859375,541.4299926757812,3750360,6.29421377401256,0.0010348288180423992
2024-06-14 15:30:00+00:00,541.4600219726562,541.859375,540.280029296875,541.1199951171875,3897980,6.293641056686686,-0.0005727173258742724
2024-06-14 16:30:00+00:00,541.1099853515625,542.4201049804688,540.9301147460938,542.0999755859375,3037626,6.295450441230205,0.0018093845435194211
2024-06-14 17:30:00+00:00,542.0800170898438,542.3599853515625,541.1719970703125,541.8699951171875,3032066,6.295026111260895,-0.00042432996931029976
2024-06-14 18:30:00+00:00,541.8800048828125,542.4299926757812,541.3300170898438,542.3599853515625,3453522,6.2959299605854095,0.000903849324514816
2024-06-14 19:30:00+00:00,542.3699951171875,542.7999877929688,541.8599853515625,542.739990234375,5534475,6.296630365906389,0.0007004053209795913
2024-06-17 13:30:00+00:00,542.0800170898438,542.8900146484375,541.607177734375,542.3099975585938,6912139,6.295837789153008,-0.000792576753380736
2024-06-17 14:30:00+00:00,542.2999877929688,544.030029296875,542.210693359375,543.8200073242188,6102134,6.298618323217451,0.0027805340644428966
2024-06-17 15:30:00+00:00,543.8200073242188,545.4299926757812,543.47998046875,545.4099731445312,4146420,6.301537756171203,0.0029194329537514108
2024-06-17 16:30:00+00:00,545.4199829101562,546.5499877929688,545.1599731445312,546.3499755859375,5862853,6.303259751330998,0.0017219951597953198
2024-06-17 17:30:00+00:00,546.375,548.530029296875,546.3099975585938,548.010009765625,7232348,6.30629355277686,0.003033801445861961
2024-06-17 18:30:00+00:00,548.010009765625,548.3900146484375,547.4600219726562,548.27001953125,6628816,6.306767901964206,0.00047434918734623466
2024-06-17 19:30:00+00:00,548.1900024414062,548.2899780273438,546.739990234375,547.0399780273438,9411903,6.3045218857245375,-0.002246016239668691
2024-06-18 13:30:00+00:00,547.1599731445312,548.219970703125,547.1099853515625,547.4099731445312,5719523,6.305198015557403,0.0006761298328656906
2024-06-18 14:30:00+00:00,547.4149780273438,547.9600219726562,546.72998046875,547.0800170898438,3693719,6.3045950752516395,-0.0006029403057636884
2024-06-18 15:30:00+00:00,547.0599975585938,548.0700073242188,546.969970703125,547.3699951171875,3919928,6.3051249816537505,0.0005299064021109245
2024-06-18 16:30:00+00:00,547.2523193359375,548.1699829101562,547.22998046875,548.0700073242188,2432417,6.3064030293802436,0.0012780477264930923
2024-06-18 17:30:00+00:00,548.0700073242188,548.6199951171875,547.0900268554688,547.7437744140625,5162428,6.3058076126676035,-0.0005954167126400733
2024-06-18 18:30:00+00:00,547.880126953125,548.0700073242188,547.4199829101562,547.885009765625,4516047,6.306065428735206,0.00025781606760233444
2024-06-18 19:30:00+00:00,547.9000244140625,548.5,547.6900024414062,548.489990234375,8772697,6.307169030203959,0.0011036014687535456
2024-06-20 13:30:00+00:00,549.4400024414062,550.1199951171875,548.4000244140625,549.0750122070312,8930285,6.308235066432808,0.0010660362288490433
2024-06-20 14:30:00+00:00,549.0599975585938,549.530029296875,548.6699829101562,548.8099975585938,4045562,6.307752293371463,-0.00048277306134547615
2024-06-20 15:30:00+00:00,548.8099975585938,549.1199951171875,546.9401245117188,546.9600219726562,4893296,6.3043757137778655,-0.003376579593597384
2024-06-20 16:30:00+00:00,546.9600219726562,547.7050170898438,545.739990234375,546.02001953125,7282479,6.3026556408808805,-0.0017200728969850587
2024-06-20 17:30:00+00:00,546.0,548.1400756835938,545.1799926757812,548.0549926757812,7709012,6.306375633511272,0.0037199926303914665
2024-06-20 18:30:00+00:00,548.0599975585938,548.1900024414062,545.77001953125,547.1500244140625,8293926,6.304723032484871,-0.0016526010264010793
2024-06-20 19:30:00+00:00,547.1599731445312,547.760009765625,546.5800170898438,546.9500122070312,12127650,6.304357412884167,-0.0003656196007035817
2024-06-21 13:30:00+00:00,544.4000244140625,544.8599853515625,543.02001953125,544.3200073242188,10098310,6.299537322663219,-0.004820090220948536
2024-06-21 14:30:00+00:00,544.0499877929688,545.25,543.8599853515625,544.4149780273438,9429020,6.299711783307258,0.00017446064403880968
2024-06-21 15:30:00+00:00,544.239990234375,545.6500244140625,544.0098266601562,545.25,3984979,6.301244405081738,0.00153262177448088
2024-06-21 16:30:00+00:00,545.260009765625,545.3300170898438,543.8800048828125,544.0899047851562,2660129,6.299114499350181,-0.0021299057315573577
2024-06-21 17:30:00+00:00,544.0700073242188,544.7550048828125,543.5588989257812,544.6950073242188,4933185,6.300226018429169,0.001111519078987655
2024-06-21 18:30:00+00:00,544.6900024414062,544.844970703125,543.9500122070312,544.39501953125,4581792,6.299675122188898,-0.0005508962402709372
2024-06-21 19:30:00+00:00,544.4000244140625,545.219970703125,544.0800170898438,544.1300048828125,12433274,6.299188197868869,-0.0004869243200289475
2024-06-24 13:30:00+00:00,544.3300170898438,546.9500122070312,543.760009765625,545.4400024414062,7424032,6.301592812865624,0.00240461499675515
2024-06-24 14:30:00+00:00,545.4299926757812,546.35498046875,544.6599731445312,546.1400146484375,4951072,6.302875379955586,0.0012825670899623276
2024-06-24 15:30:00+00:00,546.14501953125,546.280029296875,545.5700073242188,545.9650268554688,2141914,6.302554920315138,-0.00032045964044868924
2024-06-24 16:30:00+00:00,545.9650268554688,546.1799926757812,544.0,544.27001953125,5014316,6.299445483142792,-0.003109437172345686
2024-06-24 17:30:00+00:00,544.27001953125,544.5399780273438,543.4249877929688,543.77001953125,3486799,6.2985263992538805,-0.0009190838889114872
2024-06-24 18:30:00+00:00,543.77001953125,544.6599731445312,543.47998046875,544.22998046875,4465958,6.29937191573348,0.0008455164795995174
2024-06-24 19:30:00+00:00,544.239990234375,544.4199829101562,542.6300048828125,542.6300048828125,10068368,6.2964276970424375,-0.002944218691042444
2024-06-25 13:30:00+00:00,543.989990234375,544.1699829101562,543.030029296875,543.989990234375,6049224,6.298930846382198,0.0025031493397600357
2024-06-25 14:30:00+00:00,543.97998046875,544.47998046875,543.4304809570312,544.0599975585938,4185103,6.299059530404256,0.00012868402205867824
2024-06-25 15:30:00+00:00,544.0499877929688,544.4301147460938,543.4199829101562,543.6199951171875,4602975,6.298250464376802,-0.0008090660274540085
2024-06-25 16:30:00+00:00,543.6099853515625,543.7000122070312,542.4400024414062,543.6900024414062,5204435,6.298379235977308,0.00012877160050539516
2024-06-25 17:30:00+00:00,543.6900024414062,544.8699951171875,543.4299926757812,544.8460083007812,3391128,6.300503201160913,0.0021239651836051365
2024-06-25 18:30:00+00:00,544.8400268554688,545.1199951171875,543.7999877929688,545.1199951171875,4714370,6.30100594495534,0.0005027437944269408
2024-06-25 19:30:00+00:00,545.1199951171875,545.2000122070312,544.1699829101562,544.7899780273438,5283041,6.300400358974733,-0.000605585980606449
2024-06-26 13:30:00+00:00,543.6900024414062,544.7999877929688,543.1699829101562,543.8049926757812,5704495,6.298590713244458,-0.0018096457302752
2024-06-26 14:30:00+00:00,543.7999877929688,544.5599975585938,543.030029296875,543.9600219726562,4044970,6.29887575513464,0.00028504189018185855
2024-06-26 15:30:00+00:00,543.9500122070312,545.4500122070312,543.655029296875,545.1900024414062,3693924,6.301134362239363,0.0022586071047232537
2024-06-26 16:30:00+00:00,545.1799926757812,545.3400268554688,544.010009765625,544.510009765625,4414298,6.299886325611985,-0.0012480366273779353
2024-06-26 17:30:00+00:00,544.530029296875,544.9400024414062,544.27001953125,544.7349853515625,2318177,6.300299410987902,0.00041308537591699945
2024-06-26 18:30:00+00:00,544.739990234375,545.114990234375,544.1300048828125,544.6397705078125,2516545,6.300124604579951,-0.00017480640795142222
2024-06-26 19:30:00+00:00,544.6300048828125,546.239990234375,544.4500122070312,545.530029296875,7600247,6.301757852881488,0.0016332483015375487
2024-06-27 13:30:00+00:00,545.3699951171875,546.9600219726562,545.1400146484375,546.530029296875,5923547,6.303589254500169,0.0018314016186806725
2024-06-27 14:30:00+00:00,546.530029296875,546.8099975585938,544.9199829101562,545.2899780273438,3554510,6.301317722939253,-0.0022715315609156406
2024-06-27 15:30:00+00:00,545.2750244140625,546.02001953125,544.6699829101562,545.8599853515625,4866462,6.302362505774243,0.001044782834989988
2024-06-27 16:30:00+00:00,545.8499755859375,546.3400268554688,545.6119995117188,546.3049926757812,2430191,6.3031774144332795,0.0008149086590361065
2024-06-27 17:30:00+00:00,546.3099975585938,546.4299926757812,544.6400146484375,544.77001953125,2610777,6.300363723092101,-0.0028136913411787035
2024-06-27 18:30:00+00:00,544.780029296875,545.8099975585938,544.6099853515625,545.7650146484375,3333082,6.302188507004767,0.0018247839126663834
2024-06-27 19:30:00+00:00,545.760009765625,546.4000244140625,545.1799926757812,546.3400268554688,6290414,6.303241541719037,0.0010530347142694296
2024-06-28 13:30:00+00:00,547.1599731445312,550.280029296875,546.6699829101562,549.5256958007812,9440369,6.30905553489919,0.005813993180153076
2024-06-28 14:30:00+00:00,549.52001953125,550.0700073242188,547.25,547.7301025390625,5936989,6.305782652008498,-0.0032728828906920526
2024-06-28 15:30:00+00:00,547.739990234375,548.27001953125,546.2100219726562,546.969970703125,3848642,6.304393902748888,-0.001388749259609412
2024-06-28 16:30:00+00:00,546.969970703125,547.1300048828125,545.489990234375,546.280029296875,6035307,6.30313171844,-0.0012621843088878038
2024-06-28 17:30:00+00:00,546.280029296875,546.5800170898438,545.239990234375,545.3900146484375,4708406,6.301501161935193,-0.0016305565048071458
2024-06-28 18:30:00+00:00,545.4000244140625,545.6500244140625,544.5800170898438,544.780029296875,10085163,6.300382097219359,-0.0011190647158345612
2024-06-28 19:30:00+00:00,544.7999877929688,545.469970703125,542.9500122070312,544.0900268554688,19595265,6.299114723707034,-0.0012673735123245322
2024-07-01 13:30:00+00:00,545.6300048828125,545.8599243164062,542.5999755859375,544.3300170898438,10768619,6.299555711980999,0.00044098827396510387
2024-07-01 14:30:00+00:00,544.3300170898438,544.4000244140625,542.52001953125,544.219970703125,3885401,6.299353523035471,-0.00020218894552836986
2024-07-01 15:30:00+00:00,544.2100219726562,545.25,543.6500244140625,545.2100219726562,3718818,6.301171081848321,0.001817558812850173
2024-07-01 16:30:00+00:00,545.22998046875,545.3699951171875,544.5999755859375,545.0499877929688,2393909,6.300877511178199,-0.00029357067012192317
2024-07-01 17:30:00+00:00,545.0499877929688,545.6699829101562,544.5499877929688,544.7999877929688,2395705,6.300418732428858,-0.0004587787493415263
2024-07-01 18:30:00+00:00,544.7999877929688,545.1500244140625,543.8200073242188,544.3300170898438,2825621,6.299555711980999,-0.0008630204478583536
2024-07-01 19:30:00+00:00,544.3499755859375,545.8800048828125,544.2894897460938,545.3699951171875,6255295,6.3014644544448695,0.0019087424638701833
2024-07-02 13:30:00+00:00,543.7000122070312,545.7100219726562,543.6500244140625,545.3300170898438,6558371,6.301391147344999,-7.330709987041217e-05
2024-07-02 14:30:00+00:00,545.3300170898438,546.0999755859375,545.0999755859375,546.0599975585938,3144084,6.302728855346371,0.0013377080013716736
2024-07-02 15:30:00+00:00,546.0599975585938,546.510009765625,545.1199951171875,545.8350219726562,3257574,6.302316772526875,-0.0004120828194960069
2024-07-02 16:30:00+00:00,545.8400268554688,546.9199829101562,545.6099853515625,546.6594848632812,3199256,6.30382609461862,0.0015093220917457018
2024-07-02 17:30:00+00:00,546.6599731445312,547.8800048828125,546.4501953125,547.7249755859375,3072694,6.305773291600705,0.0019471969820843427
2024-07-02 18:30:00+00:00,547.72998046875,548.0800170898438,547.47998046875,547.9749755859375,5477341,6.306229620916173,0.00045632931546801814
2024-07-02 19:30:00+00:00,548.0,548.97998046875,547.8300170898438,548.969970703125,8342306,6.3080437418407165,0.001814120924543694
2024-07-03 13:30:00+00:00,548.6900024414062,550.1099853515625,548.6500244140625,549.1799926757812,6774665,6.308426243288098,0.00038250144738150027
2024-07-03 14:30:00+00:00,549.1599731445312,550.489990234375,549.0900268554688,550.030029296875,4688661,6.309972875457651,0.001546632169553419
2024-07-03 15:30:00+00:00,550.030029296875,551.1849975585938,549.8701171875,551.139892578125,5909135,6.311988665455219,0.0020157899975679072
2024-07-05 13:30:00+00:00,551.77001953125,552.7750244140625,551.1199951171875,552.094970703125,6477354,6.313720079853697,0.001731414398477682
2024-07-05 14:30:00+00:00,552.0999755859375,553.1400146484375,551.7979736328125,552.9099731445312,4223393,6.315195191062435,0.0014751112087383333
2024-07-05 15:30:00+00:00,552.8900146484375,553.760009765625,552.8629150390625,553.6099853515625,2877165,6.31646044126428,0.0012652502018450917
2024-07-05 16:30:00+00:00,553.5999755859375,553.9860229492188,553.0999755859375,553.8648071289062,3090955,6.31692062651377,0.00046018524948987505
2024-07-05 17:30:00+00:00,553.9000244140625,554.52001953125,553.8400268554688,554.0399780273438,3557626,6.317236846647926,0.0003162201341559978
2024-07-05 18:30:00+00:00,554.0399780273438,554.6099853515625,553.8599853515625,554.3499755859375,5538042,6.317796212177479,0.0005593655295523803
2024-07-05 19:30:00+00:00,554.3499755859375,555.0499877929688,554.25,554.7000122070312,8242274,6.318427449067735,0.0006312368902561261
2024-07-08 13:30:00+00:00,555.4400024414062,556.2501220703125,555.1599731445312,555.49169921875,5553110,6.319853666067498,0.0014262169997634189
2024-07-08 14:30:00+00:00,555.489990234375,555.5700073242188,554.9099731445312,555.3699951171875,3008857,6.319634549497596,-0.00021911656990258876
2024-07-08 15:30:00+00:00,555.3599853515625,555.4500122070312,554.2949829101562,554.5850219726562,2874923,6.3182201259158965,-0.0014144235816990758
2024-07-08 16:30:00+00:00,554.5800170898438,554.9199829101562,554.469970703125,554.9000244140625,1960915,6.318787961329083,0.0005678354131868346
2024-07-08 17:30:00+00:00,554.9099731445312,555.3699951171875,554.8900146484375,555.219970703125,1851568,6.3193643788322875,0.0005764175032041408
2024-07-08 18:30:00+00:00,555.22998046875,555.22998046875,554.1900024414062,554.6190185546875,2529125,6.318281424975041,-0.0010829538572467712
2024-07-08 19:30:00+00:00,554.5999755859375,555.5599975585938,554.5100708007812,555.3400268554688,8031607,6.319580587147148,0.0012991621721072377
2024-07-09 13:30:00+00:00,556.260009765625,556.8963012695312,555.6699829101562,556.02001953125,4925845,6.320804299953538,0.0012237128063903313
2024-07-09 14:30:00+00:00,556.010009765625,556.9099731445312,555.719970703125,556.0499877929688,3188558,6.3208581963117325,5.389635819419425e-05
2024-07-09 15:30:00+00:00,556.0499877929688,556.801513671875,555.8400268554688,556.6900024414062,2125455,6.322008536417473,0.001150340105740888
2024-07-09 16:30:00+00:00,556.6799926757812,557.1799926757812,555.7301025390625,556.0,3399760,6.320768294250582,-0.0012402421668911146
2024-07-09 17:30:00+00:00,556.0,556.3400268554688,555.719970703125,555.7449951171875,2670299,6.320309547166666,-0.0004587470839165775
2024-07-09 18:30:00+00:00,555.75,556.1799926757812,555.52001953125,555.7849731445312,2834639,6.320381480499104,7.193333243815658e-05
2024-07-09 19:30:00+00:00,555.780029296875,556.0800170898438,555.5599975585938,555.8499755859375,4655100,6.320498429757589,0.00011694925848537707
2024-07-10 13:30:00+00:00,557.0700073242188,557.75,556.7899780273438,557.3599853515625,5299133,6.323211324440039,0.002712894682449729
2024-07-10 14:30:00+00:00,557.3400268554688,557.7000122070312,556.77001953125,557.6799926757812,2682377,6.323785308044771,0.0005739836047320424
2024-07-10 15:30:00+00:00,557.6799926757812,559.0399780273438,557.6699829101562,558.9400024414062,4474642,6.326042137236319,0.0022568291915483485
2024-07-10 16:30:00+00:00,558.9299926757812,559.75,558.6699829101562,559.3701171875,3571501,6.326811359940742,0.0007692227044229227
2024-07-10 17:30:00+00:00,559.3499755859375,559.8699951171875,559.2100219726562,559.5599975585938,3063457,6.327150756245148,0.00033939630440560364
2024-07-10 18:30:00+00:00,559.5700073242188,560.219970703125,559.52001953125,560.0700073242188,4176517,6.328061788994673,0.000911032749525198
2024-07-10 19:30:00+00:00,560.0700073242188,561.6699829101562,559.9650268554688,561.260009765625,8415208,6.330184273669142,0.0021224846744685166
2024-07-11 13:30:00+00:00,561.4400024414062,562.3300170898438,559.2899780273438,559.77001953125,10987765,6.327526019968829,-0.002658253700312585
2024-07-11 14:30:00+00:00,559.760009765625,560.3699951171875,557.1099853515625,557.3200073242188,5945018,6.323139594387246,-0.0043864255815826425
2024-07-11 15:30:00+00:00,557.3200073242188,557.5900268554688,556.1799926757812,557.2050170898438,5969436,6.322933245974668,-0.0002063484125782722
2024-07-11 16:30:00+00:00,557.2098999023438,557.77001953125,555.8800048828125,557.0800170898438,4159995,6.32270888686243,-0.00022435911223794847
2024-07-11 17:30:00+00:00,557.0900268554688,557.0900268554688,555.8300170898438,556.25,3413299,6.32121783348045,-0.0014910533819803007
2024-07-11 18:30:00+00:00,556.2899780273438,557.489990234375,556.1900024414062,556.5579833984375,4778361,6.321771358276993,0.0005535247965431367
2024-07-11 19:30:00+00:00,556.5599975585938,557.5700073242188,556.4000244140625,556.4199829101562,10326962,6.321523374052388,-0.0002479842246048136
2024-07-12 13:30:00+00:00,557.6300048828125,559.8599853515625,557.1500244140625,559.780029296875,8056066,6.3275439017341615,0.006020527681773302
2024-07-12 14:30:00+00:00,559.780029296875,561.72998046875,559.6799926757812,561.7205200195312,6205261,6.331004430862442,0.0034605291282803208
2024-07-12 15:30:00+00:00,561.7100219726562,561.760009765625,560.1300048828125,560.6400146484375,3585984,6.329079014436035,-0.0019254164264070894
2024-07-12 16:30:00+00:00,560.6300048828125,562.4299926757812,560.4400024414062,562.4299926757812,4013536,6.332266668867825,0.0031876544317901434
2024-07-12 17:30:00+00:00,562.4249877929688,563.6699829101562,562.22998046875,562.9949951171875,5206576,6.33327073843266,0.0010040695648347864
2024-07-12 18:30:00+00:00,563.0,563.2949829101562,562.5599975585938,562.8200073242188,4062451,6.332959874224954,-0.0003108642077052082
2024-07-12 19:30:00+00:00,562.8200073242188,562.8200073242188,558.9500122070312,559.9000244140625,12466985,6.327758239959174,-0.005201634265780797
2024-07-15 13:30:00+00:00,562.030029296875,562.8300170898438,561.3900146484375,562.7000122070312,7516929,6.332746648132908,0.004988408173734804
2024-07-15 14:30:00+00:00,562.7000122070312,564.8370971679688,562.6588745117188,563.719970703125,4428783,6.334557622352694,0.0018109742197855994
2024-07-15 15:30:00+00:00,563.72998046875,564.1500244140625,562.1400146484375,562.8900146484375,3875212,6.333084253191016,-0.001473369161677951
2024-07-15 16:30:00+00:00,562.8800048828125,563.1799926757812,561.3599853515625,561.6699829101562,3202144,6.330914458392002,-0.0021697947990144684
2024-07-15 17:30:00+00:00,561.6199951171875,561.8499755859375,560.7100219726562,561.8101196289062,2822803,6.331163927375315,0.00024946898331368317
2024-07-15 18:30:00+00:00,561.8099975585938,562.5599975585938,561.6400146484375,562.0698852539062,3368310,6.331626193148346,0.0004622657730308788
2024-07-15 19:30:00+00:00,562.0700073242188,562.2849731445312,559.6300048828125,561.489990234375,8773715,6.330593947188565,-0.0010322459597809086
2024-07-16 13:30:00+00:00,562.864990234375,563.6099853515625,562.0999755859375,562.6599731445312,6784101,6.3326754903468885,0.002081543158323207
2024-07-16 14:30:00+00:00,562.7598876953125,564.469970703125,562.4199829101562,563.5399780273438,3770100,6.334238276885815,0.0015627865389262752
2024-07-16 15:30:00+00:00,563.530029296875,563.5900268554688,562.22998046875,562.6400146484375,2497390,6.332640018034949,-0.0015982588508656193
2024-07-16 16:30:00+00:00,562.6099853515625,563.5900268554688,562.2899780273438,562.739990234375,2735468,6.332817692395195,0.00017767436024573868
2024-07-16 17:30:00+00:00,562.7100219726562,563.5900268554688,562.47998046875,563.3900146484375,2991534,6.333972131906506,0.0011544395113114447
2024-07-16 18:30:00+00:00,563.3800048828125,564.60009765625,563.280029296875,564.4249877929688,4938564,6.335807492196661,0.0018353602901548527
2024-07-16 19:30:00+00:00,564.4299926757812,565.1599731445312,564.0098876953125,564.844970703125,7670156,6.336551305359067,0.0007438131624057931
2024-07-17 13:30:00+00:00,559.25,560.510009765625,557.909912109375,558.6900024414062,11790838,6.3255947619814,-0.010956543377666605
2024-07-17 14:30:00+00:00,558.6799926757812,559.10498046875,557.8099975585938,558.5999145507812,5303361,6.325433500540749,-0.00016126144065164993
2024-07-17 15:30:00+00:00,558.60498046875,558.6699829101562,557.2899780273438,557.369873046875,3975210,6.3232290645144404,-0.002204436026308265
2024-07-17 16:30:00+00:00,557.3499755859375,558.0399780273438,556.6099853515625,557.3800048828125,4714942,6.3232472422889145,1.817777447410407e-05
2024-07-17 17:30:00+00:00,557.3701782226562,558.1500244140625,556.8400268554688,558.0399780273438,4509306,6.324430605025209,0.001183362736294491
2024-07-17 18:30:00+00:00,558.0399780273438,558.375,557.0399780273438,558.0700073242188,5054225,6.324484415666232,5.381064102305544e-05
2024-07-17 19:30:00+00:00,558.0599975585938,558.280029296875,556.9500122070312,556.9500122070312,10406212,6.3224754912088414,-0.0020089244573906484
2024-07-18 13:30:00+00:00,558.510009765625,559.52001953125,557.7050170898438,558.8400268554688,8231861,6.325863254838024,0.003387763629182139
2024-07-18 14:30:00+00:00,558.8300170898438,558.8300170898438,553.780029296875,553.8104858398438,8250570,6.316822544901855,-0.009040709936168234
2024-07-18 15:30:00+00:00,553.7999877929688,554.3800048828125,552.3800048828125,552.9199829101562,6280173,6.315213294687808,-0.0016092502140470089
2024-07-18 16:30:00+00:00,552.8800048828125,554.9450073242188,552.6900024414062,554.3699951171875,3450558,6.317832325049586,0.0026190303617772415
2024-07-18 17:30:00+00:00,554.3699951171875,554.8099975585938,552.5700073242188,552.5800170898438,3535604,6.314598250217379,-0.0032340748322061685
2024-07-18 18:30:00+00:00,552.4249877929688,552.8699951171875,550.4299926757812,551.4500122070312,8300330,6.312551194888399,-0.0020470553289806404
2024-07-18 19:30:00+00:00,551.4400024414062,553.8499755859375,551.1400146484375,552.6599731445312,11015885,6.314742935635087,0.0021917407466878203
2024-07-19 13:30:00+00:00,552.4199829101562,554.0800170898438,551.0399780273438,551.1099853515625,8626059,6.311934399671809,-0.0028085359632772366
2024-07-19 14:30:00+00:00,551.1300048828125,551.989990234375,549.594970703125,549.64501953125,4737321,6.3092726508198975,-0.002661748851911838
2024-07-19 15:30:00+00:00,549.6478271484375,551.489990234375,549.2172241210938,550.0700073242188,13298825,6.31004555617037,0.0007729053504723638
2024-07-19 16:30:00+00:00,550.0700073242188,550.1900024414062,547.9099731445312,548.5900268554688,5500481,6.30735139907371,-0.002694157096660099
2024-07-19 17:30:00+00:00,548.5700073242188,549.7160034179688,548.0900268554688,548.6900024414062,4201573,6.307533623453166,0.00018222437945603076
2024-07-19 18:30:00+00:00,548.7000122070312,550.4600219726562,548.02001953125,549.989990234375,8040360,6.309900078487039,0.002366455033873116
2024-07-19 19:30:00+00:00,549.989990234375,550.0800170898438,548.1400146484375,548.9500122070312,10617936,6.308007384917796,-0.0018926935692427094
2024-07-22 13:30:00+00:00,553.0,554.4100952148438,551.3400268554688,553.2000122070312,9580954,6.31571962185682,0.007712236939023676
2024-07-22 14:30:00+00:00,553.2100219726562,554.4600219726562,551.6998901367188,551.739990234375,5337648,6.313076903122484,-0.0026427187343358582
2024-07-22 15:30:00+00:00,551.75,552.4199829101562,551.02001953125,552.14501953125,3534249,6.313810728315267,0.0007338251927828665
2024-07-22 16:30:00+00:00,552.1099853515625,554.3900146484375,551.8004150390625,554.135009765625,2994151,6.317408356995228,0.0035976286799614954
2024-07-22 17:30:00+00:00,554.1400146484375,555.0800170898438,554.0999755859375,554.5800170898438,3511091,6.318211101320572,0.0008027443253437738
2024-07-22 18:30:00+00:00,554.5750122070312,555.27001953125,554.155029296875,554.52001953125,3598136,6.318102909892079,-0.00010819142849349817
2024-07-22 19:30:00+00:00,554.510009765625,555.1400146484375,554.3300170898438,554.6500244140625,6511374,6.318337328201728,0.00023441830964898713
2024-07-23 13:30:00+00:00,554.5399780273438,556.4099731445312,554.1300048828125,556.0001220703125,5932413,6.32076851380148,0.0024311855997520837
2024-07-23 14:30:00+00:00,556.02001953125,556.7349853515625,554.280029296875,556.4299926757812,4101597,6.3215413634774595,0.000772849675979792
2024-07-23 15:30:00+00:00,556.4254760742188,556.6500244140625,554.530029296875,555.0651245117188,2800687,6.31908544832502,-0.0024559151524394807
2024-07-23 16:30:00+00:00,555.0599975585938,555.1500244140625,554.1799926757812,554.760009765625,4090280,6.318535605391467,-0.0005498429335526467
2024-07-23 17:30:00+00:00,554.72998046875,555.5499877929688,554.27001953125,554.8886108398438,2309908,6.318767392413785,0.00023178702231785309
2024-07-23 18:30:00+00:00,554.9000244140625,555.3900146484375,554.75,555.2100219726562,2197232,6.319346460133163,0.0005790677193777682
2024-07-23 19:30:00+00:00,555.1699829101562,555.1799926757812,553.2750244140625,553.72998046875,6783560,6.316677168053452,-0.0026692920797106723
2024-07-24 13:30:00+00:00,548.8599853515625,549.1699829101562,545.4349975585938,546.0399780273438,11976984,6.302692192894764,-0.013984975158688684
2024-07-24 14:30:00+00:00,546.030029296875,546.1900024414062,544.1900024414062,544.739990234375,6683031,6.30030859868459,-0.002383594210173534
2024-07-24 15:30:00+00:00,544.760009765625,545.280029296875,543.8900146484375,544.1995239257812,4671278,6.299315951533955,-0.0009926471506354062
2024-07-24 16:30:00+00:00,544.2689819335938,545.030029296875,543.6300048828125,544.3040161132812,5188485,6.299507943905091,0.00019199237113642909
2024-07-24 17:30:00+00:00,544.2849731445312,544.9500122070312,543.1799926757812,543.3599853515625,4494870,6.297772056723936,-0.001735887181155249
2024-07-24 18:30:00+00:00,543.35498046875,543.589599609375,541.489990234375,541.6500244140625,9631294,6.2946200814650775,-0.0031519752588584637
2024-07-24 19:30:00+00:00,541.655029296875,542.9000244140625,540.2899780273438,541.2100219726562,16010792,6.2938074141825595,-0.0008126672825179426
2024-07-25 13:30:00+00:00,541.3499755859375,541.6199951171875,537.4500122070312,540.5999755859375,12824669,6.292679588681298,-0.001127825501261448
2024-07-25 14:30:00+00:00,540.5800170898438,544.6296997070312,540.02001953125,543.22998046875,7899285,6.297532767042415,0.004853178361116761
2024-07-25 15:30:00+00:00,543.219970703125,546.3800048828125,542.4000244140625,546.1500244140625,5163022,6.302893707991671,0.005360940949255877
2024-07-25 16:30:00+00:00,546.1799926757812,547.4550170898438,544.4605102539062,544.719970703125,5362837,6.300271847391344,-0.002621860600326542
2024-07-25 17:30:00+00:00,544.719970703125,545.0999755859375,542.530029296875,542.969970703125,4399882,6.297054015832178,-0.0032178315591657736
2024-07-25 18:30:00+00:00,542.9500122070312,543.6799926757812,540.52001953125,543.1400146484375,7501788,6.297367140559867,0.0003131247276888516
2024-07-25 19:30:00+00:00,543.1300048828125,543.3099975585938,538.1300048828125,538.3400268554688,10394986,6.288490380698597,-0.008876759861270678
2024-07-26 13:30:00+00:00,542.280029296875,544.6300048828125,541.489990234375,543.6309204101562,9842268,6.298270561472722,0.009780180774125569
2024-07-26 14:30:00+00:00,543.6300048828125,544.030029296875,541.6699829101562,543.2100219726562,5445711,6.297496025950314,-0.0007745355224084705
2024-07-26 15:30:00+00:00,543.2100219726562,546.02001953125,542.8889770507812,545.5712280273438,7755037,6.301833370584748,0.004337344634434359
2024-07-26 16:30:00+00:00,545.5700073242188,547.1900024414062,545.2999877929688,547.0499877929688,3270563,6.304540183608511,0.002706813023762855
2024-07-26 17:30:00+00:00,547.0499877929688,547.1300048828125,544.010009765625,544.489990234375,6334187,6.299849558796095,-0.004690624812416111
2024-07-26 18:30:00+00:00,544.510009765625,545.0700073242188,543.030029296875,544.760009765625,0,6.3003453486272285,0.0004957898311337416
2024-07-26 19:30:00+00:00,544.75,544.8400268554688,542.7249755859375,544.3800048828125,46246282,6.299647541379085,-0.0006978072481436115
2024-07-29 13:30:00+00:00,546.02001953125,547.0399780273438,544.75,545.3699951171875,8329658,6.3014644544448695,0.0018169130657845756
2024-07-29 14:30:00+00:00,545.3900146484375,545.6500244140625,543.3499755859375,544.1500244140625,4972352,6.29922498900849,-0.0022394654363795397
2024-07-29 15:30:00+00:00,544.1500244140625,546.780029296875,542.719970703125,545.9962768554688,3842651,6.302612156775628,0.0033871677671379885
2024-07-29 16:30:00+00:00,546.0,547.0499877929688,545.2999877929688,545.3099975585938,2557957,6.301354435816019,-0.0012577209596091876
2024-07-29 17:30:00+00:00,545.3200073242188,545.989990234375,544.5900268554688,544.9600219726562,2466952,6.300712437794083,-0.0006419980219360966
2024-07-29 18:30:00+00:00,544.9400024414062,545.64501953125,544.4600219726562,545.4299926757812,3007235,6.3015744609709525,0.0008620231768698972
2024-07-29 19:30:00+00:00,545.4299926757812,546.0499877929688,544.52001953125,544.760009765625,6371515,6.3003453486272285,-0.0012291123437240259
2024-07-30 13:30:00+00:00,546.260009765625,547.3400268554688,544.780029296875,544.9600219726562,7504304,6.300712437794083,0.00036708916685412873
2024-07-30 14:30:00+00:00,544.97998046875,545.0800170898438,541.2135009765625,542.1400146484375,6578602,6.295524297687961,-0.005188140106121786
2024-07-30 15:30:00+00:00,542.1199951171875,542.3900146484375,540.0999755859375,540.8099975585938,4738584,6.293068011167705,-0.002456286520255979
2024-07-30 16:30:00+00:00,540.8099975585938,541.1500244140625,538.5150146484375,540.5125732421875,4459098,6.292517899051417,-0.0005501121162883038
2024-07-30 17:30:00+00:00,540.5,542.6599731445312,540.1900024414062,541.9351196289062,3811063,6.29514628879265,0.0026283897412335833
2024-07-30 18:30:00+00:00,541.9099731445312,542.219970703125,540.77001953125,541.719970703125,3851350,6.294749208705956,-0.00039708008669414596
2024-07-30 19:30:00+00:00,541.7100219726562,543.655029296875,541.25,541.9099731445312,8810410,6.2950998864339605,0.00035067772800445596
2024-07-31 13:30:00+00:00,548.97998046875,550.5499877929688,547.5798950195312,550.2999877929688,10236612,6.310463561883211,0.015363675449250103
2024-07-31 14:30:00+00:00,550.2899780273438,551.280029296875,549.6199951171875,551.1199951171875,4619368,6.311952562425141,0.001489000541930352
2024-07-31 15:30:00+00:00,551.1199951171875,551.7100219726562,550.280029296875,550.5100708007812,3353576,6.310845249911445,-0.0011073125136960016
2024-07-31 16:30:00+00:00,550.5,550.97998046875,549.9199829101562,550.338623046875,4039165,6.310533767041455,-0.00031148286999016506
2024-07-31 17:30:00+00:00,550.3300170898438,551.3049926757812,548.6599731445312,550.9550170898438,5407430,6.311653167144876,0.0011194001034215972
2024-07-31 18:30:00+00:00,550.9600219726562,553.5,549.22998046875,549.6799926757812,12032711,6.309336277398307,-0.002316889746569295
2024-07-31 19:30:00+00:00,549.6599731445312,552.2667846679688,549.280029296875,550.4299926757812,15135770,6.310699777641341,0.0013635002430341103
2024-08-01 13:30:00+00:00,552.5700073242188,554.8687744140625,549.8099975585938,549.830078125,11895611,6.309609281628348,-0.0010904960129929364
2024-08-01 14:30:00+00:00,549.8699951171875,550.25,546.0,546.1699829101562,8288522,6.302930251304916,-0.006679030323431867
2024-08-01 15:30:00+00:00,546.1099853515625,546.5800170898438,544.1699829101562,545.030029296875,7656258,6.300840892772609,-0.002089358532307628
2024-08-01 16:30:00+00:00,545.0499877929688,545.0499877929688,541.8200073242188,542.2999877929688,0,6.295819331337276,-0.005021561435333055
2024-08-01 17:30:00+00:00,542.2999877929688,542.859619140625,539.8198852539062,540.260009765625,43649411,6.292050523240573,-0.003768808096702436
2024-08-01 18:30:00+00:00,540.239990234375,541.7000122070312,539.4299926757812,541.469970703125,7814437,6.294287609138082,0.002237085897508706
2024-08-01 19:30:00+00:00,541.4600219726562,543.469970703125,541.1599731445312,543.0399780273438,13590112,6.297182941583545,0.002895332445462806
2024-08-02 13:30:00+00:00,535.75,536.989990234375,529.5900268554688,530.47998046875,20376913,6.273782220242541,-0.02340072134100346
2024-08-02 14:30:00+00:00,530.47998046875,531.5,528.5999755859375,529.4199829101562,11037405,6.271782035416395,-0.0020001848261461674
2024-08-02 15:30:00+00:00,529.4299926757812,533.2100219726562,529.2000122070312,532.719970703125,10348217,6.277995902807481,0.00621386739108587
2024-08-02 16:30:00+00:00,532.7000122070312,533.52001953125,530.510009765625,530.5800170898438,6167133,6.273970780025438,-0.0040251227820427005
2024-08-02 17:30:00+00:00,530.5700073242188,531.780029296875,529.5399780273438,531.75,5934159,6.276173454080347,0.002202674054908371
2024-08-02 18:30:00+00:00,531.72998046875,532.6179809570312,530.6300048828125,532.3200073242188,6697640,6.277244826029219,0.0010713719488721907
2024-08-02 19:30:00+00:00,532.3499755859375,533.1699829101562,530.52001953125,532.989990234375,12026320,6.278502643941421,0.0012578179122018085
2024-08-05 13:30:00+00:00,511.0,520.9299926757812,510.67999267578125,514.6400146484375,46359416,6.243467655566209,-0.03503498837521146
2024-08-05 14:30:00+00:00,514.6699829101562,521.0,514.6199951171875,519.6799926757812,13547487,6.253213223439549,0.009745567873340022
2024-08-05 15:30:00+00:00,519.6749877929688,523.5800170898438,519.0999755859375,523.5700073242188,10599758,6.260670750737752,0.007457527298202926
2024-08-05 16:30:00+00:00,523.5499877929688,523.5499877929688,518.25,519.6599731445312,10033675,6.253174699892085,-0.007496050845666957
2024-08-05 17:30:00+00:00,519.6400146484375,520.8800048828125,517.72998046875,518.9500122070312,8016406,6.251807562933855,-0.0013671369582297643
2024-08-05 18:30:00+00:00,518.9099731445312,519.4000244140625,515.3300170898438,516.4299926757812,11457008,6.246939737603051,-0.004867825330804543
2024-08-05 19:30:00+00:00,516.4849853515625,517.75,514.8800048828125,517.4099731445312,23130187,6.248835545067765,0.0018958074647139611
2024-08-06 13:30:00+00:00,519.219970703125,524.2899780273438,517.8699951171875,522.9299926757812,17331704,6.259447597888767,0.01061205282100186
2024-08-06 14:30:00+00:00,523.0,526.510009765625,522.1500244140625,522.4199829101562,8535031,6.258471829355735,-0.0009757685330313848
2024-08-06 15:30:00+00:00,522.4600219726562,526.9550170898438,522.4099731445312,525.97998046875,5935765,6.265263152068069,0.006791322712333958
2024-08-06 16:30:00+00:00,526.02001953125,528.1561279296875,525.510009765625,527.85009765625,5165523,6.268812337443265,0.0035491853751956626
2024-08-06 17:30:00+00:00,527.8800048828125,528.9099731445312,526.9000244140625,528.8903198242188,6679981,6.27078107543558,0.001968737992315006
2024-08-06 18:30:00+00:00,528.9000244140625,529.75,525.010009765625,526.7203979492188,9526825,6.2666698535716385,-0.004111221863941417
2024-08-06 19:30:00+00:00,526.75,527.030029296875,521.969970703125,522.1900024414062,16469955,6.258031511005938,-0.008638342565700619
2024-08-07 13:30:00+00:00,528.469970703125,531.5900268554688,527.9500122070312,528.75,12462130,6.270515730360488,0.012484219354550241
2024-08-07 14:30:00+00:00,528.780029296875,531.1500244140625,528.4600219726562,529.510009765625,5690523,6.271952069047152,0.0014363386866635963
2024-08-07 15:30:00+00:00,529.5499877929688,530.0,525.8200073242188,527.6599731445312,5300276,6.268452085998898,-0.0034999830482540517
2024-08-07 16:30:00+00:00,527.6599731445312,527.8200073242188,522.2899780273438,523.6500244140625,7464716,6.260823568842017,-0.007628517156880399
2024-08-07 17:30:00+00:00,523.6400146484375,524.9899291992188,519.4349975585938,520.6599731445312,9642084,6.25509718597257,-0.005726382869447377
2024-08-07 18:30:00+00:00,520.6500244140625,522.0999755859375,518.8300170898438,521.0700073242188,9077928,6.2558844037901435,0.0007872178175736266
2024-08-07 19:30:00+00:00,521.0399780273438,521.7899780273438,518.0518798828125,518.6500244140625,10586185,6.2512293289501635,-0.004655074839980067
2024-08-08 13:30:00+00:00,523.9099731445312,527.989990234375,521.8400268554688,527.8699951171875,14881525,6.268850032019841,0.017620703069677113
2024-08-08 14:30:00+00:00,527.8200073242188,528.47998046875,526.405029296875,527.8200073242188,6216281,6.268755330368995,-9.470165084568549e-05
2024-08-08 15:30:00+00:00,527.8099975585938,529.0161743164062,526.8499755859375,528.3905029296875,4473111,6.2698355992271635,0.001080268858168587
2024-08-08 16:30:00+00:00,527.8300170898438,529.97998046875,526.6500244140625,529.9500122070312,5635581,6.272782685507571,0.002947086280407518
2024-08-08 17:30:00+00:00,529.9600219726562,531.2899780273438,529.6900024414062,530.3499755859375,5416062,6.273537119917609,0.0007544344100383071
2024-08-08 18:30:00+00:00,530.3599853515625,530.9099731445312,529.030029296875,529.3099975585938,5697553,6.271574266950427,-0.001962852967182016
2024-08-08 19:30:00+00:00,529.3200073242188,531.030029296875,528.2000122070312,530.6300048828125,11530566,6.274064989073545,0.002490722123117628
2024-08-09 13:30:00+00:00,529.8099975585938,531.8099975585938,528.5599975585938,530.6099853515625,10172724,6.274027260508024,-3.772856552064496e-05
2024-08-09 14:30:00+00:00,530.6500244140625,532.64990234375,529.3800048828125,530.8400268554688,5228287,6.274460708159562,0.0004334476515372998
2024-08-09 15:30:00+00:00,530.9000244140625,531.8400268554688,529.7999877929688,530.2999877929688,3891265,6.273442861123979,-0.0010178470355821645
2024-08-09 16:30:00+00:00,530.2899780273438,534.1400146484375,530.22998046875,534.1199951171875,3739542,6.280620523673974,0.0071776625499948565
2024-08-09 17:30:00+00:00,534.1300048828125,534.510009765625,531.6900024414062,532.02001953125,4963381,6.2766811193314656,-0.003939404342508723
2024-08-09 18:30:00+00:00,532.010009765625,533.1599731445312,531.469970703125,532.72998046875,4672061,6.278014692550939,0.0013335732194734717
2024-08-09 19:30:00+00:00,532.739990234375,533.4099731445312,532.0599975585938,532.9099731445312,6570541,6.278352503979429,0.00033781142848976486
2024-08-12 13:30:00+00:00,534.2100219726562,534.72998046875,530.9500122070312,534.1900024414062,8867594,6.280751585490261,0.002399081510832346
2024-08-12 14:30:00+00:00,534.1799926757812,535.72998046875,531.8599853515625,532.8900146484375,5825977,6.278315051368574,-0.002436534121686762
2024-08-12 15:30:00+00:00,532.8599853515625,535.1500244140625,532.1300048828125,534.0800170898438,4615615,6.280545672472129,0.00223062110355432
2024-08-12 16:30:00+00:00,534.0700073242188,534.5599975585938,532.0999755859375,533.4299926757812,3206347,6.2793278394055445,-0.0012178330665841841
2024-08-12 17:30:00+00:00,533.4398803710938,533.8707885742188,531.760009765625,532.6400146484375,3317896,6.2778458013282865,-0.0014820380772579966
2024-08-12 18:30:00+00:00,532.6199951171875,533.2598876953125,532.3599853515625,532.6300048828125,4464016,6.277827008411108,-1.87929171788781e-05
2024-08-12 19:30:00+00:00,532.6500244140625,533.2999877929688,531.7650146484375,533.260009765625,6820871,6.279009128418836,0.0011821200077282157
2024-08-13 13:30:00+00:00,536.530029296875,538.4500122070312,536.280029296875,537.47998046875,10833544,6.286891513668647,0.007882385249811108
2024-08-13 14:30:00+00:00,537.4600219726562,538.97998046875,536.3300170898438,538.698974609375,4939399,6.28915692623076,0.0022654125621128784
2024-08-13 15:30:00+00:00,538.6900024414062,540.1749877929688,538.510009765625,539.6900024414062,4126591,6.290994905164353,0.001837978933592943
2024-08-13 16:30:00+00:00,539.7000122070312,541.1199951171875,539.27001953125,540.7449951171875,3943749,6.292947809343619,0.0019529041792658575
2024-08-13 17:30:00+00:00,540.75,541.030029296875,539.47998046875,540.9199829101562,3740808,6.293271362011127,0.00032355266750805356
2024-08-13 18:30:00+00:00,540.9199829101562,541.689697265625,540.6099853515625,541.2098999023438,5081258,6.29380718863181,0.0005358266206831885
2024-08-13 19:30:00+00:00,541.2000122070312,542.280029296875,540.9400024414062,542.010009765625,11211384,6.295284469471371,0.0014772808395608905
2024-08-14 13:30:00+00:00,542.8499755859375,543.27001953125,540.8400268554688,541.864990234375,8883670,6.295016874901674,-0.00026759456969660533
2024-08-14 14:30:00+00:00,541.885009765625,543.15771484375,540.1199951171875,543.15771484375,4040077,6.297399728670536,0.0023828537688617146
2024-08-14 15:30:00+00:00,543.2000122070312,544.9600219726562,542.1400146484375,542.64501953125,5233618,6.296455366800058,-0.0009443618704780832
2024-08-14 16:30:00+00:00,542.6500244140625,543.5499267578125,541.7999877929688,543.219970703125,3052549,6.297514340486061,0.0010589736860033838
2024-08-14 17:30:00+00:00,543.1599731445312,543.6199951171875,542.6300048828125,543.3775024414062,2621178,6.297804294665559,0.00028995417949762015
2024-08-14 18:30:00+00:00,543.3499755859375,544.3499755859375,542.844970703125,543.1099853515625,4281689,6.297311850715204,-0.0004924439503550815
2024-08-14 19:30:00+00:00,543.1099853515625,544.6900024414062,542.75,543.780029296875,9232808,6.298544807171082,0.0012329564558779538
2024-08-15 13:30:00+00:00,549.5,550.6699829101562,548.8800048828125,550.4000244140625,12682283,6.310645330976078,0.012100523804996044
2024-08-15 14:30:00+00:00,550.4000244140625,551.8900146484375,550.3599853515625,551.385009765625,6066522,6.312433312448711,0.0017879814726331489
2024-08-15 15:30:00+00:00,551.3900146484375,552.7100219726562,551.280029296875,552.5800170898438,4416469,6.314598250217379,0.002164937768668551
2024-08-15 16:30:00+00:00,552.5800170898438,552.6199951171875,551.260986328125,552.0499877929688,3837627,6.313638599772962,-0.0009596504444173704
2024-08-15 17:30:00+00:00,552.0399780273438,552.9199829101562,552.030029296875,552.7999877929688,4249066,6.314996250371276,0.001357650598314386
2024-08-15 18:30:00+00:00,552.8099975585938,553.1799926757812,552.4500122070312,553.0700073242188,6283719,6.315484589032797,0.0004883386615208707
2024-08-15 19:30:00+00:00,553.0700073242188,553.3599853515625,551.9099731445312,553.0678100585938,14488745,6.31548061617229,-3.972860507239773e-06
2024-08-16 13:30:00+00:00,551.4199829101562,553.6199951171875,551.260009765625,552.968017578125,7324404,6.315300165452258,-0.0001804507200322547
2024-08-16 14:30:00+00:00,552.9384155273438,553.1599731445312,551.64501953125,552.6799926757812,8117959,6.314779158936282,-0.0005210065159761967
2024-08-16 15:30:00+00:00,552.6799926757812,554.1599731445312,552.469970703125,553.89501953125,3677834,6.3169751733598,0.0021960144235180223
2024-08-16 16:30:00+00:00,553.9000244140625,555.02001953125,553.77001953125,554.5900268554688,4499427,6.318229150429778,0.001253977069977985
2024-08-16 17:30:00+00:00,554.5899047851562,554.8599853515625,553.8099975585938,554.2899780273438,4114947,6.317687975849793,-0.0005411745799843715
2024-08-16 18:30:00+00:00,554.2899780273438,554.72998046875,553.9000244140625,554.0999755859375,3034119,6.3173451318125515,-0.0003428440372417185
2024-08-16 19:30:00+00:00,554.094970703125,554.4600219726562,553.5499877929688,554.260009765625,6563230,6.31763390835251,0.000288776539958846
2024-08-19 13:30:00+00:00,554.72998046875,555.6799926757812,553.8599853515625,555.35498046875,6444648,6.319607513734885,0.001973605382374899
2024-08-19 14:30:00+00:00,555.3599853515625,556.75,555.27001953125,556.5150146484375,3461511,6.321694150851969,0.0020866371170837894
2024-08-19 15:30:00+00:00,556.510009765625,556.9600219726562,555.780029296875,556.77001953125,3258096,6.322152263337888,0.0004581124859193153
2024-08-19 16:30:00+00:00,556.77001953125,557.469970703125,556.5,557.1199951171875,2728292,6.322780647815442,0.0006283844775536451
2024-08-19 17:30:00+00:00,557.1300048828125,557.760009765625,556.8900146484375,557.7000122070312,3245391,6.323821205283676,0.0010405574682339491
2024-08-19 18:30:00+00:00,557.7000122070312,558.47998046875,557.6900024414062,558.2000122070312,4171133,6.324717342970783,0.000896137687107057
2024-08-19 19:30:00+00:00,558.2000122070312,559.5800170898438,557.9400024414062,559.5599975585938,9512170,6.327150756245148,0.0024334132743648595
2024-08-20 13:30:00+00:00,559.1500244140625,560.8400268554688,558.7899780273438,559.1099853515625,7547258,6.32634620756112,-0.0008045486840275728
2024-08-20 14:30:00+00:00,559.0999755859375,559.22998046875,557.8800048828125,557.969970703125,4749519,6.32430514498896,-0.0020410625721600795
2024-08-20 15:30:00+00:00,557.9600219726562,559.4299926757812,557.8400268554688,558.5850219726562,3124326,6.325406839640411,0.00110169465145038
2024-08-20 16:30:00+00:00,558.5800170898438,558.75,557.3250122070312,558.1798706054688,2348186,6.324681259193434,-0.0007255804469767924
2024-08-20 17:30:00+00:00,558.1699829101562,559.7399291992188,557.6900024414062,559.409912109375,3198662,6.326882499791025,0.002201240597591081
2024-08-20 18:30:00+00:00,559.3900146484375,559.47998046875,558.6400146484375,558.6799926757812,3088920,6.325576845327706,-0.0013056544633185396
2024-08-20 19:30:00+00:00,558.6699829101562,559.1699829101562,558.4000244140625,558.6199951171875,5492436,6.32546944792449,-0.00010739740321596969
2024-08-21 13:30:00+00:00,559.77001953125,560.8494873046875,559.0803833007812,560.1594848632812,6457050,6.328221537581685,0.002752089657194645
2024-08-21 14:30:00+00:00,560.1799926757812,562.1099853515625,558.5499877929688,560.0,5958883,6.327936783729195,-0.00028475385249038254
2024-08-21 15:30:00+00:00,559.7999877929688,560.1799926757812,557.989990234375,559.4299926757812,3565171,6.326918395125688,-0.0010183886035068923
2024-08-21 16:30:00+00:00,559.4299926757812,560.3699951171875,559.3499755859375,560.02001953125,2118771,6.327972532253155,0.0010541371274674916
2024-08-21 17:30:00+00:00,560.02001953125,561.27001953125,559.8800048828125,561.2526245117188,2777441,6.330171115235675,0.0021985829825199588
2024-08-21 18:30:00+00:00,561.25,561.7100219726562,559.219970703125,560.0999755859375,5619256,6.328115295627029,-0.0020558196086462033
2024-08-21 19:30:00+00:00,560.0800170898438,561.0499877929688,559.75,560.7000122070312,7956642,6.329186024900683,0.0010707292736542584
2024-08-22 13:30:00+00:00,562.5599975585938,563.1799926757812,560.5300903320312,561.1099853515625,7779561,6.3299169386270275,0.0007309137263442622
2024-08-22 14:30:00+00:00,561.0999755859375,561.2498779296875,559.0399780273438,559.1683959960938,3373442,6.326450672863426,-0.0034662657636017613
2024-08-22 15:30:00+00:00,559.1599731445312,559.9199829101562,557.0599975585938,559.6799926757812,5967896,6.327365178743797,0.0009145058803712303
2024-08-22 16:30:00+00:00,559.6799926757812,560.0700073242188,556.8900146484375,557.4801025390625,5684103,6.32342681218446,-0.003938366559337325
2024-08-22 17:30:00+00:00,557.4400024414062,557.4998779296875,555.239990234375,557.0499267578125,5036659,6.322654871023067,-0.0007719411613926752
2024-08-22 18:30:00+00:00,557.0399780273438,557.2999877929688,555.5499877929688,555.780029296875,4618392,6.3203725852070685,-0.0022822858159985415
2024-08-22 19:30:00+00:00,555.8300170898438,556.489990234375,554.97998046875,556.2100219726562,11678695,6.321145960286679,0.0007733750796106165
2024-08-23 13:30:00+00:00,559.530029296875,563.0900268554688,558.8300170898438,562.6900024414062,11312741,6.332728859161095,0.011582898874415548
2024-08-23 14:30:00+00:00,562.7100219726562,562.8499755859375,558.3499755859375,561.64501953125,8056368,6.330870012481716,-0.001858846679378523
2024-08-23 15:30:00+00:00,561.6599731445312,562.5,558.010009765625,558.5599975585938,5112187,6.3253620389858325,-0.005507973495883611
2024-08-23 16:30:00+00:00,558.5900268554688,560.4299926757812,557.2899780273438,560.27001953125,3424305,6.328418845253241,0.0030568062674083407
2024-08-23 17:30:00+00:00,560.27001953125,561.02001953125,560.1599731445312,560.8599853515625,3169473,6.329471293893807,0.0010524486405660838
2024-08-23 18:30:00+00:00,560.8599853515625,562.27001953125,560.1622924804688,562.1699829101562,4040627,6.331804264855904,0.0023329709620973915
2024-08-23 19:30:00+00:00,562.1699829101562,562.6799926757812,560.7100219726562,562.0900268554688,8564694,6.331662027198908,-0.00014223765699661328
2024-08-26 13:30:00+00:00,563.1799926757812,563.9099731445312,561.5,561.9000244140625,8075477,6.331323941567275,-0.00033808563163262306
2024-08-26 14:30:00+00:00,561.9000244140625,561.9199829101562,560.1599731445312,560.6400146484375,4042638,6.329079014436035,-0.0022449271312403596
2024-08-26 15:30:00+00:00,560.6300048828125,561.2327270507812,559.719970703125,561.1500244140625,2940034,6.329988292969459,0.0009092785334239295
2024-08-26 16:30:00+00:00,561.1799926757812,561.7100219726562,560.8400268554688,560.9600219726562,2268450,6.329649640902607,-0.00033865206685135263
2024-08-26 17:30:00+00:00,560.9600219726562,561.0999755859375,559.0499877929688,560.260009765625,3461960,6.328400979126741,-0.0012486617758664664
2024-08-26 18:30:00+00:00,560.239990234375,560.9099731445312,560.022705078125,560.4500122070312,3069486,6.328740054247872,0.0003390751211309606
2024-08-26 19:30:00+00:00,560.4500122070312,560.8300170898438,559.8499755859375,560.72998046875,7277793,6.329239471414369,0.0004994171664973734
2024-08-27 13:30:00+00:00,559.489990234375,561.1300048828125,558.3200073242188,561.0750122070312,6634792,6.3298546081830835,0.000615136768714386
2024-08-27 14:30:00+00:00,561.0399780273438,562.0499877929688,560.75,560.7899780273438,4020478,6.329346464710738,-0.0005081434723459566
2024-08-27 15:30:00+00:00,560.780029296875,561.1900024414062,559.8109741210938,560.8150024414062,2939155,6.329391087219557,4.462250881953622e-05
2024-08-27 16:30:00+00:00,560.780029296875,561.8699951171875,559.8499755859375,561.7899780273438,3868306,6.331128075471054,0.0017369882514968182
2024-08-27 17:30:00+00:00,561.7999877929688,562.0599975585938,561.3800048828125,561.7750244140625,2122556,6.3311014573167865,-2.6618154267410432e-05
2024-08-27 18:30:00+00:00,561.77001953125,561.8599853515625,561.1500244140625,561.52001953125,2983889,6.330647427204987,-0.0004540301117996748
2024-08-27 19:30:00+00:00,561.510009765625,561.8499755859375,561.1300048828125,561.5317993164062,5667588,6.330668405373508,2.0978168521423868e-05
2024-08-28 13:30:00+00:00,561.2100219726562,561.6500244140625,560.4099731445312,561.1099853515625,3644318,6.3299169386270275,-0.0007514667464807445
2024-08-28 14:30:00+00:00,561.0900268554688,561.3099975585938,557.7000122070312,558.3099975585938,4406687,6.32491435930016,-0.00500257932686754
2024-08-28 15:30:00+00:00,558.3200073242188,558.6589965820312,556.8925170898438,557.5,4169393,6.323462503334274,-0.0014518559658860397
2024-08-28 16:30:00+00:00,557.5050048828125,558.8699951171875,557.3099975585938,557.9500122070312,2193792,6.32426937451007,0.0008068711757962532
2024-08-28 17:30:00+00:00,557.9650268554688,558.2999877929688,555.0399780273438,555.72998046875,4362914,6.320282529647121,-0.003986844862949646
2024-08-28 18:30:00+00:00,555.7349853515625,558.780029296875,555.5,558.5499877929688,4960488,6.325344118161999,0.005061588514878146
2024-08-28 19:30:00+00:00,558.5499877929688,559.3599853515625,558.0399780273438,558.3300170898438,8331313,6.32495021603284,-0.0003939021291587963
2024-08-29 13:30:00+00:00,560.3099975585938,561.9500122070312,559.3699951171875,561.7100219726562,8634333,6.33098574159509,0.006035525562250399
2024-08-29 14:30:00+00:00,561.7349853515625,563.1900024414062,561.469970703125,562.1199951171875,3930756,6.33171534154612,0.0007295999510299467
2024-08-29 15:30:00+00:00,562.1300048828125,563.5399780273438,561.9199829101562,563.280029296875,2772863,6.333776892222088,0.0020615506759673607
2024-08-29 16:30:00+00:00,563.27001953125,563.6799926757812,562.1500244140625,562.469970703125,2452729,6.332337747236856,-0.0014391449852313443
2024-08-29 17:30:00+00:00,562.4600219726562,562.8900146484375,560.3499755859375,560.5800170898438,3033242,6.328971992518922,-0.0033657547179339886
2024-08-29 18:30:00+00:00,560.5599975585938,560.5599975585938,557.1799926757812,559.125,6833570,6.326373061753012,-0.0025989307659104455
2024-08-29 19:30:00+00:00,559.1099853515625,559.6400146484375,557.6900024414062,558.2999877929688,6124025,6.32489643045167,-0.001476631301342124
2024-08-30 13:30:00+00:00,560.77001953125,562.25,560.4099731445312,561.280029296875,6359632,6.330219941940304,0.005323511488634303
2024-08-30 14:30:00+00:00,561.280029296875,562.1699829101562,559.0700073242188,559.1900024414062,4213564,6.326489312436116,-0.003730629504188343
2024-08-30 15:30:00+00:00,559.1799926757812,559.6699829101562,558.0,558.1099853515625,4472003,6.324556049323211,-0.0019332631129049815
2024-08-30 16:30:00+00:00,558.0700073242188,559.8400268554688,557.1400146484375,558.9099731445312,3234423,6.325988410354291,0.0014323610310800206
2024-08-30 17:30:00+00:00,558.969970703125,560.0700073242188,558.5999755859375,559.6699829101562,3782082,6.327347293782268,0.0013588834279776307
2024-08-30 18:30:00+00:00,559.7000122070312,561.9600219726562,559.6300048828125,561.8200073242188,7871811,6.331181526930677,0.0038342331484084724
2024-08-30 19:30:00+00:00,561.8300170898438,564.2000122070312,561.2100219726562,563.5700073242188,14086087,6.3342915623633145,0.003110035432637659
2024-09-03 13:30:00+00:00,560.469970703125,560.8099975585938,556.3214721679688,557.1900024414062,12476691,6.322906299249,-0.011385263114314093
2024-09-03 14:30:00+00:00,557.1799926757812,557.1799926757812,555.0999755859375,556.3800048828125,6437633,6.321451522816228,-0.0014547764327721424
2024-09-03 15:30:00+00:00,556.3900146484375,556.989990234375,555.2100219726562,555.6500244140625,3801328,6.320138643569497,-0.001312879246730958
2024-09-03 16:30:00+00:00,555.6500244140625,555.8699951171875,554.6799926757812,555.6699829101562,3191446,6.320174562109548,3.59185400506945e-05
2024-09-03 17:30:00+00:00,555.6649780273438,555.72998046875,552.9400024414062,553.0399780273438,6054832,6.315430291906327,-0.0047442702032212125
2024-09-03 18:30:00+00:00,553.1300048828125,553.8200073242188,552.3099975585938,552.530029296875,6567183,6.314507783583461,-0.0009225083228656672
2024-09-03 19:30:00+00:00,552.530029296875,552.7550048828125,549.510009765625,552.1599731445312,13162015,6.313837810712578,-0.0006699728708827735
2024-09-04 13:30:00+00:00,550.2000122070312,552.780029296875,550.0250244140625,552.489990234375,10342650,6.314435316004938,0.0005975052923599122
2024-09-04 14:30:00+00:00,552.489990234375,554.4299926757812,552.0905151367188,552.1400146484375,6740874,6.3138016638388725,-0.0006336521660657013
2024-09-04 15:30:00+00:00,552.1300048828125,552.4171752929688,551.0700073242188,552.1199951171875,3660411,6.313765405111625,-3.625872724732915e-05
2024-09-04 16:30:00+00:00,552.1099853515625,553.0900268554688,551.0399780273438,551.2150268554688,2745274,6.312124981402353,-0.0016404237092721985
2024-09-04 17:30:00+00:00,551.2000122070312,551.6500244140625,550.5800170898438,551.3599853515625,3512082,6.312387926771737,0.00026294536938387125
2024-09-04 18:30:00+00:00,551.3499755859375,551.739990234375,549.4600219726562,550.719970703125,4725884,6.311226459825768,-0.0011614669459687477
2024-09-04 19:30:00+00:00,550.72998046875,551.9600219726562,550.0800170898438,550.8400268554688,8183849,6.311444434612588,0.00021797478682028526
2024-09-05 13:30:00+00:00,551.2999877929688,553.7994995117188,550.6500244140625,552.969970703125,8643373,6.315303697521904,0.0038592629093159303
2024-09-05 14:30:00+00:00,552.969970703125,553.5499877929688,547.8200073242188,547.9185791015625,5636074,6.306126697627349,-0.00917699989455567
2024-09-05 15:30:00+00:00,548.0,548.6199951171875,547.0999755859375,548.5595092773438,5165773,6.3072957684105635,0.0011690707832148206
2024-09-05 16:30:00+00:00,548.5499877929688,549.2999877929688,547.780029296875,547.8198852539062,2780692,6.305946556378075,-0.0013492120324887225
2024-09-05 17:30:00+00:00,547.72998046875,550.9299926757812,547.72998046875,550.0,3779187,6.309918278226516,0.003971721848441412
2024-09-05 18:30:00+00:00,549.989990234375,551.1799926757812,548.1400146484375,549.2800903320312,3805060,6.308608494164712,-0.0013097840618039314
2024-09-05 19:30:00+00:00,549.469970703125,550.260009765625,548.0399780273438,549.5700073242188,7346436,6.3091361675926585,0.0005276734279462403
2024-09-06 13:30:00+00:00,549.9400024414062,551.5999755859375,544.6400146484375,544.7000122070312,12248379,6.3002352068001874,-0.008900960792471047
2024-09-06 14:30:00+00:00,544.6900024414062,545.5050048828125,541.0399780273438,541.5,13438311,6.294343066441045,-0.005892140359142317
2024-09-06 15:30:00+00:00,541.489990234375,542.6500244140625,539.8400268554688,539.9000244140625,5437345,6.291383982443842,-0.002959083997203571
2024-09-06 16:30:00+00:00,539.9140014648438,542.0,539.6599731445312,540.8300170898438,4438770,6.293105028162234,0.0017210457183924888
2024-09-06 17:30:00+00:00,540.8300170898438,541.0499877929688,539.4400024414062,539.989990234375,3677853,6.291550602783506,-0.0015544253787282969
2024-09-06 18:30:00+00:00,540.0,541.8800048828125,539.5499877929688,541.3300170898438,6894920,6.29402910596919,0.002478503185684211
2024-09-06 19:30:00+00:00,541.3300170898438,541.7000122070312,539.6699829101562,540.4199829101562,13567032,6.292346583400443,-0.0016825225687471246
2024-09-09 13:30:00+00:00,544.4400024414062,546.24951171875,544.3699951171875,544.72998046875,8954097,6.300290223206799,0.007943639806356373
2024-09-09 14:30:00+00:00,544.719970703125,544.7700805664062,542.6799926757812,544.2000122070312,4260845,6.299316848780294,-0.0009733744265050248
2024-09-09 15:30:00+00:00,544.22998046875,547.0,544.1400146484375,546.8900146484375,4358833,6.30424771209213,0.00493086331183612
2024-09-09 16:30:00+00:00,546.9000854492188,547.7100219726562,546.77001953125,547.3300170898438,3101031,6.305051942415757,0.0008042303236264203
2024-09-09 17:30:00+00:00,547.3200073242188,547.3300170898438,544.9000244140625,544.9697875976562,3848382,6.300730357526004,-0.00432158488975265
2024-09-09 18:30:00+00:00,544.9600219726562,545.6300048828125,544.1799926757812,545.5900268554688,4449438,6.301867827138338,0.0011374696123338524
2024-09-09 19:30:00+00:00,545.5800170898438,546.510009765625,544.97998046875,546.4299926757812,6385889,6.3034061981772265,0.0015383710388885419
2024-09-10 13:30:00+00:00,548.3599853515625,548.6599731445312,545.54931640625,547.0800170898438,7879328,6.3045950752516395,0.001188877074413064
2024-09-10 14:30:00+00:00,547.0900268554688,547.7000122070312,545.6599731445312,547.4500122070312,3297614,6.305271155617418,0.0006760803657783754
2024-09-10 15:30:00+00:00,547.4500122070312,547.72998046875,543.3800048828125,544.2899780273438,4509060,6.299482152680789,-0.005789002936628762
2024-09-10 16:30:00+00:00,544.2650146484375,546.9600219726562,544.110107421875,546.3599853515625,4121953,6.303278072323728,0.0037959196429389053
2024-09-10 17:30:00+00:00,546.3599853515625,547.9500122070312,546.2899780273438,547.880126953125,3867472,6.306056516583621,0.0027784442598930426
2024-09-10 18:30:00+00:00,547.8925170898438,548.7899780273438,547.8300170898438,548.760009765625,4555383,6.307661205253767,0.0016046886701461816
2024-09-10 19:30:00+00:00,548.77001953125,549.1500244140625,548.1400146484375,548.8200073242188,5380891,6.3077705322417215,0.00010932698795418361
2024-09-11 13:30:00+00:00,547.7349853515625,548.3300170898438,541.2424926757812,541.2424926757812,14169829,6.293867408875529,-0.013903123366192816
2024-09-11 14:30:00+00:00,541.2349853515625,542.9000244140625,539.9600219726562,542.4299926757812,9908357,6.296059031328566,0.0021916224530373896
2024-09-11 15:30:00+00:00,542.4299926757812,546.8200073242188,542.3099975585938,546.780029296875,7711418,6.304046581316825,0.007987549988259346
2024-09-11 16:30:00+00:00,546.7800903320312,549.1900024414062,546.510009765625,548.8900146484375,5753289,6.307898083822581,0.0038515025057552776
2024-09-11 17:30:00+00:00,548.9000244140625,551.1400146484375,548.8201293945312,551.0075073242188,6418774,6.311748433967934,0.0038503501453535094
2024-09-11 18:30:00+00:00,551.0,553.4099731445312,550.97998046875,553.3300170898438,9401542,6.315954599453394,0.004206165485459934
2024-09-11 19:30:00+00:00,553.3150024414062,555.3599853515625,552.0800170898438,554.3599853515625,10344306,6.31781426877655,0.0018596693231556216
2024-09-12 13:30:00+00:00,554.5,556.0,552.739990234375,555.7999877929688,9166300,6.3204084953454105,0.002594226568860769
2024-09-12 14:30:00+00:00,555.7999877929688,556.6400146484375,554.0599975585938,554.9299926757812,5909820,6.318841966467285,-0.0015665288781256947
2024-09-12 15:30:00+00:00,554.9600219726562,555.5449829101562,554.2000122070312,555.3800048828125,3889830,6.319652572933338,0.00081060646605291
2024-09-12 16:30:00+00:00,555.4000244140625,558.0900268554688,555.0,557.8400268554688,4826139,6.324072231054639,0.004419658121300962
2024-09-12 17:30:00+00:00,557.8599853515625,559.3699951171875,557.6799926757812,559.0900268554688,5530312,6.3263105100188595,0.0022382789642207968
2024-09-12 18:30:00+00:00,559.080078125,559.4000244140625,556.5399780273438,558.760009765625,6160368,6.325720060336666,-0.0005904496821935723
2024-09-12 19:30:00+00:00,558.760009765625,559.219970703125,558.1199951171875,559.010009765625,8821546,6.326167379552247,0.00044731921558138765
2024-09-13 13:30:00+00:00,559.6099853515625,562.3599853515625,559.4500122070312,561.1199951171875,7602737,6.329934777689964,0.0037673981377164267
2024-09-13 14:30:00+00:00,561.1099853515625,562.510009765625,560.530029296875,561.8499755859375,4822328,6.33123486690092,0.0013000892109564788
2024-09-13 15:30:00+00:00,561.8798828125,562.9400024414062,561.52001953125,561.5700073242188,3649370,6.330736445523744,-0.0004984213771761503
2024-09-13 16:30:00+00:00,561.5650024414062,562.809814453125,561.3300170898438,562.760009765625,2918735,6.332853266862102,0.0021168213383582213
2024-09-13 17:30:00+00:00,562.7301025390625,563.030029296875,561.27001953125,561.409912109375,3944965,6.33045131982709,-0.002401947035012064
2024-09-13 18:30:00+00:00,561.4099731445312,561.969970703125,561.02001953125,561.7999877929688,3726025,6.331145892941715,0.0006945731146243972
2024-09-13 19:30:00+00:00,561.7999877929688,562.3400268554688,561.260009765625,561.9600219726562,5860827,6.331430712083486,0.00028481914177103107
2024-09-16 13:30:00+00:00,561.75,562.9199829101562,560.8599853515625,561.4788208007812,6951743,6.330574054501459,-0.0008566575820267985
2024-09-16 14:30:00+00:00,560.9099731445312,561.5399780273438,559.9000244140625,560.8300170898438,5125936,6.329417859769119,-0.0011561947323395216
2024-09-16 15:30:00+00:00,560.8200073242188,561.4199829101562,560.3400268554688,561.389892578125,3354915,6.3304156598079695,0.000997800038850194
2024-09-16 16:30:00+00:00,561.3800048828125,561.9099731445312,560.7899780273438,561.7150268554688,3311704,6.330994651638209,0.0005789918302392394
2024-09-16 17:30:00+00:00,561.7100219726562,562.5999755859375,561.6099853515625,562.5499877929688,3520039,6.332479997317621,0.0014853456794119424
2024-09-16 18:30:00+00:00,562.5399780273438,562.719970703125,561.8400268554688,562.260009765625,4598759,6.331964393732309,-0.0005156035853115526
2024-09-16 19:30:00+00:00,562.2449951171875,563.1099853515625,562.1524047851562,562.8599853515625,7009103,6.333030903340903,0.0010665096085942238
2024-09-17 13:30:00+00:00,565.0999755859375,566.25,564.0700073242188,565.9500122070312,7795411,6.338505756647527,0.005474853306624006
2024-09-17 14:30:00+00:00,565.8200073242188,566.5800170898438,564.6500244140625,565.1400146484375,5904559,6.337073513982796,-0.001432242664731298
2024-09-17 15:30:00+00:00,565.1500244140625,565.3400268554688,562.9000244140625,563.739990234375,6491615,6.334593134977436,-0.0024803790053598007
2024-09-17 16:30:00+00:00,563.739990234375,563.739990234375,560.97998046875,562.719970703125,4784559,6.3327821166627,-0.0018110183147364012
2024-09-17 17:30:00+00:00,562.739990234375,563.1799926757812,560.7949829101562,562.6300048828125,3715752,6.332622227166177,-0.00015988949652268047
2024-09-17 18:30:00+00:00,562.6201171875,562.889892578125,561.3300170898438,562.1820068359375,4587193,6.331825653043752,-0.0007965741224253975
2024-09-17 19:30:00+00:00,562.1699829101562,563.1699829101562,561.7150268554688,563.1099853515625,6758239,6.33347496492445,0.0016493118806986118
2024-09-18 13:30:00+00:00,563.739990234375,563.9299926757812,562.1300048828125,563.1300048828125,5640231,6.333510516017336,3.5551092885555136e-05
2024-09-18 14:30:00+00:00,563.1199951171875,563.3499755859375,562.25,562.760009765625,2987198,6.332853266862102,-0.0006572491552336857
2024-09-18 15:30:00+00:00,562.75,563.0700073242188,561.3400268554688,563.003173828125,4068977,6.333285265473934,0.00043199861183129684
2024-09-18 16:30:00+00:00,563.0189819335938,563.72998046875,562.8099975585938,563.719970703125,3234803,6.334557622352694,0.0012723568787604833
2024-09-18 17:30:00+00:00,563.7100219726562,568.6900024414062,561.7999877929688,565.9000244140625,14059824,6.338417427290485,0.003859804937791367
2024-09-18 18:30:00+00:00,565.9299926757812,566.97998046875,561.6099853515625,564.9400024414062,13819171,6.336719535138652,-0.0016978921518333578
2024-09-18 19:30:00+00:00,564.9400024414062,565.530029296875,560.8300170898438,561.3400268554688,8516046,6.330326830389913,-0.00639270474873932
2024-09-19 13:30:00+00:00,571.010009765625,571.3599853515625,568.219970703125,571.3499755859375,15326814,6.348001938862237,0.01767510847232412
2024-09-19 14:30:00+00:00,571.5,571.7559204101562,569.4299926757812,570.8991088867188,9603307,6.347212502076928,-0.0007894367853085171
2024-09-19 15:30:00+00:00,570.9000244140625,571.8200073242188,570.0499877929688,571.6799926757812,4511510,6.348579381463354,0.0013668793864258788
2024-09-19 16:30:00+00:00,571.6699829101562,572.0850219726562,571.1900024414062,571.8599243164062,5659467,6.348894073831213,0.0003146923678585267
2024-09-19 17:30:00+00:00,571.85498046875,572.8800048828125,570.8900146484375,572.0,6346185,6.349138991379798,0.0002449175485850219
2024-09-19 18:30:00+00:00,572.0,572.25,570.6699829101562,571.1699829101562,8443074,6.347686858716929,-0.0014521326628686992
2024-09-19 19:30:00+00:00,571.1699829101562,571.780029296875,570.3499755859375,570.9199829101562,13481518,6.347249064827699,-0.0004377938892297095
2024-09-20 13:30:00+00:00,567.844970703125,568.3900146484375,566.4099731445312,567.219970703125,14137567,6.34074718387722,-0.006501880950479766
2024-09-20 14:30:00+00:00,567.22998046875,567.760009765625,565.1699829101562,565.989990234375,12680802,6.338576392948522,-0.0021707909286972082
2024-09-20 15:30:00+00:00,565.97998046875,568.0001220703125,565.7100219726562,567.9500122070312,4603647,6.3420334081705745,0.0034570152220521067
2024-09-20 16:30:00+00:00,567.9099731445312,568.530029296875,567.6699829101562,568.219970703125,5486097,6.3425086161152215,0.0004752079446470603
2024-09-20 17:30:00+00:00,568.2249755859375,568.6455078125,566.4099731445312,566.6199951171875,6995501,6.339688876426394,-0.0028197396888272053
2024-09-20 18:30:00+00:00,566.5999755859375,568.6900024414062,566.0900268554688,568.239990234375,7136365,6.342543847503814,0.002854971077419499
2024-09-20 19:30:00+00:00,568.2349853515625,569.3099975585938,567.7999877929688,568.0999755859375,10705851,6.342297416588142,-0.0002464309156717803
2024-09-23 13:30:00+00:00,569.0700073242188,570.33251953125,568.25,569.7899780273438,6921524,6.345267833329527,0.0029704167413848737
2024-09-23 14:30:00+00:00,569.7999877929688,570.0900268554688,568.72998046875,569.7349853515625,3465602,6.345171314731705,-9.651859782167094e-05
2024-09-23 15:30:00+00:00,569.739990234375,570.1500244140625,568.3599853515625,568.9400024414062,2894440,6.343774984702775,-0.0013963300289301372
2024-09-23 16:30:00+00:00,568.9400024414062,569.2000122070312,568.0999755859375,568.7799072265625,3918975,6.343493553017279,-0.00028143168549643605
2024-09-23 17:30:00+00:00,568.8099975585938,569.5,568.5800170898438,569.239990234375,2458458,6.3443021206599095,0.0008085676426308197
2024-09-23 18:30:00+00:00,569.280029296875,569.5900268554688,569.0524291992188,569.510009765625,4176963,6.344776359143002,0.00047423848309247063
2024-09-23 19:30:00+00:00,569.510009765625,569.9099731445312,569.1300048828125,569.6199951171875,5126994,6.34496946326884,0.0001931041258380617
2024-09-24 13:30:00+00:00,570.47998046875,570.5499877929688,567.8200073242188,568.2783813476562,8270767,6.342611406663887,-0.0023580566049528073
2024-09-24 14:30:00+00:00,568.280029296875,570.0698852539062,567.5999755859375,569.8505249023438,4363304,6.345374089425026,0.0027626827611388904
2024-09-24 15:30:00+00:00,569.9219970703125,571.0700073242188,569.72998046875,570.5050048828125,5671919,6.346521942064372,0.0011478526393462474
2024-09-24 16:30:00+00:00,570.5,571.2000122070312,570.27001953125,570.6099853515625,2121281,6.346705938366138,0.00018399630176535453
2024-09-24 17:30:00+00:00,570.6099853515625,571.010009765625,570.0700073242188,570.2324829101562,2225025,6.346044142429037,-0.0006617959371011395
2024-09-24 18:30:00+00:00,570.25,570.75,569.4299926757812,570.639892578125,4698998,6.346758349721702,0.0007142072926651366
2024-09-24 19:30:00+00:00,570.6400146484375,571.3599853515625,570.3800048828125,571.239990234375,9698552,6.347809419489247,0.0010510697675449876
2024-09-25 13:30:00+00:00,571.75,571.8900146484375,570.8599853515625,571.0999145507812,7315079,6.347564176048641,-0.0002452434406059467
2024-09-25 14:30:00+00:00,571.0999755859375,571.4197998046875,570.5999755859375,570.77001953125,3736068,6.3469863606270005,-0.0005778154216402598
2024-09-25 15:30:00+00:00,570.75,571.25,570.260009765625,570.6400146484375,3892745,6.346758563639973,-0.00022779698702724005
2024-09-25 16:30:00+00:00,570.6300048828125,570.6400146484375,569.0999755859375,569.75,4085985,6.3451976681257936,-0.0015608955141797054
2024-09-25 17:30:00+00:00,569.719970703125,570.3800048828125,568.9099731445312,570.2000122070312,4094174,6.345987197886904,0.0007895297611106855
2024-09-25 18:30:00+00:00,570.1699829101562,570.280029296875,569.7000122070312,569.864990234375,3040842,6.345399473535077,-0.0005877243518268571
2024-09-25 19:30:00+00:00,569.8350219726562,570.1400146484375,569.3300170898438,570.0,5773920,6.345636360828596,0.0002368872935187838
2024-09-26 13:30:00+00:00,573.8800048828125,574.0499877929688,572.4299926757812,572.6240234375,8960721,6.350229346791787,0.004592985963190799
2024-09-26 14:30:00+00:00,572.6199951171875,573.4400024414062,570.9000244140625,571.3399047851562,6367140,6.3479843123811515,-0.0022450344106355047
2024-09-26 15:30:00+00:00,571.0999145507812,572.5701293945312,570.97998046875,571.2498779296875,3544384,6.347826728518567,-0.00015758386258468704
2024-09-26 16:30:00+00:00,571.239990234375,571.4298706054688,569.9000244140625,571.0900268554688,4450097,6.3475468624741564,-0.00027986604441032625
2024-09-26 17:30:00+00:00,571.0999755859375,572.72998046875,571.0700073242188,572.4199829101562,6026274,6.349872957817437,0.002326095343280876
2024-09-26 18:30:00+00:00,572.4099731445312,572.469970703125,571.9400024414062,572.1199951171875,4260780,6.349348751052104,-0.0005242067653332683
2024-09-26 19:30:00+00:00,572.1199951171875,572.75,571.8200073242188,572.25,6179104,6.349575958832676,0.00022720778057205848
2024-09-27 13:30:00+00:00,573.25,574.219970703125,572.7100219726562,573.8499755859375,7715727,6.352367995582349,0.002792036749672988
2024-09-27 14:30:00+00:00,573.85498046875,573.9299926757812,572.9199829101562,573.28271484375,3838380,6.351378989178542,-0.0009890064038069468
2024-09-27 15:30:00+00:00,573.2974853515625,573.3099975585938,571.8499755859375,572.22998046875,3588032,6.34954097433038,-0.0018380148481620395
2024-09-27 16:30:00+00:00,572.230712890625,572.7100219726562,571.7501831054688,571.7750244140625,2859981,6.348745600050146,-0.0007953742802344621
2024-09-27 17:30:00+00:00,571.77001953125,572.6500244140625,571.1799926757812,571.2050170898438,3212038,6.347748194407395,-0.0009974056427504152
2024-09-27 18:30:00+00:00,571.2100219726562,572.3900146484375,570.4199829101562,571.9771118164062,5756437,6.349098976272222,0.0013507818648266223
2024-09-27 19:30:00+00:00,571.969970703125,572.1143188476562,571.3200073242188,571.4099731445312,6650004,6.348106943519979,-0.0009920327522427996
2024-09-30 13:30:00+00:00,570.4199829101562,571.4600219726562,570.25,570.9199829101562,5044565,6.347249064827699,-0.0008578786922797121
2024-09-30 14:30:00+00:00,570.9199829101562,571.760009765625,570.864990234375,571.5599975585938,3463265,6.348369460329291,0.0011203955015917089
2024-09-30 15:30:00+00:00,571.72998046875,572.260009765625,570.7310791015625,571.8800048828125,6676861,6.34892918769914,0.0005597273698487726
2024-09-30 16:30:00+00:00,571.8699951171875,571.9600219726562,570.9099731445312,571.0693969726562,2462958,6.347510738125165,-0.001418449573974634
2024-09-30 17:30:00+00:00,571.0399780273438,571.7100219726562,568.22998046875,569.290771484375,6936997,6.34439132553999,-0.0031194125851747856
2024-09-30 18:30:00+00:00,569.2899780273438,571.1799926757812,568.72998046875,570.8900146484375,8100339,6.347196572273265,0.0028052467332742026
2024-09-30 19:30:00+00:00,570.8972778320312,574.3800048828125,570.7999877929688,574.02001953125,15168854,6.352664272943513,0.005467700670248377
2024-10-01 13:30:00+00:00,572.9099731445312,572.9249877929688,566.8699951171875,567.4600219726562,17039982,6.341170301010971,-0.011493971932542202
2024-10-01 14:30:00+00:00,566.9127807617188,568.6599731445312,566.0,567.9199829101562,9037662,6.341980533639139,0.0008102326281678174
2024-10-01 15:30:00+00:00,567.9099731445312,569.5999755859375,567.6599731445312,568.77001953125,8894710,6.343476168821508,0.0014956351823691705
2024-10-01 16:30:00+00:00,568.760009765625,568.9000244140625,566.27001953125,566.4400024414062,9651683,6.339371165664946,-0.004105003156562148
2024-10-01 17:30:00+00:00,566.4400024414062,570.6998901367188,566.27001953125,570.47998046875,8544883,6.346478077483527,0.007106911818581807
2024-10-01 18:30:00+00:00,570.489990234375,570.9299926757812,569.5800170898438,570.2600708007812,5280983,6.346092521334345,-0.00038555614918234227
2024-10-01 19:30:00+00:00,570.2750244140625,570.2750244140625,568.3800048828125,568.6900024414062,6504882,6.343335474487764,-0.002757046846580735
2024-10-02 13:30:00+00:00,567.7100219726562,568.8800048828125,565.27001953125,568.3599853515625,9602314,6.342754994996707,-0.0005804794910577726
2024-10-02 14:30:00+00:00,568.3300170898438,569.8300170898438,567.97998046875,569.52001953125,5511553,6.3447939350898475,0.002038940093140873
2024-10-02 15:30:00+00:00,569.5399780273438,569.9000244140625,568.8200073242188,569.489990234375,3079887,6.344741206322541,-5.272876730622045e-05
2024-10-02 16:30:00+00:00,569.47998046875,569.47998046875,567.7000122070312,568.4299926757812,2935861,6.3428781616777306,-0.0018630446448106852
2024-10-02 17:30:00+00:00,568.3499755859375,569.3699951171875,567.5700073242188,568.4694213867188,2931881,6.34294752350599,6.936182825967308e-05
2024-10-02 18:30:00+00:00,568.469970703125,569.3400268554688,568.2100219726562,569.2100219726562,4091796,6.34424947318061,0.0013019496746196069
2024-10-02 19:30:00+00:00,569.219970703125,569.4600219726562,568.7000122070312,568.8499755859375,5025158,6.343616736067447,-0.0006327371131629178
2024-10-03 13:30:00+00:00,567.3599853515625,569.802490234375,566.77001953125,567.169921875,8994309,6.34065894467748,-0.0029577913899672126
2024-10-03 14:30:00+00:00,566.5999755859375,568.489990234375,566.239990234375,567.4749145507812,4517151,6.34119654494381,0.0005376002663304291
2024-10-03 15:30:00+00:00,567.4400024414062,569.1599731445312,567.4400024414062,568.7000122070312,2230945,6.343353075777553,0.002156530833742565
2024-10-03 16:30:00+00:00,568.7081298828125,568.7100219726562,565.489990234375,566.469970703125,6161439,6.3394240705954985,-0.0039290051820541905
2024-10-03 17:30:00+00:00,566.4600219726562,567.4199829101562,566.0501098632812,567.010009765625,4699261,6.340376957479552,0.0009528868840531501
2024-10-03 18:30:00+00:00,566.989990234375,567.25,566.0499877929688,566.530029296875,3649827,6.339530087530726,-0.0008468699488259901
2024-10-03 19:30:00+00:00,566.5499877929688,568.27001953125,566.4400024414062,567.780029296875,6404739,6.341734071347186,0.002203983816460031
2024-10-04 13:30:00+00:00,572.3499755859375,572.7100219726562,568.3499755859375,568.8300170898438,12086389,6.343581649758073,0.0018475784108868964
2024-10-04 14:30:00+00:00,568.8400268554688,570.72998046875,568.1599731445312,568.780029296875,5098380,6.343493767635091,-8.788212298149745e-05
2024-10-04 15:30:00+00:00,568.780029296875,570.780029296875,568.280029296875,569.8049926757812,3217279,6.345294184180179,0.0018004165450875576
2024-10-04 16:30:00+00:00,569.7999877929688,571.5700073242188,569.5399780273438,571.0499877929688,3364991,6.3474767501201494,0.002182565939970793
2024-10-04 17:30:00+00:00,571.0499877929688,571.5499877929688,569.5800170898438,570.7849731445312,4059947,6.347012559300526,-0.0004641908196232336
2024-10-04 18:30:00+00:00,570.780029296875,572.1900024414062,570.5700073242188,572.0399780273438,3623727,6.349208880593685,0.0021963212931588316
2024-10-04 19:30:00+00:00,571.9600219726562,573.3599853515625,571.8958129882812,572.9199829101562,6750776,6.350746061082292,0.0015371804886070706
2024-10-07 13:30:00+00:00,571.2999877929688,571.9598999023438,570.530029296875,571.5,8203813,6.348264483234865,-0.0024815778474271966
2024-10-07 14:30:00+00:00,571.510009765625,571.7799072265625,570.6199951171875,571.6500244140625,4949899,6.348526958696038,0.0002624754611728619
2024-10-07 15:30:00+00:00,571.6500244140625,571.739990234375,570.1199951171875,570.9608764648438,3066903,6.34732068973387,-0.0012062689621679112
2024-10-07 16:30:00+00:00,570.969970703125,571.0,570.2689208984375,570.3699951171875,2236376,6.346285264485751,-0.0010354252481192816
2024-10-07 17:30:00+00:00,570.3499755859375,570.5499877929688,569.5,569.5499877929688,3512280,6.344846553913156,-0.0014387105725948146
2024-10-07 18:30:00+00:00,569.5399780273438,569.5399780273438,566.6300048828125,567.8800048828125,7575952,6.341910137393691,-0.0029364165194651903
2024-10-07 19:30:00+00:00,567.8800048828125,568.6798706054688,566.77001953125,567.8099975585938,10978505,6.341786851419249,-0.00012328597444177802
2024-10-08 13:30:00+00:00,570.4199829101562,571.3499755859375,569.5299072265625,570.8599853515625,8616207,6.3471439700453125,0.005357118626063695
2024-10-08 14:30:00+00:00,570.8499755859375,572.5499877929688,570.7449951171875,571.8400268554688,6370084,6.348859278934319,0.001715308889006728
2024-10-08 15:30:00+00:00,571.8499755859375,572.3300170898438,571.4000244140625,572.030029296875,3063231,6.349191488772546,0.00033220983822701555
2024-10-08 16:30:00+00:00,572.02001953125,572.239990234375,570.5499877929688,571.219970703125,3016017,6.347774373129748,-0.00141711564279845
2024-10-08 17:30:00+00:00,571.219970703125,572.0399780273438,571.10498046875,571.9500732421875,1695615,6.349051703028651,0.0012773298989028348
2024-10-08 18:30:00+00:00,571.9500122070312,573.0399780273438,571.75,572.8599853515625,3690172,6.350641333193325,0.0015896301646742828
2024-10-08 19:30:00+00:00,572.8599853515625,573.780029296875,572.739990234375,573.1099853515625,7334619,6.35107764480769,0.00043631161436508137
2024-10-09 13:30:00+00:00,573.1599731445312,574.4400024414062,572.5999755859375,574.1099853515625,5798686,6.352820990075046,0.001743345267356311
2024-10-09 14:30:00+00:00,574.0999755859375,575.9400024414062,573.9500122070312,575.7100219726562,4574628,6.35560409985516,0.0027831097801138682
2024-10-09 15:30:00+00:00,575.7200927734375,577.0599975585938,575.7000732421875,576.2570190429688,4626014,6.356553774788465,0.0009496749333051113
2024-10-09 16:30:00+00:00,576.260009765625,576.6099243164062,575.5599975585938,576.4801025390625,2710975,6.3569408248707475,0.0003870500822822365
2024-10-09 17:30:00+00:00,576.469970703125,576.8499755859375,575.0,576.4000244140625,3167242,6.356801906481477,-0.00013891838927015954
2024-10-09 18:30:00+00:00,576.3800048828125,576.8099975585938,575.719970703125,576.7133178710938,3857113,6.357345293594004,0.0005433871125264389
2024-10-09 19:30:00+00:00,576.7100219726562,577.7100219726562,576.6900024414062,577.1199951171875,8599154,6.358050208694575,0.0007049151005711352
2024-10-10 13:30:00+00:00,575.77001953125,576.6494750976562,574.5599975585938,575.9500122070312,10179350,6.356020872567117,-0.0020293361274577038
2024-10-10 14:30:00+00:00,575.9500122070312,576.5599975585938,575.1400146484375,576.2940063476562,4365433,6.356617958158894,0.00059708559177718
2024-10-10 15:30:00+00:00,576.2899780273438,577.5800170898438,575.882080078125,577.1693725585938,4194139,6.358135763396574,0.001517805237679859
2024-10-10 16:30:00+00:00,577.1699829101562,577.2050170898438,575.260009765625,576.3699951171875,5555580,6.35674980710975,-0.0013859562868239195
2024-10-10 17:30:00+00:00,576.3800048828125,576.6749877929688,574.77001953125,575.3800048828125,3874903,6.35503070057068,-0.0017191065390704807
2024-10-10 18:30:00+00:00,575.3699951171875,575.510009765625,574.489990234375,575.39501953125,3794232,6.355056795416536,2.6094845855695326e-05
2024-10-10 19:30:00+00:00,575.5,576.5399780273438,575.2999877929688,576.10498046875,4967864,6.3562899018472105,0.0012331064306749795
2024-10-11 13:30:00+00:00,576.0499877929688,580.094970703125,575.9099731445312,579.780029296875,8860622,6.362648771770291,0.006358869923080768
2024-10-11 14:30:00+00:00,579.760009765625,580.0,578.7000122070312,579.1799926757812,5501098,6.361613297442736,-0.0010354743275549083
2024-10-11 15:30:00+00:00,579.1900024414062,579.6500244140625,578.4299926757812,578.75,2993815,6.360870605400444,-0.0007426920422926031
2024-10-11 16:30:00+00:00,578.739990234375,579.0800170898438,578.0700073242188,578.869873046875,2916315,6.361077708008294,0.00020710260784984058
2024-10-11 17:30:00+00:00,578.8599853515625,579.9000244140625,578.6536865234375,579.4600219726562,2439273,6.362096673295093,0.0010189652867991228
2024-10-11 18:30:00+00:00,579.469970703125,580.3300170898438,578.7899780273438,580.0595092773438,4205929,6.363130700479536,0.0010340271844428983
2024-10-11 19:30:00+00:00,580.0549926757812,580.3200073242188,579.4600219726562,579.5499877929688,6601510,6.362251919271806,-0.000878781207729773
2024-10-14 13:30:00+00:00,581.219970703125,583.6099243164062,580.72998046875,583.4299926757812,7318735,6.368924466252346,0.006672546980539984
2024-10-14 14:30:00+00:00,583.4299926757812,583.780029296875,582.2999877929688,582.7847900390625,3736050,6.367817975900637,-0.0011064903517086222
2024-10-14 15:30:00+00:00,582.7999877929688,583.9000244140625,582.5399780273438,583.7299194335938,2164618,6.369438409134212,0.0016204332335751914
2024-10-14 16:30:00+00:00,583.719970703125,584.1400146484375,583.5999755859375,583.7799072265625,1955655,6.369524040607041,8.563147282814043e-05
2024-10-14 17:30:00+00:00,583.77001953125,584.1900024414062,583.3099975585938,584.0399780273438,1915955,6.369969436011528,0.0004453954044878472
2024-10-14 18:30:00+00:00,584.0399780273438,584.6400146484375,584.0,584.5399780273438,4537226,6.370825175540383,0.0008557395288546488
2024-10-14 19:30:00+00:00,584.530029296875,585.27001953125,584.0800170898438,584.280029296875,9424258,6.37038037012445,-0.0004448054159329473
2024-10-15 13:30:00+00:00,584.5900268554688,584.9000244140625,583.2576293945312,583.2576293945312,7415332,6.368628991646729,-0.0017513784777207775
2024-10-15 14:30:00+00:00,583.239990234375,583.3099975585938,581.2899780273438,582.3200073242188,8683816,6.367020137387655,-0.0016088542590741994
2024-10-15 15:30:00+00:00,582.3200073242188,582.6500244140625,581.25,582.1199951171875,4244797,6.366676603657143,-0.00034353373051221325
2024-10-15 16:30:00+00:00,582.1400146484375,582.5499877929688,580.8200073242188,581.0800170898438,3052446,6.364888470415166,-0.001788133241976908
2024-10-15 17:30:00+00:00,581.0700073242188,581.75,580.3599853515625,580.5399780273438,3942091,6.363958667030794,-0.0009298033843716524
2024-10-15 18:30:00+00:00,580.5399780273438,580.780029296875,578.8800048828125,579.3099975585938,5927784,6.361837735952269,-0.002120931078525068
2024-10-15 19:30:00+00:00,579.3400268554688,580.1950073242188,578.5449829101562,579.8099975585938,10948493,6.362700459454786,0.0008627235025162605
2024-10-16 13:30:00+00:00,579.780029296875,581.1500854492188,578.9600219726562,580.8099975585938,6240068,6.364423676789768,0.0017232173349821522
2024-10-16 14:30:00+00:00,580.8200073242188,581.0299072265625,579.469970703125,580.5999755859375,3245591,6.364062009540817,-0.0003616672489510364
2024-10-16 15:30:00+00:00,580.5966796875,580.9600219726562,580.0399780273438,580.8298950195312,2710178,6.364457934327008,0.0003959247861908821
2024-10-16 16:30:00+00:00,580.8499755859375,581.6199951171875,580.6950073242188,581.1699829101562,2378710,6.3650432836145505,0.0005853492875429467
2024-10-16 17:30:00+00:00,581.1799926757812,582.7550048828125,581.1400146484375,582.6192016601562,2642388,6.367533802547534,0.0024905189329835764
2024-10-16 18:30:00+00:00,582.6099853515625,582.8300170898438,582.1099853515625,582.3599853515625,3456618,6.367088788051547,-0.000445014495986662
2024-10-16 19:30:00+00:00,582.3599853515625,582.530029296875,582.0999755859375,582.239990234375,6372445,6.366882717091341,-0.00020607096020608395
2024-10-17 13:30:00+00:00,585.9099731445312,586.1199951171875,582.844970703125,583.8699951171875,8815021,6.369678346945991,0.0027956298546500946
2024-10-17 14:30:00+00:00,583.8599853515625,584.0590209960938,582.3699951171875,584.02001953125,3608011,6.369935262259944,0.0002569153139528879
2024-10-17 15:30:00+00:00,584.030029296875,585.0,583.8800048828125,584.2899780273438,2281761,6.370397397312221,0.00046213505227665763
2024-10-17 16:30:00+00:00,584.27001953125,584.719970703125,583.72998046875,584.2150268554688,1889322,6.37026911173079,-0.00012828558143063162
2024-10-17 17:30:00+00:00,584.2100219726562,584.7000122070312,582.47998046875,582.640380859375,3110072,6.367570153588176,-0.0026989581426146714
2024-10-17 18:30:00+00:00,582.6329956054688,583.4000244140625,582.4199829101562,582.5800170898438,3320538,6.367466544400263,-0.00010360918791274543
2024-10-17 19:30:00+00:00,582.5800170898438,582.739990234375,582.1599731445312,582.280029296875,6723675,6.366951482010526,-0.0005150623897369755
2024-10-18 13:30:00+00:00,584.0700073242188,584.219970703125,582.5800170898438,583.47119140625,6038203,6.3689950784533576,0.0020435964428315856
2024-10-18 14:30:00+00:00,583.4910888671875,584.3300170898438,583.0599975585938,584.2501220703125,11220879,6.370329182354012,0.0013341039006542488
2024-10-18 15:30:00+00:00,584.260009765625,584.469970703125,583.6901245117188,584.1500244140625,2554403,6.370157840957323,-0.00017134139668861792
2024-10-18 16:30:00+00:00,584.1699829101562,585.25,584.1099853515625,584.6199951171875,2765400,6.370962055166451,0.00080421420912824
2024-10-18 17:30:00+00:00,584.6300048828125,585.3900146484375,583.8400268554688,585.1798706054688,3270853,6.371919271092758,0.0009572159263067093
2024-10-18 18:30:00+00:00,585.1799926757812,585.25,584.219970703125,584.4600219726562,2773937,6.370688381605718,-0.0012308894870400877
2024-10-18 19:30:00+00:00,584.4600219726562,584.780029296875,584.0599975585938,584.5700073242188,4301742,6.370876546749693,0.0001881651439745724
2024-10-21 13:30:00+00:00,583.8499755859375,584.8499755859375,583.739990234375,583.9199829101562,5682310,6.369763957875936,-0.00111258887375687
2024-10-21 14:30:00+00:00,583.9299926757812,583.969970703125,580.6699829101562,580.8300170898438,7025204,6.364458144492326,-0.005305813383610136
2024-10-21 15:30:00+00:00,580.8400268554688,582.6300048828125,580.60009765625,582.1701049804688,4070194,6.366762681625697,0.0023045371333711984
2024-10-21 16:30:00+00:00,582.2399291992188,583.2000122070312,581.9000244140625,582.9099731445312,2381759,6.36803275443427,0.0012700728085732749
2024-10-21 17:30:00+00:00,582.9299926757812,583.3800048828125,582.3499755859375,582.6422729492188,2507826,6.367573401023186,-0.0004593534110837183
2024-10-21 18:30:00+00:00,582.6500244140625,583.2000122070312,582.1701049804688,582.9299926757812,2792388,6.368067097966554,0.0004936969433675387
2024-10-21 19:30:00+00:00,582.9000244140625,583.72998046875,582.2899780273438,583.6699829101562,5498195,6.36933572534373,0.0012686273771764789
2024-10-22 13:30:00+00:00,581.0499877929688,582.239990234375,580.3800048828125,581.4099731445312,6641290,6.365456141649017,-0.0038795836947134177
2024-10-22 14:30:00+00:00,581.4299926757812,582.27001953125,581.02001953125,582.0780029296875,3535831,6.366604464403187,0.0011483227541697616
2024-10-22 15:30:00+00:00,582.0599975585938,582.3499755859375,581.5700073242188,581.760009765625,2203413,6.366058008335406,-0.0005464560677808095
2024-10-22 16:30:00+00:00,581.760009765625,582.7100219726562,581.7000122070312,582.6599731445312,1833438,6.367603779743168,0.0015457714077617979
2024-10-22 17:30:00+00:00,582.6699829101562,584.5,582.630126953125,583.6799926757812,5398675,6.369352874897565,0.001749095154397473
2024-10-22 18:30:00+00:00,583.6900024414062,583.7100219726562,582.8499755859375,583.6400146484375,3000807,6.369284379494234,-6.849540333142556e-05
2024-10-22 19:30:00+00:00,583.6500244140625,584.260009765625,583.22998046875,583.3200073242188,4491637,6.368735933401455,-0.0005484460927789314
2024-10-23 13:30:00+00:00,581.260009765625,581.7086181640625,580.0999755859375,580.9921264648438,5822539,6.364737205064465,-0.003998728336989998
2024-10-23 14:30:00+00:00,580.989990234375,581.6400146484375,578.8300170898438,578.89990234375,4807933,6.361129582392166,-0.0036076226722991933
2024-10-23 15:30:00+00:00,578.8800048828125,579.8980712890625,578.0900268554688,578.1986083984375,3893783,6.359917422796986,-0.0012121595951795072
2024-10-23 16:30:00+00:00,578.1799926757812,578.8350219726562,576.4600219726562,577.0,5448488,6.3578422665081,-0.002075156288886326
2024-10-23 17:30:00+00:00,576.9700927734375,576.97998046875,574.4149780273438,575.510009765625,6452625,6.355256621174232,-0.0025856453338679586
2024-10-23 18:30:00+00:00,575.510009765625,577.5499877929688,575.4000244140625,577.280029296875,7481003,6.358327468184056,0.0030708470098241847
2024-10-23 19:30:00+00:00,577.2899780273438,578.1300048828125,577.0800170898438,577.9299926757812,7714967,6.359452741398671,0.0011252732146145306
2024-10-24 13:30:00+00:00,579.97998046875,580.0599975585938,578.6199951171875,578.9299926757812,7059462,6.361181559512755,0.0017288181140848735
2024-10-24 14:30:00+00:00,578.9249877929688,579.8300170898438,578.25,578.6500244140625,3019840,6.360697846485501,-0.0004837130272541401
2024-10-24 15:30:00+00:00,578.6099853515625,578.7100219726562,576.5700073242188,578.010009765625,3859423,6.359591186456031,-0.0011066600294702411
2024-10-24 16:30:00+00:00,578.02001953125,579.5089721679688,578.0150146484375,579.0499877929688,2858108,6.361388808549251,0.001797622093220319
2024-10-24 17:30:00+00:00,579.0499877929688,579.5601196289062,578.0701293945312,578.8800048828125,2510261,6.361095210641861,-0.00029359790739036384
2024-10-24 18:30:00+00:00,578.8900146484375,579.5371704101562,578.25,579.4400024414062,3389197,6.36206212410046,0.0009669134585985617
2024-10-24 19:30:00+00:00,579.4400024414062,579.885009765625,579.0001220703125,579.1799926757812,5692343,6.361613297442736,-0.000448826657723167
2024-10-25 13:30:00+00:00,581.510009765625,584.4600219726562,581.469970703125,584.1749877929688,8583773,6.370200574577932,0.008587277135196025
2024-10-25 14:30:00+00:00,584.1599731445312,584.3200073242188,582.3200073242188,582.5,4621778,6.367329185439855,-0.002871389138077163
2024-10-25 15:30:00+00:00,582.6500244140625,582.760009765625,581.7031860351562,582.7000122070312,4000281,6.3676724950981125,0.00034330965825724036
2024-10-25 16:30:00+00:00,582.739990234375,582.7999877929688,580.010009765625,580.4500122070312,3952657,6.363803685814333,-0.0038688092837793064
2024-10-25 17:30:00+00:00,580.25,580.5700073242188,578.0800170898438,579.8300170898438,6592733,6.362734986602865,-0.0010686992114683491
2024-10-25 18:30:00+00:00,579.8400268554688,580.52001953125,579.010009765625,579.510009765625,3776882,6.362182935737833,-0.0005520508650320721
2024-10-25 19:30:00+00:00,579.5,579.7000122070312,578.5399780273438,579.0150146484375,6576322,6.361328409272064,-0.0008545264657691121
2024-10-28 13:30:00+00:00,582.5800170898438,582.7100219726562,581.239990234375,582.4099731445312,7213735,6.367174620953803,0.00584621168173971
2024-10-28 14:30:00+00:00,582.4000244140625,582.5,581.22998046875,581.5900268554688,2727818,6.365765778299707,-0.001408842654096354
2024-10-28 15:30:00+00:00,581.5800170898438,581.719970703125,580.5700073242188,581.5349731445312,2221715,6.365671113133059,-9.466516664780045e-05
2024-10-28 16:30:00+00:00,581.5399780273438,581.639892578125,580.5999755859375,581.3300170898438,2952664,6.3653186112372575,-0.00035250189580171565
2024-10-28 17:30:00+00:00,581.3599853515625,581.8699951171875,581.2449951171875,581.3200073242188,2785104,6.365301392357258,-1.7218879999170156e-05
2024-10-28 18:30:00+00:00,581.3300170898438,581.780029296875,580.7899780273438,581.4525146484375,2833673,6.365529308518482,0.0002279161612239733
2024-10-28 19:30:00+00:00,581.4099731445312,581.7098999023438,580.52001953125,580.77001953125,6280965,6.364354842913889,-0.0011744656045928892
2024-10-29 13:30:00+00:00,579.8499755859375,581.8499755859375,578.4299926757812,580.4650268554688,7563013,6.363829552734708,-0.0005252901791816811
2024-10-29 14:30:00+00:00,580.469970703125,581.6099853515625,580.4201049804688,581.0,8592646,6.364750756851911,0.0009212041172030894
2024-10-29 15:30:00+00:00,581.0399780273438,582.0,580.739990234375,581.3900146484375,2093641,6.365421813309999,0.0006710564580885148
2024-10-29 16:30:00+00:00,581.3800048828125,582.77001953125,580.8300170898438,582.0098876953125,3105038,6.366487436754327,0.0010656234443278123
2024-10-29 17:30:00+00:00,582.010009765625,582.3599853515625,581.510009765625,582.3599853515625,2290586,6.367088788051547,0.0006013512972202761
2024-10-29 18:30:00+00:00,582.3499755859375,582.906982421875,582.2999877929688,582.8400268554688,3747655,6.367912752222567,0.0008239641710199308
2024-10-29 19:30:00+00:00,582.8150024414062,582.89501953125,581.3400268554688,581.7050170898438,7417361,6.365963475754619,-0.001949276467948735
2024-10-30 13:30:00+00:00,581.2899780273438,582.9000244140625,579.2899780273438,582.7089233398438,7505829,6.367687787812182,0.001724312057563182
2024-10-30 14:30:00+00:00,582.7100219726562,582.9600219726562,581.5900268554688,582.8499755859375,3559267,6.367929821478455,0.00024203366627340017
2024-10-30 15:30:00+00:00,582.85009765625,583.3200073242188,582.3900146484375,582.489990234375,2284474,6.367312001145211,-0.0006178203332440901
2024-10-30 16:30:00+00:00,582.4600219726562,582.5999755859375,581.4600219726562,581.52001953125,3109763,6.365645398762928,-0.001666602382282889
2024-10-30 17:30:00+00:00,581.4400024414062,581.8099975585938,580.2899780273438,581.1300048828125,3446308,6.364974492376867,-0.0006709063860608211
2024-10-30 18:30:00+00:00,581.1099853515625,581.4340209960938,580.1400146484375,580.5701293945312,4485033,6.364010602445018,-0.000963889931849593
2024-10-30 19:30:00+00:00,580.5700073242188,580.75,579.3800048828125,579.9600219726562,8955583,6.362959173531495,-0.0010514289135228339
2024-10-31 13:30:00+00:00,575.5599975585938,575.6300048828125,571.77001953125,571.989990234375,11128418,6.349121491636425,-0.013837681895069842
2024-10-31 14:30:00+00:00,571.969970703125,572.5399780273438,570.2750244140625,571.0800170898438,6925262,6.3475293348465,-0.0015921567899255251
2024-10-31 15:30:00+00:00,571.0,571.9099731445312,570.1099853515625,571.5,4857257,6.348264483234865,0.0007351483883653032
2024-10-31 16:30:00+00:00,571.47998046875,571.989990234375,571.0399780273438,571.176513671875,2448969,6.347698292658799,-0.0005661905760661057
2024-10-31 17:30:00+00:00,571.0499877929688,571.2545166015625,569.9199829101562,570.4901123046875,3732994,6.346495837521239,-0.001202455137559788
2024-10-31 18:30:00+00:00,570.5,571.739990234375,569.7100219726562,571.1749877929688,7231289,6.347695621188758,0.0011997836675190499
2024-10-31 19:30:00+00:00,571.1799926757812,572.0,568.4400024414062,568.5700073242188,10434402,6.343124449539023,-0.004571171649734751
2024-11-01 13:30:00+00:00,571.3200073242188,575.5003051757812,570.6799926757812,575.4600219726562,10853991,6.355169759150683,0.012045309611659505
2024-11-01 14:30:00+00:00,575.25,575.5499877929688,572.8599853515625,575.2000122070312,6287159,6.3547178276290746,-0.0004519315216082731
2024-11-01 15:30:00+00:00,575.2000122070312,575.27001953125,573.2999877929688,573.3900146484375,2837231,6.351566139011691,-0.0031516886173834635
2024-11-01 16:30:00+00:00,573.469970703125,574.239990234375,572.1500244140625,573.7000122070312,2631482,6.352106632885551,0.0005404938738600151
2024-11-01 17:30:00+00:00,573.6799926757812,573.75,571.1400146484375,571.9201049804688,3716107,6.34899930501654,-0.003107327869011023
2024-11-01 18:30:00+00:00,571.9199829101562,572.9400024414062,571.6201171875,571.74951171875,3821032,6.34870097889072,-0.00029832612582048057
2024-11-01 19:30:00+00:00,571.739990234375,572.239990234375,570.6199951171875,571.02001953125,7784087,6.34742426951645,-0.0012767093742693802
2024-11-04 14:30:00+00:00,571.1799926757812,572.5,569.27001953125,572.1099243164062,5624924,6.349331148294808,0.0019068787783576013
2024-11-04 15:30:00+00:00,572.0900268554688,572.219970703125,571.0203857421875,571.1099853515625,5091903,6.347581809936742,-0.0017493383580662325
2024-11-04 16:30:00+00:00,571.1099853515625,571.1799926757812,567.8900146484375,570.010009765625,4733802,6.345653921666728,-0.0019278882700133337
2024-11-04 17:30:00+00:00,569.97998046875,571.0900268554688,569.2324829101562,570.5499877929688,3296834,6.346600786485489,0.0009468648187604956
2024-11-04 18:30:00+00:00,570.469970703125,571.27001953125,570.2600708007812,570.3302001953125,2922060,6.34621549168821,-0.000385294797278668
2024-11-04 19:30:00+00:00,570.3200073242188,571.0700073242188,569.9400024414062,570.239990234375,3121642,6.346057307716925,-0.00015818397128519734
2024-11-04 20:30:00+00:00,570.22998046875,570.27001953125,569.1699829101562,569.780029296875,7673360,6.345250372830558,-0.0008069348863672943
2024-11-05 14:30:00+00:00,570.739990234375,574.780029296875,570.52001953125,574.010009765625,7820983,6.352646834783587,0.007396461953029565
2024-11-05 15:30:00+00:00,574.0499877929688,575.2100219726562,573.5454711914062,574.7100219726562,5423678,6.353865603977717,0.0012187691941294432
2024-11-05 16:30:00+00:00,574.7100219726562,576.2100219726562,574.7100219726562,575.6699829101562,3252173,6.355534550162885,0.0016689461851679965
2024-11-05 17:30:00+00:00,575.6640014648438,576.4299926757812,575.330078125,575.3800048828125,3969752,6.35503070057068,-0.0005038495922047304
2024-11-05 18:30:00+00:00,575.3200073242188,575.8699951171875,574.5999755859375,575.4299926757812,4258861,6.355117574673453,8.687410277286034e-05
2024-11-05 19:30:00+00:00,575.4400024414062,575.8699951171875,574.7000122070312,575.6898803710938,4216684,6.3555691135719,0.0004515388984476232
2024-11-05 20:30:00+00:00,575.6699829101562,576.7100219726562,575.260009765625,576.6799926757812,6227081,6.357287507243039,0.001718393671138685
2024-11-06 14:30:00+00:00,589.2000122070312,589.4299926757812,585.3900146484375,588.8200073242188,19813490,6.378120546667899,0.020833039424860367
2024-11-06 15:30:00+00:00,588.8200073242188,589.0399780273438,586.3099975585938,588.1500244140625,7282837,6.376982058916375,-0.0011384877515245861
2024-11-06 16:30:00+00:00,588.1599731445312,589.0900268554688,588.1599731445312,588.760009765625,5613154,6.378018646911153,0.0010365879947782375
2024-11-06 17:30:00+00:00,588.75,590.27001953125,588.510009765625,590.1900024414062,4460904,6.380444523092929,0.002425876181775699
2024-11-06 18:30:00+00:00,590.219970703125,590.7100219726562,589.7899780273438,590.5499877929688,5136241,6.381054285387242,0.0006097622943128655
2024-11-06 19:30:00+00:00,590.530029296875,591.6599731445312,590.1199951171875,591.114990234375,5595203,6.382010567404512,0.0009562820172703823
2024-11-06 20:30:00+00:00,591.1099853515625,591.9299926757812,590.6699829101562,591.0399780273438,11275561,6.381883659834616,-0.00012690756989641727
2024-11-07 14:30:00+00:00,593.3599853515625,594.405029296875,592.9998779296875,594.27001953125,7972498,6.387333794408652,0.005450134574036092
2024-11-07 15:30:00+00:00,594.27001953125,595.0,594.0599975585938,594.6099853515625,5086265,6.387905703816132,0.0005719094074807529
2024-11-07 16:30:00+00:00,594.5900268554688,595.2999877929688,594.5800170898438,595.2349853515625,3110405,6.388956260943946,0.001050557127813434
2024-11-07 17:30:00+00:00,595.2100219726562,595.5599975585938,594.5499877929688,594.8499755859375,4494370,6.388309231880149,-0.0006470290637965448
2024-11-07 18:30:00+00:00,594.8499755859375,595.4000244140625,594.2000122070312,594.739990234375,4141976,6.388124318834418,-0.00018491304573142742
2024-11-07 19:30:00+00:00,594.7199096679688,596.6500244140625,593.9199829101562,596.1500244140625,5637598,6.390492354205025,0.0023680353706074797
2024-11-07 20:30:00+00:00,596.1300048828125,596.4000244140625,595.1799926757812,595.5499877929688,9165377,6.389485327829838,-0.0010070263751877917
2024-11-08 14:30:00+00:00,596.1699829101562,597.5798950195312,596.1649780273438,597.3350219726562,6647628,6.392478131825922,0.002992803996084703
2024-11-08 15:30:00+00:00,597.3300170898438,598.0800170898438,597.219970703125,597.9899291992188,4291137,6.3935739130048415,0.0010957811789191751
2024-11-08 16:30:00+00:00,597.97998046875,598.219970703125,597.4400024414062,597.6400146484375,4149684,6.3929885904933546,-0.0005853225114869076
2024-11-08 17:30:00+00:00,597.6400146484375,598.3499755859375,597.6099853515625,598.1749877929688,2590616,6.393883332872617,0.0008947423792626807
2024-11-08 18:30:00+00:00,598.25,599.25,598.1400146484375,599.22998046875,4147990,6.395645465111473,0.0017621322388556848
2024-11-08 19:30:00+00:00,599.2100219726562,599.6400146484375,598.239990234375,598.25,5752043,6.394008726788483,-0.001636738322989828
2024-11-08 20:30:00+00:00,598.280029296875,598.3123168945312,597.6199951171875,598.239990234375,10548855,6.393991994904878,-1.6731883604848008e-05
2024-11-11 14:30:00+00:00,599.8099975585938,600.1699829101562,598.530029296875,598.8699951171875,7391401,6.3950445380273715,0.0010525431224932547
2024-11-11 15:30:00+00:00,598.8800048828125,599.9500122070312,598.8800048828125,599.1099853515625,3542804,6.3954451962044665,0.0004006581770950035
2024-11-11 16:30:00+00:00,599.0650024414062,599.5599975585938,598.6849975585938,598.80908203125,2057855,6.39494281948331,-0.0005023767211564945
2024-11-11 17:30:00+00:00,598.7999877929688,599.030029296875,597.0,597.8499755859375,4612077,6.3933398455291535,-0.001602973954156539
2024-11-11 18:30:00+00:00,597.8499755859375,598.6400146484375,597.5701293945312,598.1436767578125,2244888,6.3938309872291175,0.0004911416999640039
2024-11-11 19:30:00+00:00,598.1599731445312,598.5888061523438,598.010009765625,598.2799072265625,3052366,6.394058716724193,0.00022772949507565698
2024-11-11 20:30:00+00:00,598.27001953125,598.8400268554688,597.97998046875,598.719970703125,7283055,6.3947939941532095,0.0007352774290163566
2024-11-12 14:30:00+00:00,598.6799926757812,599.2899780273438,597.7899780273438,597.9534301757812,6625179,6.39351287495791,-0.001281119195299496
2024-11-12 15:30:00+00:00,597.9650268554688,598.3798828125,597.0399169921875,597.1749877929688,3074223,6.392210182324726,-0.0013026926331836108
2024-11-12 16:30:00+00:00,597.2299194335938,597.3499145507812,596.0399780273438,596.4924926757812,3105337,6.391066655835605,-0.0011435264891215269
2024-11-12 17:30:00+00:00,596.489990234375,596.6699829101562,594.3699951171875,595.8234252929688,5111232,6.389944356882858,-0.0011222989527466254
2024-11-12 18:30:00+00:00,595.8099975585938,598.280029296875,595.7999877929688,597.97998046875,3921707,6.393557275913242,0.0036129190303837433
2024-11-12 19:30:00+00:00,597.97998046875,598.4000244140625,597.1799926757812,597.3900146484375,5016605,6.392570190959421,-0.0009870849538211601
2024-11-12 20:30:00+00:00,597.3900146484375,597.5700073242188,596.510009765625,596.8900146484375,6671976,6.391732866350539,-0.000837324608881751
2024-11-13 14:30:00+00:00,597.469970703125,597.719970703125,594.9600219726562,596.3200073242188,7383708,6.390777448013312,-0.0009554183372273428
2024-11-13 15:30:00+00:00,596.3499755859375,598.1400146484375,596.0499877929688,597.97998046875,3493972,6.393557275913242,0.002779827899930254
2024-11-13 16:30:00+00:00,597.969970703125,599.0599975585938,597.219970703125,598.4600219726562,3495807,6.394359725728838,0.0008024498155956294
2024-11-13 17:30:00+00:00,598.4500122070312,599.22998046875,598.2899780273438,598.760009765625,3478074,6.394860866356783,0.0005011406279455954
2024-11-13 18:30:00+00:00,598.7550048828125,599.1500244140625,597.7999877929688,597.9425048828125,2964581,6.393494603647424,-0.001366262709359134
2024-11-13 19:30:00+00:00,597.9199829101562,598.1400146484375,596.6849975585938,597.5900268554688,5928055,6.39290494501715,-0.0005896586302744922
2024-11-13 20:30:00+00:00,597.3798828125,598.5399780273438,596.47998046875,597.1699829101562,13490464,6.392201801357862,-0.0007031436592876972
2024-11-14 14:30:00+00:00,597.3200073242188,597.8099975585938,595.1248168945312,596.4199829101562,6566680,6.390945088214847,-0.001256713143014565
2024-11-14 15:30:00+00:00,596.4099731445312,596.9400024414062,595.8599853515625,596.4600219726562,2730235,6.391012218290548,6.713007570091634e-05
2024-11-14 16:30:00+00:00,596.489990234375,596.9299926757812,594.7000122070312,594.8298950195312,3115376,6.388275473947609,-0.0027367443429389127
2024-11-14 17:30:00+00:00,594.8200073242188,595.7200927734375,593.75,595.139892578125,3520122,6.388796491487445,0.0005210175398353556
2024-11-14 18:30:00+00:00,595.1199951171875,595.3099975585938,593.77001953125,595.1500244140625,2937077,6.388813515635584,1.7024148139199724e-05
2024-11-14 19:30:00+00:00,595.1300048828125,595.7899780273438,593.02001953125,594.1400146484375,5064339,6.387115006482613,-0.0016985091529706509
2024-11-14 20:30:00+00:00,594.1500244140625,594.3699951171875,592.6500244140625,593.3699951171875,8718052,6.385818142232477,-0.0012968642501363092
2024-11-15 14:30:00+00:00,589.719970703125,590.2000122070312,586.6699829101562,586.8150024414062,12285260,6.374709612474739,-0.01110852975773824
2024-11-15 15:30:00+00:00,586.8200073242188,587.5999755859375,586.0399780273438,587.239990234375,13822178,6.37543357824156,0.0007239657668209887
2024-11-15 16:30:00+00:00,587.22998046875,587.3800048828125,585.216796875,585.4671020507812,6892212,6.372409993672298,-0.0030235845692612173
2024-11-15 17:30:00+00:00,585.469970703125,585.8099975585938,584.6400146484375,585.4299926757812,5443749,6.372346607444457,-6.338622784163306e-05
2024-11-15 18:30:00+00:00,585.25,585.3800048828125,583.8599853515625,584.0900268554688,7623362,6.37005512652191,-0.002291480922546718
2024-11-15 19:30:00+00:00,584.1099853515625,586.2299194335938,584.030029296875,585.3099975585938,6377231,6.372141617235515,0.002086490713605116
2024-11-15 20:30:00+00:00,585.469970703125,586.1900024414062,584.72998046875,585.719970703125,9279457,6.372841809668488,0.0007001924329728126
2024-11-18 14:30:00+00:00,586.219970703125,587.3900146484375,585.3400268554688,587.3599853515625,5730154,6.375637894809071,0.002796085140582605
2024-11-18 15:30:00+00:00,587.3699951171875,589.1400146484375,587.3037719726562,588.6500244140625,4079522,6.377831820998871,0.0021939261898005213
2024-11-18 16:30:00+00:00,588.6500244140625,589.489990234375,587.8300170898438,588.3699951171875,3370793,6.3773559934045885,-0.00047582759428266286
2024-11-18 17:30:00+00:00,588.3400268554688,588.6799926757812,587.75,588.1400146484375,2725350,6.376965039702927,-0.0003909537016610898
2024-11-18 18:30:00+00:00,588.1400146484375,588.4459838867188,587.02001953125,587.280029296875,2857934,6.375501757688227,-0.0014632820147006953
2024-11-18 19:30:00+00:00,587.280029296875,588.4099731445312,587.1099853515625,588.39501953125,2717875,6.377398524264623,0.0018967665763964803
2024-11-18 20:30:00+00:00,588.3800048828125,588.3900146484375,587.5142822265625,588.1500244140625,8855884,6.376982058916375,-0.0004164653482483516
2024-11-19 14:30:00+00:00,584.7100219726562,586.47998046875,584.030029296875,586.4600219726562,8524394,6.374104502040791,-0.0028775568755836645
2024-11-19 15:30:00+00:00,586.4500122070312,589.010009765625,586.0900268554688,588.89990234375,4412844,6.378256224122272,0.0041517220814810685
2024-11-19 16:30:00+00:00,588.8900146484375,589.239990234375,588.030029296875,588.97998046875,3043412,6.378392194056545,0.0001359699342726728
2024-11-19 17:30:00+00:00,588.969970703125,589.6300048828125,588.8599853515625,589.5507202148438,3925160,6.379360755656816,0.0009685616002714781
2024-11-19 18:30:00+00:00,589.5599975585938,591.0449829101562,589.4000244140625,590.1300048828125,5450771,6.380342859885878,0.0009821042290614201
2024-11-19 19:30:00+00:00,590.1400146484375,590.3599853515625,589.0900268554688,589.8800048828125,6312238,6.379919134660377,-0.0004237252255006041
2024-11-19 20:30:00+00:00,589.8800048828125,590.5999755859375,589.6799926757812,590.280029296875,6088097,6.380597050227413,0.0006779155670360026
2024-11-20 14:30:00+00:00,590.3800048828125,590.530029296875,584.6300048828125,585.7139282226562,9235542,6.372831493285337,-0.007765556942076479
2024-11-20 15:30:00+00:00,585.719970703125,587.6859741210938,585.6199951171875,585.8699951171875,7665516,6.3730979136285075,0.00026642034317081453
2024-11-20 16:30:00+00:00,585.9000244140625,588.7999877929688,585.5399780273438,587.2050170898438,4253187,6.375374021354139,0.002276107725631249
2024-11-20 17:30:00+00:00,587.2000122070312,588.2899780273438,586.5399780273438,587.5999755859375,2951747,6.3760464027509425,0.0006723813968037007
2024-11-20 18:30:00+00:00,587.6021728515625,587.6021728515625,586.1500244140625,586.619873046875,2680996,6.374377034331024,-0.0016693684199182712
2024-11-20 19:30:00+00:00,586.6099853515625,588.52001953125,586.52001953125,588.47998046875,4795676,6.377542908226637,0.0031658738956128474
2024-11-20 20:30:00+00:00,588.47998046875,590.7899780273438,588.47998046875,590.47998046875,9327426,6.380935732384893,0.003392824158256147
2024-11-21 14:30:00+00:00,593.4000244140625,593.5700073242188,587.5399780273438,587.7391967773438,10426898,6.376283306608707,-0.004652425776185964
2024-11-21 15:30:00+00:00,587.6900024414062,592.75,587.4500122070312,592.7249755859375,5418336,6.38473050656962,0.008447199960913032
2024-11-21 16:30:00+00:00,592.75,593.280029296875,591.0800170898438,593.0,3958697,6.385194398997726,0.0004638924281055168
2024-11-21 17:30:00+00:00,593.010009765625,594.6799926757812,592.880126953125,594.4299926757812,3530532,6.38760295087177,0.002408551874044207
2024-11-21 18:30:00+00:00,594.4500122070312,594.7999877929688,593.52001953125,594.4199829101562,4282940,6.387586111462541,-1.6839409228808222e-05
2024-11-21 19:30:00+00:00,594.4299926757812,595.1199951171875,593.8599853515625,594.9000244140625,5360488,6.388393365232794,0.0008072537702528138
2024-11-21 20:30:00+00:00,594.9000244140625,595.0,593.5599975585938,593.6099853515625,7259012,6.3862225133955866,-0.0021708518372074437
2024-11-22 14:30:00+00:00,593.6599731445312,596.1309814453125,593.1525268554688,593.6699829101562,8465340,6.386323580642149,0.00010106724656200328
2024-11-22 15:30:00+00:00,593.780029296875,595.896484375,593.590087890625,594.5900268554688,4334292,6.387872137560009,0.0015485569178608216
2024-11-22 16:30:00+00:00,594.5700073242188,595.8800048828125,593.9199829101562,595.6099853515625,2694631,6.3895860658667045,0.001713928306695145
2024-11-22 17:30:00+00:00,595.6099853515625,596.1500244140625,594.6599731445312,595.52001953125,2381164,6.389435006250853,-0.00015105961585160088
2024-11-22 18:30:00+00:00,595.52001953125,595.969970703125,594.1500244140625,594.989990234375,3638643,6.388544582268615,-0.0008904239822378202
2024-11-22 19:30:00+00:00,594.989990234375,595.6300048828125,594.1699829101562,594.77001953125,3555087,6.388174809030607,-0.00036977323800790884
2024-11-22 20:30:00+00:00,594.75830078125,596.0999755859375,594.6699829101562,595.489990234375,4804386,6.389384579643797,0.001209770613189498
2024-11-25 14:30:00+00:00,599.52001953125,600.8599853515625,597.5499877929688,599.1099853515625,12287190,6.3954451962044665,0.006060616560669807
2024-11-25 15:30:00+00:00,599.0900268554688,599.260009765625,597.5999755859375,597.989990234375,4340166,6.393574015072034,-0.0018711811324321204
2024-11-25 16:30:00+00:00,597.969970703125,598.3800048828125,595.75,596.0399780273438,4236635,6.39030774204286,-0.0032662730291743713
2024-11-25 17:30:00+00:00,596.0399780273438,597.4400024414062,595.2000122070312,597.1503295898438,3470148,6.392168890052396,0.0018611480095360733
2024-11-25 18:30:00+00:00,597.1799926757812,597.6099853515625,596.489990234375,596.989990234375,2270237,6.391900346475447,-0.00026854357694894304
2024-11-25 19:30:00+00:00,596.7100830078125,597.4500122070312,596.6599731445312,597.1400146484375,2618835,6.39215161629404,0.00025126981859280306
2024-11-25 20:30:00+00:00,597.1099853515625,597.7449951171875,596.8499755859375,597.4500122070312,6562304,6.39267061872765,0.0005190024336103605
2024-11-26 14:30:00+00:00,598.7999877929688,599.6099853515625,598.0700073242188,598.8150024414062,7503547,6.394952706408988,0.002282087681337863
2024-11-26 15:30:00+00:00,598.7999877929688,599.5999755859375,598.219970703125,599.5599975585938,3068458,6.396196048790398,0.0012433423814099953
2024-11-26 16:30:00+00:00,599.5650024414062,599.8699951171875,599.0700073242188,599.3350219726562,2822299,6.3958207438889465,-0.0003753049014516563
2024-11-26 17:30:00+00:00,599.3499755859375,600.139892578125,599.2999877929688,599.8701171875,2142058,6.396713160428674,0.0008924165397274919
2024-11-26 18:30:00+00:00,599.8599853515625,600.4099731445312,599.219970703125,599.6801147460938,2987045,6.396396370955525,-0.00031678947314883743
2024-11-26 19:30:00+00:00,599.6900024414062,600.4500122070312,599.5,600.3715209960938,4624304,6.397548665250054,0.0011522942945285664
2024-11-26 20:30:00+00:00,600.3699951171875,601.3300170898438,600.260009765625,600.739990234375,10768400,6.398162212362699,0.0006135471126453851
2024-11-27 14:30:00+00:00,600.4600219726562,600.8499755859375,599.22998046875,599.3499755859375,6282609,6.395845693918875,-0.0023165184438243003
2024-11-27 15:30:00+00:00,599.3699951171875,599.5900268554688,598.25,598.4598999023438,4307773,6.394359521754771,-0.0014861721641041825
2024-11-27 16:30:00+00:00,598.4299926757812,599.1500244140625,597.280029296875,598.219970703125,5448310,6.393958530297779,-0.000400991456992017
2024-11-27 17:30:00+00:00,598.219970703125,598.8599853515625,597.77001953125,598.477783203125,2285273,6.394389403512251,0.000430873214471994
2024-11-27 18:30:00+00:00,598.4600219726562,599.1199951171875,598.3599853515625,598.7100219726562,2893063,6.394777377348002,0.00038797383575150945
2024-11-27 19:30:00+00:00,598.7100219726562,599.0999755859375,598.3099975585938,598.5499877929688,3623103,6.394510043303041,-0.00026733404496148694
2024-11-27 20:30:00+00:00,598.5449829101562,598.97998046875,597.9400024414062,598.7899780273438,4372416,6.394910915644129,0.0004008723410882098
2024-11-29 14:30:00+00:00,599.6599731445312,601.739990234375,599.3804931640625,601.41748046875,5378037,6.399289336425245,0.004378420781115722
2024-11-29 15:30:00+00:00,601.4199829101562,602.3897094726562,601.4099731445312,602.3300170898438,3239529,6.400805496247386,0.001516159822141816
2024-11-29 16:30:00+00:00,602.3250122070312,603.260009765625,602.0599975585938,602.8250122070312,4842724,6.401626959267478,0.0008214630200917838
2024-12-02 14:30:00+00:00,602.969970703125,603.6798706054688,602.469970703125,603.2249755859375,7003062,6.402290220985678,0.0006632617181994149
2024-12-02 15:30:00+00:00,603.219970703125,603.5700073242188,602.469970703125,603.280029296875,2742346,6.40238148245704,9.126147136218066e-05
2024-12-02 16:30:00+00:00,603.2650146484375,603.9600219726562,603.1903076171875,603.469970703125,2613542,6.402696280729787,0.00031479827274694117
2024-12-02 17:30:00+00:00,603.489990234375,603.8798828125,603.4000244140625,603.6699829101562,2297849,6.403027662701302,0.00033138197151494353
2024-12-02 18:30:00+00:00,603.67578125,603.8300170898438,603.0499877929688,603.4000244140625,2856373,6.402580367185786,-0.00044729551551547786
2024-12-02 19:30:00+00:00,603.4100952148438,604.3200073242188,603.3900146484375,604.260009765625,3815615,6.404004585049405,0.001424217863618793
2024-12-02 20:30:00+00:00,604.1199951171875,604.280029296875,603.4500122070312,603.6699829101562,5147465,6.403027662701302,-0.0009769223481033151
2024-12-03 14:30:00+00:00,603.3900146484375,603.719970703125,602.4400024414062,602.4600219726562,4277390,6.40102130959096,-0.0020063531103415855
2024-12-03 15:30:00+00:00,602.47998046875,603.4598999023438,602.3410034179688,603.4199829101562,2876603,6.402613443362804,0.0015921337718438622
2024-12-03 16:30:00+00:00,603.4000244140625,603.5,602.3699951171875,603.0050048828125,2238843,6.401925496664237,-0.0006879466985667548
2024-12-03 17:30:00+00:00,602.9949951171875,603.8499755859375,602.9400024414062,603.5700073242188,2408282,6.402862036004083,0.0009365393398459432
2024-12-03 18:30:00+00:00,603.5499877929688,603.760009765625,603.1699829101562,603.619873046875,3815128,6.402944650551299,8.261454721569805e-05
2024-12-03 19:30:00+00:00,603.5999755859375,604.1599731445312,603.5999755859375,603.9450073242188,3210131,6.403483146313283,0.0005384957619840591
2024-12-03 20:30:00+00:00,603.9400024414062,604.1400146484375,603.489990234375,603.8499755859375,3985090,6.403325782290709,-0.00015736402257360282
2024-12-04 14:30:00+00:00,605.6900024414062,606.2100219726562,604.9500122070312,605.6300048828125,6731828,6.406269246607272,0.002943464316563116
2024-12-04 15:30:00+00:00,605.6599731445312,606.5,605.5399780273438,606.3300170898438,4477440,6.407424420494501,0.0011551738872288553
2024-12-04 16:30:00+00:00,606.3206787109375,606.489990234375,606.02001953125,606.3499755859375,2075568,6.407457336838823,3.291634432134316e-05
2024-12-04 17:30:00+00:00,606.3499755859375,606.5399780273438,605.8400268554688,605.869873046875,1768813,6.406665232065573,-0.0007921047732493136
2024-12-04 18:30:00+00:00,605.8599853515625,606.8599853515625,605.2000122070312,606.7800903320312,3128888,6.408166436013264,0.0015012039476909322
2024-12-04 19:30:00+00:00,606.780029296875,607.52001953125,606.6699829101562,607.3099975585938,4825740,6.409039365074291,0.0008729290610265394
2024-12-04 20:30:00+00:00,607.3099975585938,607.9099731445312,607.1799926757812,607.5800170898438,9853074,6.409483881915223,0.00044451684093260724
2024-12-05 14:30:00+00:00,607.6599731445312,608.2000122070312,607.1099853515625,607.1099853515625,3874421,6.4087099696235335,-0.0007739122916898822
2024-12-05 15:30:00+00:00,607.1038818359375,607.7100219726562,606.7999877929688,607.6300048828125,2594162,6.40956615212711,0.0008561825035764414
2024-12-05 16:30:00+00:00,607.5900268554688,608.1699829101562,607.3300170898438,608.0499877929688,2237567,6.410257095351305,0.0006909432241952729
2024-12-05 17:30:00+00:00,608.0449829101562,608.47998046875,606.8599853515625,607.2899780273438,2255538,6.409006400260107,-0.0012506950911985726
2024-12-05 18:30:00+00:00,607.3200073242188,607.8900146484375,606.9099731445312,607.0999755859375,3305469,6.4086934819221515,-0.0003129183379551037
2024-12-05 19:30:00+00:00,607.1900024414062,607.5,606.6199951171875,606.7449951171875,2798712,6.408108595898916,-0.0005848860232351427
2024-12-05 20:30:00+00:00,606.75,607.385009765625,606.3049926757812,606.6099853515625,7907075,6.407886056298625,-0.00022253960029150477
2024-12-06 14:30:00+00:00,607.4400024414062,609.0700073242188,607.3400268554688,608.8800048828125,5053995,6.411621211978471,0.0037351556798457253
2024-12-06 15:30:00+00:00,608.8800048828125,608.9769897460938,607.5599975585938,608.0,4270210,6.410174881966167,-0.0014463300123033207
2024-12-06 16:30:00+00:00,607.989990234375,608.2899780273438,607.3200073242188,607.6998901367188,2667723,6.4096811583559035,-0.0004937236102637854
2024-12-06 17:30:00+00:00,607.7000122070312,608.3900146484375,607.1599731445312,608.0650024414062,1752852,6.410281788161703,0.0006006298057998904
2024-12-06 18:30:00+00:00,608.0650024414062,608.0662841796875,607.030029296875,607.125,2813995,6.408734700665909,-0.0015470874957941305
2024-12-06 19:30:00+00:00,607.1300048828125,607.7498779296875,607.02001953125,607.614990234375,3577317,6.409541441639104,0.000806740973194664
2024-12-06 20:30:00+00:00,607.6199951171875,608.1199951171875,607.4500122070312,607.8900146484375,4662115,6.409993968642532,0.00045252700342768293
2024-12-09 14:30:00+00:00,607.6900024414062,607.8599853515625,606.1799926757812,606.3775024414062,4813215,6.407502733444362,-0.002491235198169406
2024-12-09 15:30:00+00:00,606.369873046875,606.6400146484375,604.6099853515625,605.7849731445312,5009899,6.406525093307825,-0.0009776401365373388
2024-12-09 16:30:00+00:00,605.8599853515625,606.125,605.273193359375,605.6099853515625,2086032,6.40623619034854,-0.0002889029592845205
2024-12-09 17:30:00+00:00,605.5800170898438,606.0700073242188,605.0399780273438,605.7249755859375,1519429,6.40642604738797,0.00018985703942941967
2024-12-09 18:30:00+00:00,605.719970703125,606.4299926757812,605.239990234375,605.3699951171875,2242393,6.405839833280071,-0.0005862141078987193
2024-12-09 19:30:00+00:00,605.3699951171875,605.4400024414062,604.3200073242188,604.4600219726562,4468028,6.404335533827624,-0.001504299452446567
2024-12-09 20:30:00+00:00,604.52001953125,604.7899780273438,604.0800170898438,604.6300048828125,9261807,6.404616708773245,0.00028117494562085454
2024-12-10 14:30:00+00:00,605.3699951171875,605.510009765625,604.273681640625,605.119873046875,4713731,6.405426575671807,0.000809866898562106
2024-12-10 15:30:00+00:00,605.119873046875,605.7999877929688,604.5800170898438,604.6599731445312,2920019,6.404666272173703,-0.0007603034981045198
2024-12-10 16:30:00+00:00,604.6500244140625,604.780029296875,604.1799926757812,604.52001953125,2446474,6.404434787010611,-0.00023148516309223766
2024-12-10 17:30:00+00:00,604.5,605.02001953125,604.0800170898438,604.3499755859375,2354957,6.404153459908241,-0.0002813271023693886
2024-12-10 18:30:00+00:00,604.3699951171875,604.6199951171875,603.5800170898438,604.02001953125,3058978,6.403607342304823,-0.0005461176034184945
2024-12-10 19:30:00+00:00,604.02001953125,604.0399780273438,602.6599731445312,602.7318725585938,6375077,6.401472442048424,-0.0021349002563990638
2024-12-10 20:30:00+00:00,602.739990234375,602.9199829101562,602.1300048828125,602.8699951171875,8230106,6.401701576662266,0.00022913461384188594
2024-12-11 14:30:00+00:00,605.780029296875,607.25,605.5,606.5349731445312,6758534,6.407762390603769,0.0060608139415032625
2024-12-11 15:30:00+00:00,606.5599975585938,607.52001953125,606.4816284179688,607.47998046875,2513936,6.409319220710804,0.0015568301070354451
2024-12-11 16:30:00+00:00,607.47998046875,608.1900024414062,607.3599853515625,607.719970703125,2666780,6.409714201367714,0.0003949806569094605
2024-12-11 17:30:00+00:00,607.75,608.4349975585938,607.6099853515625,608.3200073242188,1993876,6.41070107134014,0.0009868699724258079
2024-12-11 18:30:00+00:00,608.3099975585938,608.4000244140625,607.5599975585938,607.9299926757812,2116165,6.4100597317112715,-0.0006413396288680318
2024-12-11 19:30:00+00:00,607.9199829101562,608.216796875,607.7100219726562,608.0700073242188,2718006,6.410290018963009,0.00023028725173723785
2024-12-11 20:30:00+00:00,608.0650024414062,608.0650024414062,607.3099975585938,607.5,3811602,6.409352175214703,-0.0009378437483054114
2024-12-12 14:30:00+00:00,606.5800170898438,606.6599731445312,605.1300048828125,606.5626220703125,5594027,6.407807974612665,-0.0015442006020380816
2024-12-12 15:30:00+00:00,606.5599975585938,607.1599731445312,606.3200073242188,606.864990234375,2183421,6.408306344960026,0.0004983703473611101
2024-12-12 16:30:00+00:00,606.8800048828125,606.9099731445312,605.77001953125,606.4979248046875,2239766,6.407701306786639,-0.0006050381733873067
2024-12-12 17:30:00+00:00,606.489990234375,606.9500122070312,605.8699951171875,606.5167236328125,1753086,6.407732302006938,3.099522029881285e-05
2024-12-12 18:30:00+00:00,606.510009765625,606.5499877929688,604.8300170898438,604.9299926757812,2929159,6.405112736749906,-0.002619565257031553
2024-12-12 19:30:00+00:00,604.9400024414062,605.4400024414062,604.75,604.8800048828125,3016670,6.40503009932238,-8.263742752667724e-05
2024-12-12 20:30:00+00:00,604.9000244140625,605.3499755859375,604.3400268554688,604.3699951171875,6557089,6.404186585084853,-0.0008435142375269322
2024-12-13 14:30:00+00:00,606.330078125,607.1300048828125,604.9199829101562,605.010009765625,6315817,6.405245002961122,0.0010584178762691465
2024-12-13 15:30:00+00:00,605.010009765625,605.2673950195312,603.030029296875,603.6798706054688,4285013,6.403044041873062,-0.002200961088060005
2024-12-13 16:30:00+00:00,603.6624755859375,604.6599731445312,603.1199951171875,603.23681640625,3546076,6.402309849987427,-0.0007341918856349494
2024-12-13 17:30:00+00:00,603.239990234375,604.0700073242188,602.8099975585938,603.9788208007812,3086676,6.403539132420658,0.0012292824332309493
2024-12-13 18:30:00+00:00,603.969970703125,604.5286254882812,603.6799926757812,604.3800048828125,3509093,6.404203147261689,0.0006640148410310687
2024-12-13 19:30:00+00:00,604.4000244140625,604.6300048828125,603.77001953125,604.27001953125,3231704,6.404021150240807,-0.0001819970208822852
2024-12-13 20:30:00+00:00,604.260009765625,604.7000122070312,604.0999755859375,604.260009765625,4245131,6.404004585049405,-1.656519140169621e-05
2024-12-16 14:30:00+00:00,606.0,606.6771850585938,605.2100219726562,606.4600219726562,6002002,6.407638810255504,0.0036342252060990177
2024-12-16 15:30:00+00:00,606.5,607.1099853515625,606.3599853515625,606.719970703125,3298921,6.408067351339294,0.0004285410837896464
2024-12-16 16:30:00+00:00,606.72998046875,607.030029296875,606.4000244140625,606.9500122070312,2183495,6.408446435455899,0.0003790841166058101
2024-12-16 17:30:00+00:00,606.9500122070312,607.719970703125,606.8599853515625,607.719970703125,3244392,6.409714201367714,0.0012677659118143225
2024-12-16 18:30:00+00:00,607.7100219726562,607.7794799804688,607.3200073242188,607.3499755859375,2755892,6.409105190948597,-0.0006090104191169843
2024-12-16 19:30:00+00:00,607.3400268554688,607.7750244140625,607.2899780273438,607.5900268554688,4298382,6.409500356589982,0.00039516564138519783
2024-12-16 20:30:00+00:00,607.5800170898438,607.5809936523438,606.0549926757812,606.7750244140625,10458677,6.408158087125098,-0.0013422694648843603
2024-12-17 14:30:00+00:00,604.1900024414062,604.8599853515625,603.1599731445312,603.219970703125,7817132,6.402281924075274,-0.005876163049823191
2024-12-17 15:30:00+00:00,603.4099731445312,605.1099853515625,603.1649780273438,604.3900146484375,4605315,6.404219709164224,0.001937785088949262
2024-12-17 16:30:00+00:00,604.3599853515625,605.1699829101562,604.260009765625,604.5399780273438,3035249,6.404467801908359,0.00024809274413506444
2024-12-17 17:30:00+00:00,604.5499877929688,604.969970703125,604.02001953125,604.2150268554688,4649041,6.403930139307765,-0.0005376626005935137
2024-12-17 18:30:00+00:00,604.219970703125,604.4400024414062,603.6099853515625,603.6749877929688,3845299,6.40303595342671,-0.0008941858810551651
2024-12-17 19:30:00+00:00,603.6798706054688,603.72998046875,602.885009765625,603.0900268554688,6084059,6.402066483851084,-0.0009694695756259364
2024-12-17 20:30:00+00:00,603.0900268554688,604.739990234375,602.9600219726562,604.239990234375,7715806,6.403971453843361,0.0019049699922772945
2024-12-18 14:30:00+00:00,603.97998046875,605.419921875,603.469970703125,605.4000244140625,6250682,6.405889436914777,0.0019179830714159962
2024-12-18 15:30:00+00:00,605.3800048828125,606.405029296875,604.6300048828125,605.6300048828125,5651917,6.406269246607272,0.000379809692494959
2024-12-18 16:30:00+00:00,605.6199951171875,606.3099975585938,605.4099731445312,605.6799926757812,4916439,6.406351781702496,8.253509522404556e-05
2024-12-18 17:30:00+00:00,605.6799926757812,605.9400024414062,605.2000122070312,605.2125244140625,2971252,6.405579676369703,-0.0007721053327935934
2024-12-18 18:30:00+00:00,605.2100219726562,605.6699829101562,600.030029296875,600.0800170898438,12086251,6.397063008140656,-0.008516668229046509
2024-12-18 19:30:00+00:00,600.0999755859375,601.25,592.9199829101562,593.1400146484375,17481891,6.38543048351955,-0.0116325246211062
2024-12-18 20:30:00+00:00,593.1300048828125,593.9000244140625,585.8900146484375,586.2999877929688,29069208,6.373831583149717,-0.011598900369833132
2024-12-19 14:30:00+00:00,591.3599853515625,593.0,588.6500244140625,588.7000122070312,15038359,6.377916736769787,0.0040851536200703364
2024-12-19 15:30:00+00:00,588.6699829101562,590.9600219726562,587.7899780273438,590.7899780273438,11414371,6.381460587120223,0.0035438503504359176
2024-12-19 16:30:00+00:00,590.77001953125,591.4000244140625,587.8499755859375,588.010009765625,7500682,6.376743971164657,-0.004716615955565828
2024-12-19 17:30:00+00:00,588.010009765625,589.72998046875,587.280029296875,589.6300048828125,6418617,6.3794952298156975,0.0027512586510400894
2024-12-19 18:30:00+00:00,589.5839233398438,591.260009765625,588.8099975585938,589.22998046875,6506416,6.378816566642145,-0.0006786631735522519
2024-12-19 19:30:00+00:00,589.25,589.4299926757812,587.4099731445312,588.6099853515625,9544403,6.377763800235092,-0.0010527664070529852
2024-12-19 20:30:00+00:00,588.6300048828125,589.219970703125,585.8800048828125,586.1199951171875,14096538,6.373524538439086,-0.004239261796006311
2024-12-20 14:30:00+00:00,581.77001953125,587.0900268554688,580.9099731445312,586.9749755859375,19631670,6.374982187890301,0.0014576494512148486
2024-12-20 15:30:00+00:00,586.969970703125,592.3400268554688,586.9199829101562,592.3386840820312,19282841,6.3840785727862555,0.009096384895954657
2024-12-20 16:30:00+00:00,592.3400268554688,595.75,592.25,595.6099853515625,9488606,6.3895860658667045,0.005507493080449066
2024-12-20 17:30:00+00:00,595.6199951171875,595.6300048828125,592.1500244140625,592.168701171875,9895470,6.383791562484016,-0.005794503382688276
2024-12-20 18:30:00+00:00,592.1699829101562,593.4000244140625,591.7999877929688,593.280029296875,8974730,6.385666512318629,0.0018749498346126714
2024-12-20 19:30:00+00:00,593.219970703125,593.9400024414062,591.5599975585938,591.77001953125,7446656,6.383118078884363,-0.0025484334342662507
2024-12-20 20:30:00+00:00,591.7899780273438,592.3800048828125,589.469970703125,590.9099731445312,23033547,6.381663676098065,-0.0014544027862974929
2024-12-23 14:30:00+00:00,590.8900146484375,591.77001953125,587.6610107421875,589.2999877929688,8622697,6.3789353711294075,-0.0027283049686577243
2024-12-23 15:30:00+00:00,589.2999877929688,590.8400268554688,588.7100219726562,590.6569213867188,3438805,6.38123534357986,0.0022999724504524366
2024-12-23 16:30:00+00:00,590.6699829101562,593.1199951171875,590.1799926757812,592.1300048828125,4356062,6.38372621361742,0.0024908700375601
2024-12-23 17:30:00+00:00,592.1300048828125,593.4000244140625,591.7000732421875,593.2996826171875,3336170,6.385699638319549,0.001973424702129023
2024-12-23 18:30:00+00:00,593.27001953125,594.3099975585938,593.25,593.8599853515625,3683493,6.386643576681163,0.000943938361613661
2024-12-23 19:30:00+00:00,593.8900146484375,594.030029296875,592.25,593.3049926757812,5432141,6.385708588324052,-0.0009349883571108109
2024-12-23 20:30:00+00:00,593.3150024414062,595.2999877929688,593.2694091796875,594.780029296875,10935737,6.388191638529518,0.0024830502054662418
2024-12-24 14:30:00+00:00,596.0599975585938,598.3400268554688,595.469970703125,598.2000122070312,6131929,6.393925166602118,0.00573352807260008
2024-12-24 15:30:00+00:00,598.22998046875,599.3701171875,598.1599731445312,599.25,4658145,6.395678873314494,0.0017537067123756245
2024-12-24 16:30:00+00:00,599.239990234375,600.3300170898438,598.8400268554688,600.1600952148438,4262625,6.397196444982664,0.0015175716681703477
2024-12-26 14:30:00+00:00,599.5,600.4000244140625,598.08251953125,600.2899780273438,5803845,6.397412835178145,0.00021639019548125304
2024-12-26 15:30:00+00:00,600.2849731445312,601.2785034179688,599.7899780273438,600.8300170898438,3073697,6.398312061069122,0.0008992258909765738
2024-12-26 16:30:00+00:00,600.8400268554688,602.47998046875,600.7999877929688,601.510009765625,2775121,6.399443176615628,0.00113111554650569
2024-12-26 17:30:00+00:00,601.510009765625,602.0499877929688,600.3499755859375,601.6699829101562,2805862,6.399709093845715,0.00026591723008717594
2024-12-26 18:30:00+00:00,601.6799926757812,601.77001953125,600.6599731445312,600.9000244140625,2789874,6.398428571969042,-0.0012805218766729354
2024-12-26 19:30:00+00:00,600.969970703125,602.0999755859375,600.8402709960938,601.7899780273438,3459748,6.3999085107294995,0.0014799387604575998
2024-12-26 20:30:00+00:00,601.7899780273438,602.0250244140625,601.0599975585938,601.22998046875,4421566,6.398977524347958,-0.00093098638154121
2024-12-27 14:30:00+00:00,597.5399780273438,597.776123046875,592.7899780273438,593.2100219726562,10316838,6.385548504882789,-0.01342901946516939
2024-12-27 15:30:00+00:00,593.1699829101562,594.5700073242188,592.25,594.5189819335938,6943872,6.387752644861805,0.0022041399790158067
2024-12-27 16:30:00+00:00,594.4901123046875,594.6798706054688,590.7999877929688,591.530029296875,6677205,6.382712450171842,-0.0050401946899629735
2024-12-27 17:30:00+00:00,591.760009765625,592.9500122070312,590.7647094726562,592.5399780273438,7774992,6.384418344196926,0.0017058940250844756
2024-12-27 18:30:00+00:00,592.526611328125,594.6400146484375,592.3300170898438,593.969970703125,4013700,6.386828763712886,0.002410419515959994
2024-12-27 19:30:00+00:00,593.969970703125,595.530029296875,593.1801147460938,593.6500244140625,4660844,6.386289961237148,-0.0005388024757380094
2024-12-27 20:30:00+00:00,593.6599731445312,595.4000244140625,592.5399780273438,594.989990234375,12097823,6.388544582268615,0.002254621031466897
2024-12-30 14:30:00+00:00,587.8900146484375,588.010009765625,584.4099731445312,584.77001953125,12115082,6.37121864092998,-0.017325941338635076
2024-12-30 15:30:00+00:00,584.760009765625,588.4650268554688,584.75,587.989990234375,9202375,6.3767099243428005,0.005491283412820458
2024-12-30 16:30:00+00:00,587.969970703125,590.5499267578125,587.9301147460938,590.4400024414062,4244500,6.380868025803689,0.004158101460888908
2024-12-30 17:30:00+00:00,590.4500122070312,591.739990234375,589.6500244140625,590.5900268554688,3123194,6.381122082705119,0.0002540569014293226
2024-12-30 18:30:00+00:00,590.510009765625,591.530029296875,589.4199829101562,590.3400268554688,5646000,6.380698687597256,-0.0004233951078624898
2024-12-30 19:30:00+00:00,590.3400268554688,591.2100219726562,589.5599975585938,589.5900268554688,4534628,6.3794274256294,-0.0012712619678563186
2024-12-30 20:30:00+00:00,589.5900268554688,590.6400146484375,588.0700073242188,588.260009765625,6595813,6.377169043638856,-0.002258381990543512
2024-12-31 14:30:00+00:00,589.905029296875,590.639892578125,588.1701049804688,589.6099853515625,6950749,6.3794612765383025,0.002292232899446134
2024-12-31 15:30:00+00:00,589.6099853515625,590.0599975585938,586.8200073242188,586.9500122070312,3571992,6.374939658121926,-0.004521618416376327
2024-12-31 16:30:00+00:00,586.9498901367188,587.8400268554688,585.739990234375,585.888671875,3756070,6.373129791793082,-0.0018098663288439454
2024-12-31 17:30:00+00:00,585.8599853515625,587.5798950195312,584.7899780273438,585.010009765625,5608244,6.37162895779594,-0.0015008339971425144
2024-12-31 18:30:00+00:00,585.0150146484375,586.5598754882812,584.5800170898438,584.9400024414062,4971522,6.371509282043007,-0.0001196757529324799
2024-12-31 19:30:00+00:00,584.9199829101562,587.2999877929688,584.4199829101562,587.2301025390625,6727803,6.375416740528324,0.00390745848531715
2024-12-31 20:30:00+00:00,587.22998046875,587.4998779296875,584.969970703125,586.0,12566405,6.373319789577012,-0.0020969509513122375
2025-01-02 14:30:00+00:00,589.3900146484375,591.1300048828125,586.1900024414062,587.8300170898438,10951663,6.376437819523148,0.0031180299461359695
2025-01-02 15:30:00+00:00,587.8099975585938,588.780029296875,585.3699951171875,587.5300903320312,5105750,6.375927462293174,-0.0005103572299738346
2025-01-02 16:30:00+00:00,587.469970703125,588.77001953125,584.2100219726562,584.489990234375,3517777,6.370739655417964,-0.005187806875210477
2025-01-02 17:30:00+00:00,584.469970703125,584.4733276367188,580.9400024414062,582.3599853515625,8459871,6.367088788051547,-0.0036508673664163993
2025-01-02 18:30:00+00:00,582.3250122070312,583.5050048828125,580.5,583.280029296875,6223597,6.36866739572598,0.0015786076744328525
2025-01-02 19:30:00+00:00,583.2650146484375,584.8099975585938,582.02001953125,584.469970703125,4679389,6.370705403549771,0.0020380078237911547
2025-01-02 20:30:00+00:00,584.47998046875,585.3699951171875,583.5501708984375,584.5700073242188,5791461,6.370876546749693,0.00017114319992117544
2025-01-03 14:30:00+00:00,587.530029296875,589.5449829101562,586.4299926757812,588.219970703125,9304664,6.377100977775977,0.006224431026284449
2025-01-03 15:30:00+00:00,588.239990234375,589.8499755859375,587.5499877929688,589.6300048828125,3540939,6.3794952298156975,0.0023942520397204348
2025-01-03 16:30:00+00:00,589.5999755859375,591.010009765625,589.5549926757812,590.14501953125,3213495,6.380368302512601,0.0008730726969030655
2025-01-03 17:30:00+00:00,590.1500244140625,591.5,589.9000244140625,591.4949951171875,3211923,6.382653222042301,0.0022849195297007796
2025-01-03 18:30:00+00:00,591.5,592.2000122070312,591.0499877929688,592.0999755859375,3161826,6.383675498304724,0.0010222762624225723
2025-01-03 19:30:00+00:00,592.0800170898438,592.5999755859375,591.4299926757812,591.9299926757812,3775669,6.383388372276025,-0.0002871260286987365
2025-01-03 20:30:00+00:00,591.9299926757812,592.2100219726562,591.0499877929688,591.8599853515625,7074389,6.383270095680345,-0.0001182765956802001
2025-01-06 14:30:00+00:00,596.27001953125,599.0,595.9000244140625,598.8900146484375,10454522,6.395077966311984,0.011807870631638906
2025-01-06 15:30:00+00:00,598.9099731445312,599.510009765625,598.0700073242188,599.5089721679688,5070586,6.396110940440597,0.001032974128612807
2025-01-06 16:30:00+00:00,599.4920043945312,599.7000122070312,598.3699951171875,598.5700073242188,3142058,6.394543489459371,-0.001567450981225349
2025-01-06 17:30:00+00:00,598.530029296875,598.739990234375,596.5800170898438,597.3900146484375,4129019,6.392570190959421,-0.0019732984999505376
2025-01-06 18:30:00+00:00,597.3499755859375,597.4298706054688,594.8800048828125,595.3499755859375,4467432,6.389149426889268,-0.003420764070153126
2025-01-06 19:30:00+00:00,595.52001953125,595.5800170898438,594.0399780273438,595.0549926757812,5716723,6.388653825939912,-0.0004956009493559677
2025-01-06 20:30:00+00:00,595.0549926757812,595.5,593.5999755859375,595.4000244140625,8009219,6.389233489586147,0.0005796636462349625
2025-01-07 14:30:00+00:00,597.4199829101562,597.75,592.030029296875,593.5999755859375,9531785,6.386205650724358,-0.003027838861788368
2025-01-07 15:30:00+00:00,593.6099853515625,593.75,590.27001953125,593.1099853515625,7309605,6.385379854568011,-0.0008257961563469252
2025-01-07 16:30:00+00:00,593.02001953125,593.260009765625,590.2125244140625,590.6199951171875,4219424,6.381172824336442,-0.00420703023156932
2025-01-07 17:30:00+00:00,590.6500244140625,592.3970947265625,589.6400146484375,592.280029296875,3357008,6.383979545505086,0.0028067211686435556
2025-01-07 18:30:00+00:00,592.280029296875,592.280029296875,590.5499877929688,591.1099853515625,3594071,6.382002100517218,-0.0019774449878680045
2025-01-07 19:30:00+00:00,591.0700073242188,591.0999755859375,587.6900024414062,587.8300170898438,5890935,6.376437819523148,-0.00556428099406947
2025-01-07 20:30:00+00:00,587.8200073242188,588.8502197265625,586.780029296875,588.719970703125,11654859,6.37795063885466,0.0015128193315119276
2025-01-08 14:30:00+00:00,588.7000122070312,588.77001953125,586.0,586.4749755859375,9870599,6.374129999810596,-0.0038206390440640448
2025-01-08 15:30:00+00:00,586.469970703125,588.719970703125,586.3800048828125,588.1099853515625,3913519,6.376913980324596,0.002783980513999751
2025-01-08 16:30:00+00:00,588.1199951171875,589.9400024414062,585.3800048828125,585.6300048828125,4361539,6.372688199180821,-0.004225781143774476
2025-01-08 17:30:00+00:00,585.6400146484375,589.5700073242188,585.1950073242188,589.1099853515625,4732034,6.378612898564879,0.005924699384057597
2025-01-08 18:30:00+00:00,589.1199951171875,590.4400024414062,586.9600219726562,590.2716064453125,5551383,6.380582780878564,0.001969882313685112
2025-01-08 19:30:00+00:00,590.280029296875,590.280029296875,587.8800048828125,589.0900268554688,3925037,6.378579018924939,-0.0020037619536248386
2025-01-08 20:30:00+00:00,589.10498046875,589.7899780273438,588.22998046875,589.4199829101562,7883359,6.3791389735465795,0.0005599546216403795
2025-01-10 14:30:00+00:00,585.8800048828125,585.9500122070312,579.1500244140625,581.8900146484375,18574871,6.366281451605506,-0.012857521941073813
2025-01-10 15:30:00+00:00,581.9000244140625,583.2288208007812,579.5900268554688,579.8599853515625,8238517,6.362786669831421,-0.0034947817740844656
2025-01-10 16:30:00+00:00,579.8699951171875,580.8099975585938,578.5499877929688,580.0,6304602,6.363028103540465,0.00024143370904372574
2025-01-10 17:30:00+00:00,579.97998046875,583.75,579.9000244140625,583.239990234375,5835457,6.368598748704334,0.005570645163868626
2025-01-10 18:30:00+00:00,583.239990234375,584.5,581.5800170898438,582.5999755859375,6052200,6.367500802619974,-0.0010979460843598687
2025-01-10 19:30:00+00:00,582.6099853515625,582.6199951171875,579.969970703125,580.344970703125,7098364,6.3636227038050395,-0.003878098814934283
2025-01-10 20:30:00+00:00,580.3300170898438,581.1199951171875,579.7000122070312,580.510009765625,8981276,6.363907044340918,0.00028434053587833574
2025-01-13 14:30:00+00:00,575.77001953125,578.6199951171875,575.3499755859375,576.02001953125,10234487,6.3561424162225535,-0.007764628118364314
2025-01-13 15:30:00+00:00,576.072998046875,579.1799926757812,576.030029296875,576.989990234375,4988325,6.357824918410265,0.0016825021877115987
2025-01-13 16:30:00+00:00,576.969970703125,578.530029296875,575.6799926757812,578.22998046875,4259359,6.359971679619452,0.002146761209186998
2025-01-13 17:30:00+00:00,578.2000122070312,579.75,577.5999755859375,579.719970703125,3520069,6.362545177818064,0.0025734981986120786
2025-01-13 18:30:00+00:00,579.6900024414062,580.3599853515625,579.0900268554688,580.3099975585938,4323353,6.363562439306978,0.001017261488914123
2025-01-13 19:30:00+00:00,580.2899780273438,581.0,579.5700073242188,580.0999755859375,5247105,6.363200460386063,-0.0003619789209157176
2025-01-13 20:30:00+00:00,580.0999755859375,581.75,579.8699951171875,581.5399780273438,5872260,6.365679719427619,0.0024792590415563254
2025-01-14 14:30:00+00:00,584.3599853515625,585.0,581.969970703125,583.1500244140625,10073998,6.368444485002894,0.002764765575275163
2025-01-14 15:30:00+00:00,583.1751708984375,583.5590209960938,580.1799926757812,580.8599853515625,5105485,6.364509738741501,-0.003934746261393229
2025-01-14 16:30:00+00:00,580.8300170898438,581.4000244140625,578.5700073242188,579.719970703125,5171613,6.362545177818064,-0.0019645609234366646
2025-01-14 17:30:00+00:00,579.7100219726562,582.2369995117188,578.3499755859375,582.02001953125,4224093,6.366504844959864,0.003959667141799628
2025-01-14 18:30:00+00:00,582.02001953125,583.8099975585938,581.7899780273438,583.0399780273438,5136583,6.368255756945176,0.00175091198531252
2025-01-14 19:30:00+00:00,583.0399780273438,583.739990234375,578.9000244140625,580.489990234375,5815486,6.363872557637642,-0.004383199307534724
2025-01-14 20:30:00+00:00,580.469970703125,582.2899780273438,579.5800170898438,582.1900024414062,7537574,6.366796859129397,0.0029243014917552657
2025-01-15 14:30:00+00:00,590.3250122070312,592.969970703125,589.1950073242188,592.3300170898438,14512387,6.384063940860589,0.017267081731191958
2025-01-15 15:30:00+00:00,592.4400024414062,592.530029296875,590.7100219726562,591.0200805664062,4694971,6.381849994098607,-0.002213946761981944
2025-01-15 16:30:00+00:00,591.02001953125,591.3800048828125,589.5,591.1199951171875,4001330,6.382019034220119,0.00016904012151197634
2025-01-15 17:30:00+00:00,591.1199951171875,592.27001953125,590.8900146484375,592.27001953125,2652355,6.383962644968658,0.0019436107485395482
2025-01-15 18:30:00+00:00,592.2550048828125,593.1400146484375,591.97998046875,593.0999755859375,3105598,6.385362977681196,0.0014003327125378107
2025-01-15 19:30:00+00:00,593.1199951171875,593.9400024414062,593.02001953125,593.6900024414062,6365535,6.386357301723368,0.0009943240421721455
2025-01-15 20:30:00+00:00,593.6799926757812,593.8400268554688,592.6799926757812,592.760009765625,10587094,6.3847896117968155,-0.0015676899265528732
2025-01-16 14:30:00+00:00,594.1749877929688,594.2999877929688,591.3200073242188,592.2827758789062,7680051,6.38398418279746,-0.0008054289993557617
2025-01-16 15:30:00+00:00,592.27001953125,594.3499755859375,591.780029296875,593.360107421875,4177925,6.385801478468253,0.001817295670793584
2025-01-16 16:30:00+00:00,593.3400268554688,593.8099975585938,591.8200073242188,593.780029296875,2835661,6.386508929727841,0.0007074512595872662
2025-01-16 17:30:00+00:00,593.780029296875,593.7999877929688,592.1099853515625,592.260009765625,1960963,6.383945744146598,-0.0025631855812422444
2025-01-16 18:30:00+00:00,592.260009765625,592.6126098632812,590.9299926757812,592.4650268554688,4403041,6.384291844862887,0.00034610071628904393
2025-01-16 19:30:00+00:00,592.469970703125,593.3300170898438,591.9400024414062,592.2899780273438,4513509,6.383996342706446,-0.0002955021564412519
2025-01-16 20:30:00+00:00,592.2899780273438,593.2000122070312,591.47998046875,591.7000122070312,6725109,6.382999770313088,-0.0009965723933582638
2025-01-17 14:30:00+00:00,596.9600219726562,597.5399780273438,595.6099853515625,596.969970703125,14259852,6.391866811797724,0.008867041484636573
2025-01-17 15:30:00+00:00,596.989990234375,599.0999755859375,596.780029296875,598.77001953125,11197582,6.3948775837089675,0.003010771911243104
2025-01-17 16:30:00+00:00,598.77001953125,599.0399780273438,597.8200073242188,598.981201171875,3509840,6.395230213936619,0.0003526302276517512
2025-01-17 17:30:00+00:00,599.0,599.3599853515625,598.530029296875,599.030029296875,3740085,6.395311729240959,8.1515304339419e-05
2025-01-17 18:30:00+00:00,599.0,599.1099853515625,598.0800170898438,598.447021484375,5257176,6.394338002256906,-0.0009737269840526253
2025-01-17 19:30:00+00:00,598.47998046875,598.7100219726562,597.530029296875,598.0999755859375,5170943,6.393757923231145,-0.0005800790257612931
2025-01-17 20:30:00+00:00,598.094970703125,598.5900268554688,597.3499755859375,597.5499877929688,7957779,6.392837941884421,-0.0009199813467235529
2025-01-21 14:30:00+00:00,600.6699829101562,601.469970703125,598.6699829101562,600.35498046875,8003317,6.397521114384267,0.0046831724998455115
2025-01-21 15:30:00+00:00,600.3300170898438,600.9400024414062,599.4299926757812,600.780029296875,3154412,6.398228859712496,0.000707745328229592
2025-01-21 16:30:00+00:00,600.77001953125,601.780029296875,600.260009765625,601.5800170898438,2931193,6.399559555810426,0.0013306960979297955
2025-01-21 17:30:00+00:00,601.5800170898438,602.8800048828125,601.54150390625,602.5900268554688,3524912,6.401237076369183,0.0016775205587569175
2025-01-21 18:30:00+00:00,602.5800170898438,602.8200073242188,601.9000244140625,602.3699951171875,3368563,6.400871866342768,-0.0003652100264153191
2025-01-21 19:30:00+00:00,602.3800048828125,602.780029296875,601.6699829101562,602.7100219726562,4751032,6.401436188810439,0.000564322467671019
2025-01-21 20:30:00+00:00,602.719970703125,602.97998046875,602.1500244140625,602.9199829101562,7640038,6.401784489597201,0.00034830078676240106
2025-01-22 14:30:00+00:00,605.9199829101562,607.0399780273438,605.3599853515625,606.7000122070312,8585388,6.408034455068626,0.006249965471424979
2025-01-22 15:30:00+00:00,606.719970703125,607.239990234375,606.260009765625,607.2374877929688,5887257,6.408919962965133,0.0008855078965073204
2025-01-22 16:30:00+00:00,607.2319946289062,607.8200073242188,607.1950073242188,607.5499877929688,3346931,6.409434456262396,0.0005144932972624972
2025-01-22 17:30:00+00:00,607.5599975585938,607.7000122070312,606.9412231445312,607.0662841796875,2835236,6.408637984734699,-0.000796471527697129
2025-01-22 18:30:00+00:00,607.0800170898438,607.626708984375,606.8300170898438,606.905029296875,2324170,6.408372319670013,-0.00026566506468572726
2025-01-22 19:30:00+00:00,606.9099731445312,607.6199951171875,606.7800903320312,607.1199951171875,3100757,6.408726457053075,0.00035413738306200315
2025-01-22 20:30:00+00:00,607.1199951171875,607.3499755859375,606.22998046875,606.3400268554688,8699716,6.407440929132898,-0.0012855279201771097
2025-01-23 14:30:00+00:00,605.7999877929688,606.2999877929688,605.52001953125,605.72998046875,4504838,6.40643430998624,-0.0010066191466577834
2025-01-23 15:30:00+00:00,605.719970703125,607.5499877929688,605.6500244140625,607.510009765625,4071470,6.409368652059412,0.0029343420731722247
2025-01-23 16:30:00+00:00,607.5,607.8699951171875,606.9400024414062,607.1699829101562,5748200,6.408808789599504,-0.0005598624599087998
2025-01-23 17:30:00+00:00,607.1699829101562,608.2999877929688,606.9000244140625,607.9849853515625,3158231,6.41015018651578,0.0013413969162767714
2025-01-23 18:30:00+00:00,608.0,608.25,607.3099975585938,607.6599731445312,2240640,6.4096154708284345,-0.0005347156873458658
2025-01-23 19:30:00+00:00,607.6699829101562,608.27001953125,607.5999755859375,608.094970703125,3238089,6.410331071582284,0.0007156007538497988
2025-01-23 20:30:00+00:00,608.0900268554688,609.739990234375,607.6900024414062,609.7100219726562,6680471,6.412983470326086,0.0026523987438018537
2025-01-24 14:30:00+00:00,609.8099975585938,610.780029296875,609.25,609.3499755859375,5714331,6.412392775203764,-0.0005906951223222379
2025-01-24 15:30:00+00:00,609.3499755859375,609.8897705078125,609.0599975585938,609.8897705078125,3394398,6.413278236752853,0.0008854615490889728
2025-01-24 16:30:00+00:00,609.8800048828125,610.3250122070312,609.2999877929688,609.4299926757812,2331694,6.412524082071357,-0.0007541546814957556
2025-01-24 17:30:00+00:00,609.4249877929688,609.6199951171875,608.0800170898438,608.4450073242188,3126556,6.410906534184543,-0.0016175478868145632
2025-01-24 18:30:00+00:00,608.4299926757812,608.739990234375,606.9299926757812,607.4299926757812,3345671,6.409236930180474,-0.001669604004068681
2025-01-24 19:30:00+00:00,607.4000244140625,607.9199829101562,606.9400024414062,607.0700073242188,4125498,6.40864411772744,-0.0005928124530338863
2025-01-24 20:30:00+00:00,607.0800170898438,608.1500244140625,606.7999877929688,607.9299926757812,6412163,6.4100597317112715,0.0014156139838314985
2025-01-27 14:30:00+00:00,594.8099975585938,599.2100219726562,594.6400146484375,599.0,19726133,6.395261598115449,-0.014798133595822272
2025-01-27 15:30:00+00:00,598.989990234375,599.6900024414062,596.2899780273438,596.510009765625,7647264,6.391096022228063,-0.004165575887386197
2025-01-27 16:30:00+00:00,596.5,598.0399780273438,596.2000122070312,597.6500244140625,5497701,6.393005339174089,0.0019093169460262516
2025-01-27 17:30:00+00:00,597.6417846679688,598.2100219726562,596.030029296875,596.125,4033350,6.390450376618388,-0.002554962555700868
2025-01-27 18:30:00+00:00,596.1099853515625,599.1199951171875,596.0700073242188,599.010009765625,4838647,6.395278308769857,0.004827932151468595
2025-01-27 19:30:00+00:00,598.9849853515625,598.989990234375,596.27001953125,597.4400024414062,7700993,6.392653864439803,-0.002624444330053599
2025-01-27 20:30:00+00:00,597.4600219726562,599.5700073242188,597.1500244140625,599.4099731445312,10318651,6.395945793290242,0.003291928850438275
2025-01-28 14:30:00+00:00,600.6199951171875,602.7899780273438,597.25,602.4600219726562,8905366,6.40102130959096,0.005075516300718341
2025-01-28 15:30:00+00:00,602.489990234375,603.5700073242188,601.030029296875,601.4199829101562,6736372,6.399293497322261,-0.0017278122686992248
2025-01-28 16:30:00+00:00,601.3400268554688,603.9199829101562,600.9500122070312,603.7200927734375,4072209,6.40311066796086,0.003817170638598988
2025-01-28 17:30:00+00:00,603.7899780273438,604.7899780273438,603.2899780273438,604.1798706054688,3259145,6.403871952617166,0.0007612846563063158
2025-01-28 18:30:00+00:00,604.3599853515625,604.4600219726562,603.22998046875,604.0399780273438,3277316,6.4036403845314265,-0.00023156808573965293
2025-01-28 19:30:00+00:00,604.0599975585938,605.3699951171875,604.0599975585938,605.0900268554688,3854939,6.4053772516803,0.0017368671488737775
2025-01-28 20:30:00+00:00,605.0700073242188,605.22998046875,604.3599853515625,604.489990234375,7053020,6.4043851111656815,-0.0009921405146187112
2025-01-29 14:30:00+00:00,603.719970703125,604.1300048828125,602.4451293945312,602.97998046875,4791744,6.401883996290071,-0.002501114875610888
2025-01-29 15:30:00+00:00,603.010009765625,603.5,602.2100219726562,602.4600219726562,2431254,6.40102130959096,-0.0008626866991106041
2025-01-29 16:30:00+00:00,602.5,603.4600219726562,601.9299926757812,603.0549926757812,1873916,6.402008391036157,0.000987081445196658
2025-01-29 17:30:00+00:00,603.0599975585938,603.3200073242188,599.6599731445312,602.3099975585938,3173554,6.400772258880192,-0.001236132155964853
2025-01-29 18:30:00+00:00,602.3300170898438,602.6300048828125,599.219970703125,599.4000244140625,4716556,6.395929195613397,-0.004843063266794623
2025-01-29 19:30:00+00:00,599.3900146484375,603.6801147460938,599.25,603.3499755859375,7629951,6.40249741905543,0.006568223442032561
2025-01-29 20:30:00+00:00,603.3599853515625,603.6599731445312,600.739990234375,601.7999877929688,4985317,6.399925143911745,-0.0025722751436845215
2025-01-30 14:30:00+00:00,603.9600219726562,605.97998046875,602.4099731445312,602.6300048828125,6657977,6.401303417827681,0.0013782739159360347
2025-01-30 15:30:00+00:00,602.3300170898438,603.8800048828125,600.7150268554688,602.52001953125,4066330,6.4011208922505505,-0.00018252557713083206
2025-01-30 16:30:00+00:00,603.0220947265625,604.3400268554688,602.0800170898438,602.3699951171875,3005783,6.400871866342768,-0.0002490259077827517
2025-01-30 17:30:00+00:00,602.3900146484375,604.3099975585938,602.1599731445312,604.0,2034099,6.403574197934815,0.002702331592047358
2025-01-30 18:30:00+00:00,603.9849853515625,605.219970703125,603.9400024414062,604.9567260742188,2577943,6.405156928322601,0.0015827303877857801
2025-01-30 19:30:00+00:00,604.9500122070312,606.5999755859375,604.5900268554688,606.3099975585938,3805957,6.407391402400079,0.0022344740774782323
2025-01-30 20:30:00+00:00,606.2899780273438,606.3200073242188,601.8200073242188,604.969970703125,11088596,6.405178821597528,-0.002212580802551045
2025-01-31 14:30:00+00:00,607.5,609.02001953125,607.0599975585938,608.9598999023438,6898171,6.411752419733007,0.006573598135479308
2025-01-31 15:30:00+00:00,608.9600219726562,609.9600219726562,608.8499755859375,609.0900268554688,4039791,6.411966084133392,0.00021366440038494972
2025-01-31 16:30:00+00:00,609.0900268554688,609.5499877929688,608.010009765625,609.5499877929688,3769483,6.4127209599848545,0.0007548758514621667
2025-01-31 17:30:00+00:00,609.5449829101562,609.72998046875,606.6900024414062,606.8483276367188,4465678,6.408278887738602,-0.004442072246252593
2025-01-31 18:30:00+00:00,606.8200073242188,607.030029296875,603.2999877929688,604.530029296875,10174398,6.404451345077226,-0.003827542661375638
2025-01-31 19:30:00+00:00,604.52001953125,605.1300048828125,601.3699951171875,601.6688842773438,10985684,6.399707267871598,-0.004744077205628194
2025-01-31 20:30:00+00:00,601.6699829101562,603.27001953125,601.0499877929688,601.7999877929688,11871932,6.399925143911745,0.00021787604014722461
2025-02-03 14:30:00+00:00,592.6699829101562,596.5999755859375,590.489990234375,596.3800048828125,19402094,6.390878055975129,-0.009047087936616016
2025-02-03 15:30:00+00:00,596.3800048828125,599.25,592.4400024414062,597.8699951171875,9366779,6.393373330846355,0.0024952748712259165
2025-02-03 16:30:00+00:00,597.8699951171875,599.010009765625,596.6900024414062,597.4000244140625,5408068,6.392586946649204,-0.0007863841971511576
2025-02-03 17:30:00+00:00,597.3900146484375,598.260009765625,595.969970703125,597.7949829101562,5810092,6.393247857225386,0.0006609105761823386
2025-02-03 18:30:00+00:00,597.8699951171875,600.0,597.4201049804688,599.47998046875,4564312,6.3960625801964754,0.0028147229710890898
2025-02-03 19:30:00+00:00,599.4849853515625,600.2899780273438,598.4000244140625,598.5499877929688,3962284,6.394510043303041,-0.0015525368934348194
2025-02-03 20:30:00+00:00,598.5599975585938,599.0499877929688,597.3900146484375,597.6400146484375,8486548,6.3929885904933546,-0.0015214528096860747
2025-02-04 14:30:00+00:00,597.8300170898438,601.1400146484375,597.280029296875,600.52001953125,7413522,6.3977959790679995,0.004807388574644911
2025-02-04 15:30:00+00:00,600.5499877929688,602.010009765625,600.1099853515625,601.97998046875,3564932,6.400224189720561,0.002428210652561269
2025-02-04 16:30:00+00:00,601.9600219726562,602.0900268554688,599.6699829101562,599.760009765625,3341385,6.396529591477361,-0.0036945982431992874
2025-02-04 17:30:00+00:00,599.8200073242188,601.25,599.4053955078125,601.1300048828125,2218369,6.3988112254235325,0.002281633946171091
2025-02-04 18:30:00+00:00,601.1199951171875,602.1400146484375,600.5700073242188,601.8599853515625,1799422,6.400024835784835,0.0012136103613027416
2025-02-04 19:30:00+00:00,601.8800048828125,602.2999877929688,600.8400268554688,601.0850219726562,4026723,6.398736392038202,-0.0012884437466329501
2025-02-04 20:30:00+00:00,601.0850219726562,602.27001953125,600.969970703125,601.7550048828125,5774958,6.39985039384141,0.0011140018032076426
2025-02-05 14:30:00+00:00,600.6400146484375,601.0999755859375,598.5800170898438,600.6300048828125,6421276,6.397979112481202,-0.0018712813602075329
2025-02-05 15:30:00+00:00,600.6199951171875,601.4000244140625,599.77001953125,601.27001953125,2769162,6.399044117383326,0.0010650049021236896
2025-02-05 16:30:00+00:00,601.239990234375,603.1699829101562,601.125,602.489990234375,4233551,6.401071051507921,0.0020269341245953143
2025-02-05 17:30:00+00:00,602.5,602.9000244140625,602.2100219726562,602.5659790039062,1422477,6.401197168089344,0.0001261165814225862
2025-02-05 18:30:00+00:00,602.5599975585938,603.635009765625,602.3900146484375,603.27001953125,1921265,6.402364890081722,0.0011677219923775795
2025-02-05 19:30:00+00:00,603.2899780273438,603.969970703125,602.8800048828125,603.72998046875,3207870,6.40312704577313,0.0007621556914081395
2025-02-05 20:30:00+00:00,603.719970703125,604.3699951171875,602.9099731445312,604.1500244140625,5066503,6.403822551883914,0.000695506110783839
2025-02-06 14:30:00+00:00,605.989990234375,606.0999755859375,604.8300170898438,604.9400024414062,5220066,6.405129283594883,0.001306731710969622
2025-02-06 15:30:00+00:00,604.9400024414062,605.75,604.1599731445312,605.530029296875,2859219,6.406104155977887,0.0009748723830034223
2025-02-06 16:30:00+00:00,605.5499877929688,605.6300048828125,604.75,605.1400146484375,2002226,6.405459860426213,-0.000644295551673224
2025-02-06 17:30:00+00:00,605.1400146484375,605.989990234375,604.8599853515625,605.5900268554688,1936391,6.406203233783325,0.0007433733571113876
2025-02-06 18:30:00+00:00,605.5800170898438,605.7899780273438,604.3599853515625,604.5599975585938,2839418,6.404500916674145,-0.001702317109179674
2025-02-06 19:30:00+00:00,604.5800170898438,604.8200073242188,602.6300048828125,604.7650146484375,5268618,6.4048399770421,0.00033906036795450234
2025-02-06 20:30:00+00:00,604.77001953125,606.4525146484375,604.5800170898438,606.3400268554688,6605760,6.407440929132898,0.0026009520907983585
2025-02-07 14:30:00+00:00,606.8900146484375,608.1300048828125,603.77001953125,604.5830078125,9511824,6.4045389771083645,-0.002901952024533472
2025-02-07 15:30:00+00:00,604.5,605.5399780273438,601.1799926757812,602.0004272460938,10254527,6.400258155019689,-0.004280822088675862
2025-02-07 16:30:00+00:00,602.0499877929688,602.9099731445312,600.6400146484375,601.7000122070312,8443554,6.399759002513877,-0.0004991525058120061
2025-02-07 17:30:00+00:00,601.6099853515625,603.75,601.2999877929688,603.3142700195312,2472669,6.402438238439866,0.0026792359259895093
2025-02-07 18:30:00+00:00,603.3300170898438,603.6500244140625,600.5,600.5892944335938,3499707,6.397911330604475,-0.004526907835391114
2025-02-07 19:30:00+00:00,600.6090698242188,601.5999755859375,600.0499877929688,600.4000244140625,3536559,6.397596140422301,-0.00031519018217363026
2025-02-07 20:30:00+00:00,600.3900146484375,601.260009765625,600.3699951171875,600.77001953125,7304928,6.398212198291468,0.0006160578691662977
2025-02-10 14:30:00+00:00,604.030029296875,604.7899780273438,602.739990234375,604.72998046875,6518758,6.404782045128634,0.006569846837166438
2025-02-10 15:30:00+00:00,604.739990234375,605.3300170898438,604.0499877929688,604.3099975585938,3340580,6.404087307262754,-0.0006947378658797021
2025-02-10 16:30:00+00:00,604.3198852539062,604.4874877929688,603.2108154296875,603.6286010742188,2268410,6.402959109923219,-0.0011281973395353972
2025-02-10 17:30:00+00:00,603.6500244140625,604.989990234375,603.6400146484375,604.6799926757812,1584659,6.404699380367954,0.0017402704447349038
2025-02-10 18:30:00+00:00,604.6801147460938,605.4998779296875,604.5599975585938,605.1900024414062,1947261,6.4055424623484845,0.0008430819805305134
2025-02-10 19:30:00+00:00,605.1799926757812,605.3699951171875,604.719970703125,604.8900146484375,2722364,6.40504664753479,-0.0004958148136946505
2025-02-10 20:30:00+00:00,604.8800048828125,605.030029296875,604.24462890625,604.7899780273438,4621939,6.4048812540060425,-0.00016539352874733737
2025-02-11 14:30:00+00:00,602.5499877929688,604.260009765625,602.4299926757812,604.1500244140625,4597937,6.403822551883914,-0.001058702122128885
2025-02-11 15:30:00+00:00,604.1599731445312,605.219970703125,604.0,604.5800170898438,3045094,6.40453403034338,0.000711478459466619
2025-02-11 16:30:00+00:00,604.6199951171875,604.8900146484375,603.0999755859375,604.3200073242188,4016033,6.404103871083915,-0.00043015925946487954
2025-02-11 17:30:00+00:00,604.3400268554688,604.4299926757812,603.5,603.9691772460938,1783848,6.403523165583173,-0.0005807055007425177
2025-02-11 18:30:00+00:00,603.97998046875,605.2999877929688,603.9500122070312,604.7216186523438,2792435,6.40476821767756,0.001245052094387411
2025-02-11 19:30:00+00:00,604.719970703125,605.8599853515625,604.7100219726562,605.27001953125,3820622,6.40567467173749,0.0009064540599297288
2025-02-11 20:30:00+00:00,605.280029296875,605.5800170898438,604.6099853515625,605.2100219726562,5206725,6.405575541546845,-9.913019064455852e-05
2025-02-12 14:30:00+00:00,599.2000122070312,602.3599853515625,598.510009765625,601.4349975585938,18533540,6.3993184623407915,-0.006257079206053895
2025-02-12 15:30:00+00:00,601.4439697265625,603.3200073242188,600.1699829101562,600.659912109375,3948328,6.398028904336018,-0.0012895580047738164
2025-02-12 16:30:00+00:00,600.6300048828125,603.989990234375,600.5999755859375,603.7899780273438,4270148,6.403226418968945,0.00519751463292728
2025-02-12 17:30:00+00:00,603.780029296875,604.5499877929688,603.0900268554688,603.5700073242188,2558860,6.402862036004083,-0.0003643829648618535
2025-02-12 18:30:00+00:00,603.5899047851562,603.7598876953125,602.530029296875,603.0800170898438,2782930,6.4020498862483235,-0.0008121497557596058
2025-02-12 19:30:00+00:00,603.113525390625,604.22998046875,603.0599975585938,603.3200073242188,4147162,6.402447748039909,0.00039786179158518564
2025-02-12 20:30:00+00:00,603.3250122070312,603.5900268554688,602.5700073242188,603.3599853515625,4583717,6.4025140092319415,6.626119203279046e-05
2025-02-13 14:30:00+00:00,604.47998046875,606.419921875,603.2000122070312,606.0800170898438,7644381,6.407012018754998,0.004498009523056901
2025-02-13 15:30:00+00:00,606.0848999023438,607.489990234375,606.0,606.6900024414062,3563509,6.4080179562257085,0.0010059374707100943
2025-02-13 16:30:00+00:00,606.7000122070312,606.9600219726562,605.719970703125,606.5399780273438,2320305,6.407770642167793,-0.0002473140579155597
2025-02-13 17:30:00+00:00,606.5399780273438,606.969970703125,604.989990234375,606.2000122070312,2449362,6.407209984760673,-0.0005606574071199688
2025-02-13 18:30:00+00:00,606.2000122070312,608.4099731445312,605.3099975585938,608.280029296875,5699770,6.410635350435726,0.003425365675052916
2025-02-13 19:30:00+00:00,608.280029296875,609.7100219726562,608.1422119140625,609.5798950195312,5920998,6.412770023217559,0.0021346727818327693
2025-02-13 20:30:00+00:00,609.5700073242188,609.9400024414062,609.0900268554688,609.6900024414062,8181588,6.412950635274665,0.00018061205710662165
2025-02-14 14:30:00+00:00,609.9400024414062,610.989990234375,609.760009765625,610.239990234375,5214577,6.413852306409129,0.0009016711344633777
2025-02-14 15:30:00+00:00,610.239990234375,610.8499755859375,609.4000244140625,609.989990234375,3910433,6.4134425475808765,-0.00040975882825211585
2025-02-14 16:30:00+00:00,610.010009765625,610.2949829101562,609.27001953125,609.3201293945312,2764489,6.412343793627388,-0.0010987539534887958
2025-02-14 17:30:00+00:00,609.3499755859375,610.0900268554688,609.0700073242188,609.9298706054688,1443250,6.413343984337692,0.0010001907103038832
2025-02-14 18:30:00+00:00,609.9299926757812,610.7506713867188,609.8800048828125,610.1300048828125,2059667,6.413672057218637,0.0003280728809453848
2025-02-14 19:30:00+00:00,610.1500244140625,610.3024291992188,609.5900268554688,609.6699829101562,2430485,6.412917799145069,-0.0007542580735675486
2025-02-14 20:30:00+00:00,609.6599731445312,610.2899780273438,609.5449829101562,609.7000122070312,5528441,6.4129670529351435,4.925379007403308e-05
2025-02-18 14:30:00+00:00,610.8800048828125,611.0,609.3300170898438,609.6300048828125,5264887,6.4128522237694305,-0.00011482916571292634
2025-02-18 15:30:00+00:00,609.6400146484375,610.739990234375,609.4000244140625,610.4099731445312,2687081,6.414130818540133,0.001278594770702135
2025-02-18 16:30:00+00:00,610.2899169921875,610.85498046875,609.780029296875,610.0349731445312,1777532,6.4135162885477035,-0.0006145299924291692
2025-02-18 17:30:00+00:00,610.0402221679688,610.65869140625,609.52001953125,609.8900146484375,2178303,6.413278637055642,-0.00023765149206145253
2025-02-18 18:30:00+00:00,609.8800048828125,609.9299926757812,608.3800048828125,609.218994140625,3558413,6.412177799360672,-0.0011008376949703802
2025-02-18 19:30:00+00:00,609.219970703125,610.0399780273438,609.1099853515625,609.780029296875,3079536,6.413098284422721,0.0009204850620490035
2025-02-18 20:30:00+00:00,609.77001953125,611.3800048828125,609.6300048828125,611.3499755859375,5116020,6.415669586655525,0.002571302232804662
2025-02-19 14:30:00+00:00,610.0800170898438,610.27001953125,609.5599975585938,610.0599975585938,5311794,6.413557308984091,-0.002112277671434626
2025-02-19 15:30:00+00:00,610.0599975585938,611.260009765625,609.8200073242188,611.1799926757812,4571568,6.4153915028200945,0.0018341938360038057
2025-02-19 16:30:00+00:00,611.1699829101562,611.9600219726562,610.97998046875,611.0499877929688,2328817,6.41517876890687,-0.00021273391322473856
2025-02-19 17:30:00+00:00,611.0599975585938,611.8200073242188,610.6500244140625,611.6599731445312,2127131,6.416176528672725,0.000997759765855477
2025-02-19 18:30:00+00:00,611.6699829101562,613.0800170898438,611.4000244140625,612.8201293945312,3339899,6.418071466115564,0.0018949374428389731
2025-02-19 19:30:00+00:00,612.8200073242188,613.22998046875,611.7999877929688,612.0999145507812,3320047,6.4168955282569184,-0.0011759378586457814
2025-02-19 20:30:00+00:00,612.1099853515625,613.0599975585938,612.0800170898438,612.9000244140625,5357638,6.418201830325366,0.0013063020684471738
2025-02-20 14:30:00+00:00,611.5399780273438,611.6840209960938,607.02001953125,609.1099853515625,8415478,6.411998851324158,-0.006202979001207254
2025-02-20 15:30:00+00:00,609.0999755859375,609.52001953125,607.0800170898438,608.260009765625,3929126,6.410602438191806,-0.001396413132352059
2025-02-20 16:30:00+00:00,608.2550048828125,608.9398803710938,607.0999755859375,608.7899780273438,3687315,6.411473344564645,0.000870906372838931
2025-02-20 17:30:00+00:00,608.8302001953125,609.0999145507812,607.6400146484375,607.9600219726562,3137587,6.410109126469875,-0.0013642180947703864
2025-02-20 18:30:00+00:00,607.9400024414062,609.489990234375,607.8200073242188,609.1699829101562,3605349,6.412097346842767,0.0019882203728922576
2025-02-20 19:30:00+00:00,609.1599731445312,610.0999755859375,608.719970703125,609.8400268554688,4057034,6.413196671716927,0.0010993248741595352
2025-02-20 20:30:00+00:00,609.8400268554688,610.7000122070312,609.4625244140625,610.3900146484375,5353026,6.414098121134669,0.0009014494177419508
2025-02-21 14:30:00+00:00,610.1599731445312,610.2999877929688,606.52001953125,606.760009765625,9803609,6.408133341818179,-0.005964779316489199
2025-02-21 15:30:00+00:00,606.75,607.47998046875,605.7659912109375,606.9400024414062,8591958,6.408429943408837,0.0002966015906578079
2025-02-21 16:30:00+00:00,606.9500122070312,607.5,605.1599731445312,605.7199096679688,5485973,6.40641768395678,-0.0020122594520568526
2025-02-21 17:30:00+00:00,605.7550048828125,605.7899780273438,602.10009765625,602.1599731445312,9010299,6.400523146127716,-0.005894537829064461
2025-02-21 18:30:00+00:00,602.14501953125,603.2249755859375,599.6500244140625,599.9099731445312,8451975,6.396779599199191,-0.0037435469285247436
2025-02-21 19:30:00+00:00,599.909912109375,600.6599731445312,599.469970703125,600.5599975585938,9297228,6.397862549199531,0.0010829500003399772
2025-02-21 20:30:00+00:00,600.5800170898438,600.9099731445312,599.5,600.0,10643776,6.396929655216146,-0.0009328939833848082
2025-02-24 14:30:00+00:00,602.02001953125,603.030029296875,596.489990234375,597.9500122070312,12094000,6.393507158829619,-0.0034224963865270297
2025-02-24 15:30:00+00:00,597.9299926757812,600.3800048828125,596.75,600.09619140625,5350830,6.397089961376844,0.0035828025472248726
2025-02-24 16:30:00+00:00,600.1300048828125,601.5800170898438,599.4019165039062,601.0399780273438,3482613,6.398661451503178,0.001571490126333508
2025-02-24 17:30:00+00:00,600.969970703125,601.8499755859375,600.530029296875,601.4099731445312,2462190,6.399276853630316,0.0006154021271385091
2025-02-24 18:30:00+00:00,601.3900146484375,601.61328125,599.8400268554688,600.0700073242188,2795050,6.397046327283394,-0.0022305263469224457
2025-02-24 19:30:00+00:00,600.0599975585938,600.6599731445312,598.9000244140625,599.0999755859375,5225686,6.395428488338648,-0.0016178389447460972
2025-02-24 20:30:00+00:00,599.1099853515625,599.719970703125,596.6400146484375,597.1900024414062,10437558,6.392235324803887,-0.0031931635347604015
2025-02-25 14:30:00+00:00,597.1500244140625,597.8900146484375,590.6699829101562,590.8499755859375,13879399,6.381562136764786,-0.010673188039101333
2025-02-25 15:30:00+00:00,590.8599853515625,593.4400024414062,590.5032958984375,590.8699951171875,9356406,6.381596018787174,3.3882022387743405e-05
2025-02-25 16:30:00+00:00,590.8499755859375,593.7999877929688,589.5599975585938,593.6799926757812,5524653,6.386340441324897,0.004744422537723558
2025-02-25 17:30:00+00:00,593.6699829101562,596.1799926757812,593.4600219726562,593.7000122070312,4957928,6.386374161837572,3.372051267458431e-05
2025-02-25 18:30:00+00:00,593.7050170898438,595.8699951171875,593.010009765625,593.0700073242188,4278380,6.385312448225625,-0.0010617136119464021
2025-02-25 19:30:00+00:00,593.0399780273438,596.6400146484375,593.02001953125,595.8900146484375,6760481,6.390056110855426,0.004743662629800305
2025-02-25 20:30:00+00:00,595.9000244140625,596.02001953125,593.5700073242188,594.2100219726562,7168919,6.387232829215212,-0.002823281640213615
2025-02-26 14:30:00+00:00,595.9299926757812,599.280029296875,595.0999755859375,597.9400024414062,8860755,6.393490418551663,0.006257589336450486
2025-02-26 15:30:00+00:00,597.9749755859375,599.5800170898438,597.9500122070312,598.6500244140625,3650899,6.394677160944715,0.0011867423930524978
2025-02-26 16:30:00+00:00,598.6799926757812,599.4299926757812,597.6799926757812,598.5999755859375,3439355,6.394593554633328,-8.360631138693009e-05
2025-02-26 17:30:00+00:00,598.6500244140625,599.010009765625,593.8499755859375,593.9249877929688,5114375,6.386753028211433,-0.007840526421895255
2025-02-26 18:30:00+00:00,593.864990234375,594.5900268554688,591.8555908203125,593.3889770507812,5992615,6.385850131767067,-0.0009028964443658083
2025-02-26 19:30:00+00:00,593.3499755859375,594.6400146484375,592.4600219726562,593.5900268554688,4549029,6.386188890592537,0.00033875882547018676
2025-02-26 20:30:00+00:00,593.5900268554688,595.2899780273438,593.1400146484375,594.4299926757812,6319956,6.38760295087177,0.0014140602792327428
2025-02-27 14:30:00+00:00,596.8499755859375,598.02001953125,590.5399780273438,595.4500122070312,15088225,6.3893174427145185,0.0017144918427485223
2025-02-27 15:30:00+00:00,595.4500122070312,596.239990234375,593.219970703125,594.1212768554688,5194424,6.387083468313182,-0.00223397440133688
2025-02-27 16:30:00+00:00,594.1300048828125,594.9589233398438,591.4000244140625,593.9500122070312,4775184,6.386795161287836,-0.0002883070253458797
2025-02-27 17:30:00+00:00,593.9600219726562,595.1599731445312,592.3699951171875,594.5900268554688,4070264,6.387872137560009,0.0010769762721736242
2025-02-27 18:30:00+00:00,594.6300048828125,594.9500122070312,590.6799926757812,590.7697143554688,3846817,6.381426287250301,-0.006445850309708234
2025-02-27 19:30:00+00:00,590.781982421875,590.7999877929688,586.239990234375,586.3099975585938,11600098,6.373848655775313,-0.0075776314749882445
2025-02-27 20:30:00+00:00,586.3629760742188,587.5700073242188,584.6500244140625,585.0399780273438,15219445,6.371680183405167,-0.0021684723701458353
2025-02-28 14:30:00+00:00,585.5599975585938,588.3800048828125,583.27001953125,588.3599853515625,15117569,6.377338980554076,0.005658797148909045
2025-02-28 15:30:00+00:00,588.3599853515625,589.030029296875,586.010009765625,586.0599975585938,6221129,6.373422169248311,-0.0039168113057650444
2025-02-28 16:30:00+00:00,586.0700073242188,588.3400268554688,585.8300170898438,587.0250244140625,4068935,6.375067449948487,0.0016452807001758885
2025-02-28 17:30:00+00:00,587.0750122070312,587.1799926757812,582.4400024414062,584.719970703125,10920815,6.371133050068026,-0.003934399880461292
2025-02-28 18:30:00+00:00,584.6900024414062,586.52001953125,583.531005859375,585.6699829101562,6524415,6.372756461842438,0.0016234117744122756
2025-02-28 19:30:00+00:00,585.669921875,589.6799926757812,585.25,589.614990234375,8723241,6.379469764965729,0.006713303123291325
2025-02-28 20:30:00+00:00,589.6300048828125,594.719970703125,587.9299926757812,594.0700073242188,20418439,6.386997169866182,0.007527404900452339
2025-03-03 14:30:00+00:00,596.1799926757812,597.3400268554688,590.7100219726562,594.114990234375,12420202,6.387072886880401,7.57170142193786e-05
2025-03-03 15:30:00+00:00,594.0900268554688,595.125,592.219970703125,592.4000244140625,5858061,6.384182123605767,-0.0028907632746335565
2025-03-03 16:30:00+00:00,592.4299926757812,594.1500244140625,591.1699829101562,593.8099975585938,3921893,6.38655939876353,0.0023772751577624263
2025-03-03 17:30:00+00:00,593.7999877929688,594.219970703125,587.8699951171875,588.0902709960938,4977410,6.376880458217515,-0.00967894054601448
2025-03-03 18:30:00+00:00,588.114990234375,590.22998046875,587.47998046875,588.4949951171875,6869116,6.3775684221904,0.0006879639728847309
2025-03-03 19:30:00+00:00,588.489990234375,590.6500244140625,580.8300170898438,581.2100219726562,15861758,6.365112175134273,-0.012456247056126912
2025-03-03 20:30:00+00:00,581.1900024414062,584.1099853515625,579.9000244140625,583.969970703125,14072787,6.3698495614772765,0.004737386343003358
2025-03-04 14:30:00+00:00,579.7100219726562,580.2100219726562,572.25,574.510009765625,22625018,6.353517520575884,-0.01633204090139273
2025-03-04 15:30:00+00:00,574.52001953125,576.0999755859375,572.2999877929688,572.9600830078125,12480256,6.350816051125518,-0.0027014694503657566
2025-03-04 16:30:00+00:00,572.989990234375,578.5700073242188,572.9199829101562,577.8599853515625,9243884,6.35933159945137,0.008515548325852329
2025-03-04 17:30:00+00:00,577.8499755859375,580.069580078125,575.9299926757812,577.5399780273438,8341571,6.358777666021313,-0.0005539334300577181
2025-03-04 18:30:00+00:00,577.1300048828125,582.9290161132812,576.969970703125,581.4000244140625,8597223,6.365439030116626,0.00666136409531326
2025-03-04 19:30:00+00:00,581.4199829101562,585.3900146484375,580.7999877929688,583.8400268554688,9865621,6.36962701868613,0.0041879885695044194
2025-03-04 20:30:00+00:00,583.8599853515625,584.030029296875,574.6900024414062,576.8800048828125,20057877,6.357634281072678,-0.01199273761345232
2025-03-05 14:30:00+00:00,576.6900024414062,579.6400146484375,575.0,575.8914794921875,15257741,6.355919239286296,-0.0017150417863822653
2025-03-05 15:30:00+00:00,575.9199829101562,578.030029296875,573.7999877929688,574.8499755859375,6353737,6.35410909472943,-0.0018101445568659003
2025-03-05 16:30:00+00:00,574.8400268554688,578.7899780273438,573.0795288085938,578.7000122070312,8194349,6.360784229673678,0.006675134944248207
2025-03-05 17:30:00+00:00,578.6900024414062,581.1599731445312,577.739990234375,579.22998046875,7608064,6.361699601590938,0.0009153719172596553
2025-03-05 18:30:00+00:00,579.27001953125,584.3400268554688,577.9099731445312,582.7999877929688,9837523,6.36784405337556,0.006144451784622085
2025-03-05 19:30:00+00:00,582.7999877929688,584.8800048828125,581.97998046875,584.1300048828125,7027388,6.370123569154759,0.0022795157791994924
2025-03-05 20:30:00+00:00,584.0999755859375,584.1599731445312,581.3900146484375,583.030029296875,9582648,6.3682386932519055,-0.0018848759028537998
2025-03-06 14:30:00+00:00,575.47998046875,578.7100219726562,573.4500122070312,578.4609985351562,14413449,6.360371126098539,-0.007867567153366117
2025-03-06 15:30:00+00:00,578.4600219726562,580.173583984375,577.1099853515625,578.489990234375,6153196,6.360421243518389,5.011741984972673e-05
2025-03-06 16:30:00+00:00,578.469970703125,580.0700073242188,572.0,572.5499877929688,9432081,6.350100046538885,-0.010321196979504066
2025-03-06 17:30:00+00:00,572.5599975585938,574.1599731445312,571.0399780273438,572.530029296875,8178039,6.350065186973094,-3.4859565791300895e-05
2025-03-06 18:30:00+00:00,572.8099975585938,573.1500244140625,570.1199951171875,570.6387939453125,7575935,6.346756424455199,-0.0033087625178946922
2025-03-06 19:30:00+00:00,570.5999755859375,574.9299926757812,570.1199951171875,572.989990234375,11729220,6.350868247512198,0.0041118230569985315
2025-03-06 20:30:00+00:00,573.0131225585938,574.27001953125,571.5700073242188,572.8200073242188,9935019,6.350571544024245,-0.00029670348795285406
2025-03-07 14:30:00+00:00,570.9000244140625,576.06787109375,570.7999877929688,572.3599853515625,13963709,6.349768138445485,-0.000803405578759353
2025-03-07 15:30:00+00:00,572.3499755859375,573.0,567.3699951171875,567.6300048828125,12712960,6.341469806613883,-0.008298331831602113
2025-03-07 16:30:00+00:00,567.4099731445312,568.6694946289062,565.6300048828125,568.0800170898438,11840865,6.3422622839573535,0.0007924773434702104
2025-03-07 17:30:00+00:00,568.0599975585938,574.2899780273438,567.4400024414062,572.6268920898438,10904804,6.350234356440423,0.007972072483069859
2025-03-07 18:30:00+00:00,572.6599731445312,577.3099975585938,572.2899780273438,576.5750122070312,9110239,6.357105447822364,0.006871091381940531
2025-03-07 19:30:00+00:00,576.6599731445312,577.1400146484375,574.6199951171875,575.9796142578125,7150517,6.356072268156063,-0.0010331796663010095
2025-03-07 20:30:00+00:00,575.9400024414062,577.3900146484375,572.8099975585938,575.8599853515625,9123798,6.355864550160049,-0.00020771799601426721
2025-03-10 13:30:00+00:00,568.260009765625,569.5399780273438,565.173095703125,565.5150146484375,13921223,6.3377368463061545,-0.01812770385389406
2025-03-10 14:30:00+00:00,565.530029296875,566.0499877929688,563.0599975585938,565.1300048828125,12764160,6.337055801815876,-0.000681044490278282
2025-03-10 15:30:00+00:00,565.125,566.6199951171875,562.6300048828125,563.77001953125,9541096,6.334646401550011,-0.0024094002658650027
2025-03-10 16:30:00+00:00,563.780029296875,565.1099853515625,561.0999755859375,561.8400268554688,6376709,6.331217159649904,-0.003429241900107627
2025-03-10 17:30:00+00:00,561.8800048828125,561.969970703125,559.4199829101562,559.8200073242188,9891086,6.327615316571698,-0.0036018430782052135
2025-03-10 18:30:00+00:00,560.27001953125,561.2899780273438,555.5900268554688,559.6699829101562,14945056,6.327347293782268,-0.00026802278943005575
2025-03-10 19:30:00+00:00,559.719970703125,562.4697265625,559.0599975585938,560.75,15153083,6.329275173400318,0.0019278796180497437
2025-03-11 13:30:00+00:00,559.75,562.1199951171875,555.6500244140625,555.9857788085938,16719508,6.3207427162410825,-0.008532457159235562
2025-03-11 14:30:00+00:00,555.9500122070312,558.8599853515625,554.0499877929688,557.1699829101562,11042287,6.322870369151877,0.0021276529107945308
2025-03-11 15:30:00+00:00,557.469970703125,559.97998046875,554.75,555.8099975585938,6477104,6.320426504837512,-0.002443864314365385
2025-03-11 16:30:00+00:00,555.8499755859375,556.9299926757812,552.0399780273438,552.2000122070312,8660747,6.313910321602231,-0.0065161832352806925
2025-03-11 17:30:00+00:00,552.1599731445312,559.3200073242188,552.02001953125,558.4400024414062,9387752,6.32514718649228,0.011236864890048714
2025-03-11 18:30:00+00:00,558.4099731445312,564.02001953125,557.3400268554688,559.5700073242188,13594188,6.3271686447220565,0.00202145822977684
2025-03-11 19:30:00+00:00,559.3300170898438,560.3200073242188,556.010009765625,556.1199951171875,10711012,6.3209840895212,-0.0061845552008561455
2025-03-12 13:30:00+00:00,562.1699829101562,563.1099853515625,557.97998046875,559.010009765625,22055937,6.326167379552247,0.005183290031046894
2025-03-12 14:30:00+00:00,559.0700073242188,559.27001953125,553.6900024414062,556.9000244140625,9103710,6.322385734434843,-0.0037816451174039756
2025-03-12 15:30:00+00:00,556.9400024414062,560.8599853515625,556.5750122070312,560.27001953125,6115976,6.328418845253241,0.006033110818397525
2025-03-12 16:30:00+00:00,560.3099975585938,561.4600219726562,558.6599731445312,561.4199829101562,5283900,6.330469258075486,0.0020504128222453843
2025-03-12 17:30:00+00:00,561.489990234375,561.780029296875,557.8099975585938,560.2000122070312,4715748,6.328293884616496,-0.002175373458990215
2025-03-12 18:30:00+00:00,560.2100219726562,561.9000244140625,559.030029296875,559.6400146484375,5325725,6.327293746039835,-0.001000138576660703
2025-03-12 19:30:00+00:00,559.6400146484375,560.2899780273438,558.1699829101562,558.9199829101562,8778620,6.3260063196357,-0.0012874264041355943
2025-03-13 13:30:00+00:00,558.489990234375,559.10498046875,554.4500122070312,557.114990234375,10489523,6.3227716642834615,-0.0032346553522382138
2025-03-13 14:30:00+00:00,557.1300048828125,558.27001953125,554.1400146484375,554.28369140625,5439447,6.31767663403054,-0.005095030252921795
2025-03-13 15:30:00+00:00,554.25,555.1599731445312,552.27001953125,552.5700073242188,7945874,6.314580135453946,-0.0030964985765935538
2025-03-13 16:30:00+00:00,552.5900268554688,554.576171875,550.3599853515625,551.1599731445312,7368763,6.312025099400342,-0.002555036053603743
2025-03-13 17:30:00+00:00,551.1099853515625,553.25,549.6799926757812,553.0599975585938,7307538,6.315466490318214,0.0034413909178718782
2025-03-13 18:30:00+00:00,553.0700073242188,554.6199951171875,550.9000244140625,551.469970703125,9084591,6.312587386990102,-0.0028791033281123646
2025-03-13 19:30:00+00:00,551.47998046875,552.0599975585938,550.1599731445312,551.52001953125,11161916,6.312678138182048,9.075119194612569e-05
2025-03-14 13:30:00+00:00,556.1099853515625,559.6900024414062,555.5,557.0050048828125,12784487,6.3225742253138675,0.009896087131819442
2025-03-14 14:30:00+00:00,556.9949951171875,561.510009765625,556.8800048828125,561.0499877929688,5735503,6.329810006353401,0.007235781039533151
2025-03-14 15:30:00+00:00,561.0599975585938,562.4299926757812,560.0200805664062,560.219970703125,5833254,6.328329511428585,-0.0014804949248157229
2025-03-14 16:30:00+00:00,560.2999877929688,562.7999877929688,560.0499877929688,561.4500122070312,6706420,6.330522744760521,0.0021932333319361064
2025-03-14 17:30:00+00:00,561.6749877929688,561.9500122070312,560.22998046875,560.6900024414062,5798421,6.329168172475577,-0.0013545722849439557
2025-03-14 18:30:00+00:00,560.6900024414062,562.75,560.6832275390625,561.7999877929688,6054435,6.331145892941715,0.0019777204661375336
2025-03-14 19:30:00+00:00,561.8099975585938,563.8300170898438,561.3699951171875,562.7899780273438,11882067,6.332906517738653,0.0017606247969386146
2025-03-17 13:30:00+00:00,562.7899780273438,566.3599853515625,562.3499755859375,564.6400146484375,9896291,6.336188385869928,0.0032818681312747344
2025-03-17 14:30:00+00:00,564.6300048828125,565.6900024414062,563.5,564.1500244140625,4628015,6.335320216860289,-0.0008681690096388195
2025-03-17 15:30:00+00:00,564.1300048828125,565.27001953125,562.7999877929688,563.8499145507812,3705833,6.334788107132273,-0.0005321097280157616
2025-03-17 16:30:00+00:00,563.8400268554688,566.0,563.5399780273438,565.8099975585938,3074926,6.338258328486179,0.0034702213539059557
2025-03-17 17:30:00+00:00,565.8200073242188,568.9052734375,565.6099853515625,568.6524047851562,6119515,6.343269359558742,0.005011031072562844
2025-03-17 18:30:00+00:00,568.655029296875,569.7100219726562,568.3800048828125,569.0449829101562,6195616,6.343959487082682,0.0006901275239394877
2025-03-17 19:30:00+00:00,569.030029296875,569.2999877929688,566.8200073242188,567.02001953125,8342110,6.340394610919701,-0.0035648761629802905
2025-03-18 13:30:00+00:00,564.7999877929688,565.02001953125,560.1500244140625,561.3060302734375,11673127,6.33026626529582,-0.01012834562388143
2025-03-18 14:30:00+00:00,561.2899780273438,562.0700073242188,559.3400268554688,559.969970703125,5854835,6.327883158546971,-0.0023831067488488955
2025-03-18 15:30:00+00:00,559.9400024414062,561.6799926757812,559.2100219726562,561.677978515625,5825731,6.33092869370598,0.0030455351590088497
2025-03-18 16:30:00+00:00,561.6599731445312,561.8099975585938,559.219970703125,560.5599975585938,5421128,6.32893627970698,-0.0019924139989999645
2025-03-18 17:30:00+00:00,560.5700073242188,561.5587158203125,559.72998046875,560.47998046875,3913577,6.328793524601813,-0.00014275510516714718
2025-03-18 18:30:00+00:00,560.489990234375,562.2150268554688,560.4099731445312,561.1099853515625,6055135,6.3299169386270275,0.001123414025214764
2025-03-18 19:30:00+00:00,561.1199951171875,561.4500122070312,559.8400268554688,561.0599975585938,7981402,6.329827847323993,-8.909130303447199e-05
2025-03-19 13:30:00+00:00,562.8300170898438,565.3800048828125,561.6300048828125,564.47998046875,6935823,6.335904918777943,0.006077071453949756
2025-03-19 14:30:00+00:00,564.5,564.869873046875,563.3009033203125,564.5700073242188,5193666,6.336064392417963,0.00015947364002055764
2025-03-19 15:30:00+00:00,564.5700073242188,566.2899780273438,564.3400268554688,565.559814453125,4283273,6.33781606264721,0.0017516702292468267
2025-03-19 16:30:00+00:00,565.3499755859375,565.4199829101562,563.280029296875,563.3499755859375,3223434,6.333901061272884,-0.003915001374326543
2025-03-19 17:30:00+00:00,563.3800048828125,565.8800048828125,562.0,564.594970703125,6164404,6.336108608062968,0.0022075467900846135
2025-03-19 18:30:00+00:00,564.5700073242188,570.9500122070312,564.5700073242188,567.2301025390625,13347746,6.340765045987112,0.00465643792414383
2025-03-19 19:30:00+00:00,567.2000122070312,569.3800048828125,566.6799926757812,567.02001953125,10896885,6.340394610919701,-0.00037043506741074594
2025-03-20 13:30:00+00:00,563.3300170898438,570.0499877929688,562.6011962890625,569.47998046875,11325273,6.3447236294489056,0.004329018529204198
2025-03-20 14:30:00+00:00,569.47998046875,570.5700073242188,568.7000122070312,568.9400024414062,5612563,6.343774984702775,-0.0009486447461304337
2025-03-20 15:30:00+00:00,568.9400024414062,569.5800170898438,565.9299926757812,566.239990234375,6088300,6.339017999350712,-0.004756985352063481
2025-03-20 16:30:00+00:00,566.22998046875,567.2100219726562,564.7000122070312,564.7493286132812,4836846,6.336381966526302,-0.0026360328244097175
2025-03-20 17:30:00+00:00,564.75,566.5,564.0399780273438,564.1199951171875,6153526,6.335266986168412,-0.0011149803578902606
2025-03-20 18:30:00+00:00,564.1199951171875,566.3187255859375,563.7703247070312,564.6699829101562,7615044,6.336241459448999,0.0009744732805874179
2025-03-20 19:30:00+00:00,564.6699829101562,566.6799926757812,564.6699829101562,565.6900024414062,9145990,6.338046229294598,0.0018047698455987415
2025-03-21 13:30:00+00:00,559.280029296875,560.4000244140625,558.030029296875,559.8800048828125,15850302,6.327722483773622,-0.010323745520976146
2025-03-21 14:30:00+00:00,559.9000244140625,561.8099975585938,559.0399780273438,559.8300170898438,14326472,6.327633196740335,-8.928703328692222e-05
2025-03-21 15:30:00+00:00,559.8300170898438,562.6900024414062,558.760009765625,562.3626098632812,7309201,6.332146855112954,0.004513658372618856
2025-03-21 16:30:00+00:00,562.3800048828125,563.6849975585938,561.760009765625,562.0700073242188,4554857,6.331626410328278,-0.0005204447846756111
2025-03-21 17:30:00+00:00,562.0999755859375,563.9299926757812,561.52001953125,562.1099853515625,5352097,6.3316975342187956,7.112389051755486e-05
2025-03-21 18:30:00+00:00,562.1199951171875,563.2899780273438,561.47998046875,561.989990234375,5053010,6.331484038764211,-0.00021349545458448915
2025-03-21 19:30:00+00:00,561.969970703125,564.8900146484375,561.7301025390625,564.1900024414062,12998348,6.335391078526825,0.003907039762613529
2025-03-24 13:30:00+00:00,570.7999877929688,573.3400268554688,570.2000122070312,573.1300048828125,11935239,6.351112575592556,0.015721497065731782
2025-03-24 14:30:00+00:00,573.1500244140625,573.989990234375,572.6799926757812,573.7100219726562,5127177,6.352124080468067,0.0010115048755103828
2025-03-24 15:30:00+00:00,573.719970703125,574.3900146484375,573.1400146484375,573.25,4519475,6.3513219217380135,-0.0008021587300532929
2025-03-24 16:30:00+00:00,573.260009765625,573.5800170898438,572.4500122070312,573.0499877929688,4215444,6.3509729516408475,-0.00034897009716594596
2025-03-24 17:30:00+00:00,573.0499877929688,573.375,572.0499877929688,572.405029296875,4375282,6.3498468339764615,-0.0011261176643859727
2025-03-24 18:30:00+00:00,572.4000244140625,574.2100219726562,572.07470703125,573.9500122070312,7088584,6.352542305779963,0.0026954718035012704
2025-03-24 19:30:00+00:00,573.8599853515625,575.1500244140625,573.8400268554688,574.02001953125,9435043,6.352664272943513,0.00012196716355017401
2025-03-25 13:30:00+00:00,575.2999877929688,575.8099975585938,573.9400024414062,575.7999877929688,7718246,6.355760356977951,0.0030960840344382845
2025-03-25 14:30:00+00:00,575.7999877929688,576.4099731445312,575.3699951171875,575.6900024414062,4948275,6.355569325613668,-0.00019103136428366696
2025-03-25 15:30:00+00:00,575.7000122070312,575.760009765625,574.4000244140625,574.5399169921875,3396117,6.353569576149576,-0.001999749464091316
2025-03-25 16:30:00+00:00,574.530029296875,575.5399780273438,574.02001953125,574.1799926757812,2861597,6.352942923255071,-0.0006266528945051419
2025-03-25 17:30:00+00:00,574.1900024414062,574.9498901367188,573.7999877929688,574.4099731445312,3931548,6.353343380300086,0.00040045704501512347
2025-03-25 18:30:00+00:00,574.4199829101562,574.6099853515625,573.6900024414062,574.1099853515625,4503362,6.352820990075046,-0.0005223902250399703
2025-03-25 19:30:00+00:00,574.1099853515625,575.5999755859375,573.8699951171875,575.3499755859375,5892220,6.354978508836057,0.0021575187610105573
2025-03-26 13:30:00+00:00,575.1900024414062,576.3300170898438,572.4860229492188,573.375,7808006,6.351539952917336,-0.003438555918720887
2025-03-26 14:30:00+00:00,573.3699951171875,573.8400268554688,571.9500122070312,572.3400268554688,4534365,6.3497332673074,-0.0018066856099361317
2025-03-26 15:30:00+00:00,572.3150024414062,572.7899780273438,570.1199951171875,571.0700073242188,5202833,6.347511806911621,-0.0022214603957788626
2025-03-26 16:30:00+00:00,571.0700073242188,571.3900146484375,568.780029296875,568.9500122070312,4498548,6.343792578258385,-0.0037192286532361507
2025-03-26 17:30:00+00:00,568.7999267578125,569.489990234375,567.9400024414062,569.2406005859375,5255435,6.344303192881197,0.0005106146228124331
2025-03-26 18:30:00+00:00,569.219970703125,569.47998046875,567.1900024414062,567.7000122070312,6319357,6.341593131679289,-0.002710061201907976
2025-03-26 19:30:00+00:00,567.7100219726562,569.5800170898438,567.6099853515625,568.75,9513866,6.34344097026516,0.0018478385858706758
2025-03-27 13:30:00+00:00,567.1799926757812,569.5800170898438,564.9400024414062,569.52001953125,9806384,6.3447939350898475,0.001352964824687497
2025-03-27 14:30:00+00:00,569.52001953125,570.9000244140625,569.25,569.8599853515625,4894428,6.345390690920114,0.0005967558302666376
2025-03-27 15:30:00+00:00,569.8800048828125,569.9102172851562,567.7899780273438,568.64501953125,4060587,6.343256372184027,-0.0021343187360871596
2025-03-27 16:30:00+00:00,568.6500244140625,569.2999877929688,566.3800048828125,566.760009765625,3832902,6.339935950926644,-0.003320421257383188
2025-03-27 17:30:00+00:00,566.7899780273438,568.6799926757812,566.4229736328125,567.9600219726562,3318052,6.342051032393135,0.0021150814664911977
2025-03-27 18:30:00+00:00,568.2000122070312,570.030029296875,567.4199829101562,569.780029296875,4848641,6.345250372830558,0.0031993404374226486
2025-03-27 19:30:00+00:00,569.760009765625,569.8099975585938,566.719970703125,567.02001953125,7886197,6.340394610919701,-0.004855761910856238
2025-03-28 13:30:00+00:00,565.530029296875,566.2675170898438,559.489990234375,559.5700073242188,12922108,6.3271686447220565,-0.013225966197644823
2025-03-28 14:30:00+00:00,559.5650024414062,560.1500244140625,557.77001953125,558.9400024414062,10464051,6.326042137236319,-0.0011265074857371715
2025-03-28 15:30:00+00:00,558.9400024414062,559.7999877929688,556.6309814453125,556.8400268554688,5581402,6.322277993748705,-0.0037641434876141133
2025-03-28 16:30:00+00:00,556.844970703125,557.5786743164062,555.25,555.3900146484375,6240595,6.319670596044242,-0.002607397704463388
2025-03-28 17:30:00+00:00,555.360107421875,556.969970703125,555.219970703125,555.989990234375,5582015,6.3207502909129385,0.0010796948686966346
2025-03-28 18:30:00+00:00,555.9400024414062,556.719970703125,555.3099975585938,555.77001953125,6349082,6.320354574743868,-0.0003957161690708588
2025-03-28 19:30:00+00:00,555.780029296875,556.5,555.0700073242188,555.8200073242188,12590136,6.320444514005277,8.993926140909991e-05
2025-03-31 13:30:00+00:00,549.8300170898438,551.5900268554688,546.8699951171875,549.510009765625,14543880,6.30902698981175,-0.011417524193526596
2025-03-31 14:30:00+00:00,549.5499877929688,553.469970703125,549.489990234375,552.530029296875,7567501,6.314507783583461,0.005480793771710957
2025-03-31 15:30:00+00:00,552.510009765625,554.5900268554688,551.9149780273438,554.5549926757812,5492250,6.318165977122262,0.0036581935388007025
2025-03-31 16:30:00+00:00,554.5499877929688,555.1599731445312,552.8200073242188,553.6400146484375,4460280,6.316514682486917,-0.0016512946353444136
2025-03-31 17:30:00+00:00,553.6303100585938,556.9600219726562,552.7100219726562,556.9500122070312,7991520,6.3224754912088414,0.00596080872192406
2025-03-31 18:30:00+00:00,556.9299926757812,559.1900024414062,556.260009765625,557.4099731445312,12744082,6.323301007145643,0.0008255159368015796
2025-03-31 19:30:00+00:00,557.2999877929688,560.711181640625,557.1300048828125,559.217529296875,18177869,6.326538537525707,0.0032375303800638022
2025-04-01 13:30:00+00:00,557.4500122070312,558.5800170898438,553.8599853515625,555.1400146484375,10677559,6.319220360575361,-0.007318176950345645
2025-04-01 14:30:00+00:00,555.135009765625,561.87939453125,555.030029296875,560.7990112304688,9160329,6.329362572577722,0.010142212002360651
2025-04-01 15:30:00+00:00,560.8200073242188,562.9400024414062,560.2000122070312,560.75,5017360,6.329275173400318,-8.739917740374636e-05
2025-04-01 16:30:00+00:00,560.760009765625,561.3800048828125,559.1799926757812,559.4199829101562,5087873,6.326900502171595,-0.0023746712287229244
2025-04-01 17:30:00+00:00,559.3300170898438,560.3599853515625,556.4293212890625,556.6895141601562,5255171,6.322007659301912,-0.004892842869683278
2025-04-01 18:30:00+00:00,556.6749877929688,558.9949951171875,556.1500244140625,558.4293212890625,5055328,6.325128059541406,0.0031204002394940034
2025-04-01 19:30:00+00:00,558.4400024414062,561.52001953125,558.1713256835938,561.0499877929688,7822961,6.329810006353401,0.004681946811994742
2025-04-02 13:30:00+00:00,555.0499877929688,560.9161987304688,554.8099975585938,560.8599853515625,11110187,6.329471293893807,-0.0003387124595937152
2025-04-02 14:30:00+00:00,560.844970703125,563.75,560.3400268554688,563.3099975585938,4928412,6.333830093938793,0.004358800044985678
2025-04-02 15:30:00+00:00,563.3300170898438,564.280029296875,561.1021728515625,564.280029296875,5175571,6.3355506341253385,0.0017205401865458825
2025-04-02 16:30:00+00:00,564.2899780273438,567.4199829101562,563.5700073242188,566.076904296875,6932730,6.338729942289274,0.0031793081639355236
2025-04-02 17:30:00+00:00,566.030029296875,566.098876953125,561.0999755859375,561.0999755859375,6016884,6.3298990992458535,-0.008830843043420522
2025-04-02 18:30:00+00:00,561.1099853515625,563.7849731445312,560.9600219726562,563.2000122070312,5155014,6.3336348265182485,0.0037357272723950175
2025-04-02 19:30:00+00:00,563.1799926757812,565.655029296875,562.6500244140625,564.6599731445312,9980231,6.336223732538326,0.0025889060200778857
2025-04-03 13:30:00+00:00,545.1099853515625,547.969970703125,541.5700073242188,543.0700073242188,29004649,6.297238238555836,-0.03898549398249074
2025-04-03 14:30:00+00:00,543.0399780273438,543.9000244140625,539.5800170898438,541.72998046875,16552108,6.294767686284204,-0.002470552271631732
2025-04-03 15:30:00+00:00,541.780029296875,545.9600219726562,541.6400146484375,545.9199829101562,11059829,6.302472413558593,0.007704727274388645
2025-04-03 16:30:00+00:00,545.9400024414062,546.3599853515625,541.9199829101562,542.260009765625,8382232,6.29574560922425,-0.006726804334342695
2025-04-03 17:30:00+00:00,542.239990234375,543.7899780273438,540.364990234375,540.7899780273438,7946313,6.293030992802867,-0.0027146164213824875
2025-04-03 18:30:00+00:00,540.77001953125,542.3499755859375,538.5499877929688,539.030029296875,12979802,6.289771282338302,-0.003259710464565302
2025-04-03 19:30:00+00:00,539.0399780273438,539.3099975585938,537.5599975585938,537.6400146484375,20407737,6.287189218448757,-0.002582063889544628
2025-04-04 13:30:00+00:00,523.6699829101562,525.8699951171875,516.239990234375,516.2899780273438,42365546,6.2466685805551245,-0.040520637893632916
2025-04-04 14:30:00+00:00,516.260009765625,522.5900268554688,510.8500061035156,516.3499755859375,35813264,6.246784782835408,0.00011620228028341728
2025-04-04 15:30:00+00:00,516.4000244140625,518.3499755859375,511.8599853515625,512.3900146484375,15755893,6.23908608241747,-0.007698700417938298
2025-04-04 16:30:00+00:00,512.3400268554688,514.3599853515625,508.32501220703125,511.1600036621094,16611385,6.2366826599048135,-0.002403422512656128
2025-04-04 17:30:00+00:00,511.1600036621094,515.8200073242188,508.55999755859375,508.79998779296875,18303026,6.232054988034105,-0.004627671870708561
2025-04-04 18:30:00+00:00,508.9100036621094,512.0399780273438,505.5199890136719,510.5199890136719,24417626,6.235429792594612,0.003374804560507094
2025-04-04 19:30:00+00:00,510.5299987792969,513.919677734375,505.05999755859375,505.510009765625,30876759,6.225567839976888,-0.009861952617724157
2025-04-07 13:30:00+00:00,489.19000244140625,523.1699829101562,481.79998779296875,498.17999267578125,92264010,6.210961442800041,-0.014606397176846642
2025-04-07 14:30:00+00:00,498.19000244140625,509.7699890136719,492.6600036621094,493.7900085449219,47911914,6.20211034289698,-0.008851099903060877
2025-04-07 15:30:00+00:00,493.75,503.9800109863281,493.7300109863281,499.55999755859375,19441560,6.213727706107771,0.011617363210790543
2025-04-07 16:30:00+00:00,499.55999755859375,505.94000244140625,494.70001220703125,505.6199951171875,18233685,6.225785389355238,0.012057683247467033
2025-04-07 17:30:00+00:00,505.6199951171875,510.4700012207031,502.1600036621094,505.19000244140625,18390363,6.224934600972145,-0.0008507883830928265
2025-04-07 18:30:00+00:00,505.1499938964844,508.3399963378906,500.1400146484375,500.6050109863281,17570375,6.2158173889082775,-0.009117212063867619
2025-04-07 19:30:00+00:00,500.6050109863281,506.6400146484375,500.55999755859375,504.5400085449219,20887500,6.223647140008926,0.00782975110064843
2025-04-08 13:30:00+00:00,521.8599853515625,524.97998046875,517.7899780273438,523.3699951171875,32395682,6.260288661584604,0.036641521575678127
2025-04-08 14:30:00+00:00,523.3599853515625,524.2100219726562,514.0999755859375,514.1599731445312,15639923,6.242534448831295,-0.01775421275330924
2025-04-08 15:30:00+00:00,514.1900024414062,518.5250244140625,511.79998779296875,513.9600219726562,12623537,6.242145484166964,-0.0003889646643306932
2025-04-08 16:30:00+00:00,514.1300048828125,514.5999755859375,502.25,502.45001220703125,25291742,6.219496156789984,-0.02264932737698011
2025-04-08 17:30:00+00:00,502.3699951171875,509.1099853515625,502.0299987792969,502.4100036621094,15525802,6.219416526703582,-7.96300864021049e-05
2025-04-08 18:30:00+00:00,502.44000244140625,507.82000732421875,494.489990234375,497.510009765625,20869345,6.20961567652815,-0.009800850175431641
2025-04-08 19:30:00+00:00,497.5299987792969,497.5899963378906,489.1600036621094,496.739990234375,28407590,6.20806673071934,-0.0015489458088104868
2025-04-09 13:30:00+00:00,493.44000244140625,503.6700134277344,493.42999267578125,498.9700012207031,36291097,6.2125459761501896,0.004479245430849765
2025-04-09 14:30:00+00:00,499.07000732421875,501.6700134277344,493.04998779296875,498.2799987792969,14350835,6.211162165568059,-0.0013838105821308844
2025-04-09 15:30:00+00:00,498.2900085449219,500.54998779296875,494.7699890136719,499.260009765625,9459825,6.2131270217005925,0.001964856132533832
2025-04-09 16:30:00+00:00,499.19000244140625,533.4000244140625,498.6499938964844,523.9600219726562,42313803,6.261415387465199,0.04828836576460649
2025-04-09 17:30:00+00:00,524.02001953125,539.7100219726562,522.9500122070312,538.1500244140625,48124914,6.288137377076956,0.026721989611757202
2025-04-09 18:30:00+00:00,538.1599731445312,541.780029296875,529.6799926757812,540.489990234375,28925228,6.29247611745241,0.004338740375454009
2025-04-09 19:30:00+00:00,540.4500122070312,546.3300170898438,539.5399780273438,542.8400268554688,30528201,6.296814666685331,0.004338549232921096
2025-04-10 13:30:00+00:00,532.1699829101562,533.4949951171875,526.340087890625,528.1099853515625,30002994,6.269304567603745,-0.02751009908158597
2025-04-10 14:30:00+00:00,528.1199951171875,531.9600219726562,523.7100219726562,523.710205078125,14268723,6.260938487591907,-0.008366080011838584
2025-04-10 15:30:00+00:00,523.719970703125,524.27001953125,509.32000732421875,511.8599853515625,24992857,6.238051121530603,-0.022887366061303815
2025-04-10 16:30:00+00:00,511.81500244140625,524.7000122070312,511.5126953125,519.3200073242188,24306134,6.252520277595532,0.014469156064929045
2025-04-10 17:30:00+00:00,519.2100219726562,528.760009765625,518.3200073242188,528.3900146484375,17647618,6.2698346751350895,0.017314397539557547
2025-04-10 18:30:00+00:00,528.3900146484375,529.7100219726562,522.3699951171875,522.4299926757812,15841554,6.258490989552623,-0.011343685582466456
2025-04-10 19:30:00+00:00,522.469970703125,526.52001953125,518.2000122070312,524.7100219726562,21618301,6.262845770896488,0.004354781343865355
2025-04-11 13:30:00+00:00,523.010009765625,528.8400268554688,520.0700073242188,520.6900024414062,23549599,6.255154859756768,-0.007690911139720313
2025-04-11 14:30:00+00:00,520.7999877929688,527.4199829101562,520.0900268554688,523.0800170898438,10856787,6.259734448709869,0.004579588953101066
2025-04-11 15:30:00+00:00,523.52001953125,528.6699829101562,522.4199829101562,527.3900146484375,6510151,6.267940340574304,0.008205891864434989
2025-04-11 16:30:00+00:00,527.5349731445312,533.0900268554688,527.447509765625,529.8300170898438,9028032,6.2725562326317235,0.004615892057419302
2025-04-11 17:30:00+00:00,529.8400268554688,536.4299926757812,528.8400268554688,533.1500244140625,12079094,6.278802856256296,0.0062466236245724005
2025-04-11 18:30:00+00:00,533.1699829101562,535.6799926757812,531.969970703125,534.739990234375,8419270,6.281780629198026,0.0029777729417297394
2025-04-11 19:30:00+00:00,534.239990234375,535.4500122070312,533.47998046875,533.969970703125,14410898,6.280339602740626,-0.00144102645739963
2025-04-14 13:30:00+00:00,544.0499877929688,544.280029296875,539.2100219726562,542.1199951171875,15299938,6.29548737014093,0.01514776740030399
2025-04-14 14:30:00+00:00,542.1400146484375,543.8499755859375,538.4299926757812,538.52001953125,7367485,6.288824672379417,-0.006662697761512959
2025-04-14 15:30:00+00:00,538.6400146484375,539.9299926757812,533.8599853515625,535.8499755859375,11263483,6.28385422559763,-0.004970446781786819
2025-04-14 16:30:00+00:00,536.1900024414062,539.22998046875,535.2899780273438,537.2999877929688,6740197,6.286556575015566,0.002702349417935679
2025-04-14 17:30:00+00:00,537.260009765625,540.510009765625,536.489990234375,540.3800048828125,4787723,6.292272604814555,0.0057160297989895525
2025-04-14 18:30:00+00:00,540.3800048828125,542.5800170898438,540.0499877929688,541.3300170898438,6841969,6.29402910596919,0.0017565011546345488
2025-04-14 19:30:00+00:00,541.3200073242188,542.1500244140625,538.3599853515625,538.97998046875,10593215,6.289678428231739,-0.004350677737450681
2025-04-15 13:30:00+00:00,539.6749877929688,543.22998046875,538.1400146484375,539.4000244140625,13251297,6.290457455967146,0.0007790277354065012
2025-04-15 14:30:00+00:00,540.25,542.030029296875,539.0800170898438,540.1701049804688,6975391,6.291884099176422,0.0014266432092764347
2025-04-15 15:30:00+00:00,540.219970703125,541.6199951171875,539.4400024414062,540.97998046875,4160615,6.293382273482956,0.0014981743065334285
2025-04-15 16:30:00+00:00,541.0,541.43017578125,537.3699951171875,537.760009765625,4615595,6.2874123821366155,-0.005969891346340184
2025-04-15 17:30:00+00:00,537.77001953125,539.2457275390625,536.8099975585938,537.5,5182402,6.2869287600018176,-0.00048362213479791194
2025-04-15 18:30:00+00:00,537.5800170898438,539.2899780273438,537.5499877929688,538.8300170898438,6958673,6.289400153990058,0.0024713939882401448
2025-04-15 19:30:00+00:00,538.4500122070312,538.72998046875,537.1400146484375,537.72998046875,8854061,6.287356539130813,-0.002043614859244869
2025-04-16 13:30:00+00:00,531.6799926757812,533.8599853515625,529.6500244140625,531.77001953125,11980414,6.276211101761414,-0.011145437369398437
2025-04-16 14:30:00+00:00,531.760009765625,535.1099853515625,531.3049926757812,534.6400146484375,7002305,6.281593650601508,0.005382548840093371
2025-04-16 15:30:00+00:00,534.6599731445312,534.72998046875,530.7650146484375,531.5050048828125,6164417,6.275712614262244,-0.005881036339263623
2025-04-16 16:30:00+00:00,531.5,532.1199951171875,530.219970703125,531.5294799804688,5092151,6.275758661870311,4.604760806703467e-05
2025-04-16 17:30:00+00:00,531.5499877929688,531.6199951171875,523.9400024414062,526.0,13272632,6.26530121273771,-0.010457449132601049
2025-04-16 18:30:00+00:00,526.0,526.1796875,520.2899780273438,520.6649780273438,11474421,6.25510679850093,-0.010194414236780247
2025-04-16 19:30:00+00:00,520.6900024414062,526.1699829101562,520.6900024414062,525.719970703125,13824406,6.26476869588666,0.009661897385730533
2025-04-17 13:30:00+00:00,527.6400146484375,529.3099975585938,525.1600952148438,525.280029296875,13289315,6.263931509527106,-0.0008371863595542095
2025-04-17 14:30:00+00:00,525.280029296875,528.8499755859375,523.9099731445312,526.7100219726562,13668147,6.266650154166027,0.0027186446389206864
2025-04-17 15:30:00+00:00,526.7100219726562,529.8699951171875,526.219970703125,529.4500122070312,8473718,6.271838754932523,0.005188600766496521
2025-04-17 16:30:00+00:00,529.4500122070312,530.4099731445312,527.6099853515625,527.6799926757812,5332592,6.268490025491196,-0.0033487294413276913
2025-04-17 17:30:00+00:00,527.6900024414062,531.1649780273438,527.6699829101562,530.02001953125,8628170,6.272914778533269,0.004424753042073348
2025-04-17 18:30:00+00:00,530.02001953125,530.9199829101562,526.6300048828125,527.3099975585938,7770089,6.26778860626299,-0.005126172270278673
2025-04-17 19:30:00+00:00,527.3599853515625,528.510009765625,525.7100219726562,526.3900146484375,11827981,6.266042410698284,-0.0017461955647064542
2025-04-21 13:30:00+00:00,521.1599731445312,521.7000122070312,515.1900024414062,515.6300048828125,10143236,6.245389463481232,-0.020652947217051576
2025-04-21 14:30:00+00:00,515.6400146484375,516.8599853515625,512.7899780273438,513.1099853515625,7214382,6.240490218587954,-0.004899244893278087
2025-04-21 15:30:00+00:00,513.1099853515625,513.3599853515625,510.79998779296875,511.6600036621094,7379820,6.237660349109655,-0.0028298694782993294
2025-04-21 16:30:00+00:00,511.6600036621094,513.25,509.5408935546875,509.9612121582031,8162306,6.2343346682343155,-0.003325680875339465
2025-04-21 17:30:00+00:00,509.95001220703125,510.510009765625,508.4599914550781,509.9100036621094,6279346,6.234234246739244,-0.000100421495071501
2025-04-21 18:30:00+00:00,509.8999938964844,511.1700134277344,508.69000244140625,510.364990234375,10260524,6.235126136876997,0.0008918901377530375
2025-04-21 19:30:00+00:00,510.3599853515625,514.8699951171875,510.3599853515625,513.969970703125,12839723,6.242164840991923,0.00703870411492602
2025-04-22 13:30:00+00:00,520.1400146484375,523.4400024414062,519.1925048828125,523.0599975585938,10672175,6.259696175570572,0.017531334578649194
2025-04-22 14:30:00+00:00,523.0700073242188,525.8137817382812,522.260009765625,524.9400024414062,6943018,6.263283974997058,0.0035877994264854607
2025-04-22 15:30:00+00:00,524.9500122070312,529.3049926757812,523.760009765625,528.7999877929688,10602089,6.270610265453075,0.007326290456017404
2025-04-22 16:30:00+00:00,528.7899780273438,529.1099853515625,522.3300170898438,522.6500244140625,11379772,6.2589120706907835,-0.011698194762291614
2025-04-22 17:30:00+00:00,522.5700073242188,525.6699829101562,521.760009765625,525.3900146484375,7422148,6.264140871833757,0.005228801142973083
2025-04-22 18:30:00+00:00,525.3900146484375,527.22998046875,524.25,524.6900024414062,6653271,6.262807616654471,-0.0013332551792855085
2025-04-22 19:30:00+00:00,524.6699829101562,527.5,524.2100219726562,526.969970703125,10594115,6.267143565329852,0.004335948675381118
2025-04-23 13:30:00+00:00,540.4299926757812,545.4000244140625,539.5999755859375,543.8800048828125,26408712,6.298728643265224,0.031585077935371686
2025-04-23 14:30:00+00:00,543.8200073242188,545.2000122070312,537.6699829101562,538.5900268554688,11096086,6.288954663413392,-0.009773979851831704
2025-04-23 15:30:00+00:00,538.5999755859375,539.510009765625,534.0,536.2999877929688,9860877,6.284693683227307,-0.004260980186085561
2025-04-23 16:30:00+00:00,536.2999877929688,539.5900268554688,535.7899780273438,538.2000122070312,6905212,6.288230260974022,0.0035365777467157855
2025-04-23 17:30:00+00:00,538.2100219726562,538.989990234375,536.260009765625,536.5700073242188,7003154,6.285197042512552,-0.0030332184614705326
2025-04-23 18:30:00+00:00,536.5700073242188,537.72998046875,534.0999755859375,534.6300048828125,7442804,6.2815749279861866,-0.0036221145263652943
2025-04-23 19:30:00+00:00,534.7100219726562,537.1699829101562,533.8800048828125,535.3800048828125,12899201,6.28297678426039,0.0014018562742030838
2025-04-24 13:30:00+00:00,536.7150268554688,542.3300170898438,535.4503784179688,542.2341918945312,11823494,6.295697996482644,0.012721212222253975
2025-04-24 14:30:00+00:00,542.22998046875,543.8699951171875,540.989990234375,542.47998046875,8605841,6.296151182371955,0.00045318588931131387
2025-04-24 15:30:00+00:00,542.510009765625,544.969970703125,541.8900146484375,544.4400024414062,5649295,6.299757747948125,0.0036065655761703397
2025-04-24 16:30:00+00:00,544.4400024414062,545.847900390625,544.030029296875,544.97998046875,5198085,6.300749060903706,0.0009913129555805256
2025-04-24 17:30:00+00:00,545.5,546.3300170898438,544.3699951171875,545.510009765625,5310413,6.301721154812609,0.0009720939089028491
2025-04-24 18:30:00+00:00,545.510009765625,546.9000244140625,544.280029296875,544.8699951171875,6956390,6.300547225138417,-0.0011739296741914984
2025-04-24 19:30:00+00:00,545.0999755859375,547.4299926757812,544.75,546.530029296875,10593515,6.303589254500169,0.003042029361751908
2025-04-25 13:30:00+00:00,546.6500244140625,548.1141967773438,543.9500122070312,544.5599975585938,13256636,6.299978124656432,-0.0036111298437369044
2025-04-25 14:30:00+00:00,544.5999755859375,547.5,543.6900024414062,546.4600219726562,5815360,6.303461152100274,0.0034830274438419906
2025-04-25 15:30:00+00:00,546.4940185546875,548.5700073242188,545.7000122070312,548.3300170898438,4107672,6.306877326652607,0.0034161745523331177
2025-04-25 16:30:00+00:00,548.3499755859375,551.0499877929688,547.97998046875,550.9744262695312,5682786,6.311688394771847,0.004811068119240147
2025-04-25 17:30:00+00:00,550.9600219726562,550.989990234375,546.760009765625,549.739990234375,8913874,6.309445421418946,-0.0022429733529012452
2025-04-25 18:30:00+00:00,549.75,550.75,549.3049926757812,549.64501953125,6007432,6.3092726508198975,-0.0001727705990486328
2025-04-25 19:30:00+00:00,549.6300048828125,550.8699951171875,548.760009765625,550.530029296875,8236078,6.310881503806456,0.001608852986558773
2025-04-28 13:30:00+00:00,551.3900146484375,553.5499877929688,549.6599731445312,550.9400024414062,10374700,6.311625914733036,0.0007444109265799526
2025-04-28 14:30:00+00:00,550.9500122070312,551.8800048828125,547.030029296875,547.2100219726562,5731283,6.304832681149132,-0.006793233583904268
2025-04-28 15:30:00+00:00,547.2000122070312,548.5413208007812,545.7000122070312,546.02001953125,4964178,6.3026556408808805,-0.0021770402682514955
2025-04-28 16:30:00+00:00,546.030029296875,547.4500122070312,545.1799926757812,545.3699951171875,4294428,6.3014644544448695,-0.0011911864360110158
2025-04-28 17:30:00+00:00,545.344970703125,548.8300170898438,545.02001953125,548.5900268554688,4038625,6.30735139907371,0.005886944628840318
2025-04-28 18:30:00+00:00,548.5599975585938,550.8400268554688,547.969970703125,550.5924072265625,4835838,6.310994802614446,0.003643403540736223
2025-04-28 19:30:00+00:00,550.52001953125,552.280029296875,550.010009765625,550.9400024414062,6817382,6.311625914733036,0.000631112118590238
2025-04-29 13:30:00+00:00,548.9099731445312,552.7999877929688,548.5499877929688,549.9199829101562,10388140,6.3097727820245595,-0.0018531327084767568
2025-04-29 14:30:00+00:00,549.89501953125,553.2918090820312,549.8200073242188,552.2398071289062,4407630,6.313982385142853,0.004209603118293437
2025-04-29 15:30:00+00:00,552.239990234375,553.4500122070312,550.8720092773438,552.8900146484375,3642300,6.315159093221386,0.0011767080785327622
2025-04-29 16:30:00+00:00,552.89501953125,553.1898803710938,550.522705078125,552.6300048828125,4250907,6.314688708667826,-0.00047038455355963293
2025-04-29 17:30:00+00:00,552.6458740234375,555.440673828125,552.5399780273438,554.9099731445312,6471812,6.318805890038486,0.00411718137065975
2025-04-29 18:30:00+00:00,554.9000244140625,555.27001953125,554.1199951171875,554.5999755859375,5260271,6.318247089160648,-0.0005588008778376619
2025-04-29 19:30:00+00:00,554.6300048828125,555.4500122070312,553.8200073242188,554.1400146484375,7761198,6.317417388837871,-0.0008297003227770716
2025-04-30 13:30:00+00:00,547.5700073242188,547.5800170898438,541.52001953125,546.3099975585938,17806645,6.30318657572588,-0.01423081311199148
2025-04-30 14:30:00+00:00,546.3099975585938,549.7449951171875,545.3099975585938,549.010009765625,8289889,6.308116674067588,0.004930098341707989
2025-04-30 15:30:00+00:00,549.0050048828125,550.239990234375,547.780029296875,548.0900268554688,6305058,6.3064395560380815,-0.0016771180295060972
2025-04-30 16:30:00+00:00,548.0900268554688,550.1500244140625,547.1400146484375,550.030029296875,4347912,6.309972875457651,0.0035333194195699136
2025-04-30 17:30:00+00:00,550.0,553.0999755859375,549.75,550.47998046875,7780712,6.310790589413825,0.0008177139561738045
2025-04-30 18:30:00+00:00,550.6099853515625,551.1099853515625,549.1099853515625,549.7899780273438,7643665,6.309536347168033,-0.001254242245792625
2025-04-30 19:30:00+00:00,549.8200073242188,556.52001953125,549.3800048828125,554.3499755859375,23351483,6.317796212177479,0.008259865009446088
2025-05-01 13:30:00+00:00,560.3699951171875,562.2100219726562,558.6500244140625,562.0317993164062,14801452,6.331558430706501,0.013762218529022263
2025-05-01 14:30:00+00:00,561.6900024414062,564.0698852539062,561.1599731445312,563.260009765625,8500612,6.333741350598074,0.002182919891573043
2025-05-01 15:30:00+00:00,563.260009765625,563.4400024414062,559.0599975585938,560.3099975585938,6560534,6.328490197636383,-0.005251152961690764
2025-05-01 16:30:00+00:00,560.3099975585938,561.9462280273438,559.2000122070312,561.3400268554688,4561612,6.330326830389913,0.0018366327535295213
2025-05-01 17:30:00+00:00,561.3499755859375,562.3499755859375,559.8931884765625,561.8900146484375,3919570,6.3313061272687365,0.0009792968788238099
2025-05-01 18:30:00+00:00,561.9000244140625,562.6900024414062,560.85498046875,562.030029296875,5567524,6.331555281378793,0.0002491541100564376
2025-05-01 19:30:00+00:00,562.02001953125,562.489990234375,557.8599853515625,558.4600219726562,9892493,6.325183034877658,-0.006372246501134882
2025-05-02 13:30:00+00:00,564.72998046875,566.3200073242188,562.3800048828125,566.2999877929688,14715839,6.339123951563991,0.013940916686332905
2025-05-02 14:30:00+00:00,566.2999877929688,566.3099975585938,564.510009765625,564.6500244140625,5370961,6.336206113407193,-0.002917838156798247
2025-05-02 15:30:00+00:00,564.6699829101562,567.9400024414062,564.4600219726562,567.1799926757812,6821035,6.3406767007519536,0.004470587344760801
2025-05-02 16:30:00+00:00,567.2000122070312,568.07958984375,566.3599853515625,566.780029296875,4182630,6.339971273068892,-0.0007054276830613659
2025-05-02 17:30:00+00:00,566.780029296875,567.9588012695312,566.5,567.6500244140625,3377235,6.3415050746195485,0.0015338015506562996
2025-05-02 18:30:00+00:00,567.6799926757812,568.3800048828125,566.1500244140625,567.6699829101562,7343588,6.341540233862699,3.515924315067309e-05
2025-05-02 19:30:00+00:00,567.6400146484375,567.8300170898438,566.02001953125,566.6199951171875,10188304,6.339688876426394,-0.0018513574363048235
2025-05-05 13:30:00+00:00,562.5700073242188,564.2891235351562,561.7000122070312,563.6900024414062,8989771,6.334504459328702,-0.00518441709769224
2025-05-05 14:30:00+00:00,563.6900024414062,565.3099975585938,562.9199829101562,564.8048706054688,5761443,6.3364803097351015,0.00197585040639936
2025-05-05 15:30:00+00:00,564.8090209960938,565.89990234375,563.8400268554688,565.7100219726562,3571280,6.338081618247789,0.0016013085126873605
2025-05-05 16:30:00+00:00,565.7000122070312,565.9598999023438,564.8400268554688,565.1599731445312,2985639,6.337108829379259,-0.0009727888685295838
2025-05-05 17:30:00+00:00,565.1500244140625,566.3565063476562,565.0800170898438,566.1500244140625,2558304,6.3388591038830056,0.0017502745037463185
2025-05-05 18:30:00+00:00,566.1300048828125,566.6500244140625,564.5599975585938,564.77001953125,5293415,6.336418603203672,-0.002440500679333546
2025-05-05 19:30:00+00:00,564.760009765625,565.3699951171875,563.0900268554688,563.530029296875,5955105,6.334220622737617,-0.002197980466054794
2025-05-06 13:30:00+00:00,557.9299926757812,560.9000244140625,556.9600219726562,560.6199951171875,9887289,6.32904330544601,-0.005177317291606975
2025-05-06 14:30:00+00:00,560.5900268554688,561.8200073242188,560.3699951171875,561.6500244140625,4261625,6.330878923556041,0.0018356181100305236
2025-05-06 15:30:00+00:00,561.6500244140625,563.3475952148438,560.1400146484375,560.589599609375,6042282,6.328989086309886,-0.0018898372461544355
2025-05-06 16:30:00+00:00,560.75,561.4600219726562,559.1204223632812,559.719970703125,3714651,6.327436606345492,-0.0015524799643946707
2025-05-06 17:30:00+00:00,559.6798706054688,560.510009765625,558.3200073242188,560.489990234375,4315157,6.328811383716485,0.001374777370993563
2025-05-06 18:30:00+00:00,560.4614868164062,561.119873046875,559.8701171875,560.7849731445312,4940157,6.329337539970028,0.0005261562535423536
2025-05-06 19:30:00+00:00,560.7999877929688,561.4000244140625,558.719970703125,558.7999877929688,8578273,6.3257916055377255,-0.0035459344323021114
2025-05-07 13:30:00+00:00,560.1500244140625,561.9600219726562,559.5202026367188,561.8200073242188,7390135,6.331181526930677,0.005389921392951358
2025-05-07 14:30:00+00:00,561.8400268554688,561.97998046875,558.3800048828125,559.1608276367188,5241625,6.326437137744759,-0.004744389185917797
2025-05-07 15:30:00+00:00,559.0999755859375,560.4000244140625,558.5999755859375,559.1799926757812,3991307,6.32647141180275,3.427405799083516e-05
2025-05-07 16:30:00+00:00,559.1900024414062,561.8499755859375,559.0700073242188,561.243408203125,2352959,6.330154694137827,0.003683282335076754
2025-05-07 17:30:00+00:00,561.25,561.412109375,556.0399780273438,557.97998046875,7360993,6.324323084441558,-0.005831609696268281
2025-05-07 18:30:00+00:00,557.9500122070312,562.6400146484375,557.3101196289062,557.8699951171875,8213874,6.324125951575447,-0.000197132866111005
2025-05-07 19:30:00+00:00,557.8599853515625,563.8200073242188,557.52001953125,561.219970703125,12055361,6.330112933309913,0.005986981734465324
2025-05-08 13:30:00+00:00,565.239990234375,565.6400146484375,562.3005981445312,564.4299926757812,9829233,6.335816359381373,0.005703426071460349
2025-05-08 14:30:00+00:00,564.4652709960938,566.780029296875,561.7000122070312,566.2000122070312,9288012,6.3389473942373735,0.0031310348560005252
2025-05-08 15:30:00+00:00,566.22998046875,569.7100219726562,565.4299926757812,568.79931640625,9913524,6.343527676670886,0.004580282433512828
2025-05-08 16:30:00+00:00,568.7999877929688,570.3099975585938,568.7100219726562,569.2000122070312,4731360,6.344231887661641,0.0007042109907544614
2025-05-08 17:30:00+00:00,569.2000122070312,569.3900146484375,567.4199829101562,568.030029296875,4592518,6.342174285804076,-0.0020576018575644284
2025-05-08 18:30:00+00:00,568.030029296875,569.3699951171875,567.6300048828125,569.02001953125,8249840,6.3439156172178555,0.0017413314137790792
2025-05-08 19:30:00+00:00,569.030029296875,569.1300048828125,564.5399780273438,564.9099731445312,11037567,6.336666378883342,-0.007249238334513741
2025-05-09 13:30:00+00:00,566.47998046875,567.5,563.8300170898438,564.469970703125,7453267,6.335887185900387,-0.0007791929829545907
2025-05-09 14:30:00+00:00,564.4699096679688,565.280029296875,562.763671875,564.5499877929688,6007536,6.336028932003944,0.00014174610355688344
2025-05-09 15:30:00+00:00,564.5399780273438,565.6353149414062,563.4401245117188,563.8800048828125,3405028,6.334841471562036,-0.0011874604419084278
2025-05-09 16:30:00+00:00,564.1099853515625,564.52001953125,562.8699951171875,563.9600219726562,3575990,6.334983365958533,0.00014189439649747726
2025-05-09 17:30:00+00:00,563.9600219726562,565.35498046875,563.6500244140625,564.2999877929688,2776528,6.335586003342928,0.0006026373843948107
2025-05-09 18:30:00+00:00,564.3001098632812,565.8900146484375,564.2449951171875,564.9500122070312,4280933,6.336737253262532,0.001151249919604247
2025-05-09 19:30:00+00:00,564.9600219726562,565.1699829101562,564.0999755859375,564.280029296875,5969653,6.3355506341253385,-0.0011866191371936452
2025-05-12 13:30:00+00:00,581.469970703125,581.72998046875,577.8900146484375,578.260009765625,20192543,6.360023611408114,0.024472977282775865
2025-05-12 14:30:00+00:00,578.27001953125,580.1799926757812,577.0399780273438,578.8499755859375,10340279,6.361043334474899,0.0010197230667845503
2025-05-12 15:30:00+00:00,578.8699951171875,579.8300170898438,577.9774780273438,579.2999877929688,6642432,6.361820457030541,0.0007771225556423289
2025-05-12 16:30:00+00:00,579.27001953125,582.4299926757812,579.2349853515625,581.3198852539062,7166886,6.3653011823690875,0.0034807253385462644
2025-05-12 17:30:00+00:00,581.2899780273438,582.1798706054688,581.1599731445312,581.9500122070312,4405907,6.366384554364068,0.001083371994980098
2025-05-12 18:30:00+00:00,581.97998046875,582.5800170898438,581.1403198242188,581.52001953125,7454474,6.365645398762928,-0.0007391556011393519
2025-05-12 19:30:00+00:00,581.510009765625,583.0,580.7999877929688,582.8300170898438,13240163,6.367895577953266,0.0022501791903382085
2025-05-13 13:30:00+00:00,583.4099731445312,587.9000244140625,582.8400268554688,586.8200073242188,14905890,6.374718141332128,0.006822563378861446
2025-05-13 14:30:00+00:00,586.8400268554688,588.0900268554688,586.1099853515625,587.7000122070312,7815220,6.3762166343894595,0.001498493057331629
2025-05-13 15:30:00+00:00,587.6900024414062,588.4400024414062,586.9600219726562,587.6917114257812,8810868,6.376202510108875,-1.4124280584226767e-05
2025-05-13 16:30:00+00:00,587.6599731445312,588.3900146484375,587.2899780273438,588.3300170898438,5181652,6.377288044008915,0.0010855339000395148
2025-05-13 17:30:00+00:00,588.3350219726562,589.0698852539062,587.4600219726562,587.8900146484375,7405702,6.376539880484986,-0.000748163523928369
2025-05-13 18:30:00+00:00,587.9199829101562,588.9600219726562,587.4899291992188,588.4500122070312,6511291,6.377491982068053,0.0009521015830662449
2025-05-13 19:30:00+00:00,588.4400024414062,589.0800170898438,586.72998046875,586.8300170898438,9972272,6.3747351988286844,-0.0027567832393682323
2025-05-14 13:30:00+00:00,587.8099975585938,588.97998046875,586.3900146484375,587.52001953125,12225116,6.37591032123562,0.0011751224069351807
2025-05-14 14:30:00+00:00,587.489990234375,588.0650024414062,585.97998046875,587.8599853515625,7225850,6.376488799393119,0.0005784781574993403
2025-05-14 15:30:00+00:00,587.8599243164062,588.5449829101562,587.6900024414062,587.9149780273438,4932495,6.376582342252142,9.354285902318793e-05
2025-05-14 16:30:00+00:00,587.9299926757812,588.5651245117188,585.5349731445312,586.3300170898438,6426228,6.373882800152107,-0.0026995421000348685
2025-05-14 17:30:00+00:00,586.3200073242188,587.6950073242188,586.22998046875,586.8599853515625,5034721,6.374786265569754,0.0009034654176467427
2025-05-14 18:30:00+00:00,586.8699951171875,588.219970703125,586.47021484375,587.0050048828125,7316231,6.375033345997562,0.0002470804278082994
2025-05-14 19:30:00+00:00,587.0,588.1400146484375,586.3900146484375,587.5499877929688,13249757,6.375961328003792,0.0009279820062300104
2025-05-15 13:30:00+00:00,585.5599975585938,587.1300048828125,585.096923828125,585.8900146484375,12838541,6.373132083648111,-0.0028292443556816593
2025-05-15 14:30:00+00:00,585.8699951171875,588.9099731445312,585.3099975585938,588.3499755859375,10295385,6.377321967414122,0.004189883766011704
2025-05-15 15:30:00+00:00,588.3699951171875,590.0999755859375,588.0648803710938,589.1699829101562,8985981,6.378714737788598,0.0013927703744753828
2025-05-15 16:30:00+00:00,589.1599731445312,590.969970703125,588.8300170898438,590.6849975585938,6042278,6.381282876256776,0.0025681384681783825
2025-05-15 17:30:00+00:00,590.6799926757812,590.6900024414062,588.6900024414062,589.5098876953125,6607011,6.379291492856798,-0.001991383399977842
2025-05-15 18:30:00+00:00,589.5,590.3300170898438,588.3049926757812,588.77001953125,7729197,6.378035648202629,-0.0012558446541692803
2025-05-15 19:30:00+00:00,588.75,590.4400024414062,588.739990234375,590.4000244140625,11694962,6.380800314637994,0.00276466643536466
2025-05-16 13:30:00+00:00,591.25,591.6300048828125,590.010009765625,590.8900146484375,12294904,6.381629899661609,0.000829585023615742
2025-05-16 14:30:00+00:00,590.8900146484375,591.0800170898438,589.280029296875,590.9000244140625,11485692,6.381646839668369,1.694000676000229e-05
2025-05-16 15:30:00+00:00,590.8900146484375,592.280029296875,590.8800048828125,592.0599975585938,6578894,6.3836079769760765,0.0019611373077070837
2025-05-16 16:30:00+00:00,592.0700073242188,593.2899780273438,591.7799072265625,593.0900268554688,6501256,6.385346203419992,0.0017382264439156359
2025-05-16 17:30:00+00:00,593.0999755859375,593.47998046875,592.5800170898438,593.260009765625,6071507,6.385632767934802,0.0002865645148100171
2025-05-16 18:30:00+00:00,593.260009765625,594.3493041992188,593.0507202148438,593.85498046875,7621600,6.386635148930471,0.001002380995668517
2025-05-16 19:30:00+00:00,593.8499755859375,594.5,593.1900024414062,594.2999877929688,10461275,6.387384221832431,0.0007490729019599129
2025-05-19 13:30:00+00:00,588.0999755859375,593.2999877929688,588.0999755859375,592.25,17358545,6.383928843038895,-0.003455378793535857
2025-05-19 14:30:00+00:00,591.8300170898438,592.9099731445312,591.6099853515625,592.3565063476562,6361965,6.384108660298673,0.0001798172597782255
2025-05-19 15:30:00+00:00,592.3499755859375,594.1400146484375,588.510009765625,593.9622192382812,5228334,6.386815713363869,0.002707053065195808
2025-05-19 16:30:00+00:00,593.97998046875,595.5399780273438,593.5700073242188,595.1099853515625,9582528,6.3887462377934545,0.0019305244295857449
2025-05-19 17:30:00+00:00,595.1099853515625,595.4766235351562,588.5499877929688,593.75,6559021,6.386458355348851,-0.0022878824446035395
2025-05-19 18:30:00+00:00,593.760009765625,594.6599731445312,593.1599731445312,593.5449829101562,7597408,6.386113003781073,-0.0003453515677778185
2025-05-19 19:30:00+00:00,593.5599975585938,595.25,593.5150146484375,594.9400024414062,9470635,6.388460564228384,0.0023475604473111034
2025-05-20 13:30:00+00:00,593.0900268554688,593.6300048828125,592.0399780273438,592.9000244140625,9716938,6.3850257918906905,-0.0034347723376937367
2025-05-20 14:30:00+00:00,592.8800048828125,594.0499877929688,592.489990234375,593.4400024414062,5311163,6.3859361178552705,0.0009103259645799611
2025-05-20 15:30:00+00:00,593.4400024414062,593.5399780273438,592.2349853515625,592.6799926757812,4567232,6.384654611982738,-0.0012815058725328399
2025-05-20 16:30:00+00:00,592.6900024414062,593.7999877929688,592.6300048828125,593.4600219726562,5071793,6.385969852004466,0.0013152400217286697
2025-05-20 17:30:00+00:00,593.4500122070312,593.530029296875,590.6201171875,590.8099975585938,7325785,6.381494472583435,-0.004475379421031711
2025-05-20 18:30:00+00:00,591.04931640625,591.6500244140625,589.5999755859375,591.3200073242188,11976634,6.382357338419108,0.0008628658356730767
2025-05-20 19:30:00+00:00,591.3200073242188,592.9650268554688,591.3200073242188,592.8300170898438,9607626,6.384907708816383,0.0025503703972749037
2025-05-21 13:30:00+00:00,588.4400024414062,591.4199829101562,588.4199829101562,589.6199951171875,14010305,6.379478253321103,-0.0054294554952791785
2025-05-21 14:30:00+00:00,589.6300048828125,592.239990234375,588.8699951171875,591.7899780273438,8605492,6.383151805093657,0.003673551772553907
2025-05-21 15:30:00+00:00,591.75,592.2949829101562,591.25,591.7896728515625,5629600,6.3831512894109474,-5.156827098673489e-07
2025-05-21 16:30:00+00:00,591.7999877929688,592.5800170898438,584.5499877929688,584.6900024414062,13406451,6.371081796423173,-0.012069492987774488
2025-05-21 17:30:00+00:00,584.260009765625,587.760009765625,584.0700073242188,585.260009765625,15629094,6.372056209626082,0.0009744132029094743
2025-05-21 18:30:00+00:00,585.280029296875,586.280029296875,581.8200073242188,582.25,13870481,6.3668999087644504,-0.0051563008616319905
2025-05-21 19:30:00+00:00,582.5250244140625,584.6199951171875,582.260009765625,582.969970703125,14454245,6.3681356767959825,0.0012357680315320252
2025-05-22 13:30:00+00:00,582.7999877929688,585.1699829101562,581.405029296875,582.8400268554688,15316618,6.367912752222567,-0.0002229245734151064
2025-05-22 14:30:00+00:00,582.8400268554688,583.8400268554688,581.510009765625,582.5499877929688,8877645,6.367414997711472,-0.0004977545110955717
2025-05-22 15:30:00+00:00,582.5399780273438,585.6099853515625,582.4199829101562,584.3250122070312,7103770,6.370457355775856,0.003042358064384132
2025-05-22 16:30:00+00:00,584.3200073242188,584.8699951171875,582.6300048828125,584.6699829101562,6282663,6.371047556272146,0.0005902004962896612
2025-05-22 17:30:00+00:00,584.6799926757812,586.0,584.3099975585938,585.5700073242188,7282587,6.372585744334474,0.001538188062328416
2025-05-22 18:30:00+00:00,585.5800170898438,586.6199951171875,584.8900146484375,586.510009765625,8345289,6.374189734896953,0.001603990562479396
2025-05-22 19:30:00+00:00,586.5,586.5665283203125,582.5800170898438,583.030029296875,13429438,6.3682386932519055,-0.005951041645047894
2025-05-23 13:30:00+00:00,575.97998046875,578.8699951171875,575.5999755859375,577.719970703125,24533949,6.359089271521764,-0.009149421730141327
2025-05-23 14:30:00+00:00,577.7100219726562,578.9498901367188,576.8093872070312,578.47998046875,7673717,6.3604039401036445,0.0013146685818803405
2025-05-23 15:30:00+00:00,578.489990234375,579.72998046875,577.52001953125,578.6599731445312,6690989,6.360715039338738,0.00031109923509387016
2025-05-23 16:30:00+00:00,578.6500244140625,581.1599731445312,577.9508056640625,581.0900268554688,6415373,6.364905696406624,0.004190657067885795
2025-05-23 17:30:00+00:00,581.0700073242188,581.8101196289062,579.989990234375,580.7650146484375,6718603,6.364346225209446,-0.0005594711971781408
2025-05-23 18:30:00+00:00,580.739990234375,581.530029296875,579.3800048828125,579.9000244140625,7048290,6.362855716982864,-0.0014905082265821434
2025-05-23 19:30:00+00:00,579.8800048828125,581.030029296875,578.489990234375,579.1699829101562,10593820,6.361596014642484,-0.0012597023403797536
2025-05-27 13:30:00+00:00,586.0700073242188,588.25,584.3699951171875,587.8699951171875,18223546,6.376505826713663,0.014909812071178585
2025-05-27 14:30:00+00:00,587.8699951171875,589.010009765625,587.625,588.8099975585938,8361786,6.378103546819758,0.0015977201060950463
2025-05-27 15:30:00+00:00,588.7999877929688,589.6199951171875,588.4749755859375,589.3699951171875,6836693,6.37905416150384,0.000950614684081863
2025-05-27 16:30:00+00:00,589.3699951171875,590.6699829101562,578.4299926757812,590.1701049804688,6681452,6.380410808871625,0.0013566473677855129
2025-05-27 17:30:00+00:00,590.1799926757812,591.3099975585938,590.0,590.6699829101562,6364063,6.38125745688887,0.0008466480172444335
2025-05-27 18:30:00+00:00,590.8499755859375,590.9393920898438,590.1749877929688,590.2949829101562,8632814,6.380622382990055,-0.0006350738988150084
2025-05-27 19:30:00+00:00,590.2899780273438,591.0800170898438,589.8800048828125,591.0599975585938,12574925,6.381917530965087,0.0012951479750320516
2025-05-28 13:30:00+00:00,591.5599975585938,592.768798828125,589.9500122070312,590.219970703125,12679997,6.380495299115509,-0.001422231849577571
2025-05-28 14:30:00+00:00,590.22998046875,590.3300170898438,589.1300048828125,589.4000244140625,7356410,6.379105111725484,-0.001390187390025055
2025-05-28 15:30:00+00:00,589.3900146484375,589.97998046875,588.969970703125,589.875,5233224,6.3799106500465514,0.0008055383210674449
2025-05-28 16:30:00+00:00,589.8599853515625,590.614990234375,589.635009765625,590.2899169921875,4625093,6.380613800942344,0.000703150895792426
2025-05-28 17:30:00+00:00,590.27001953125,590.4400024414062,589.4299926757812,590.114990234375,4911215,6.380317416611811,-0.0002963843305332503
2025-05-28 18:30:00+00:00,590.0999755859375,590.7899780273438,587.9199829101562,589.5150146484375,11231806,6.3793001897946064,-0.0010172268172041754
2025-05-28 19:30:00+00:00,589.510009765625,589.64501953125,586.9849853515625,587.7100219726562,12622870,6.376233666344835,-0.003066523449771097
2025-05-29 13:30:00+00:00,593.0599975585938,593.2000122070312,588.635009765625,590.0900268554688,17463023,6.380275113150042,0.004041446805207016
2025-05-29 14:30:00+00:00,590.0800170898438,591.0900268554688,589.2899780273438,590.719970703125,6508879,6.381342082279234,0.001066969129191797
2025-05-29 15:30:00+00:00,590.7100219726562,590.8049926757812,586.0700073242188,588.989990234375,9834735,6.378409188998477,-0.0029328932807572983
2025-05-29 16:30:00+00:00,588.989990234375,590.4500122070312,588.9000854492188,589.3200073242188,5342792,6.378969342267408,0.0005601532689309963
2025-05-29 17:30:00+00:00,589.3300170898438,589.8099975585938,587.6099853515625,588.030029296875,6437664,6.376778016827368,-0.0021913254400400817
2025-05-29 18:30:00+00:00,588.010009765625,589.72998046875,588.010009765625,588.8900146484375,8098920,6.378239433869324,0.0014614170419564587
2025-05-29 19:30:00+00:00,588.8900146484375,590.6649780273438,588.8800048828125,589.989990234375,10398928,6.380105571051397,0.0018661371820725137
2025-05-30 13:30:00+00:00,588.9299926757812,589.8599853515625,586.4000244140625,589.5999755859375,13366690,6.379444299467286,-0.0006612715841107786
2025-05-30 14:30:00+00:00,589.5900268554688,589.9199829101562,588.0399780273438,589.1254272460938,5424046,6.378639110465094,-0.0008051890021922858
2025-05-30 15:30:00+00:00,589.1300048828125,589.3699951171875,584.6799926757812,585.0999755859375,9174432,6.371782731067882,-0.0068563793972113984
2025-05-30 16:30:00+00:00,585.0850219726562,586.0599975585938,583.2349853515625,585.89501953125,13762180,6.373140625970579,0.0013578949026964438
2025-05-30 17:30:00+00:00,585.8900146484375,588.6400146484375,585.5399780273438,588.260009765625,9393426,6.377169043638856,0.004028417668277662
2025-05-30 18:30:00+00:00,588.27001953125,590.7000122070312,587.760009765625,590.6400146484375,8100110,6.381206719551868,0.004037675913011185
2025-05-30 19:30:00+00:00,590.6500244140625,591.1298828125,589.239990234375,589.4600219726562,20325887,6.379206900837482,-0.001999818714385704
2025-06-02 13:30:00+00:00,587.760009765625,589.739990234375,585.0599975585938,588.5900268554688,16379196,6.377729891815302,-0.0014770090221798426
2025-06-02 14:30:00+00:00,588.469970703125,589.6799926757812,588.1199951171875,588.5399780273438,8079729,6.377644856470102,-8.503534519999079e-05
2025-06-02 15:30:00+00:00,588.5700073242188,590.0599975585938,588.1300048828125,589.4099731445312,4547941,6.379121991002874,0.0014771345327719843
2025-06-02 16:30:00+00:00,589.3699951171875,590.6099853515625,589.0399780273438,589.8599853515625,3847517,6.379885195773134,0.0007632047702603728
2025-06-02 17:30:00+00:00,589.8499755859375,591.7000122070312,589.5,591.5050048828125,5499621,6.3826701447229865,0.0027849489498521507
2025-06-02 18:30:00+00:00,591.5,592.719970703125,591.1749877929688,592.4000244140625,7791123,6.384182123605767,0.0015119788827808733
2025-06-02 19:30:00+00:00,592.3900146484375,592.7899780273438,591.6500244140625,592.6199951171875,9570359,6.384553375908726,0.0003712523029584247
2025-06-03 13:30:00+00:00,592.3400268554688,593.9000244140625,591.8499755859375,593.89501953125,11007769,6.386702568947335,0.002149193038609276
2025-06-03 14:30:00+00:00,593.8900146484375,595.1599731445312,593.1699829101562,594.969970703125,7257062,6.388510934865494,0.0018083659181584721
2025-06-03 15:30:00+00:00,594.9600219726562,596.2501220703125,594.8300170898438,596.0750122070312,7305868,6.390366518553489,0.0018555836879956544
2025-06-03 16:30:00+00:00,596.0800170898438,597.0800170898438,596.02001953125,596.75,6207966,6.39149826521894,0.0011317466654503505
2025-06-03 17:30:00+00:00,596.77001953125,596.969970703125,594.8001098632812,596.1500244140625,8620498,6.390492354205025,-0.001005911013914229
2025-06-03 18:30:00+00:00,596.3200073242188,596.510009765625,595.780029296875,596.260009765625,7465413,6.390676829928513,0.00018447572348723185
2025-06-03 19:30:00+00:00,596.2550048828125,596.5,595.22998046875,596.1099853515625,10050862,6.390425189220564,-0.00025164070794847504
2025-06-04 13:30:00+00:00,596.9600219726562,597.9500122070312,595.489990234375,597.5850219726562,14168810,6.39289656987107,0.0024713806505056723
2025-06-04 14:30:00+00:00,597.5800170898438,597.875,596.7100219726562,596.989990234375,6692843,6.391900346475447,-0.000996223395622664
2025-06-04 15:30:00+00:00,596.989990234375,597.4099731445312,595.7908935546875,595.9249877929688,6308546,6.39011479973662,-0.0017855467388274704
2025-06-04 16:30:00+00:00,595.9099731445312,597.4299926757812,595.8699951171875,597.3150024414062,4931733,6.392444616518773,0.002329816782153493
2025-06-04 17:30:00+00:00,597.3099975585938,597.9299926757812,597.0499877929688,597.5900268554688,4968148,6.39290494501715,0.00046032849837640555
2025-06-04 18:30:00+00:00,597.5900268554688,597.6799926757812,596.7100219726562,597.030029296875,6026443,6.3919674124573564,-0.0009375325597931194
2025-06-04 19:30:00+00:00,597.030029296875,597.2449951171875,595.8900146484375,595.8900146484375,10216803,6.390056110855426,-0.0019113016019307594
2025-06-05 13:30:00+00:00,597.6300048828125,597.905029296875,593.9099731445312,596.1649780273438,14363183,6.390517437531582,0.0004613266761559487
2025-06-05 14:30:00+00:00,596.1599731445312,598.7349853515625,594.0,598.6600952148438,14635224,6.394693983321168,0.00417654578958615
2025-06-05 15:30:00+00:00,598.6500244140625,599.0,597.030029296875,597.8900146484375,6798369,6.393406815042328,-0.0012871682788393457
2025-06-05 16:30:00+00:00,597.9000244140625,598.02001953125,594.260009765625,596.469970703125,9975644,6.39102889777808,-0.00237791726424863
2025-06-05 17:30:00+00:00,596.6900024414062,596.9796752929688,593.0599975585938,595.3388061523438,9032580,6.38913066559116,-0.0018982321869200902
2025-06-05 18:30:00+00:00,595.3400268554688,596.1199951171875,591.0499877929688,592.4600219726562,14573683,6.3842833972689785,-0.004847268322181186
2025-06-05 19:30:00+00:00,592.469970703125,594.77001953125,592.2000122070312,593.0,14761093,6.385194398997726,0.0009110017287472516
2025-06-06 13:30:00+00:00,598.6599731445312,600.8300170898438,598.0599975585938,599.1799926757812,16926975,6.395562041585104,0.010367642587378434
2025-06-06 14:30:00+00:00,599.1599731445312,600.3599853515625,597.4500122070312,598.219970703125,9004943,6.393958530297779,-0.0016035112873256097
2025-06-06 15:30:00+00:00,598.3400268554688,599.3900146484375,597.9699096679688,598.5900268554688,5407699,6.394576934497095,0.000618404199316025
2025-06-06 16:30:00+00:00,598.5800170898438,598.8900146484375,596.8599853515625,598.1900024414062,7491490,6.393908433320324,-0.0006685011767704196
2025-06-06 17:30:00+00:00,598.2000122070312,600.1300048828125,598.2000122070312,599.5800170898438,6229814,6.396229438604777,0.002321005284453115
2025-06-06 18:30:00+00:00,599.5900268554688,600.6400146484375,599.1799926757812,599.3499755859375,7033030,6.395845693918875,-0.00038374468590252064
2025-06-06 19:30:00+00:00,599.3400268554688,599.8499755859375,598.9099731445312,599.0399780273438,9340638,6.39532833716939,-0.0005173567494844988
2025-06-09 13:30:00+00:00,599.719970703125,599.9849853515625,598.489990234375,599.7100219726562,10457164,6.396446241678408,0.0011179045090177198
2025-06-09 14:30:00+00:00,599.7100219726562,600.4000244140625,599.030029296875,599.2150268554688,6704932,6.395620510085267,-0.0008257315931405884
2025-06-09 15:30:00+00:00,599.219970703125,600.0150146484375,599.1900024414062,599.7899780273438,4409926,6.396579557317935,0.000959047232667487
2025-06-09 16:30:00+00:00,599.780029296875,601.1300048828125,599.780029296875,600.8300170898438,5118838,6.398312061069122,0.0017325037511870534
2025-06-09 17:30:00+00:00,600.8300170898438,601.25,600.5599975585938,601.0499877929688,3924493,6.398678105440752,0.00036604437163045844
2025-06-09 18:30:00+00:00,601.02001953125,601.219970703125,600.3300170898438,600.5399780273438,6602042,6.397829213870818,-0.0008488915699347288
2025-06-09 19:30:00+00:00,600.530029296875,600.739990234375,599.4199829101562,599.5499877929688,10816921,6.3961793534651195,-0.0016498604056982558
2025-06-10 13:30:00+00:00,600.219970703125,601.2698974609375,600.1599731445312,601.1900024414062,9148305,6.398911028401572,0.002731674936452322
2025-06-10 14:30:00+00:00,601.2000122070312,601.6199951171875,600.8800048828125,601.1749877929688,6353043,6.398886053209247,-2.4975192324916407e-05
2025-06-10 15:30:00+00:00,601.1599731445312,601.97998046875,599.0900268554688,601.8790893554688,8746728,6.400056576889381,0.001170523680134039
2025-06-10 16:30:00+00:00,601.8800048828125,602.6699829101562,601.719970703125,601.9099731445312,5359264,6.400107887854119,5.131096473842689e-05
2025-06-10 17:30:00+00:00,601.905029296875,602.0087280273438,600.1199951171875,600.9249877929688,7582386,6.39847011442099,-0.0016377734331296523
2025-06-10 18:30:00+00:00,600.9199829101562,603.469970703125,600.8499755859375,602.6320190429688,9707123,6.401306760105321,0.002836645684331174
2025-06-10 19:30:00+00:00,602.6300048828125,603.22998046875,601.6099853515625,603.030029296875,9853401,6.4019669953161955,0.0006602352108746601
2025-06-11 13:30:00+00:00,604.1900024414062,604.885009765625,602.25,604.7349853515625,14035912,6.404790321321751,0.002823326005555238
2025-06-11 14:30:00+00:00,604.739990234375,605.0599975585938,604.0999755859375,604.219970703125,6570940,6.403938321539604,-0.000851999782146784
2025-06-11 15:30:00+00:00,604.2100219726562,604.4400024414062,601.9600219726562,603.219970703125,8740495,6.402281924075274,-0.001656397464329551
2025-06-11 16:30:00+00:00,603.2100219726562,604.4299926757812,602.739990234375,604.3499755859375,6113938,6.404153459908241,0.001871535832966842
2025-06-11 17:30:00+00:00,604.3499755859375,604.4450073242188,599.27001953125,600.7100219726562,12850785,6.398112325540242,-0.006041134367999135
2025-06-11 18:30:00+00:00,600.72998046875,602.1599731445312,599.8599853515625,600.47998046875,10808731,6.397729302860648,-0.0003830226795944469
2025-06-11 19:30:00+00:00,600.469970703125,601.5900268554688,599.72998046875,601.4099731445312,10428465,6.399276853630316,0.0015475507696685042
2025-06-12 13:30:00+00:00,600.010009765625,602.6400146484375,599.52001953125,602.47998046875,12825573,6.401054437375008,0.0017775837446913911
2025-06-12 14:30:00+00:00,602.489990234375,603.6199951171875,601.5399780273438,602.4500122070312,10733664,6.4010046946316,-4.974274340785456e-05
2025-06-12 15:30:00+00:00,602.4500122070312,603.3200073242188,601.739990234375,603.0045776367188,7522959,6.401924788135715,0.0009200935041153713
2025-06-12 16:30:00+00:00,602.989990234375,603.4199829101562,602.1500244140625,602.97998046875,6264092,6.401883996290071,-4.079184564442784e-05
2025-06-12 17:30:00+00:00,603.25,603.5604248046875,602.4199829101562,602.8099975585938,5371261,6.401602051814863,-0.00028194447520757393
2025-06-12 18:30:00+00:00,602.8400268554688,603.5700073242188,602.4600219726562,603.2946166992188,6710873,6.402405662315936,0.0008036105010731376
2025-06-12 19:30:00+00:00,603.280029296875,603.719970703125,602.3900146484375,603.6799926757812,9047936,6.403044244083382,0.0006385817674461336
2025-06-13 13:30:00+00:00,598.5,600.3699951171875,596.6300048828125,596.77001953125,17134140,6.391531812257823,-0.011512431825559055
2025-06-13 14:30:00+00:00,596.77001953125,600.6699829101562,596.6500244140625,600.5800170898438,9646295,6.3978958834170365,0.006364071159213225
2025-06-13 15:30:00+00:00,600.5700073242188,601.8499755859375,600.2919921875,600.8800048828125,7046697,6.398395255503859,0.0004993720868222695
2025-06-13 16:30:00+00:00,600.8900146484375,601.489990234375,599.1699829101562,599.530029296875,6777015,6.396146063783345,-0.0022491917205140766
2025-06-13 17:30:00+00:00,599.52001953125,600.2899780273438,597.0,597.1099853515625,10577993,6.392101326493946,-0.004044737289398803
2025-06-13 18:30:00+00:00,597.0999755859375,597.6849975585938,595.5900268554688,596.2692260742188,15561117,6.3906922866709,-0.0014090398230459655
2025-06-13 19:30:00+00:00,596.280029296875,597.25,595.47998046875,596.9400024414062,15491115,6.391816609919192,0.0011243232482920362
2025-06-16 13:30:00+00:00,600.4000244140625,604.1900024414062,600.219970703125,604.0700073242188,18161139,6.403690097384139,0.011873487464947097
2025-06-16 14:30:00+00:00,604.0700073242188,604.4500122070312,603.27001953125,603.3779907226562,9410613,6.40254385062494,-0.0011462467591991654
2025-06-16 15:30:00+00:00,603.3800048828125,603.8400268554688,602.77001953125,603.02001953125,6296835,6.401950396062068,-0.0005934545628720755
2025-06-16 16:30:00+00:00,603.02001953125,603.5599975585938,602.330078125,603.3800048828125,6573254,6.402547188759286,0.0005967926972179072
2025-06-16 17:30:00+00:00,603.3900146484375,603.7100219726562,602.1300048828125,602.5599975585938,6399772,6.401187241417064,-0.0013599473422214459
2025-06-16 18:30:00+00:00,602.5700073242188,602.77001953125,601.6400146484375,602.0499877929688,10621780,6.400340478062451,-0.0008467633546134223
2025-06-16 19:30:00+00:00,602.0399780273438,602.7999877929688,601.7899780273438,602.7000122070312,11076904,6.401419580742908,0.001079102680456856
2025-06-17 13:30:00+00:00,600.2100219726562,601.6400146484375,599.1799926757812,601.1699829101562,13493297,6.398877728006523,-0.00254185273638452
2025-06-17 14:30:00+00:00,601.260009765625,601.75,600.3699951171875,600.469970703125,6974688,6.397712633114144,-0.0011650948923795923
2025-06-17 15:30:00+00:00,600.469970703125,601.580078125,600.219970703125,601.1500244140625,6035893,6.398844528033181,0.001131894919037535
2025-06-17 16:30:00+00:00,601.1500244140625,601.5900268554688,598.989990234375,599.0,9437998,6.395261598115449,-0.003582929917731903
2025-06-17 17:30:00+00:00,598.989990234375,599.9000244140625,596.9600219726562,597.3900146484375,12679985,6.392570190959421,-0.002691407156028447
2025-06-17 18:30:00+00:00,597.6799926757812,598.3699951171875,596.760009765625,598.25,10031103,6.394008726788483,0.0014385358290622818
2025-06-17 19:30:00+00:00,598.239990234375,598.6099853515625,597.2899780273438,597.5700073242188,11136693,6.392871444011963,-0.0011372827765203652
2025-06-18 13:30:00+00:00,598.4400024414062,601.0399780273438,597.3599853515625,600.7708129882812,12163036,6.398213519023996,0.0053420750120336535
2025-06-18 14:30:00+00:00,600.780029296875,601.219970703125,599.89501953125,600.0999755859375,5947737,6.3970962673121425,-0.0011172517118538394
2025-06-18 15:30:00+00:00,600.1300048828125,600.52001953125,599.4000244140625,599.4949951171875,5447072,6.396087626004343,-0.0010086413077994294
2025-06-18 16:30:00+00:00,599.489990234375,600.1099853515625,598.8200073242188,598.875,4167381,6.395052895203286,-0.0010347308010567602
2025-06-18 17:30:00+00:00,598.8800048828125,601.0,598.0399780273438,599.3400268554688,8582643,6.395829094580516,0.0007761993772295028
2025-06-18 18:30:00+00:00,599.3499755859375,600.8699951171875,596.469970703125,596.9199829101562,18699578,6.391783072433227,-0.004046022147289108
2025-06-18 19:30:00+00:00,596.8900146484375,598.7949829101562,596.6300048828125,597.4600219726562,10025894,6.3926873727347955,0.000904300301568739
2025-06-20 13:30:00+00:00,598.3800048828125,599.4600219726562,595.3112182617188,596.1500244140625,17658206,6.390492354205025,-0.0021950185297701097
2025-06-20 14:30:00+00:00,596.1599731445312,596.6099853515625,593.5599975585938,595.280029296875,11568481,6.38903193230429,-0.0014604219007354757
2025-06-20 15:30:00+00:00,595.4500122070312,596.3699951171875,594.2249755859375,594.9299926757812,15406731,6.388443739254789,-0.0005881930495013066
2025-06-20 16:30:00+00:00,594.9199829101562,595.969970703125,593.5399780273438,593.5549926757812,7724499,6.386129868014636,-0.0023138712401529204
2025-06-20 17:30:00+00:00,593.5449829101562,595.3499755859375,592.8599853515625,594.8800048828125,7372133,6.388359712741142,0.002229844726506336
2025-06-20 18:30:00+00:00,594.8800048828125,595.2249755859375,593.239990234375,593.469970703125,7776578,6.3859866158077745,-0.0023730969333675134
2025-06-20 19:30:00+00:00,593.4600219726562,594.969970703125,593.25,594.219970703125,13400392,6.387249571859761,0.0012629560519865635
2025-06-23 13:30:00+00:00,595.0399780273438,598.2899780273438,593.5999755859375,597.5399780273438,14787014,6.3928211903997445,0.005571618539983447
2025-06-23 14:30:00+00:00,597.5499877929688,597.77001953125,596.510986328125,596.5800170898438,7855612,6.391213376866394,-0.0016078135333508214
2025-06-23 15:30:00+00:00,596.3200073242188,596.72998046875,594.1599731445312,594.3099975585938,7243441,6.387401064641677,-0.003812312224717118
2025-06-23 16:30:00+00:00,594.280029296875,598.0,591.8900146484375,597.7100219726562,19485426,6.393105723253055,0.005704658611378477
2025-06-23 17:30:00+00:00,597.75,599.3400268554688,597.7150268554688,598.3599853515625,10588270,6.394192555025283,0.001086831772227903
2025-06-23 18:30:00+00:00,598.3699951171875,599.4400024414062,597.989990234375,599.239990234375,8572156,6.395662169352497,0.0014696143272141526
2025-06-23 19:30:00+00:00,599.2349853515625,600.5399780273438,598.9199829101562,600.1199951171875,10778374,6.397129627082419,0.0014674577299222946
2025-06-24 13:30:00+00:00,604.3300170898438,605.4099731445312,603.4099731445312,604.5999145507812,15433265,6.404566941013527,0.007437313931107248
2025-06-24 14:30:00+00:00,604.5999755859375,605.760009765625,604.530029296875,605.7550048828125,7409081,6.406475621953567,0.0019086809400405969
2025-06-24 15:30:00+00:00,605.760009765625,606.594970703125,605.655029296875,606.4920043945312,5196714,6.407691545105996,0.0012159231524284664
2025-06-24 16:30:00+00:00,606.5,607.1749877929688,606.2999877929688,606.3300170898438,6483373,6.407424420494501,-0.00026712461149447364
2025-06-24 17:30:00+00:00,606.3400268554688,607.4600219726562,606.3300170898438,607.0,5559384,6.408528791059498,0.0011043705649971258
2025-06-24 18:30:00+00:00,607.02001953125,607.6900024414062,606.8699951171875,607.5050048828125,8221594,6.409360413670994,0.0008316226114954972
2025-06-24 19:30:00+00:00,607.510009765625,607.8499145507812,606.75,606.760009765625,12175990,6.408133341818179,-0.0012270718528144542
2025-06-25 13:30:00+00:00,607.9099731445312,608.6099853515625,607.3099975585938,607.6900024414062,13588724,6.409664887535531,0.001531545717351257
2025-06-25 14:30:00+00:00,607.7000122070312,608.4099731445312,606.8599853515625,607.1799926757812,8334837,6.4088252753998525,-0.0008396121356781805
2025-06-25 15:30:00+00:00,607.0399780273438,607.27001953125,606.6400146484375,606.9749755859375,6027020,6.408487563827357,-0.0003377115724951807
2025-06-25 16:30:00+00:00,606.97998046875,607.1400146484375,606.260009765625,607.02001953125,5397529,6.408561771621482,7.420779412470324e-05
2025-06-25 17:30:00+00:00,607.0150146484375,607.0800170898438,605.5399780273438,606.3798828125,8154106,6.407506658996369,-0.0010551126251128196
2025-06-25 18:30:00+00:00,606.3800048828125,607.3699951171875,606.0599975585938,606.9948120117188,5456929,6.408520244090055,0.001013585093685876
2025-06-25 19:30:00+00:00,606.989990234375,607.2000122070312,606.3699951171875,607.0800170898438,9705532,6.408660606242737,0.00014036215268209418
2025-06-26 13:30:00+00:00,608.989990234375,609.97998046875,608.3699951171875,609.9450073242188,15432350,6.413368801175918,0.004708194933180643
2025-06-26 14:30:00+00:00,609.9299926757812,610.864990234375,609.9199829101562,610.0900268554688,8261383,6.413606531286726,0.00023773011080852058
2025-06-26 15:30:00+00:00,610.0700073242188,611.1282958984375,609.8300170898438,610.8800048828125,6549698,6.414900548530462,0.001294017243735901
2025-06-26 16:30:00+00:00,610.9000244140625,611.280029296875,610.6400146484375,611.1900024414062,6565293,6.415407880456432,0.0005073319259700781
2025-06-26 17:30:00+00:00,611.2000122070312,612.1199951171875,611.1500244140625,611.719970703125,9265463,6.416274613587299,0.0008667331308664927
2025-06-26 18:30:00+00:00,611.72998046875,611.9149780273438,611.094970703125,611.6400146484375,8019970,6.416143898089394,-0.00013071549790488746
2025-06-26 19:30:00+00:00,611.6300048828125,612.3099975585938,611.22998046875,611.8800048828125,15250890,6.416536192835081,0.0003922947456871384
2025-06-27 13:30:00+00:00,612.8800048828125,615.5,612.7000122070312,614.905029296875,12936118,6.4214678319743985,0.00493163913931749
2025-06-27 14:30:00+00:00,614.9099731445312,615.5499877929688,614.5999755859375,615.3400268554688,8663080,6.422175004215484,0.0007071722410856296
2025-06-27 15:30:00+00:00,615.3400268554688,616.3499755859375,615.3001098632812,616.3150024414062,8271641,6.423758200429351,0.0015831962138666
2025-06-27 16:30:00+00:00,616.3150024414062,616.3900146484375,615.260009765625,615.3900146484375,5308859,6.422256236965658,-0.0015019634636930235
2025-06-27 17:30:00+00:00,615.4000244140625,615.5800170898438,612.3300170898438,612.3300170898438,11505972,6.417271380783593,-0.004984856182065123
2025-06-27 18:30:00+00:00,612.3400268554688,612.7100219726562,610.8300170898438,612.385009765625,16683605,6.417361185635517,8.980485192466858e-05
2025-06-27 19:30:00+00:00,612.3800048828125,615.1400146484375,612.3800048828125,614.8499755859375,16225838,6.421378295911108,0.004017110275590596
2025-06-30 13:30:00+00:00,617.3800048828125,617.489990234375,615.9299926757812,616.7000122070312,13320297,6.424382701791563,0.003004405880455252
2025-06-30 14:30:00+00:00,616.7000122070312,616.7750244140625,615.68798828125,616.2050170898438,9673361,6.423579728112291,-0.0008029736792725117
2025-06-30 15:30:00+00:00,616.2100219726562,616.9249877929688,616.0999755859375,616.255126953125,5551532,6.423661044921683,8.131680939271746e-05
2025-06-30 16:30:00+00:00,616.239990234375,617.1300048828125,616.1950073242188,616.5150146484375,6222940,6.424082676968717,0.00042163204703360435
2025-06-30 17:30:00+00:00,616.4050903320312,616.6400146484375,615.0399780273438,616.0449829101562,9444840,6.423319985072181,-0.00076269189653555
2025-06-30 18:30:00+00:00,615.9299926757812,618.25,615.3200073242188,617.9000244140625,13571883,6.426326671578282,0.0030066865061009196
2025-06-30 19:30:00+00:00,617.9000244140625,619.219970703125,617.4000244140625,617.9000244140625,21415473,6.426326671578282,0.0
2025-07-01 13:30:00+00:00,616.3599853515625,618.0650024414062,616.2550048828125,617.1199951171875,12323253,6.42506348654766,-0.0012631850306226156
2025-07-01 14:30:00+00:00,617.0999755859375,617.6099853515625,615.52001953125,617.280029296875,11591634,6.425322777178605,0.00025929063094487503
2025-07-01 15:30:00+00:00,617.27001953125,618.0999755859375,616.0800170898438,617.3200073242188,7723008,6.425387539897172,6.476271856747928e-05
2025-07-01 16:30:00+00:00,617.3200073242188,618.2598876953125,617.0,618.0750122070312,6132062,6.426609829067638,0.0012222891704656291
2025-07-01 17:30:00+00:00,618.0800170898438,618.8300170898438,617.760009765625,618.010009765625,6367716,6.426504654358276,-0.00010517470936211026
2025-07-01 18:30:00+00:00,618.010009765625,618.510009765625,616.7000122070312,618.364990234375,9843151,6.4270788822074385,0.0005742278491629449
2025-07-01 19:30:00+00:00,618.364990234375,618.719970703125,617.4299926757812,617.5599975585938,10313522,6.425776225820416,-0.0013026563870228713
2025-07-02 13:30:00+00:00,617.239990234375,618.719970703125,616.6099853515625,618.5999755859375,11824245,6.42745882078433,0.001682594963914319
2025-07-02 14:30:00+00:00,618.5999755859375,619.1649780273438,618.2000122070312,618.7899780273438,8718458,6.427765922748985,0.0003071019646547768
2025-07-02 15:30:00+00:00,618.7899780273438,619.4550170898438,618.739990234375,619.155029296875,5896295,6.428355692533511,0.0005897697845265171
2025-07-02 16:30:00+00:00,619.1599731445312,619.6749877929688,619.0,619.47998046875,7640261,6.4288803849195135,0.000524692386002279
2025-07-02 17:30:00+00:00,619.469970703125,619.719970703125,619.22998046875,619.5900268554688,6646497,6.429058012311603,0.00017762739208926348
2025-07-02 18:30:00+00:00,619.5800170898438,620.1699829101562,619.5750122070312,619.760009765625,7702106,6.429332322080755,0.0002743097691517704
2025-07-02 19:30:00+00:00,619.75,620.47998046875,619.6099853515625,620.3699951171875,10199323,6.430316066362973,0.0009837442822187015
2025-07-03 13:30:00+00:00,622.4500122070312,625.1099853515625,622.4299926757812,625.0,16305435,6.437751649736401,0.007435583373427868
2025-07-03 14:30:00+00:00,625.0,625.7849731445312,624.7899780273438,625.4199829101562,9078995,6.438423396720117,0.0006717469837163037
2025-07-03 15:30:00+00:00,625.4199829101562,626.0800170898438,625.3599853515625,625.7349853515625,9030686,6.43892693538008,0.0005035386599629987
2025-07-07 13:30:00+00:00,623.3599853515625,624.030029296875,622.530029296875,623.0399780273438,9405919,6.4346106869169875,-0.004316248463092975
2025-07-07 14:30:00+00:00,623.0399780273438,623.10498046875,621.5599975585938,622.0700073242188,6848812,6.433052638373879,-0.0015580485431083702
2025-07-07 15:30:00+00:00,622.0599975585938,622.2899780273438,619.2410278320312,620.5750122070312,11523043,6.430646487276872,-0.0024061510970074806
2025-07-07 16:30:00+00:00,620.72998046875,621.2349853515625,619.47998046875,620.1900024414062,7769168,6.430025886641881,-0.0006206006349902538
2025-07-07 17:30:00+00:00,620.1599731445312,621.4099731445312,617.8800048828125,617.989990234375,10860567,6.426472260294762,-0.0035536263471191987
2025-07-07 18:30:00+00:00,617.989990234375,620.3900146484375,617.8699951171875,619.4600219726562,9725327,6.428848166255081,0.0023759059603190025
2025-07-07 19:30:00+00:00,619.469970703125,621.0,619.4000244140625,620.780029296875,12109392,6.430976799048851,0.00212863279377018
2025-07-08 13:30:00+00:00,621.3499755859375,621.6649780273438,619.6420288085938,620.010009765625,9714781,6.429735622692077,-0.0012411763567738987
2025-07-08 14:30:00+00:00,620.0250244140625,621.4949951171875,619.52001953125,619.9639892578125,9045203,6.429661394510084,-7.422818199387393e-05
2025-07-08 15:30:00+00:00,619.97998046875,622.1099853515625,619.97998046875,621.875,7132153,6.432739107912857,0.0030777134027735187
2025-07-08 16:30:00+00:00,621.8900146484375,622.0499877929688,619.8400268554688,620.8350219726562,8696528,6.431065381537862,-0.001673726374995077
2025-07-08 17:30:00+00:00,620.8300170898438,621.3099975585938,620.2000122070312,620.6500244140625,5414201,6.4307673552982365,-0.0002980262396254929
2025-07-08 18:30:00+00:00,620.6599731445312,620.9249877929688,620.0900268554688,620.510009765625,6119689,6.430541736288317,-0.00022561900991924233
2025-07-08 19:30:00+00:00,620.510009765625,620.8099975585938,619.989990234375,620.3099975585938,9674035,6.430219349145005,-0.0003223871433126746
2025-07-09 13:30:00+00:00,622.9099731445312,624.719970703125,622.6500244140625,623.3699951171875,11507049,6.43514023514697,0.0049208860019653855
2025-07-09 14:30:00+00:00,622.8800048828125,623.3800048828125,620.9105224609375,622.10498046875,12238638,6.433108857386291,-0.002031377760679298
2025-07-09 15:30:00+00:00,622.0999755859375,622.5399780273438,621.3099975585938,621.7899780273438,6843515,6.432602379815997,-0.0005064775702940949
2025-07-09 16:30:00+00:00,621.7999877929688,622.6749877929688,621.6199951171875,622.322021484375,5325341,6.4334576781969695,0.0008552983809728687
2025-07-09 17:30:00+00:00,622.3200073242188,623.3090209960938,622.0599975585938,622.8499755859375,6764656,6.434305680134762,0.000848001937792553
2025-07-09 18:30:00+00:00,622.8599853515625,623.77001953125,622.8200073242188,623.5999755859375,7703630,6.435509098033425,0.0012034178986626287
2025-07-09 19:30:00+00:00,623.5900268554688,624.2100219726562,623.4099731445312,623.989990234375,9243138,6.436134326949699,0.0006252289162747005
2025-07-10 13:30:00+00:00,624.2000122070312,624.4180908203125,623.010009765625,623.7348022460938,12432517,6.4357252816323705,-0.00040904531732888216
2025-07-10 14:30:00+00:00,623.77001953125,625.5750122070312,623.7448120117188,625.52001953125,8535858,6.4385833350402795,0.0028580534079090114
2025-07-10 15:30:00+00:00,625.52001953125,625.7849731445312,625.0250244140625,625.5700073242188,5226207,6.438663245825151,7.991078487190606e-05
2025-07-10 16:30:00+00:00,625.5700073242188,626.22998046875,625.239990234375,626.0999755859375,4585228,6.439510063757393,0.000846817932242061
2025-07-10 17:30:00+00:00,626.0900268554688,626.8701171875,626.0800170898438,626.5900268554688,5790984,6.440292462105867,0.0007823983484733787
2025-07-10 18:30:00+00:00,626.5900268554688,626.6699829101562,626.0900268554688,626.2050170898438,6646470,6.439677820820995,-0.0006146412848719862
2025-07-10 19:30:00+00:00,626.2000122070312,626.6749877929688,625.2100219726562,625.8300170898438,9553611,6.43907879603179,-0.0005990247892047051
2025-07-11 13:30:00+00:00,622.739990234375,624.260009765625,621.530029296875,624.0050048828125,11912869,6.436158388982795,-0.0029204070489949885
2025-07-11 14:30:00+00:00,624.0,624.3699951171875,622.7100219726562,623.3900146484375,7390716,6.435172349637481,-0.0009860393453138272
2025-07-11 15:30:00+00:00,623.5399780273438,624.6400146484375,623.1500244140625,623.9450073242188,8419054,6.436062235197703,0.000889885560221515
2025-07-11 16:30:00+00:00,623.9500122070312,624.5800170898438,623.5599975585938,624.4500122070312,5136029,6.436871281857546,0.0008090466598433821
2025-07-11 17:30:00+00:00,624.4500122070312,624.7000122070312,623.75,624.2650146484375,6143243,6.4365749811708906,-0.00029630068665564835
2025-07-11 18:30:00+00:00,624.2650146484375,624.8599853515625,623.1300048828125,624.4450073242188,9627611,6.436863266960002,0.00028828578911177516
2025-07-11 19:30:00+00:00,624.4500122070312,624.5800170898438,623.469970703125,623.6099853515625,10303202,6.435525149485768,-0.0013381174742344015
2025-07-14 13:30:00+00:00,623.1599731445312,623.7100219726562,621.7999267578125,622.6915283203125,12127897,6.43405125703287,-0.0014738924528980846
2025-07-14 14:30:00+00:00,622.6799926757812,624.1400146484375,622.3699951171875,624.1300048828125,7415970,6.436358687827775,0.002307430794905585
2025-07-14 15:30:00+00:00,624.1300048828125,624.3900146484375,623.77001953125,623.885009765625,5156203,6.4359660721661704,-0.00039261566160497807
2025-07-14 16:30:00+00:00,623.8699951171875,624.969970703125,623.6300048828125,624.7000122070312,4813082,6.437271554040153,0.0013054818739828278
2025-07-14 17:30:00+00:00,624.7100219726562,625.0,624.4249877929688,624.9500122070312,4168700,6.437671666069043,0.00040011202889012054
2025-07-14 18:30:00+00:00,624.9600219726562,625.1580810546875,624.4600219726562,624.72998046875,6118559,6.437319525134012,-0.0003521409350311089
2025-07-14 19:30:00+00:00,624.72998046875,624.989990234375,624.2999877929688,624.719970703125,8079247,6.437303502458409,-1.602267560318893e-05
2025-07-15 13:30:00+00:00,627.52001953125,627.8599853515625,625.260009765625,625.47998046875,13736533,6.438519323749291,0.0012158212908817134
2025-07-15 14:30:00+00:00,625.489990234375,625.5800170898438,623.7999877929688,625.1007080078125,11730373,6.437912769568404,-0.0006065541808863983
2025-07-15 15:30:00+00:00,625.1199951171875,625.3900146484375,624.010009765625,624.2747802734375,6900639,6.4365906244448015,-0.001322145123602958
2025-07-15 16:30:00+00:00,624.27001953125,624.5750122070312,622.9500122070312,623.8599853515625,8131280,6.435925960742501,-0.0006646637023006718
2025-07-15 17:30:00+00:00,623.8499755859375,624.8699951171875,623.8499755859375,624.5999755859375,6158806,6.437111405761462,0.0011854450189607846
2025-07-15 18:30:00+00:00,624.5999755859375,624.8300170898438,623.0150146484375,623.2899780273438,10091716,6.435011864794705,-0.0020995409667561304
2025-07-15 19:30:00+00:00,623.3099975585938,623.7999877929688,622.0800170898438,622.1099853515625,11156036,6.43311690243148,-0.0018949623632256163
2025-07-16 13:30:00+00:00,623.739990234375,624.1199951171875,621.6799926757812,622.489990234375,11966558,6.4337275482648,0.0006106458333201559
2025-07-16 14:30:00+00:00,622.489990234375,623.3699951171875,619.4600219726562,621.3150024414062,22967144,6.4318382036337525,-0.001889344631047507
2025-07-16 15:30:00+00:00,621.3499755859375,622.5399780273438,618.0499877929688,621.6699829101562,22578860,6.432409377835508,0.0005711742017551202
2025-07-16 16:30:00+00:00,621.6749877929688,623.7899780273438,621.1400146484375,623.0999755859375,6693618,6.4347069803685635,0.002297602533055887
2025-07-16 17:30:00+00:00,623.0999755859375,623.4600830078125,622.719970703125,623.3499755859375,4760317,6.435108119625085,0.00040113925652196514
2025-07-16 18:30:00+00:00,623.344970703125,624.52001953125,623.344970703125,624.1400756835938,7135465,6.436374823439673,0.0012667038145872667
2025-07-16 19:30:00+00:00,624.1400146484375,624.72998046875,623.885009765625,624.1799926757812,8101270,6.436438776576714,6.395313704121719e-05
2025-07-17 13:30:00+00:00,624.4000244140625,626.22998046875,624.1799926757812,625.4600219726562,11472330,6.438487414151617,0.002048637574903367
2025-07-17 14:30:00+00:00,625.4600219726562,626.719970703125,625.010009765625,626.6699829101562,8427546,6.440420059019792,0.0019326448681749042
2025-07-17 15:30:00+00:00,626.6712036132812,627.510009765625,626.5599975585938,626.8499755859375,6685673,6.440707238614817,0.00028717959502522206
2025-07-17 16:30:00+00:00,626.8400268554688,627.0980224609375,626.5250244140625,627.0250244140625,6103443,6.440986451182677,0.00027921256785923276
2025-07-17 17:30:00+00:00,627.030029296875,627.8800048828125,626.97998046875,627.8322143554688,6810285,6.442272956177506,0.0012865049948294072
2025-07-17 18:30:00+00:00,627.8400268554688,628.40478515625,627.64501953125,627.97998046875,7216989,6.442508287725603,0.0002353315480965179
2025-07-17 19:30:00+00:00,627.969970703125,628.3200073242188,627.6500244140625,627.97998046875,14598908,6.442508287725603,0.0
2025-07-18 13:30:00+00:00,628.75,629.3499755859375,627.239990234375,627.3699951171875,14355767,6.44153647044527,-0.0009718172803330205
2025-07-18 14:30:00+00:00,627.4000244140625,627.9099731445312,626.9099731445312,627.60498046875,11133429,6.441910956564723,0.00037448611945301025
2025-07-18 15:30:00+00:00,627.6199951171875,628.1699829101562,626.5399780273438,626.9600219726562,7045686,6.440882777790954,-0.0010281787737689285
2025-07-18 16:30:00+00:00,626.97998046875,627.385009765625,626.4600219726562,626.9400024414062,5704897,6.440850846168237,-3.193162271664107e-05
2025-07-18 17:30:00+00:00,626.9400024414062,627.530029296875,626.6599731445312,627.114990234375,4183073,6.441129921320645,0.0002790751524077706
2025-07-18 18:30:00+00:00,627.1099853515625,627.5999755859375,627.02001953125,627.3900146484375,5054812,6.441568380182743,0.0004384588620984786
2025-07-18 19:30:00+00:00,627.375,627.760009765625,627.010009765625,627.5900268554688,7725900,6.441887129807613,0.0003187496248697741
2025-07-21 13:30:00+00:00,628.77001953125,631.3300170898438,628.6799926757812,631.25,11940189,6.44770198058957,0.005814850781956871
2025-07-21 14:30:00+00:00,631.25,631.3900146484375,630.6400146484375,631.268798828125,6696004,6.447731760467927,2.9779878357061307e-05
2025-07-21 15:30:00+00:00,631.27001953125,631.5399780273438,630.5349731445312,630.77001953125,5926978,6.446941326266398,-0.0007904342015292443
2025-07-21 16:30:00+00:00,630.7752075195312,631.489990234375,630.7249755859375,631.39501953125,4180603,6.447931688115666,0.000990361849268595
2025-07-21 17:30:00+00:00,631.3900146484375,631.52001953125,631.0399780273438,631.1917724609375,4545996,6.447609734689007,-0.00032195342665897186
2025-07-21 18:30:00+00:00,631.2000122070312,631.2000122070312,629.1099853515625,629.4500122070312,10841234,6.4448464416054385,-0.0027632930835688185
2025-07-21 19:30:00+00:00,629.4500122070312,629.6799926757812,628.3400268554688,628.72998046875,12654906,6.443701880698291,-0.0011445609071474294
2025-07-22 13:30:00+00:00,629.0999755859375,629.1900024414062,626.1900024414062,627.0900268554688,14434422,6.441090113827341,-0.002611766870949772
2025-07-22 14:30:00+00:00,627.0800170898438,628.114990234375,626.9721069335938,627.6400146484375,6721517,6.4419667770297835,0.0008766632024421739
2025-07-22 15:30:00+00:00,627.6400146484375,628.125,627.0399780273438,627.239990234375,5933245,6.441329226943631,-0.0006375500861528494
2025-07-22 16:30:00+00:00,627.25,629.219970703125,627.0700073242188,629.0499877929688,5321387,6.444210725391637,0.0028814984480067807
2025-07-22 17:30:00+00:00,629.0499877929688,629.1799926757812,627.52001953125,628.4249877929688,6421876,6.443216669742657,-0.00099405564898003
2025-07-22 18:30:00+00:00,628.4199829101562,629.530029296875,628.3699951171875,629.2000122070312,7458920,6.444449190584999,0.0012325208423416
2025-07-22 19:30:00+00:00,629.1900024414062,629.72998046875,628.75,628.8300170898438,8957431,6.443860977077787,-0.0005882135072123873
2025-07-23 13:30:00+00:00,631.5499877929688,631.6199951171875,629.72998046875,630.73876953125,11930032,6.446891782418147,0.0030308053403604873
2025-07-23 14:30:00+00:00,630.7352294921875,630.9249877929688,630.0900268554688,630.8250122070312,6193455,6.44702850586751,0.00013672344936299652
2025-07-23 15:30:00+00:00,630.8200073242188,632.7899780273438,630.469970703125,631.6900024414062,9429235,6.448398771345042,0.001370265477532051
2025-07-23 16:30:00+00:00,631.6799926757812,632.1950073242188,631.3494873046875,632.0999755859375,8404152,6.449047570854518,0.000648799509475495
2025-07-23 17:30:00+00:00,632.1099853515625,633.6500244140625,631.7899780273438,633.2349853515625,9748596,6.450841578141252,0.0017940072867341783
2025-07-23 18:30:00+00:00,633.2349853515625,633.47998046875,632.9550170898438,633.3599853515625,7431353,6.45103895773504,0.00019737959378840486
2025-07-23 19:30:00+00:00,633.3599853515625,634.1599731445312,632.9400024414062,634.1599731445312,10283392,6.452301246180803,0.0012622884457629269
2025-07-24 13:30:00+00:00,634.5999755859375,635.3900146484375,633.989990234375,634.8200073242188,12862862,6.453341505679561,0.0010402594987581892
2025-07-24 14:30:00+00:00,634.8200073242188,635.8900146484375,634.72998046875,635.5250244140625,7091351,6.454451467374396,0.0011099616948344604
2025-07-24 15:30:00+00:00,635.5250244140625,635.72998046875,634.280029296875,634.5650024414062,6659179,6.4529397286233,-0.0015117387510956704
2025-07-24 16:30:00+00:00,634.5700073242188,635.97998046875,634.4500122070312,635.3800048828125,6391273,6.454223252789456,0.0012835241661557362
2025-07-24 17:30:00+00:00,635.3800048828125,636.1500244140625,635.125,635.780029296875,8024878,6.454852637629306,0.0006293848398497559
2025-07-24 18:30:00+00:00,635.7849731445312,635.9299926757812,634.6900024414062,635.4718017578125,8969049,6.454367717902823,-0.0004849197264826799
2025-07-24 19:30:00+00:00,635.4749755859375,635.5750122070312,634.25,634.4500122070312,15010238,6.4527585010832595,-0.001609216819563386
2025-07-25 13:30:00+00:00,635.0900268554688,635.6099853515625,634.8400268554688,635.469970703125,9407069,6.454364836488856,0.001606335405596404
2025-07-25 14:30:00+00:00,635.469970703125,636.1300048828125,635.2899780273438,636.02001953125,5993959,6.455230040095117,0.0008652036062608559
2025-07-25 15:30:00+00:00,636.02001953125,636.9299926757812,635.6099853515625,636.760009765625,6686141,6.456392833823365,0.0011627937282483458
2025-07-25 16:30:00+00:00,636.760009765625,637.1300048828125,636.5999755859375,637.0452270507812,6436824,6.456840653131496,0.00044781930813098114
2025-07-25 17:30:00+00:00,637.0499877929688,637.530029296875,636.969970703125,637.3300170898438,5122697,6.457287601618785,0.0004469484872888785
2025-07-25 18:30:00+00:00,637.3300170898438,637.5798950195312,637.1749877929688,637.3400268554688,5294461,6.457303307276375,1.5705657589570876e-05
2025-07-25 19:30:00+00:00,637.3300170898438,637.489990234375,636.625,637.030029296875,11606754,6.456816796214362,-0.00048651106201269556
2025-07-28 13:30:00+00:00,637.47998046875,638.0399780273438,637.0800170898438,637.7349853515625,12608320,6.457922813587681,0.001106017373318835
2025-07-28 14:30:00+00:00,637.739990234375,637.89990234375,636.3300170898438,637.0700073242188,7029218,6.456879551141303,-0.0010432624463776463
2025-07-28 15:30:00+00:00,637.0700073242188,637.6500244140625,636.97998046875,637.4000244140625,3958235,6.4573974402858125,0.0005178891445094536
2025-07-28 16:30:00+00:00,637.39501953125,637.4099731445312,636.1599731445312,636.3200073242188,4788861,6.455701592969656,-0.0016958473161565735
2025-07-28 17:30:00+00:00,636.3099975585938,636.760009765625,635.5399780273438,636.030029296875,6173527,6.4552457781010775,-0.00045581486857848574
2025-07-28 18:30:00+00:00,636.0399780273438,636.2899780273438,635.6900024414062,636.0399780273438,6089625,6.455261419898167,1.5641797089571696e-05
2025-07-28 19:30:00+00:00,636.0499877929688,637.02001953125,635.8200073242188,636.8900146484375,9077255,6.456596979202035,0.0013355593038681945
2025-07-29 13:30:00+00:00,638.3499755859375,638.6699829101562,637.239990234375,637.760009765625,10175675,6.457962052336812,0.0013650731347771838
2025-07-29 14:30:00+00:00,637.760009765625,637.8599853515625,635.1799926757812,635.2899780273438,8973013,6.454081552966795,-0.0038804993700169987
2025-07-29 15:30:00+00:00,635.2899780273438,636.2100219726562,634.6900024414062,635.6599731445312,7394149,6.4546637869521675,0.0005822339853720493
2025-07-29 16:30:00+00:00,635.6619873046875,636.5599975585938,635.0999755859375,636.1799926757812,5465489,6.4554815306529525,0.000817743700785023
2025-07-29 17:30:00+00:00,636.1749877929688,636.3900146484375,634.9400024414062,635.3200073242188,6248279,6.454128820495347,-0.001352710157605408
2025-07-29 18:30:00+00:00,635.3150024414062,635.8599853515625,635.030029296875,635.0599975585938,6204643,6.45371947877357,-0.0004093417217774231
2025-07-29 19:30:00+00:00,635.0700073242188,635.4000244140625,634.3350219726562,635.219970703125,11693522,6.453971349462511,0.0002518706889409472
2025-07-30 13:30:00+00:00,635.9199829101562,636.6649780273438,635.2899780273438,636.3300170898438,9553683,6.455717323556122,0.0017459740936116575
2025-07-30 14:30:00+00:00,636.3200073242188,636.8200073242188,635.0,635.3150024414062,6908666,6.454120942729075,-0.0015963808270473834
2025-07-30 15:30:00+00:00,635.3200073242188,636.719970703125,635.0900268554688,636.5700073242188,5028064,6.456094399889873,0.001973457160798553
2025-07-30 16:30:00+00:00,636.5800170898438,636.6599731445312,636.14501953125,636.2100219726562,3361418,6.455528732055879,-0.0005656678339942545
2025-07-30 17:30:00+00:00,636.219970703125,637.1099853515625,636.010009765625,636.77001953125,6602865,6.45640855354005,0.0008798214841707619
2025-07-30 18:30:00+00:00,636.77001953125,637.6799926757812,631.5399780273438,632.0892944335938,23765491,6.449030672827305,-0.007377880712745366
2025-07-30 19:30:00+00:00,632.0900268554688,634.635009765625,631.6099853515625,634.5,14767858,6.452837287154442,0.0038066143271375807
2025-07-31 13:30:00+00:00,639.4550170898438,639.8499755859375,637.6900024414062,638.8200073242188,18845004,6.4596227360198,0.006785448865358035
2025-07-31 14:30:00+00:00,638.8099975585938,639.1400146484375,635.0599975585938,636.1900024414062,11944043,6.455497264701482,-0.004125471318317864
2025-07-31 15:30:00+00:00,636.1900024414062,638.22998046875,636.1099853515625,638.0800170898438,6674444,6.458463694116649,0.0029664294151663384
2025-07-31 16:30:00+00:00,638.085205078125,638.3099975585938,634.4099731445312,634.8400268554688,8104819,6.453373040942092,-0.005090653174556259
2025-07-31 17:30:00+00:00,634.8599853515625,635.655029296875,631.4299926757812,634.2100219726562,14674708,6.452380164522208,-0.0009928764198843254
2025-07-31 18:30:00+00:00,634.2000122070312,635.125,632.6199951171875,632.780029296875,10842862,6.450122856690072,-0.0022573078321359574
2025-07-31 19:30:00+00:00,632.7949829101562,633.6799926757812,630.7650146484375,631.969970703125,19680307,6.448841878307753,-0.001280978382319553
2025-08-01 13:30:00+00:00,626.2999877929688,626.3400268554688,619.6500244140625,623.3699951171875,30866604,6.43514023514697,-0.013701643160782595
2025-08-01 14:30:00+00:00,623.3699951171875,624.0700073242188,621.3900146484375,621.510009765625,17134756,6.432152016638647,-0.0029882185083227597
2025-08-01 15:30:00+00:00,621.510009765625,624.9650268554688,621.3800048828125,624.2100219726562,13619112,6.436486885415343,0.004334868776695977
2025-08-01 16:30:00+00:00,624.2100219726562,624.4600219726562,620.3350219726562,620.5700073242188,16693904,6.430638422332431,-0.00584846308291187
2025-08-01 17:30:00+00:00,620.5700073242188,621.8099975585938,619.2899780273438,621.6248168945312,14851233,6.432336722475489,0.0016983001430572742
2025-08-01 18:30:00+00:00,621.6300048828125,623.1099853515625,620.9500122070312,621.7899780273438,18461979,6.432602379815997,0.0002656573405079854
2025-08-01 19:30:00+00:00,621.780029296875,623.2999877929688,620.8400268554688,621.7100219726562,18083927,6.432473781416644,-0.0001285983993524198
2025-08-04 13:30:00+00:00,625.6699829101562,629.530029296875,625.5800170898438,629.4000244140625,16466923,6.444767023419728,0.012293242003083904
2025-08-04 14:30:00+00:00,629.4099731445312,629.7000122070312,628.4600219726562,629.0,9646390,6.444131256700441,-0.0006357667192871119
2025-08-04 15:30:00+00:00,628.989990234375,630.1699829101562,628.5900268554688,629.719970703125,7217114,6.445275229622774,0.0011439729223328143
2025-08-04 16:30:00+00:00,629.7100219726562,630.52001953125,629.6799926757812,630.2899780273438,5339004,6.4461799960711295,0.0009047664483556872
2025-08-04 17:30:00+00:00,630.2999877929688,630.489990234375,629.3900146484375,629.989990234375,8154850,6.445703930742489,-0.00047606532864019613
2025-08-04 18:30:00+00:00,629.989990234375,630.75,629.739990234375,630.2650146484375,7614826,6.446140389105857,0.00043645836336736465
2025-08-04 19:30:00+00:00,630.2650146484375,631.2150268554688,629.9208984375,631.0599975585938,10505323,6.44740094131521,0.0012605522093531718
2025-08-05 13:30:00+00:00,631.7899780273438,632.605224609375,629.1900024414062,629.8590087890625,14016837,6.445495998766695,-0.0019049425485144766
2025-08-05 14:30:00+00:00,629.864990234375,629.864990234375,627.0399780273438,628.010009765625,13408969,6.44255610545841,-0.0029398933082855905
2025-08-05 15:30:00+00:00,627.97998046875,629.1851196289062,627.1599731445312,629.0499877929688,7261146,6.444210725391637,0.0016546199332276856
2025-08-05 16:30:00+00:00,629.030029296875,629.8250122070312,627.7999877929688,629.6950073242188,5970871,6.445235586805521,0.001024861413883471
2025-08-05 17:30:00+00:00,629.7047729492188,630.3200073242188,628.5999755859375,628.7100219726562,7485879,6.4436701360487545,-0.0015654507567663956
2025-08-05 18:30:00+00:00,628.7100219726562,629.1099853515625,627.8699951171875,628.9799194335938,7193278,6.444099331601959,0.000429195553204309
2025-08-05 19:30:00+00:00,628.97998046875,629.0399780273438,627.8099975585938,628.02001953125,7915493,6.4425720441945735,-0.0015272874073852805
2025-08-06 13:30:00+00:00,629.0499877929688,630.6099853515625,628.1300048828125,628.7949829101562,12728488,6.443805262250717,0.0012332180561438477
2025-08-06 14:30:00+00:00,628.7949829101562,632.0499877929688,628.3800048828125,631.927001953125,9151768,6.448773884237118,0.004968621986400912
2025-08-06 15:30:00+00:00,631.9099731445312,632.910400390625,631.1599731445312,632.3699951171875,8711655,6.449474658158464,0.0007007739213458208
2025-08-06 16:30:00+00:00,632.389892578125,632.9799194335938,631.8499755859375,632.2899780273438,5420591,6.4493481149110305,-0.0001265432474335526
2025-08-06 17:30:00+00:00,632.3099975585938,633.1099853515625,632.0,632.9199829101562,6427914,6.450344004849196,0.0009958899381654618
2025-08-06 18:30:00+00:00,632.9199829101562,633.1900024414062,632.489990234375,633.02001953125,5869995,6.450502048075745,0.00015804322654933145
2025-08-06 19:30:00+00:00,633.010009765625,633.4400024414062,632.3900146484375,632.6699829101562,10341224,6.4499489321795265,-0.0005531158962188698
2025-08-07 13:30:00+00:00,636.239990234375,636.97998046875,633.1199951171875,633.8200073242188,16380397,6.451765014010429,0.0018160818309027604
2025-08-07 14:30:00+00:00,633.8099975585938,634.2349853515625,631.760009765625,631.9699096679688,10818281,6.448841781728545,-0.0029232322818844025
2025-08-07 15:30:00+00:00,631.969970703125,632.5999755859375,631.131591796875,632.2449951171875,7663849,6.4492769695316925,0.00043518780314766303
2025-08-07 16:30:00+00:00,632.25,632.6099853515625,630.0,630.030029296875,8937240,6.445767483800207,-0.003509485731485462
2025-08-07 17:30:00+00:00,630.0,631.0800170898438,629.1099853515625,629.9199829101562,8176633,6.445592800065246,-0.00017468373496143386
2025-08-07 18:30:00+00:00,629.9199829101562,630.8699951171875,629.4600219726562,630.27001953125,7002249,6.446148329992348,0.0005555299271025049
2025-08-07 19:30:00+00:00,630.280029296875,632.3599853515625,630.260009765625,632.2899780273438,9156545,6.4493481149110305,0.0031997849186824467
2025-08-08 13:30:00+00:00,634.0599975585938,636.780029296875,633.739990234375,636.4400024414062,13589880,6.455890151875691,0.006542036964660269
2025-08-08 14:30:00+00:00,636.4299926757812,637.0399780273438,635.5700073242188,636.010009765625,8356893,6.455214301841468,-0.0006758500342227691
2025-08-08 15:30:00+00:00,636.0,637.3599853515625,634.8599853515625,636.875,6940639,6.456573403976989,0.0013591021355212618
2025-08-08 16:30:00+00:00,636.8800048828125,637.1199951171875,636.125,636.39501953125,5454296,6.455819470429316,-0.000753933547673391
2025-08-08 17:30:00+00:00,636.3912963867188,637.64501953125,636.3800048828125,637.219970703125,4767395,6.457114918886768,0.0012954484574523306
2025-08-08 18:30:00+00:00,637.219970703125,637.625,637.0399780273438,637.260009765625,6916473,6.4571777508859,6.28319991315962e-05
2025-08-08 19:30:00+00:00,637.25,637.27001953125,636.0499877929688,637.1199951171875,10353519,6.456958013211949,-0.0002197376739507817
2025-08-11 13:30:00+00:00,637.4600219726562,637.969970703125,636.8809814453125,637.2501220703125,10010287,6.45716223481417,0.00020422160222111074
2025-08-11 14:30:00+00:00,637.2418823242188,637.4299926757812,636.530029296875,637.0900268554688,6845811,6.456910975029534,-0.0002512597846360265
2025-08-11 15:30:00+00:00,637.094970703125,638.9500122070312,636.7899169921875,638.5499877929688,6962281,6.459199961825473,0.002288986795939252
2025-08-11 16:30:00+00:00,638.5399780273438,638.6099853515625,636.9099731445312,637.1849975585938,5191797,6.457060033437619,-0.002139928387854262
2025-08-11 17:30:00+00:00,637.1799926757812,637.4199829101562,636.280029296875,636.489990234375,6799051,6.455968691612019,-0.0010913418256004448
2025-08-11 18:30:00+00:00,636.5,636.8798828125,635.5599975585938,636.2620239257812,5281810,6.4556104658013425,-0.00035822581067623815
2025-08-11 19:30:00+00:00,636.25,636.3800048828125,634.6599731445312,635.8200073242188,12886949,6.454915515934127,-0.0006949498672152998
2025-08-12 13:30:00+00:00,638.2899780273438,639.8701171875,636.7899780273438,639.2899780273438,19075690,6.460358151171381,0.005442635237253413
2025-08-12 14:30:00+00:00,639.2899780273438,641.030029296875,638.8599853515625,640.47998046875,9176908,6.462217864749556,0.0018597135781757146
2025-08-12 15:30:00+00:00,640.469970703125,641.5,640.3099975585938,641.3792724609375,5834719,6.463620970648536,0.0014031058989800727
2025-08-12 16:30:00+00:00,641.3800048828125,641.989990234375,641.3699951171875,641.5399780273438,4914317,6.463871501720053,0.0002505310715168463
2025-08-12 17:30:00+00:00,641.5399780273438,642.614990234375,641.4249877929688,642.219970703125,4664604,6.464930878498475,0.0010593767784214947
2025-08-12 18:30:00+00:00,642.22998046875,642.4299926757812,641.9749755859375,642.3200073242188,5331434,6.465086633279185,0.00015575478071028215
2025-08-12 19:30:00+00:00,642.3150024414062,642.8499755859375,641.97998046875,642.6300048828125,9756619,6.465569138531006,0.00048250525182069737
2025-08-13 13:30:00+00:00,644.9099731445312,646.1900024414062,643.989990234375,644.239990234375,13378184,6.468071312328925,0.0025021737979189496
2025-08-13 14:30:00+00:00,644.2449951171875,644.405029296875,643.0700073242188,643.6699829101562,9260044,6.46718614586027,-0.0008851664686542193
2025-08-13 15:30:00+00:00,643.6699829101562,644.2550048828125,643.22998046875,643.27001953125,7026688,6.4665645731513255,-0.0006215727089449175
2025-08-13 16:30:00+00:00,643.260009765625,643.7000122070312,642.6799926757812,643.6408081054688,5106260,6.467140819114164,0.0005762459628382288
2025-08-13 17:30:00+00:00,643.6400146484375,644.2000122070312,642.7750244140625,643.8900146484375,4590614,6.46752792681159,0.0003871076974260035
2025-08-13 18:30:00+00:00,643.9099731445312,644.72998046875,643.239990234375,644.2899780273438,6159836,6.468148901200313,0.0006209743887231056
2025-08-13 19:30:00+00:00,644.2949829101562,645.0999755859375,643.9099731445312,644.8800048828125,9296664,6.469064260547006,0.0009153593466928456
2025-08-14 13:30:00+00:00,642.7899780273438,644.614990234375,642.3400268554688,644.239990234375,13825627,6.468071312328925,-0.0009929482180810467
2025-08-14 14:30:00+00:00,644.25,645.5449829101562,642.9600219726562,643.3350219726562,7503723,6.46666561805534,-0.0014056942735845013
2025-08-14 15:30:00+00:00,643.3400268554688,644.219970703125,642.6649780273438,643.0900268554688,5881748,6.466284725098735,-0.00038089295660537204
2025-08-14 16:30:00+00:00,643.0900268554688,645.0499877929688,642.9849853515625,645.0006713867188,4114991,6.469251357704872,0.002966632606137054
2025-08-14 17:30:00+00:00,645.010009765625,645.0599975585938,643.9099731445312,644.0850219726562,5216067,6.467830739086928,-0.0014206186179439584
2025-08-14 18:30:00+00:00,644.0700073242188,645.489990234375,643.9500122070312,645.030029296875,7742378,6.469296872761445,0.0014661336745174225
2025-08-14 19:30:00+00:00,645.030029296875,645.6199951171875,644.8400268554688,644.9400024414062,8472709,6.4691572929985055,-0.0001395797629397677
2025-08-15 13:30:00+00:00,645.989990234375,646.0900268554688,643.2100219726562,644.2100219726562,12162781,6.468024794013988,-0.001132498984517838
2025-08-15 14:30:00+00:00,644.2000122070312,644.3300170898438,643.260009765625,643.47802734375,9248270,6.466887880911251,-0.0011369131027363366
2025-08-15 15:30:00+00:00,643.469970703125,644.1400146484375,642.52001953125,643.2899780273438,7747193,6.4665955992925594,-0.00029228161869188085
2025-08-15 16:30:00+00:00,643.2949829101562,644.2957153320312,643.2949829101562,644.1654052734375,4942524,6.467955533613186,0.0013599343206269765
2025-08-15 17:30:00+00:00,644.1599731445312,644.8800048828125,643.97998046875,644.530029296875,8862040,6.468521414461968,0.0005658808487813971
2025-08-15 18:30:00+00:00,644.52001953125,644.6400146484375,643.3200073242188,643.7999877929688,8106691,6.467388099903801,-0.0011333145581664539
2025-08-15 19:30:00+00:00,643.7999877929688,644.1300048828125,643.1300048828125,643.4600219726562,8532061,6.466859899189669,-0.0005282007141325096
2025-08-18 13:30:00+00:00,642.8599853515625,643.9349975585938,642.530029296875,643.0,9848536,6.466144724237619,-0.0007151749520497575
2025-08-18 14:30:00+00:00,642.989990234375,643.4400024414062,642.2999877929688,642.72998046875,5856330,6.465724698976762,-0.0004200252608574928
2025-08-18 15:30:00+00:00,642.72998046875,643.280029296875,642.5,643.1199951171875,3443159,6.4663313244273235,0.0006066254505618929
2025-08-18 16:30:00+00:00,643.1234741210938,643.3599853515625,642.1799926757812,643.1690063476562,3400901,6.466407530055198,7.620562787469254e-05
2025-08-18 17:30:00+00:00,643.1649780273438,643.8150024414062,642.4400024414062,642.7600708007812,4506136,6.46577151432474,-0.0006360157304579062
2025-08-18 18:30:00+00:00,642.75,643.5599975585938,642.739990234375,643.2550048828125,5589096,6.466541231750027,0.0007697174252863093
2025-08-18 19:30:00+00:00,643.25,644.0,643.14501953125,643.280029296875,8151214,6.466580133782852,3.8902032825305355e-05
2025-08-19 13:30:00+00:00,643.1199951171875,644.10498046875,641.9899291992188,643.030029296875,12478851,6.466191425008513,-0.00038870877433883066
2025-08-19 14:30:00+00:00,643.0399780273438,643.5399780273438,640.469970703125,641.6099853515625,10924405,6.463980619635006,-0.002210805373507263
2025-08-19 15:30:00+00:00,641.6099853515625,641.9099731445312,640.1699829101562,640.3499755859375,6187042,6.462014863745957,-0.0019657558890484594
2025-08-19 16:30:00+00:00,640.3599853515625,640.625,638.8049926757812,639.719970703125,7507554,6.461030534826266,-0.0009843289196913574
2025-08-19 17:30:00+00:00,639.7100219726562,640.1099853515625,638.8200073242188,639.094970703125,5519143,6.460053067282642,-0.0009774675436240443
2025-08-19 18:30:00+00:00,639.094970703125,639.280029296875,638.47998046875,639.2050170898438,7754379,6.46022524343541,0.0001721761527679888
2025-08-19 19:30:00+00:00,639.2100219726562,639.9099731445312,638.7150268554688,639.75,10468558,6.4610774750398985,0.0008522316044885514
2025-08-20 13:30:00+00:00,639.4000244140625,639.6599731445312,633.6699829101562,633.9199829101562,24685560,6.451922736551195,-0.009154738488703629
2025-08-20 14:30:00+00:00,633.9400024414062,636.4299926757812,632.9500122070312,636.375,12562982,6.4557880122225,0.003865275671305568
2025-08-20 15:30:00+00:00,636.3499755859375,637.475830078125,634.719970703125,637.4207153320312,8669208,6.45742990119161,0.0016418889691092176
2025-08-20 16:30:00+00:00,637.4249877929688,637.4500122070312,635.9299926757812,636.5599975585938,5940364,6.456078675233967,-0.0013512259576424768
2025-08-20 17:30:00+00:00,636.5599975585938,637.9600219726562,635.2100219726562,635.8300170898438,7667251,6.45493125889081,-0.0011474163431568485
2025-08-20 18:30:00+00:00,635.8316040039062,638.869873046875,635.75,638.3300170898438,9126921,6.458855417773628,0.003924158882817608
2025-08-20 19:30:00+00:00,638.3150024414062,639.0599975585938,637.8049926757812,638.0399780273438,9710612,6.458400942866506,-0.00045447490712202665
2025-08-21 13:30:00+00:00,636.280029296875,637.969970703125,634.3099975585938,637.8900146484375,12416961,6.458165877650612,-0.00023506521589400364
2025-08-21 14:30:00+00:00,637.8900146484375,637.9000244140625,635.2999877929688,636.6900024414062,5577717,6.4562828847501885,-0.0018829929004233747
2025-08-21 15:30:00+00:00,636.7000122070312,637.5900268554688,634.9600219726562,635.25,5937020,6.454018622200273,-0.002264262549915408
2025-08-21 16:30:00+00:00,635.25,636.0,633.8099975585938,634.4349975585938,5224065,6.452734835190255,-0.0012837870100179671
2025-08-21 17:30:00+00:00,634.4299926757812,636.2000122070312,634.3399047851562,635.5,5364166,6.454412090629509,0.0016772554392536776
2025-08-21 18:30:00+00:00,635.510009765625,636.52001953125,635.0900268554688,635.9400024414062,5218516,6.45510422310627,0.0006921324767610315
2025-08-21 19:30:00+00:00,635.9500122070312,635.97998046875,635.0800170898438,635.5900268554688,8004140,6.454553743626098,-0.0005504794801716173
2025-08-22 13:30:00+00:00,637.760009765625,645.5499877929688,637.25,644.1099853515625,25591899,6.467869496229701,0.01331575260360296
2025-08-22 14:30:00+00:00,644.1337890625,646.27001953125,644.1300048828125,646.0,12117378,6.470799503782602,0.0029300075529006264
2025-08-22 15:30:00+00:00,646.010009765625,646.5,644.6950073242188,644.780029296875,7643159,6.468909218778651,-0.0018902850039506092
2025-08-22 16:30:00+00:00,644.780029296875,646.260009765625,644.2949829101562,646.1500244140625,5628178,6.471031712755093,0.0021224939764419304
2025-08-22 17:30:00+00:00,646.1500244140625,646.4000244140625,645.2849731445312,645.385009765625,5609252,6.469847053078566,-0.0011846596765270334
2025-08-22 18:30:00+00:00,645.4400024414062,645.8599853515625,645.052001953125,645.0800170898438,7527169,6.46937436660491,-0.00047268647365594774
2025-08-22 19:30:00+00:00,645.0700073242188,645.4550170898438,644.2949829101562,645.239990234375,13845518,6.469622325474715,0.00024795886980477633
2025-08-25 13:30:00+00:00,644.0399780273438,644.6699829101562,643.4099731445312,644.1500244140625,11937754,6.46793165613874,-0.001690669335975059
2025-08-25 14:30:00+00:00,644.1500244140625,645.0499877929688,643.739990234375,644.9099731445312,5727479,6.469110730533957,0.0011790743952166949
2025-08-25 15:30:00+00:00,644.9099731445312,645.14501953125,644.5050048828125,644.9400024414062,4212366,6.4691572929985055,4.6562464548927096e-05
2025-08-25 16:30:00+00:00,644.9400024414062,645.2899780273438,644.4099731445312,644.6699829101562,3794881,6.468738531453134,-0.00041876154537145993
2025-08-25 17:30:00+00:00,644.6599731445312,644.8200073242188,643.9400024414062,644.1699829101562,4950572,6.4679626398943,-0.0007758915588338411
2025-08-25 18:30:00+00:00,644.1649780273438,644.280029296875,643.6199951171875,643.6900024414062,7546538,6.467217247543529,-0.0007453923507716453
2025-08-25 19:30:00+00:00,643.6900024414062,643.8400268554688,642.3499755859375,642.489990234375,8471951,6.465351237246264,-0.001866010297264964
2025-08-26 13:30:00+00:00,642.2000122070312,643.27001953125,641.5700073242188,643.0800170898438,9832377,6.466269159869747,0.000917922623483669
2025-08-26 14:30:00+00:00,643.0650024414062,643.1799926757812,642.2949829101562,642.4400024414062,4709146,6.465273430994905,-0.0009957288748418947
2025-08-26 15:30:00+00:00,642.4099731445312,643.5499877929688,642.2913818359375,643.3300170898438,4191091,6.46665783843491,0.0013844074400042317
2025-08-26 16:30:00+00:00,643.3300170898438,643.5900268554688,642.8900146484375,643.510009765625,2955455,6.466937582106537,0.0002797436716273083
2025-08-26 17:30:00+00:00,643.5,643.5809936523438,642.4349975585938,643.510009765625,5431256,6.466937582106537,0.0
2025-08-26 18:30:00+00:00,643.52001953125,644.7100830078125,643.510009765625,644.5599975585938,8137023,6.468567909681231,0.001630327574694057
2025-08-26 19:30:00+00:00,644.5499877929688,645.510009765625,643.9199829101562,645.1300048828125,10252303,6.4694518544435455,0.0008839447623145702
2025-08-27 13:30:00+00:00,644.5700073242188,646.3400268554688,644.4199829101562,646.1171264648438,9908632,6.470980797664969,0.0015289432214231624
2025-08-27 14:30:00+00:00,646.1099853515625,646.5399780273438,645.75,646.2999877929688,4474725,6.471263773381287,0.0002829757163187452
2025-08-27 15:30:00+00:00,646.2999877929688,646.6900024414062,645.47998046875,645.9600219726562,4510996,6.470737616376372,-0.0005261570049155395
2025-08-27 16:30:00+00:00,645.9600219726562,646.5499877929688,645.3800048828125,646.4450073242188,4911037,6.47148813245041,0.0007505160740377548
2025-08-27 17:30:00+00:00,646.4500122070312,647.35498046875,646.4400024414062,647.260009765625,4281351,6.4727480835806235,0.001259951130213821
2025-08-27 18:30:00+00:00,647.25,647.3099975585938,645.8200073242188,646.655029296875,5967107,6.471812967294668,-0.0009351162859552176
2025-08-27 19:30:00+00:00,646.6500244140625,647.3699951171875,646.5999755859375,646.5999755859375,6828910,6.471727827533734,-8.51397609338278e-05
2025-08-28 13:30:00+00:00,647.239990234375,648.0900268554688,645.3400268554688,645.9550170898438,15334704,6.470729868370255,-0.0009979591634792229
2025-08-28 14:30:00+00:00,645.97998046875,647.6558227539062,645.9400024414062,646.25,7218273,6.471186425822639,0.00045655745238359913
2025-08-28 15:30:00+00:00,646.2750244140625,648.4199829101562,646.239990234375,648.1500244140625,5870785,6.474122188713355,0.002935762890715843
2025-08-28 16:30:00+00:00,648.1500244140625,648.364990234375,647.4500122070312,648.125,4583085,6.474083578983792,-3.8609729562821826e-05
2025-08-28 17:30:00+00:00,648.1300048828125,648.6799926757812,648.0750122070312,648.64501953125,5164886,6.474885601780884,0.0008020227970924054
2025-08-28 18:30:00+00:00,648.6500244140625,649.25,648.6300048828125,648.9600219726562,6567008,6.475371115380968,0.0004855136000836424
2025-08-28 19:30:00+00:00,648.9500122070312,649.47998046875,648.72998046875,648.8599853515625,11559349,6.475216954371387,-0.00015416100958098866
2025-08-29 13:30:00+00:00,647.469970703125,647.8400268554688,643.6300048828125,644.6688232421875,18056576,6.468736732596288,-0.006480221775098549
2025-08-29 14:30:00+00:00,644.6699829101562,645.1099853515625,643.1400146484375,644.4099731445312,8072315,6.468335127819512,-0.0004016047767763098
2025-08-29 15:30:00+00:00,644.4099731445312,644.760009765625,643.7100219726562,644.1699829101562,4995959,6.4679626398943,-0.0003724879252118285
2025-08-29 16:30:00+00:00,644.1799926757812,645.0399169921875,643.4600219726562,644.0,5001011,6.467698726104354,-0.00026391378994627956
2025-08-29 17:30:00+00:00,644.0,645.0142211914062,643.8400268554688,644.2650146484375,5645035,6.468110154885175,0.00041142878082123246
2025-08-29 18:30:00+00:00,644.2650146484375,644.989990234375,644.172119140625,644.5800170898438,6544206,6.468598968419652,0.0004888135344769395
2025-08-29 19:30:00+00:00,644.5800170898438,645.1400146484375,643.760009765625,644.989990234375,16478739,6.469234797658879,0.0006358292392265597
2025-09-02 13:30:00+00:00,637.5,640.1400146484375,636.0499877929688,639.469970703125,19841239,6.460639662454477,-0.008595135204402027
2025-09-02 14:30:00+00:00,639.4500122070312,639.6300048828125,636.1699829101562,636.5599975585938,8713902,6.456078675233967,-0.00456098722050946
2025-09-02 15:30:00+00:00,636.5499877929688,636.5679931640625,634.9199829101562,635.6099853515625,8002126,6.454585144658042,-0.0014935305759253836
2025-09-02 16:30:00+00:00,635.6099853515625,637.8499755859375,635.6099853515625,637.6400146484375,6081795,6.457773883738342,0.0031887390802998183
2025-09-02 17:30:00+00:00,637.6300048828125,639.0349731445312,637.6300048828125,637.7265014648438,6123601,6.457909510345197,0.0001356266068555101
2025-09-02 18:30:00+00:00,637.719970703125,639.3099975585938,637.3200073242188,639.1400146484375,6789643,6.460123545631064,0.0022140352858670553
2025-09-02 19:30:00+00:00,639.1300048828125,640.4299926757812,639.0399780273438,640.3300170898438,13815173,6.461983695153945,0.0018601495228809384
2025-09-03 13:30:00+00:00,642.6699829101562,643.22998046875,641.5900268554688,642.3612060546875,15509177,6.465150771728559,0.003167076574613681
2025-09-03 14:30:00+00:00,642.3599853515625,644.2100219726562,642.2899780273438,642.4299926757812,8968103,6.465257850016809,0.00010707828825040622
2025-09-03 15:30:00+00:00,642.4299926757812,643.125,641.9949951171875,642.4299926757812,6244990,6.465257850016809,0.0
2025-09-03 16:30:00+00:00,642.4400024414062,642.8499755859375,641.4299926757812,642.27001953125,6400908,6.465008806436459,-0.00024904358035016116
2025-09-03 17:30:00+00:00,642.260009765625,642.4299926757812,640.5399780273438,641.1300048828125,7115928,6.463232252086157,-0.0017765543503021064
2025-09-03 18:30:00+00:00,641.1099853515625,641.280029296875,640.4600219726562,641.02001953125,6094783,6.463060688150989,-0.00017156393516781776
2025-09-03 19:30:00+00:00,641.0399780273438,643.72998046875,641.010009765625,643.6400146484375,13684347,6.467139586349693,0.004078898198703662
2025-09-04 13:30:00+00:00,644.4199829101562,645.2999877929688,643.510009765625,644.8800048828125,13047742,6.469064260547006,0.0019246741973129033
2025-09-04 14:30:00+00:00,644.8699951171875,646.4349975585938,644.8400268554688,646.2108154296875,8492829,6.471125790219831,0.0020615296728250243
2025-09-04 15:30:00+00:00,646.219970703125,646.5900268554688,645.8200073242188,645.9500122070312,5301109,6.470722120304106,-0.00040366991572504674
2025-09-04 16:30:00+00:00,645.9400024414062,646.969970703125,645.8099975585938,646.8593139648438,4754315,6.472128827216487,0.001406706912381317
2025-09-04 17:30:00+00:00,646.8400268554688,647.6099853515625,646.5900268554688,647.22998046875,5264094,6.472701688016182,0.0005728607996946522
2025-09-04 18:30:00+00:00,647.22998046875,648.25,647.0800170898438,647.9149780273438,6397166,6.47375948099599,0.0010577929798083474
2025-09-04 19:30:00+00:00,647.9099731445312,649.1500244140625,647.8099975585938,648.989990234375,12484167,6.475417293217467,0.0016578122214774282
2025-09-05 13:30:00+00:00,651.47998046875,652.2100219726562,646.0499877929688,646.5599975585938,22495703,6.471665997554171,-0.003751295663296794
2025-09-05 14:30:00+00:00,646.52001953125,646.6599731445312,643.3300170898438,646.2050170898438,15432029,6.471116817349493,-0.0005491802046773131
2025-09-05 15:30:00+00:00,646.2100219726562,646.9000244140625,645.2899780273438,645.7249755859375,9218240,6.470373678744894,-0.0007431386045988475
2025-09-05 16:30:00+00:00,645.739990234375,646.5499877929688,645.22998046875,645.8499755859375,6516124,6.47056724087658,0.00019356213168553182
2025-09-05 17:30:00+00:00,645.8699951171875,646.0599975585938,644.6099853515625,645.7098999023438,6841807,6.470350331561261,-0.000216909315319036
2025-09-05 18:30:00+00:00,645.6900024414062,647.4099731445312,645.6900024414062,647.1099853515625,7957841,6.472516272869157,0.0021659413078962686
2025-09-05 19:30:00+00:00,647.1199951171875,647.27001953125,646.1500244140625,647.219970703125,10760405,6.472686222349679,0.00016994948052140302
2025-09-08 13:30:00+00:00,648.6199951171875,649.0599975585938,647.75,648.77001953125,13481096,6.475078292626332,0.0023920702766533353
2025-09-08 14:30:00+00:00,648.7550048828125,649.8099975585938,648.6599731445312,649.7999877929688,7135597,6.476664604449171,0.0015863118228391926
2025-09-08 15:30:00+00:00,649.7899780273438,649.8400268554688,648.3800048828125,648.6300048828125,6038479,6.474862453800455,-0.0018021506487162497
2025-09-08 16:30:00+00:00,648.6300048828125,648.8049926757812,647.780029296875,648.47998046875,4756519,6.47463113276149,-0.00023132103896461587
2025-09-08 17:30:00+00:00,648.4899291992188,648.6799926757812,647.22998046875,648.39501953125,5100378,6.474500108664917,-0.0001310240965732845
2025-09-08 18:30:00+00:00,648.3900146484375,648.5800170898438,647.3350219726562,647.5800170898438,6386745,6.47324236445563,-0.0012577442092869262
2025-09-08 19:30:00+00:00,647.5800170898438,648.8800048828125,647.469970703125,648.7999877929688,13039200,6.47512448398642,0.001882119530789872
2025-09-09 13:30:00+00:00,648.969970703125,649.72998046875,648.4299926757812,648.7550048828125,11801878,6.475055149105928,-6.933488049210013e-05
2025-09-09 14:30:00+00:00,648.739990234375,648.8350219726562,647.219970703125,648.77001953125,8956271,6.475078292626332,2.314352040411194e-05
2025-09-09 15:30:00+00:00,648.760009765625,649.0599975585938,648.0399780273438,648.8599853515625,5762849,6.475216954371387,0.00013866174505494655
2025-09-09 16:30:00+00:00,648.85498046875,649.7999877929688,648.7650146484375,649.5650024414062,5588037,6.4763029118441064,0.0010859574727195564
2025-09-09 17:30:00+00:00,649.5650024414062,649.989990234375,649.47998046875,649.8300170898438,5078696,6.476710816519941,0.000407904675834736
2025-09-09 18:30:00+00:00,649.8400268554688,650.1400146484375,649.5499877929688,650.0650024414062,5862620,6.47707236164565,0.0003615451257088509
2025-09-09 19:30:00+00:00,650.0650024414062,650.8599853515625,649.6950073242188,650.3200073242188,8924328,6.477464560700801,0.0003921990551507548
2025-09-10 13:30:00+00:00,653.6199951171875,654.5499877929688,652.6799926757812,653.9400024414062,16823094,6.483015607862655,0.005551047161854505
2025-09-10 14:30:00+00:00,653.9099731445312,654.030029296875,652.4600219726562,652.8200073242188,13613736,6.481301451654842,-0.0017141562078135664
2025-09-10 15:30:00+00:00,652.8300170898438,653.6300048828125,652.340087890625,652.635009765625,6593820,6.481018029311812,-0.00028342234302947134
2025-09-10 16:30:00+00:00,652.6400146484375,653.4600219726562,652.1099853515625,652.2899780273438,5272581,6.480489214629666,-0.0005288146821458284
2025-09-10 17:30:00+00:00,652.2899780273438,652.719970703125,651.4000244140625,651.6900024414062,7186079,6.479568992483218,-0.0009202221464486016
2025-09-10 18:30:00+00:00,651.6900024414062,652.139892578125,650.6300048828125,650.8400268554688,8818529,6.478263877533899,-0.0013051149493188419
2025-09-10 19:30:00+00:00,650.8599853515625,652.7000122070312,650.6900024414062,652.2249755859375,10906819,6.480389556988671,0.0021256794547719338
2025-09-11 13:30:00+00:00,654.1799926757812,656.25,653.5900268554688,655.9600219726562,16171940,6.486099844972189,0.0057102879835184694
2025-09-11 14:30:00+00:00,655.9550170898438,657.5900268554688,655.85498046875,657.4199829101562,9213273,6.488323057650036,0.002223212677846753
2025-09-11 15:30:00+00:00,657.4199829101562,657.7999877929688,656.6400146484375,657.3499755859375,7414883,6.488216564002485,-0.0001064936475509981
2025-09-11 16:30:00+00:00,657.3599853515625,657.5549926757812,656.85498046875,657.1199951171875,4417784,6.4878666427776235,-0.0003499212248616601
2025-09-11 17:30:00+00:00,657.114990234375,657.6599731445312,657.010009765625,657.3300170898438,6687601,6.488186201486578,0.00031955870895483685
2025-09-11 18:30:00+00:00,657.3300170898438,657.8300170898438,657.1599731445312,657.760009765625,7191749,6.488840137996359,0.0006539365097806282
2025-09-11 19:30:00+00:00,657.75,658.3300170898438,657.4650268554688,657.5900268554688,11803102,6.488581677652922,-0.0002584603434367949
2025-09-12 13:30:00+00:00,657.5999755859375,658.2000122070312,657.14501953125,657.969970703125,12826070,6.489159293054614,0.0005776154016920998
2025-09-12 14:30:00+00:00,657.9600219726562,658.47998046875,657.6199951171875,657.6400146484375,6657943,6.488657691416925,-0.0005016016376888643
2025-09-12 15:30:00+00:00,657.6400146484375,658.0599975585938,657.2100219726562,658.0499877929688,5222339,6.489280897730023,0.0006232063130973131
2025-09-12 16:30:00+00:00,658.0499877929688,658.280029296875,657.6500244140625,658.0999755859375,4933029,6.489356858364272,7.596063424930577e-05
2025-09-12 17:30:00+00:00,658.0999755859375,658.5650024414062,657.9000244140625,658.5050048828125,5524799,6.489972121583932,0.0006152632196601004
2025-09-12 18:30:00+00:00,658.5050048828125,659.1099853515625,658.0700073242188,658.1699829101562,10941027,6.489463230653381,-0.0005088909305515088
2025-09-12 19:30:00+00:00,658.1699829101562,658.3300170898438,656.9000244140625,657.4000244140625,17151968,6.48829269836742,-0.0011705322859603129
2025-09-15 13:30:00+00:00,659.6400146484375,660.7349853515625,659.47998046875,660.6799926757812,13649223,6.49326959656701,0.0049768981995894634
2025-09-15 14:30:00+00:00,660.6599731445312,661.0399780273438,660.22998046875,660.3594970703125,8066227,6.492784379260118,-0.000485217306891883
2025-09-15 15:30:00+00:00,660.3499755859375,660.8900756835938,660.239990234375,660.6019897460938,5842420,6.493151524980754,0.0003671457206362305
2025-09-15 16:30:00+00:00,660.60498046875,660.8798828125,659.530029296875,659.75,6631436,6.4918609753834335,-0.001290549597320556
2025-09-15 17:30:00+00:00,659.739990234375,660.6599731445312,659.7000122070312,659.9000244140625,6130503,6.492088345385985,0.00022737000255101947
2025-09-15 18:30:00+00:00,659.9000244140625,660.1599731445312,659.3400268554688,660.0700073242188,7749230,6.492345901098628,0.00025755571264340915
2025-09-15 19:30:00+00:00,660.0700073242188,660.9099731445312,659.760009765625,660.8499755859375,10465177,6.49352684826039,0.0011809471617620915
2025-09-16 13:30:00+00:00,661.469970703125,661.780029296875,659.6300048828125,659.9450073242188,15146686,6.492156509312949,-0.0013703389474413186
2025-09-16 14:30:00+00:00,659.9400024414062,660.2999877929688,659.3900146484375,659.6300048828125,7296988,6.491679079163885,-0.0004774301490639843
2025-09-16 15:30:00+00:00,659.6199951171875,659.9600219726562,659.2100219726562,659.905029296875,5532832,6.492095929661857,0.0004168504979720211
2025-09-16 16:30:00+00:00,659.9000244140625,660.4400024414062,659.47998046875,660.260009765625,4755497,6.4926337116312345,0.0005377819693777042
2025-09-16 17:30:00+00:00,660.27001953125,660.405029296875,659.9266967773438,660.1900024414062,6623488,6.492527676077239,-0.00010603555399590903
2025-09-16 18:30:00+00:00,660.2000122070312,660.739990234375,660.030029296875,660.14501953125,5749803,6.492459537446625,-6.81386306133902e-05
2025-09-16 19:30:00+00:00,660.1400146484375,660.6599731445312,659.6799926757812,659.9299926757812,10301559,6.492133757691109,-0.0003257797555162867
2025-09-17 13:30:00+00:00,660.010009765625,660.6300048828125,659.0900268554688,659.1599731445312,12506809,6.490966256400571,-0.0011675012905376647
2025-09-17 14:30:00+00:00,659.1699829101562,659.6699829101562,658.864990234375,658.9400024414062,5950239,6.4906324870215535,-0.0003337693790177454
2025-09-17 15:30:00+00:00,658.9450073242188,659.3400268554688,658.72998046875,658.9299926757812,4063655,6.4906172961974775,-1.5190824075972387e-05
2025-09-17 16:30:00+00:00,658.9299926757812,658.9849853515625,658.1300048828125,658.64501953125,4722261,6.4901847240155,-0.00043257218197734204
2025-09-17 17:30:00+00:00,658.6500244140625,661.719970703125,657.1300048828125,660.3499755859375,15840697,6.492769960518415,0.002585236502914867
2025-09-17 18:30:00+00:00,660.3599853515625,660.6799926757812,654.2999877929688,660.1849975585938,27740819,6.492520095075156,-0.00024986544325944493
2025-09-17 19:30:00+00:00,660.2000122070312,660.5700073242188,658.5,659.1900024414062,12745526,6.491011812280931,-0.001508282794224769
2025-09-18 13:30:00+00:00,661.8900146484375,664.489990234375,660.27001953125,664.4000244140625,24244700,6.498884414485169,0.007872602204238355
2025-09-18 14:30:00+00:00,664.3800048828125,664.8900146484375,662.5999755859375,663.3250122070312,12625449,6.497265084560236,-0.0016193299249334103
2025-09-18 15:30:00+00:00,663.6300048828125,663.9400024414062,662.1751098632812,663.4600219726562,7237612,6.497468598713039,0.0002035141528029527
2025-09-18 16:30:00+00:00,663.4600219726562,664.22998046875,663.2650146484375,663.3200073242188,8317397,6.497257539387656,-0.00021105932538301175
2025-09-18 17:30:00+00:00,663.3200073242188,663.4500122070312,662.52001953125,662.7750244140625,6144650,6.496435602908302,-0.000821936479353802
2025-09-18 18:30:00+00:00,662.8543090820312,663.510009765625,662.3400268554688,662.7100219726562,10496706,6.496337521920311,-9.80809879909117e-05
2025-09-18 19:30:00+00:00,662.7000122070312,663.0399780273438,661.9550170898438,662.2899780273438,14777302,6.495703493302373,-0.0006340286179380428
2025-09-19 13:30:00+00:00,662.3300170898438,662.7000122070312,661.3200073242188,661.9199829101562,17300683,6.495144676894507,-0.0005588164078655922
2025-09-19 14:30:00+00:00,661.9000244140625,662.2100219726562,660.6300048828125,660.760009765625,17767234,6.493390702466322,-0.0017539744281851455
2025-09-19 15:30:00+00:00,660.739990234375,662.6799926757812,660.3699951171875,662.489990234375,7518824,6.496005448666045,0.002614746199722795
2025-09-19 16:30:00+00:00,662.47998046875,662.760009765625,662.1300048828125,662.47998046875,4839739,6.495990339243422,-1.5109422623282853e-05
2025-09-19 17:30:00+00:00,662.47998046875,662.8900146484375,662.3250122070312,662.530029296875,6925216,6.496065884073695,7.55448302731665e-05
2025-09-19 18:30:00+00:00,662.52001953125,664.0499267578125,662.4199829101562,663.7999877929688,12608861,6.497980880896252,0.0019149968225571357
2025-09-19 19:30:00+00:00,663.6900024414062,664.5499877929688,663.385009765625,663.6199951171875,14869638,6.497709689142019,-0.00027119175423262476
2025-09-22 13:30:00+00:00,662.2000122070312,664.1400146484375,662.1699829101562,664.0800170898438,13884703,6.498402649881395,0.0006929607393759696
2025-09-22 14:30:00+00:00,664.0700073242188,665.3200073242188,663.89501953125,664.9400024414062,8130257,6.499696814692992,0.0012941648115969429
2025-09-22 15:30:00+00:00,664.9400024414062,665.9299926757812,664.47998046875,665.844970703125,9505466,6.501056866721648,0.001360052028656078
2025-09-22 16:30:00+00:00,665.844970703125,666.530029296875,665.7899780273438,666.510009765625,6543533,6.502055157909027,0.000998291187378264
2025-09-22 17:30:00+00:00,666.5050048828125,666.780029296875,666.030029296875,666.5650024414062,6971126,6.502137662907333,8.250499830619873e-05
2025-09-22 18:30:00+00:00,666.5700073242188,667.239990234375,666.4600219726562,667.1420288085938,5743352,6.503002959992331,0.0008652970849984953
2025-09-22 19:30:00+00:00,667.1400146484375,667.2899780273438,666.7100219726562,666.780029296875,11300614,6.502460200363452,-0.0005427596288791747
2025-09-23 13:30:00+00:00,666.719970703125,667.3400268554688,666.3599853515625,666.6199951171875,13063179,6.502220161099127,-0.0002400392643249205
2025-09-23 14:30:00+00:00,666.6300048828125,666.760009765625,666.02001953125,666.1500244140625,6214358,6.501514907055717,-0.0007052540434102639
2025-09-23 15:30:00+00:00,666.1500244140625,666.239990234375,664.969970703125,665.239990234375,9082129,6.500147863122087,-0.0013670439336301854
2025-09-23 16:30:00+00:00,665.2349853515625,665.8400268554688,663.6900024414062,663.7080078125,8996590,6.497842305488916,-0.0023055576331705296
2025-09-23 17:30:00+00:00,663.7000732421875,663.8499755859375,662.0349731445312,662.6749877929688,12461078,6.4962846555012135,-0.0015576499877028027
2025-09-23 18:30:00+00:00,662.6500244140625,663.3198852539062,661.97998046875,662.369873046875,8850530,6.495824120525374,-0.00046053497583908864
2025-09-23 19:30:00+00:00,662.3699951171875,663.5399780273438,662.2899780273438,663.25,11972091,6.497151993017849,0.0013278724924745688
2025-09-24 13:30:00+00:00,664.219970703125,664.3300170898438,662.4199829101562,663.2100219726562,13639550,6.497091715245894,-6.027777195516393e-05
2025-09-24 14:30:00+00:00,663.1900024414062,663.655029296875,662.4000244140625,662.6599731445312,6498506,6.496261997608861,-0.0008297176370328785
2025-09-24 15:30:00+00:00,662.6500244140625,662.6849975585938,659.6699829101562,660.9099731445312,12123896,6.493617632609988,-0.0026443649988729945
2025-09-24 16:30:00+00:00,660.9199829101562,661.6799926757812,660.4000244140625,661.3699951171875,5690222,6.494313433805283,0.0006958011952953314
2025-09-24 17:30:00+00:00,661.3800048828125,661.7999877929688,659.9600219726562,660.385009765625,7757971,6.492823013068827,-0.0014904207364558886
2025-09-24 18:30:00+00:00,660.3900146484375,661.1500244140625,660.260009765625,660.7949829101562,5940362,6.493443629729635,0.0006206166608073715
2025-09-24 19:30:00+00:00,660.8099975585938,661.3800048828125,660.4849853515625,661.030029296875,9069454,6.493799268920943,0.0003556391913086543
2025-09-25 13:30:00+00:00,657.5,659.1500244140625,655.0800170898438,658.47998046875,23644624,6.489934119003275,-0.003865149917668731
2025-09-25 14:30:00+00:00,658.47998046875,659.0999755859375,657.1900024414062,657.4600219726562,9814871,6.488383959119925,-0.0015501598833500552
2025-09-25 15:30:00+00:00,657.4600219726562,659.4055786132812,657.4600219726562,658.010009765625,8274490,6.489220143619374,0.0008361844994491108
2025-09-25 16:30:00+00:00,658.030029296875,658.97998046875,656.5700073242188,657.2949829101562,10272939,6.488132902363717,-0.0010872412556564015
2025-09-25 17:30:00+00:00,657.280029296875,657.4650268554688,654.405029296875,656.989990234375,12371948,6.487668782804431,-0.000464119559286047
2025-09-25 18:30:00+00:00,656.97998046875,658.155029296875,656.6599731445312,657.4500122070312,8568172,6.488368734100167,0.0006999512957355236
2025-09-25 19:30:00+00:00,657.4500122070312,658.260009765625,657.0399780273438,657.9500122070312,8707290,6.489128959149278,0.0007602250491114404
2025-09-26 13:30:00+00:00,659.1099853515625,662.3699951171875,657.8800048828125,658.781005859375,20562031,6.4903911664661385,0.00126220731686022
2025-09-26 14:30:00+00:00,658.7899780273438,659.9600219726562,658.0499877929688,659.9299926757812,7551046,6.492133757691109,0.0017425912249704467
2025-09-26 15:30:00+00:00,659.9149780273438,660.760009765625,658.5,660.4534301757812,6363666,6.492926614551262,0.0007928568601531794
2025-09-26 16:30:00+00:00,660.4498901367188,661.739990234375,660.0700073242188,661.625,5508795,6.494698930178152,0.0017723156268898421
2025-09-26 17:30:00+00:00,661.6300048828125,662.02001953125,660.760009765625,661.7249755859375,6617197,6.4948500248817025,0.00015109470355056942
2025-09-26 18:30:00+00:00,661.739990234375,662.1400146484375,661.2999877929688,661.5999755859375,5979841,6.494661106807936,-0.00018891807376686387
2025-09-26 19:30:00+00:00,661.6019897460938,661.9500122070312,661.1500244140625,661.72998046875,7834233,6.49485758824121,0.00019648143327444245
2025-09-29 13:30:00+00:00,664.3599853515625,665.280029296875,663.7249755859375,664.760009765625,15104673,6.499426087949774,0.004568499708564211
2025-09-29 14:30:00+00:00,664.760009765625,665.1699829101562,663.2100219726562,663.530029296875,8385751,6.497574111673315,-0.0018519762764590553
2025-09-29 15:30:00+00:00,663.5399780273438,663.7999877929688,662.8400268554688,663.469970703125,8758148,6.497483593822839,-9.051785047642369e-05
2025-09-29 16:30:00+00:00,663.47998046875,663.7000122070312,662.4000244140625,662.5599975585938,6030863,6.496111116112449,-0.001372477710389397
2025-09-29 17:30:00+00:00,662.5700073242188,663.594970703125,662.1900024414062,663.4600219726562,6650786,6.497468598713039,0.0013574826005893215
2025-09-29 18:30:00+00:00,663.469970703125,663.5800170898438,661.8599853515625,662.64501953125,10539508,6.496239431311496,-0.0012291674015427745
2025-09-29 19:30:00+00:00,662.6400146484375,663.760009765625,662.6099853515625,663.5999755859375,11788604,6.497679521525959,0.001440090214463119
2025-09-30 13:30:00+00:00,663.0,663.5512084960938,661.9692993164062,662.8571166992188,13066169,6.4965594567026015,-0.0011200648233575805
2025-09-30 14:30:00+00:00,662.8499755859375,663.6300048828125,661.6099853515625,662.22998046875,8070430,6.495612898127495,-0.0009465585751060601
2025-09-30 15:30:00+00:00,662.2249755859375,664.0526733398438,661.8900146484375,663.405029296875,6960740,6.497385707576882,0.0017728094493865143
2025-09-30 16:30:00+00:00,663.4099731445312,663.6649780273438,661.780029296875,662.1300048828125,5151325,6.495461918654794,-0.001923788922088221
2025-09-30 17:30:00+00:00,662.1199951171875,664.030029296875,661.81201171875,663.8800048828125,7590620,6.49810141760748,0.0026394989526865587
2025-09-30 18:30:00+00:00,663.8699951171875,665.510009765625,663.5999755859375,665.3699951171875,9881494,6.500343269566736,0.0022418519592557473
2025-09-30 19:30:00+00:00,665.3800048828125,666.6500244140625,664.8499755859375,666.0900268554688,18846226,6.501424836863672,0.0010815672969357593
2025-10-01 13:30:00+00:00,663.2349853515625,665.7100219726562,663.0599975585938,665.530029296875,18154671,6.500583759727564,-0.000841077136107593
2025-10-01 14:30:00+00:00,665.530029296875,666.4400024414062,665.260009765625,666.3099975585938,8646721,6.501755024046339,0.0011712643187751226
2025-10-01 15:30:00+00:00,666.3099975585938,667.1799926757812,666.3099975585938,666.9199829101562,7262678,6.50267007306723,0.0009150490208904571
2025-10-01 16:30:00+00:00,666.9199829101562,668.0900268554688,666.4299926757812,667.969970703125,6252656,6.504243218488945,0.0015731454217151608
2025-10-01 17:30:00+00:00,667.97998046875,668.9349975585938,667.60498046875,668.77001953125,6268760,6.505440233509814,0.0011970150208693298
2025-10-01 18:30:00+00:00,668.7750244140625,669.3699951171875,668.7249755859375,669.125,6834344,6.505970888713545,0.0005306552037307455
2025-10-01 19:30:00+00:00,669.0,669.260009765625,668.489990234375,668.510009765625,10307410,6.505051369901288,-0.0009195188122568254
2025-10-02 13:30:00+00:00,670.4500122070312,670.5650024414062,668.2899780273438,668.7113037109375,13815061,6.50535243292624,0.0003010630249518087
2025-10-02 14:30:00+00:00,668.719970703125,669.02001953125,667.02001953125,667.6699829101562,7791035,6.503794013900236,-0.0015584190260042874
2025-10-02 15:30:00+00:00,667.6099853515625,668.4199829101562,666.780029296875,668.138916015625,4921293,6.504496110023579,0.0007020961233434875
2025-10-02 16:30:00+00:00,668.1300048828125,668.7100219726562,667.5499877929688,668.5098876953125,4611526,6.505051187300696,0.0005550772771165668
2025-10-02 17:30:00+00:00,668.510009765625,669.6699829101562,668.3319091796875,669.5800170898438,5242120,6.506650675674164,0.0015994883734684606
2025-10-02 18:30:00+00:00,669.469970703125,669.72998046875,669.219970703125,669.4749755859375,5449532,6.506493786667071,-0.00015688900709331932
2025-10-02 19:30:00+00:00,669.47998046875,669.489990234375,668.8200073242188,669.1500244140625,10026555,6.506008286727569,-0.0004854999395016435
2025-10-03 13:30:00+00:00,669.989990234375,671.5700073242188,669.9299926757812,671.3831787109375,11865676,6.509340030182237,0.0033317434546678015
2025-10-03 14:30:00+00:00,671.39501953125,672.280029296875,671.3200073242188,671.7713012695312,6954102,6.509917957107518,0.0005779269252812469
2025-10-03 15:30:00+00:00,671.77001953125,672.6749877929688,671.3499755859375,672.4600219726562,5755756,6.51094266282815,0.0010247057206314025
2025-10-03 16:30:00+00:00,672.4500122070312,672.5449829101562,670.3200073242188,670.3300170898438,8819520,6.507770153936428,-0.003172508891721826
2025-10-03 17:30:00+00:00,670.3300170898438,670.9500122070312,668.1599731445312,670.52001953125,14522869,6.5080535598915885,0.0002834059551606316
2025-10-03 18:30:00+00:00,670.5369873046875,670.6849975585938,669.280029296875,669.6199951171875,7959881,6.506710380015549,-0.001343179876039713
2025-10-03 19:30:00+00:00,669.6099853515625,670.239990234375,668.77001953125,669.2000122070312,8300782,6.506082987353899,-0.0006273926616495729
2025-10-06 13:30:00+00:00,671.6199951171875,671.6500244140625,669.4550170898438,670.5150146484375,15655077,6.508046095682698,0.0019631083287992013
2025-10-06 14:30:00+00:00,670.5150146484375,671.375,670.14501953125,671.1500244140625,6383338,6.5089926953101065,0.0009465996274080624
2025-10-06 15:30:00+00:00,671.1500244140625,671.9249877929688,671.0449829101562,671.8206787109375,5241023,6.509991457756769,0.0009987624466623046
2025-10-06 16:30:00+00:00,671.8300170898438,672.3200073242188,671.3300170898438,672.0599975585938,4672163,6.510347618618982,0.0003561608622133505
2025-10-06 17:30:00+00:00,672.0800170898438,672.469970703125,671.7899780273438,672.239990234375,5141450,6.510615405092971,0.0002677864739890623
2025-10-06 18:30:00+00:00,672.2484130859375,672.510009765625,671.6500244140625,671.7550048828125,5150909,6.509893697981894,-0.0007217071110767748
2025-10-06 19:30:00+00:00,671.75,672.0900268554688,671.5399780273438,671.5800170898438,7648068,6.509633170576451,-0.000260527405443689
2025-10-07 13:30:00+00:00,672.5399780273438,672.989990234375,671.260009765625,671.27001953125,11873049,6.509171469633461,-0.0004617009429894736
2025-10-07 14:30:00+00:00,671.2750244140625,671.6900024414062,668.8099975585938,669.2899780273438,16047849,6.5062174161820625,-0.0029540534513987637
2025-10-07 15:30:00+00:00,669.135009765625,669.385009765625,667.6699829101562,668.4000244140625,14096923,6.5048868332473635,-0.0013305829346990095
2025-10-07 16:30:00+00:00,668.4000244140625,669.5399780273438,668.1300048828125,668.989990234375,6479381,6.505769097735836,0.0008822644884727282
2025-10-07 17:30:00+00:00,668.9199829101562,669.1900024414062,667.8099975585938,668.6295776367188,5017731,6.505230211171921,-0.0005388865639153195
2025-10-07 18:30:00+00:00,668.625,669.1400146484375,668.530029296875,668.5700073242188,4651374,6.505141114057011,-8.909711490989736e-05
2025-10-07 19:30:00+00:00,668.5700073242188,669.4000244140625,668.5499877929688,669.1300048828125,7510855,6.50597836842824,0.0008372543712287239
2025-10-08 13:30:00+00:00,670.25,671.9600219726562,669.4199829101562,671.8900146484375,14327924,6.51009465845005,0.00411629002180991
2025-10-08 14:30:00+00:00,671.885009765625,672.72998046875,671.3400268554688,672.5449829101562,8297307,6.511068998324753,0.0009743398747037446
2025-10-08 15:30:00+00:00,672.5399780273438,673.0985107421875,672.3599853515625,672.6400146484375,5306939,6.511210290026061,0.00014129170130772195
2025-10-08 16:30:00+00:00,672.6400146484375,673.030029296875,672.22998046875,672.89501953125,3676009,6.511589328667773,0.0003790386417117375
2025-10-08 17:30:00+00:00,672.89501953125,673.1400146484375,672.469970703125,672.7999877929688,6051176,6.511448090515112,-0.00014123815266042783
2025-10-08 18:30:00+00:00,672.8099975585938,673.010009765625,672.1500244140625,672.89501953125,6435076,6.511589328667773,0.00014123815266042783
2025-10-08 19:30:00+00:00,672.8900146484375,673.2056274414062,672.6599731445312,673.0399780273438,8920441,6.511804730595677,0.00021540192790414636
2025-10-09 13:30:00+00:00,673.530029296875,673.9400024414062,671.1199951171875,671.2249755859375,15147011,6.509104364809245,-0.0027003657864321795
2025-10-09 14:30:00+00:00,671.22998046875,671.8510131835938,669.969970703125,670.75,9564888,6.508396489305733,-0.0007078755035117013
2025-10-09 15:30:00+00:00,670.75,671.5800170898438,669.989990234375,670.9650268554688,5923567,6.508717014682592,0.00032052537685878235
2025-10-09 16:30:00+00:00,670.969970703125,671.125,669.3400268554688,669.4688110351562,6897228,6.506484578587027,-0.0022324360955652267
2025-10-09 17:30:00+00:00,669.4600219726562,670.3800048828125,669.2100219726562,669.8200073242188,5446757,6.507009030508521,0.0005244519214944177
2025-10-09 18:30:00+00:00,669.8099975585938,670.6699829101562,669.5184936523438,670.510009765625,6268770,6.508038631418092,0.001029600909570938
2025-10-09 19:30:00+00:00,670.510009765625,671.260009765625,670.4400024414062,671.1799926757812,10144636,6.509037346418764,0.0009987150006720569
2025-10-10 13:30:00+00:00,672.1300048828125,673.9500122070312,671.7999877929688,672.5700073242188,13260138,6.511106206168316,0.0020688597495519545
2025-10-10 14:30:00+00:00,672.5900268554688,673.0650024414062,661.9299926757812,662.4400024414062,36483143,6.495929991406766,-0.015176214761550177
2025-10-10 15:30:00+00:00,662.4400024414062,664.0900268554688,659.469970703125,661.5700073242188,29203197,6.4946158091332435,-0.001314182273522313
2025-10-10 16:30:00+00:00,661.5800170898438,662.755615234375,657.739990234375,659.780029296875,14381583,6.491906490523238,-0.00270931861000534
2025-10-10 17:30:00+00:00,659.77001953125,660.9299926757812,658.6400146484375,659.0999755859375,10836324,6.490875231017158,-0.0010312595060799623
2025-10-10 18:30:00+00:00,659.0999755859375,659.510009765625,655.530029296875,655.989990234375,15751194,6.48614553003861,-0.004729700978548301
2025-10-10 19:30:00+00:00,656.010009765625,656.8099975585938,652.8400268554688,653.1099853515625,21676394,6.48174554595352,-0.004399984085090125
2025-10-13 13:30:00+00:00,660.6500244140625,663.22998046875,659.7999877929688,660.8499755859375,24424074,6.49352684826039,0.011781302306870245
2025-10-13 14:30:00+00:00,660.8800048828125,662.8499755859375,659.7678833007812,662.719970703125,10043919,6.4963525340002,0.0028256857398103463
2025-10-13 15:30:00+00:00,662.719970703125,665.1300048828125,662.22998046875,663.489990234375,8366147,6.4975137673500605,0.001161233349860069
2025-10-13 16:30:00+00:00,663.4849853515625,664.6099853515625,662.9149780273438,663.1199951171875,6822830,6.496955961919879,-0.0005578054301818014
2025-10-13 17:30:00+00:00,663.1300048828125,664.0499877929688,662.3699951171875,663.9400024414062,4946834,6.498191787624958,0.0012358257050797405
2025-10-13 18:30:00+00:00,663.9349975585938,664.27001953125,661.6799926757812,662.8192749023438,8823369,6.496502366153015,-0.0016894214719433975
2025-10-13 19:30:00+00:00,662.7999877929688,663.6500244140625,662.6300048828125,663.0499877929688,9545246,6.496850383713184,0.00034801756016911156
2025-10-14 13:30:00+00:00,657.1699829101562,659.9099731445312,653.1699829101562,659.7899780273438,23138635,6.4919215692692145,-0.004928814443969642
2025-10-14 14:30:00+00:00,659.780029296875,661.1099853515625,659.040771484375,659.6749877929688,9588837,6.4917472709928,-0.00017429827641457507
2025-10-14 15:30:00+00:00,659.6799926757812,663.9600219726562,659.6400146484375,663.635009765625,9877056,6.497732314256836,0.0059850432640358164
2025-10-14 16:30:00+00:00,663.6400146484375,665.6400146484375,663.635009765625,665.3499755859375,8813764,6.500313181296187,0.0025808670393514532
2025-10-14 17:30:00+00:00,665.3400268554688,665.8300170898438,664.3900146484375,665.1199951171875,5560954,6.499967468163077,-0.0003457131331101593
2025-10-14 18:30:00+00:00,665.1099853515625,665.3599853515625,664.4520263671875,664.7899780273438,5388867,6.499471168258148,-0.000496299904929387
2025-10-14 19:30:00+00:00,664.7899780273438,664.7999877929688,660.3499755859375,662.2000122070312,19606185,6.495567643547201,-0.003903524710946904
2025-10-15 13:30:00+00:00,666.8200073242188,670.22998046875,666.0499877929688,669.6099853515625,17433368,6.506695431476804,0.01112778792960345
2025-10-15 14:30:00+00:00,669.6300048828125,669.89501953125,667.6500244140625,667.7100219726562,5999554,6.503853980445138,-0.002841451031666331
2025-10-15 15:30:00+00:00,667.6900024414062,667.8400268554688,663.9149780273438,665.5900268554688,11444331,6.500673905704041,-0.003180074741097272
2025-10-15 16:30:00+00:00,665.5800170898438,665.760009765625,658.9299926757812,660.8599853515625,12909879,6.493541994950543,-0.007131910753497728
2025-10-15 17:30:00+00:00,660.8900146484375,664.9099731445312,660.7000122070312,664.3109741210938,7507498,6.498750374361771,0.005208379411228314
2025-10-15 18:30:00+00:00,664.3200073242188,665.8364868164062,664.1900024414062,665.3599853515625,6421368,6.500328225544624,0.0015778511828532515
2025-10-15 19:30:00+00:00,665.3699951171875,665.4600219726562,663.25,665.0800170898438,13960833,6.4999073598681,-0.00042086567652432905
2025-10-16 13:30:00+00:00,666.8200073242188,668.0800170898438,665.4199829101562,666.9299926757812,16329797,6.50268508190002,0.002777722031919616
2025-10-16 14:30:00+00:00,666.9500122070312,668.7100219726562,665.469970703125,665.8150024414062,10033189,6.501011857842012,-0.0016732240580079605
2025-10-16 15:30:00+00:00,665.8099975585938,666.780029296875,662.2899780273438,662.469970703125,12944749,6.495975229592501,-0.005036628249510677
2025-10-16 16:30:00+00:00,662.47998046875,664.260009765625,659.3300170898438,663.5040283203125,19064371,6.497534925073067,0.0015596954805658925
2025-10-16 17:30:00+00:00,663.77001953125,664.0,657.4500122070312,658.385009765625,13512845,6.489789881432994,-0.00774504364007278
2025-10-16 18:30:00+00:00,658.3900146484375,660.9298706054688,657.1099853515625,658.9099731445312,14584535,6.490586913857026,0.0007970324240318405
2025-10-16 19:30:00+00:00,658.9199829101562,661.25,658.1400146484375,660.6699829101562,14019318,6.49325444575033,0.0026675318933042647
2025-10-17 13:30:00+00:00,659.5,663.7150268554688,658.22998046875,662.3099975585938,25472776,6.495733720588528,0.0024792748381976537
2025-10-17 14:30:00+00:00,662.3200073242188,662.4000244140625,658.510009765625,659.4199829101562,14665976,6.491360634864768,-0.004373085723759829
2025-10-17 15:30:00+00:00,659.4400024414062,663.3599853515625,658.1400146484375,663.1099853515625,10154893,6.496940866852247,0.005580231987479145
2025-10-17 16:30:00+00:00,663.1300048828125,663.635009765625,660.5499877929688,661.1900024414062,6951400,6.494041245508004,-0.002899621344242931
2025-10-17 17:30:00+00:00,661.1599731445312,665.0399780273438,660.7100219726562,664.6300048828125,8819016,6.499230502182176,0.005189256674171361
2025-10-17 18:30:00+00:00,664.6500244140625,665.7550048828125,664.030029296875,665.1300048828125,8491669,6.499982517613368,0.0007520154311926319
2025-10-17 19:30:00+00:00,665.1300048828125,665.1300048828125,664.030029296875,664.3099975585938,10296749,6.498748904322504,-0.001233613290864355
2025-10-20 13:30:00+00:00,667.3200073242188,670.3900146484375,667.27001953125,670.2650146484375,13682235,6.507673178429406,0.008924274106901997
2025-10-20 14:30:00+00:00,670.260009765625,671.4600219726562,669.8099975585938,670.9199829101562,8249804,6.5086498793543015,0.000976700924895546
2025-10-20 15:30:00+00:00,670.9299926757812,671.3099975585938,670.1599731445312,670.8099975585938,7691920,6.508485933771494,-0.0001639455828073011
2025-10-20 16:30:00+00:00,670.8049926757812,672.010009765625,670.2999877929688,671.6099243164062,4774133,6.509677702218098,0.001191768446603625
2025-10-20 17:30:00+00:00,671.6099853515625,672.2100219726562,671.5449829101562,671.8413696289062,4078188,6.510022255557445,0.0003445533393469091
2025-10-20 18:30:00+00:00,671.8499755859375,672.030029296875,671.1749877929688,671.7100219726562,5444832,6.509826732472151,-0.00019552308529391382
2025-10-20 19:30:00+00:00,671.719970703125,672.0999755859375,671.2000122070312,671.260009765625,8971962,6.50915655783945,-0.000670174632700693
2025-10-21 13:30:00+00:00,671.4400024414062,671.9000244140625,669.9810180664062,670.5999755859375,11806909,6.508172797625831,-0.0009837602136189005
2025-10-21 14:30:00+00:00,670.5900268554688,672.7313232421875,670.260009765625,671.9000244140625,9463511,6.510109556261961,0.0019367586361296318
2025-10-21 15:30:00+00:00,671.9000244140625,672.6749877929688,671.4000244140625,672.6300048828125,5766150,6.511195408603774,0.0010858523418129096
2025-10-21 16:30:00+00:00,672.6500244140625,672.989990234375,670.760009765625,671.6099853515625,7703827,6.509677793096971,-0.0015176155068026276
2025-10-21 17:30:00+00:00,671.625,672.52001953125,671.25,672.280029296875,4486077,6.510674963986747,0.0009971708897760223
2025-10-21 18:30:00+00:00,672.280029296875,672.4299926757812,671.6900024414062,671.905029296875,4864153,6.510117005084688,-0.0005579589020587861
2025-10-21 19:30:00+00:00,671.9000244140625,672.4000244140625,671.1599731445312,671.239990234375,6694112,6.509126733584327,-0.0009902715003615725
2025-10-22 13:30:00+00:00,672.0,672.0,669.3200073242188,669.4299926757812,10333100,6.506426593085392,-0.0027001404989350775
2025-10-22 14:30:00+00:00,669.4500122070312,670.4099731445312,667.5999755859375,667.8499755859375,11308219,6.504063560866907,-0.002363032218484662
2025-10-22 15:30:00+00:00,667.8599853515625,669.7650146484375,667.1500244140625,667.6199951171875,6656961,6.503719142083904,-0.0003444187830030643
2025-10-22 16:30:00+00:00,665.25,668.219970703125,664.010009765625,665.4199829101562,15215932,6.500418394558384,-0.003300747525520009
2025-10-22 17:30:00+00:00,665.4099731445312,666.2000122070312,663.2999877929688,665.673095703125,9837181,6.500798702742817,0.00038030818443335335
2025-10-22 18:30:00+00:00,665.6599731445312,667.6400146484375,665.0499877929688,667.4299926757812,10281770,6.503434504887655,0.0026358021448373847
2025-10-22 19:30:00+00:00,667.5499267578125,668.3599853515625,667.2999877929688,667.8099975585938,10559424,6.5040036982848735,0.0005691933972187257
2025-10-23 13:30:00+00:00,668.1199951171875,670.739990234375,667.7999877929688,669.4000244140625,13386251,6.506381825248786,0.002378126963912486
2025-10-23 14:30:00+00:00,669.4000244140625,670.3900146484375,668.989990234375,670.0399780273438,6176978,6.507337379302434,0.000955554053647667
2025-10-23 15:30:00+00:00,670.2899780273438,671.0800170898438,668.72998046875,670.5399780273438,5485990,6.508083325146136,0.0007459458437022448
2025-10-23 16:30:00+00:00,670.7100219726562,671.6500244140625,670.4000244140625,671.010009765625,6176655,6.508784054543909,0.0007007293977734363
2025-10-23 17:30:00+00:00,671.0150146484375,672.5499877929688,670.9902954101562,672.489990234375,6679694,6.510987226955369,0.0022031724114599527
2025-10-23 18:30:00+00:00,672.4849853515625,672.7100830078125,672.27001953125,672.4509887695312,7558689,6.510929229667067,-5.799728830258033e-05
2025-10-23 19:30:00+00:00,672.4500122070312,672.4500122070312,671.2999877929688,671.6099853515625,11964616,6.509677793096971,-0.001251436570095521
2025-10-24 13:30:00+00:00,676.4600219726562,677.9400024414062,675.6500244140625,676.780029296875,15088349,6.5173463003165795,0.007668507219608323
2025-10-24 14:30:00+00:00,676.760009765625,678.3800048828125,675.9099731445312,678.1500244140625,9123041,6.5193685384097,0.002022238093120521
2025-10-24 15:30:00+00:00,678.1900024414062,678.4600219726562,677.469970703125,677.885009765625,6316493,6.518977671440733,-0.000390866968967174
2025-10-24 16:30:00+00:00,677.9450073242188,678.2451782226562,677.2100219726562,678.0599975585938,4618665,6.5192357759995385,0.00025810455880570515
2025-10-24 17:30:00+00:00,678.052001953125,678.4299926757812,677.8699951171875,678.1699829101562,3849094,6.519397968774197,0.00016219277465889803
2025-10-24 18:30:00+00:00,678.1599731445312,678.469970703125,677.75,678.2420043945312,5141529,6.519504162887958,0.00010619411376033838
2025-10-24 19:30:00+00:00,678.239990234375,678.27001953125,676.7650146484375,677.1099853515625,14979581,6.517833719616005,-0.0016704432719523155
2025-10-27 13:30:00+00:00,682.72998046875,683.6099853515625,682.114990234375,683.030029296875,14388923,6.52653882536398,0.008705105747974784
2025-10-27 14:30:00+00:00,683.030029296875,683.3699951171875,682.5499877929688,683.3599853515625,6305695,6.527021785657255,0.0004829602932749921
2025-10-27 15:30:00+00:00,683.3599853515625,683.780029296875,683.2000122070312,683.5,5122235,6.527226656164005,0.00020487050674944385
2025-10-27 16:30:00+00:00,683.510009765625,683.8800048828125,683.1699829101562,683.4398803710938,4548864,6.527138693803979,-8.79623600260615e-05
2025-10-27 17:30:00+00:00,683.4400024414062,683.989990234375,683.3150024414062,683.8499755859375,5052167,6.527738559626656,0.000599865822677792
2025-10-27 18:30:00+00:00,683.85498046875,684.2999877929688,683.85498046875,684.22998046875,6131972,6.5282940898658115,0.0005555302391551109
2025-10-27 19:30:00+00:00,684.22998046875,685.5399780273438,684.1849975585938,685.1799926757812,13299680,6.529681566776404,0.0013874769105921558
2025-10-28 13:30:00+00:00,687.0499877929688,687.2225952148438,685.1199951171875,686.1300048828125,11751741,6.531067121261831,0.0013855544854273205
2025-10-28 14:30:00+00:00,686.1199951171875,686.3699951171875,685.3699951171875,685.530029296875,6552328,6.53019230445701,-0.0008748168048207106
2025-10-28 15:30:00+00:00,685.52001953125,686.2244873046875,684.8300170898438,686.1820068359375,4795708,6.531142908623169,0.0009506041661584419
2025-10-28 16:30:00+00:00,687.1099853515625,687.3699951171875,686.0599975585938,687.010009765625,6949015,6.532348862371845,0.0012059537486761585
2025-10-28 17:30:00+00:00,687.02001953125,688.4000244140625,686.875,688.051025390625,5511839,6.533862999995225,0.0015141376233804849
2025-10-28 18:30:00+00:00,688.0549926757812,688.905029296875,687.780029296875,688.6900024414062,7446727,6.534791245879882,0.0009282458846566755
2025-10-28 19:30:00+00:00,688.7000122070312,688.7100219726562,686.905029296875,686.97998046875,11438251,6.532305151286476,-0.0024860945934062073
2025-10-29 13:30:00+00:00,688.719970703125,689.7000122070312,688.1500244140625,688.97998046875,13854605,6.535212214668087,0.0029070633816115077
2025-10-29 14:30:00+00:00,688.969970703125,689.110107421875,687.8099975585938,688.3099975585938,11165854,6.534239314300421,-0.0009729003676666181
2025-10-29 15:30:00+00:00,688.3200073242188,688.530029296875,687.5900268554688,688.469970703125,7199840,6.534471701681032,0.00023238738061159836
2025-10-29 16:30:00+00:00,688.469970703125,688.8099975585938,687.739990234375,687.9299926757812,3626569,6.533687077924256,-0.0007846237567763481
2025-10-29 17:30:00+00:00,687.739990234375,688.9400024414062,687.3300170898438,688.010009765625,6768542,6.533803386905451,0.00011630898119463495
2025-10-29 18:30:00+00:00,688.0,688.719970703125,682.8699951171875,685.4299926757812,23454876,6.530046367858323,-0.003757019047127663
2025-10-29 19:30:00+00:00,685.3900146484375,687.3599853515625,684.0499877929688,687.3099975585938,11485407,6.532785424156778,0.002739056298454834
2025-10-30 13:30:00+00:00,683.9000244140625,685.9400024414062,681.3900146484375,683.469970703125,18837297,6.527182720602107,-0.0056027035546710735
2025-10-30 14:30:00+00:00,683.4600219726562,685.719970703125,683.4099731445312,684.7999877929688,6813187,6.529126807001844,0.0019440863997370883
2025-10-30 15:30:00+00:00,684.7999877929688,685.1500244140625,683.010009765625,684.9299926757812,6261673,6.529316632566089,0.00018982556424518293
2025-10-30 16:30:00+00:00,684.9500122070312,684.9500122070312,683.0700073242188,684.4000244140625,5035455,6.528542577690251,-0.0007740548758379262
2025-10-30 17:30:00+00:00,684.4000244140625,684.6400146484375,682.5399780273438,682.9400024414062,6153682,6.526407011556199,-0.0021355661340516363
2025-10-30 18:30:00+00:00,682.9299926757812,683.489990234375,680.3400268554688,681.280029296875,9536437,6.523973424707807,-0.002433586848392011
2025-10-30 19:30:00+00:00,681.2899780273438,681.9849853515625,679.8599853515625,679.969970703125,13490372,6.52204863646434,-0.0019247882434676455
2025-10-31 13:30:00+00:00,685.0399780273438,685.0800170898438,682.2100219726562,683.25,14350210,6.526860824808177,0.004812188343837676
2025-10-31 14:30:00+00:00,683.239990234375,684.75,683.0900268554688,683.739990234375,6749024,6.527577714118063,0.0007168893098858931
2025-10-31 15:30:00+00:00,683.75,684.1799926757812,680.510009765625,681.77001953125,11407525,6.524692386210216,-0.002885327907847568
2025-10-31 16:30:00+00:00,681.760009765625,682.4500122070312,679.239990234375,679.7899780273438,7940723,6.521783894622222,-0.002908491587994
2025-10-31 17:30:00+00:00,679.7999877929688,682.4400024414062,679.4299926757812,682.3099975585938,7245133,6.525484096445369,0.003700201823146898
2025-10-31 18:30:00+00:00,682.3200073242188,684.280029296875,681.72998046875,684.1099853515625,8229578,6.528118701993657,0.0026346055482884267
2025-10-31 19:30:00+00:00,684.0900268554688,684.7999877929688,681.9299926757812,681.9749755859375,19675447,6.524992964481028,-0.003125737512629456
2025-11-03 14:30:00+00:00,685.6699829101562,685.7999877929688,680.239990234375,680.4600219726562,15033447,6.522769072346179,-0.0022238921348485263
2025-11-03 15:30:00+00:00,680.4500122070312,682.9000244140625,679.9400024414062,682.0501098632812,6734250,6.525103130017162,0.0023340576709829364
2025-11-03 16:30:00+00:00,682.0599975585938,683.9000244140625,681.9500122070312,682.7479858398438,4962814,6.526125810279662,0.0010226802625004083
2025-11-03 17:30:00+00:00,682.75,684.2100219726562,682.72998046875,683.6300048828125,3456101,6.527416842734031,0.001291032454368235
2025-11-03 18:30:00+00:00,683.6400146484375,684.22998046875,683.0800170898438,683.260009765625,4071677,6.526875474924976,-0.0005413678090544494
2025-11-03 19:30:00+00:00,683.25,683.655029296875,682.5800170898438,683.1300048828125,6422260,6.526685185356389,-0.0001902895685867989
2025-11-03 20:30:00+00:00,683.1400146484375,683.3800048828125,682.4500122070312,683.3699951171875,9788314,6.527036433416166,0.00035124805977648776
2025-11-04 14:30:00+00:00,676.1099853515625,679.64501953125,674.6699829101562,679.3200073242188,17674626,6.52109230861826,-0.0059441247979057366
2025-11-04 15:30:00+00:00,679.3200073242188,679.9600219726562,677.5599975585938,678.2000122070312,7140950,6.5194422476907,-0.0016500609275604816
2025-11-04 16:30:00+00:00,678.2100219726562,678.6300048828125,675.6799926757812,676.9299926757812,7361680,6.517567859405432,-0.0018743882852678695
2025-11-04 17:30:00+00:00,676.9299926757812,677.25,674.97998046875,675.25,6018757,6.515082992672725,-0.0024848667327068696
2025-11-04 18:30:00+00:00,675.25,676.6799926757812,674.7100219726562,676.2949829101562,8127022,6.516629346115046,0.0015463534423210135
2025-11-04 19:30:00+00:00,676.2899780273438,676.375,674.5800170898438,675.9600219726562,9265368,6.516133935200475,-0.0004954109145707264
2025-11-04 20:30:00+00:00,675.969970703125,676.5349731445312,674.614990234375,675.3400268554688,14041621,6.515216307525955,-0.000917627674520638
2025-11-05 14:30:00+00:00,674.97998046875,678.0900268554688,674.1699829101562,677.4400024414062,16529139,6.518320991550371,0.0031046840244162155
2025-11-05 15:30:00+00:00,677.4349975585938,678.3984985351562,676.760009765625,678.2899780273438,7754225,6.519574892709966,0.0012539011595951166
2025-11-05 16:30:00+00:00,678.27001953125,680.0999755859375,678.0850219726562,680.0458984375,6475145,6.5221602935944905,0.0025854008845245247
2025-11-05 17:30:00+00:00,680.0499877929688,680.8599243164062,679.9400024414062,680.4099731445312,6079943,6.5226955181810835,0.0005352245865930527
2025-11-05 18:30:00+00:00,680.4000244140625,680.8599853515625,679.739990234375,680.2100219726562,4969954,6.522401606326147,-0.00029391185493654604
2025-11-05 19:30:00+00:00,680.2100219726562,680.52001953125,679.6699829101562,679.760009765625,6145774,6.52173980906157,-0.0006617972645770465
2025-11-05 20:30:00+00:00,679.760009765625,679.864990234375,677.4000244140625,677.5,13994312,6.518409552753856,-0.003330256307713775
2025-11-06 14:30:00+00:00,676.469970703125,677.3800048828125,672.52001953125,674.5399169921875,16428944,6.514030854018586,-0.004378698735270525
2025-11-06 15:30:00+00:00,674.5399780273438,674.6699829101562,670.219970703125,671.4099731445312,13018591,6.509379938687221,-0.004650915331364303
2025-11-06 16:30:00+00:00,671.4099731445312,671.4099731445312,668.719970703125,669.5850219726562,8873590,6.506658150305992,-0.00272178838122894
2025-11-06 17:30:00+00:00,669.5800170898438,671.5800170898438,669.1300048828125,670.9600219726562,7639737,6.508709555424242,0.0020514051182498605
2025-11-06 18:30:00+00:00,670.9400024414062,673.5250244140625,670.9099731445312,673.4000244140625,6920127,6.512339542981892,0.003629987557649983
2025-11-06 19:30:00+00:00,673.3900146484375,673.7000122070312,672.030029296875,672.3200073242188,7663822,6.510734428550583,-0.0016051144313093957
2025-11-06 20:30:00+00:00,672.3099975585938,672.719970703125,669.530029296875,670.239990234375,14641546,6.5076358426283845,-0.0030985859221983603
2025-11-07 14:30:00+00:00,667.9099731445312,667.97998046875,663.969970703125,665.9299926757812,21982631,6.501184548912874,-0.006451293715510786
2025-11-07 15:30:00+00:00,665.9149780273438,666.3099975585938,662.25,662.8250122070312,14548847,6.496511022026605,-0.00467352688626832
2025-11-07 16:30:00+00:00,662.8200073242188,664.2750244140625,661.2050170898438,663.5750122070312,10693271,6.497641902705324,0.001130880678718249
2025-11-07 17:30:00+00:00,663.52001953125,665.5750122070312,662.010009765625,665.3099975585938,7717916,6.50025309377847,0.002611191073146557
2025-11-07 18:30:00+00:00,665.2999877929688,666.6799926757812,664.219970703125,666.4500122070312,8683895,6.501965136366527,0.0017120425880570167
2025-11-07 19:30:00+00:00,666.47998046875,670.030029296875,666.47998046875,668.6649780273438,16350929,6.5052831544677465,0.0033180181012193444
2025-11-07 20:30:00+00:00,668.6599731445312,671.0800170898438,668.6599731445312,670.9199829101562,11413834,6.5086498793543015,0.0033667248865549837
2025-11-10 14:30:00+00:00,677.2349853515625,679.219970703125,677.030029296875,678.8599853515625,17208872,6.520414899154525,0.011765019800223264
2025-11-10 15:30:00+00:00,678.8699951171875,678.989990234375,675.239990234375,675.5549926757812,10399188,6.515534564413454,-0.004880334741070413
2025-11-10 16:30:00+00:00,675.5499877929688,677.8499755859375,675.030029296875,677.4650268554688,6587134,6.518357930543916,0.0028233661304613022
2025-11-10 17:30:00+00:00,677.4650268554688,680.0499877929688,677.4650268554688,679.4749755859375,6811816,6.5213204052249445,0.002962474681028837
2025-11-10 18:30:00+00:00,679.5,680.9555053710938,679.4949951171875,680.781494140625,5329387,6.523241394370067,0.0019209891451223982
2025-11-10 19:30:00+00:00,680.780029296875,682.0800170898438,680.5399780273438,681.3099975585938,8583825,6.524017411910315,0.0007760175402484748
2025-11-10 20:30:00+00:00,681.2999877929688,682.1799926757812,681.030029296875,681.3200073242188,11349351,6.524032103742418,1.4691832102897706e-05
2025-11-11 14:30:00+00:00,679.9500122070312,680.844970703125,678.8200073242188,679.4550170898438,9949914,6.521291031384934,-0.002741072357483887
2025-11-11 15:30:00+00:00,679.4500122070312,680.739990234375,678.72998046875,679.3200073242188,5909568,6.52109230861826,-0.00019872276667420863
2025-11-11 16:30:00+00:00,679.3599853515625,681.3900146484375,678.760009765625,681.0305786132812,5143141,6.523607207657256,0.0025148990389958215
2025-11-11 17:30:00+00:00,681.0499877929688,683.239990234375,680.9500122070312,682.9099731445312,5550886,6.526363039967201,0.0027558323099450277
2025-11-11 18:30:00+00:00,682.9099731445312,683.3200073242188,682.1599731445312,683.1300048828125,6015353,6.526685185356389,0.00032214538918839963
2025-11-11 19:30:00+00:00,683.1400146484375,683.5499877929688,682.7100219726562,682.9000244140625,8298060,6.52634847171761,-0.0003367136387790737
2025-11-11 20:30:00+00:00,682.9000244140625,683.5700073242188,682.2949829101562,682.8699951171875,10392705,6.52630449755439,-4.397416322010628e-05
2025-11-12 14:30:00+00:00,684.7899780273438,684.9600219726562,682.8099975585938,683.1950073242188,12108358,6.526780334666948,0.0004758371125577199
2025-11-12 15:30:00+00:00,683.2000122070312,683.2598876953125,681.1400146484375,682.4099731445312,7131687,6.525630610878018,-0.0011497237889299683
2025-11-12 16:30:00+00:00,682.4000244140625,683.010009765625,680.9450073242188,682.469970703125,6594287,6.525718527121351,8.791624333337467e-05
2025-11-12 17:30:00+00:00,682.469970703125,683.9299926757812,682.3800048828125,683.4949951171875,5314215,6.527219333704404,0.0015008065830528494
2025-11-12 18:30:00+00:00,683.5,684.14990234375,682.47998046875,682.72998046875,5227355,6.526099438018024,-0.0011198956863802678
2025-11-12 19:30:00+00:00,682.739990234375,683.409912109375,682.0919799804688,683.3400268554688,7436572,6.526992578814617,0.0008931407965926397
2025-11-12 20:30:00+00:00,683.3400268554688,684.0700073242188,682.66162109375,683.2849731445312,10876065,6.526912009951955,-8.056886266150087e-05
2025-11-13 14:30:00+00:00,680.5,680.8599853515625,677.530029296875,678.9400024414062,15197774,6.5205327620071625,-0.00637924794479261
2025-11-13 15:30:00+00:00,678.9500122070312,679.030029296875,674.9600219726562,675.72998046875,13069959,6.51579355907028,-0.004739202936882236
2025-11-13 16:30:00+00:00,675.719970703125,676.6199951171875,674.219970703125,675.9199829101562,10409918,6.516074700560763,0.00028114149048263926
2025-11-13 17:30:00+00:00,675.9000244140625,676.5,672.594970703125,672.8300170898438,9175823,6.511492722838665,-0.004581977722097896
2025-11-13 18:30:00+00:00,672.8200073242188,673.5499877929688,671.52001953125,673.5399780273438,12030527,6.512547352703976,0.0010546298653109076
2025-11-13 19:30:00+00:00,673.510009765625,673.6300048828125,670.52001953125,671.6300048828125,12889539,6.509707600921928,-0.0028397517820479834
2025-11-13 20:30:00+00:00,671.6199951171875,673.02001953125,670.760009765625,672.0499877929688,15287085,6.510332724353283,0.0006251234313552345
2025-11-14 14:30:00+00:00,665.3800048828125,669.9600219726562,663.2650146484375,669.7899780273438,25943449,6.506964197613561,-0.0033685267397220997
2025-11-14 15:30:00+00:00,669.780029296875,674.8699951171875,669.1599731445312,674.39501953125,16892603,6.5138160216236765,0.006851824010115415
2025-11-14 16:30:00+00:00,674.4000244140625,675.6400146484375,672.760009765625,675.0499877929688,8106653,6.514786744120104,0.0009707224964277117
2025-11-14 17:30:00+00:00,675.0549926757812,675.6599731445312,672.1400146484375,673.1300048828125,9745100,6.511938483177811,-0.002848260942292846
2025-11-14 18:30:00+00:00,673.1099853515625,674.4400024414062,671.489990234375,674.0198974609375,9663134,6.5132596319319545,0.001321148754143131
2025-11-14 19:30:00+00:00,674.02001953125,675.1199951171875,672.2100219726562,672.64501953125,9331407,6.511217730654159,-0.002041901277795688
2025-11-14 20:30:00+00:00,672.6400146484375,673.1099853515625,671.1699829101562,671.9500122070312,10575754,6.51018395115965,-0.0010337794945085577
2025-11-17 14:30:00+00:00,669.7000122070312,673.7100219726562,668.9199829101562,672.0599975585938,14885512,6.510347618618982,0.00016366745933193982
2025-11-17 15:30:00+00:00,672.0399780273438,672.3699951171875,667.77001953125,670.4749755859375,11859278,6.507986380005768,-0.002361238613214134
2025-11-17 16:30:00+00:00,670.47998046875,673.0,670.3720092773438,672.3101196289062,6729432,6.510719721613539,0.002733341607770612
2025-11-17 17:30:00+00:00,672.3300170898438,672.5900268554688,668.219970703125,668.7100219726562,7123778,6.505350516195503,-0.005369205418035428
2025-11-17 18:30:00+00:00,668.7000122070312,669.9099731445312,664.969970703125,665.8394775390625,10600848,6.501048616773142,-0.004301899422361366
2025-11-17 19:30:00+00:00,665.8300170898438,666.1414794921875,662.1699829101562,663.739990234375,15165730,6.497890491816258,-0.0031581249568839453
2025-11-17 20:30:00+00:00,663.760009765625,665.77001953125,663.094970703125,665.6900024414062,14471416,6.500824100379729,0.002933608563471246
2025-11-18 14:30:00+00:00,662.094970703125,664.260009765625,656.7999877929688,659.0850219726562,30082907,6.49085254283104,-0.00997155754868917
2025-11-18 15:30:00+00:00,659.0800170898438,661.8699951171875,655.8599853515625,661.5750122070312,17955093,6.49462337426441,0.003770831433370425
2025-11-18 16:30:00+00:00,661.5599975585938,662.3699951171875,658.5599975585938,658.6199951171875,10239073,6.490146729513578,-0.004476644750832648
2025-11-18 17:30:00+00:00,658.6099853515625,664.4600219726562,657.9099731445312,663.3300170898438,11883583,6.497272629675887,0.0071259001623094065
2025-11-18 18:30:00+00:00,663.3499755859375,665.1199951171875,662.5700073242188,662.9299926757812,9178711,6.496669392869759,-0.0006032368061283933
2025-11-18 19:30:00+00:00,662.9299926757812,664.9600219726562,661.5,662.4199829101562,11299181,6.495899770052852,-0.0007696228169065122
2025-11-18 20:30:00+00:00,662.4199829101562,662.780029296875,660.0,660.1400146484375,16397145,6.492451955927964,-0.003447814124887927
2025-11-19 14:30:00+00:00,660.780029296875,667.3400268554688,660.1099853515625,666.25,18990342,6.501664975480054,0.00921301955208964
2025-11-19 15:30:00+00:00,666.27001953125,666.5545043945312,661.280029296875,662.010009765625,12743869,6.495280676314575,-0.0063842991654787795
2025-11-19 16:30:00+00:00,662.02001953125,662.97998046875,660.22998046875,661.1699829101562,9632018,6.494010967018828,-0.0012697092957472123
2025-11-19 17:30:00+00:00,661.1799926757812,662.6199951171875,658.7449951171875,661.0200805664062,11136653,6.493784218461971,-0.0002267485568570038
2025-11-19 18:30:00+00:00,661.010009765625,663.3300170898438,659.47998046875,659.7999877929688,9746101,6.491936740293372,-0.0018474781685986486
2025-11-19 19:30:00+00:00,659.7899780273438,664.4000244140625,659.3300170898438,663.5,10552435,6.497528853772263,0.005592113478890326
2025-11-19 20:30:00+00:00,663.5,664.760009765625,661.739990234375,662.6500244140625,10568754,6.49624698416976,-0.001281869602502539
2025-11-20 14:30:00+00:00,672.9099731445312,675.4099731445312,672.469970703125,674.8300170898438,22654072,6.514460832625339,0.01821384845557894
2025-11-20 15:30:00+00:00,674.8300170898438,675.5599975585938,667.4199829101562,667.9000244140625,18452670,6.50413849828506,-0.010322334340279404
2025-11-20 16:30:00+00:00,667.8900146484375,668.1699829101562,656.5999755859375,658.5700073242188,35358991,6.490070828857029,-0.01406766942803106
2025-11-20 17:30:00+00:00,658.5499877929688,661.969970703125,655.4500122070312,659.5800170898438,23036996,6.491603294729018,0.001532465871989075
2025-11-20 18:30:00+00:00,659.5499877929688,660.0,653.8599853515625,657.010009765625,15966030,6.487699253932668,-0.0039040407963497614
2025-11-20 19:30:00+00:00,656.97998046875,658.25,655.2100219726562,656.2000122070312,16777503,6.486465639129609,-0.0012336148030591687
2025-11-20 20:30:00+00:00,656.2000122070312,656.5599975585938,651.8900146484375,652.530029296875,20340783,6.480857160048792,-0.005608479080816409
2025-11-21 14:30:00+00:00,655.0499877929688,656.469970703125,652.3400268554688,653.0800170898438,27153970,6.4816996594260345,0.000842499377242234
2025-11-21 15:30:00+00:00,653.0900268554688,655.969970703125,650.8499755859375,655.9299926757812,15869531,6.486054064767226,0.0043544053411910255
2025-11-21 16:30:00+00:00,655.9299926757812,661.1900024414062,655.219970703125,660.3800048828125,17590697,6.492815434305372,0.0067613695381467664
2025-11-21 17:30:00+00:00,660.3825073242188,661.5117797851562,656.8800048828125,658.3599853515625,10519402,6.489751871925977,-0.0030635623793955347
2025-11-21 18:30:00+00:00,658.3499755859375,664.5499877929688,658.0,664.22998046875,13617205,6.4986284456366326,0.008876573710655755
2025-11-21 19:30:00+00:00,664.2100219726562,664.52001953125,659.6199951171875,659.6300048828125,13077513,6.491679079163885,-0.006949366472747798
2025-11-21 20:30:00+00:00,659.5999755859375,661.25,658.22998046875,659.0800170898438,15592819,6.490844949119078,-0.0008341300448071465
2025-11-24 14:30:00+00:00,662.6900024414062,665.780029296875,661.5900268554688,665.5449829101562,16982668,6.500606228203262,0.009761279084184338
2025-11-24 15:30:00+00:00,665.510009765625,668.3900146484375,664.9500122070312,667.969970703125,9552325,6.504243218488945,0.003636990285682984
2025-11-24 16:30:00+00:00,667.9600219726562,668.4896850585938,666.9000244140625,668.1856079101562,5776808,6.504565991094703,0.00032277260575774847
2025-11-24 17:30:00+00:00,668.1799926757812,669.75,667.9400024414062,669.1900024414062,5577341,6.506068029433538,0.001502038338835554
2025-11-24 18:30:00+00:00,669.1799926757812,669.8099975585938,668.6900024414062,668.89990234375,4862184,6.505634426129061,-0.0004336033044776144
2025-11-24 19:30:00+00:00,668.9000244140625,669.489990234375,667.8699951171875,668.9400024414062,7710472,6.5056943736571995,5.994752813887061e-05
2025-11-24 20:30:00+00:00,668.9299926757812,670.0599975585938,668.6099853515625,668.8099975585938,14162469,6.505500010161446,-0.00019436349575308043
2025-11-25 14:30:00+00:00,668.6300048828125,669.97998046875,664.47998046875,668.5800170898438,19859510,6.505156085848421,-0.0003439243130252123
2025-11-25 15:30:00+00:00,668.5399780273438,671.0700073242188,668.4400024414062,670.4199829101562,10317324,6.507904356167191,0.0027482703187695634
2025-11-25 16:30:00+00:00,670.4099731445312,673.8800048828125,670.219970703125,673.3200073242188,8602231,6.5122207104286485,0.004316354261457711
2025-11-25 17:30:00+00:00,673.3099975585938,674.375,673.1500244140625,674.0250244140625,8248616,6.513267238433848,0.001046528005199221
2025-11-25 18:30:00+00:00,674.030029296875,674.4000244140625,672.7000122070312,673.3200073242188,6288333,6.5122207104286485,-0.001046528005199221
2025-11-25 19:30:00+00:00,673.3200073242188,674.7899780273438,672.4400024414062,674.5,8435426,6.51397167564781,0.0017509652191618486
2025-11-25 20:30:00+00:00,674.510009765625,676.2100219726562,674.4550170898438,675.0,10722148,6.51471269087253,0.0007410152247198099
2025-11-26 14:30:00+00:00,677.6300048828125,679.47998046875,676.719970703125,678.1300048828125,14605661,6.519339017173939,0.004626326301409023
2025-11-26 15:30:00+00:00,678.1500244140625,680.8699951171875,678.0606079101562,680.530029296875,7740362,6.522871949401328,0.0035329322273884856
2025-11-26 16:30:00+00:00,680.530029296875,681.6900024414062,680.2899780273438,680.9400024414062,6971969,6.52347420012645,0.0006022507251222109
2025-11-26 17:30:00+00:00,680.9400024414062,681.7000122070312,679.75,681.1099853515625,6534291,6.523723798764623,0.00024959863817297645
2025-11-26 18:30:00+00:00,681.114990234375,681.2899780273438,679.5900268554688,681.239990234375,7179405,6.523914652635562,0.00019085387093920048
2025-11-26 19:30:00+00:00,681.25,681.5900268554688,680.489990234375,681.2000122070312,8892712,6.523855966708426,-5.8685927135648797e-05
2025-11-26 20:30:00+00:00,681.2000122070312,681.4000244140625,679.6199951171875,679.6300048828125,12247255,6.521548539621882,-0.0023074270865439672
2025-11-28 14:30:00+00:00,680.8599853515625,682.3200073242188,680.5,681.6900024414062,9771492,6.5245750126332185,0.0030264730113360727
2025-11-28 15:30:00+00:00,681.6900024414062,682.9400024414062,681.6099853515625,682.1500244140625,8375543,6.525249610798756,0.0006745981655376099
2025-11-28 16:30:00+00:00,682.1599731445312,683.0,681.7999877929688,682.3150024414062,9614422,6.525491431622157,0.00024182082340118427
2025-12-01 14:30:00+00:00,678.8099975585938,681.8599853515625,678.739990234375,679.8300170898438,13905746,6.52184279205335,-0.0036486395688068995
2025-12-01 15:30:00+00:00,679.8400268554688,681.8300170898438,678.8400268554688,681.0798950195312,6028113,6.523679619414197,0.0018368273608464492
2025-12-01 16:30:00+00:00,681.0800170898438,682.510009765625,681.0700073242188,682.010009765625,3969382,6.525044334811452,0.001364715397254912
2025-12-01 17:30:00+00:00,682.0,682.7899780273438,681.72998046875,682.47998046875,3158793,6.525733193982385,0.0006888591709328651
2025-12-01 18:30:00+00:00,682.5,682.989990234375,680.47998046875,680.5999755859375,6003075,6.5229747261954225,-0.0027584677869620933
2025-12-01 19:30:00+00:00,680.60498046875,681.094970703125,679.8200073242188,680.72998046875,6447261,6.5231657230696625,0.00019099687423995704
2025-12-01 20:30:00+00:00,680.719970703125,681.0700073242188,679.375,680.27001953125,15182014,6.522489806897713,-0.0006759161719491757
2025-12-02 14:30:00+00:00,681.9199829101562,683.280029296875,681.4199829101562,681.5800170898438,10356591,6.524413657435458,0.0019238505377447979
2025-12-02 15:30:00+00:00,681.5900268554688,683.8200073242188,679.6699829101562,680.010009765625,10830478,6.5221075183053765,-0.002306139130081597
2025-12-02 16:30:00+00:00,679.969970703125,682.6500244140625,679.3275146484375,682.4400024414062,6538218,6.525674614684175,0.0035670963787985954
2025-12-02 17:30:00+00:00,682.4400024414062,682.8400268554688,679.9299926757812,681.0399780273438,5105694,6.523621009312415,-0.0020536053717599145
2025-12-02 18:30:00+00:00,681.030029296875,681.9400024414062,680.219970703125,681.3900146484375,5297198,6.52413485094931,0.0005138416368950516
2025-12-02 19:30:00+00:00,681.3699951171875,682.7000122070312,681.2999877929688,682.5050048828125,7600401,6.525769860193857,0.0016350092445467368
2025-12-02 20:30:00+00:00,682.5,682.8800048828125,681.3699951171875,681.47998046875,9477732,6.524266875017292,-0.001502985176564664
2025-12-03 14:30:00+00:00,680.5700073242188,682.3400268554688,679.6900024414062,681.6799926757812,12869639,6.524560328775335,0.0002934537580427943
2025-12-03 15:30:00+00:00,681.6500244140625,682.989990234375,681.3298950195312,682.385009765625,6854134,6.525594029004225,0.0010337002288896002
2025-12-03 16:30:00+00:00,682.385009765625,683.7000122070312,681.6099853515625,683.5599975585938,5419356,6.5273144322071035,0.0017204032028788063
2025-12-03 17:30:00+00:00,683.5499877929688,684.1849975585938,683.25,683.9099731445312,6141586,6.527826290750364,0.0005118585432608569
2025-12-03 18:30:00+00:00,683.9299926757812,684.5,683.78662109375,684.3300170898438,3990140,6.52844028239146,0.000613991641095879
2025-12-03 19:30:00+00:00,684.3300170898438,684.9099731445312,684.1649780273438,684.522705078125,5891735,6.52872181448974,0.0002815320982794134
2025-12-03 20:30:00+00:00,684.5250244140625,684.6199951171875,683.5499877929688,683.8099975585938,10644210,6.527680097687081,-0.0010417168026588541
2025-12-04 14:30:00+00:00,685.2999877929688,685.3499755859375,682.1699829101562,683.594970703125,11590647,6.52736559413878,-0.00031450354830120375
2025-12-04 15:30:00+00:00,683.5900268554688,684.5599975585938,682.2100219726562,683.351318359375,8154207,6.527009102668296,-0.0003564914704838884
2025-12-04 16:30:00+00:00,683.3099975585938,684.5800170898438,682.8599853515625,684.02001953125,7353310,6.527987185514783,0.0009780828464869273
2025-12-04 17:30:00+00:00,684.030029296875,684.77001953125,683.4650268554688,684.6774291992188,4336100,6.5289478210725305,0.0009606355577478354
2025-12-04 18:30:00+00:00,684.6699829101562,684.75,681.3400268554688,682.1799926757812,8069626,6.525293541902446,-0.003654279170084429
2025-12-04 19:30:00+00:00,682.1900024414062,683.9600219726562,681.989990234375,682.7501220703125,8650057,6.526128939145908,0.0008353972434615997
2025-12-04 20:30:00+00:00,682.760009765625,684.5800170898438,682.7000122070312,684.4000244140625,8206285,6.528542577690251,0.0024136385443433994
2025-12-05 14:30:00+00:00,685.469970703125,688.2999877929688,685.3200073242188,687.885009765625,13837995,6.5336216869958355,0.005079109305584417
2025-12-05 15:30:00+00:00,687.8800048828125,688.3900146484375,685.7000122070312,685.9561767578125,8794470,6.530813743408085,-0.0028079435877508274
2025-12-05 16:30:00+00:00,685.9500122070312,686.6400146484375,685.02001953125,685.3900146484375,6340974,6.529988040686059,-0.0008257027220253121
2025-12-05 17:30:00+00:00,685.4099731445312,686.7050170898438,684.5800170898438,686.5499877929688,5634666,6.53167903798751,0.001690997301450281
2025-12-05 18:30:00+00:00,686.5599975585938,686.969970703125,685.639892578125,685.9299926757812,4635876,6.530775571025247,-0.0009034669622627334
2025-12-05 19:30:00+00:00,685.9400024414062,686.3800048828125,685.5700073242188,686.0050048828125,6056846,6.530884923446812,0.00010935242156495661
2025-12-05 20:30:00+00:00,686.0,686.030029296875,684.5999755859375,685.6500244140625,10465385,6.530367329053042,-0.0005175943937700822
2025-12-08 14:30:00+00:00,686.5900268554688,686.6400146484375,683.8723754882812,684.5549926757812,10541207,6.528768981422216,-0.0015983476308258915
2025-12-08 15:30:00+00:00,684.5399780273438,685.0499877929688,682.9099731445312,684.0900268554688,6963326,6.5280895271713835,-0.0006794542508323786
2025-12-08 16:30:00+00:00,684.0800170898438,684.1199951171875,682.1900024414062,682.6900024414062,4548960,6.526040880170833,-0.0020486470005502966
2025-12-08 17:30:00+00:00,682.6900024414062,684.4000244140625,682.5999755859375,682.8300170898438,5260514,6.5262459517141655,0.0002050715433323802
2025-12-08 18:30:00+00:00,682.8300170898438,683.14501953125,681.5700073242188,682.2449951171875,6499904,6.525388823712786,-0.0008571280013791593
2025-12-08 19:30:00+00:00,682.22998046875,682.8200073242188,682.1500244140625,682.6400146484375,5556456,6.52596765568684,0.0005788319740531733
2025-12-08 20:30:00+00:00,682.6400146484375,683.760009765625,682.0599975585938,683.6500244140625,9644429,6.527446126466438,0.0014784707795980623
2025-12-09 14:30:00+00:00,683.1500244140625,684.9400024414062,682.8200073242188,684.2150268554688,10831407,6.52827223496744,0.0008261085010019542
2025-12-09 15:30:00+00:00,684.2000122070312,685.3400268554688,683.5850219726562,684.8099975585938,5885774,6.529141423959565,0.0008691889921257356
2025-12-09 16:30:00+00:00,684.8099975585938,685.385009765625,684.27001953125,684.6500244140625,5114825,6.528907794437429,-0.00023362952213634713
2025-12-09 17:30:00+00:00,684.6500244140625,684.8599243164062,683.6199951171875,684.239990234375,5488085,6.528308719000305,-0.0005990754371243412
2025-12-09 18:30:00+00:00,684.239990234375,684.344970703125,683.3499755859375,683.72998046875,4540893,6.527563074285614,-0.0007456447146907408
2025-12-09 19:30:00+00:00,683.72998046875,683.8526000976562,683.2000122070312,683.3250122070312,5717928,6.526970606132198,-0.0005924681534157372
2025-12-09 20:30:00+00:00,683.3200073242188,683.6099853515625,682.5900268554688,683.0499877929688,10786428,6.526568045462137,-0.0004025606700608364
2025-12-10 14:30:00+00:00,682.5599975585938,683.4600219726562,681.3099975585938,682.989990234375,11127344,6.5264802038768295,-8.784158530783515e-05
2025-12-10 15:30:00+00:00,682.989990234375,683.8699951171875,681.4500122070312,683.719970703125,7777586,6.527548434238837,0.0010682303620077604
2025-12-10 16:30:00+00:00,683.719970703125,683.8400268554688,682.9500122070312,683.1400146484375,4298104,6.526699838046534,-0.0008485961923030416
2025-12-10 17:30:00+00:00,683.1199951171875,684.219970703125,682.7000122070312,682.8900146484375,4107732,6.526333813878061,-0.00036602416847308916
2025-12-10 18:30:00+00:00,682.8800048828125,685.739990234375,682.4450073242188,684.2100219726562,11729116,6.528264920160074,0.0019311062820133174
2025-12-10 19:30:00+00:00,684.2100219726562,688.8300170898438,683.3599853515625,688.1199951171875,21784541,6.5339632342329645,0.0056983140728901205
2025-12-10 20:30:00+00:00,688.0999755859375,688.969970703125,687.219970703125,687.4600219726562,13911490,6.533003677992003,-0.0009595562409616676
2025-12-11 14:30:00+00:00,685.1400146484375,686.7994995117188,682.1649780273438,686.260009765625,19263281,6.53125657889678,-0.0017470990952226373
2025-12-11 15:30:00+00:00,686.27001953125,686.4500122070312,684.0700073242188,684.60498046875,8977768,6.5288420010751,-0.002414577821680197
2025-12-11 16:30:00+00:00,684.6099853515625,687.9099731445312,684.5399780273438,687.35498046875,9752576,6.532850869790283,0.004008868715183134
2025-12-11 17:30:00+00:00,687.3499755859375,688.1900024414062,686.97998046875,687.625,6497988,6.533243631195623,0.0003927614053393924
2025-12-11 18:30:00+00:00,687.6199951171875,688.7899780273438,687.2999877929688,688.6799926757812,6957164,6.534776711273116,0.0015330800774933095
2025-12-11 19:30:00+00:00,688.6799926757812,689.25,688.4099731445312,688.4349975585938,8089376,6.534420902032044,-0.000355809241072258
2025-12-11 20:30:00+00:00,688.4400024414062,689.1799926757812,687.989990234375,689.1500244140625,12663361,6.535458989566788,0.0010380875347442142
2025-12-12 14:30:00+00:00,688.1699829101562,688.8800048828125,683.6300048828125,683.75,19275633,6.527592353736191,-0.00786663583059699
2025-12-12 15:30:00+00:00,683.75,685.6099853515625,679.7000122070312,681.27001953125,22746495,6.52395873201357,-0.003633621722620717
2025-12-12 16:30:00+00:00,681.27001953125,683.02001953125,679.1743774414062,681.4600219726562,11918381,6.524237587600298,0.0002788555867274667
2025-12-12 17:30:00+00:00,681.4400024414062,684.3400268554688,680.9450073242188,683.8800048828125,8285257,6.527782470774776,0.0035448831744782083
2025-12-12 18:30:00+00:00,683.8800048828125,683.9000244140625,681.2100219726562,681.4749755859375,9756825,6.52425953085263,-0.003522939922145696
2025-12-12 19:30:00+00:00,681.489990234375,682.5150146484375,681.0999755859375,681.3599853515625,10408461,6.524090779334003,-0.00016875151862727478
2025-12-12 20:30:00+00:00,681.369873046875,681.8699951171875,680.0700073242188,681.72998046875,15730297,6.5246336563788825,0.0005428770448796527
2025-12-15 14:30:00+00:00,685.739990234375,685.760009765625,679.25,679.8200073242188,22304440,6.521828068020775,-0.0028055883581075136
2025-12-15 15:30:00+00:00,679.8200073242188,683.0599975585938,679.5900268554688,682.7899780273438,12484020,6.526187313055307,0.004359245034532222
2025-12-15 16:30:00+00:00,682.7899780273438,682.9199829101562,680.1400146484375,680.6500244140625,10154049,6.523048259827228,-0.0031390532280788364
2025-12-15 17:30:00+00:00,680.6500244140625,681.4500122070312,679.4199829101562,679.97998046875,7961392,6.522063357249641,-0.000984902577587654
2025-12-15 18:30:00+00:00,679.97998046875,681.5496826171875,679.6199951171875,680.8355102539062,7210052,6.523320735496294,0.0012573782466533956
2025-12-15 19:30:00+00:00,680.8350219726562,681.780029296875,680.4400024414062,681.0700073242188,9337382,6.523665101635653,0.00034436613935895366
2025-12-15 20:30:00+00:00,681.0900268554688,681.5999755859375,680.5499877929688,680.7100219726562,13514049,6.523136403384536,-0.0005286982511174543
2025-12-16 14:30:00+00:00,679.22998046875,681.0800170898438,676.4400024414062,677.6900024414062,19976735,6.518689959844092,-0.004446443540443212
2025-12-16 15:30:00+00:00,677.7100219726562,679.4149780273438,676.8099975585938,677.135009765625,11523369,6.517870676612938,-0.0008192832311539888
2025-12-16 16:30:00+00:00,677.1400146484375,678.9400024414062,676.6099853515625,677.3800048828125,7290923,6.518232422503105,0.00036174589016635395
2025-12-16 17:30:00+00:00,677.3748168945312,678.280029296875,674.97998046875,675.5900268554688,9623314,6.515586422917447,-0.002645999585658032
2025-12-16 18:30:00+00:00,675.5900268554688,678.6099853515625,675.5599975585938,677.0499877929688,12513356,6.517745107399099,0.002158684481652351
2025-12-16 19:30:00+00:00,677.0399780273438,679.260009765625,676.9299926757812,679.2000122070312,12746516,6.520915652969799,0.0031705455706996233
2025-12-16 20:30:00+00:00,679.1950073242188,680.5599975585938,678.8200073242188,678.8599853515625,17100812,6.520414899154525,-0.0005007538152739244
2025-12-17 14:30:00+00:00,679.8900146484375,680.4349975585938,677.5999755859375,678.9299926757812,16424565,6.520518018672879,0.00010311951835451083
2025-12-17 15:30:00+00:00,678.9199829101562,679.1699829101562,673.4299926757812,674.635009765625,16945959,6.5141718183542086,-0.006346200318670725
2025-12-17 16:30:00+00:00,674.6300048828125,675.0499877929688,673.0700073242188,674.1500244140625,10352006,6.513452674294668,-0.000719144059540433
2025-12-17 17:30:00+00:00,674.1599731445312,675.0700073242188,673.0,673.3699951171875,7383565,6.5122949484387345,-0.0011577258559336556
2025-12-17 18:30:00+00:00,673.3599853515625,673.6199951171875,672.0549926757812,672.469970703125,12013119,6.5109574572494555,-0.0013374911892789498
2025-12-17 19:30:00+00:00,672.4600219726562,673.3200073242188,672.219970703125,672.52001953125,11349722,6.511031879852614,7.442260315837501e-05
2025-12-17 20:30:00+00:00,672.530029296875,673.0,671.1950073242188,671.2999877929688,17338523,6.509216112760539,-0.0018157670920748714
2025-12-18 14:30:00+00:00,677.5,679.1099853515625,675.6900024414062,679.010009765625,21870852,6.520635869372899,0.011419756612360388
2025-12-18 15:30:00+00:00,679.010009765625,680.739990234375,678.6799926757812,679.7449951171875,11747647,6.521717720656769,0.001081851283869284
2025-12-18 16:30:00+00:00,679.739990234375,680.7100219726562,674.9000244140625,675.780029296875,15704315,6.51586762264034,-0.00585009801642844
2025-12-18 17:30:00+00:00,675.7899780273438,679.0900268554688,675.47998046875,678.8250122070312,10765981,6.520363380363934,0.004495757723593563
2025-12-18 18:30:00+00:00,678.8300170898438,679.7000122070312,676.5900268554688,677.1500244140625,10761217,6.517892850155522,-0.002470530208412036
2025-12-18 19:30:00+00:00,677.1599731445312,677.8499755859375,675.3200073242188,677.6300048828125,12943641,6.518601423471415,0.0007085733158929131
2025-12-18 20:30:00+00:00,677.6199951171875,678.5499877929688,676.4099731445312,676.47998046875,15842550,6.5169028543699365,-0.0016985691014781423
2025-12-19 14:30:00+00:00,676.5900268554688,680.52001953125,676.469970703125,679.1900024414062,22687233,6.520900915279566,0.003998060909629508
2025-12-19 15:30:00+00:00,679.1900024414062,680.2750244140625,678.5599975585938,680.1699829101562,16047353,6.522342741799518,0.0014418265199518387
2025-12-19 16:30:00+00:00,680.1900024414062,680.8350219726562,679.3400268554688,680.6799926757812,7874450,6.523092287743086,0.0007495459435684637
2025-12-19 17:30:00+00:00,680.6900024414062,681.0900268554688,680.3099975585938,680.75,5717215,6.5231951315538685,0.00010284381078218274
2025-12-19 18:30:00+00:00,680.77001953125,680.8599853515625,680.1699829101562,680.6400146484375,5548129,6.523033553533437,-0.00016157802043181846
2025-12-19 19:30:00+00:00,680.6400146484375,681.0,680.3400268554688,680.4849853515625,8902108,6.522805757706388,-0.00022779582704846035
2025-12-19 20:30:00+00:00,680.489990234375,680.719970703125,679.6099853515625,680.5900268554688,19060706,6.522960108499949,0.00015435079356063142
2025-12-22 14:30:00+00:00,683.9400024414062,684.530029296875,682.8900146484375,683.77001953125,13029845,6.527621632329507,0.004661523829557979
2025-12-22 15:30:00+00:00,683.77001953125,684.9749755859375,682.6799926757812,684.6699829101562,8262077,6.528936945397013,0.0013153130675060964
2025-12-22 16:30:00+00:00,684.6699829101562,685.0800170898438,684.3599853515625,684.6500244140625,5587126,6.528907794437429,-2.9150959584001157e-05
2025-12-22 17:30:00+00:00,684.6500244140625,685.3599853515625,684.3499755859375,684.7150268554688,5624705,6.5290027325131375,9.49380757084839e-05
2025-12-22 18:30:00+00:00,684.7100219726562,684.9099731445312,684.2050170898438,684.719970703125,4674469,6.529009952786703,7.220273565700097e-06
2025-12-22 19:30:00+00:00,684.72998046875,685.0399780273438,684.6649780273438,684.9249877929688,7868605,6.5293093253943315,0.0002993726076283565
2025-12-22 20:30:00+00:00,684.9249877929688,685.14990234375,684.6099853515625,684.7899780273438,10787606,6.529112189830465,-0.00019713556386680153
2025-12-23 14:30:00+00:00,683.9199829101562,686.25,683.8699951171875,685.239990234375,12187789,6.529769127610864,0.0006569377803993248
2025-12-23 15:30:00+00:00,685.239990234375,686.739990234375,685.2302856445312,686.4920043945312,7944935,6.531594578227645,0.00182545061678141
2025-12-23 16:30:00+00:00,686.4949951171875,687.219970703125,686.3599853515625,687.0700073242188,6122132,6.532436189977058,0.0008416117494123299
2025-12-23 17:30:00+00:00,687.0599975585938,687.7299194335938,686.7899780273438,687.5449829101562,7740008,6.533127257087798,0.0006910671107398514
2025-12-23 18:30:00+00:00,687.5499877929688,687.9199829101562,687.4949951171875,687.875,5558688,6.533607135379923,0.00047987829212559063
2025-12-23 19:30:00+00:00,687.8699951171875,688.030029296875,687.7100219726562,687.8499755859375,6907632,6.5335707554137095,-3.637996621375095e-05
2025-12-23 20:30:00+00:00,687.8400268554688,688.2000122070312,687.6400146484375,687.9099731445312,9723868,6.533657976383744,8.722097003488472e-05
2025-12-24 14:30:00+00:00,687.9500122070312,689.2150268554688,687.7999877929688,689.1649780273438,8677272,6.535480687964114,0.001822711580369507
2025-12-24 15:30:00+00:00,689.1599731445312,689.97998046875,689.0125122070312,689.9650268554688,8460311,6.5366409105900285,0.001160222625914642
2025-12-24 16:30:00+00:00,689.9650268554688,690.6400146484375,689.8892211914062,690.5349731445312,9221080,6.537466620581256,0.0008257099912274413
2025-12-26 14:30:00+00:00,690.6400146484375,691.6599731445312,689.6500244140625,690.7349853515625,10246012,6.53775622683411,0.00028960625285368025
2025-12-26 15:30:00+00:00,690.72998046875,691.0001220703125,689.77001953125,690.2640991210938,4972002,6.537074276709721,-0.0006819501243882087
2025-12-26 16:30:00+00:00,690.27001953125,690.3300170898438,689.3900146484375,690.1400146484375,4563206,6.536894496786215,-0.0001797799235063735
2025-12-26 17:30:00+00:00,690.1300048828125,690.2000122070312,689.27001953125,689.6970825195312,3437156,6.536252490356574,-0.0006420064296408512
2025-12-26 18:30:00+00:00,689.6900024414062,690.4600219726562,689.6500244140625,690.0418090820312,3251625,6.536752188628141,0.0004996982715663734
2025-12-26 19:30:00+00:00,690.0399780273438,690.3400268554688,690.0374755859375,690.2000122070312,3663077,6.536981428350126,0.0002292397219854081
2025-12-26 20:30:00+00:00,690.2000122070312,690.5,690.0050048828125,690.2449951171875,7795770,6.537046599957736,6.517160761010388e-05
2025-12-29 14:30:00+00:00,687.5399780273438,689.2000122070312,686.8200073242188,687.9500122070312,12114641,6.533716178617893,-0.0033304213398430704
2025-12-29 15:30:00+00:00,687.9400024414062,688.4000244140625,686.8900146484375,687.169921875,6092188,6.532581600612907,-0.0011345780049856202
2025-12-29 16:30:00+00:00,687.1599731445312,687.489990234375,686.0700073242188,686.27001953125,4581457,6.53127116475707,-0.0013104358558377882
2025-12-29 17:30:00+00:00,686.27001953125,687.5449829101562,686.1799926757812,687.3300170898438,4433719,6.532814551100614,0.0015433863435445616
2025-12-29 18:30:00+00:00,687.3300170898438,687.8900146484375,686.8699951171875,687.4600219726562,6619852,6.533003677992003,0.00018912689138872452
2025-12-29 19:30:00+00:00,687.4500122070312,688.6199951171875,687.4299926757812,688.1799926757812,8718647,6.534050420978826,0.001046742986822835
2025-12-29 20:30:00+00:00,688.1799926757812,688.405029296875,687.4000244140625,687.8400268554688,10933805,6.533556291791162,-0.0004941291876638942
2025-12-30 14:30:00+00:00,687.4450073242188,688.530029296875,686.75,686.9400024414062,8605653,6.532246955717807,-0.0013093360733549275
2025-12-30 15:30:00+00:00,686.9400024414062,688.5549926757812,686.5800170898438,688.2471923828125,5508735,6.534148064657785,0.00190110893997808
2025-12-30 16:30:00+00:00,688.239990234375,688.27001953125,686.8699951171875,687.3800048828125,4807723,6.532887275954863,-0.0012607887029219
2025-12-30 17:30:00+00:00,687.3800048828125,687.7899780273438,687.1950073242188,687.7692260742188,3040908,6.533453354447346,0.0005660784924828022
2025-12-30 18:30:00+00:00,687.760009765625,687.9299926757812,687.4199829101562,687.8099975585938,3828776,6.533512633453145,5.927900579916212e-05
2025-12-30 19:30:00+00:00,687.8099975585938,687.9400024414062,687.0399780273438,687.510009765625,5273226,6.533076389093827,-0.00043624435931821637
2025-12-30 20:30:00+00:00,687.510009765625,687.8150024414062,686.7000122070312,686.9400024414062,9624890,6.532246955717807,-0.000829433376019928
2025-12-31 14:30:00+00:00,687.1400146484375,687.3599853515625,684.9149780273438,685.5499877929688,12803603,6.5302214179964775,-0.002025537721329407
2025-12-31 15:30:00+00:00,685.5399780273438,685.655029296875,684.1799926757812,685.1199951171875,8652906,6.529593998274373,-0.0006274197221047828
2025-12-31 16:30:00+00:00,685.125,685.4299926757812,684.6099853515625,685.0,4271595,6.529418838262226,-0.00017516001214712418
2025-12-31 17:30:00+00:00,684.989990234375,685.3900146484375,684.6500244140625,685.3698120117188,3510160,6.529958564133964,0.0005397258717385611
2025-12-31 18:30:00+00:00,685.3687744140625,686.239990234375,685.010009765625,685.0349731445312,5504462,6.529469892644375,-0.0004886714895890876
2025-12-31 19:30:00+00:00,685.0399780273438,685.1400146484375,682.5449829101562,682.719970703125,11346649,6.526084776527697,-0.0033851161166778
2025-12-31 20:30:00+00:00,682.719970703125,683.719970703125,681.7100219726562,681.8400268554688,15154711,6.524795065600802,-0.0012897109268950047
2026-01-02 14:30:00+00:00,685.7100219726562,686.8699951171875,681.5800170898438,682.4500122070312,22024812,6.5256892821892745,0.0008942165884722186
2026-01-02 15:30:00+00:00,682.4500122070312,684.5900268554688,680.4199829101562,681.8099975585938,15081293,6.524751023073258,-0.0009382591160163045
2026-01-02 16:30:00+00:00,681.8099975585938,682.6500244140625,680.280029296875,682.4500122070312,9496215,6.5256892821892745,0.0009382591160163045
2026-01-02 17:30:00+00:00,682.4500122070312,682.8009033203125,680.6400146484375,680.97998046875,5768502,6.523532908461531,-0.0021563737277432438
2026-01-02 18:30:00+00:00,680.97998046875,683.1199951171875,679.8200073242188,682.9500122070312,8908894,6.526421668322875,0.00288875986134407
2026-01-02 19:30:00+00:00,682.9400024414062,683.9500122070312,682.8499755859375,683.239990234375,10091724,6.526846174476749,0.0004245061538741268
2026-01-02 20:30:00+00:00,683.239990234375,683.4199829101562,682.0700073242188,683.1699829101562,10922434,6.526743705487711,-0.000102468989038762
2026-01-05 14:30:00+00:00,687.2974853515625,688.6099853515625,686.510009765625,688.5255737304688,17690747,6.5345524616044735,0.007808756116762794
2026-01-05 15:30:00+00:00,688.52001953125,688.8699951171875,687.9600219726562,688.6400146484375,8881663,6.534718659364856,0.00016619776038240275
2026-01-05 16:30:00+00:00,688.6300048828125,689.4299926757812,688.2100219726562,688.3499755859375,9198931,6.534297394041439,-0.00042126532341679734
2026-01-05 17:30:00+00:00,688.3599243164062,688.7899780273438,687.6500244140625,688.3800048828125,5357998,6.5343410181323,4.362409086056118e-05
2026-01-05 18:30:00+00:00,688.3599853515625,688.7750244140625,688.1300048828125,688.1849975585938,4605157,6.5340576935887045,-0.0002833245435951426
2026-01-05 19:30:00+00:00,688.1900024414062,688.2999267578125,687.2899780273438,687.9660034179688,7410427,6.533739423075776,-0.00031827051292854236
2026-01-05 20:30:00+00:00,687.9650268554688,688.1199951171875,687.1599731445312,687.72998046875,11627152,6.533396290647828,-0.00034313242794770105
2026-01-06 14:30:00+00:00,688.4600219726562,690.7999267578125,687.780029296875,690.5349731445312,15428086,6.537466620581256,0.004070329933427708
2026-01-06 15:30:00+00:00,690.5549926757812,690.5549926757812,688.4299926757812,689.0449829101562,11035064,6.535306556125146,-0.0021600644561097226
2026-01-06 16:30:00+00:00,689.0499877929688,690.5700073242188,688.7366943359375,690.469970703125,7558938,6.537372482697473,0.002065926572326404
2026-01-06 17:30:00+00:00,690.6300048828125,691.2000122070312,690.5399780273438,690.8701782226562,6040112,6.537951930896441,0.0005794481989687128
2026-01-06 18:30:00+00:00,690.8800048828125,692.1199951171875,690.6771850585938,691.9400024414062,6055939,6.539499250184594,0.0015473192881527709
2026-01-06 19:30:00+00:00,691.947998046875,692.239990234375,691.8200073242188,692.02001953125,6275086,6.53961488515766,0.00011563497306621429
2026-01-06 20:30:00+00:00,691.9500122070312,692.3150024414062,691.9450073242188,692.0499877929688,6950872,6.539658189703767,4.3304546106348596e-05
2026-01-07 14:30:00+00:00,692.1900024414062,693.0900268554688,691.0999755859375,691.6719970703125,13653189,6.539111850574674,-0.0005463391290927433
2026-01-07 15:30:00+00:00,691.6699829101562,692.8250122070312,690.9600219726562,692.25,8989617,6.539947162051071,0.0008353114763970382
2026-01-07 16:30:00+00:00,692.25,693.9600219726562,692.1682739257812,693.6596069335938,7032465,6.541981360259405,0.0020341982083342813
2026-01-07 17:30:00+00:00,693.6599731445312,693.7899780273438,692.0399780273438,692.1300048828125,7415072,6.5397738063003885,-0.002207553959016728
2026-01-07 18:30:00+00:00,692.1300048828125,693.14501953125,691.4500122070312,691.6799926757812,8556842,6.539123410330294,-0.0006503959700943085
2026-01-07 19:30:00+00:00,691.6799926757812,692.1599731445312,690.1174926757812,690.3599853515625,11097844,6.537213179444653,-0.0019102308856409067
2026-01-07 20:30:00+00:00,690.3599853515625,690.3699951171875,689.3200073242188,689.5900268554688,13655513,6.536097257028357,-0.0011159224162966552
2026-01-08 14:30:00+00:00,688.8200073242188,690.02001953125,687.489990234375,689.6300048828125,17217806,6.53615522896385,5.797193549295088e-05
2026-01-08 15:30:00+00:00,689.6500244140625,689.9749755859375,688.510009765625,689.0800170898438,9738248,6.535357399379126,-0.0007978295847239636
2026-01-08 16:30:00+00:00,689.0800170898438,690.0850219726562,688.4400024414062,689.3499755859375,6230622,6.535749089201575,0.00039168982244941475
2026-01-08 17:30:00+00:00,689.3499755859375,690.614990234375,688.7899780273438,689.5,6161020,6.5359666972333565,0.00021760803178150212
2026-01-08 18:30:00+00:00,689.5,689.8049926757812,688.280029296875,688.9199829101562,5132226,6.535125129160828,-0.0008415680725288865
2026-01-08 19:30:00+00:00,688.9299926757812,689.6500244140625,688.5700073242188,689.5750122070312,5882136,6.536075483494352,0.00095035433352475
2026-01-08 20:30:00+00:00,689.5700073242188,690.0549926757812,689.2550048828125,689.4400024414062,8616130,6.535879677408672,-0.00019580608568059432
2026-01-09 14:30:00+00:00,690.5,693.3400268554688,689.1799926757812,693.125,19427672,6.541210358104632,0.005330680695959877
2026-01-09 15:30:00+00:00,693.1300048828125,693.6500244140625,691.280029296875,692.8599243164062,11466967,6.540827849345445,-0.00038250875918688365
2026-01-09 16:30:00+00:00,692.8499755859375,694.3800048828125,692.5449829101562,694.219970703125,6532700,6.5427888709527116,0.001961021607266744
2026-01-09 17:30:00+00:00,694.22998046875,694.5,693.3599853515625,693.8699951171875,5096515,6.5422846160384465,-0.0005042549142650898
2026-01-09 18:30:00+00:00,693.8699951171875,694.889892578125,693.85498046875,694.8099975585938,5156678,6.543638423380575,0.0013538073421281993
2026-01-09 19:30:00+00:00,694.8049926757812,695.3099975585938,694.7100219726562,695.0250244140625,6801736,6.543947851267748,0.00030942788717336356
2026-01-09 20:30:00+00:00,695.02001953125,695.1199951171875,693.9000244140625,693.989990234375,11622656,6.54245753710938,-0.0014903141583682
2026-01-12 14:30:00+00:00,691.3300170898438,693.9000244140625,691.2100219726562,693.5700073242188,16933046,6.541852182495928,-0.0006053546134516807
2026-01-12 15:30:00+00:00,693.5650024414062,694.6799926757812,692.9600219726562,694.22998046875,8829257,6.542803289572002,0.0009511070760739315
2026-01-12 16:30:00+00:00,694.239990234375,694.8599853515625,694.0700073242188,694.5349731445312,5580694,6.543242518226053,0.00043922865405132683
2026-01-12 17:30:00+00:00,694.530029296875,695.2000122070312,694.0999755859375,695.125,4640824,6.544091685507728,0.00084916728167439
2026-01-12 18:30:00+00:00,695.125,695.4600219726562,694.9299926757812,695.3200073242188,5526132,6.544372181786934,0.00028049627920623266
2026-01-12 19:30:00+00:00,695.3200073242188,696.0900268554688,695.1799926757812,695.3200073242188,8009495,6.544372181786934,0.0
2026-01-12 20:30:00+00:00,695.3200073242188,695.739990234375,695.1400146484375,695.1599731445312,9235358,6.544141996264464,-0.00023018552247044965
2026-01-13 14:30:00+00:00,695.489990234375,696.0900268554688,692.0900268554688,692.72998046875,18683093,6.540640284687838,-0.003501711576625155
2026-01-13 15:30:00+00:00,692.719970703125,694.2800903320312,692.4099731445312,693.5,8468025,6.541751239754887,0.0011109550670482804
2026-01-13 16:30:00+00:00,693.4801025390625,695.2000122070312,693.25,694.5599975585938,7317037,6.543278548036243,0.0015273082813562766
2026-01-13 17:30:00+00:00,694.5499877929688,694.7150268554688,692.4199829101562,692.9199829101562,7905172,6.540914527747224,-0.002364020289019386
2026-01-13 18:30:00+00:00,692.9099731445312,693.6500244140625,692.22998046875,693.010009765625,6934521,6.541044443191829,0.00012991544460572158
2026-01-13 19:30:00+00:00,693.0050048828125,693.2050170898438,691.9400024414062,692.0,8109469,6.539585955617669,-0.0014584875741601167
2026-01-13 20:30:00+00:00,692.0,693.9600219726562,691.3499755859375,693.75,13007191,6.542111665060644,0.0025257094429749216
2026-01-14 14:30:00+00:00,691.0,691.719970703125,687.6799926757812,688.760009765625,20382132,6.534892893596545,-0.007218771464098772
2026-01-14 15:30:00+00:00,688.75,689.3300170898438,686.510009765625,689.1500244140625,11915345,6.535458989566788,0.0005660959702424861
2026-01-14 16:30:00+00:00,689.1599731445312,689.469970703125,686.0399780273438,687.0999145507812,9202634,6.532479717674894,-0.002979271891893731
2026-01-14 17:30:00+00:00,687.0900268554688,687.6500244140625,686.1900024414062,687.5999755859375,6027883,6.533207238002494,0.0007275203276000397
2026-01-14 18:30:00+00:00,687.5900268554688,688.3150024414062,686.260009765625,688.125,7396495,6.533970507476944,0.0007632694744499346
2026-01-14 19:30:00+00:00,688.1300048828125,689.6900024414062,687.3200073242188,689.1500244140625,12640312,6.535458989566788,0.0014884820898437567
2026-01-14 20:30:00+00:00,689.1500244140625,690.6400146484375,688.6199951171875,690.4400024414062,17846095,6.537329079054503,0.0018700894877152763
2026-01-15 14:30:00+00:00,694.5700073242188,694.719970703125,693.1799926757812,693.9400024414062,16604969,6.542385504956095,0.005056425901591943
2026-01-15 15:30:00+00:00,693.9400024414062,695.1599731445312,692.989990234375,694.8150024414062,11678206,6.543645626594121,0.0012601216380261349
2026-01-15 16:30:00+00:00,694.8099975585938,695.4500122070312,694.3900146484375,694.4500122070312,5724898,6.543120182940212,-0.0005254436539088303
2026-01-15 17:30:00+00:00,694.4500122070312,695.0198974609375,693.8800048828125,694.885009765625,5880426,6.543746378301199,0.0006261953609865145
2026-01-15 18:30:00+00:00,694.8800048828125,695.25,693.52001953125,693.6099853515625,5756852,6.5419098217749925,-0.001836556526206401
2026-01-15 19:30:00+00:00,693.6099853515625,693.7376098632812,691.2907104492188,691.8300170898438,11933094,6.539340285399634,-0.0025695363753586165
2026-01-15 20:30:00+00:00,691.8350219726562,692.25,691.25,692.1699829101562,11896527,6.539831565496672,0.0004912800970382492
2026-01-16 14:30:00+00:00,693.6599731445312,694.25,691.5,691.6500244140625,16270008,6.5390800826191136,-0.0007514828775585514
2026-01-16 15:30:00+00:00,691.6500244140625,692.8200073242188,690.0999755859375,692.7150268554688,17699419,6.540618697958371,0.0015386153392578095
2026-01-16 16:30:00+00:00,692.719970703125,693.469970703125,692.1300048828125,692.52001953125,6174487,6.540337146714031,-0.0002815512443401502
2026-01-16 17:30:00+00:00,692.52001953125,693.2000122070312,691.8200073242188,693.0,4286971,6.541029999189903,0.00069285247587203
2026-01-16 18:30:00+00:00,693.0,693.7100219726562,691.9600219726562,692.0399780273438,6259041,6.539643725664763,-0.0013862735251404246
2026-01-16 19:30:00+00:00,692.0499877929688,693.0,692.010009765625,692.155029296875,6434439,6.539809961302353,0.00016623563759043947
2026-01-16 20:30:00+00:00,692.1500244140625,692.488525390625,691.469970703125,691.5800170898438,11404537,6.538978859652322,-0.0008311016500313073
2026-01-20 14:30:00+00:00,681.489990234375,684.010009765625,680.9099731445312,683.8787841796875,28889272,6.527780685806352,-0.011198173845969883
2026-01-20 15:30:00+00:00,683.8499755859375,684.77001953125,682.5800170898438,683.8400268554688,13556006,6.527724011402349,-5.6674404002698964e-05
2026-01-20 16:30:00+00:00,683.8300170898438,684.344970703125,682.1199951171875,682.39501953125,8575558,6.5256086976913545,-0.002115313710994826
2026-01-20 17:30:00+00:00,682.3900146484375,682.3900146484375,680.2249755859375,680.2899780273438,8949295,6.522519145546697,-0.003089552144657226
2026-01-20 18:30:00+00:00,680.280029296875,680.4199829101562,677.6900024414062,678.0399780273438,11395012,6.5192062508441495,-0.0033128947025478084
2026-01-20 19:30:00+00:00,678.0399780273438,678.47998046875,676.9299926757812,677.3900146484375,13591563,6.518247199572985,-0.0009590512711641352
2026-01-20 20:30:00+00:00,677.4000244140625,677.739990234375,676.5700073242188,677.6099853515625,17216868,6.51857187958045,0.0003246800074645506
2026-01-21 14:30:00+00:00,680.2899780273438,683.4199829101562,678.969970703125,683.02001953125,24100559,6.526524170314359,0.00795229073390935
2026-01-21 15:30:00+00:00,683.02001953125,685.1300048828125,682.9400024414062,684.22998046875,10931708,6.5282940898658115,0.001769919551452226
2026-01-21 16:30:00+00:00,684.25,684.2999877929688,678.1300048828125,679.8499755859375,17657035,6.52187214969074,-0.006421940175071583
2026-01-21 17:30:00+00:00,679.864990234375,680.969970703125,678.6300048828125,680.5700073242188,9831135,6.522930693103157,0.0010585434124168458
2026-01-21 18:30:00+00:00,680.5700073242188,685.02001953125,679.719970703125,684.4041137695312,11425311,6.5285485527678455,0.005617859664688751
2026-01-21 19:30:00+00:00,684.4099731445312,688.7349853515625,684.3400268554688,685.35498046875,26279273,6.529936923695196,0.0013883709273505573
2026-01-21 20:30:00+00:00,685.0800170898438,686.1599731445312,684.6300048828125,685.3300170898438,16023085,6.529900499018551,-3.642467664466409e-05
2026-01-22 14:30:00+00:00,689.8499755859375,690.6699829101562,686.9199829101562,688.4400024414062,20543983,6.5344281719480675,0.004527672929516058
2026-01-22 15:30:00+00:00,688.5999755859375,690.046875,688.0499877929688,689.7999877929688,7734971,6.536401682806261,0.001973510858193528
2026-01-22 16:30:00+00:00,689.7999877929688,690.5579833984375,689.405029296875,690.22998046875,5491471,6.537024847084698,0.0006231642784371161
2026-01-22 17:30:00+00:00,690.469970703125,691.125,690.239990234375,690.4500122070312,4945048,6.537343576611179,0.000318729526481043
2026-01-22 18:30:00+00:00,690.4400024414062,690.9600219726562,689.8300170898438,690.6599731445312,6287961,6.537647623271249,0.0003040466600694458
2026-01-22 19:30:00+00:00,690.6599731445312,690.7349853515625,688.1300048828125,688.1644897460938,10201711,6.53402789329061,-0.0036197299806381977
2026-01-22 20:30:00+00:00,688.1599731445312,689.0449829101562,687.594970703125,688.9299926757812,10384610,6.535139658704396,0.0011117654137855482
2026-01-23 14:30:00+00:00,688.1500244140625,689.85009765625,687.1599731445312,689.3250122070312,13731061,6.535712875620956,0.0005732169165604262
2026-01-23 15:30:00+00:00,689.3200073242188,690.9600219726562,689.2100219726562,690.0700073242188,7187181,6.536793052334771,0.0010801767138142182
2026-01-23 16:30:00+00:00,690.0599975585938,690.614990234375,689.3499755859375,690.1900024414062,5777943,6.536966925542196,0.0001738732074256788
2026-01-23 17:30:00+00:00,690.197998046875,690.280029296875,687.72998046875,688.9199829101562,7547014,6.535125129160828,-0.00184179638136861
2026-01-23 18:30:00+00:00,688.9400024414062,690.1995239257812,688.3699951171875,689.5479125976562,5739660,6.536036183720719,0.0009110545598911557
2026-01-23 19:30:00+00:00,689.5499877929688,689.8599853515625,688.510009765625,688.844970703125,7065877,6.535016239459564,-0.0010199442611549259
2026-01-23 20:30:00+00:00,688.8400268554688,689.6099853515625,688.5499877929688,689.1799926757812,8774460,6.53550247445263,0.00048623499306632567
2026-01-26 14:30:00+00:00,690.489990234375,693.4000244140625,689.9199829101562,692.5499877929688,14084682,6.540380419994898,0.004877945542268058
2026-01-26 15:30:00+00:00,692.5399780273438,693.3388061523438,692.22998046875,693.1099853515625,6812668,6.541188695617973,0.0008082756230747279
2026-01-26 16:30:00+00:00,693.1099853515625,693.7098999023438,692.7750244140625,693.5068359375,4272281,6.541761096862037,0.0005724012440637694
2026-01-26 17:30:00+00:00,693.5,693.8699951171875,692.9000244140625,693.7899780273438,4213354,6.542169289385692,0.00040819252365498215
2026-01-26 18:30:00+00:00,693.780029296875,694.1300048828125,693.3300170898438,693.8200073242188,4543032,6.542212571427759,4.328204206682784e-05
2026-01-26 19:30:00+00:00,693.8250122070312,694.0,693.4199829101562,693.5700073242188,6435837,6.541852182495928,-0.0003603889318304354
2026-01-26 20:30:00+00:00,693.5750122070312,693.8699951171875,692.6199951171875,692.7100219726562,12200939,6.5406114729081,-0.0012407095878277374
2026-01-27 14:30:00+00:00,694.1799926757812,695.47998046875,693.5700073242188,694.780029296875,11203436,6.543595290857825,0.0029838179497243544
2026-01-27 15:30:00+00:00,694.77001953125,696.47998046875,694.7150268554688,696.1900024414062,6980211,6.545622615092395,0.0020273242345698606
2026-01-27 16:30:00+00:00,696.1900024414062,696.530029296875,695.3800048828125,695.9732055664062,6581409,6.545311161843946,-0.0003114532484485011
2026-01-27 17:30:00+00:00,695.9849853515625,696.0800170898438,694.9099731445312,695.7949829101562,4603971,6.5450550521574336,-0.0002561096865125734
2026-01-27 18:30:00+00:00,695.7999877929688,696.2100219726562,695.7100219726562,696.1699829101562,3684240,6.545593858834729,0.0005388066772953337
2026-01-27 19:30:00+00:00,696.1699829101562,696.4000244140625,695.9400024414062,695.9998779296875,4962000,6.5453494849460245,-0.0002443738887043523
2026-01-27 20:30:00+00:00,695.989990234375,696.1799926757812,695.4000244140625,695.5399780273438,8812154,6.5446884906998015,-0.0006609942462230123
2026-01-28 14:30:00+00:00,697.0499877929688,697.8400268554688,696.030029296875,696.513916015625,13475520,6.546087772942196,0.001399282242394051
2026-01-28 15:30:00+00:00,696.52001953125,696.7899780273438,695.4500122070312,696.1242065429688,5688315,6.545528102089422,-0.0005596708527733085
2026-01-28 16:30:00+00:00,696.1199951171875,696.1199951171875,694.4949951171875,694.85498046875,6106672,6.543703162595973,-0.0018249394934493068
2026-01-28 17:30:00+00:00,694.8350219726562,695.4349975585938,694.52001953125,695.1500244140625,3896462,6.544127684736119,0.00042452214014598866
2026-01-28 18:30:00+00:00,695.1599731445312,695.64990234375,694.0460205078125,694.1799926757812,5280996,6.542731282320603,-0.0013964024155157517
2026-01-28 19:30:00+00:00,694.1799926757812,696.2849731445312,693.9400024414062,695.4500122070312,9796889,6.544559135605848,0.0018278532852447071
2026-01-28 20:30:00+00:00,695.4400024414062,696.135009765625,694.75,695.4299926757812,10701196,6.544530348749784,-2.8786856064222377e-05
2026-01-29 14:30:00+00:00,696.3900146484375,697.0599975585938,688.8599853515625,688.969970703125,22893047,6.535197686178694,-0.009332662571090111
2026-01-29 15:30:00+00:00,688.969970703125,689.3099975585938,684.8300170898438,687.9099731445312,19319525,6.533657976383744,-0.0015397097949492178
2026-01-29 16:30:00+00:00,687.9099731445312,691.3599853515625,687.8200073242188,691.0300903320312,9854698,6.538183368886183,0.004525392502438663
2026-01-29 17:30:00+00:00,691.02001953125,691.6749877929688,688.7100219726562,690.969970703125,8639779,6.538096365085475,-8.70038007079188e-05
2026-01-29 18:30:00+00:00,690.97998046875,692.2100219726562,690.1900024414062,692.0700073242188,8207290,6.539687117154164,0.001590752068689305
2026-01-29 19:30:00+00:00,692.0700073242188,692.2249755859375,691.0449829101562,691.5700073242188,7986423,6.538964385784053,-0.0007227313701116955
2026-01-29 20:30:00+00:00,691.5800170898438,694.7899780273438,691.3900146484375,693.969970703125,13376787,6.5424286896904125,0.003464303906359767
2026-01-30 14:30:00+00:00,691.7899780273438,694.0499877929688,691.2219848632812,691.385009765625,15429578,6.538696846265541,-0.0037318434248714283
2026-01-30 15:30:00+00:00,691.3800048828125,694.2100219726562,690.2550048828125,691.0599975585938,8920968,6.538226647145436,-0.00047019912010526355
2026-01-30 16:30:00+00:00,691.0499877929688,692.4299926757812,688.72998046875,691.0700073242188,8647299,6.538241131695499,1.448455006336502e-05
2026-01-30 17:30:00+00:00,691.0650024414062,691.530029296875,687.1199951171875,689.469970703125,8090878,6.535923144005197,-0.0023179876903025587
2026-01-30 18:30:00+00:00,689.469970703125,692.7000122070312,687.8499755859375,691.3400268554688,9885571,6.53863178212194,0.0027086381167436002
2026-01-30 19:30:00+00:00,691.3200073242188,692.280029296875,689.2999877929688,690.0399780273438,12971659,6.53674953508296,-0.0018822470389805446
2026-01-30 20:30:00+00:00,690.0700073242188,692.826171875,689.969970703125,691.9000244140625,20608314,6.539441471790301,0.002691936707341469
2026-02-02 14:30:00+00:00,689.5800170898438,695.6699829101562,689.4299926757812,694.6849975585938,21972482,6.543458501897192,0.0040170301068904735
2026-02-02 15:30:00+00:00,694.6849975585938,695.75,693.9199829101562,695.5499877929688,9246603,6.544702881955394,0.0012443800582024878
2026-02-02 16:30:00+00:00,695.5599975585938,696.52001953125,694.489990234375,696.2249755859375,6169590,6.545672848887765,0.000969966932371058
2026-02-02 17:30:00+00:00,696.2274780273438,696.9299926757812,695.6849975585938,696.0601196289062,4684379,6.545436035381152,-0.00023681350661330924
2026-02-02 18:30:00+00:00,696.0700073242188,696.8800048828125,696.0250244140625,696.7899780273438,4978832,6.546484042580874,0.0010480071997225338
2026-02-02 19:30:00+00:00,696.7849731445312,696.7899780273438,695.0103149414062,695.80859375,12164060,6.5450746135326305,-0.0014094290482438154
2026-02-02 20:30:00+00:00,695.8099975585938,695.9600219726562,695.0800170898438,695.4600219726562,13121586,6.544573528723129,-0.0005010848095015064
2026-02-03 14:30:00+00:00,696.6412963867188,696.9600219726562,690.7999877929688,692.2050170898438,22706244,6.539882179210001,-0.004691349513127996
2026-02-03 15:30:00+00:00,692.1900024414062,693.4299926757812,690.6699829101562,690.7999877929688,11004974,6.537850328601662,-0.002031850608338992
2026-02-03 16:30:00+00:00,690.8099975585938,691.4498901367188,688.6099853515625,688.8300170898438,12025865,6.534994530982,-0.002855797619662148
2026-02-03 17:30:00+00:00,688.8200073242188,688.9400024414062,686.239990234375,686.3599853515625,12570237,6.531402250075213,-0.003592280906786982
2026-02-03 18:30:00+00:00,686.364990234375,687.219970703125,684.030029296875,686.2135009765625,14153552,6.531188805218504,-0.00021344485670926616
2026-02-03 19:30:00+00:00,686.2100219726562,687.8049926757812,685.1300048828125,687.530029296875,12507175,6.5331055075641,0.0019167023455963772
2026-02-03 20:30:00+00:00,687.530029296875,689.75,687.489990234375,689.4600219726562,12789390,6.535908714366967,0.002803206802867386
2026-02-04 14:30:00+00:00,690.3499755859375,691.4500122070312,686.510009765625,689.9000244140625,20676503,6.53654669493989,0.0006379805729226362
2026-02-04 15:30:00+00:00,689.9000244140625,690.27001953125,686.3900146484375,688.3499145507812,15328331,6.534297305372649,-0.002249389567240634
2026-02-04 16:30:00+00:00,688.3499755859375,688.47998046875,683.219970703125,683.7000122070312,12211098,6.527519242774116,-0.006778062598533197
2026-02-04 17:30:00+00:00,683.7000122070312,685.010009765625,681.760009765625,684.7999877929688,14609400,6.529126807001844,0.0016075642277275648
2026-02-04 18:30:00+00:00,684.8099975585938,685.510009765625,683.1099853515625,685.3400268554688,10448412,6.529915104671705,0.0007882976698612154
2026-02-04 19:30:00+00:00,685.3400268554688,688.489990234375,685.2999877929688,687.5399780273438,13360783,6.5331199777080435,0.0032048730363385403
2026-02-04 20:30:00+00:00,687.530029296875,688.3200073242188,685.6409912109375,686.1199951171875,10951574,6.531052532425067,-0.0020674452829769763
2026-02-05 14:30:00+00:00,680.9400024414062,683.6900024414062,676.1749877929688,676.6400146484375,27401090,6.517139395372968,-0.013913137052098179
2026-02-05 15:30:00+00:00,676.6500244140625,679.7899780273438,675.7899780273438,679.6599731445312,17670806,6.521592633615376,0.004453238242407842
2026-02-05 16:30:00+00:00,679.6599731445312,681.9400024414062,678.9500122070312,681.5,11900080,6.524296251136588,0.002703617521211399
2026-02-05 17:30:00+00:00,681.52001953125,682.614990234375,678.8499755859375,679.1500244140625,7798767,6.520842052216467,-0.003454198920120888
2026-02-05 18:30:00+00:00,679.1599731445312,681.469970703125,677.6849975585938,680.2449951171875,10370563,6.522453020219439,0.001610968002972335
2026-02-05 19:30:00+00:00,680.239990234375,680.89501953125,677.6400146484375,677.77001953125,11271477,6.5188080261664325,-0.003644994053006556
2026-02-05 20:30:00+00:00,677.7899780273438,678.3499145507812,676.1854858398438,677.4400024414062,14065824,6.518320991550371,-0.00048703461606169896
2026-02-06 14:30:00+00:00,681.4600219726562,686.510009765625,680.8499755859375,685.6500244140625,25449759,6.530367329053042,0.012046337502670923
2026-02-06 15:30:00+00:00,685.6500244140625,687.719970703125,684.3300170898438,687.10498046875,13428321,6.5324870905462715,0.002119761493229788
2026-02-06 16:30:00+00:00,687.10498046875,688.510009765625,686.9400024414062,688.47998046875,7490712,6.534486240721637,0.0019991501753651164
2026-02-06 17:30:00+00:00,688.5,689.5399780273438,687.8524169921875,688.9450073242188,6863898,6.535161452623929,0.0006752119022923608
2026-02-06 18:30:00+00:00,688.9500122070312,689.6599731445312,688.739990234375,689.47802734375,5748120,6.535934829203821,0.0007733765798922931
2026-02-06 19:30:00+00:00,689.47998046875,690.1400146484375,688.9000244140625,689.7750244140625,7713732,6.536365492851111,0.0004306636472897196
2026-02-06 20:30:00+00:00,689.77001953125,692.3099975585938,689.5999755859375,690.5999755859375,14828433,6.537560749603933,0.0011952567528217273
2026-02-09 14:30:00+00:00,689.4199829101562,692.9299926757812,688.3400268554688,691.9400024414062,18050055,6.539499250184594,0.001938500580661362
2026-02-09 15:30:00+00:00,691.9600219726562,694.760009765625,691.938720703125,694.689697265625,10279739,6.543465267108979,0.0039660169243846966
2026-02-09 16:30:00+00:00,694.6799926757812,695.6599731445312,694.27001953125,695.1400146484375,6352525,6.544113285200276,0.000648018091297331
2026-02-09 17:30:00+00:00,695.1500244140625,695.510009765625,693.5499877929688,694.22998046875,5765657,6.542803289572002,-0.0013099956282740521
2026-02-09 18:30:00+00:00,694.22998046875,695.8699951171875,694.0,695.739990234375,5804165,6.544976013287594,0.002172723715592184
2026-02-09 19:30:00+00:00,695.739990234375,695.8499755859375,694.3300170898438,694.5750122070312,7071771,6.5433001652992635,-0.0016758479883307587
2026-02-09 20:30:00+00:00,694.5700073242188,695.02001953125,693.8800048828125,693.9099731445312,11568140,6.542342230398459,-0.0009579349008044247
2026-02-10 14:30:00+00:00,694.9500122070312,696.4349975585938,693.4550170898438,695.9199829101562,15051695,6.545234686642089,0.0028924562436296597
2026-02-10 15:30:00+00:00,695.905029296875,696.5399780273438,694.0900268554688,694.780029296875,7253368,6.543595290857825,-0.001639395784263975
2026-02-10 16:30:00+00:00,694.77001953125,695.6701049804688,694.2000122070312,695.25,5719106,6.544271493114074,0.0006762022562494252
2026-02-10 17:30:00+00:00,695.25,695.7999877929688,693.3699951171875,693.4400024414062,4954429,6.541664721868711,-0.0026067712453627934
2026-02-10 18:30:00+00:00,693.4299926757812,693.905029296875,692.8499755859375,693.8699951171875,7091282,6.5422846160384465,0.0006198941697350691
2026-02-10 19:30:00+00:00,693.8699951171875,694.1300048828125,693.1099853515625,693.2974853515625,5482566,6.541459178870704,-0.0008254371677427486
2026-02-10 20:30:00+00:00,693.2999877929688,693.5399780273438,691.6599731445312,692.1099853515625,13770742,6.539744881357615,-0.001714297513088603
2026-02-11 14:30:00+00:00,696.3900146484375,697.1300048828125,689.1799926757812,689.719970703125,21414691,6.536285675655454,-0.0034592057021614053
2026-02-11 15:30:00+00:00,689.719970703125,693.4500122070312,689.5599975585938,691.8400268554688,11511710,6.539354753828244,0.0030690781727900074
2026-02-11 16:30:00+00:00,691.8200073242188,693.8400268554688,691.3900146484375,693.5969848632812,7979524,6.541891078373956,0.0025363245457121764
2026-02-11 17:30:00+00:00,693.5999755859375,693.989990234375,691.4099731445312,692.7899780273438,6455586,6.5407268912477265,-0.0011641871262293435
2026-02-11 18:30:00+00:00,692.7896728515625,693.9550170898438,692.030029296875,693.739990234375,6825416,6.542097236465562,0.0013703452178353004
2026-02-11 19:30:00+00:00,693.75,693.8599853515625,692.22998046875,692.2550048828125,8320582,6.539954391902599,-0.0021428445629627646
2026-02-11 20:30:00+00:00,692.25,692.989990234375,691.77001953125,691.9199829101562,9384677,6.539470317299095,-0.00048407460350397
2026-02-12 14:30:00+00:00,694.239990234375,695.3499755859375,692.1599731445312,693.0650024414062,15645729,6.541123793407836,0.0016534761087410033
2026-02-12 15:30:00+00:00,693.0800170898438,693.47998046875,683.5750122070312,683.5999755859375,22863606,6.527372915527476,-0.013750877880360335
2026-02-12 16:30:00+00:00,683.594970703125,685.8400268554688,683.3800048828125,684.1199951171875,16958570,6.528133333694128,0.000760418166652066
2026-02-12 17:30:00+00:00,684.0999755859375,685.5750122070312,682.219970703125,683.1699829101562,10426266,6.526743705487711,-0.0013896282064171928
2026-02-12 18:30:00+00:00,683.1649780273438,685.4199829101562,682.7999877929688,684.1500244140625,10704524,6.528177227511066,0.0014335220233556711
2026-02-12 19:30:00+00:00,684.1300048828125,685.9650268554688,683.1099853515625,683.219970703125,11771990,6.52681687316998,-0.0013603543410862784
2026-02-12 20:30:00+00:00,683.2000122070312,683.4000244140625,680.3699951171875,681.219970703125,19241913,6.52388526530408,-0.0029316078659000766
2026-02-13 14:30:00+00:00,681.6900024414062,683.3699951171875,677.52001953125,682.9400024414062,24768855,6.526407011556199,0.002521746252119428
2026-02-13 15:30:00+00:00,682.9400024414062,684.5700073242188,680.7899780273438,683.8200073242188,12236042,6.527694735806439,0.001287724250239819
2026-02-13 16:30:00+00:00,683.8099975585938,686.0499877929688,682.8699951171875,685.364990234375,8299958,6.529951528816357,0.002256793009918212
2026-02-13 17:30:00+00:00,685.3800048828125,686.280029296875,684.0900268554688,685.3900146484375,7946751,6.529988040686059,3.6511869701882915e-05
2026-02-13 18:30:00+00:00,685.3900146484375,686.0599975585938,684.0999755859375,684.3400268554688,7013351,6.528454909387454,-0.001533131298605106
2026-02-13 19:30:00+00:00,684.3499755859375,684.9299926757812,680.3400268554688,680.6300048828125,10363860,6.5230188470233665,-0.005436062364087668
2026-02-13 20:30:00+00:00,680.6400146484375,681.8400268554688,679.8099975585938,681.5999755859375,13671717,6.5244429396963515,0.0014240926729849335
2026-02-17 14:30:00+00:00,680.1400146484375,682.7999877929688,676.27001953125,677.3400268554688,20908871,6.518173402149942,-0.006269537546409687
2026-02-17 15:30:00+00:00,677.3300170898438,683.239990234375,675.780029296875,681.5999755859375,15279531,6.5244429396963515,0.006269537546409687
2026-02-17 16:30:00+00:00,681.5750122070312,683.030029296875,680.4312744140625,682.2000122070312,8223944,6.52532288787817,0.0008799481818186905
2026-02-17 17:30:00+00:00,682.2100219726562,682.5399780273438,679.1500244140625,682.3900146484375,7052521,6.525601363374686,0.0002784754965157177
2026-02-17 18:30:00+00:00,682.4000244140625,684.7150268554688,682.030029296875,683.989990234375,7434404,6.527943283355199,0.002341919980513474
2026-02-17 19:30:00+00:00,683.969970703125,684.9400024414062,682.6699829101562,682.8699951171875,6973847,6.52630449755439,-0.0016387858008091172
2026-02-17 20:30:00+00:00,682.8800048828125,683.2899780273438,681.9299926757812,682.75,9895361,6.5261287603538145,-0.00017573720057573183
2026-02-18 14:30:00+00:00,684.02001953125,688.4650268554688,682.8300170898438,687.8400268554688,18453305,6.533556291791162,0.007427531437347312
2026-02-18 15:30:00+00:00,687.8400268554688,688.9600219726562,687.2899780273438,688.219970703125,6691883,6.534108511691436,0.0005522199002738759
2026-02-18 16:30:00+00:00,688.219970703125,688.8900146484375,687.3800048828125,688.2000122070312,5400275,6.534079511101002,-2.9000590433980733e-05
2026-02-18 17:30:00+00:00,688.1900024414062,689.1500244140625,687.4749755859375,687.8049926757812,4391499,6.533505356878161,-0.0005741542228410168
2026-02-18 18:30:00+00:00,687.8099975585938,688.02001953125,686.0399780273438,686.4199829101562,8388821,6.531489660381335,-0.0020156964968256474
2026-02-18 19:30:00+00:00,686.4299926757812,686.6300048828125,683.9199829101562,684.2100219726562,10136265,6.528264920160074,-0.0032247402212606247
2026-02-18 20:30:00+00:00,684.2100219726562,687.1799926757812,684.1199951171875,686.1900024414062,13217594,6.531154560865294,0.002889640705219243
2026-02-19 14:30:00+00:00,683.8400268554688,686.1799926757812,682.469970703125,683.9000244140625,15294343,6.527811743802342,-0.0033428170629514753
2026-02-19 15:30:00+00:00,683.8900146484375,685.8599853515625,683.7100219726562,684.14501953125,5914609,6.528169912008705,0.0003581682063629188
2026-02-19 16:30:00+00:00,684.1500244140625,685.27001953125,682.7000122070312,683.9299926757812,6601246,6.527855562495234,-0.0003143495134709795
2026-02-19 17:30:00+00:00,683.9149780273438,684.260009765625,681.5474853515625,682.4000244140625,6134654,6.525616031954231,-0.002239530541003454
2026-02-19 18:30:00+00:00,682.3400268554688,684.0598754882812,682.010009765625,683.2750244140625,5199633,6.52689744969776,0.0012814177435291896
2026-02-19 19:30:00+00:00,683.25,683.5650024414062,681.8800048828125,682.9000244140625,7894247,6.52634847171761,-0.0005489779801495231
2026-02-19 20:30:00+00:00,682.8900146484375,684.5900268554688,682.8001098632812,684.510009765625,7648304,6.528703268092181,0.002354796374570256
2026-02-20 14:30:00+00:00,682.3200073242188,689.4000244140625,681.739990234375,686.7999877929688,20480094,6.532043111249542,0.003339843157361244
2026-02-20 15:30:00+00:00,686.7999877929688,689.239990234375,685.510009765625,686.1495971679688,16947753,6.531095675625138,-0.000947435624404136
2026-02-20 16:30:00+00:00,686.1300048828125,689.1500244140625,684.0800170898438,685.2291870117188,12244330,6.529753361882111,-0.001342313743026402
2026-02-20 17:30:00+00:00,685.2349853515625,687.7999877929688,684.9700927734375,686.5599975585938,9145890,6.531693617687216,0.001940255805104485
2026-02-20 18:30:00+00:00,686.5399780273438,690.0599975585938,685.760009765625,688.5800170898438,13196896,6.534631530863601,0.002937913176385365
2026-02-20 19:30:00+00:00,688.5800170898438,689.3200073242188,687.8099975585938,688.3599853515625,8027018,6.534311935616511,-0.00031959524709002096
2026-02-20 20:30:00+00:00,688.3599853515625,689.5,688.27001953125,689.3499755859375,10691604,6.535749089201575,0.0014371535850639106
2026-02-23 14:30:00+00:00,687.8300170898438,690.0,684.2799072265625,684.510009765625,20052422,6.528703268092181,-0.007045821109394446
2026-02-23 15:30:00+00:00,684.5,685.0050048828125,680.3709716796875,682.8699951171875,15403510,6.52630449755439,-0.0023987705377903623
2026-02-23 16:30:00+00:00,682.8800048828125,683.0850219726562,681.5900268554688,681.6900024414062,7082700,6.5245750126332185,-0.0017294849211717533
2026-02-23 17:30:00+00:00,681.7000122070312,683.9500122070312,680.5900268554688,683.8098754882812,7674168,6.527679919172107,0.003104906538888841
2026-02-23 18:30:00+00:00,683.8099975585938,683.9099731445312,681.1699829101562,681.27001953125,7488180,6.52395873201357,-0.003721187158537198
2026-02-23 19:30:00+00:00,681.2550048828125,681.6599731445312,680.5399780273438,681.3499755859375,8354274,6.524076088363933,0.00011735635036291825
2026-02-23 20:30:00+00:00,681.3400268554688,682.469970703125,680.9000244140625,682.4099731445312,15739631,6.525630610878018,0.001554522514084944
2026-02-24 14:30:00+00:00,681.9000244140625,686.3900146484375,680.0,686.3350219726562,19215932,6.5313658787344915,0.005735267856473492
2026-02-24 15:30:00+00:00,686.3200073242188,686.8699951171875,685.1799926757812,686.0900268554688,8915432,6.531008853598585,-0.00035702513590685214
2026-02-24 16:30:00+00:00,686.0999755859375,687.7999877929688,685.1500244140625,687.5300903320312,6769913,6.533105596338628,0.0020967427400435668
2026-02-24 17:30:00+00:00,687.530029296875,688.0999755859375,686.9400024414062,687.030029296875,4420143,6.532378002033983,-0.000727594304644974
2026-02-24 18:30:00+00:00,687.0399780273438,687.875,686.6500244140625,686.8900146484375,6247419,6.532174184279756,-0.0002038177542269537
2026-02-24 19:30:00+00:00,686.8900146484375,687.6900024414062,686.4600219726562,686.5399780273438,6142765,6.531664458075232,-0.0005097262045241635
2026-02-24 20:30:00+00:00,686.530029296875,688.3499755859375,686.5100708007812,687.375,12579342,6.5328799948279785,0.0012155367527464378
2026-02-25 14:30:00+00:00,690.1799926757812,691.989990234375,690.0999755859375,691.1500244140625,11847751,6.538356912234192,0.005476917406213033
2026-02-25 15:30:00+00:00,691.14501953125,691.5800170898438,690.1701049804688,691.469970703125,5193274,6.538819723846787,0.00046281161259553727
2026-02-25 16:30:00+00:00,691.47998046875,692.3900146484375,691.4000244140625,691.969970703125,5478125,6.539542559738401,0.0007228358916142597
2026-02-25 17:30:00+00:00,691.969970703125,692.6900024414062,691.8400268554688,692.3099975585938,4913647,6.540033828658133,0.0004912689197320574
2026-02-25 18:30:00+00:00,692.3099975585938,693.0800170898438,692.2100219726562,692.8699951171875,5214228,6.540842384357846,0.0008085556997121657
2026-02-25 19:30:00+00:00,692.8599853515625,693.3300170898438,692.8099975585938,692.9199829101562,6560771,6.540914527747224,7.21433893779988e-05
2026-02-25 20:30:00+00:00,692.9199829101562,693.6799926757812,692.739990234375,693.0999755859375,10495870,6.541174253699494,0.00025972595227052864
2026-02-26 14:30:00+00:00,693.280029296875,693.2999877929688,684.739990234375,685.6900024414062,19859314,6.530425634107328,-0.010748619592166442
2026-02-26 15:30:00+00:00,685.6699829101562,689.0999755859375,684.3499755859375,688.739990234375,11175598,6.534863827126489,0.004438193019161041
2026-02-26 16:30:00+00:00,688.739990234375,688.9199829101562,686.030029296875,686.2849731445312,6518707,6.531292954213028,-0.0035708729134604766
2026-02-26 17:30:00+00:00,686.25,687.0900268554688,684.739990234375,685.6699829101562,5516506,6.530396437497443,-0.000896516715584994
2026-02-26 18:30:00+00:00,685.6599731445312,689.3200073242188,685.4099731445312,688.6099853515625,8415967,6.5346750517454995,0.004278614248056201
2026-02-26 19:30:00+00:00,688.6199951171875,689.8099975585938,688.469970703125,688.6649780273438,7050938,6.534754908966857,7.985722135739337e-05
2026-02-26 20:30:00+00:00,688.6649780273438,689.5167236328125,688.6199951171875,689.3200073242188,8572144,6.535705615038657,0.0009507060718005889
2026-02-27 14:30:00+00:00,683.0900268554688,685.489990234375,681.6400146484375,684.5294189453125,17772433,6.528731622541705,-0.006973992496952519
2026-02-27 15:30:00+00:00,684.510009765625,686.0499877929688,683.739990234375,685.385009765625,7040899,6.529980738418767,0.0012491158770622235
2026-02-27 16:30:00+00:00,685.3900146484375,686.2899169921875,683.2899780273438,684.1400146484375,7500648,6.528162596452827,-0.001818141965940434
2026-02-27 17:30:00+00:00,684.1300048828125,685.1199951171875,683.0599975585938,683.7999877929688,7414482,6.527665459353444,-0.0004971370993827051
2026-02-27 18:30:00+00:00,683.7999877929688,684.97998046875,683.2999877929688,683.5999755859375,5673987,6.527372915527476,-0.0002925438259682167
2026-02-27 19:30:00+00:00,683.5999755859375,686.0999755859375,682.989990234375,685.590087890625,10090599,6.530279909609958,0.002906994082482406
2026-02-27 20:30:00+00:00,685.5800170898438,686.8499755859375,684.489990234375,686.280029296875,15978632,6.5312857504046145,0.0010058407946562653
2026-03-02 14:30:00+00:00,678.7000122070312,685.3599853515625,678.02001953125,683.4299926757812,22117273,6.52712422615712,-0.004161524247494164
2026-03-02 15:30:00+00:00,683.4199829101562,685.6699829101562,682.4199829101562,683.219970703125,10823943,6.52681687316998,-0.0003073529871402414
2026-03-02 16:30:00+00:00,683.219970703125,687.1900024414062,682.9199829101562,686.4837036132812,8833887,6.53158248656251,0.004765613392529566
2026-03-02 17:30:00+00:00,686.47998046875,687.4199829101562,686.0800170898438,686.719970703125,4549090,6.53192659734024,0.00034411077773022214
2026-03-02 18:30:00+00:00,686.75,688.280029296875,685.1900024414062,688.2000122070312,7030502,6.534079511101002,0.0021529137607618765
2026-03-02 19:30:00+00:00,688.2100219726562,688.6199951171875,684.8900146484375,685.3499755859375,13163361,6.529929621054624,-0.004149890046377891
2026-03-02 20:30:00+00:00,685.3499755859375,687.3099975585938,685.2000122070312,686.3699951171875,12691271,6.531416833810932,0.0014872127563085868
2026-03-03 14:30:00+00:00,675.0599975585938,677.0999755859375,669.6599731445312,669.8499755859375,33122931,6.5070537702759355,-0.024363063534996954
2026-03-03 15:30:00+00:00,669.8499755859375,676.5800170898438,669.780029296875,676.02001953125,17224450,6.516222690295656,0.009168920019720694
2026-03-03 16:30:00+00:00,676.0,678.489990234375,674.6599731445312,678.3200073242188,10581256,6.519619163793334,0.00339647349767791
2026-03-03 17:30:00+00:00,678.3200073242188,680.4299926757812,676.0800170898438,679.8200073242188,7605785,6.521828068020775,0.002208904227440911
2026-03-03 18:30:00+00:00,679.8200073242188,681.9099731445312,679.6649780273438,680.5,9358641,6.522827822091521,0.0009997540707455954
2026-03-03 19:30:00+00:00,680.5,682.6099853515625,679.2750244140625,681.0499877929688,11491316,6.52363570696951,0.0008078848779895509
2026-03-03 20:30:00+00:00,681.0399780273438,681.510009765625,679.2100219726562,680.0399780273438,6319699,6.522151587658699,-0.0014841193108114936
2026-03-04 14:30:00+00:00,681.6300048828125,686.27001953125,679.6199951171875,686.1400146484375,17092115,6.531081709885765,0.008930122227066128
2026-03-04 15:30:00+00:00,686.1500244140625,686.6400146484375,683.8800048828125,685.1900024414062,12741510,6.529696175627533,-0.0013855342582314023
2026-03-04 16:30:00+00:00,685.1799926757812,686.4000244140625,684.8499755859375,685.3250122070312,7706769,6.529893196111977,0.00019702048444347753
2026-03-04 17:30:00+00:00,685.3499755859375,686.489990234375,684.5800170898438,686.10498046875,6915063,6.531030648770848,0.0011374526588712186
2026-03-04 18:30:00+00:00,686.1099853515625,686.9600219726562,686.0999755859375,686.5999755859375,5152602,6.531751845465679,0.000721196694830617
2026-03-04 19:30:00+00:00,686.6099853515625,687.0900268554688,685.4749755859375,686.22998046875,6913501,6.531212820039385,-0.0005390254262938043
2026-03-04 20:30:00+00:00,686.239990234375,686.6300048828125,685.1599731445312,685.1649780273438,11184616,6.529659653099543,-0.0015531669398418657
2026-03-05 14:30:00+00:00,682.0800170898438,685.530029296875,680.3300170898438,680.8200073242188,19715347,6.52329796478889,-0.00636168831065298
2026-03-05 15:30:00+00:00,680.8300170898438,682.5800170898438,679.010009765625,679.5349731445312,16013402,6.5214087012064255,-0.001889263582464551
2026-03-05 16:30:00+00:00,679.530029296875,682.4199829101562,678.489990234375,678.510009765625,10963199,6.51989923195258,-0.0015094692538450971
2026-03-05 17:30:00+00:00,678.510009765625,678.8049926757812,675.9000244140625,676.2999877929688,12809378,6.516636746531166,-0.003262485421414496
2026-03-05 18:30:00+00:00,676.280029296875,677.9600219726562,675.8200073242188,676.6699829101562,8129423,6.517183684208161,0.0005469376769955403
2026-03-05 19:30:00+00:00,676.6699829101562,680.4600219726562,675.6099853515625,679.4600219726562,12703497,6.521298397383055,0.004114713174893758
2026-03-05 20:30:00+00:00,679.469970703125,681.75,679.1699829101562,681.4400024414062,17275765,6.52420820975762,0.0029098123745647797
2026-03-06 14:30:00+00:00,673.4099731445312,674.3599853515625,669.760009765625,674.1699829101562,26046349,6.513482279278628,-0.010725930478991508
2026-03-06 15:30:00+00:00,674.1300048828125,676.010009765625,672.4600219726562,674.4199829101562,12054888,6.5138530368983645,0.0003707576197360396
2026-03-06 16:30:00+00:00,674.4299926757812,676.0,673.3499755859375,673.8099975585938,7864935,6.512948168438206,-0.000904868460158248
2026-03-06 17:30:00+00:00,673.7999877929688,676.1099853515625,672.030029296875,674.6400146484375,9387540,6.514179236979355,0.0012310685411485167
2026-03-06 18:30:00+00:00,674.6699829101562,675.4299926757812,673.6900024414062,674.9199829101562,7620924,6.514594140008849,0.00041490302949398483
2026-03-06 19:30:00+00:00,674.9099731445312,675.969970703125,671.97998046875,672.22998046875,12122952,6.51060051481525,-0.003993625193598582
2026-03-06 20:30:00+00:00,672.22998046875,673.4000244140625,671.1400146484375,672.489990234375,16549538,6.510987226955369,0.00038671214011909427
2026-03-09 13:30:00+00:00,666.3900146484375,667.6300048828125,662.3900146484375,664.0599975585938,21505293,6.498372503163383,-0.01261472379198647
2026-03-09 14:30:00+00:00,664.030029296875,669.9199829101562,663.97998046875,669.77001953125,11546091,6.506934399028755,0.008561895865372371
2026-03-09 15:30:00+00:00,669.77001953125,671.5999755859375,668.3699951171875,670.8699951171875,8868302,6.508575370237658,0.0016409712089027195
2026-03-09 16:30:00+00:00,670.8699951171875,672.25,668.7100219726562,668.844970703125,8907547,6.505552300393784,-0.0030230698438735715
2026-03-09 17:30:00+00:00,668.8400268554688,670.8699951171875,668.0900268554688,670.0599975585938,8192624,6.507367256970691,0.0018149565769070009
2026-03-09 18:30:00+00:00,670.0599975585938,677.5150146484375,669.9000244140625,677.3900146484375,16903181,6.518247199572985,0.01087994260229408
2026-03-09 19:30:00+00:00,677.3699951171875,679.9199829101562,675.8800048828125,678.2999877929688,16099713,6.519589649955526,0.0013424503825403278
2026-03-10 13:30:00+00:00,677.719970703125,678.7849731445312,674.760009765625,677.6199951171875,14084370,6.5185866516350375,-0.0010029983204882242
2026-03-10 14:30:00+00:00,677.6400146484375,681.6849975585938,677.6300048828125,681.1099853515625,9403537,6.523723798764623,0.005137147129585351
2026-03-10 15:30:00+00:00,681.0999755859375,681.9498901367188,679.6799926757812,680.5999755859375,7262968,6.5229747261954225,-0.0007490725692003153
2026-03-10 16:30:00+00:00,680.6099853515625,683.3599853515625,680.6099853515625,683.2650146484375,9090930,6.526882799902892,0.003908073707469484
2026-03-10 17:30:00+00:00,683.25,683.25,677.3800048828125,679.3499755859375,15209801,6.521136422732947,-0.005746377169945305
2026-03-10 18:30:00+00:00,679.3150024414062,680.3699951171875,677.4099731445312,677.4099731445312,9507897,6.518276662956916,-0.0028597597760304794
2026-03-10 19:30:00+00:00,677.4199829101562,678.3200073242188,676.22998046875,677.0499877929688,10409992,6.517745107399099,-0.0005315555578171427
2026-03-11 13:30:00+00:00,677.5800170898438,680.0800170898438,675.1950073242188,676.1500244140625,14729721,6.516414981026833,-0.0013301263722658163
2026-03-11 14:30:00+00:00,676.1400146484375,678.6400146484375,674.5900268554688,674.6699829101562,8480186,6.5142236571078325,-0.002191323919000787
2026-03-11 15:30:00+00:00,674.6799926757812,675.2899780273438,673.510009765625,674.7050170898438,7579835,6.514275583636329,5.1926528496615276e-05
2026-03-11 16:30:00+00:00,674.7000122070312,676.77001953125,674.6500244140625,676.4600219726562,5597839,6.516873350480542,0.0025977668442127566
2026-03-11 17:30:00+00:00,676.469970703125,676.639892578125,673.3400268554688,675.27001953125,8581233,6.515112639817472,-0.001760710663069709
2026-03-11 18:30:00+00:00,675.27001953125,675.7899780273438,674.3200073242188,674.9749755859375,8042124,6.514675616979283,-0.0004370228381889163
2026-03-11 19:30:00+00:00,674.989990234375,676.5999755859375,674.75,676.3300170898438,7671647,6.516681147877834,0.0020055308985504894
2026-03-12 13:30:00+00:00,671.1599731445312,671.6500244140625,668.0499877929688,668.0599975585938,20460497,6.504377986207849,-0.01230316166998513
2026-03-12 14:30:00+00:00,668.0599975585938,670.5499877929688,666.9199829101562,668.1699829101562,13622450,6.504542606600174,0.00016462039232578718
2026-03-12 15:30:00+00:00,668.1699829101562,671.3099975585938,667.239990234375,668.8400268554688,14853739,6.505544908746774,0.0010023021465999093
2026-03-12 16:30:00+00:00,668.77001953125,670.3098754882812,667.989990234375,668.5599975585938,8622337,6.505126142041442,-0.00041876670533191884
2026-03-12 17:30:00+00:00,668.5599975585938,669.75,667.2700805664062,668.1900024414062,9816196,6.504572567885264,-0.0005535741561786267
2026-03-12 18:30:00+00:00,668.1799926757812,668.47998046875,666.8699951171875,667.97998046875,13026038,6.504258203729397,-0.00031436415586671984
2026-03-12 19:30:00+00:00,667.989990234375,668.6500244140625,665.905029296875,666.0399780273438,12771977,6.501349695806921,-0.002908507922476211
2026-03-13 13:30:00+00:00,669.27001953125,672.3350219726562,667.72998046875,668.840087890625,18217959,6.505545000002009,0.004195304195087957
2026-03-13 14:30:00+00:00,668.8699951171875,670.22998046875,664.4299926757812,664.5900268554688,13817201,6.49917034957177,-0.00637465043023866
2026-03-13 15:30:00+00:00,664.5700073242188,665.3300170898438,663.0999755859375,664.3300170898438,10913129,6.498779039695563,-0.0003913098762069467
2026-03-13 16:30:00+00:00,664.3200073242188,665.22998046875,663.1300048828125,664.3699951171875,8757536,6.498839215848176,6.0176152612889666e-05
2026-03-13 17:30:00+00:00,664.3499755859375,664.52001953125,662.0800170898438,663.3400268554688,9439940,6.497287719736405,-0.0015514961117713
2026-03-13 18:30:00+00:00,663.3300170898438,664.8099975585938,662.1599731445312,662.3699951171875,9503155,6.4958243048186315,-0.0014634149177732425
2026-03-13 19:30:00+00:00,662.3699951171875,663.0,661.3599853515625,662.2999877929688,11375885,6.495718607059662,-0.00010569775896929201
2026-03-16 13:30:00+00:00,668.3800048828125,671.4000244140625,667.7000122070312,670.27001953125,17734385,6.5076806454223375,0.011962038362675287
2026-03-16 14:30:00+00:00,670.27001953125,670.3499755859375,667.5750122070312,670.0599975585938,10466731,6.507367256970691,-0.00031338845164619045
2026-03-16 15:30:00+00:00,670.0399780273438,670.6400146484375,667.1500244140625,667.4500122070312,11521957,6.503464499390798,-0.0039027575798931124
2026-03-16 16:30:00+00:00,667.4199829101562,669.75,667.1199951171875,669.2000122070312,6033547,6.506082987353899,0.002618487963101046
2026-03-16 17:30:00+00:00,669.2000122070312,670.0800170898438,667.97998046875,669.7999877929688,8459797,6.506979142135214,0.000896154781314884
2026-03-16 18:30:00+00:00,669.7999877929688,672.0700073242188,668.6900024414062,669.27001953125,11603066,6.506187595335583,-0.0007915467996308934
2026-03-16 19:30:00+00:00,669.27001953125,669.4299926757812,668.4199829101562,668.9600219726562,10497369,6.505724300454249,-0.0004632948813343418
2026-03-17 13:30:00+00:00,672.3900146484375,674.4299926757812,671.5599975585938,672.5599975585938,15290363,6.5110913231970216,0.005367022742772676
2026-03-17 14:30:00+00:00,672.5700073242188,673.469970703125,671.5999755859375,671.635009765625,7855289,6.509715052739339,-0.0013762704576825158
2026-03-17 15:30:00+00:00,671.6300048828125,672.1900024414062,669.7000122070312,671.2100219726562,9865005,6.509082086466816,-0.0006329662725228502
2026-03-17 16:30:00+00:00,671.2000122070312,671.9400024414062,670.719970703125,671.530029296875,5135082,6.5095587346906845,0.0004766482238682812
2026-03-17 17:30:00+00:00,671.530029296875,672.2999877929688,670.8599853515625,670.9000244140625,8245727,6.5086201309588585,-0.000938603731825971
2026-03-17 18:30:00+00:00,670.9000244140625,671.60498046875,670.5900268554688,671.0399780273438,8331594,6.508828714969372,0.00020858401051349063
2026-03-17 19:30:00+00:00,671.0399780273438,671.280029296875,670.469970703125,670.72998046875,10144142,6.508366642373177,-0.00046207259619457375
2026-03-18 13:30:00+00:00,668.3599853515625,669.719970703125,665.719970703125,665.9600219726562,16416985,6.501229641670609,-0.007137000702568841
2026-03-18 14:30:00+00:00,665.969970703125,668.0,665.6599731445312,666.9342041015625,7674368,6.502691396524539,0.0014617548539304082
2026-03-18 15:30:00+00:00,666.9099731445312,667.6199951171875,666.4918212890625,667.0700073242188,4712970,6.50289499891494,0.00020360239040062567
2026-03-18 16:30:00+00:00,667.0700073242188,667.2960205078125,665.4299926757812,665.8400268554688,5482247,6.501049441771055,-0.0018455571438842355
2026-03-18 17:30:00+00:00,665.8400268554688,667.4400024414062,665.2899780273438,666.1199951171875,7202639,6.50146982715984,0.0004203853887849718
2026-03-18 18:30:00+00:00,666.1099853515625,666.2999877929688,662.6799926757812,662.9099731445312,14723450,6.496639193853637,-0.004830633306203147
2026-03-18 19:30:00+00:00,662.9000244140625,663.2191772460938,661.1900024414062,661.5700073242188,14238601,6.4946158091332435,-0.0020233847203936506
2026-03-19 13:30:00+00:00,656.969970703125,659.469970703125,655.1699829101562,656.3300170898438,23610365,6.486663737276449,-0.007952071856794696
2026-03-19 14:30:00+00:00,656.3400268554688,659.7100219726562,656.260009765625,657.719970703125,12175917,6.488779264302944,0.002115527026495201
2026-03-19 15:30:00+00:00,657.719970703125,659.0399780273438,656.1799926757812,657.9500122070312,11880224,6.489128959149278,0.0003496948463341809
2026-03-19 16:30:00+00:00,657.97998046875,658.7100219726562,655.6099853515625,657.1199951171875,9393933,6.4878666427776235,-0.001262316371654748
2026-03-19 17:30:00+00:00,657.0999755859375,658.6199951171875,656.1599731445312,657.1749877929688,9141237,6.487950326694139,8.368391651547569e-05
2026-03-19 18:30:00+00:00,657.1799926757812,662.97998046875,656.3200073242188,660.25,21924565,6.492618551177242,0.00466822448310289
2026-03-19 19:30:00+00:00,660.239990234375,660.739990234375,658.97998046875,659.719970703125,11501098,6.4918154581719065,-0.0008030930053353202
2026-03-20 13:30:00+00:00,656.510009765625,656.6900024414062,651.47998046875,651.8599853515625,21713873,6.479829792472035,-0.011985665699871362
2026-03-20 14:30:00+00:00,651.8599853515625,654.1599731445312,651.2000122070312,651.9199829101562,24293455,6.47992182879733,9.203632529519723e-05
2026-03-20 15:30:00+00:00,651.9400024414062,653.989990234375,651.72998046875,653.0999755859375,15357499,6.481730219526797,0.0018083907294670354
2026-03-20 16:30:00+00:00,653.0999755859375,653.4000244140625,651.75,652.1599731445312,9184604,6.48028988941504,-0.0014403301117571488
2026-03-20 17:30:00+00:00,652.1900024414062,652.3699951171875,648.6599731445312,649.4299926757812,15136238,6.476095043812869,-0.0041948456021714264
2026-03-20 18:30:00+00:00,649.4299926757812,649.655029296875,646.780029296875,647.1199951171875,21363532,6.472531741164246,-0.0035633026486232566
2026-03-20 19:30:00+00:00,647.1300048828125,648.52001953125,644.719970703125,648.510009765625,27843185,6.474677438896628,0.002145697732382601
2026-03-23 13:30:00+00:00,658.0700073242188,662.27001953125,656.0700073242188,660.989990234375,38763106,6.493738696369967,0.019061257473338422
2026-03-23 14:30:00+00:00,660.97998046875,662.614990234375,659.9500122070312,660.8900146484375,12821509,6.493587433644517,-0.00015126272544918606
2026-03-23 15:30:00+00:00,660.9000244140625,661.3300170898438,653.9400024414062,654.0900268554688,19720491,6.483244997725824,-0.01034243591869366
2026-03-23 16:30:00+00:00,654.1088256835938,656.739990234375,653.989990234375,655.280029296875,9105169,6.485062669916287,0.0018176721904632487
2026-03-23 17:30:00+00:00,655.280029296875,658.3099975585938,655.260009765625,657.3900146484375,10860723,6.488277471958142,0.0032148020418549805
2026-03-23 18:30:00+00:00,657.4099731445312,659.6500244140625,657.030029296875,657.3300170898438,11685736,6.488186201486578,-9.127047156365364e-05
2026-03-23 19:30:00+00:00,657.3200073242188,658.3499755859375,655.3699951171875,655.3699951171875,13898637,6.485199954193215,-0.0029862472933634976
2026-03-24 13:30:00+00:00,651.3200073242188,653.585693359375,649.8800048828125,652.489990234375,17157140,6.480795798442206,-0.004404155751008609
2026-03-24 14:30:00+00:00,652.510009765625,656.8300170898438,651.219970703125,656.0399780273438,16069386,6.486221729202047,0.005425930759840547
2026-03-24 15:30:00+00:00,656.0599975585938,657.030029296875,654.2999877929688,655.9600219726562,8078359,6.486099844972189,-0.0001218842298573719
2026-03-24 16:30:00+00:00,655.969970703125,656.1199951171875,652.5499877929688,653.405029296875,8311009,6.482197196255307,-0.0039026487168820623
2026-03-24 17:30:00+00:00,653.4000244140625,654.97998046875,652.3800048828125,654.5900268554688,10047322,6.484009126472053,0.0018119302167454165
2026-03-24 18:30:00+00:00,654.5900268554688,656.5900268554688,654.280029296875,654.4500122070312,9961652,6.483795206890079,-0.00021391958197369831
2026-03-24 19:30:00+00:00,654.4500122070312,654.7750244140625,652.5599975585938,653.2000122070312,10043583,6.481883379784355,-0.0019118271057241287
2026-03-25 13:30:00+00:00,658.6699829101562,660.8900146484375,655.6699829101562,658.1400146484375,22876212,6.489417696908625,0.007534317124269663
2026-03-25 14:30:00+00:00,658.1599731445312,659.25,654.239990234375,657.8400268554688,14577535,6.488961781486348,-0.00045591542227629844
2026-03-25 15:30:00+00:00,657.8499755859375,658.239990234375,656.010009765625,657.5,9552650,6.48844476405192,-0.0005170174344284462
2026-03-25 16:30:00+00:00,657.4600219726562,658.3200073242188,656.9149780273438,658.02001953125,8735929,6.489235355682021,0.0007905916301007565
2026-03-25 17:30:00+00:00,658.0399780273438,659.3800048828125,657.3300170898438,657.5150146484375,8862246,6.488467599758388,-0.0007677559236327625
2026-03-25 18:30:00+00:00,657.510009765625,657.8099975585938,655.5800170898438,656.510009765625,11503640,6.48693794079436,-0.0015296589640279024
2026-03-25 19:30:00+00:00,656.510009765625,657.0599975585938,655.7550048828125,656.739990234375,9045207,6.487288187085776,0.0003502462914157789
2026-03-26 13:30:00+00:00,652.0599975585938,654.8400268554688,650.72998046875,653.6199951171875,19212415,6.482526135362417,-0.004762051723358418
2026-03-26 14:30:00+00:00,653.6199951171875,654.8499755859375,650.8200073242188,651.7100219726562,14863677,6.479599711419656,-0.0029264239427613248
2026-03-26 15:30:00+00:00,651.7100219726562,652.3499755859375,649.2899780273438,649.469970703125,9677804,6.476156600558551,-0.0034431108611050476
2026-03-26 16:30:00+00:00,649.4912719726562,650.0999755859375,647.97998046875,648.6199951171875,7002375,6.474847021515814,-0.0013095790427373188
2026-03-26 17:30:00+00:00,648.6199951171875,649.0599975585938,646.4400024414062,646.5999755859375,10319756,6.471727827533734,-0.0031191939820791603
2026-03-26 18:30:00+00:00,646.6099853515625,647.6500244140625,645.8499755859375,646.2100219726562,12002274,6.471124562358119,-0.0006032651756155971
2026-03-26 19:30:00+00:00,646.2100219726562,646.27001953125,644.8200073242188,645.10498046875,13326642,6.4694130639684,-0.0017114983897190683
2026-03-27 13:30:00+00:00,642.5,642.6599731445312,638.593994140625,639.0999755859375,19514414,6.460060898455543,-0.009352165512856558
2026-03-27 14:30:00+00:00,639.0999755859375,641.489990234375,638.2999877929688,640.9600219726562,11109483,6.462967086758307,0.0029061883027639013
2026-03-27 15:30:00+00:00,640.9600219726562,642.1400146484375,638.5800170898438,638.8900146484375,9032070,6.4597323185120485,-0.003234768246258568
2026-03-27 16:30:00+00:00,638.8800048828125,639.9299926757812,636.5900268554688,636.6199951171875,10693459,6.456172923586884,-0.0035593949251646606
2026-03-27 17:30:00+00:00,636.6199951171875,637.25,635.1300048828125,635.77001953125,10641379,6.454836893434833,-0.00133603015205086
2026-03-27 18:30:00+00:00,635.7650146484375,636.7249755859375,634.52001953125,634.8590087890625,13489943,6.453402940836575,-0.0014339525982576262
2026-03-27 19:30:00+00:00,634.8599853515625,635.3499755859375,633.10498046875,634.0800170898438,16949297,6.452175156394313,-0.0012277844422623474
2026-03-30 13:30:00+00:00,640.1099853515625,640.3699951171875,634.6799926757812,635.8599853515625,19019082,6.454978390285516,0.0028032338912025168
2026-03-30 14:30:00+00:00,635.8499755859375,638.7999877929688,634.72998046875,636.4600219726562,14707830,6.455921606869591,0.0009432165840754791
2026-03-30 15:30:00+00:00,636.4500122070312,638.4749755859375,635.1649780273438,635.260009765625,8520361,6.454034379282938,-0.0018872275866526067
2026-03-30 16:30:00+00:00,635.27001953125,636.010009765625,633.239990234375,633.4000244140625,8684535,6.451102172649001,-0.0029322066339370068
2026-03-30 17:30:00+00:00,633.4000244140625,634.6300048828125,632.260009765625,632.280029296875,11276966,6.44933238034448,-0.0017697923045210118
2026-03-30 18:30:00+00:00,632.2899780273438,633.1699829101562,629.280029296875,629.5800170898438,15080335,6.445052957542707,-0.004279422801773514
2026-03-30 19:30:00+00:00,629.5850219726562,632.6401977539062,629.3499755859375,632.0,14017529,6.448889394146858,0.0038364366041507836
2026-03-31 13:30:00+00:00,638.9400024414062,642.9500122070312,638.3099975585938,642.5,23437177,6.465366816769375,0.0164774226225175
2026-03-31 14:30:00+00:00,642.47998046875,642.6500244140625,637.97998046875,640.6799926757812,18510738,6.4625301008681495,-0.002836715901225695
2026-03-31 15:30:00+00:00,640.6799926757812,642.6300048828125,639.52001953125,642.1199951171875,9782227,6.464775194507008,0.0022450936388587195
2026-03-31 16:30:00+00:00,642.1099853515625,649.4600219726562,641.6500244140625,647.0,25329736,6.472346294500901,0.007571099993892716
2026-03-31 17:30:00+00:00,647.030029296875,648.4099731445312,646.1400146484375,647.7050170898438,13700937,6.473435372167585,0.0010890776666840907
2026-03-31 18:30:00+00:00,647.7000122070312,649.9099731445312,647.2000122070312,649.4019775390625,14280568,6.476051904842832,0.002616532675246752
2026-03-31 19:30:00+00:00,649.4199829101562,651.5399780273438,649.3200073242188,650.239990234375,24947292,6.477341510491514,0.0012896056486821905
2026-04-01 13:30:00+00:00,653.9000244140625,656.0499877929688,653.0,655.030029296875,24697054,6.484681080839115,0.007339570347601132
2026-04-01 14:30:00+00:00,655.030029296875,657.0700073242188,653.5800170898438,656.3300170898438,12040039,6.486663737276449,0.001982656437333752
2026-04-01 15:30:00+00:00,656.3300170898438,658.094970703125,655.9299926757812,657.1749877929688,8304190,6.487950326694139,0.0012865894176901094
2026-04-01 16:30:00+00:00,657.1849975585938,658.52001953125,656.8400268554688,658.2999877929688,6730728,6.489660735930566,0.0017104092364270684
2026-04-01 17:30:00+00:00,658.3099975585938,658.4400024414062,653.8300170898438,654.22998046875,11314270,6.483458941734982,-0.006201794195583865
2026-04-01 18:30:00+00:00,654.2249755859375,656.340087890625,653.6669921875,656.0999755859375,12258144,6.486313179139945,0.0028542374049624897
2026-04-01 19:30:00+00:00,656.0999755859375,656.75,654.719970703125,655.1799926757812,13412288,6.484909995863495,-0.0014031832764498375
2026-04-02 13:30:00+00:00,646.4199829101562,651.0999755859375,645.1099853515625,650.3400268554688,16496040,6.477495344350218,-0.007414651513276915
2026-04-02 14:30:00+00:00,650.3499755859375,658.2000122070312,650.0999755859375,655.2899780273438,14908705,6.485077852211644,0.007582507861426002
2026-04-02 15:30:00+00:00,655.3200073242188,655.889404296875,652.1699829101562,652.719970703125,6207493,6.481148202236252,-0.003929649975392024
2026-04-02 16:30:00+00:00,652.7100219726562,655.0399780273438,652.52001953125,654.6300048828125,4452903,6.484070197990036,0.0029219957537840457
2026-04-02 17:30:00+00:00,654.6500244140625,654.75,652.5499877929688,653.510009765625,4432041,6.482357850109365,-0.0017123478806713166
2026-04-02 18:30:00+00:00,653.5,655.27001953125,653.3900146484375,654.3798828125,7421724,6.4836880433925685,0.0013301932832039398
2026-04-02 19:30:00+00:00,654.3699951171875,656.0999755859375,654.0900268554688,655.8800048828125,7964160,6.485977852826341,0.0022898094337726604
2026-04-06 13:30:00+00:00,655.8599853515625,659.719970703125,655.52001953125,658.3699951171875,9310316,6.489767075902151,0.0037892230758096446
2026-04-06 14:30:00+00:00,658.4299926757812,659.0599975585938,656.6199951171875,656.9249877929688,4867271,6.487569838135185,-0.0021972377669658982
2026-04-06 15:30:00+00:00,656.9299926757812,658.0399780273438,656.3400268554688,657.793212890625,2702785,6.488890615809701,0.0013207776745156607
2026-04-06 16:30:00+00:00,657.780029296875,658.510009765625,655.52001953125,657.3900756835938,4071149,6.488277564802804,-0.0006130510068969031
2026-04-06 17:30:00+00:00,657.4099731445312,658.6500244140625,656.219970703125,658.239990234375,4910662,6.489569591628628,0.0012920268258245216
2026-04-06 18:30:00+00:00,658.22998046875,658.5223999023438,657.72998046875,657.880126953125,3529235,6.489022736846122,-0.0005468547825060455
2026-04-06 19:30:00+00:00,657.8800048828125,658.9199829101562,657.8099975585938,658.8699951171875,5262864,6.49052623904284,0.0015035021967175766
2026-04-07 13:30:00+00:00,656.6500244140625,657.5800170898438,651.9199829101562,654.4000244140625,12903016,6.48371882259609,-0.006807416446750203
2026-04-07 14:30:00+00:00,654.4500122070312,655.3400268554688,651.0599975585938,653.2550048828125,9263074,6.481967565883523,-0.0017512567125663736
2026-04-07 15:30:00+00:00,653.260009765625,657.0,652.5700073242188,655.9199829101562,7056077,6.486038804233154,0.004071238349630413
2026-04-07 16:30:00+00:00,655.8900146484375,656.8800048828125,655.3400268554688,655.8200073242188,3161446,6.485886372216328,-0.00015243201682579866
2026-04-07 17:30:00+00:00,655.8300170898438,658.3599853515625,655.5700073242188,656.1500244140625,4696504,6.486389458550346,0.0005030863340182989
2026-04-07 18:30:00+00:00,656.1300048828125,658.1699829101562,653.4121704101562,656.6599731445312,9777607,6.487166339831057,0.0007768812807107395
2026-04-07 19:30:00+00:00,656.6500244140625,659.5999755859375,655.8900146484375,659.260009765625,11768017,6.491118008683732,0.003951668852675283
2026-04-08 13:30:00+00:00,676.3900146484375,677.0800170898438,673.969970703125,674.1300048828125,24535784,6.5134229778950825,0.02230496921135039
2026-04-08 14:30:00+00:00,674.1300048828125,674.3499755859375,671.4600219726562,673.030029296875,11175952,6.511789948704075,-0.0016330291910078287
2026-04-08 15:30:00+00:00,673.0900268554688,675.6749877929688,673.0050048828125,675.02001953125,6915347,6.5147423489975385,0.002952400293463775
2026-04-08 16:30:00+00:00,675.030029296875,676.4349975585938,674.77001953125,675.010009765625,5331894,6.514727520044985,-1.4828952553891384e-05
2026-04-08 17:30:00+00:00,675.0100708007812,676.60498046875,674.3400268554688,674.8800048828125,10193057,6.514534904525492,-0.00019261551949245614
2026-04-08 18:30:00+00:00,674.9000244140625,675.3200073242188,672.780029296875,673.5399780273438,12163131,6.512547352703976,-0.0019875518215162202
2026-04-08 19:30:00+00:00,673.5399780273438,676.0499877929688,673.489990234375,675.8800048828125,14811289,6.516015552716826,0.003468200012850531
2026-04-09 13:30:00+00:00,674.8400268554688,675.7899169921875,673.9299926757812,674.2949829101562,10163311,6.513667675271148,-0.0023478774456782148
2026-04-09 14:30:00+00:00,674.2899780273438,676.5499877929688,673.77001953125,675.9299926757812,8389172,6.516089509549639,0.002421834278490742
2026-04-09 15:30:00+00:00,675.9199829101562,680.75,675.72998046875,679.9000244140625,9318282,6.521945764440727,0.005856254891088319
2026-04-09 16:30:00+00:00,679.9199829101562,681.0159912109375,678.969970703125,680.2901000976562,5844054,6.5225193249853275,0.0005735605446002268
2026-04-09 17:30:00+00:00,680.2999267578125,681.1599731445312,678.5800170898438,678.8499755859375,5611614,6.520400154082435,-0.0021191709028922645
2026-04-09 18:30:00+00:00,678.8599853515625,680.239990234375,678.4400024414062,679.9199829101562,4999397,6.52197511905529,0.0015749649728551418
2026-04-09 19:30:00+00:00,679.9099731445312,680.6699829101562,679.8300170898438,679.8699951171875,6981221,6.521901596241034,-7.352281425632157e-05
2026-04-10 13:30:00+00:00,681.3200073242188,681.9299926757812,680.0280151367188,681.52001953125,8575459,6.524325626392951,0.002424030151916945
2026-04-10 14:30:00+00:00,681.5399780273438,682.030029296875,680.4199829101562,681.239990234375,4957079,6.523914652635562,-0.000410973757388966
2026-04-10 15:30:00+00:00,681.22998046875,681.4500122070312,679.1099853515625,679.52001953125,5196622,6.521386695307676,-0.0025279573278860212
2026-04-10 16:30:00+00:00,679.52001953125,679.7100219726562,678.5,678.6701049804688,3541906,6.520135155267175,-0.001251540040501098
2026-04-10 17:30:00+00:00,678.6500244140625,679.7000122070312,678.4500122070312,679.4000244140625,3537143,6.5212100916612235,0.0010749363940485424
2026-04-10 18:30:00+00:00,679.4149780273438,679.989990234375,678.8699951171875,679.6400756835938,4555722,6.521563357575909,0.00035326591468543
2026-04-10 19:30:00+00:00,679.6500244140625,679.6500244140625,678.6599731445312,679.3400268554688,6623264,6.5211217781408015,-0.0004415794351073643
2026-04-13 13:30:00+00:00,677.4099731445312,680.02001953125,676.5800170898438,679.5687866210938,10735839,6.521458459698118,0.00033668155731625404
2026-04-13 14:30:00+00:00,679.5700073242188,680.6599731445312,679.3099975585938,679.510009765625,4289558,6.521371964557936,-8.649514018177484e-05
2026-04-13 15:30:00+00:00,679.530029296875,681.6199951171875,679.0150146484375,681.3900146484375,3779252,6.52413485094931,0.0027628863913742308
2026-04-13 16:30:00+00:00,681.3800048828125,682.8300170898438,680.7000122070312,682.47998046875,5670548,6.525733193982385,0.0015983430330743786
2026-04-13 17:30:00+00:00,682.489990234375,682.7000122070312,681.8699951171875,682.375,3428545,6.525579360101922,-0.00015383388046252833
2026-04-13 18:30:00+00:00,682.3699951171875,683.8400268554688,682.27001953125,683.8049926757812,5019951,6.527672778547047,0.002093418445125117
2026-04-13 19:30:00+00:00,683.7999877929688,686.2999877929688,683.6599731445312,686.010009765625,11623331,6.53089221911451,0.003219440567463039
2026-04-14 13:30:00+00:00,687.6900024414062,691.0499877929688,687.6599731445312,690.97998046875,12938663,6.538110851522725,0.007218632408214631
2026-04-14 14:30:00+00:00,690.989990234375,692.469970703125,690.6099853515625,692.25,7755017,6.539947162051071,0.0018363105283460968
2026-04-14 15:30:00+00:00,692.25,693.719970703125,692.239990234375,693.594970703125,7040757,6.5418881744353214,0.0019410123842504845
2026-04-14 16:30:00+00:00,693.5900268554688,694.0599975585938,692.8300170898438,693.739990234375,6253879,6.542097236465562,0.00020906203024040337
2026-04-14 17:30:00+00:00,693.739990234375,694.0999755859375,692.1300048828125,692.5999755859375,7021335,6.540452596718447,-0.0016446397471145957
2026-04-14 18:30:00+00:00,692.5999755859375,694.2698974609375,692.3200073242188,694.239990234375,6928111,6.542817707983399,0.002365111264952091
2026-04-14 19:30:00+00:00,694.22998046875,694.5800170898438,693.4099731445312,694.39501953125,6538533,6.543040990986389,0.0002232830029900157
2026-04-15 13:30:00+00:00,695.260009765625,696.9400024414062,694.2000122070312,696.9199829101562,10267598,6.546670602032745,0.0036296110463558406
2026-04-15 14:30:00+00:00,696.9199829101562,697.5599975585938,695.9299926757812,697.3699951171875,7405563,6.547316109394555,0.000645507361809905
2026-04-15 15:30:00+00:00,697.3699951171875,697.7999877929688,696.7999877929688,697.3599243164062,5371261,6.547301668174587,-1.4441219968297503e-05
2026-04-15 16:30:00+00:00,697.3599853515625,697.6199951171875,695.7000122070312,697.4199829101562,5207902,6.547387787272626,8.611909803946105e-05
2026-04-15 17:30:00+00:00,697.4199829101562,698.6500244140625,697.1900024414062,698.5,5867040,6.5489351786970165,0.0015473914243901987
2026-04-15 18:30:00+00:00,698.489990234375,700.030029296875,698.47998046875,700.0,8407944,6.551080335043404,0.0021451563463878998
2026-04-15 19:30:00+00:00,699.9949951171875,700.280029296875,699.260009765625,699.8400268554688,8213240,6.550851775862129,-0.00022855918127540065
2026-04-16 13:30:00+00:00,701.0599975585938,701.2999877929688,698.530029296875,699.1400146484375,9928184,6.549851029254335,-0.001000746607793701
2026-04-16 14:30:00+00:00,699.14990234375,702.030029296875,698.8699951171875,700.780029296875,6196195,6.55219404220825,0.0023430129539150357
2026-04-16 15:30:00+00:00,700.77001953125,702.780029296875,700.6599731445312,702.010009765625,5434817,6.553947662849545,0.0017536206412946953
2026-04-16 16:30:00+00:00,702.0150146484375,702.0698852539062,699.8300170898438,700.7000122070312,7356865,6.552079852797683,-0.0018678100518618734
2026-04-16 17:30:00+00:00,700.719970703125,701.530029296875,699.4736938476562,699.7899780273438,4006740,6.5507802586354735,-0.0012995941622095941
2026-04-16 18:30:00+00:00,699.7999877929688,701.1950073242188,699.7750244140625,700.9100952148438,4238107,6.552379626619623,0.0015993679841495023
2026-04-16 19:30:00+00:00,700.9099731445312,701.9400024414062,700.8300170898438,701.5499877929688,6272569,6.553292155439918,0.0009125288202946891
2026-04-17 13:30:00+00:00,706.1400146484375,709.4600219726562,705.760009765625,709.2249755859375,15058646,6.5641727901422,0.010880634702282066
2026-04-17 14:30:00+00:00,709.239990234375,711.3350219726562,709.22998046875,710.6199951171875,9776320,6.566137821549041,0.0019650314068409003
2026-04-17 15:30:00+00:00,710.6300048828125,711.6400146484375,710.4193115234375,711.510009765625,11165135,6.567389485970124,0.001251664421083376
2026-04-17 16:30:00+00:00,711.5150146484375,712.3900146484375,709.030029296875,709.8800048828125,6981774,6.5650959485447276,-0.002293537425396508
2026-04-17 17:30:00+00:00,709.8800048828125,710.7000122070312,709.1400146484375,709.8099975585938,6282793,6.56499732514926,-9.862339546717891e-05
2026-04-17 18:30:00+00:00,709.8099975585938,710.3900146484375,708.989990234375,709.260009765625,5720487,6.564222186759093,-0.00077513839016774
2026-04-17 19:30:00+00:00,709.27001953125,710.4000244140625,709.260009765625,710.0499877929688,7560000,6.565335372899231,0.0011131861401381116
2026-04-20 13:30:00+00:00,708.780029296875,709.9099731445312,708.22998046875,708.9500122070312,8835720,6.563785019402032,-0.0015503534971985644
2026-04-20 14:30:00+00:00,708.9299926757812,709.0,706.1400146484375,708.3300170898438,7945202,6.562910110923934,-0.0008749084780985683
2026-04-20 15:30:00+00:00,708.3099975585938,708.3099975585938,707.02001953125,707.6500244140625,3081050,6.561949655680041,-0.000960455243892433
2026-04-20 16:30:00+00:00,707.6599731445312,708.3900146484375,707.260009765625,707.97998046875,3286946,6.562415817119859,0.00046616143981825786
2026-04-20 17:30:00+00:00,707.9882202148438,708.6099853515625,707.4810180664062,708.3200073242188,3162016,6.562895979324099,0.00048016220423985345
2026-04-20 18:30:00+00:00,708.3200073242188,708.6099853515625,707.8599853515625,708.02001953125,4138072,6.562472369468038,-0.0004236098560612689
2026-04-20 19:30:00+00:00,708.02001953125,708.7999877929688,707.5999755859375,708.6900024414062,7039976,6.5634181988187335,0.0009458293506954263
2026-04-21 13:30:00+00:00,710.280029296875,711.2750244140625,708.75,710.5700073242188,7105727,6.566067475159179,0.002649276340445539
2026-04-21 14:30:00+00:00,710.5599975585938,710.780029296875,706.1500244140625,706.6900024414062,7342275,6.560592100775469,-0.005475374383710374
2026-04-21 15:30:00+00:00,706.6599731445312,707.885009765625,706.0399780273438,706.3599853515625,4336562,6.560125001807003,-0.0004670989684658622
2026-04-21 16:30:00+00:00,706.3314208984375,707.1400146484375,703.8400268554688,704.6900024414062,6331182,6.5577579932611565,-0.002367008545846261
2026-04-21 17:30:00+00:00,704.6799926757812,707.4099731445312,704.6400146484375,705.0989990234375,6881048,6.558338217100441,0.000580223839284244
2026-04-21 18:30:00+00:00,705.094970703125,707.780029296875,705.0203247070312,707.7249755859375,6468209,6.562055565664243,0.0037173485638026804
2026-04-21 19:30:00+00:00,707.719970703125,707.8699951171875,702.6400146484375,704.1400146484375,12123097,6.5569772208269566,-0.005078344837286863
2026-04-22 13:30:00+00:00,709.1500244140625,710.7000122070312,708.219970703125,710.52001953125,8006905,6.565997123820355,0.00901990299339861
2026-04-22 14:30:00+00:00,710.510009765625,710.6500244140625,709.2901000976562,710.2000122070312,4452727,6.565546637697147,-0.0004504861232081936
2026-04-22 15:30:00+00:00,710.1900024414062,710.4400024414062,709.0800170898438,709.155029296875,3253829,6.564074161722625,-0.0014724759745217142
2026-04-22 16:30:00+00:00,709.1500244140625,710.4199829101562,708.7999877929688,710.0399780273438,3451202,6.565321275530943,0.001247113808317657
2026-04-22 17:30:00+00:00,710.0499877929688,710.4199829101562,709.2000122070312,709.4500122070312,3567461,6.564490039159653,-0.0008312363712903448
2026-04-22 18:30:00+00:00,709.4600219726562,710.5800170898438,709.1900024414062,710.4500122070312,4604734,6.565898589266196,0.0014085501065430606
2026-04-22 19:30:00+00:00,710.4550170898438,711.4500122070312,710.1300048828125,711.2100219726562,6989198,6.566967775738002,0.001069186471806205
2026-04-23 13:30:00+00:00,709.5,711.2849731445312,709.1300048828125,710.530029296875,8865824,6.566011211664247,-0.0009565640737552172
2026-04-23 14:30:00+00:00,710.510009765625,712.280029296875,710.4000244140625,711.989990234375,4277457,6.568063852653566,0.002052640989319343
2026-04-23 15:30:00+00:00,711.989990234375,712.3598022460938,710.3049926757812,710.72998046875,3884471,6.56629258336516,-0.0017712692884055414
2026-04-23 16:30:00+00:00,710.7489013671875,711.27001953125,705.8800048828125,706.0499877929688,8053760,6.559686039226073,-0.006606544139087234
2026-04-23 17:30:00+00:00,706.0405883789062,708.5900268554688,702.2802734375,708.5100708007812,14427074,6.563164273286286,0.003478234060212415
2026-04-23 18:30:00+00:00,708.510009765625,709.47998046875,706.739990234375,708.405029296875,5210950,6.563016005399111,-0.00014826788717492434
2026-04-23 19:30:00+00:00,708.4199829101562,708.9099731445312,706.469970703125,708.4400024414062,6291893,6.563065373034604,4.9367635493346995e-05
2026-04-24 13:30:00+00:00,710.75,711.1599731445312,709.010009765625,709.8599853515625,9143812,6.565067746857955,0.0020023738233510002
2026-04-24 14:30:00+00:00,709.8900146484375,712.1500244140625,709.4500122070312,711.8499755859375,5226833,6.567867180763115,0.0027994339051602424
2026-04-24 15:30:00+00:00,711.8699951171875,714.1400146484375,711.5399780273438,713.3012084960938,5867584,6.569903783515129,0.002036602752014005
2026-04-24 16:30:00+00:00,713.3209838867188,713.8912963867188,712.719970703125,713.02001953125,3705121,6.56950949790406,-0.00039428561106902293
2026-04-24 17:30:00+00:00,713.0,714.4600219726562,712.72998046875,713.02001953125,3968273,6.56950949790406,0.0
2026-04-24 18:30:00+00:00,713.030029296875,714.469970703125,713.0,713.739990234375,3926316,6.570518736681863,0.001009238777802679
2026-04-24 19:30:00+00:00,713.75,714.4299926757812,713.4400024414062,713.97998046875,7238972,6.570854923387323,0.0003361867054598733
2026-04-27 13:30:00+00:00,713.1699829101562,714.4093017578125,712.5999755859375,713.4450073242188,7962185,6.570105359418422,-0.0007495639689008016
2026-04-27 14:30:00+00:00,713.459228515625,714.4500122070312,712.2949829101562,713.0,3815390,6.569481420414296,-0.0006239390041260506
2026-04-27 15:30:00+00:00,712.989990234375,714.1199951171875,712.760009765625,713.8599853515625,2819606,6.570686844162281,0.001205423747984824
2026-04-27 16:30:00+00:00,713.8699951171875,714.7550048828125,713.8599853515625,714.5999755859375,3364308,6.571722911424653,0.0010360672623725975
2026-04-27 17:30:00+00:00,714.5999755859375,715.239990234375,714.5800170898438,715.0999755859375,3255714,6.572422358913583,0.0006994474889294722
2026-04-27 18:30:00+00:00,715.0900268554688,715.219970703125,714.7100219726562,715.1400146484375,2918625,6.572478348205986,5.598929240324679e-05
2026-04-27 19:30:00+00:00,715.1300048828125,715.6300048828125,714.8800048828125,715.1599731445312,5875867,6.572506256331926,2.7908125940001582e-05
2026-04-28 13:30:00+00:00,711.8150024414062,712.8800048828125,710.7899780273438,711.25,9095112,6.567023985440541,-0.005482270891385532
2026-04-28 14:30:00+00:00,711.260009765625,711.5800170898438,709.25,709.9000244140625,5121982,6.565124149436187,-0.0018998360043536167
2026-04-28 15:30:00+00:00,709.905029296875,710.5900268554688,709.3800048828125,710.3200073242188,2911373,6.565715583035225,0.00059143359903846
2026-04-28 16:30:00+00:00,710.3201293945312,710.4400024414062,709.3599853515625,710.1199951171875,2694169,6.565433962962558,-0.000281620072667188
2026-04-28 17:30:00+00:00,710.1199951171875,711.6500244140625,710.114990234375,711.3499755859375,4779246,6.56716453877643,0.0017305758138714822
2026-04-28 18:30:00+00:00,711.3599853515625,712.1900024414062,710.8300170898438,711.5900268554688,3513295,6.567501940594351,0.00033740181792119017
2026-04-28 19:30:00+00:00,711.5900268554688,711.989990234375,711.2000122070312,711.6799926757812,8209178,6.567628361890659,0.00012642129630791032
2026-04-29 13:30:00+00:00,711.0,711.6500244140625,709.6599731445312,711.47998046875,6719706,6.567347280055697,-0.0002810818349621158
2026-04-29 14:30:00+00:00,711.47998046875,712.2000122070312,710.10498046875,710.8670043945312,3524212,6.566485358008979,-0.0008619220467176447
2026-04-29 15:30:00+00:00,710.8800048828125,711.0999755859375,709.219970703125,709.75,3710077,6.564912795353081,-0.0015725626558982242
2026-04-29 16:30:00+00:00,709.7449951171875,710.1900024414062,708.9099731445312,709.9099731445312,3450053,6.565138163607782,0.00022536825470087507
2026-04-29 17:30:00+00:00,709.9199829101562,710.739990234375,708.4600219726562,709.219970703125,4645427,6.5641657332834535,-0.000972430324328144
2026-04-29 18:30:00+00:00,709.22998046875,711.5,708.3699951171875,710.8699951171875,5559543,6.566489565148074,0.0023238318646203737
2026-04-29 19:30:00+00:00,710.8599853515625,711.6199951171875,710.0800170898438,711.5800170898438,6668841,6.567487873736118,0.0009983085880440612
2026-04-30 13:30:00+00:00,714.6300048828125,714.7100219726562,710.4450073242188,712.010009765625,11913605,6.568091969972739,0.0006040962366213876
2026-04-30 14:30:00+00:00,712.010009765625,714.5900268554688,711.1799926757812,714.4299926757812,5945326,6.571485011709836,0.003393041737096425
2026-04-30 15:30:00+00:00,714.4099731445312,715.3900146484375,713.469970703125,715.1799926757812,3889701,6.572534249021397,0.0010492373115615905
2026-04-30 16:30:00+00:00,715.1799926757812,715.8900146484375,713.9000244140625,715.8099975585938,3036045,6.573414765206438,0.0008805161850409249
2026-04-30 17:30:00+00:00,715.8200073242188,718.1099853515625,715.8200073242188,717.8800048828125,5140135,6.576302430962787,0.0028876657563490227
2026-04-30 18:30:00+00:00,717.9000244140625,719.4299926757812,717.8699951171875,719.1199951171875,9397872,6.578028235475161,0.0017258045123735855
2026-04-30 19:30:00+00:00,719.1099853515625,719.7899780273438,718.3499755859375,718.3900146484375,14690801,6.577012617459929,-0.0010156180152316452
2026-05-01 13:30:00+00:00,721.25,724.8699951171875,720.739990234375,724.2587890625,8946599,6.585148771974515,0.008136154514585492
2026-05-01 14:30:00+00:00,724.27001953125,724.27001953125,722.0399780273438,723.2899780273438,4763258,6.583810217858984,-0.0013385541155308545
2026-05-01 15:30:00+00:00,723.2949829101562,724.3800048828125,721.8699951171875,722.1400146484375,5460013,6.582219046197459,-0.0015911716615253368
2026-05-01 16:30:00+00:00,722.1201171875,722.97998046875,721.489990234375,722.97998046875,3849822,6.583381532243936,0.0011624860464776177
2026-05-01 17:30:00+00:00,722.9600219726562,723.219970703125,721.5,722.1799926757812,3544604,6.582274405158286,-0.0011071270856497506
2026-05-01 18:30:00+00:00,722.1400146484375,722.5900268554688,720.780029296875,722.4199829101562,4367001,6.582606663555959,0.0003322583976723692
2026-05-01 19:30:00+00:00,722.4299926757812,722.5,720.469970703125,720.6699829101562,5673742,6.580181311153421,-0.002425352402537939
2026-05-04 13:30:00+00:00,720.0700073242188,721.718994140625,719.25,721.239990234375,8887426,6.580971939368118,0.0007906282146974419
2026-05-04 14:30:00+00:00,721.219970703125,722.1199951171875,717.4500122070312,718.4400024414062,8566235,6.577082198123466,-0.003889741244652356
2026-05-04 15:30:00+00:00,718.4500122070312,718.739990234375,715.0,717.0,9000465,6.57507584059962,-0.0020063575238458142
2026-05-04 16:30:00+00:00,716.989990234375,718.6400146484375,716.2999877929688,718.5700073242188,3799760,6.577263136157694,0.002187295558074176
2026-05-04 17:30:00+00:00,718.5599975585938,718.9949951171875,717.1699829101562,717.760009765625,3700891,6.57613526493754,-0.0011278712201541197
2026-05-04 18:30:00+00:00,717.760009765625,718.219970703125,716.8300170898438,717.739990234375,5888031,6.5761073728703145,-2.7892067225643302e-05
2026-05-04 19:30:00+00:00,717.75,718.260009765625,717.3499755859375,718.0700073242188,7103245,6.576567067532166,0.0004596946618518061
2026-05-05 13:30:00+00:00,721.77001953125,723.6699829101562,721.4949951171875,723.2899780273438,8255148,6.583810217858984,0.007243150326817549
2026-05-05 14:30:00+00:00,723.2979736328125,723.6500244140625,722.3800048828125,723.47998046875,4765199,6.58407287529306,0.0002626574340762744
2026-05-05 15:30:00+00:00,723.47998046875,723.8699951171875,722.9099731445312,723.5800170898438,2317269,6.584211137177739,0.00013826188467902512
2026-05-05 16:30:00+00:00,723.5599975585938,723.8599853515625,723.1199951171875,723.85498046875,2082805,6.584591069102388,0.00037993192464913506
2026-05-05 17:30:00+00:00,723.8599853515625,724.7000122070312,723.719970703125,724.4749755859375,2991133,6.585447220910154,0.0008561518077661034
2026-05-05 18:30:00+00:00,724.4749755859375,725.0399780273438,724.0999755859375,724.719970703125,3368327,6.585785332935936,0.0003381120257817116
2026-05-05 19:30:00+00:00,724.719970703125,724.8699951171875,723.27001953125,723.739990234375,6966849,6.584432198372738,-0.0013531345631978553
2026-05-06 13:30:00+00:00,728.1599731445312,730.6799926757812,727.8200073242188,730.02001953125,9452082,6.593071957781817,0.008639759409078351
2026-05-06 14:30:00+00:00,730.0399780273438,732.5599975585938,730.010009765625,732.0599975585938,5578291,6.595862474480317,0.0027905166985000562
2026-05-06 15:30:00+00:00,732.0549926757812,732.1414794921875,730.9400024414062,731.77001953125,3343304,6.595466283627894,-0.00039619085242303953
2026-05-06 16:30:00+00:00,731.7700805664062,731.8400268554688,730.5288696289062,731.6799926757812,2929428,6.595343249899606,-0.0001230337282880356
2026-05-06 17:30:00+00:00,731.6799926757812,733.1799926757812,731.5449829101562,733.0449829101562,3719447,6.597207068230379,0.0018638183307730927
2026-05-06 18:30:00+00:00,733.0399780273438,733.989990234375,732.719970703125,733.8599853515625,8118340,6.59831825476652,0.0011111865361410622
2026-05-06 19:30:00+00:00,733.8499755859375,734.5900268554688,733.5499877929688,733.77001953125,9450549,6.598195654628712,-0.000122600137808071
2026-05-07 13:30:00+00:00,735.0499877929688,735.1199951171875,733.5499877929688,734.5499877929688,7732691,6.599258050198055,0.0010623955693436216
2026-05-07 14:30:00+00:00,734.6300048828125,736.1300048828125,734.2999877929688,734.9088134765625,6731554,6.599746428219156,0.0004883780211004662
2026-05-07 15:30:00+00:00,734.9099731445312,735.6199951171875,731.72998046875,733.364990234375,6027190,6.597643518247985,-0.0021029099711711297
2026-05-07 16:30:00+00:00,733.3599853515625,733.8200073242188,729.760009765625,730.625,5346205,6.593900332226333,-0.003743186021651468
2026-05-07 17:30:00+00:00,730.6300048828125,732.2000122070312,730.1500244140625,731.2899780273438,5155011,6.594810067858296,0.000909735631962505
2026-05-07 18:30:00+00:00,731.2899780273438,731.9400024414062,729.75,730.5,5360993,6.593729231190754,-0.0010808366675414405
2026-05-07 19:30:00+00:00,730.5,731.9000244140625,730.4000244140625,731.5900268554688,7368755,6.595220284460247,0.0014910532694925038
2026-05-08 13:30:00+00:00,734.9299926757812,737.5498046875,734.5800170898438,736.7999877929688,8523810,6.6023164683734645,0.007096183913217757
2026-05-08 14:30:00+00:00,736.8198852539062,737.4500122070312,736.049072265625,736.9099731445312,4231288,6.602465731599856,0.00014926322639130518
2026-05-08 15:30:00+00:00,736.8900146484375,737.75,736.3099975585938,737.5499877929688,4070549,6.603333865975273,0.0008681343754171067
2026-05-08 16:30:00+00:00,737.5599975585938,737.8400268554688,736.8099975585938,737.6900024414062,4316548,6.6035236854619805,0.00018981948670759863
2026-05-08 17:30:00+00:00,737.6799926757812,738.0800170898438,737.0700073242188,737.72998046875,3669810,6.603577877526364,5.419206438350699e-05
2026-05-08 18:30:00+00:00,737.72998046875,737.9500122070312,736.10498046875,736.6400146484375,5369253,6.60209932597894,-0.0014785515474242672
2026-05-08 19:30:00+00:00,736.6400146484375,737.5900268554688,736.52001953125,737.530029296875,9587509,6.60330680507571,0.0012074790967702143
