timestamp,open,high,low,close,volume,log_close,log_return
2026-02-12 14:40:00+00:00,694.8099975585938,695.3499755859375,693.1099853515625,693.3201293945312,3015401,6.541491839703409,-0.0021321770944116025
2026-02-12 14:50:00+00:00,693.3200073242188,693.989990234375,692.3200073242188,692.8300170898438,2857355,6.540784683517833,-0.000707156185575819
2026-02-12 15:00:00+00:00,692.8300170898438,693.6300048828125,692.1599731445312,692.4199829101562,2167089,6.540192683241114,-0.00059200027671924
2026-02-12 15:10:00+00:00,692.4249877929688,693.6199951171875,692.22998046875,692.8099975585938,1754316,6.540755787800273,0.0005631045591591999
2026-02-12 15:20:00+00:00,692.8099975585938,693.72998046875,692.510009765625,693.0650024414062,1515344,6.541123793407836,0.00036800560756322653
2026-02-12 15:30:00+00:00,693.0800170898438,693.47998046875,690.97998046875,691.14501953125,2147556,6.538349670823851,-0.002774122583985239
2026-02-12 15:40:00+00:00,691.14501953125,691.3150024414062,690.22998046875,690.501220703125,2850841,6.537417740701694,-0.0009319301221566434
2026-02-12 15:50:00+00:00,690.5050048828125,690.7999877929688,688.5850219726562,688.6500244140625,2706878,6.534733194815402,-0.002684545886292078
2026-02-12 16:00:00+00:00,688.6500244140625,688.8049926757812,686.8499755859375,687.0399780273438,4602931,6.53239248270879,-0.0023407121066121306
2026-02-12 16:10:00+00:00,687.030029296875,687.1599731445312,685.125,685.5349731445312,4663312,6.530199516146678,-0.0021929665621120975
2026-02-12 16:20:00+00:00,685.530029296875,685.6900024414062,683.5750122070312,683.5999755859375,5892088,6.527372915527476,-0.0028266006192021464
2026-02-12 16:30:00+00:00,683.594970703125,685.8200073242188,683.5250244140625,685.5800170898438,4861065,6.530265220257054,0.0028923047295785764
2026-02-12 16:40:00+00:00,685.5800170898438,685.8400268554688,684.0499877929688,684.52001953125,2924960,6.528717891242018,-0.0015473290150360697
2026-02-12 16:50:00+00:00,684.5,684.9099731445312,683.8900146484375,684.6400146484375,2129252,6.528893174064331,0.00017528282231271675
2026-02-12 17:00:00+00:00,684.6300048828125,685.0999755859375,683.3800048828125,684.8200073242188,2703376,6.529156040703634,0.0002628666393027501
2026-02-12 17:10:00+00:00,684.8099975585938,684.8400268554688,683.4600219726562,683.52001953125,1608951,6.527255945466232,-0.0019000952374019775
2026-02-12 17:20:00+00:00,683.510009765625,685.27001953125,683.510009765625,684.1199951171875,2730966,6.528133333694128,0.0008773882278960698
2026-02-12 17:30:00+00:00,684.0999755859375,685.5750122070312,683.8800048828125,684.8200073242188,1846931,6.529156040703634,0.0010227070095059076
2026-02-12 17:40:00+00:00,684.8300170898438,685.3989868164062,684.1199951171875,684.4349975585938,1315174,6.528593676827805,-0.000562363875828531
2026-02-12 17:50:00+00:00,684.4400024414062,684.9099731445312,682.9500122070312,682.989990234375,1740558,6.5264802038768295,-0.0021134729509757477
2026-02-12 18:00:00+00:00,682.989990234375,684.1199951171875,682.47998046875,683.3699951171875,1787702,6.527036433416166,0.000556229539336428
2026-02-12 18:10:00+00:00,683.3900146484375,683.5599975585938,682.47998046875,682.6199951171875,1158089,6.5259383286266335,-0.001098104789532428
2026-02-12 18:20:00+00:00,682.6201171875,683.7650146484375,682.219970703125,683.1699829101562,2577812,6.526743705487711,0.0008053768610771783
2026-02-12 18:30:00+00:00,683.1649780273438,684.239990234375,682.7999877929688,684.2399291992188,1930261,6.5283086297989135,0.0015649243112028088
2026-02-12 18:40:00+00:00,684.239990234375,685.0449829101562,683.8400268554688,684.5800170898438,1854729,6.5288055364936834,0.000496906694769983
2026-02-12 18:50:00+00:00,684.5800170898438,685.3250122070312,684.2949829101562,684.7100219726562,1753426,6.528995423047291,0.0001898865536071881
2026-02-12 19:00:00+00:00,684.7000122070312,685.1300048828125,684.3099975585938,684.47998046875,1643536,6.528659397359606,-0.00033602568768476004
2026-02-12 19:10:00+00:00,684.47998046875,685.14501953125,683.594970703125,685.0499877929688,1784033,6.529491810479935,0.0008324131203290008
2026-02-12 19:20:00+00:00,685.0499877929688,685.4199829101562,684.010009765625,684.1500244140625,1738539,6.528177227511066,-0.0013145829688685495
2026-02-12 19:30:00+00:00,684.1300048828125,685.3599853515625,684.1199951171875,685.3300170898438,1546589,6.529900499018551,0.0017232715074850802
2026-02-12 19:40:00+00:00,685.3200073242188,685.739990234375,684.7550048828125,685.7000122070312,1590092,6.5304402320926105,0.0005397330740590789
2026-02-12 19:50:00+00:00,685.7000122070312,685.9650268554688,684.8099975585938,685.1599731445312,2423787,6.529652348433875,-0.0007878836587353888
2026-02-12 20:00:00+00:00,685.1799926757812,685.5399780273438,684.6500244140625,684.719970703125,1466246,6.529009952786703,-0.000642395647171945
2026-02-12 20:10:00+00:00,684.739990234375,684.9199829101562,684.0700073242188,684.1500244140625,2138205,6.528177227511066,-0.0008327252756368253
2026-02-12 20:20:00+00:00,684.1500244140625,684.1599731445312,683.1099853515625,683.219970703125,2607071,6.52681687316998,-0.0013603543410862784
2026-02-12 20:30:00+00:00,683.2000122070312,683.4000244140625,682.530029296875,682.9000244140625,2744207,6.52634847171761,-0.00046840145236970443
2026-02-12 20:40:00+00:00,682.8900146484375,683.3400268554688,681.5999755859375,681.8599853515625,4208941,6.524824336695495,-0.001524135022115125
2026-02-12 20:50:00+00:00,681.8699951171875,681.8699951171875,680.3699951171875,681.219970703125,12288765,6.52388526530408,-0.0009390713914152471
2026-02-13 14:30:00+00:00,681.6900024414062,682.510009765625,679.780029296875,679.8400268554688,8924991,6.521857515869132,-0.0020277494349478786
2026-02-13 14:40:00+00:00,679.8300170898438,683.3200073242188,677.52001953125,681.4000244140625,5338970,6.524149541056133,0.002292025187000668
2026-02-13 14:50:00+00:00,681.4199829101562,682.0399780273438,679.5599975585938,679.9299926757812,3217382,6.521989840922856,-0.0021597001332764876
2026-02-13 15:00:00+00:00,679.9099731445312,682.469970703125,679.7767944335938,682.4149780273438,2412773,6.52563794498018,0.003648104057323742
2026-02-13 15:10:00+00:00,682.4500122070312,682.9000244140625,680.5,681.0075073242188,2579560,6.523573330059701,-0.0020646149204788244
2026-02-13 15:20:00+00:00,681.02001953125,683.3699951171875,680.4600219726562,682.9400024414062,2295179,6.526407011556199,0.0028336814964982082
2026-02-13 15:30:00+00:00,682.9400024414062,684.5700073242188,682.7999877929688,682.8900146484375,2614739,6.526333813878061,-7.319767813829259e-05
2026-02-13 15:40:00+00:00,682.8599853515625,683.1699829101562,680.7899780273438,681.1799926757812,2722229,6.523826577652246,-0.00250723622581539
2026-02-13 15:50:00+00:00,681.1900024414062,683.2000122070312,681.0900268554688,682.5202026367188,1941219,6.525792127553937,0.00196554990169151
2026-02-13 16:00:00+00:00,682.52001953125,684.219970703125,682.47998046875,683.989990234375,1655013,6.527943283355199,0.002151155801262128
2026-02-13 16:10:00+00:00,684.0,684.1599731445312,682.6900024414062,683.1199951171875,1528857,6.52667053245154,-0.0012727509036594142
2026-02-13 16:20:00+00:00,683.1300048828125,683.9600219726562,681.8300170898438,683.8200073242188,1773985,6.527694735806439,0.001024203354899278
2026-02-13 16:30:00+00:00,683.8099975585938,684.4500122070312,682.8699951171875,684.4400024414062,1693811,6.528600989230783,0.0009062534243433618
2026-02-13 16:40:00+00:00,684.4299926757812,684.989990234375,683.9199829101562,684.4299926757812,1390798,6.528586364371357,-1.4624859425715897e-05
2026-02-13 16:50:00+00:00,684.4249877929688,685.510009765625,684.2100219726562,684.75,1225653,6.529053808143187,0.0004674437718303892
2026-02-13 17:00:00+00:00,684.75,685.6699829101562,684.47998046875,685.2000122070312,1295844,6.529710784265247,0.000656976122059838
2026-02-13 17:10:00+00:00,685.2000122070312,686.0499877929688,684.8250122070312,685.0599975585938,1255066,6.529506422103428,-0.00020436216181884959
2026-02-13 17:20:00+00:00,685.0625,686.030029296875,684.97998046875,685.364990234375,1438786,6.529951528816357,0.0004451067129291886
2026-02-13 17:30:00+00:00,685.3800048828125,686.0700073242188,685.260009765625,685.9650268554688,1123372,6.530826645166047,0.0008751163496896197
2026-02-13 17:40:00+00:00,685.9400024414062,686.280029296875,685.4299926757812,685.9749755859375,1286182,6.5308411483228195,1.4503156772427417e-05
2026-02-13 17:50:00+00:00,685.969970703125,685.97998046875,684.8599853515625,685.0999755859375,1103612,6.529564777373088,-0.0012763709497312092
2026-02-13 18:00:00+00:00,685.0999755859375,685.3699951171875,684.0900268554688,684.719970703125,1539026,6.529009952786703,-0.0005548245863851164
2026-02-13 18:10:00+00:00,684.719970703125,685.8099975585938,684.719970703125,685.3499755859375,1258798,6.529929621054624,0.0009196682679206702
2026-02-13 18:20:00+00:00,685.3400268554688,686.260009765625,684.9500122070312,685.3900146484375,1635761,6.529988040686059,5.8419631435491226e-05
2026-02-13 18:30:00+00:00,685.3900146484375,686.0599975585938,685.1099853515625,685.77001953125,966658,6.530542323020825,0.0005542823347655101
2026-02-13 18:40:00+00:00,685.760009765625,685.8300170898438,684.8599853515625,685.1799926757812,1225572,6.529681566776404,-0.000860756244421168
2026-02-13 18:50:00+00:00,685.1900024414062,685.1900024414062,684.3699951171875,684.6599731445312,1241010,6.528922325450109,-0.0007592413262944575
2026-02-13 19:00:00+00:00,684.6699829101562,685.1699829101562,684.4400024414062,685.0599975585938,1224612,6.529506422103428,0.0005840966533190439
2026-02-13 19:10:00+00:00,685.0499877929688,685.3499755859375,684.5399780273438,685.030029296875,1072477,6.52946267569095,-4.3746412478284924e-05
2026-02-13 19:20:00+00:00,685.0239868164062,685.364990234375,684.0999755859375,684.3400268554688,1283022,6.528454909387454,-0.0010077663034957496
2026-02-13 19:30:00+00:00,684.3499755859375,684.9299926757812,683.7999877929688,684.0805053710938,1155689,6.528075608607651,-0.00037930077980341537
2026-02-13 19:40:00+00:00,684.0700073242188,684.280029296875,683.280029296875,683.8099975585938,1513518,6.527680097687081,-0.0003955109205699969
2026-02-13 19:50:00+00:00,683.8200073242188,683.9400024414062,682.239990234375,682.4000244140625,1601840,6.525616031954231,-0.0020640657328501177
2026-02-13 20:00:00+00:00,682.4000244140625,683.260009765625,682.3800048828125,683.1270141601562,1777323,6.526680807376822,0.001064775422591424
2026-02-13 20:10:00+00:00,683.1400146484375,683.1400146484375,681.8300170898438,682.5900268554688,2122785,6.525894425840629,-0.0007863815361934812
2026-02-13 20:20:00+00:00,682.5700073242188,682.5999755859375,680.3400268554688,680.6300048828125,2192705,6.5230188470233665,-0.002875578817262081
2026-02-13 20:30:00+00:00,680.6400146484375,681.230712890625,680.010009765625,680.3800048828125,2677106,6.522651472792438,-0.0003673742309286965
2026-02-13 20:40:00+00:00,680.3699951171875,681.375,679.8099975585938,681.2000122070312,3132855,6.523855966708426,0.001204493915988536
2026-02-13 20:50:00+00:00,681.1900024414062,681.8400268554688,680.3599853515625,681.5999755859375,7861756,6.5244429396963515,0.000586972987925094
2026-02-17 14:30:00+00:00,680.1400146484375,682.7600708007812,680.030029296875,682.52001953125,6002828,6.525791859275441,0.001348919579089447
2026-02-17 14:40:00+00:00,682.5,682.7999877929688,679.6900024414062,680.280029296875,3731920,6.522504521190118,-0.0032873380853226664
2026-02-17 14:50:00+00:00,680.280029296875,680.6199951171875,676.4600219726562,676.6300048828125,3846380,6.517124601923796,-0.005379919266322197
2026-02-17 15:00:00+00:00,676.6199951171875,678.5599975585938,676.27001953125,677.3599853515625,2835077,6.518202867708243,0.001078265784446586
2026-02-17 15:10:00+00:00,677.3800048828125,679.75,676.6799926757812,679.6400146484375,2396193,6.521563267770788,0.0033604000625455654
2026-02-17 15:20:00+00:00,679.6599731445312,679.719970703125,676.8200073242188,677.3400268554688,2096473,6.518173402149942,-0.0033898656208464217
2026-02-17 15:30:00+00:00,677.3300170898438,677.6599731445312,675.8099975585938,675.8599853515625,2184162,6.515985932329184,-0.0021874698207575705
2026-02-17 15:40:00+00:00,675.8499755859375,678.2100219726562,675.780029296875,677.6799926757812,2249215,6.518675189315512,0.002689256986327493
2026-02-17 15:50:00+00:00,677.6599731445312,678.6400146484375,677.0,678.6099853515625,1950055,6.520046566877241,0.0013713775617292256
2026-02-17 16:00:00+00:00,678.5999755859375,681.1699829101562,678.4500122070312,681.0499877929688,2577821,6.52363570696951,0.003589140092269183
2026-02-17 16:10:00+00:00,681.0499877929688,682.9006958007812,681.0399780273438,682.72998046875,3754175,6.526099438018024,0.0024637310485138286
2026-02-17 16:20:00+00:00,682.719970703125,683.239990234375,681.5150146484375,681.5999755859375,2564103,6.5244429396963515,-0.0016564983216724727
2026-02-17 16:30:00+00:00,681.5750122070312,682.8400268554688,680.8099975585938,682.4199829101562,2031285,6.525645279028553,0.0012023393322015963
2026-02-17 16:40:00+00:00,682.4199829101562,682.5700073242188,681.52001953125,681.6599731445312,1364278,6.524530960412706,-0.0011143186158468765
2026-02-17 16:50:00+00:00,681.6900024414062,683.030029296875,681.6699829101562,682.4600219726562,1354340,6.525703949479242,0.0011729890665357345
2026-02-17 17:00:00+00:00,682.4199829101562,682.5399780273438,681.530029296875,681.7000122070312,964877,6.5245896962754895,-0.0011142532037524688
2026-02-17 17:10:00+00:00,681.6900024414062,681.9099731445312,680.8599853515625,681.3200073242188,1155814,6.524032103742418,-0.0005575925330711939
2026-02-17 17:20:00+00:00,681.3599853515625,682.2050170898438,680.4312744140625,682.2000122070312,1353350,6.52532288787817,0.001290784135751899
2026-02-17 17:30:00+00:00,682.2100219726562,682.3200073242188,680.989990234375,681.6300048828125,917165,6.524486995794457,-0.0008358920837130412
2026-02-17 17:40:00+00:00,681.6300048828125,681.6400146484375,679.5499877929688,680.260009765625,1502243,6.522475092388794,-0.002011903405662707
2026-02-17 17:50:00+00:00,680.260009765625,681.1699829101562,679.1500244140625,681.0103149414062,1534082,6.523577452791638,0.0011023604028439493
2026-02-17 18:00:00+00:00,681.02001953125,681.1799926757812,680.0999755859375,680.3400268554688,825460,6.522592712685403,-0.0009847401062357264
2026-02-17 18:10:00+00:00,680.3499755859375,680.8400268554688,679.8300170898438,680.2999877929688,742875,6.522533859407415,-5.8853277987935826e-05
2026-02-17 18:20:00+00:00,680.2899780273438,682.5399780273438,680.1519165039062,682.3900146484375,1530696,6.525601363374686,0.003067503967271179
2026-02-17 18:30:00+00:00,682.4000244140625,683.3800048828125,682.030029296875,683.3699951171875,1316895,6.527036433416166,0.0014350700414800244
2026-02-17 18:40:00+00:00,683.3499755859375,684.0750122070312,683.2899780273438,683.8400268554688,1427328,6.527724011402349,0.000687577986183463
2026-02-17 18:50:00+00:00,683.8300170898438,684.7150268554688,683.6199951171875,684.0750122070312,1441518,6.528067578578912,0.00034356717656258695
2026-02-17 19:00:00+00:00,684.0800170898438,684.510009765625,683.7999877929688,683.9799194335938,1232862,6.527928559638384,-0.00013901894052814612
2026-02-17 19:10:00+00:00,683.969970703125,684.239990234375,683.5800170898438,683.9401245117188,871161,6.527870376527371,-5.818311101268847e-05
2026-02-17 19:20:00+00:00,683.9500122070312,684.6199951171875,683.8300170898438,683.989990234375,1144640,6.527943283355199,7.29068278282341e-05
2026-02-17 19:30:00+00:00,683.969970703125,684.8699951171875,683.7999877929688,684.5599975585938,809957,6.528776292543411,0.0008330091882120527
2026-02-17 19:40:00+00:00,684.5700073242188,684.9400024414062,684.2999877929688,684.3900146484375,903321,6.528527951976534,-0.000248340566877836
2026-02-17 19:50:00+00:00,684.4000244140625,684.4199829101562,683.4099731445312,683.5700073242188,1191769,6.527329075680057,-0.0011988762964767474
2026-02-17 20:00:00+00:00,683.5700073242188,684.0999755859375,683.3099975585938,683.3800048828125,1068863,6.527051080960523,-0.00027799471953393606
2026-02-17 20:10:00+00:00,683.3900146484375,683.739990234375,683.0750122070312,683.0999755859375,1383222,6.526641225997703,-0.0004098549628199777
2026-02-17 20:20:00+00:00,683.0999755859375,683.3699951171875,682.6699829101562,682.8699951171875,1616715,6.52630449755439,-0.0003367284433126727
2026-02-17 20:30:00+00:00,682.8800048828125,682.9299926757812,682.0050048828125,682.1699829101562,2021831,6.525278868591632,-0.0010256289627585957
2026-02-17 20:40:00+00:00,682.1599731445312,683.2899780273438,682.0999755859375,682.75,2307505,6.5261287603538145,0.0008498917621828639
2026-02-17 20:50:00+00:00,682.77001953125,683.2000122070312,681.9299926757812,682.75,5566025,6.5261287603538145,0.0
2026-02-18 14:30:00+00:00,684.02001953125,684.6500244140625,682.8300170898438,684.239990234375,5136187,6.528308719000305,0.002179958646490121
2026-02-18 14:40:00+00:00,684.25,685.4600219726562,683.5599975585938,683.72998046875,2938702,6.527563074285614,-0.0007456447146907408
2026-02-18 14:50:00+00:00,683.760009765625,686.3800048828125,683.5900268554688,686.1599731445312,2302572,6.531110797543381,0.003547723257766755
2026-02-18 15:00:00+00:00,686.1699829101562,688.1300048828125,686.0850219726562,687.3800048828125,4033141,6.532887275954863,0.0017764784114824295
2026-02-18 15:10:00+00:00,687.3699951171875,688.4650268554688,686.989990234375,687.9099731445312,2508456,6.533657976383744,0.0007707004288812769
2026-02-18 15:20:00+00:00,687.9000244140625,688.1599731445312,687.47998046875,687.8400268554688,1534247,6.533556291791162,-0.00010168459258252938
2026-02-18 15:30:00+00:00,687.8400268554688,688.1400146484375,687.2899780273438,688.0900268554688,1369014,6.533919682360438,0.0003633905692765893
2026-02-18 15:40:00+00:00,688.0900268554688,688.6400146484375,687.9600219726562,688.3300170898438,1252876,6.5342683989282655,0.0003487165678270898
2026-02-18 15:50:00+00:00,688.3800048828125,688.7249755859375,688.0,688.5150146484375,877953,6.53453712569917,0.0002687267709040597
2026-02-18 16:00:00+00:00,688.52001953125,688.9600219726562,688.239990234375,688.3599853515625,1031837,6.534311935616511,-0.00022519008265842189
2026-02-18 16:10:00+00:00,688.3679809570312,688.6699829101562,688.1400146484375,688.2000122070312,1071187,6.534079511101002,-0.00023242451550942178
2026-02-18 16:20:00+00:00,688.1699829101562,688.4299926757812,688.02001953125,688.219970703125,1089016,6.534108511691436,2.9000590433980733e-05
2026-02-18 16:30:00+00:00,688.219970703125,688.760009765625,688.1400146484375,688.5150146484375,671058,6.53453712569917,0.00042861400773386293
2026-02-18 16:40:00+00:00,688.5250244140625,688.6500244140625,688.0599975585938,688.0700073242188,669409,6.5338905875883855,-0.0006465381107840784
2026-02-18 16:50:00+00:00,688.0900268554688,688.22998046875,687.4998779296875,687.530029296875,1092212,6.5331055075641,-0.0007850800242854561
2026-02-18 17:00:00+00:00,687.530029296875,688.8900146484375,687.3800048828125,688.489990234375,1227222,6.53450077955086,0.0013952719867598162
2026-02-18 17:10:00+00:00,688.489990234375,688.6500244140625,687.97998046875,688.5999755859375,1233657,6.5346605154497865,0.00015973589892670503
2026-02-18 17:20:00+00:00,688.5900268554688,688.6599731445312,688.1400146484375,688.2000122070312,506717,6.534079511101002,-0.0005810043487848304
2026-02-18 17:30:00+00:00,688.1900024414062,688.4199829101562,687.8900146484375,688.2150268554688,620993,6.5341013281373055,2.1817036303772852e-05
2026-02-18 17:40:00+00:00,688.2150268554688,688.3699951171875,687.8900146484375,688.1699829101562,592219,6.534035875600393,-6.545253691214725e-05
2026-02-18 17:50:00+00:00,688.1699829101562,688.7999877929688,688.1699829101562,688.5009765625,772687,6.534516736559135,0.0004808609587412249
2026-02-18 18:00:00+00:00,688.5,689.1500244140625,688.4400024414062,688.5399780273438,664243,6.534573381882171,5.664532303661929e-05
2026-02-18 18:10:00+00:00,688.5399780273438,688.77001953125,688.375,688.47998046875,511896,6.534486240721637,-8.71411605345429e-05
2026-02-18 18:20:00+00:00,688.489990234375,688.5399780273438,687.4749755859375,687.8049926757812,1229461,6.533505356878161,-0.0009808838434759437
2026-02-18 18:30:00+00:00,687.8099975585938,688.02001953125,687.4400024414062,687.6400146484375,984741,6.533265466475773,-0.00023989040238792114
2026-02-18 18:40:00+00:00,687.6300048828125,687.7000122070312,686.6300048828125,687.1849975585938,1573625,6.532603539172418,-0.0006619273033550144
2026-02-18 18:50:00+00:00,687.1799926757812,687.1950073242188,686.0399780273438,686.97998046875,1565316,6.532305151286476,-0.000298387885941942
2026-02-18 19:00:00+00:00,686.989990234375,687.3900146484375,686.5499877929688,686.6834716796875,1160170,6.531873446135983,-0.0004317051504925118
2026-02-18 19:10:00+00:00,686.6900024414062,687.0792236328125,686.0700073242188,686.2000122070312,1633516,6.531169148213669,-0.0007042979223141899
2026-02-18 19:20:00+00:00,686.2000122070312,686.8900146484375,686.1799926757812,686.4199829101562,1471453,6.531489660381335,0.0003205121676659317
2026-02-18 19:30:00+00:00,686.4299926757812,686.6300048828125,684.8499755859375,685.22998046875,2304558,6.529754519825449,-0.0017351405558860833
2026-02-18 19:40:00+00:00,685.2100219726562,685.8150024414062,685.030029296875,685.3200073242188,1517899,6.529885893152069,0.0001313733266199435
2026-02-18 19:50:00+00:00,685.3200073242188,685.3800048828125,684.0499877929688,684.5999755859375,1698994,6.528834690434293,-0.0010512027177762562
2026-02-18 20:00:00+00:00,684.5800170898438,685.3599853515625,684.4400024414062,684.5499877929688,1527252,6.528761670247567,-7.302018672561417e-05
2026-02-18 20:10:00+00:00,684.5700073242188,684.6937255859375,683.9199829101562,684.3300170898438,1885911,6.52844028239146,-0.00032138785610680287
2026-02-18 20:20:00+00:00,684.3400268554688,684.4299926757812,683.9400024414062,684.2100219726562,1201651,6.528264920160074,-0.00017536223138581164
2026-02-18 20:30:00+00:00,684.2100219726562,685.6199951171875,684.1199951171875,685.530029296875,1787306,6.53019230445701,0.0019273842969358412
2026-02-18 20:40:00+00:00,685.5399780273438,686.5,685.3300170898438,686.3800048828125,3248046,6.5314314173339705,0.0012391128769602133
2026-02-18 20:50:00+00:00,686.4099731445312,687.1799926757812,685.9400024414062,686.1900024414062,8182242,6.531154560865294,-0.0002768564686768116
2026-02-19 14:30:00+00:00,683.8400268554688,684.52001953125,682.469970703125,683.6199951171875,4541362,6.527402200546245,-0.0037523603190487975
2026-02-19 14:40:00+00:00,683.6400146484375,684.75,682.9600219726562,684.0900268554688,2788066,6.5280895271713835,0.0006873266251385957
2026-02-19 14:50:00+00:00,684.0599975585938,685.8200073242188,684.0399780273438,685.010009765625,2480528,6.529433450951992,0.001343923780608769
2026-02-19 15:00:00+00:00,685.0,686.1799926757812,684.280029296875,684.39501953125,2331965,6.528535264860131,-0.0008981860918613194
2026-02-19 15:10:00+00:00,684.4400024414062,685.2999877929688,683.97998046875,684.7999877929688,1527201,6.529126807001844,0.0005915421417128641
2026-02-19 15:20:00+00:00,684.7999877929688,685.3200073242188,683.8099975585938,683.9000244140625,1625221,6.527811743802342,-0.0013150631995015871
2026-02-19 15:30:00+00:00,683.8900146484375,685.8599853515625,683.7100219726562,685.47998046875,1307498,6.53011929429984,0.0023075504974974237
2026-02-19 15:40:00+00:00,685.4600219726562,685.8599853515625,685.1599731445312,685.4949951171875,797748,6.530141197906697,2.1903606857165414e-05
2026-02-19 15:50:00+00:00,685.510009765625,685.510009765625,684.22998046875,685.3200073242188,1154222,6.529885893152069,-0.00025530475462787194
2026-02-19 16:00:00+00:00,685.3200073242188,685.5999755859375,683.9000244140625,684.6599731445312,912793,6.528922325450109,-0.0009635677019597111
2026-02-19 16:10:00+00:00,684.719970703125,685.760009765625,684.2899780273438,685.6099853515625,694045,6.530308931575939,0.001386606125829637
2026-02-19 16:20:00+00:00,685.6099853515625,685.8300170898438,684.1099853515625,684.14501953125,1048303,6.528169912008705,-0.0021390195672337242
2026-02-19 16:30:00+00:00,684.1500244140625,685.27001953125,684.1500244140625,684.6300048828125,935565,6.528878553477475,0.0007086414687700326
2026-02-19 16:40:00+00:00,684.6400146484375,684.739990234375,683.010009765625,683.239990234375,1368587,6.526846174476749,-0.002032379000725726
2026-02-19 16:50:00+00:00,683.25,684.1199951171875,682.719970703125,683.52001953125,1336177,6.527255945466232,0.0004097709894823609
2026-02-19 17:00:00+00:00,683.5250244140625,683.7050170898438,682.7000122070312,683.0399780273438,1160156,6.526553390840736,-0.0007025546254961768
2026-02-19 17:10:00+00:00,683.030029296875,684.22998046875,682.9400024414062,684.135009765625,810695,6.528155280843431,0.0016018900026955052
2026-02-19 17:20:00+00:00,684.1199951171875,684.780029296875,683.7100219726562,683.9299926757812,990066,6.527855562495234,-0.0002997183481969756
2026-02-19 17:30:00+00:00,683.9149780273438,684.1400146484375,683.4500122070312,683.7899780273438,566342,6.5276508208055235,-0.00020474168971063023
2026-02-19 17:40:00+00:00,683.780029296875,684.260009765625,682.385009765625,682.7000122070312,884070,6.526055542304755,-0.001595278500768238
2026-02-19 17:50:00+00:00,682.7100219726562,683.2899780273438,682.1300048828125,682.4400024414062,1379842,6.525674614684175,-0.0003809276205801737
2026-02-19 18:00:00+00:00,682.4199829101562,682.6900024414062,682.0599975585938,682.6199951171875,1002095,6.5259383286266335,0.00026371394245838786
2026-02-19 18:10:00+00:00,682.594970703125,683.4199829101562,682.010009765625,682.0697021484375,952103,6.525131855184827,-0.00080647344180651
2026-02-19 18:20:00+00:00,682.0399780273438,682.7550048828125,681.5474853515625,682.4000244140625,1350202,6.525616031954231,0.00048417676940371024
2026-02-19 18:30:00+00:00,682.3400268554688,682.780029296875,682.010009765625,682.5,753564,6.525762527059115,0.00014649510488418116
2026-02-19 18:40:00+00:00,682.47998046875,683.4500122070312,682.219970703125,683.3400268554688,935580,6.526992578814617,0.0012300517555017265
2026-02-19 18:50:00+00:00,683.3300170898438,683.8800048828125,682.9500122070312,683.739990234375,979488,6.527577714118063,0.0005851353034467266
2026-02-19 19:00:00+00:00,683.739990234375,684.0399780273438,683.3900146484375,683.989990234375,791328,6.527943283355199,0.00036556923713604306
2026-02-19 19:10:00+00:00,683.989990234375,684.02001953125,683.4600219726562,683.9500122070312,774689,6.527884833383295,-5.844997190429524e-05
2026-02-19 19:20:00+00:00,683.9400024414062,684.0598754882812,683.0,683.2750244140625,964984,6.52689744969776,-0.0009873836855351925
2026-02-19 19:30:00+00:00,683.25,683.5650024414062,682.02001953125,682.0499877929688,1091793,6.525102951041569,-0.0017944986561913012
2026-02-19 19:40:00+00:00,682.0399780273438,682.6849975585938,681.8800048828125,682.4600219726562,1324795,6.525703949479242,0.0006009984376733613
2026-02-19 19:50:00+00:00,682.469970703125,682.9000244140625,682.260009765625,682.5599975585938,1008741,6.525850431706148,0.0001464822269063859
2026-02-19 20:00:00+00:00,682.530029296875,683.489990234375,682.52001953125,683.0399780273438,1597904,6.526553390840736,0.0007029591345872888
2026-02-19 20:10:00+00:00,683.0700073242188,683.2999877929688,682.6500244140625,683.239990234375,1533312,6.526846174476749,0.00029278363601381585
2026-02-19 20:20:00+00:00,683.25,683.3599853515625,682.7899780273438,682.9000244140625,1337702,6.52634847171761,-0.0004977027591390737
2026-02-19 20:30:00+00:00,682.8900146484375,683.6099853515625,682.8001098632812,683.2050170898438,1629868,6.526794985962976,0.00044651424536557016
2026-02-19 20:40:00+00:00,683.2100219726562,684.0,682.9099731445312,683.8599853515625,2065909,6.527753196890274,0.0009582109272976425
2026-02-19 20:50:00+00:00,683.8499755859375,684.5900268554688,683.5349731445312,684.510009765625,3952527,6.528703268092181,0.0009500712019070434
2026-02-20 14:30:00+00:00,682.3200073242188,684.530029296875,681.739990234375,683.8599853515625,5362812,6.527753196890274,-0.0009500712019070434
2026-02-20 14:40:00+00:00,683.885009765625,685.3499755859375,683.5499877929688,684.1099853515625,1686030,6.528118701993657,0.00036550510338351216
2026-02-20 14:50:00+00:00,684.0999755859375,685.0399780273438,683.4500122070312,684.8499755859375,2102934,6.529199800532056,0.0010810985383988836
2026-02-20 15:00:00+00:00,684.8900146484375,689.4000244140625,684.5499877929688,687.0900268554688,6114887,6.5324653270946476,0.003265526562591603
2026-02-20 15:10:00+00:00,687.1199951171875,688.0,684.1900024414062,686.5900268554688,3066990,6.531737355510973,-0.000727971583674325
2026-02-20 15:20:00+00:00,686.5999755859375,688.0800170898438,686.3099975585938,686.7999877929688,2146441,6.532043111249542,0.0003057557385686138
2026-02-20 15:30:00+00:00,686.7999877929688,687.469970703125,685.510009765625,687.22998046875,1835813,6.5326689967101945,0.0006258854606526754
2026-02-20 15:40:00+00:00,687.260009765625,688.719970703125,686.0,688.1599731445312,1836127,6.53402133001039,0.001352333300195241
2026-02-20 15:50:00+00:00,688.1699829101562,689.1699829101562,687.5900268554688,688.8300170898438,2188087,6.534994530982,0.0009732009716101331
2026-02-20 16:00:00+00:00,688.8200073242188,689.239990234375,688.2700805664062,688.3699951171875,1473929,6.53432647698013,-0.0006680540018697556
2026-02-20 16:10:00+00:00,688.3599853515625,688.8300170898438,687.0,687.6799926757812,2992756,6.533323602803525,-0.001002874176605495
2026-02-20 16:20:00+00:00,687.6599731445312,687.6900024414062,686.0900268554688,686.1495971679688,6621041,6.531095675625138,-0.0022279271783869348
2026-02-20 16:30:00+00:00,686.1300048828125,688.130126953125,685.8900146484375,688.1099853515625,2312386,6.533948687586304,0.002853011961166274
2026-02-20 16:40:00+00:00,688.1199951171875,689.0999755859375,687.8300170898438,688.989990234375,2491532,6.535226742946407,0.0012780553601032807
2026-02-20 16:50:00+00:00,688.989990234375,689.1500244140625,688.3800048828125,688.5700073242188,1558460,6.534616993935238,-0.0006097490111693915
2026-02-20 17:00:00+00:00,688.5700073242188,688.8699951171875,687.0399780273438,687.0999755859375,1117035,6.532479806504993,-0.0021371874302449356
2026-02-20 17:10:00+00:00,687.1099853515625,687.1400146484375,684.8699951171875,685.0599975585938,2803348,6.529506422103428,-0.0029733844015646937
2026-02-20 17:20:00+00:00,685.0599975585938,685.2999877929688,684.0800170898438,685.2291870117188,1961569,6.529753361882111,0.00024693977868306405
2026-02-20 17:30:00+00:00,685.2349853515625,686.1149291992188,684.9700927734375,685.9199829101562,1506917,6.530760977934452,0.0010076160523411204
2026-02-20 17:40:00+00:00,685.9299926757812,686.9299926757812,685.280029296875,686.8300170898438,1393910,6.532086833790215,0.0013258558557627254
2026-02-20 17:50:00+00:00,686.8200073242188,687.7100219726562,686.1300048828125,687.47998046875,2027096,6.533032709798569,0.0009458760083536077
2026-02-20 18:00:00+00:00,687.4299926757812,687.7999877929688,686.9199829101562,687.25,1236206,6.5326981270453555,-0.0003345827532132972
2026-02-20 18:10:00+00:00,687.27001953125,687.27001953125,686.3599853515625,686.7100219726562,800748,6.531912109917478,-0.0007860171278775141
2026-02-20 18:20:00+00:00,686.719970703125,687.1699829101562,685.717529296875,686.5599975585938,2181013,6.531693617687216,-0.00021849223026215725
2026-02-20 18:30:00+00:00,686.5399780273438,688.8099975585938,685.760009765625,687.760009765625,4759019,6.533439954065364,0.00174633637814825
2026-02-20 18:40:00+00:00,687.77001953125,690.0599975585938,687.72998046875,689.0900268554688,3034955,6.53537192554833,0.0019319714829659773
2026-02-20 18:50:00+00:00,689.0999755859375,689.5800170898438,688.27001953125,689.2999877929688,1466844,6.5356765721822905,0.0003046466339604592
2026-02-20 19:00:00+00:00,689.2999877929688,689.7899780273438,688.8099975585938,689.1099853515625,1436653,6.535400888682735,-0.0002756834995558677
2026-02-20 19:10:00+00:00,689.1199951171875,689.1699829101562,688.239990234375,688.4099731445312,1261913,6.534384551659129,-0.0010163370236053737
2026-02-20 19:20:00+00:00,688.4199829101562,689.0,688.25,688.5800170898438,1237512,6.534631530863601,0.0002469792044719199
2026-02-20 19:30:00+00:00,688.5800170898438,689.1199951171875,688.3900146484375,688.4500122070312,879811,6.534442711621562,-0.00018881924203917322
2026-02-20 19:40:00+00:00,688.4500122070312,688.6900024414062,687.8099975585938,688.0599975585938,1326763,6.533876039884913,-0.000566671736648594
2026-02-20 19:50:00+00:00,688.0499877929688,688.6500244140625,687.8800048828125,688.0499877929688,1370509,6.533861491969802,-1.4547915111684517e-05
2026-02-20 20:00:00+00:00,688.0599975585938,689.3200073242188,688.0050048828125,689.0399780273438,1828085,6.535299292592121,0.0014378006223196849
2026-02-20 20:10:00+00:00,689.0399780273438,689.1849975585938,688.5399780273438,688.5800170898438,1239611,6.534631530863601,-0.0006677617285202331
2026-02-20 20:20:00+00:00,688.5999755859375,688.6799926757812,688.0999755859375,688.3599853515625,1382239,6.534311935616511,-0.00031959524709002096
2026-02-20 20:30:00+00:00,688.3599853515625,688.7449951171875,688.27001953125,688.7000122070312,1295784,6.534805780275397,0.0004938446588855783
2026-02-20 20:40:00+00:00,688.6900024414062,689.1199951171875,688.5650024414062,688.7349853515625,3189990,6.534856560376963,5.078010156633894e-05
2026-02-20 20:50:00+00:00,688.739990234375,689.5,688.3499755859375,689.3499755859375,6205830,6.535749089201575,0.0008925288246119933
2026-02-23 14:30:00+00:00,687.8300170898438,690.0,687.6799926757812,689.5700073242188,5218736,6.53606822554433,0.0003191363427550442
2026-02-23 14:40:00+00:00,689.5599975585938,689.5700073242188,686.760009765625,686.9000244140625,3982946,6.532188756762218,-0.0038794687821122054
2026-02-23 14:50:00+00:00,686.9000244140625,688.1400146484375,686.2999877929688,686.530029296875,2805278,6.531649966854223,-0.0005387899079947189
2026-02-23 15:00:00+00:00,686.5,687.22998046875,684.6599731445312,684.9299926757812,3068675,6.529316632566089,-0.0023333342881342034
2026-02-23 15:10:00+00:00,684.9400024414062,685.6699829101562,684.510009765625,684.9550170898438,2824184,6.529353167623976,3.6535057887476796e-05
2026-02-23 15:20:00+00:00,684.9550170898438,685.5599975585938,684.2799072265625,684.510009765625,2152603,6.528703268092181,-0.0006498995317958389
2026-02-23 15:30:00+00:00,684.5,685.0050048828125,683.639892578125,684.0999755859375,2419738,6.528104070079095,-0.0005991980130852781
2026-02-23 15:40:00+00:00,684.0900268554688,684.25,683.3699951171875,683.5549926757812,1975260,6.527307110390214,-0.0007969596888814934
2026-02-23 15:50:00+00:00,683.5599975585938,683.8699951171875,682.1799926757812,682.260009765625,2698689,6.525410831178328,-0.001896279211885954
2026-02-23 16:00:00+00:00,682.27001953125,682.510009765625,680.75,680.9199829101562,3085851,6.523444799848202,-0.0019660313301255172
2026-02-23 16:10:00+00:00,680.9400024414062,681.6199951171875,680.3709716796875,681.5700073242188,2598070,6.52439897120805,0.0009541713598473223
2026-02-23 16:20:00+00:00,681.5599975585938,682.9099731445312,681.4600219726562,682.8699951171875,2625902,6.52630449755439,0.001905526346340558
2026-02-23 16:30:00+00:00,682.8800048828125,683.0850219726562,682.4000244140625,682.4849853515625,1833121,6.525740527332233,-0.0005639702221573728
2026-02-23 16:40:00+00:00,682.469970703125,682.7449951171875,681.780029296875,682.1203002929688,1372647,6.525206035679427,-0.0005344916528056132
2026-02-23 16:50:00+00:00,682.0999755859375,682.625,681.7899780273438,681.9600219726562,1217285,6.524971037316891,-0.0002349983625364871
2026-02-23 17:00:00+00:00,681.969970703125,682.469970703125,681.7899780273438,682.0599975585938,1141988,6.525117626933883,0.00014658961699254291
2026-02-23 17:10:00+00:00,682.0399780273438,682.2650146484375,681.5900268554688,681.8201293945312,825617,6.524765883167264,-0.0003517437666191725
2026-02-23 17:20:00+00:00,681.8300170898438,682.239990234375,681.6699829101562,681.6900024414062,692042,6.5245750126332185,-0.00019087053404565069
2026-02-23 17:30:00+00:00,681.7000122070312,681.739990234375,680.6099853515625,680.6199951171875,1229293,6.523004140297012,-0.0015708723362068966
2026-02-23 17:40:00+00:00,680.6300048828125,681.7000122070312,680.5900268554688,681.1099853515625,1634824,6.523723798764623,0.0007196584676112394
2026-02-23 17:50:00+00:00,681.0999755859375,682.3499755859375,681.0700073242188,682.0449829101562,1285033,6.525095613014642,0.0013718142500191988
2026-02-23 18:00:00+00:00,682.0399780273438,682.9000244140625,681.9400024414062,682.8800048828125,1091567,6.526319155823657,0.0012235428090150435
2026-02-23 18:10:00+00:00,682.8699951171875,683.4099731445312,682.6400146484375,683.1400146484375,1204931,6.526699838046534,0.0003806822228771267
2026-02-23 18:20:00+00:00,683.1500244140625,683.9500122070312,683.0700073242188,683.8098754882812,1228520,6.527679919172107,0.000980081125573129
2026-02-23 18:30:00+00:00,683.8099975585938,683.9099731445312,683.3699951171875,683.385009765625,1103116,6.527058404652246,-0.0006215145198611438
2026-02-23 18:40:00+00:00,683.4000244140625,683.5399780273438,682.8200073242188,683.2150268554688,1006704,6.526809637044346,-0.0002487676078999357
2026-02-23 18:50:00+00:00,683.219970703125,683.280029296875,681.8699951171875,682.010009765625,1170350,6.525044334811452,-0.0017653022328945056
2026-02-23 19:00:00+00:00,682.02001953125,682.280029296875,681.72998046875,681.9000854492188,1361244,6.524883144837083,-0.00016118997436898042
2026-02-23 19:10:00+00:00,681.9099731445312,682.1500244140625,681.6099853515625,681.760009765625,1171020,6.52467770407574,-0.0002054407613423237
2026-02-23 19:20:00+00:00,681.75,681.905029296875,681.1699829101562,681.27001953125,1675746,6.52395873201357,-0.0007189720621703088
2026-02-23 19:30:00+00:00,681.2550048828125,681.6599731445312,680.9500122070312,681.1300048828125,1102110,6.523753190841489,-0.00020554117208071432
2026-02-23 19:40:00+00:00,681.1400146484375,681.5,680.5399780273438,681.3699951171875,1490466,6.5241054700882515,0.0003522792467620661
2026-02-23 19:50:00+00:00,681.3599853515625,681.530029296875,680.9500122070312,681.0599975585938,1286967,6.523650404410588,-0.0004550656776638462
2026-02-23 20:00:00+00:00,681.0599975585938,681.4299926757812,680.8099975585938,680.9000244140625,1727790,6.523415488344497,-0.00023491606609038485
2026-02-23 20:10:00+00:00,680.905029296875,681.1900024414062,680.6500244140625,680.9749755859375,1409901,6.523525558904499,0.00011007056000167381
2026-02-23 20:20:00+00:00,680.969970703125,681.52001953125,680.760009765625,681.3499755859375,1337040,6.524076088363933,0.0005505294594341237
2026-02-23 20:30:00+00:00,681.3400268554688,682.25,681.2999877929688,681.625,3050397,6.5244796532462255,0.0004035648822924287
2026-02-23 20:40:00+00:00,681.6199951171875,681.989990234375,681.1400146484375,681.9329833984375,2558584,6.524931388203484,0.00045173495725858714
2026-02-23 20:50:00+00:00,681.9400024414062,682.469970703125,680.9000244140625,682.4099731445312,10130650,6.525630610878018,0.0006992226745339281
2026-02-24 14:30:00+00:00,681.9000244140625,682.530029296875,680.0,682.2789916992188,5820777,6.525438652931425,-0.00019195794659321308
2026-02-24 14:40:00+00:00,682.27001953125,685.4600219726562,682.1900024414062,684.8699951171875,3683482,6.529229032100084,0.003790379168659541
2026-02-24 14:50:00+00:00,684.8800048828125,684.969970703125,682.7999877929688,683.1500244140625,2811200,6.5267144905219805,-0.002514541578103824
2026-02-24 15:00:00+00:00,683.1799926757812,684.02001953125,682.030029296875,683.9000244140625,2330115,6.527811743802342,0.0010972532803616986
2026-02-24 15:10:00+00:00,683.8699951171875,684.3599853515625,682.969970703125,684.1500244140625,1864704,6.528177227511066,0.0003654837087241347
2026-02-24 15:20:00+00:00,684.1500244140625,686.3900146484375,684.0399780273438,686.3350219726562,2705654,6.5313658787344915,0.003188651223425154
2026-02-24 15:30:00+00:00,686.3200073242188,686.5120239257812,685.6400146484375,685.905029296875,2304804,6.53073917688381,-0.0006267018506811439
2026-02-24 15:40:00+00:00,685.9000244140625,686.5449829101562,685.77001953125,686.0449829101562,1380760,6.530943198331416,0.0002040214476055624
2026-02-24 15:50:00+00:00,686.02001953125,686.0399780273438,685.1799926757812,685.3699951171875,1492330,6.529958831296948,-0.0009843670344675814
2026-02-24 16:00:00+00:00,685.3699951171875,686.3200073242188,685.2921142578125,686.1500244140625,1323452,6.531096298296874,0.0011374669999257847
2026-02-24 16:10:00+00:00,686.1300048828125,686.8699951171875,685.9299926757812,686.2100219726562,1486864,6.531183735349257,8.743705238245525e-05
2026-02-24 16:20:00+00:00,686.2100219726562,686.2349853515625,685.7849731445312,686.0900268554688,927222,6.531008853598585,-0.00017488175067192913
2026-02-24 16:30:00+00:00,686.0999755859375,686.1300048828125,685.1500244140625,685.739990234375,1228701,6.5304985328965595,-0.0005103207020251688
2026-02-24 16:40:00+00:00,685.72998046875,686.1500244140625,685.4600219726562,685.875,911417,6.53069539537914,0.0001968624825803289
2026-02-24 16:50:00+00:00,685.8699951171875,686.7000122070312,685.7050170898438,686.469970703125,1071431,6.531562481648414,0.0008670862692738979
2026-02-24 17:00:00+00:00,686.4600219726562,687.0499877929688,686.4000244140625,687.02001953125,922163,6.532363432309054,0.0008009506606398986
2026-02-24 17:10:00+00:00,687.030029296875,687.5999755859375,687.030029296875,687.3200073242188,1690176,6.532799987734744,0.0004365554256899884
2026-02-24 17:20:00+00:00,687.3200073242188,687.7999877929688,687.3200073242188,687.5300903320312,946025,6.533105596338628,0.00030560860388462174
2026-02-24 17:30:00+00:00,687.530029296875,687.6400146484375,687.2835083007812,687.405029296875,844140,6.532923680794082,-0.00018191554454638492
2026-02-24 17:40:00+00:00,687.405029296875,687.5999755859375,686.9619750976562,687.510009765625,908220,6.533076389093827,0.000152708299745008
2026-02-24 17:50:00+00:00,687.510009765625,687.6599731445312,687.239990234375,687.3699951171875,559102,6.5328727136480795,-0.0002036754457472867
2026-02-24 18:00:00+00:00,687.3599853515625,688.0999755859375,687.3099975585938,687.5650024414062,795204,6.533156374076933,0.00028366042885341614
2026-02-24 18:10:00+00:00,687.5650024414062,687.6599731445312,687.25,687.2899780273438,585388,6.5327562963645365,-0.00040007771239647383
2026-02-24 18:20:00+00:00,687.2899780273438,687.3800048828125,686.9400024414062,687.030029296875,728089,6.532378002033983,-0.0003782943305532527
2026-02-24 18:30:00+00:00,687.0399780273438,687.75,686.905029296875,687.6900024414062,1059179,6.53333815854585,0.00096015651186665
2026-02-24 18:40:00+00:00,687.6799926757812,687.875,687.4600219726562,687.64501953125,784833,6.53327274479654,-6.541374930968402e-05
2026-02-24 18:50:00+00:00,687.6400146484375,687.8400268554688,687.4500122070312,687.4598999023438,604995,6.533003500424844,-0.0002692443716965087
2026-02-24 19:00:00+00:00,687.4500122070312,687.5999755859375,687.1500244140625,687.239990234375,1265986,6.532683561983847,-0.0003199384409970918
2026-02-24 19:10:00+00:00,687.239990234375,687.3400268554688,686.6500244140625,686.8900146484375,1259802,6.532174184279756,-0.0005093777040903191
2026-02-24 19:20:00+00:00,686.8800048828125,687.0900268554688,686.6500244140625,686.8900146484375,1272624,6.532174184279756,0.0
2026-02-24 19:30:00+00:00,686.8900146484375,687.1199951171875,686.780029296875,687.0050048828125,722076,6.532341577323633,0.00016739304387680676
2026-02-24 19:40:00+00:00,687.0,687.344970703125,686.9400024414062,687.1849975585938,758493,6.532603539172418,0.0002619618487846864
2026-02-24 19:50:00+00:00,687.1900024414062,687.6900024414062,687.0850219726562,687.135009765625,1209064,6.532530793679776,-7.274549264213448e-05
2026-02-24 20:00:00+00:00,687.135009765625,687.3400268554688,686.760009765625,686.8510131835938,904913,6.532117402886373,-0.0004133907934029679
2026-02-24 20:10:00+00:00,686.8400268554688,686.9000244140625,686.4600219726562,686.8800048828125,1223889,6.532159611584934,4.220869856119691e-05
2026-02-24 20:20:00+00:00,686.8599853515625,687.0999755859375,686.5,686.5399780273438,1324330,6.531664458075232,-0.0004951535097017512
2026-02-24 20:30:00+00:00,686.530029296875,687.1199951171875,686.5100708007812,686.7899780273438,1511399,6.532028536644493,0.00036407856926068405
2026-02-24 20:40:00+00:00,686.7899780273438,687.64501953125,686.739990234375,687.5098876953125,2331929,6.533076211539577,0.001047674895084505
2026-02-24 20:50:00+00:00,687.510009765625,688.3499755859375,687.239990234375,687.375,8736014,6.5328799948279785,-0.0001962167115987512
2026-02-25 14:30:00+00:00,690.1799926757812,691.4099731445312,690.0999755859375,691.1500244140625,3878237,6.538356912234192,0.005476917406213033
2026-02-25 14:40:00+00:00,691.1400146484375,691.8699951171875,690.6199951171875,691.6699829101562,1985947,6.5391089385540955,0.0007520263199038979
2026-02-25 14:50:00+00:00,691.6799926757812,691.989990234375,690.8400268554688,691.3200073242188,1980927,6.538602824126834,-0.0005061144272611173
2026-02-25 15:00:00+00:00,691.3200073242188,691.5800170898438,690.3699951171875,690.5999755859375,1725221,6.537560749603933,-0.0010420745229016148
2026-02-25 15:10:00+00:00,690.5900268554688,690.8499755859375,690.25,690.613525390625,1127193,6.537580369749086,1.9620145152998703e-05
2026-02-25 15:20:00+00:00,690.614990234375,691.219970703125,690.260009765625,691.1500244140625,1150226,6.538356912234192,0.0007765424851058356
2026-02-25 15:30:00+00:00,691.14501953125,691.3499755859375,690.2100219726562,690.3699951171875,1042236,6.537227678681675,-0.0011292335525165953
2026-02-25 15:40:00+00:00,690.3699951171875,690.8499755859375,690.3400268554688,690.489990234375,802498,6.537401476342209,0.00017379766053426948
2026-02-25 15:50:00+00:00,690.510009765625,690.8800048828125,690.1701049804688,690.8400268554688,703229,6.537908287349363,0.0005068110071535514
2026-02-25 16:00:00+00:00,690.8300170898438,691.280029296875,690.780029296875,691.27001953125,844985,6.53853051376437,0.0006222264150075318
2026-02-25 16:10:00+00:00,691.280029296875,691.4099731445312,690.6900024414062,690.8200073242188,838643,6.537879308395414,-0.0006512053689560204
2026-02-25 16:20:00+00:00,690.8262939453125,691.5800170898438,690.6900024414062,691.469970703125,961683,6.538819723846787,0.0009404154513728002
2026-02-25 16:30:00+00:00,691.47998046875,691.8400268554688,691.4000244140625,691.6599731445312,1186058,6.5390944665684625,0.0002747427216753806
2026-02-25 16:40:00+00:00,691.6599731445312,692.3900146484375,691.6300048828125,692.2100219726562,1098308,6.539889409531359,0.0007949429628961724
2026-02-25 16:50:00+00:00,692.2100219726562,692.35498046875,691.969970703125,692.0399780273438,979315,6.539643725664763,-0.0002456838665958472
2026-02-25 17:00:00+00:00,692.0399780273438,692.3099975585938,691.7999877929688,692.0900268554688,786916,6.539716043767788,7.231810302510411e-05
2026-02-25 17:10:00+00:00,692.0897827148438,692.3499755859375,692.0599975585938,692.2901000976562,608363,6.5400050875639035,0.0002890437961156067
2026-02-25 17:20:00+00:00,692.2899780273438,692.3200073242188,691.9400024414062,691.969970703125,819165,6.539542559738401,-0.000462527825502157
2026-02-25 17:30:00+00:00,691.969970703125,692.3049926757812,691.8400268554688,692.219970703125,659859,6.539903781844183,0.0003612221057816001
2026-02-25 17:40:00+00:00,692.22998046875,692.52001953125,692.2100219726562,692.3099975585938,966043,6.540033828658133,0.00013004681395045736
2026-02-25 17:50:00+00:00,692.2999877929688,692.5700073242188,692.25,692.5499877929688,592825,6.540380419994898,0.00034659133676484544
2026-02-25 18:00:00+00:00,692.5499877929688,692.6900024414062,692.4199829101562,692.47998046875,832885,6.540279328573221,-0.00010109142167724627
2026-02-25 18:10:00+00:00,692.5,692.6400146484375,692.3099975585938,692.3800048828125,1136448,6.540134944899537,-0.00014438367368363458
2026-02-25 18:20:00+00:00,692.3800048828125,692.4099731445312,692.2050170898438,692.3099975585938,725587,6.540033828658133,-0.00010111624140396458
2026-02-25 18:30:00+00:00,692.3099975585938,692.4799194335938,692.2100219726562,692.3099975585938,688766,6.540033828658133,0.0
2026-02-25 18:40:00+00:00,692.3099975585938,692.6199951171875,692.2899780273438,692.5399780273438,643019,6.540365966398565,0.00033213774043172606
2026-02-25 18:50:00+00:00,692.5499877929688,692.6900024414062,692.4400024414062,692.489990234375,676147,6.540293783421827,-7.218297673805552e-05
2026-02-25 19:00:00+00:00,692.489990234375,692.97998046875,692.47998046875,692.9299926757812,1422972,6.540928973417103,0.0006351899952763418
2026-02-25 19:10:00+00:00,692.9299926757812,693.0700073242188,692.7650146484375,693.02001953125,928121,6.5410588869851285,0.00012991356802505294
2026-02-25 19:20:00+00:00,693.02001953125,693.0800170898438,692.8400268554688,692.8699951171875,855203,6.540842384357846,-0.0002165026272828996
2026-02-25 19:30:00+00:00,692.8599853515625,693.3200073242188,692.8499755859375,693.239990234375,981814,6.541376245494242,0.0005338611363967516
2026-02-25 19:40:00+00:00,693.22998046875,693.3049926757812,693.0499877929688,693.2000122070312,763339,6.5413185754511325,-5.767004310985868e-05
2026-02-25 19:50:00+00:00,693.2050170898438,693.239990234375,693.0599975585938,693.0850219726562,867805,6.541152678493719,-0.00016589695741320298
2026-02-25 20:00:00+00:00,693.0850219726562,693.3300170898438,693.0700073242188,693.125,1192913,6.541210358104632,5.767961091240892e-05
2026-02-25 20:10:00+00:00,693.1300048828125,693.1900024414062,692.9700927734375,693.1099853515625,1542960,6.541188695617973,-2.1662486658691193e-05
2026-02-25 20:20:00+00:00,693.10498046875,693.1199951171875,692.8099975585938,692.9199829101562,1211940,6.540914527747224,-0.00027416787074940885
2026-02-25 20:30:00+00:00,692.9199829101562,693.1900024414062,692.739990234375,693.1500244140625,1577783,6.541246461206288,0.00033193345906479266
2026-02-25 20:40:00+00:00,693.1486206054688,693.39501953125,693.0399780273438,693.239990234375,2052191,6.541376245494242,0.00012978428795396013
2026-02-25 20:50:00+00:00,693.239990234375,693.6799926757812,692.9400024414062,693.0999755859375,6865896,6.541174253699494,-0.00020199179474822415
2026-02-26 14:30:00+00:00,693.280029296875,693.2999877929688,691.6699829101562,692.176513671875,4130834,6.539841000651433,-0.0013332530480614224
2026-02-26 14:40:00+00:00,692.1900024414062,692.239990234375,690.6699829101562,691.0449829101562,2655975,6.538204919926954,-0.001636080724479072
2026-02-26 14:50:00+00:00,691.0449829101562,691.5800170898438,690.4199829101562,690.6699829101562,2027949,6.537662116210581,-0.0005428037163728305
2026-02-26 15:00:00+00:00,690.6799926757812,691.030029296875,689.5750122070312,689.97998046875,2380219,6.53666258335699,-0.0009995328535907788
2026-02-26 15:10:00+00:00,689.97998046875,690.530029296875,686.3300170898438,686.4281005859375,3470945,6.531501486417848,-0.00516109693914224
2026-02-26 15:20:00+00:00,686.5,686.97998046875,684.739990234375,685.6900024414062,5193392,6.530425634107328,-0.0010758523105200979
2026-02-26 15:30:00+00:00,685.6699829101562,686.6300048828125,684.3499755859375,686.5800170898438,3157053,6.531722776448942,0.0012971423416141548
2026-02-26 15:40:00+00:00,686.5800170898438,687.7999877929688,686.2899780273438,687.5800170898438,2323041,6.533178211262429,0.0014554348134874218
2026-02-26 15:50:00+00:00,687.5800170898438,688.1799926757812,686.9600219726562,687.7100219726562,2001704,6.5333672693949065,0.0001890581324772711
2026-02-26 16:00:00+00:00,687.719970703125,688.280029296875,687.4600219726562,688.0999755859375,1378795,6.533934140728035,0.0005668713331283826
2026-02-26 16:10:00+00:00,688.100830078125,688.989990234375,687.8200073242188,688.280029296875,1301440,6.5341957744503,0.0002616337222649534
2026-02-26 16:20:00+00:00,688.27001953125,689.0999755859375,688.135986328125,688.739990234375,1013565,6.534863827126489,0.0006680526761888572
2026-02-26 16:30:00+00:00,688.739990234375,688.9199829101562,687.3740234375,687.5050048828125,1183414,6.533069109343774,-0.00179471778271445
2026-02-26 16:40:00+00:00,687.489990234375,687.6799926757812,686.2999877929688,687.3198852539062,1647214,6.5327998101314115,-0.0002692992123627391
2026-02-26 16:50:00+00:00,687.3200073242188,687.510009765625,686.0349731445312,686.25,1086936,6.53124199282374,-0.0015578173076713497
2026-02-26 17:00:00+00:00,686.239990234375,686.885009765625,686.0599975585938,686.5700073242188,1174419,6.531708197174358,0.0004662043506176161
2026-02-26 17:10:00+00:00,686.5700073242188,687.0599975585938,686.030029296875,686.3099975585938,868736,6.531329417138508,-0.00037878003584967956
2026-02-26 17:20:00+00:00,686.2949829101562,686.5399780273438,686.0800170898438,686.2849731445312,557988,6.531292954213028,-3.6462925479874286e-05
2026-02-26 17:30:00+00:00,686.25,687.0900268554688,685.739990234375,685.9299926757812,1000330,6.530775571025247,-0.0005173831877813839
2026-02-26 17:40:00+00:00,685.9349975585938,686.097412109375,685.1599731445312,685.22998046875,767120,6.529754519825449,-0.0010210511997978955
2026-02-26 17:50:00+00:00,685.22998046875,685.9199829101562,685.010009765625,685.4600219726562,863581,6.530090177786995,0.00033565796154633176
2026-02-26 18:00:00+00:00,685.469970703125,685.5599975585938,684.739990234375,685.0800170898438,1055984,6.529535644709932,-0.0005545330770635459
2026-02-26 18:10:00+00:00,685.0599975585938,685.7999877929688,684.9299926757812,685.72998046875,909837,6.530483935762332,0.0009482910524001298
2026-02-26 18:20:00+00:00,685.739990234375,685.9550170898438,685.2899780273438,685.6699829101562,919654,6.530396437497443,-8.749826488863022e-05
2026-02-26 18:30:00+00:00,685.6599731445312,687.6799926757812,685.4099731445312,687.469970703125,2344507,6.533018149609499,0.002621712112055974
2026-02-26 18:40:00+00:00,687.469970703125,688.1900024414062,687.1420288085938,687.5,1204771,6.533061829540727,4.36799312275582e-05
2026-02-26 18:50:00+00:00,687.4801025390625,687.6599731445312,687.0800170898438,687.3900146484375,938910,6.532901838049589,-0.00015999149113810063
2026-02-26 19:00:00+00:00,687.4099731445312,688.489990234375,687.1599731445312,688.4299926757812,1071254,6.534413632063169,0.0015117940135800367
2026-02-26 19:10:00+00:00,688.4299926757812,689.1900024414062,688.2999877929688,688.969970703125,1483827,6.535197686178694,0.0007840541155248459
2026-02-26 19:20:00+00:00,688.97998046875,689.3200073242188,688.4500122070312,688.6099853515625,1372698,6.5346750517454995,-0.0005226344331941135
2026-02-26 19:30:00+00:00,688.6199951171875,689.3099975585938,688.469970703125,689.0900268554688,1177682,6.53537192554833,0.0006968738028305665
2026-02-26 19:40:00+00:00,689.0999755859375,689.6599731445312,688.9600219726562,689.5750122070312,1065776,6.536075483494352,0.0007035579460223929
2026-02-26 19:50:00+00:00,689.5800170898438,689.6599731445312,689.0050048828125,689.02001953125,1089954,6.535270326514983,-0.00080515697936967
2026-02-26 20:00:00+00:00,689.010009765625,689.8099975585938,688.8400268554688,689.1400146484375,1575092,6.535444464662245,0.00017413814726197074
2026-02-26 20:10:00+00:00,689.1400146484375,689.25,688.6799926757812,689.114990234375,1160043,6.535408151477853,-3.631318439190068e-05
2026-02-26 20:20:00+00:00,689.1199951171875,689.1699829101562,688.614990234375,688.6649780273438,982391,6.534754908966857,-0.0006532425109959661
2026-02-26 20:30:00+00:00,688.6649780273438,689.5167236328125,688.6199951171875,689.3900146484375,1901693,6.5358071698589795,0.001052260892122625
2026-02-26 20:40:00+00:00,689.3801879882812,689.4299926757812,688.905029296875,689.1199951171875,2650092,6.535415414220224,-0.0003917556387555976
2026-02-26 20:50:00+00:00,689.1199951171875,689.3699951171875,688.6500244140625,689.3200073242188,4020359,6.535705615038657,0.0002902008184335614
2026-02-27 14:30:00+00:00,683.0900268554688,684.25,682.7999877929688,684.0650024414062,5902952,6.528052945916293,-0.007652669122364841
2026-02-27 14:40:00+00:00,684.0650024414062,684.1199951171875,681.6400146484375,683.5499877929688,3315467,6.5272997885197155,-0.0007531573965771088
2026-02-27 14:50:00+00:00,683.530029296875,683.6900024414062,682.5999755859375,682.8663940429688,2174294,6.526299224100088,-0.001000564419627814
2026-02-27 15:00:00+00:00,682.8599853515625,685.4199829101562,682.6599731445312,684.7100219726562,3099714,6.528995423047291,0.0026961989472029657
2026-02-27 15:10:00+00:00,684.719970703125,685.489990234375,683.5999755859375,684.155029296875,1859929,6.528184542959912,-0.0008108800873785071
2026-02-27 15:20:00+00:00,684.1199951171875,684.989990234375,684.0,684.5294189453125,1420077,6.528731622541705,0.0005470795817927865
2026-02-27 15:30:00+00:00,684.510009765625,685.469970703125,683.739990234375,685.0700073242188,1241874,6.529521033513425,0.0007894109717199171
2026-02-27 15:40:00+00:00,685.0700073242188,686.0499877929688,684.75,685.0999755859375,1217203,6.529564777373088,4.3743859663436524e-05
2026-02-27 15:50:00+00:00,685.0999755859375,685.364990234375,684.22998046875,685.219970703125,1097639,6.529739911826643,0.00017513445355454849
2026-02-27 16:00:00+00:00,685.239990234375,685.9249877929688,684.6599731445312,684.8099975585938,1260675,6.529141423959565,-0.0005984878670775018
2026-02-27 16:10:00+00:00,684.8099975585938,686.0499877929688,684.7999877929688,685.6300048828125,1283436,6.530338130740773,0.001196706781207979
2026-02-27 16:20:00+00:00,685.6099853515625,686.010009765625,685.1500244140625,685.385009765625,940072,6.529980738418767,-0.0003573923220061559
2026-02-27 16:30:00+00:00,685.3900146484375,686.2899169921875,685.3400268554688,685.510009765625,1169586,6.530163101033797,0.0001823626150301294
2026-02-27 16:40:00+00:00,685.489990234375,685.52001953125,684.5650024414062,684.614990234375,1041319,6.52885662219638,-0.001306478837417302
2026-02-27 16:50:00+00:00,684.6300048828125,685.9199829101562,684.6199951171875,684.8699951171875,1079616,6.529229032100084,0.00037240990370435156
2026-02-27 17:00:00+00:00,684.8599853515625,686.280029296875,684.8400268554688,686.125,972593,6.531059826870053,0.0018307947699689464
2026-02-27 17:10:00+00:00,686.1300048828125,686.1500244140625,684.1599731445312,684.239990234375,1287429,6.528308719000305,-0.002751107869748637
2026-02-27 17:20:00+00:00,684.239990234375,684.5050048828125,683.2899780273438,684.1400146484375,1950105,6.528162596452827,-0.00014612254747792264
2026-02-27 17:30:00+00:00,684.1300048828125,685.1199951171875,683.739990234375,684.27001953125,1913124,6.528352605119756,0.00019000866692930884
2026-02-27 17:40:00+00:00,684.2899780273438,684.4199829101562,683.4755249023438,683.8300170898438,1229730,6.527709373711527,-0.0006432314082287505
2026-02-27 17:50:00+00:00,683.8599853515625,684.469970703125,683.5900268554688,684.375,1348870,6.528506013004866,0.000796639293338508
2026-02-27 18:00:00+00:00,684.3699951171875,684.6799926757812,683.9600219726562,683.989990234375,918569,6.527943283355199,-0.0005627296496664158
2026-02-27 18:10:00+00:00,683.97998046875,684.280029296875,683.5,683.5999755859375,834306,6.527372915527476,-0.0005703678277235724
2026-02-27 18:20:00+00:00,683.5900268554688,683.9099731445312,683.0599975585938,683.7999877929688,1169883,6.527665459353444,0.0002925438259682167
2026-02-27 18:30:00+00:00,683.7999877929688,683.9600219726562,683.2999877929688,683.7000122070312,844154,6.527519242774116,-0.00014621657932778476
2026-02-27 18:40:00+00:00,683.6900024414062,684.239990234375,683.5349731445312,683.719970703125,814396,6.527548434238837,2.9191464721023408e-05
2026-02-27 18:50:00+00:00,683.7000122070312,684.0700073242188,683.469970703125,683.9500122070312,821181,6.527884833383295,0.0003363991444578218
2026-02-27 19:00:00+00:00,683.9500122070312,684.97998046875,683.7150268554688,683.9000244140625,1441691,6.527811743802342,-7.308958095286755e-05
2026-02-27 19:10:00+00:00,683.8900146484375,684.219970703125,683.5900268554688,683.9199829101562,843373,6.527840926729904,2.918292756159957e-05
2026-02-27 19:20:00+00:00,683.9400024414062,684.0599975585938,683.47998046875,683.5999755859375,909192,6.527372915527476,-0.0004680112024280092
2026-02-27 19:30:00+00:00,683.5999755859375,684.030029296875,683.1801147460938,683.8300170898438,1022756,6.527709373711527,0.0003364581840514802
2026-02-27 19:40:00+00:00,683.8400268554688,683.9199829101562,682.989990234375,683.25,1445833,6.526860824808177,-0.0008485489033498439
2026-02-27 19:50:00+00:00,683.219970703125,683.6300048828125,683.114990234375,683.3499755859375,935528,6.527007137683784,0.00014631287560629147
2026-02-27 20:00:00+00:00,683.3400268554688,684.1300048828125,683.3200073242188,683.9600219726562,1203364,6.527899468506037,0.0008923308222534843
2026-02-27 20:10:00+00:00,683.9600219726562,685.7050170898438,683.9450073242188,685.5900268554688,2817713,6.530279820584227,0.0023803520781902066
2026-02-27 20:20:00+00:00,685.5800170898438,686.0999755859375,685.1799926757812,685.590087890625,2665405,6.530279909609958,8.902573078728437e-08
2026-02-27 20:30:00+00:00,685.5800170898438,685.8150024414062,684.489990234375,684.625,3325363,6.528871243103885,-0.0014086665060730752
2026-02-27 20:40:00+00:00,684.6300048828125,685.5700073242188,684.5800170898438,685.4500122070312,3838541,6.530075574690693,0.001204331586808216
2026-02-27 20:50:00+00:00,685.4600219726562,686.8499755859375,685.0800170898438,686.280029296875,8814728,6.5312857504046145,0.0012101757139211244
2026-03-02 14:30:00+00:00,678.7000122070312,682.4600219726562,678.02001953125,681.0087890625,7898373,6.523575212178564,-0.007710538226050723
2026-03-02 14:40:00+00:00,680.9949951171875,683.3699951171875,680.97998046875,683.219970703125,2963543,6.52681687316998,0.0032416609914163175
2026-03-02 14:50:00+00:00,683.239990234375,683.3099975585938,681.8800048828125,683.0,2655714,6.52649485957079,-0.0003220135991899298
2026-03-02 15:00:00+00:00,682.9500122070312,684.9400024414062,682.4000244140625,684.2100219726562,3243883,6.528264920160074,0.0017700605892843058
2026-03-02 15:10:00+00:00,684.219970703125,685.3599853515625,684.2100219726562,684.6500244140625,3036634,6.528907794437429,0.0006428742773545437
2026-03-02 15:20:00+00:00,684.614990234375,684.8300170898438,683.0700073242188,683.4299926757812,2319126,6.52712422615712,-0.0017835682803086783
2026-03-02 15:30:00+00:00,683.4199829101562,683.97900390625,682.4199829101562,683.9299926757812,1996382,6.527855562495234,0.0007313363381138416
2026-03-02 15:40:00+00:00,683.9199829101562,684.8400268554688,683.4500122070312,684.1199951171875,1785934,6.528133333694128,0.00027777119889371704
2026-03-02 15:50:00+00:00,684.1300048828125,684.52001953125,683.1599731445312,684.2100219726562,1504710,6.528264920160074,0.00013158646594657597
2026-03-02 16:00:00+00:00,684.1900024414062,685.5800170898438,683.6300048828125,685.5,1695305,6.530148499002369,0.0018835788422943978
2026-03-02 16:10:00+00:00,685.510009765625,685.6699829101562,684.6624755859375,684.72998046875,1731168,6.529024571452565,-0.0011239275498038381
2026-03-02 16:20:00+00:00,684.7000122070312,684.9299926757812,682.9500122070312,683.219970703125,2110444,6.52681687316998,-0.0022076982825849356
2026-03-02 16:30:00+00:00,683.219970703125,685.1799926757812,682.9199829101562,685.1400146484375,1668512,6.529623218321822,0.0028063451518418603
2026-03-02 16:40:00+00:00,685.1500244140625,686.969970703125,685.1199951171875,686.4749755859375,2415494,6.531569772374565,0.0019465540527434655
2026-03-02 16:50:00+00:00,686.4749755859375,686.5565185546875,685.9099731445312,686.2349853515625,1476328,6.53122011331526,-0.00034965905930572916
2026-03-02 17:00:00+00:00,686.2349853515625,686.6199951171875,685.8499755859375,686.1099853515625,1026139,6.531037943375464,-0.00018216993979525142
2026-03-02 17:10:00+00:00,686.1099853515625,687.0900268554688,685.7100219726562,687.0399780273438,1143498,6.53239248270879,0.0013545393333256328
2026-03-02 17:20:00+00:00,687.0399780273438,687.1900024414062,686.47998046875,686.4837036132812,1103916,6.53158248656251,-0.0008099961462804117
2026-03-02 17:30:00+00:00,686.47998046875,686.72998046875,686.0800170898438,686.2650146484375,746884,6.531263871853518,-0.00031861470899130495
2026-03-02 17:40:00+00:00,686.27001953125,687.0,686.1500244140625,686.8200073242188,863707,6.532072259822397,0.000808387968878499
2026-03-02 17:50:00+00:00,686.8200073242188,687.3099975585938,686.6500244140625,687.2199096679688,908507,6.532654342409803,0.0005820825874058855
2026-03-02 18:00:00+00:00,687.219970703125,687.4199829101562,686.9299926757812,686.9299926757812,661142,6.53223238408343,-0.0004219583263722626
2026-03-02 18:10:00+00:00,686.9249877929688,687.096923828125,686.5399780273438,686.5599975585938,619194,6.531693617687216,-0.0005387663962146405
2026-03-02 18:20:00+00:00,686.5700073242188,686.8699951171875,686.1002197265625,686.719970703125,749656,6.53192659734024,0.00023297965302404577
2026-03-02 18:30:00+00:00,686.75,686.8400268554688,686.0700073242188,686.2000122070312,764617,6.531169148213669,-0.0007574491265707195
2026-03-02 18:40:00+00:00,686.2000122070312,686.3350219726562,685.3098754882812,685.8300170898438,1033889,6.530629808522473,-0.0005393396911959059
2026-03-02 18:50:00+00:00,685.8200073242188,686.010009765625,685.2249755859375,685.280029296875,1002591,6.529827556618746,-0.0008022519037274023
2026-03-02 19:00:00+00:00,685.27001953125,686.47998046875,685.1900024414062,686.4400024414062,1133370,6.531518825090722,0.001691268471976315
2026-03-02 19:10:00+00:00,686.4500122070312,687.7899780273438,686.3900146484375,687.6799926757812,1687941,6.533323602803525,0.0018047777128025189
2026-03-02 19:20:00+00:00,687.6749877929688,688.280029296875,687.5499877929688,688.2000122070312,1408094,6.534079511101002,0.0007559082974770703
2026-03-02 19:30:00+00:00,688.2100219726562,688.6199951171875,688.1300048828125,688.2550048828125,1495196,6.5341594158928435,7.990479184183386e-05
2026-03-02 19:40:00+00:00,688.25,688.4500122070312,687.969970703125,688.260009765625,857934,6.5341666877100915,7.271817247911372e-06
2026-03-02 19:50:00+00:00,688.260009765625,688.530029296875,688.0999755859375,688.1950073242188,791470,6.534072238649792,-9.444906029987266e-05
2026-03-02 20:00:00+00:00,688.1900024414062,688.3300170898438,685.9600219726562,686.18798828125,3130816,6.531151625580453,-0.0029206130693388843
2026-03-02 20:10:00+00:00,686.1900024414062,686.5800170898438,684.8900146484375,686.0399780273438,4689049,6.530935903035636,-0.00021572254481672104
2026-03-02 20:20:00+00:00,686.0700073242188,686.2999877929688,685.239990234375,685.3499755859375,2198896,6.529929621054624,-0.0010062819810121582
2026-03-02 20:30:00+00:00,685.3499755859375,686.4099731445312,685.2000122070312,686.0900268554688,1620899,6.531008853598585,0.0010792325439608064
2026-03-02 20:40:00+00:00,686.0900268554688,686.6799926757812,685.5599975585938,686.3300170898438,2084837,6.53135858652165,0.00034973292306528236
2026-03-02 20:50:00+00:00,686.3300170898438,687.3099975585938,685.97998046875,686.3699951171875,8985535,6.531416833810932,5.8247289282498116e-05
2026-03-03 14:30:00+00:00,675.0599975585938,677.0999755859375,674.125,675.760009765625,11617761,6.5158379978705625,-0.015578835940369906
2026-03-03 14:40:00+00:00,675.780029296875,675.9949951171875,672.4600219726562,672.469970703125,4524081,6.5109574572494555,-0.004880540621106988
2026-03-03 14:50:00+00:00,672.489990234375,673.9290771484375,671.9500122070312,672.3800048828125,3959318,6.510823664154196,-0.00013379309525962668
2026-03-03 15:00:00+00:00,672.3599853515625,673.9299926757812,671.6300048828125,672.3499755859375,4362168,6.5107790019583405,-4.466219585541609e-05
2026-03-03 15:10:00+00:00,672.3499755859375,673.5599975585938,670.8800048828125,671.0599975585938,4662937,6.508858548113871,-0.001920453844469705
2026-03-03 15:20:00+00:00,671.0599975585938,671.1099853515625,669.6599731445312,669.8499755859375,3996666,6.5070537702759355,-0.0018047778379353119
2026-03-03 15:30:00+00:00,669.8499755859375,672.22998046875,669.780029296875,671.7000122070312,3288539,6.509811830446157,0.0027580601702217322
2026-03-03 15:40:00+00:00,671.6799926757812,672.5,670.72998046875,671.3200073242188,3405325,6.509245934350154,-0.0005658960960035486
2026-03-03 15:50:00+00:00,671.3098754882812,672.1099853515625,670.3400268554688,671.97998046875,2513727,6.510228549110268,0.0009826147601144086
2026-03-03 16:00:00+00:00,671.9600219726562,674.9199829101562,671.75,674.5399780273438,3242991,6.51403094450271,0.0038023953924417597
2026-03-03 16:10:00+00:00,674.5700073242188,676.1699829101562,674.239990234375,675.280029296875,2299875,6.515127463060245,0.00109651855753512
2026-03-03 16:20:00+00:00,675.2899780273438,676.5800170898438,674.97998046875,676.02001953125,2473993,6.516222690295656,0.0010952272354112225
2026-03-03 16:30:00+00:00,676.0,676.5700073242188,674.6599731445312,676.0800170898438,2208739,6.516311437514069,8.874721841323208e-05
2026-03-03 16:40:00+00:00,676.0552978515625,678.4500122070312,675.260009765625,677.5999755859375,2938944,6.518557107307646,0.0022456697935764325
2026-03-03 16:50:00+00:00,677.5999755859375,678.2899780273438,677.22998046875,677.5599975585938,1645938,6.518498106114949,-5.900119269686144e-05
2026-03-03 17:00:00+00:00,677.5700073242188,677.9199829101562,676.6500244140625,676.7698974609375,1538362,6.517331329556008,-0.0011667765589411516
2026-03-03 17:10:00+00:00,676.7999877929688,677.7000122070312,676.3699951171875,677.5800170898438,1012011,6.518527652185517,0.0011963226295090834
2026-03-03 17:20:00+00:00,677.5800170898438,678.489990234375,676.9099731445312,678.3200073242188,1237262,6.519619163793334,0.001091511607817175
2026-03-03 17:30:00+00:00,678.3200073242188,678.3599853515625,676.0800170898438,676.780029296875,1435346,6.5173463003165795,-0.002272863476754594
2026-03-03 17:40:00+00:00,676.780029296875,678.4739990234375,676.739990234375,678.260009765625,1230546,6.51953070965443,0.002184409337850468
2026-03-03 17:50:00+00:00,678.27001953125,678.3099975585938,676.8800048828125,677.4199829101562,1086427,6.518291439373072,-0.0012392702813581735
2026-03-03 18:00:00+00:00,677.3900146484375,678.9099731445312,677.3800048828125,678.8099975585938,995306,6.520341261534749,0.0020498221616769285
2026-03-03 18:10:00+00:00,678.8099975585938,678.8900146484375,677.6199951171875,678.6599731445312,897844,6.520120226200029,-0.0002210353347198435
2026-03-03 18:20:00+00:00,678.6500244140625,680.4299926757812,678.6199951171875,679.8200073242188,1960316,6.521828068020775,0.0017078418207461254
2026-03-03 18:30:00+00:00,679.8200073242188,681.3499755859375,679.6699829101562,681.3300170898438,1657963,6.524046795358675,0.0022187273379001837
2026-03-03 18:40:00+00:00,681.3499755859375,681.8699951171875,680.4500122070312,681.4099731445312,2405811,6.524164141375307,0.00011734601663171418
2026-03-03 18:50:00+00:00,681.4099731445312,681.9099731445312,680.9299926757812,681.260009765625,1435478,6.523944039103454,-0.00022010227185287334
2026-03-03 19:00:00+00:00,681.239990234375,681.469970703125,679.97998046875,680.0800170898438,1555360,6.52221046343827,-0.0017335756651837286
2026-03-03 19:10:00+00:00,680.0900268554688,681.160888671875,679.6649780273438,680.97998046875,1387761,6.523532908461531,0.0013224450232609541
2026-03-03 19:20:00+00:00,681.0,681.52001953125,680.4000244140625,680.5,916268,6.522827822091521,-0.0007050863700106547
2026-03-03 19:30:00+00:00,680.5,681.8200073242188,679.2750244140625,681.0,2509304,6.523562306149512,0.0007344840579914802
2026-03-03 19:40:00+00:00,681.010009765625,682.6099853515625,680.780029296875,682.030029296875,2482246,6.525073688101205,0.0015113819516932026
2026-03-03 19:50:00+00:00,682.030029296875,682.4000244140625,680.6699829101562,681.2329711914062,1683460,6.523904349248753,-0.001169338852451851
2026-03-03 20:00:00+00:00,681.25,681.9500122070312,680.75,681.47998046875,1401510,6.524266875017292,0.0003625257685389016
2026-03-03 20:10:00+00:00,681.4600219726562,681.7899780273438,680.1799926757812,680.489990234375,1799749,6.522813112555526,-0.001453762461766317
2026-03-03 20:20:00+00:00,680.5,681.3049926757812,680.1599731445312,681.0499877929688,1615047,6.52363570696951,0.0008225944139841346
2026-03-03 20:30:00+00:00,681.0399780273438,681.510009765625,680.2899780273438,680.5700073242188,1772952,6.522930693103157,-0.0007050138663533545
2026-03-03 20:40:00+00:00,680.5900268554688,680.8400268554688,680.0,680.47998046875,2290416,6.522798402803157,-0.00013229029999983766
2026-03-03 20:50:00+00:00,680.469970703125,680.6400146484375,679.2100219726562,680.0399780273438,2256331,6.522151587658699,-0.0006468151444583015
2026-03-04 14:30:00+00:00,681.6300048828125,683.5180053710938,680.739990234375,680.989990234375,6365757,6.523547607413549,0.001396019754850819
2026-03-04 14:40:00+00:00,681.02001953125,681.72998046875,679.6199951171875,680.8599853515625,2209842,6.523356683471063,-0.00019092394248687583
2026-03-04 14:50:00+00:00,680.8599853515625,681.7474975585938,680.25,681.302978515625,1274290,6.524007109582227,0.0006504261111643928
2026-03-04 15:00:00+00:00,681.4099731445312,683.2999877929688,680.8699951171875,683.1099853515625,2161695,6.5266558793319795,0.0026487697497525886
2026-03-04 15:10:00+00:00,683.1500244140625,684.52001953125,682.5,684.4500122070312,2004768,6.528615613876324,0.0019597345443447267
2026-03-04 15:20:00+00:00,684.4600219726562,686.27001953125,684.27001953125,686.1400146484375,3075763,6.531081709885765,0.002466096009440477
2026-03-04 15:30:00+00:00,686.1500244140625,686.3099975585938,684.52001953125,684.6199951171875,2467288,6.528863932676854,-0.0022177772089104764
2026-03-04 15:40:00+00:00,684.6300048828125,684.9099731445312,683.8800048828125,684.5700073242188,2107946,6.528790914625448,-7.301805140613737e-05
2026-03-04 15:50:00+00:00,684.5700073242188,685.9000244140625,684.0800170898438,685.8300170898438,1693342,6.530629808522473,0.0018388938970250734
2026-03-04 16:00:00+00:00,685.8400268554688,686.6400146484375,685.510009765625,685.6599731445312,2405741,6.530381838872829,-0.0002479696496440198
2026-03-04 16:10:00+00:00,685.6799926757812,685.719970703125,684.2899780273438,684.530029296875,2544627,6.528732514178023,-0.0016493246948066087
2026-03-04 16:20:00+00:00,684.52001953125,685.4500122070312,684.1799926757812,685.1900024414062,1522566,6.529696175627533,0.0009636614495107665
2026-03-04 16:30:00+00:00,685.1799926757812,685.8400268554688,684.8499755859375,685.0900268554688,1448761,6.529550255692954,-0.00014591993457901964
2026-03-04 16:40:00+00:00,685.0800170898438,686.4000244140625,685.0399780273438,686.1099853515625,1675577,6.531037943375464,0.0014876876825100638
2026-03-04 16:50:00+00:00,686.1099853515625,686.2899780273438,685.5800170898438,685.780029296875,1212897,6.530556919302796,-0.0004810240726680348
2026-03-04 17:00:00+00:00,685.7949829101562,686.3599853515625,685.530029296875,686.0850219726562,1070482,6.531001558781766,0.00044463947896922207
2026-03-04 17:10:00+00:00,686.0999755859375,686.3150024414062,685.8099975585938,685.9400024414062,828673,6.530790163903086,-0.00021139487867927187
2026-03-04 17:20:00+00:00,685.9199829101562,686.1400146484375,685.3099975585938,685.3250122070312,1470379,6.529893196111977,-0.000896967791109482
2026-03-04 17:30:00+00:00,685.3499755859375,686.0999755859375,684.5800170898438,686.0399780273438,1436642,6.530935903035636,0.0010427069236591535
2026-03-04 17:40:00+00:00,686.0499877929688,686.219970703125,685.5601196289062,685.9299926757812,1535247,6.530775571025247,-0.00016033201038911926
2026-03-04 17:50:00+00:00,685.9400024414062,686.4199829101562,685.7899780273438,686.1900024414062,891620,6.531154560865294,0.00037898984004680614
2026-03-04 18:00:00+00:00,686.2000122070312,686.489990234375,685.7750244140625,686.239990234375,1110136,6.531227406537944,7.284567265042341e-05
2026-03-04 18:10:00+00:00,686.2550048828125,686.3499755859375,685.6099853515625,685.6099853515625,976921,6.530308931575939,-0.0009184749620052557
2026-03-04 18:20:00+00:00,685.5999755859375,686.1599731445312,685.3800048828125,686.10498046875,964497,6.531030648770848,0.0007217171949092105
2026-03-04 18:30:00+00:00,686.1099853515625,686.7100219726562,686.0999755859375,686.385009765625,1028389,6.5314387090157355,0.00040806024488748704
2026-03-04 18:40:00+00:00,686.375,686.7899780273438,686.260009765625,686.739990234375,901432,6.531955749309457,0.0005170402937215712
2026-03-04 18:50:00+00:00,686.739990234375,686.8699951171875,686.2000122070312,686.5449829101562,1001462,6.531671748057943,-0.00028400125151417654
2026-03-04 19:00:00+00:00,686.5499877929688,686.9099731445312,686.3900146484375,686.72998046875,813920,6.531941173431078,0.00026942537313523474
2026-03-04 19:10:00+00:00,686.7294921875,686.9600219726562,686.6599731445312,686.7949829101562,702910,6.53203582397357,9.465054249169214e-05
2026-03-04 19:20:00+00:00,686.7899780273438,686.9099731445312,686.4700927734375,686.5999755859375,704489,6.531751845465679,-0.0002839785078911916
2026-03-04 19:30:00+00:00,686.6099853515625,686.8800048828125,686.4450073242188,686.864990234375,921458,6.532137752144512,0.00038590667883298124
2026-03-04 19:40:00+00:00,686.8800048828125,686.9400024414062,686.5,686.836181640625,912027,6.532095809115934,-4.194302857740695e-05
2026-03-04 19:50:00+00:00,686.8400268554688,687.0900268554688,686.739990234375,686.8099975585938,851308,6.532057685642174,-3.8123473760087734e-05
2026-03-04 20:00:00+00:00,686.8150024414062,687.0050048828125,686.35498046875,686.489990234375,1041874,6.531591644234099,-0.00046604140807549044
2026-03-04 20:10:00+00:00,686.489990234375,686.489990234375,685.9249877929688,685.9550170898438,1532168,6.530812052820568,-0.000779591413530234
2026-03-04 20:20:00+00:00,685.947998046875,686.280029296875,685.4749755859375,686.22998046875,1654666,6.531212820039385,0.0004007672188164335
2026-03-04 20:30:00+00:00,686.239990234375,686.3798217773438,685.9299926757812,686.1599731445312,1337242,6.531110797543381,-0.00010202249600421709
2026-03-04 20:40:00+00:00,686.1500244140625,686.6300048828125,686.0599975585938,686.3200073242188,1984484,6.531344001936436,0.00023320439305507534
2026-03-04 20:50:00+00:00,686.3200073242188,686.3250122070312,685.1599731445312,685.1649780273438,7862890,6.529659653099543,-0.001684348836892724
2026-03-05 14:30:00+00:00,682.0800170898438,684.4500122070312,681.8699951171875,683.6799926757812,5612086,6.527489961182781,-0.0021696919167624173
2026-03-05 14:40:00+00:00,683.6599731445312,683.77001953125,682.1699829101562,682.8109741210938,2725478,6.526218063024716,-0.0012718981580643884
2026-03-05 14:50:00+00:00,682.8099975585938,685.1011962890625,682.5900268554688,685.0999755859375,2332455,6.529564777373088,0.003346714348372082
2026-03-05 15:00:00+00:00,685.0900268554688,685.530029296875,682.89501953125,683.52001953125,2843982,6.527255945466232,-0.00230883190685649
2026-03-05 15:10:00+00:00,683.530029296875,684.39990234375,682.739990234375,682.840087890625,2684259,6.526260700225896,-0.0009952452403361178
2026-03-05 15:20:00+00:00,682.8400268554688,682.8499755859375,680.3300170898438,680.8200073242188,3517087,6.52329796478889,-0.002962735437005648
2026-03-05 15:30:00+00:00,680.8300170898438,681.1600952148438,679.3200073242188,681.0700073242188,3870589,6.523665101635653,0.0003671368467630387
2026-03-05 15:40:00+00:00,681.1199951171875,682.0499877929688,680.8900146484375,681.27001953125,1734132,6.52395873201357,0.0002936303779170757
2026-03-05 15:50:00+00:00,681.2899780273438,682.5800170898438,681.1799926757812,682.1099853515625,1834954,6.525190913684973,0.0012321816714031542
2026-03-05 16:00:00+00:00,682.0999755859375,682.3599853515625,680.0650024414062,680.1099853515625,2081814,6.5222545282552,-0.0029363854297734804
2026-03-05 16:10:00+00:00,680.0900268554688,680.3499755859375,679.010009765625,679.14501953125,4375766,6.520834682856129,-0.0014198453990710291
2026-03-05 16:20:00+00:00,679.1500244140625,680.3099975585938,679.1099853515625,679.5349731445312,2116147,6.5214087012064255,0.00057401835029669
2026-03-05 16:30:00+00:00,679.530029296875,680.9550170898438,679.4600219726562,680.5800170898438,2311086,6.522945400909711,0.0015366997032852936
2026-03-05 16:40:00+00:00,680.5700073242188,681.1900024414062,679.8599853515625,680.6699829101562,1729180,6.523077582096772,0.00013218118706159743
2026-03-05 16:50:00+00:00,680.6599731445312,681.3499755859375,680.2449951171875,681.0599975585938,1535980,6.523650404410588,0.0005728223138152799
2026-03-05 17:00:00+00:00,681.0549926757812,682.4199829101562,680.8300170898438,681.010009765625,1946576,6.523577004669425,-7.339974116238324e-05
2026-03-05 17:10:00+00:00,680.969970703125,681.1400146484375,679.1697998046875,679.2999877929688,1551748,6.521062838227241,-0.0025141664421841625
2026-03-05 17:20:00+00:00,679.2999877929688,679.6699829101562,678.489990234375,678.510009765625,1888629,6.51989923195258,-0.0011636062746607223
2026-03-05 17:30:00+00:00,678.510009765625,678.8049926757812,677.0800170898438,678.010009765625,3443562,6.519162051497528,-0.0007371804550526662
2026-03-05 17:40:00+00:00,678.010009765625,678.4199829101562,676.2999877929688,676.4650268554688,2062017,6.516880749091155,-0.0022813024063728093
2026-03-05 17:50:00+00:00,676.4600219726562,677.3699951171875,676.030029296875,676.4600219726562,2441783,6.516873350480542,-7.398610613051915e-06
2026-03-05 18:00:00+00:00,676.4500122070312,677.9099731445312,676.3099975585938,677.7899780273438,1989605,6.5188374730313905,0.001964122550848657
2026-03-05 18:10:00+00:00,677.7999877929688,678.260009765625,676.2901000976562,676.3800048828125,1414979,6.516755055503532,-0.0020824175278582047
2026-03-05 18:20:00+00:00,676.3900146484375,677.3726196289062,675.9000244140625,676.2999877929688,1457432,6.516636746531166,-0.00011830897236642102
2026-03-05 18:30:00+00:00,676.280029296875,677.030029296875,675.8200073242188,676.7000122070312,1335890,6.517228061277239,0.0005913147460727686
2026-03-05 18:40:00+00:00,676.75,677.9600219726562,676.6900024414062,676.905029296875,1425338,6.517530981383363,0.00030292010612420484
2026-03-05 18:50:00+00:00,676.8900146484375,677.0150146484375,675.9400024414062,676.6199951171875,1244778,6.517109808255775,-0.00042117312758804815
2026-03-05 19:00:00+00:00,676.5999755859375,677.3250122070312,676.3800048828125,676.9600219726562,1563984,6.5176122194295925,0.0005024111738176629
2026-03-05 19:10:00+00:00,676.9600219726562,677.4500122070312,676.5800170898438,677.3200073242188,1036012,6.518143845610668,0.0005316261810754952
2026-03-05 19:20:00+00:00,677.3300170898438,677.7899780273438,676.2899780273438,676.6699829101562,1523421,6.517183684208161,-0.000960161402506543
2026-03-05 19:30:00+00:00,676.6699829101562,676.6699829101562,675.6099853515625,676.3150024414062,1716596,6.516658947450934,-0.0005247367572271955
2026-03-05 19:40:00+00:00,676.3200073242188,677.4949951171875,676.2899780273438,677.280029296875,1215228,6.518084820029279,0.0014258725783449222
2026-03-05 19:50:00+00:00,677.3099975585938,677.72998046875,676.4500122070312,677.0900268554688,1330463,6.517804243178381,-0.0002805768508977735
2026-03-05 20:00:00+00:00,677.0700073242188,678.469970703125,676.3900146484375,678.25,2716113,6.5195159515390415,0.0017117083606601469
2026-03-05 20:10:00+00:00,678.2550048828125,679.4600219726562,678.1699829101562,679.1199951171875,2907997,6.520797835239801,0.0012818837007593231
2026-03-05 20:20:00+00:00,679.1199951171875,680.4600219726562,678.8699951171875,679.4600219726562,2817100,6.521298397383055,0.000500562143254335
2026-03-05 20:30:00+00:00,679.469970703125,680.47998046875,679.1699829101562,680.0399780273438,1985468,6.522151587658699,0.0008531902756434562
2026-03-05 20:40:00+00:00,680.0499877929688,680.52001953125,679.4099731445312,680.5108032226562,2461788,6.5228436973845465,0.0006921097258478781
2026-03-05 20:50:00+00:00,680.52001953125,681.75,680.3250122070312,681.4400024414062,12828509,6.52420820975762,0.0013645123730734454
2026-03-06 14:30:00+00:00,673.4099731445312,674.0599975585938,670.4099731445312,671.1099853515625,10251470,6.5089330361349536,-0.015275173622666394
2026-03-06 14:40:00+00:00,671.1199951171875,672.1900024414062,670.0,670.7000122070312,4226563,6.508321961306126,-0.0006110748288277179
2026-03-06 14:50:00+00:00,670.72998046875,672.1300048828125,669.760009765625,670.8699951171875,3691586,6.508575370237658,0.0002534089315320287
2026-03-06 15:00:00+00:00,670.9099731445312,673.1300048828125,670.8400268554688,670.97998046875,3419782,6.508739301159609,0.0001639309219507723
2026-03-06 15:10:00+00:00,670.969970703125,673.518798828125,670.791015625,673.4099731445312,2420801,6.512354316751744,0.0036150155921355065
2026-03-06 15:20:00+00:00,673.419921875,674.3599853515625,673.1400146484375,674.1699829101562,2036147,6.513482279278628,0.0011279625268842963
2026-03-06 15:30:00+00:00,674.1300048828125,675.9149780273438,674.1199951171875,675.5999755859375,2503638,6.515601148796785,0.00211886951815643
2026-03-06 15:40:00+00:00,675.5900268554688,675.5900268554688,673.510009765625,673.77001953125,2146737,6.512888835371748,-0.002712313425036861
2026-03-06 15:50:00+00:00,673.7999877929688,675.4000244140625,672.4600219726562,674.9199829101562,2445591,6.514594140008849,0.001705304637100724
2026-03-06 16:00:00+00:00,674.9600219726562,676.010009765625,674.6900024414062,674.8900146484375,1755966,6.514549736334586,-4.440367426283842e-05
2026-03-06 16:10:00+00:00,674.9000244140625,675.0800170898438,673.969970703125,674.9099731445312,1589469,6.514579308858331,2.9572523745358126e-05
2026-03-06 16:20:00+00:00,674.8800048828125,675.0399169921875,673.4349975585938,674.4199829101562,1613487,6.5138530368983645,-0.0007262719599667733
2026-03-06 16:30:00+00:00,674.4299926757812,675.1799926757812,673.4000244140625,674.9400024414062,1372450,6.514623801650009,0.0007707647516443927
2026-03-06 16:40:00+00:00,674.9500122070312,675.6799926757812,674.3800048828125,675.3499755859375,1157763,6.515231038856536,0.0006072372065268894
2026-03-06 16:50:00+00:00,675.3400268554688,676.0,674.1500244140625,674.969970703125,1427793,6.514668202035694,-0.0005628368208414614
2026-03-06 17:00:00+00:00,674.97998046875,675.8400268554688,673.6400146484375,673.97998046875,1490717,6.5132004079025565,-0.0014677941331378008
2026-03-06 17:10:00+00:00,673.97998046875,674.469970703125,673.4400024414062,674.4199829101562,1075388,6.5138530368983645,0.0006526289958079801
2026-03-06 17:20:00+00:00,674.4000244140625,675.1699829101562,673.3499755859375,673.8099975585938,1340824,6.512948168438206,-0.000904868460158248
2026-03-06 17:30:00+00:00,673.7999877929688,674.1599731445312,672.59130859375,672.8900146484375,1456629,6.511581890804094,-0.001366277634112123
2026-03-06 17:40:00+00:00,672.9299926757812,673.52001953125,672.030029296875,673.3499755859375,1570806,6.512265217638439,0.0006833268343449106
2026-03-06 17:50:00+00:00,673.3200073242188,673.969970703125,672.9500122070312,673.0800170898438,1272292,6.511864218698754,-0.0004009989396847047
2026-03-06 18:00:00+00:00,673.0900268554688,674.489990234375,672.969970703125,674.1801147460938,1248484,6.513497307773016,0.0016330890742617399
2026-03-06 18:10:00+00:00,674.2100219726562,676.1099853515625,673.9199829101562,675.875,2566572,6.516008147702169,0.002510839929152908
2026-03-06 18:20:00+00:00,675.8599853515625,676.0250244140625,674.2449951171875,674.6400146484375,1272757,6.514179236979355,-0.0018289107228142143
2026-03-06 18:30:00+00:00,674.6699829101562,675.2999877929688,673.969970703125,674.3900146484375,1785970,6.513808600303473,-0.0003706366758819968
2026-03-06 18:40:00+00:00,674.3699951171875,674.8699951171875,674.2000122070312,674.739990234375,1173189,6.514327417011309,0.0005188167078360451
2026-03-06 18:50:00+00:00,674.75,674.7899780273438,673.6900024414062,674.0399780273438,1291340,6.513289423733895,-0.0010379932774133849
2026-03-06 19:00:00+00:00,674.0700073242188,674.72998046875,673.780029296875,674.530029296875,933532,6.5140161954824,0.00072677174850444
2026-03-06 19:10:00+00:00,674.530029296875,675.4299926757812,674.4199829101562,675.0399780273438,1280238,6.5147719158258734,0.0007557203434735982
2026-03-06 19:20:00+00:00,675.030029296875,675.1849975585938,673.9500122070312,674.9199829101562,1156655,6.514594140008849,-0.0001777758170247168
2026-03-06 19:30:00+00:00,674.9099731445312,675.3900146484375,674.239990234375,674.72998046875,1262526,6.514312581904425,-0.0002815581044233184
2026-03-06 19:40:00+00:00,674.77001953125,675.6400146484375,674.1799926757812,674.5700073242188,1694664,6.514075461698796,-0.00023712020562971503
2026-03-06 19:50:00+00:00,674.5499877929688,675.1400146484375,674.219970703125,675.010009765625,1779603,6.514727520044985,0.0006520583461888663
2026-03-06 20:00:00+00:00,675.0,675.969970703125,674.9099731445312,674.9400024414062,1720600,6.514623801650009,-0.00010371839497569368
2026-03-06 20:10:00+00:00,674.9500122070312,675.0999755859375,673.4600219726562,673.8800048828125,2583631,6.5130520607638225,-0.0015717408861863902
2026-03-06 20:20:00+00:00,673.8900146484375,673.9500122070312,671.97998046875,672.22998046875,3081928,6.51060051481525,-0.002451545948572331
2026-03-06 20:30:00+00:00,672.22998046875,672.5750122070312,671.1400146484375,672.219970703125,3302902,6.510585624315807,-1.4890499443254157e-05
2026-03-06 20:40:00+00:00,672.25,673.4000244140625,671.8099975585938,672.840087890625,3506295,6.5115076905499105,0.0009220662341036245
2026-03-06 20:50:00+00:00,672.8400268554688,673.22998046875,671.760009765625,672.489990234375,9740341,6.510987226955369,-0.0005204635945412761
2026-03-09 13:30:00+00:00,666.3900146484375,667.6300048828125,664.6400146484375,664.75,7295038,6.499411030123129,-0.011576196832240093
2026-03-09 13:40:00+00:00,664.739990234375,664.9099731445312,663.3599853515625,663.6799926757812,3316606,6.497800094565339,-0.0016109355577897944
2026-03-09 13:50:00+00:00,663.6699829101562,664.9099731445312,662.7000122070312,664.0800170898438,2931227,6.498402649881395,0.0006025553160560193
2026-03-09 14:00:00+00:00,664.0499877929688,665.9500122070312,662.8699951171875,663.5150146484375,3293423,6.497551482978824,-0.0008511669025716984
2026-03-09 14:10:00+00:00,663.5,664.1799926757812,662.3900146484375,663.9299926757812,2457291,6.498176711200817,0.0006252282219936234
2026-03-09 14:20:00+00:00,663.885498046875,665.6599731445312,663.02001953125,664.0599975585938,2211708,6.498372503163383,0.0001957919625654725
2026-03-09 14:30:00+00:00,664.030029296875,666.52001953125,663.97998046875,666.0399780273438,2006769,6.501349695806921,0.002977192643538018
2026-03-09 14:40:00+00:00,666.02001953125,667.75,665.6199951171875,667.6199951171875,2013043,6.503719142083904,0.0023694462769832114
2026-03-09 14:50:00+00:00,667.6099853515625,668.3099975585938,667.0599975585938,667.5800170898438,2036795,6.503659258879904,-5.9883203999966383e-05
2026-03-09 15:00:00+00:00,667.5800170898438,668.7100219726562,667.5800170898438,668.0499877929688,1646129,6.504363002762272,0.0007037438823678244
2026-03-09 15:10:00+00:00,668.0399780273438,669.3300170898438,667.969970703125,668.8699951171875,1691880,6.505589714065164,0.0012267113028920917
2026-03-09 15:20:00+00:00,668.8699951171875,669.9199829101562,668.5800170898438,669.77001953125,2151475,6.506934399028755,0.0013446849635911917
2026-03-09 15:30:00+00:00,669.77001953125,669.8099975585938,668.47998046875,668.5999755859375,1619861,6.505185937470798,-0.0017484615579572704
2026-03-09 15:40:00+00:00,668.5999755859375,669.4600219726562,668.3699951171875,669.1199951171875,1513252,6.505963408942904,0.0007774714721060505
2026-03-09 15:50:00+00:00,669.1300048828125,669.8900146484375,668.9299926757812,669.4450073242188,1300889,6.506449021838543,0.0004856128956394201
2026-03-09 16:00:00+00:00,669.4400024414062,670.260009765625,669.169921875,669.8499755859375,1261345,6.5070537702759355,0.0006047484373921108
2026-03-09 16:10:00+00:00,669.8599853515625,670.1900024414062,669.52001953125,669.9299926757812,1015369,6.507173218382094,0.00011944810615815982
2026-03-09 16:20:00+00:00,669.9299926757812,671.5999755859375,669.25,670.8699951171875,2157586,6.508575370237658,0.0014021518555642487
2026-03-09 16:30:00+00:00,670.8699951171875,671.3699951171875,669.8900146484375,671.0900268554688,1943663,6.508903296161903,0.0003279259242452426
2026-03-09 16:40:00+00:00,671.0900268554688,672.25,671.0800170898438,671.97998046875,1372817,6.510228549110268,0.0013252529483649411
2026-03-09 16:50:00+00:00,671.969970703125,672.0499877929688,671.1900024414062,671.2698974609375,1321843,6.509171287783654,-0.0010572613266139896
2026-03-09 17:00:00+00:00,671.2750244140625,671.3599853515625,670.3150024414062,670.739990234375,1501499,6.50838156595081,-0.0007897218328443145
2026-03-09 17:10:00+00:00,670.760009765625,671.02001953125,669.6900024414062,669.75,1072127,6.506904508424718,-0.0014770575260918406
2026-03-09 17:20:00+00:00,669.75,669.8800048828125,668.7100219726562,668.844970703125,1695598,6.505552300393784,-0.0013522080309336104
2026-03-09 17:30:00+00:00,668.8400268554688,669.1199951171875,668.4299926757812,668.4600219726562,1409239,6.504976592169842,-0.0005757082239421507
2026-03-09 17:40:00+00:00,668.4600219726562,669.0800170898438,668.0900268554688,668.6099853515625,1489937,6.505200908591142,0.00022431642130005258
2026-03-09 17:50:00+00:00,668.6099853515625,669.3400268554688,668.47998046875,668.8150024414062,1016602,6.505507493398994,0.00030658480785206166
2026-03-09 18:00:00+00:00,668.8400268554688,669.7899780273438,668.77001953125,669.1199951171875,1516731,6.505963408942904,0.0004559155439096685
2026-03-09 18:10:00+00:00,669.114990234375,670.27001953125,669.0,670.2100219726562,1157828,6.507591128895756,0.001627719952852047
2026-03-09 18:20:00+00:00,670.2100219726562,670.8699951171875,669.5900268554688,670.0599975585938,1602287,6.507367256970691,-0.00022387192506467812
2026-03-09 18:30:00+00:00,670.0599975585938,671.2999877929688,670.0,670.9500122070312,1561814,6.5086946367406195,0.0013273797699282497
2026-03-09 18:40:00+00:00,670.9400024414062,671.239990234375,670.6300048828125,670.9400024414062,1066839,6.508679717834426,-1.4918906193983617e-05
2026-03-09 18:50:00+00:00,670.9349975585938,671.22998046875,669.9378051757812,670.0800170898438,1501770,6.507397133746301,-0.0012825840881243167
2026-03-09 19:00:00+00:00,670.0999755859375,670.5800170898438,669.9000244140625,670.33642578125,1080888,6.507779714392633,0.00038258064633200917
2026-03-09 19:10:00+00:00,670.3402709960938,673.530029296875,670.3200073242188,673.4099731445312,3269356,6.512354316751744,0.004574602359110891
2026-03-09 19:20:00+00:00,673.4099731445312,677.5150146484375,672.97998046875,677.3900146484375,8422514,6.518247199572985,0.00589288282124123
2026-03-09 19:30:00+00:00,677.3699951171875,679.9199829101562,675.8800048828125,679.6599731445312,5128890,6.521592633615376,0.003345434042390849
2026-03-09 19:40:00+00:00,679.6599731445312,679.6699829101562,676.969970703125,678.02001953125,3830791,6.519176814836699,-0.0024158187786769147
2026-03-09 19:50:00+00:00,678.02001953125,678.760009765625,676.77001953125,678.2999877929688,7140032,6.519589649955526,0.00041283511882639345
2026-03-10 13:30:00+00:00,677.719970703125,678.7849731445312,676.77001953125,677.2575073242188,5499979,6.518051565915533,-0.001538084039992782
2026-03-10 13:40:00+00:00,677.239990234375,677.77001953125,675.8300170898438,677.2899780273438,2218747,6.518099509163713,4.794324818035989e-05
2026-03-10 13:50:00+00:00,677.3400268554688,677.3699951171875,675.489990234375,675.8499755859375,1684363,6.515971121806343,-0.0021283873573700873
2026-03-10 14:00:00+00:00,675.8300170898438,677.030029296875,674.760009765625,674.9099731445312,1783419,6.514579308858331,-0.001391812948011939
2026-03-10 14:10:00+00:00,674.9199829101562,676.4500122070312,674.8200073242188,676.27001953125,1427849,6.516592433465577,0.0020131246072461195
2026-03-10 14:20:00+00:00,676.2542724609375,678.0499877929688,676.1649780273438,677.6199951171875,1470013,6.5185866516350375,0.0019942181694601047
2026-03-10 14:30:00+00:00,677.6400146484375,679.5700073242188,677.6300048828125,679.5700073242188,1380987,6.521460255987254,0.0028736043522163968
2026-03-10 14:40:00+00:00,679.5700073242188,680.375,679.3099975585938,680.3699951171875,2020301,6.522636760662179,0.0011765046749250274
2026-03-10 14:50:00+00:00,680.3499755859375,681.1599731445312,680.260009765625,681.1400146484375,1641181,6.5237678865559685,0.0011311258937896085
2026-03-10 15:00:00+00:00,681.1300048828125,681.6849975585938,680.4650268554688,680.5900268554688,2180138,6.522960108499949,-0.0008077780560196146
2026-03-10 15:10:00+00:00,680.5999755859375,681.530029296875,680.22998046875,681.4299926757812,1196267,6.524193520512628,0.0012334120126791248
2026-03-10 15:20:00+00:00,681.4199829101562,681.5800170898438,680.9000244140625,681.1099853515625,984663,6.523723798764623,-0.00046972174800519184
2026-03-10 15:30:00+00:00,681.0999755859375,681.1708984375,680.4400024414062,681.02001953125,1045342,6.523591702973295,-0.00013209579132755778
2026-03-10 15:40:00+00:00,681.0499877929688,681.9498901367188,680.780029296875,681.2000122070312,1252523,6.523855966708426,0.00026426373513110946
2026-03-10 15:50:00+00:00,681.2100219726562,681.719970703125,680.8499755859375,681.3699951171875,1091706,6.5241054700882515,0.00024950337982510007
2026-03-10 16:00:00+00:00,681.3599853515625,681.4000244140625,679.6799926757812,680.0499877929688,1370791,6.522166306928566,-0.0019391631596858971
2026-03-10 16:10:00+00:00,680.0449829101562,681.25,679.9400024414062,680.97998046875,1161036,6.523532908461531,0.001366601532965639
2026-03-10 16:20:00+00:00,680.989990234375,681.3300170898438,680.2999877929688,680.5999755859375,1341570,6.5229747261954225,-0.0005581822661087088
2026-03-10 16:30:00+00:00,680.6099853515625,681.6599731445312,680.6099853515625,681.5999755859375,1763261,6.5244429396963515,0.001468213500928961
2026-03-10 16:40:00+00:00,681.5800170898438,681.6500244140625,680.6199951171875,680.8800048828125,1144824,6.5233860863400315,-0.0010568533563199978
2026-03-10 16:50:00+00:00,680.8900146484375,681.8200073242188,680.7313232421875,681.4500122070312,1238576,6.5242228987868405,0.0008368124468089988
2026-03-10 17:00:00+00:00,681.4500122070312,682.3499755859375,681.27001953125,682.0501098632812,1644510,6.525103130017162,0.0008802312303215487
2026-03-10 17:10:00+00:00,682.030029296875,682.72998046875,681.5800170898438,682.6699829101562,1656357,6.526011555258039,0.0009084252408770865
2026-03-10 17:20:00+00:00,682.6699829101562,683.3599853515625,682.3200073242188,683.2650146484375,1643402,6.526882799902892,0.0008712446448528866
2026-03-10 17:30:00+00:00,683.25,683.25,680.6300048828125,681.3400268554688,2441239,6.5240614867590905,-0.002821313143801518
2026-03-10 17:40:00+00:00,681.3099975585938,682.47998046875,681.0,682.0880126953125,1487510,6.525158700390007,0.001097213630916194
2026-03-10 17:50:00+00:00,682.0399780273438,682.5900268554688,681.8250122070312,682.0469970703125,1019049,6.525098566129514,-6.01342604928945e-05
2026-03-10 18:00:00+00:00,682.0499877929688,682.1900024414062,681.3099975585938,681.4600219726562,1460548,6.524237587600298,-0.0008609785292161831
2026-03-10 18:10:00+00:00,681.4500122070312,682.02001953125,677.6749877929688,678.0900268554688,5180670,6.519280062098185,-0.004957525502113036
2026-03-10 18:20:00+00:00,678.0499877929688,680.1500244140625,677.3800048828125,679.3499755859375,3620785,6.521136422732947,0.001856360634762133
2026-03-10 18:30:00+00:00,679.3150024414062,680.3699951171875,678.3800048828125,678.9400024414062,2340139,6.5205327620071625,-0.0006036607257842164
2026-03-10 18:40:00+00:00,678.9299926757812,679.4500122070312,678.4400024414062,678.9500122070312,1216686,6.520547505124083,1.4743116920179489e-05
2026-03-10 18:50:00+00:00,678.97998046875,679.7999877929688,678.4000244140625,678.5,1132941,6.519884479274924,-0.0006630258491586716
2026-03-10 19:00:00+00:00,678.52001953125,679.0,678.0599975585938,678.739990234375,1433121,6.520238123786732,0.0003536445118079712
2026-03-10 19:10:00+00:00,678.6900024414062,679.530029296875,678.1400146484375,679.3300170898438,1242377,6.521107043488088,0.0008689197013556083
2026-03-10 19:20:00+00:00,679.3099975585938,679.4099731445312,677.4099731445312,677.4099731445312,2142633,6.518276662956916,-0.0028303805311713504
2026-03-10 19:30:00+00:00,677.4199829101562,677.6500244140625,676.6099853515625,677.5,2373832,6.518409552753856,0.00013288979693992786
2026-03-10 19:40:00+00:00,677.5,678.3200073242188,676.469970703125,676.760009765625,3098681,6.517316719320563,-0.0010928334332929168
2026-03-10 19:50:00+00:00,676.77001953125,677.1900024414062,676.22998046875,677.0499877929688,4937479,6.517745107399099,0.00042838807853584626
2026-03-11 13:30:00+00:00,677.5800170898438,678.4400024414062,677.52001953125,678.3900146484375,4414618,6.519722365395957,0.001977257996857773
2026-03-11 13:40:00+00:00,678.3800048828125,678.5,676.4199829101562,676.6900024414062,1922626,6.517213269139693,-0.002509096256264165
2026-03-11 13:50:00+00:00,676.7100219726562,678.1699829101562,676.1300048828125,677.8900146484375,1822838,6.518985054498722,0.00177178535902911
2026-03-11 14:00:00+00:00,677.9000244140625,680.0800170898438,677.4299926757812,677.9998779296875,3468532,6.51914710789567,0.00016205339694863596
2026-03-11 14:10:00+00:00,678.0,678.280029296875,676.9400024414062,677.8009033203125,1358480,6.5188535918960415,-0.0002935159996289016
2026-03-11 14:20:00+00:00,677.75,677.8699951171875,675.1950073242188,676.1500244140625,1742627,6.516414981026833,-0.0024386108692082686
2026-03-11 14:30:00+00:00,676.1400146484375,677.1500244140625,675.2000122070312,676.75,1521608,6.517301928494411,0.0008869474675776701
2026-03-11 14:40:00+00:00,676.72998046875,677.7899780273438,676.52001953125,677.7100219726562,1110902,6.518719500246765,0.0014175717523539078
2026-03-11 14:50:00+00:00,677.6900024414062,678.3800048828125,677.4400024414062,678.0700073242188,796850,6.51925053825034,0.0005310380035750129
2026-03-11 15:00:00+00:00,678.0800170898438,678.6400146484375,676.9199829101562,677.1099853515625,1428232,6.517833719616005,-0.0014168186343344047
2026-03-11 15:10:00+00:00,677.0999755859375,677.52001953125,674.8800048828125,675.4000244140625,1940968,6.5153051440990275,-0.002528575516977938
2026-03-11 15:20:00+00:00,675.4099731445312,676.530029296875,674.5900268554688,674.6699829101562,1681626,6.5142236571078325,-0.0010814869911950353
2026-03-11 15:30:00+00:00,674.6799926757812,675.2899780273438,674.0999755859375,674.8699951171875,1468285,6.5145200724964125,0.00029641538858005134
2026-03-11 15:40:00+00:00,674.8599853515625,675.1400146484375,673.6400146484375,673.989990234375,1172259,6.5132152595177155,-0.0013048129786970009
2026-03-11 15:50:00+00:00,674.0499877929688,675.0399780273438,673.9849853515625,674.2017822265625,1111276,6.513529446265115,0.0003141867473992477
2026-03-11 16:00:00+00:00,674.1900024414062,674.2899780273438,673.510009765625,673.719970703125,1132755,6.512814550844945,-0.000714895420169448
2026-03-11 16:10:00+00:00,673.7000122070312,674.510009765625,673.5800170898438,673.8599853515625,1739415,6.513022352464898,0.00020780161995226365
2026-03-11 16:20:00+00:00,673.8699951171875,674.739990234375,673.72998046875,674.7050170898438,955845,6.514275583636329,0.0012532311714315014
2026-03-11 16:30:00+00:00,674.7000122070312,675.9299926757812,674.6500244140625,675.3499755859375,1206816,6.515231038856536,0.0009554552202066802
2026-03-11 16:40:00+00:00,675.3499755859375,676.0175170898438,675.1500244140625,675.3300170898438,846165,6.515201485600096,-2.9553256439385223e-05
2026-03-11 16:50:00+00:00,675.3300170898438,676.3200073242188,675.3099975585938,676.2899780273438,671683,6.516621945644159,0.0014204600440628212
2026-03-11 17:00:00+00:00,676.239990234375,676.5599975585938,676.0650024414062,676.1599731445312,720269,6.516429694710067,-0.00019225093409236393
2026-03-11 17:10:00+00:00,676.1699829101562,676.22998046875,675.3300170898438,675.52001953125,1482754,6.5154827935728665,-0.0009469011372003067
2026-03-11 17:20:00+00:00,675.5599975585938,676.77001953125,675.530029296875,676.4600219726562,670152,6.516873350480542,0.001390556907675311
2026-03-11 17:30:00+00:00,676.469970703125,676.639892578125,673.3400268554688,674.3300170898438,2174912,6.513719630677128,-0.0031537198034135017
2026-03-11 17:40:00+00:00,674.3800048828125,675.0,673.75,674.8599853515625,1753234,6.514505240247341,0.0007856095702125643
2026-03-11 17:50:00+00:00,674.8300170898438,675.780029296875,674.47998046875,674.989990234375,1060381,6.514697861480167,0.0001926212328262622
2026-03-11 18:00:00+00:00,674.989990234375,675.22998046875,674.2899780273438,674.3699951171875,1118824,6.513778914471884,-0.0009189470082828777
2026-03-11 18:10:00+00:00,674.3499755859375,675.030029296875,673.7000122070312,674.8200073242188,1389581,6.514445999497574,0.0006670850256895733
2026-03-11 18:20:00+00:00,674.8300170898438,675.510009765625,674.3300170898438,675.27001953125,1084301,6.515112639817472,0.0006666403198982707
2026-03-11 18:30:00+00:00,675.27001953125,675.5700073242188,674.989990234375,675.02001953125,2134254,6.5147423489975385,-0.00037029081993367186
2026-03-11 18:40:00+00:00,675.02001953125,675.2899780273438,674.760009765625,674.8078002929688,979136,6.514427910019599,-0.00031443897793970166
2026-03-11 18:50:00+00:00,674.8150024414062,675.7899780273438,674.8150024414062,675.25,971720,6.515082992672725,0.0006550826531261933
2026-03-11 19:00:00+00:00,675.260009765625,675.469970703125,674.469970703125,674.8150024414062,1484011,6.514438582851183,-0.0006444098215423466
2026-03-11 19:10:00+00:00,674.8300170898438,675.030029296875,674.3200073242188,674.9199829101562,1190747,6.514594140008849,0.00015555715766613076
2026-03-11 19:20:00+00:00,674.9249877929688,675.260009765625,674.5,674.9749755859375,1282256,6.514675616979283,8.147697043447977e-05
2026-03-11 19:30:00+00:00,674.989990234375,676.0,674.75,675.844970703125,1652224,6.515963716462665,0.0012880994833821546
2026-03-11 19:40:00+00:00,675.8599853515625,676.25,675.5,675.6300048828125,1480693,6.515645596148182,-0.00031812031448374967
2026-03-11 19:50:00+00:00,675.6300048828125,676.5999755859375,675.4099731445312,676.3300170898438,4538730,6.516681147877834,0.0010355517296520844
2026-03-12 13:30:00+00:00,671.1599731445312,671.6500244140625,669.8800048828125,671.4000244140625,6352727,6.509365120908851,-0.007316026968982925
2026-03-12 13:40:00+00:00,671.3599853515625,671.5499877929688,668.7449951171875,670.1799926757812,3671442,6.507546322090943,-0.0018187988179079184
2026-03-12 13:50:00+00:00,670.1799926757812,670.9099731445312,668.1829833984375,668.8699951171875,3098952,6.505589714065164,-0.0019566080257789054
2026-03-12 14:00:00+00:00,668.8699951171875,670.9199829101562,668.8099975585938,670.3200073242188,3152081,6.507755221231482,0.00216550716631847
2026-03-12 14:10:00+00:00,670.3400268554688,671.2000122070312,669.5399780273438,669.5999755859375,2111446,6.506680482714598,-0.0010747385168841106
2026-03-12 14:20:00+00:00,669.5999755859375,669.9400024414062,668.0499877929688,668.0599975585938,2073849,6.504377986207849,-0.0023024965067497405
2026-03-12 14:30:00+00:00,668.0599975585938,668.7000122070312,667.2999877929688,667.9600219726562,2754424,6.504228324399399,-0.00014966180844933064
2026-03-12 14:40:00+00:00,667.9600219726562,670.5499877929688,667.60009765625,668.4000244140625,3017520,6.5048868332473635,0.0006585088479642565
2026-03-12 14:50:00+00:00,668.3800048828125,668.9299926757812,668.0800170898438,668.5,2078188,6.505036396541998,0.00014956329463444717
2026-03-12 15:00:00+00:00,668.510009765625,668.7999877929688,667.6699829101562,667.9199829101562,1712930,6.504168380299082,-0.0008680162429159921
2026-03-12 15:10:00+00:00,667.9000244140625,667.905029296875,666.9199829101562,667.3250122070312,2066362,6.503277201909082,-0.0008911783899998582
2026-03-12 15:20:00+00:00,667.3300170898438,668.75,667.0599975585938,668.1699829101562,1993026,6.504542606600174,0.0012654046910922645
2026-03-12 15:30:00+00:00,668.1699829101562,670.030029296875,667.239990234375,669.9500122070312,2488102,6.507203100955426,0.002660494355251508
2026-03-12 15:40:00+00:00,669.9400024414062,670.3099975585938,668.469970703125,669.1599731445312,3927918,6.506023154329974,-0.0011799466254522883
2026-03-12 15:50:00+00:00,669.1799926757812,669.6799926757812,668.6900024414062,669.2999267578125,1600778,6.506232280675562,0.0002091263455881176
2026-03-12 16:00:00+00:00,669.3099975585938,670.3099975585938,667.6699829101562,667.8400268554688,2024896,6.504048664101265,-0.002183616574296998
2026-03-12 16:10:00+00:00,667.8499755859375,670.030029296875,667.72998046875,669.6599731445312,1780380,6.5067700807925375,0.0027214166912727933
2026-03-12 16:20:00+00:00,669.6500244140625,671.3099975585938,668.6599731445312,668.8400268554688,3031665,6.505544908746774,-0.0012251720457632231
2026-03-12 16:30:00+00:00,668.77001953125,670.2899780273438,668.3400268554688,670.0601196289062,1881000,6.507367439148857,0.0018225304020829114
2026-03-12 16:40:00+00:00,670.0900268554688,670.1400146484375,668.0399780273438,668.8358764648438,1460045,6.505538703371294,-0.0018287357775630397
2026-03-12 16:50:00+00:00,668.8099975585938,669.260009765625,668.0800170898438,668.8400268554688,1203386,6.505544908746774,6.205375480128339e-06
2026-03-12 17:00:00+00:00,668.8300170898438,670.3098754882812,668.6849975585938,668.9500122070312,1335285,6.5057093371676755,0.00016442842090125254
2026-03-12 17:10:00+00:00,668.9000244140625,669.489990234375,668.1099853515625,668.1300048828125,1215467,6.504482772689045,-0.0012265644786308982
2026-03-12 17:20:00+00:00,668.1199951171875,669.3800048828125,667.989990234375,668.5599975585938,1527154,6.505126142041442,0.0006433693523977269
2026-03-12 17:30:00+00:00,668.5599975585938,669.530029296875,668.530029296875,669.47998046875,1461714,6.506501262471675,0.0013751204302323572
2026-03-12 17:40:00+00:00,669.5,669.75,667.9500122070312,668.22998046875,1776576,6.504632396423997,-0.0018688660476779972
2026-03-12 17:50:00+00:00,668.2100219726562,668.8099975585938,667.2700805664062,668.1600952148438,2004941,6.5045278083172136,-0.00010458810678315444
2026-03-12 18:00:00+00:00,668.1699829101562,669.1599731445312,668.1699829101562,668.6699829101562,1766072,6.505290639328247,0.0007628310110332492
2026-03-12 18:10:00+00:00,668.6900024414062,669.219970703125,668.1900024414062,668.25,1068128,6.504662355019028,-0.0006282843092186852
2026-03-12 18:20:00+00:00,668.280029296875,668.3787231445312,667.6901245117188,668.1900024414062,1738765,6.504572567885264,-8.978713376439629e-05
2026-03-12 18:30:00+00:00,668.1799926757812,668.47998046875,667.47998046875,667.875,2666149,6.504101030277935,-0.00047153760732854266
2026-03-12 18:40:00+00:00,667.8800048828125,667.9550170898438,667.4000244140625,667.4600219726562,1404600,6.503479496305001,-0.0006215339729340741
2026-03-12 18:50:00+00:00,667.4550170898438,668.1799926757812,667.2000122070312,667.3289794921875,1650529,6.503283146948292,-0.0001963493567087582
2026-03-12 19:00:00+00:00,667.3200073242188,668.0399780273438,666.8699951171875,667.6099853515625,2716642,6.503704148763245,0.0004210018149528594
2026-03-12 19:10:00+00:00,667.6099853515625,667.9400024414062,666.989990234375,667.7319946289062,2431303,6.503886887386778,0.00018273862353268555
2026-03-12 19:20:00+00:00,667.72998046875,668.3900146484375,667.5599975585938,667.97998046875,2156815,6.504258203729397,0.0003713163426191102
2026-03-12 19:30:00+00:00,667.989990234375,668.6500244140625,667.659912109375,667.9299926757812,2241829,6.504183366661036,-7.483706836097781e-05
2026-03-12 19:40:00+00:00,667.9199829101562,667.9400024414062,666.489990234375,666.719970703125,3578628,6.502370123732345,-0.0018132429286907836
2026-03-12 19:50:00+00:00,666.719970703125,667.0700073242188,665.905029296875,666.0399780273438,6951520,6.501349695806921,-0.0010204279254244497
2026-03-13 13:30:00+00:00,669.27001953125,670.6900024414062,668.9600219726562,670.3800048828125,6121208,6.50784472307095,0.006495027264029396
2026-03-13 13:40:00+00:00,670.4000244140625,672.3350219726562,670.1160278320312,671.1199951171875,3431363,6.508947951262422,0.0011032281914715725
2026-03-13 13:50:00+00:00,671.1300048828125,671.8599853515625,670.3699951171875,670.530029296875,2458754,6.5080684881422295,-0.0008794631201922698
2026-03-13 14:00:00+00:00,670.5399780273438,671.25,669.1199951171875,669.3300170898438,2055518,6.50627723758419,-0.0017912505580390814
2026-03-13 14:10:00+00:00,669.2999877929688,669.5,667.72998046875,668.1799926757812,2341728,6.504557587354928,-0.0017196502292620153
2026-03-13 14:20:00+00:00,668.1799926757812,669.27001953125,668.1099853515625,668.840087890625,1809388,6.505545000002009,0.0009874126470803546
2026-03-13 14:30:00+00:00,668.8699951171875,670.22998046875,668.4299926757812,668.8800048828125,1557236,6.505604679141785,5.967913977666939e-05
2026-03-13 14:40:00+00:00,668.8800048828125,668.8800048828125,666.2899780273438,667.0499877929688,2455706,6.502864987324791,-0.002739691816994849
2026-03-13 14:50:00+00:00,667.0499877929688,667.5999755859375,664.989990234375,665.3300170898438,2990546,6.5002831838569755,-0.0025818034678151136
2026-03-13 15:00:00+00:00,665.3400268554688,666.1799926757812,664.530029296875,666.1699829101562,2637187,6.501544867569686,0.0012616837127108482
2026-03-13 15:10:00+00:00,666.1699829101562,666.9400024414062,665.739990234375,665.8350219726562,2008106,6.50104192509825,-0.0005029424714360076
2026-03-13 15:20:00+00:00,665.8300170898438,666.3699951171875,664.4299926757812,664.5900268554688,2168420,6.49917034957177,-0.001871575526480207
2026-03-13 15:30:00+00:00,664.5700073242188,665.3300170898438,663.969970703125,664.6300048828125,2036808,6.499230502182176,6.015261040559494e-05
2026-03-13 15:40:00+00:00,664.5999755859375,665.1599731445312,663.27001953125,664.3198852539062,2676990,6.498763788370259,-0.0004667138119165415
2026-03-13 15:50:00+00:00,664.3400268554688,664.4500122070312,663.0999755859375,663.3800048828125,1710493,6.49734798569516,-0.0014158026750994424
2026-03-13 16:00:00+00:00,663.3599853515625,664.6900024414062,663.3400268554688,664.4500122070312,1518170,6.498959649149149,0.0016116634539891095
2026-03-13 16:10:00+00:00,664.469970703125,664.9650268554688,663.418701171875,663.7899780273438,1444129,6.4979658012920325,-0.0009938478571163145
2026-03-13 16:20:00+00:00,663.780029296875,664.5999755859375,663.5599975585938,664.3300170898438,1526539,6.498779039695563,0.0008132384035306472
2026-03-13 16:30:00+00:00,664.3200073242188,665.22998046875,664.0,664.4000244140625,1760146,6.498884414485169,0.00010537478960603863
2026-03-13 16:40:00+00:00,664.3599853515625,664.7999877929688,663.239990234375,664.030029296875,1475846,6.498327373298513,-0.0005570411866564484
2026-03-13 16:50:00+00:00,664.030029296875,664.969970703125,663.135009765625,663.3350219726562,1749134,6.49728017473461,-0.0010471985639028958
2026-03-13 17:00:00+00:00,663.3200073242188,664.1099853515625,663.1300048828125,663.9199829101562,1323216,6.4981616345493745,0.000881459814764618
2026-03-13 17:10:00+00:00,663.9299926757812,665.0800170898438,663.3300170898438,664.77001953125,1396795,6.499441145549685,0.0012795110003107624
2026-03-13 17:20:00+00:00,664.780029296875,664.8099975585938,663.7899780273438,664.3699951171875,1052399,6.498839215848176,-0.0006019297015091851
2026-03-13 17:30:00+00:00,664.3499755859375,664.52001953125,663.719970703125,664.1300048828125,1425601,6.498477920798141,-0.00036129505003490436
2026-03-13 17:40:00+00:00,664.1400146484375,664.25,662.4000244140625,662.469970703125,1831845,6.495975229592501,-0.002502691205640062
2026-03-13 17:50:00+00:00,662.4600219726562,663.0399780273438,662.0800170898438,662.6300048828125,2199466,6.4962167723944235,0.00024154280192245636
2026-03-13 18:00:00+00:00,662.6400146484375,663.3099975585938,662.5700073242188,663.1300048828125,1415115,6.496971056759653,0.0007542843652297293
2026-03-13 18:10:00+00:00,663.1300048828125,663.72998046875,662.8201293945312,662.9400024414062,1546998,6.496684492035834,-0.00028656472381882736
2026-03-13 18:20:00+00:00,662.9450073242188,663.4099731445312,662.4500122070312,663.3400268554688,1020915,6.497287719736405,0.0006032277005703079
2026-03-13 18:30:00+00:00,663.3300170898438,664.4600219726562,663.0999755859375,664.1500244140625,1205313,6.498508064338374,0.001220344601969181
2026-03-13 18:40:00+00:00,664.1599731445312,664.6699829101562,663.9818115234375,664.5599975585938,1143477,6.499125163857098,0.000617099518724018
2026-03-13 18:50:00+00:00,664.5599975585938,664.8099975585938,663.9400024414062,664.1799926757812,1140511,6.498553186049603,-0.0005719778074952941
2026-03-13 19:00:00+00:00,664.1799926757812,664.2000122070312,663.2550048828125,663.6799926757812,1667570,6.497800094565339,-0.0007530914842632797
2026-03-13 19:10:00+00:00,663.6699829101562,663.989990234375,663.4000244140625,663.5900268554688,2435735,6.497664529353851,-0.00013556521148849754
2026-03-13 19:20:00+00:00,663.5800170898438,663.5800170898438,662.1599731445312,662.3699951171875,1910549,6.4958243048186315,-0.0018402245352193702
2026-03-13 19:30:00+00:00,662.3699951171875,663.0,661.77001953125,661.8049926757812,2143599,6.494970939544551,-0.0008533652740805309
2026-03-13 19:40:00+00:00,661.7999877929688,661.9879760742188,661.3599853515625,661.8900146484375,2889258,6.495099401119616,0.00012846157506540834
2026-03-13 19:50:00+00:00,661.8900146484375,662.489990234375,661.5349731445312,662.2999877929688,6343028,6.495718607059662,0.0006192059400458305
2026-03-16 13:30:00+00:00,668.3800048828125,669.0800170898438,667.7000122070312,669.010009765625,6230327,6.505799022296751,0.01008041523708858
2026-03-16 13:40:00+00:00,669.02001953125,670.6099853515625,668.7000122070312,669.989990234375,3084978,6.507262772324715,0.0014637500279643945
2026-03-16 13:50:00+00:00,669.97998046875,670.9000244140625,669.489990234375,670.7999877929688,2604882,6.5084710117513325,0.0012082394266172969
2026-03-16 14:00:00+00:00,670.7999877929688,671.0599975585938,669.989990234375,670.7999877929688,1707651,6.5084710117513325,0.0
2026-03-16 14:10:00+00:00,670.7999877929688,671.4000244140625,670.4000244140625,670.5700073242188,2317426,6.508128107896557,-0.0003429038547757557
2026-03-16 14:20:00+00:00,670.5800170898438,671.3499755859375,670.25,670.27001953125,1789121,6.5076806454223375,-0.000447462474219229
2026-03-16 14:30:00+00:00,670.27001953125,670.3499755859375,668.3300170898438,668.4000244140625,2668290,6.5048868332473635,-0.0027938121749739864
2026-03-16 14:40:00+00:00,668.4000244140625,668.760009765625,667.7999877929688,668.0239868164062,2183096,6.504324081299748,-0.0005627519476156806
2026-03-16 14:50:00+00:00,668.02001953125,669.8300170898438,667.5750122070312,669.8300170898438,1780042,6.507023974360187,0.0026998930604396065
2026-03-16 15:00:00+00:00,669.8400268554688,669.8699951171875,668.6199951171875,669.2899780273438,1177589,6.5062174161820625,-0.0008065581781249165
2026-03-16 15:10:00+00:00,669.2899780273438,669.6699829101562,668.6599731445312,669.6607055664062,1027490,6.506771174513984,0.0005537583319217276
2026-03-16 15:20:00+00:00,669.6900024414062,670.3200073242188,669.4600219726562,670.0599975585938,1630224,6.507367256970691,0.0005960824567070588
2026-03-16 15:30:00+00:00,670.0399780273438,670.6400146484375,670.030029296875,670.1799926757812,1149099,6.507546322090943,0.00017906512025156474
2026-03-16 15:40:00+00:00,670.1599731445312,670.2899780273438,669.739990234375,670.114990234375,814000,6.507449324874231,-9.699721671196926e-05
2026-03-16 15:50:00+00:00,670.1300048828125,670.1300048828125,668.4400024414062,668.469970703125,1918142,6.504991475118873,-0.0024578497553582324
2026-03-16 16:00:00+00:00,668.469970703125,669.1500244140625,668.1799926757812,668.7399291992188,1205520,6.5053952389554714,0.00040376383659879167
2026-03-16 16:10:00+00:00,668.739990234375,669.1900024414062,668.39501953125,668.6300048828125,1259871,6.505230850159443,-0.0001643887960280921
2026-03-16 16:20:00+00:00,668.6199951171875,668.7000122070312,667.1500244140625,667.4500122070312,5175325,6.503464499390798,-0.0017663507686451752
2026-03-16 16:30:00+00:00,667.4199829101562,668.2100219726562,667.1199951171875,668.2000122070312,1234018,6.504587548191186,0.0011230488003874939
2026-03-16 16:40:00+00:00,668.1900024414062,668.8900146484375,667.9000244140625,668.530029296875,810861,6.50508131594728,0.000493767756093888
2026-03-16 16:50:00+00:00,668.52001953125,669.073974609375,668.27001953125,668.4249877929688,851773,6.504924180512235,-0.0001571354350442533
2026-03-16 17:00:00+00:00,668.4299926757812,669.530029296875,668.406005859375,668.9299926757812,1246643,6.505679409922813,0.0007552294105774848
2026-03-16 17:10:00+00:00,668.9299926757812,669.6400146484375,668.8800048828125,669.2750244140625,798524,6.506195073429556,0.0005156635067429249
2026-03-16 17:20:00+00:00,669.280029296875,669.75,669.1400146484375,669.2000122070312,1091728,6.506082987353899,-0.00011208607565649231
2026-03-16 17:30:00+00:00,669.2000122070312,669.5599975585938,668.8499755859375,668.9000244140625,648317,6.505634608623184,-0.0004483787307147935
2026-03-16 17:40:00+00:00,668.9000854492188,669.2000122070312,668.2000122070312,668.3599853515625,1120711,6.5048269286089555,-0.0008076800142289287
2026-03-16 17:50:00+00:00,668.3499755859375,668.989990234375,667.97998046875,668.7550048828125,1017735,6.505417782119127,0.0005908535101717405
2026-03-16 18:00:00+00:00,668.760009765625,669.77001953125,668.6599731445312,669.52001953125,3537617,6.506561066896637,0.001143284777509912
2026-03-16 18:10:00+00:00,669.52001953125,670.0599975585938,669.25,669.8200073242188,1182398,6.507009030508521,0.0004479636118839281
2026-03-16 18:20:00+00:00,669.8099975585938,670.0800170898438,669.5499877929688,669.7999877929688,953019,6.506979142135214,-2.988837330697436e-05
2026-03-16 18:30:00+00:00,669.7999877929688,670.159912109375,669.590087890625,670.0700073242188,1062438,6.507382195470075,0.00040305333486045924
2026-03-16 18:40:00+00:00,670.0599975585938,670.3099975585938,669.8875122070312,670.0750122070312,1405745,6.507389664636082,7.46916600746772e-06
2026-03-16 18:50:00+00:00,670.0800170898438,670.0800170898438,669.489990234375,669.60498046875,1339823,6.506687957123634,-0.0007017075124480243
2026-03-16 19:00:00+00:00,669.60498046875,671.3699951171875,669.239990234375,671.3400268554688,1714269,6.509275755050467,0.0025877979268331686
2026-03-16 19:10:00+00:00,671.3400268554688,672.0700073242188,669.3900146484375,669.4099731445312,3084808,6.506396687298647,-0.00287906775182023
2026-03-16 19:20:00+00:00,669.4099731445312,669.739990234375,668.6900024414062,669.27001953125,2995983,6.506187595335583,-0.00020909196306373445
2026-03-16 19:30:00+00:00,669.27001953125,669.4299926757812,668.7999877929688,668.9699096679688,2201328,6.5057390810419,-0.00044851429368364393
2026-03-16 19:40:00+00:00,668.9600219726562,669.1199951171875,668.4199829101562,668.760009765625,2583602,6.505425265972031,-0.000313815069868717
2026-03-16 19:50:00+00:00,668.760009765625,669.22998046875,668.469970703125,668.9600219726562,5712439,6.505724300454249,0.0002990344822180191
2026-03-17 13:30:00+00:00,672.3900146484375,673.9299926757812,671.9099731445312,673.905029296875,5169064,6.513089194896389,0.0073648944421398355
2026-03-17 13:40:00+00:00,673.9000244140625,674.4299926757812,673.3699951171875,674.2498168945312,2292881,6.513600690450698,0.0005114955543090716
2026-03-17 13:50:00+00:00,674.2449951171875,674.260009765625,673.6599731445312,673.8900146484375,1814356,6.513066914582323,-0.0005337758683747751
2026-03-17 14:00:00+00:00,673.8800048828125,673.9099731445312,672.97998046875,673.27001953125,2292726,6.512146466906872,-0.0009204476754511859
2026-03-17 14:10:00+00:00,673.280029296875,673.3499755859375,671.5599975585938,672.5999755859375,2414839,6.511150763008128,-0.0009957038987442601
2026-03-17 14:20:00+00:00,672.5900268554688,672.9199829101562,672.0499877929688,672.5599975585938,1306497,6.5110913231970216,-5.9439811106010154e-05
2026-03-17 14:30:00+00:00,672.5700073242188,673.27001953125,672.1400146484375,672.510009765625,1306657,6.511016995775074,-7.43274219479062e-05
2026-03-17 14:40:00+00:00,672.510009765625,673.469970703125,672.25,673.2999877929688,1065043,6.512190977421083,0.0011739816460094588
2026-03-17 14:50:00+00:00,673.3049926757812,673.3699951171875,672.9000244140625,673.030029296875,985216,6.511789948704075,-0.0004010287170084226
2026-03-17 15:00:00+00:00,673.02001953125,673.27001953125,671.8099975585938,671.8300170898438,1562936,6.510005357766549,-0.0017845909375253655
2026-03-17 15:10:00+00:00,671.8200073242188,672.6900024414062,671.6599731445312,672.4400024414062,1558954,6.510912891795526,0.0009075340289763645
2026-03-17 15:20:00+00:00,672.4102783203125,672.6300048828125,671.5999755859375,671.635009765625,1376483,6.509715052739339,-0.0011978390561866448
2026-03-17 15:30:00+00:00,671.6300048828125,672.1900024414062,670.2999877929688,670.8099975585938,2529512,6.508485933771494,-0.0012291189678448333
2026-03-17 15:40:00+00:00,670.8200073242188,671.6500244140625,670.5900268554688,670.9400024414062,1528686,6.508679717834426,0.00019378406293135697
2026-03-17 15:50:00+00:00,670.969970703125,671.6300048828125,670.8300170898438,671.010009765625,1259659,6.508784054543909,0.00010433670948373219
2026-03-17 16:00:00+00:00,671.02001953125,671.0999755859375,669.7000122070312,670.7100219726562,1765180,6.50833688555057,-0.00044716899333963056
2026-03-17 16:10:00+00:00,670.6799926757812,671.5665283203125,670.5599975585938,671.5665283203125,1981052,6.509613085248342,0.0012761996977719292
2026-03-17 16:20:00+00:00,671.5499877929688,671.5900268554688,670.9600219726562,671.2100219726562,800916,6.509082086466816,-0.0005309987815254047
2026-03-17 16:30:00+00:00,671.2000122070312,671.5150146484375,670.719970703125,670.8900146484375,886061,6.508605210941071,-0.00047687552574515735
2026-03-17 16:40:00+00:00,670.8900146484375,671.6400146484375,670.7899780273438,671.3099975585938,855169,6.509231023666512,0.0006258127254410439
2026-03-17 16:50:00+00:00,671.3099975585938,671.489990234375,670.9099731445312,670.9500122070312,840418,6.5086946367406195,-0.0005363869258925291
2026-03-17 17:00:00+00:00,670.9400024414062,671.9400024414062,670.9299926757812,671.8099975585938,941964,6.509975558815888,0.0012809220752680872
2026-03-17 17:10:00+00:00,671.8200073242188,671.8800048828125,671.22998046875,671.4099731445312,827253,6.509379938687221,-0.0005956201286663187
2026-03-17 17:20:00+00:00,671.4199829101562,671.7050170898438,671.1199951171875,671.530029296875,784217,6.5095587346906845,0.00017879600346315527
2026-03-17 17:30:00+00:00,671.530029296875,671.9749755859375,671.3300170898438,671.9099731445312,664534,6.51012436301364,0.0005656283229553694
2026-03-17 17:40:00+00:00,671.9000244140625,671.9400024414062,671.030029296875,671.330078125,963095,6.509260935728235,-0.0008634272854051162
2026-03-17 17:50:00+00:00,671.3300170898438,671.951171875,671.1749877929688,671.7000122070312,1037413,6.509811830446157,0.0005508947179224677
2026-03-17 18:00:00+00:00,671.7000122070312,672.22998046875,671.4099731445312,672.2100219726562,3336698,6.510570824392384,0.0007589939462269157
2026-03-17 18:10:00+00:00,672.2050170898438,672.2999877929688,671.719970703125,671.7899780273438,818353,6.5099457589772225,-0.0006250654151616075
2026-03-17 18:20:00+00:00,671.7999877929688,671.8200073242188,670.8599853515625,670.9000244140625,1425634,6.5086201309588585,-0.0013256280183640001
2026-03-17 18:30:00+00:00,670.9000244140625,671.2000122070312,670.739990234375,671.0399780273438,1464748,6.508828714969372,0.00020858401051349063
2026-03-17 18:40:00+00:00,671.0399780273438,671.2000122070312,670.7899780273438,671.1199951171875,933580,6.508947951262422,0.00011923629304977368
2026-03-17 18:50:00+00:00,671.1099853515625,671.4400024414062,670.8499755859375,671.0899047851562,1040941,6.5089031142633225,-4.483699909929584e-05
2026-03-17 19:00:00+00:00,671.0900268554688,671.3400268554688,670.5900268554688,670.989990234375,1368809,6.508754219176917,-0.00014889508640525406
2026-03-17 19:10:00+00:00,670.989990234375,671.60498046875,670.9692993164062,671.4199829101562,1958251,6.50939484715062,0.0006406279737030118
2026-03-17 19:20:00+00:00,671.4099731445312,671.4500122070312,670.969970703125,671.0399780273438,1565265,6.508828714969372,-0.0005661321812482356
2026-03-17 19:30:00+00:00,671.0399780273438,671.280029296875,670.9400024414062,670.989990234375,1308126,6.508754219176917,-7.449579245477622e-05
2026-03-17 19:40:00+00:00,670.989990234375,671.2100219726562,670.75,671.1749877929688,2174576,6.509029889549478,0.0002756703725603771
2026-03-17 19:50:00+00:00,671.1799926757812,671.280029296875,670.469970703125,670.72998046875,6661440,6.508366642373177,-0.0006632471763001746
2026-03-18 13:30:00+00:00,668.3599853515625,669.2999877929688,667.8800048828125,669.0900268554688,7170117,6.5059186203652795,-0.002448022007897954
2026-03-18 13:40:00+00:00,669.0800170898438,669.719970703125,668.2650146484375,669.0850219726562,2410516,6.505911140203671,-7.480161608341973e-06
2026-03-18 13:50:00+00:00,669.0850219726562,669.3200073242188,668.3499755859375,669.280029296875,1739213,6.506202551467607,0.0002914112639356148
2026-03-18 14:00:00+00:00,669.280029296875,669.4099731445312,667.9299926757812,668.8800048828125,1477186,6.505604679141785,-0.0005978723258213137
2026-03-18 14:10:00+00:00,668.8499755859375,668.9000244140625,667.1300048828125,667.5399780273438,1812876,6.5035992806567355,-0.0020053984850498807
2026-03-18 14:20:00+00:00,667.5399780273438,667.7000122070312,665.719970703125,665.9600219726562,1807077,6.501229641670609,-0.002369638986126965
2026-03-18 14:30:00+00:00,665.969970703125,666.9400024414062,665.9000244140625,666.1099243164062,1645882,6.50145470844702,0.00022506677641143114
2026-03-18 14:40:00+00:00,666.0999755859375,666.4600219726562,665.6599731445312,665.9199829101562,1162899,6.5011695175417605,-0.0002851909052594692
2026-03-18 14:50:00+00:00,665.927001953125,667.155029296875,665.8800048828125,667.1400146484375,1309244,6.502999940900279,0.0018304233585189067
2026-03-18 15:00:00+00:00,667.1300048828125,668.0,666.739990234375,667.9400024414062,1506033,6.504198352798403,0.0011984118981231973
2026-03-18 15:10:00+00:00,667.9600219726562,667.9739990234375,666.7899780273438,666.8579711914062,1111747,6.502577086496858,-0.0016212663015444662
2026-03-18 15:20:00+00:00,666.8699951171875,667.280029296875,666.4000244140625,666.9342041015625,938563,6.502691396524539,0.00011431002768080845
2026-03-18 15:30:00+00:00,666.9099731445312,667.6199951171875,666.7999877929688,667.3499755859375,917629,6.503314609336564,0.0006232128120249314
2026-03-18 15:40:00+00:00,667.3400268554688,667.4099731445312,666.7000122070312,666.8699951171875,834081,6.502595117048942,-0.0007194922876214704
2026-03-18 15:50:00+00:00,666.8699951171875,667.4650268554688,666.6699829101562,667.0399780273438,885773,6.5028499811919485,0.00025486414300601723
2026-03-18 16:00:00+00:00,667.030029296875,667.0800170898438,666.510009765625,666.7100219726562,724381,6.502355201718406,-0.0004947794735423727
2026-03-18 16:10:00+00:00,666.7000122070312,667.4100952148438,666.4918212890625,667.3499755859375,721111,6.503314609336564,0.0009594076181578259
2026-03-18 16:20:00+00:00,667.3599853515625,667.5800170898438,667.0,667.0700073242188,629995,6.50289499891494,-0.00041961042162430573
2026-03-18 16:30:00+00:00,667.0700073242188,667.2960205078125,665.8300170898438,666.6849975585938,1120862,6.502317666833846,-0.0005773320810940064
2026-03-18 16:40:00+00:00,666.6849975585938,666.8300170898438,666.239990234375,666.5999755859375,536366,6.502190129248882,-0.0001275375849631999
2026-03-18 16:50:00+00:00,666.5850219726562,667.2000122070312,666.39501953125,666.5499877929688,712418,6.502115137245934,-7.499200294880382e-05
2026-03-18 17:00:00+00:00,666.5399780273438,666.6300048828125,665.760009765625,665.9299926757812,1197330,6.501184548912874,-0.0009305883330599229
2026-03-18 17:10:00+00:00,665.9299926757812,666.1099853515625,665.4299926757812,665.9500122070312,1053183,6.501214610977291,3.0062064417357703e-05
2026-03-18 17:20:00+00:00,665.9500122070312,666.1300048828125,665.6900024414062,665.8400268554688,862088,6.501049441771055,-0.00016516920623566023
2026-03-18 17:30:00+00:00,665.8400268554688,666.530029296875,665.2899780273438,666.375,1164812,6.501852575142925,0.0008031333718694356
2026-03-18 17:40:00+00:00,666.375,666.6500244140625,665.8200073242188,666.1599731445312,1176974,6.5015298416137215,-0.0003227335292033118
2026-03-18 17:50:00+00:00,666.1599731445312,666.8699951171875,665.9212036132812,666.719970703125,749783,6.502370123732345,0.0008402821186237475
2026-03-18 18:00:00+00:00,666.7100219726562,667.4400024414062,666.4400024414062,666.489990234375,1634671,6.502025121102948,-0.0003450026293974062
2026-03-18 18:10:00+00:00,666.5,666.760009765625,665.3900146484375,665.6500244140625,1418442,6.500764043554952,-0.0012610775479959813
2026-03-18 18:20:00+00:00,665.6300048828125,666.1699829101562,665.3800048828125,666.1199951171875,1057957,6.50146982715984,0.000705783604888488
2026-03-18 18:30:00+00:00,666.1099853515625,666.2999877929688,664.510009765625,664.760009765625,2297651,6.499426087949774,-0.0020437392100660645
2026-03-18 18:40:00+00:00,664.739990234375,665.5399780273438,664.4099731445312,664.6699829101562,2014561,6.499290651174461,-0.00013543677531302478
2026-03-18 18:50:00+00:00,664.6599731445312,664.7000122070312,663.3200073242188,663.4099731445312,2489537,6.497393159780312,-0.0018974913941489646
2026-03-18 19:00:00+00:00,663.4000244140625,664.719970703125,663.260009765625,664.4600219726562,3018938,6.498974713774094,0.0015815539937813483
2026-03-18 19:10:00+00:00,664.4299926757812,664.4299926757812,663.3300170898438,663.3350219726562,2229504,6.49728017473461,-0.0016945390394838
2026-03-18 19:20:00+00:00,663.3300170898438,663.47998046875,662.6799926757812,662.9099731445312,2673259,6.496639193853637,-0.0006409808809726414
2026-03-18 19:30:00+00:00,662.9000244140625,663.2191772460938,662.4000244140625,662.510009765625,3079790,6.496035666826425,-0.000603527027212003
2026-03-18 19:40:00+00:00,662.510009765625,662.6500244140625,661.6199951171875,661.885009765625,3450904,6.495091839588812,-0.000943827237612993
2026-03-18 19:50:00+00:00,661.8900146484375,662.3699951171875,661.1900024414062,661.5700073242188,7707907,6.4946158091332435,-0.00047603045556865453
2026-03-19 13:30:00+00:00,656.969970703125,657.0,655.1699829101562,656.239990234375,10269962,6.486526560813315,-0.008089248319928188
2026-03-19 13:40:00+00:00,656.239990234375,657.9600219726562,656.010009765625,657.9324951171875,4142425,6.489102335055186,0.002575774241870832
2026-03-19 13:50:00+00:00,657.9299926757812,658.9600219726562,657.6900024414062,658.6799926757812,2773976,6.490237821230258,0.0011354861750714207
2026-03-19 14:00:00+00:00,658.6599731445312,659.1699829101562,658.0599975585938,658.260009765625,1787118,6.489600004892968,-0.0006378163372895429
2026-03-19 14:10:00+00:00,658.27001953125,659.469970703125,657.239990234375,657.635009765625,2426893,6.488650081019526,-0.0009499238734420601
2026-03-19 14:20:00+00:00,657.6500244140625,658.1699829101562,656.0399780273438,656.3300170898438,2209991,6.486663737276449,-0.001986343743077157
2026-03-19 14:30:00+00:00,656.3400268554688,659.0640258789062,656.260009765625,657.3499755859375,2402142,6.488216564002485,0.0015528267260362938
2026-03-19 14:40:00+00:00,657.3499755859375,658.339111328125,657.0800170898438,658.02001953125,1231465,6.489235355682021,0.0010187916795354468
2026-03-19 14:50:00+00:00,658.010009765625,658.4299926757812,657.3300170898438,657.7985229492188,1750308,6.488898688311905,-0.0003366673701155065
2026-03-19 15:00:00+00:00,657.7899780273438,659.7100219726562,657.510009765625,658.7999877929688,2990830,6.490419979774294,0.001521291462388774
2026-03-19 15:10:00+00:00,658.77001953125,659.64990234375,658.0449829101562,658.1099853515625,1779295,6.489372068347364,-0.0010479114269301704
2026-03-19 15:20:00+00:00,658.1599731445312,658.3499755859375,657.2100219726562,657.719970703125,2021877,6.488779264302944,-0.000592804044419637
2026-03-19 15:30:00+00:00,657.719970703125,657.8300170898438,656.3599853515625,656.8200073242188,2257040,6.48741001949555,-0.0013692448073943098
2026-03-19 15:40:00+00:00,656.8839721679688,657.280029296875,656.1799926757812,656.969970703125,1829337,6.487638310747676,0.0002282912521263114
2026-03-19 15:50:00+00:00,656.9699096679688,657.9500122070312,656.64501953125,657.9249877929688,2343800,6.48909092451215,0.0014526137644743642
2026-03-19 16:00:00+00:00,657.9099731445312,659.0399780273438,657.4299926757812,658.5,2129442,6.489964521183336,0.0008735966711856946
2026-03-19 16:10:00+00:00,658.530029296875,658.5599975585938,657.3400268554688,657.5599975585938,1504412,6.488536010928483,-0.0014285102548532436
2026-03-19 16:20:00+00:00,657.5700073242188,658.1400146484375,657.1199951171875,657.9500122070312,1816193,6.489128959149278,0.000592948220795364
2026-03-19 16:30:00+00:00,657.97998046875,658.1699829101562,657.27001953125,658.010009765625,1848763,6.489220143619374,9.118447009548447e-05
2026-03-19 16:40:00+00:00,658.02001953125,658.7100219726562,657.489990234375,657.6199951171875,1681257,6.488627249479814,-0.0005928941395598741
2026-03-19 16:50:00+00:00,657.6199951171875,657.6900024414062,656.6099853515625,657.1680297851562,1269409,6.4879397388830125,-0.0006875105968013884
2026-03-19 17:00:00+00:00,657.1599731445312,657.35498046875,655.7050170898438,655.85498046875,1628261,6.485939698146707,-0.002000040736305664
2026-03-19 17:10:00+00:00,655.8400268554688,656.9000854492188,655.6099853515625,656.8900146484375,1557673,6.487516599065035,0.0015769009183284055
2026-03-19 17:20:00+00:00,656.8800048828125,657.5499877929688,656.5700073242188,657.1199951171875,1408570,6.4878666427776235,0.00035004371258828826
2026-03-19 17:30:00+00:00,657.0999755859375,657.489990234375,656.2899780273438,656.2999877929688,1580477,6.4866179828799035,-0.0012486598977199392
2026-03-19 17:40:00+00:00,656.2899780273438,656.8499755859375,656.1599731445312,656.7249755859375,747179,6.487265324430389,0.000647341550485514
2026-03-19 17:50:00+00:00,656.719970703125,657.8800048828125,656.6699829101562,657.239990234375,1449664,6.488049233725093,0.0007839092947037329
2026-03-19 18:00:00+00:00,657.22998046875,657.469970703125,656.6300048828125,657.239990234375,2229083,6.488049233725093,0.0
2026-03-19 18:10:00+00:00,657.27001953125,658.6199951171875,657.2650146484375,658.1799926757812,1729770,6.489478439018649,0.0014292052935562793
2026-03-19 18:20:00+00:00,658.1900024414062,658.2999877929688,657.169921875,657.1749877929688,1405064,6.487950326694139,-0.0015281123245101114
2026-03-19 18:30:00+00:00,657.1799926757812,657.3800048828125,656.5800170898438,656.7999877929688,1527104,6.487379539552604,-0.0005707871415348009
2026-03-19 18:40:00+00:00,656.8099975585938,656.8900146484375,656.3200073242188,656.6500244140625,1577645,6.487151189210887,-0.0002283503417173094
2026-03-19 18:50:00+00:00,656.6500244140625,658.8099975585938,656.3300170898438,658.4500122070312,2450062,6.48988860669527,0.0027374174843828314
2026-03-19 19:00:00+00:00,658.4400024414062,662.97998046875,658.3900146484375,661.7100219726562,8506685,6.494827426698476,0.00493882000320589
2026-03-19 19:10:00+00:00,661.7100219726562,662.6599731445312,660.6699829101562,661.8400268554688,4179851,6.495023875458907,0.00019644876043134474
2026-03-19 19:20:00+00:00,661.8599853515625,661.9199829101562,659.6599731445312,660.25,3683218,6.492618551177242,-0.0024053242816650666
2026-03-19 19:30:00+00:00,660.239990234375,660.739990234375,658.97998046875,660.3300170898438,2978021,6.492739735942884,0.00012118476564193514
2026-03-19 19:40:00+00:00,660.3499755859375,660.6300048828125,659.8099975585938,660.010009765625,3396578,6.492255001217017,-0.0004847347258669643
2026-03-19 19:50:00+00:00,659.97998046875,660.25,659.530029296875,659.719970703125,5126499,6.4918154581719065,-0.0004395430451102911
2026-03-20 13:30:00+00:00,656.510009765625,656.5499877929688,654.6500244140625,654.8350219726562,7355259,6.484383329058548,-0.007432129113358776
2026-03-20 13:40:00+00:00,654.8400268554688,656.6900024414062,654.7100219726562,655.5599975585938,2866638,6.485489828471473,0.001106499412925288
2026-03-20 13:50:00+00:00,655.530029296875,655.5800170898438,653.0,653.1500244140625,3710276,6.481806849311524,-0.0036829791599490846
2026-03-20 14:00:00+00:00,653.1699829101562,653.8110961914062,652.47998046875,652.9099731445312,3171043,6.48143925322454,-0.00036759608698400115
2026-03-20 14:10:00+00:00,652.9199829101562,653.3300170898438,651.47998046875,652.1799926757812,2538389,6.480320586214612,-0.0011186670099281315
2026-03-20 14:20:00+00:00,652.1599731445312,652.4500122070312,651.5999755859375,651.8599853515625,2072268,6.479829792472035,-0.0004907937425766562
2026-03-20 14:30:00+00:00,651.8599853515625,653.5,651.8499755859375,652.5,2761989,6.480811139196849,0.0009813467248136476
2026-03-20 14:40:00+00:00,652.5,652.9249877929688,652.22998046875,652.760009765625,1432208,6.481209542223247,0.00039840302639859715
2026-03-20 14:50:00+00:00,652.739990234375,652.8599853515625,651.2000122070312,652.1199951171875,13655616,6.480228586583856,-0.0009809556393918228
2026-03-20 15:00:00+00:00,652.1099853515625,653.0900268554688,651.6799926757812,652.239990234375,1911386,6.480412577382214,0.00018399079835873522
2026-03-20 15:10:00+00:00,652.25,653.2598876953125,652.0900268554688,652.14599609375,1439566,6.480268457249411,-0.00014412013280296065
2026-03-20 15:20:00+00:00,652.1199951171875,654.1599731445312,651.5,651.9199829101562,3092690,6.47992182879733,-0.00034662845208099924
2026-03-20 15:30:00+00:00,651.9400024414062,652.8499755859375,651.72998046875,652.2999877929688,1228607,6.48050456008822,0.0005827312908897042
2026-03-20 15:40:00+00:00,652.2999877929688,652.8499755859375,652.02001953125,652.49462890625,997805,6.480802907601666,0.0002983475134463731
2026-03-20 15:50:00+00:00,652.5,653.260009765625,652.0499877929688,652.9450073242188,6257521,6.481492910300126,0.0006900026984597574
2026-03-20 16:00:00+00:00,652.969970703125,653.8699951171875,652.780029296875,653.1699829101562,2224173,6.481837406136778,0.0003444958366518591
2026-03-20 16:10:00+00:00,653.1799926757812,653.8300170898438,652.8300170898438,653.7999877929688,2909785,6.4828014756192145,0.000964069482436436
2026-03-20 16:20:00+00:00,653.8200073242188,653.989990234375,652.9600219726562,653.0999755859375,1739608,6.481730219526797,-0.0010712560924170944
2026-03-20 16:30:00+00:00,653.0999755859375,653.1199951171875,651.9600219726562,652.47998046875,1743931,6.480780457452222,-0.000949762074575311
2026-03-20 16:40:00+00:00,652.469970703125,652.77001953125,652.0700073242188,652.416015625,1408696,6.480682419226965,-9.803822525711325e-05
2026-03-20 16:50:00+00:00,652.4099731445312,653.4000244140625,651.9500122070312,652.77001953125,1254847,6.481224876632109,0.0005424574051442477
2026-03-20 17:00:00+00:00,652.760009765625,653.25,651.75,652.8499755859375,2501915,6.481347356457919,0.00012247982580948502
2026-03-20 17:10:00+00:00,652.8699951171875,653.1199951171875,652.0700073242188,652.1998901367188,1157849,6.480351094904911,-0.0009962615530074714
2026-03-20 17:20:00+00:00,652.2000122070312,652.72998046875,651.97998046875,652.1599731445312,1117366,6.48028988941504,-6.120548987098573e-05
2026-03-20 17:30:00+00:00,652.1900024414062,652.3699951171875,650.6799926757812,651.4500122070312,1731741,6.479200666387188,-0.0010892230278525261
2026-03-20 17:40:00+00:00,651.4500122070312,651.72998046875,650.5499877929688,650.8200073242188,1561665,6.478233117534013,-0.0009675488531746268
2026-03-20 17:50:00+00:00,650.8099975585938,651.6900024414062,650.6699829101562,651.4000244140625,1733351,6.479123930321504,0.0008908127874907024
2026-03-20 18:00:00+00:00,651.4099731445312,651.6950073242188,650.510009765625,650.844970703125,2278857,6.4782714736077045,-0.0008524567137992989
2026-03-20 18:10:00+00:00,650.8400268554688,650.8499755859375,650.1300048828125,650.489990234375,2707006,6.4777259100315145,-0.0005455635761899558
2026-03-20 18:20:00+00:00,650.47998046875,650.6599731445312,648.6599731445312,649.4299926757812,5123618,6.476095043812869,-0.0016308662186457212
2026-03-20 18:30:00+00:00,649.4299926757812,649.655029296875,648.1599731445312,648.3400268554688,2675816,6.47441529152981,-0.001679752283059166
2026-03-20 18:40:00+00:00,648.3499755859375,648.7000122070312,647.739990234375,647.9400024414062,3583650,6.473798103240674,-0.0006171882891354841
2026-03-20 18:50:00+00:00,647.9299926757812,648.260009765625,647.6400146484375,648.0800170898438,3277945,6.474014171892196,0.00021606865152179466
2026-03-20 19:00:00+00:00,648.0709838867188,648.64501953125,647.6199951171875,647.9400024414062,3631666,6.473798103240674,-0.00021606865152179466
2026-03-20 19:10:00+00:00,647.9299926757812,648.0399780273438,647.3049926757812,648.02001953125,2756125,6.473921590213403,0.00012348697272912545
2026-03-20 19:20:00+00:00,648.0250244140625,648.0250244140625,646.780029296875,647.1199951171875,5438330,6.472531741164246,-0.001389849049157732
2026-03-20 19:30:00+00:00,647.1300048828125,647.4000244140625,644.719970703125,645.5700073242188,5935994,6.470133658819914,-0.002398082344331698
2026-03-20 19:40:00+00:00,645.5599975585938,647.0,645.4400024414062,646.02001953125,8219707,6.470830493288878,0.0006968344689637362
2026-03-20 19:50:00+00:00,646.02001953125,648.52001953125,645.8099975585938,648.510009765625,13687484,6.474677438896628,0.0038469456077505626
2026-03-23 13:30:00+00:00,658.0700073242188,658.3800048828125,656.0700073242188,658.2999877929688,18763606,6.489660735930566,0.014983297033937859
2026-03-23 13:40:00+00:00,658.2999877929688,659.5399780273438,656.97998046875,659.0,5341624,6.490723534502507,0.001062798571941137
2026-03-23 13:50:00+00:00,659.0050048828125,660.25,658.6599731445312,660.219970703125,4197291,6.492573068436178,0.0018495339336705996
2026-03-23 14:00:00+00:00,660.2000122070312,660.77001953125,658.5800170898438,659.6500244140625,3569041,6.491709428340416,-0.0008636400957620083
2026-03-23 14:10:00+00:00,659.6500244140625,661.1799926757812,659.25,661.1699829101562,3793830,6.494010967018828,0.002301538678412207
2026-03-23 14:20:00+00:00,661.1749877929688,662.27001953125,660.5700073242188,660.989990234375,3097714,6.493738696369967,-0.0002722706488613724
2026-03-23 14:30:00+00:00,660.97998046875,661.4000244140625,660.1699829101562,660.52001953125,2329927,6.493027433164293,-0.0007112632056731627
2026-03-23 14:40:00+00:00,660.5,661.7999877929688,659.9500122070312,661.3350219726562,1757706,6.494260552559521,0.0012331193952279662
2026-03-23 14:50:00+00:00,661.3099975585938,661.4000244140625,660.4099731445312,661.0499877929688,1743702,6.493829461489981,-0.0004310910695402015
2026-03-23 15:00:00+00:00,661.0700073242188,662.614990234375,660.8400268554688,662.22998046875,2944674,6.495612898127495,0.0017834366375142352
2026-03-23 15:10:00+00:00,662.239990234375,662.5999755859375,661.3800048828125,661.4550170898438,1964681,6.494441979866915,-0.001170918260580578
2026-03-23 15:20:00+00:00,661.4299926757812,662.10498046875,660.7000122070312,660.8900146484375,2080819,6.493587433644517,-0.0008545462223974454
2026-03-23 15:30:00+00:00,660.9000244140625,661.3300170898438,659.2100219726562,659.280029296875,2627597,6.491148374892809,-0.002439058751708245
2026-03-23 15:40:00+00:00,659.27001953125,659.780029296875,658.1199951171875,658.7100219726562,3878922,6.490283410306456,-0.0008649645863529898
2026-03-23 15:50:00+00:00,658.7000122070312,659.0,655.8300170898438,656.010009765625,5262386,6.486176047616738,-0.004107362689718563
2026-03-23 16:00:00+00:00,655.989990234375,657.4299926757812,655.9500122070312,656.9400024414062,3474571,6.487592693829719,0.0014166462129816537
2026-03-23 16:10:00+00:00,656.9249877929688,657.6300048828125,655.8900146484375,656.0499877929688,1858251,6.4862369869448635,-0.0013557068848557563
2026-03-23 16:20:00+00:00,656.0399780273438,656.3099975585938,653.9400024414062,654.0900268554688,2618764,6.483244997725824,-0.002991989219039759
2026-03-23 16:30:00+00:00,654.1088256835938,656.22998046875,653.989990234375,655.4600219726562,2461101,6.485337312743807,0.0020923150179834593
2026-03-23 16:40:00+00:00,655.4400024414062,656.72998046875,655.4299926757812,656.3198852539062,1682023,6.486648300051459,0.0013109873076517786
2026-03-23 16:50:00+00:00,656.3099975585938,656.739990234375,655.0850219726562,655.5900268554688,1318984,6.485535634513987,-0.001112665537472246
2026-03-23 17:00:00+00:00,655.5800170898438,656.25,654.8800048828125,656.1099853515625,1094142,6.486328435487516,0.0007928009735289621
2026-03-23 17:10:00+00:00,656.1099853515625,656.2100219726562,654.6599731445312,655.1900024414062,1048318,6.4849252736333804,-0.0014031618541352486
2026-03-23 17:20:00+00:00,655.1699829101562,655.6300048828125,654.3099975585938,655.280029296875,1500601,6.485062669916287,0.00013739628290654338
2026-03-23 17:30:00+00:00,655.280029296875,658.239990234375,655.260009765625,657.8200073242188,2913557,6.48893134880506,0.0038686788887734025
2026-03-23 17:40:00+00:00,657.8099975585938,657.8300170898438,656.2899780273438,656.77001953125,1444194,6.487333910828506,-0.0015974379765539837
2026-03-23 17:50:00+00:00,656.719970703125,658.25,656.5999755859375,658.0599975585938,1401549,6.489296108868509,0.0019621980400028605
2026-03-23 18:00:00+00:00,658.0900268554688,658.3099975585938,656.530029296875,657.4500122070312,2534737,6.488368734100167,-0.0009273747683424816
2026-03-23 18:10:00+00:00,657.4500122070312,658.0800170898438,657.0599975585938,657.4099731445312,1275098,6.4883078317030165,-6.090239715028645e-05
2026-03-23 18:20:00+00:00,657.4099731445312,657.9000244140625,657.1699829101562,657.3900146484375,1291588,6.488277471958142,-3.0359744874530747e-05
2026-03-23 18:30:00+00:00,657.4099731445312,659.6500244140625,657.4099731445312,658.969970703125,3187933,6.490677965487206,0.0024004935290644625
2026-03-23 18:40:00+00:00,658.989990234375,659.27001953125,658.469970703125,659.1599731445312,2128303,6.490966256400571,0.00028829091336479706
2026-03-23 18:50:00+00:00,659.1699829101562,659.260009765625,658.5800170898438,658.9500122070312,1378585,6.490647677614872,-0.00031857878569940823
2026-03-23 19:00:00+00:00,658.9500122070312,659.02001953125,658.3699951171875,658.6900024414062,1155820,6.490253017819921,-0.00039465979495112435
2026-03-23 19:10:00+00:00,658.6900024414062,658.780029296875,657.5800170898438,657.844970703125,1518333,6.4889692967315105,-0.001283721088410239
2026-03-23 19:20:00+00:00,657.8599853515625,657.9400024414062,657.030029296875,657.3300170898438,2316762,6.488186201486578,-0.0007830952449321416
2026-03-23 19:30:00+00:00,657.3200073242188,657.780029296875,657.1699829101562,657.5999755859375,2018852,6.488596806615962,0.00041060512938351224
2026-03-23 19:40:00+00:00,657.594970703125,658.3499755859375,657.3800048828125,657.8250122070312,2594082,6.488938957062209,0.0003421504462473024
2026-03-23 19:50:00+00:00,657.8200073242188,657.9000244140625,655.3699951171875,655.3699951171875,9285703,6.485199954193215,-0.0037390028689943122
2026-03-24 13:30:00+00:00,651.3200073242188,653.0399780273438,650.8800048828125,651.2999877929688,6170850,6.478970346809793,-0.006229607383422042
2026-03-24 13:40:00+00:00,651.3099975585938,651.6370239257812,649.8800048828125,650.1799926757812,2699189,6.477249236365578,-0.0017211104442145242
2026-03-24 13:50:00+00:00,650.1699829101562,651.5599975585938,649.8900146484375,651.47998046875,1902826,6.479246667725544,0.0019974313599657734
2026-03-24 14:00:00+00:00,651.47998046875,653.5599975585938,651.2261962890625,653.4099731445312,2234122,6.482204762510128,0.0029580947845841976
2026-03-24 14:10:00+00:00,653.4199829101562,653.585693359375,651.5449829101562,652.5700073242188,2242714,6.480918424359932,-0.0012863381501961868
2026-03-24 14:20:00+00:00,652.5599975585938,653.4099731445312,651.739990234375,652.489990234375,1907439,6.480795798442206,-0.0001226259177258271
2026-03-24 14:30:00+00:00,652.510009765625,653.47998046875,652.2000122070312,652.7100219726562,1705578,6.481132960161955,0.0003371617197487353
2026-03-24 14:40:00+00:00,652.719970703125,654.1400146484375,652.489990234375,652.7501220703125,2365070,6.481194394588508,6.143442655304199e-05
2026-03-24 14:50:00+00:00,652.760009765625,655.9400024414062,651.219970703125,653.9400024414062,5905760,6.483015607862655,0.0018212132741473042
2026-03-24 15:00:00+00:00,653.97998046875,655.5399780273438,653.9199829101562,654.9199829101562,2024882,6.484513064676739,0.001497456814083975
2026-03-24 15:10:00+00:00,654.9400024414062,655.8900146484375,654.4400024414062,655.7000122070312,1676377,6.485703385886366,0.0011903212096271432
2026-03-24 15:20:00+00:00,655.6799926757812,656.8300170898438,655.3300170898438,656.0399780273438,2391719,6.486221729202047,0.0005183433156803474
2026-03-24 15:30:00+00:00,656.0599975585938,656.5399780273438,655.2899780273438,656.27001953125,843282,6.486572319392917,0.00035059019087047005
2026-03-24 15:40:00+00:00,656.25,656.6799926757812,656.010009765625,656.5599975585938,981578,6.487014079602974,0.0004417602100570406
2026-03-24 15:50:00+00:00,656.5599975585938,657.030029296875,654.9099731445312,655.0399780273438,1847590,6.484696268928933,-0.002317810674041354
2026-03-24 16:00:00+00:00,655.0499877929688,655.289306640625,654.2999877929688,655.0850219726562,1571551,6.484765031749778,6.876282084533614e-05
2026-03-24 16:10:00+00:00,655.080078125,656.1199951171875,654.5599975585938,655.9099731445312,1273606,6.486023543466193,0.0012585117164150006
2026-03-24 16:20:00+00:00,655.9099731445312,656.25,655.5349731445312,655.9600219726562,1560752,6.486099844972189,7.630150599613472e-05
2026-03-24 16:30:00+00:00,655.969970703125,656.1199951171875,654.0900268554688,654.1799926757812,1061933,6.4833825317503155,-0.0027173132218738516
2026-03-24 16:40:00+00:00,654.2000122070312,655.77001953125,654.0399780273438,655.0800170898438,1411536,6.484757391669844,0.0013748599195286815
2026-03-24 16:50:00+00:00,655.0800170898438,655.6199951171875,654.4299926757812,655.1500244140625,657868,6.484864254315437,0.00010686264559289782
2026-03-24 17:00:00+00:00,655.1300048828125,655.3900146484375,652.719970703125,653.02001953125,2341408,6.481607786587884,-0.0032564677275530585
2026-03-24 17:10:00+00:00,653.030029296875,653.3699951171875,652.5499877929688,652.8200073242188,1651791,6.481301451654842,-0.0003063349330423293
2026-03-24 17:20:00+00:00,652.8200073242188,653.5150146484375,652.7000122070312,653.405029296875,1186473,6.482197196255307,0.0008957446004655978
2026-03-24 17:30:00+00:00,653.4000244140625,654.0499877929688,652.7050170898438,653.3800048828125,1207962,6.482158897050142,-3.8299205165515104e-05
2026-03-24 17:40:00+00:00,653.3800048828125,653.7050170898438,652.3800048828125,652.8499755859375,1159121,6.481347356457919,-0.0008115405922231034
2026-03-24 17:50:00+00:00,652.8599853515625,654.3400268554688,652.7098999023438,654.2999877929688,2679351,6.483565943219066,0.0022185867611472787
2026-03-24 18:00:00+00:00,654.2999877929688,654.97998046875,653.7100219726562,653.7899780273438,1721323,6.4827861653677035,-0.0007797778513625175
2026-03-24 18:10:00+00:00,653.780029296875,654.22998046875,653.2000122070312,654.0399780273438,1416846,6.483168478071106,0.00038231270340283174
2026-03-24 18:20:00+00:00,654.0599975585938,654.8699951171875,653.719970703125,654.5900268554688,1862719,6.484009126472053,0.0008406484009464421
2026-03-24 18:30:00+00:00,654.5900268554688,656.5900268554688,654.280029296875,656.510009765625,2130929,6.48693794079436,0.0029288143223071827
2026-03-24 18:40:00+00:00,656.510009765625,656.52001953125,654.75,655.02001953125,2030305,6.484665799338025,-0.0022721414563351416
2026-03-24 18:50:00+00:00,655.0,655.77001953125,654.4400024414062,654.8599853515625,1555600,6.4844214499626815,-0.00024434937534323353
2026-03-24 19:00:00+00:00,654.8300170898438,655.5999755859375,654.7999877929688,655.3099975585938,1390476,6.485108402389615,0.000686952426933729
2026-03-24 19:10:00+00:00,655.2999877929688,655.6900024414062,654.9600219726562,655.219970703125,1395071,6.484971012390469,-0.00013738999914636452
2026-03-24 19:20:00+00:00,655.239990234375,655.3200073242188,654.3099975585938,654.4500122070312,1459271,6.483795206890079,-0.0011758055003898704
2026-03-24 19:30:00+00:00,654.4500122070312,654.7750244140625,653.5800170898438,653.97998046875,2253078,6.483076740084623,-0.0007184668054556198
2026-03-24 19:40:00+00:00,653.9600219726562,654.3200073242188,653.1599731445312,653.5499877929688,2459612,6.482419022553524,-0.0006577175310997774
2026-03-24 19:50:00+00:00,653.5599975585938,653.6699829101562,652.5599975585938,653.2000122070312,5330893,6.481883379784355,-0.0005356427691687315
2026-03-25 13:30:00+00:00,658.6699829101562,660.8900146484375,658.5999755859375,659.9099731445312,7579902,6.4921034213900874,0.010220041605732533
2026-03-25 13:40:00+00:00,659.9199829101562,660.52001953125,657.75,657.8099975585938,3152287,6.4889161321171045,-0.0031872892729829516
2026-03-25 13:50:00+00:00,657.8200073242188,657.9299926757812,656.4199829101562,656.489990234375,3437998,6.486907446458866,-0.0020086856582386403
2026-03-25 14:00:00+00:00,656.5599975585938,657.530029296875,655.6699829101562,657.0999755859375,3469835,6.487836176749564,0.0009287302906981765
2026-03-25 14:10:00+00:00,657.1199951171875,658.2662963867188,656.6400146484375,657.6107177734375,2027313,6.488613141926425,0.0007769651768612107
2026-03-25 14:20:00+00:00,657.6300048828125,660.5,657.1699829101562,658.1400146484375,3208877,6.489417696908625,0.0008045549821993347
2026-03-25 14:30:00+00:00,658.1599731445312,659.030029296875,657.6500244140625,658.219970703125,1816053,6.489539177439294,0.00012148053066951547
2026-03-25 14:40:00+00:00,658.22998046875,659.0800170898438,657.8699951171875,658.9099731445312,1735306,6.490586913857026,0.001047736417731926
2026-03-25 14:50:00+00:00,658.9000244140625,659.25,658.4299926757812,658.6900024414062,1531350,6.490253017819921,-0.000333896037105319
2026-03-25 15:00:00+00:00,658.6900024414062,659.0078125,657.1199951171875,657.22998046875,1589929,6.4880340036082425,-0.0022190142116782496
2026-03-25 15:10:00+00:00,657.25,657.5599975585938,654.239990234375,655.1400146484375,5075732,6.484848975613278,-0.003185027994964784
2026-03-25 15:20:00+00:00,655.1500244140625,657.8724975585938,655.0844116210938,657.8400268554688,2829165,6.488961781486348,0.004112805873070613
2026-03-25 15:30:00+00:00,657.8499755859375,658.239990234375,656.5999755859375,656.7550048828125,2262456,6.487311049218474,-0.0016507322678744885
2026-03-25 15:40:00+00:00,656.7550048828125,657.0700073242188,656.1199951171875,656.6799926757812,1284514,6.487196826272911,-0.00011422294556240331
2026-03-25 15:50:00+00:00,656.6699829101562,657.4099731445312,656.3599853515625,657.0,1670946,6.48768401848461,0.00048719221169868376
2026-03-25 16:00:00+00:00,657.0,657.2000122070312,656.010009765625,656.6099853515625,1328135,6.487090212614913,-0.0005938058696974835
2026-03-25 16:10:00+00:00,656.6099853515625,656.75,656.1199951171875,656.3599853515625,922782,6.486709396589261,-0.00038081602565132044
2026-03-25 16:20:00+00:00,656.3800048828125,658.0700073242188,656.1500244140625,657.5,2083817,6.48844476405192,0.0017353674626585658
2026-03-25 16:30:00+00:00,657.4600219726562,658.3150024414062,657.0599975585938,658.0999755859375,1534193,6.489356858364272,0.0009120943123521741
2026-03-25 16:40:00+00:00,658.0999755859375,658.1699829101562,657.4400024414062,657.6300048828125,1898262,6.4886424705642085,-0.0007143878000634984
2026-03-25 16:50:00+00:00,657.6300048828125,658.1599731445312,657.0999755859375,657.75,1220219,6.488824919920402,0.0001824493561937146
2026-03-25 17:00:00+00:00,657.75,658.280029296875,656.9600219726562,656.9849853515625,1541670,6.487661164877293,-0.0011637550431089494
2026-03-25 17:10:00+00:00,656.9849853515625,657.77001953125,656.9149780273438,657.280029296875,1203001,6.488110151873037,0.0004489869957433612
2026-03-25 17:20:00+00:00,657.2899780273438,658.3200073242188,657.2000122070312,658.02001953125,1338584,6.489235355682021,0.0011252038089839544
2026-03-25 17:30:00+00:00,658.0399780273438,658.7050170898438,657.5599975585938,658.6199951171875,1345681,6.490146729513578,0.0009113738315571496
2026-03-25 17:40:00+00:00,658.5900268554688,659.3800048828125,658.030029296875,658.094970703125,1797278,6.489349253285972,-0.0007974762276061753
2026-03-25 17:50:00+00:00,658.0999755859375,658.7899780273438,657.3300170898438,657.9000244140625,2447400,6.48905298120103,-0.00029627208494176216
2026-03-25 18:00:00+00:00,657.8900146484375,658.2550048828125,657.5599975585938,657.780029296875,1140117,6.488870573453521,-0.00018240774750921673
2026-03-25 18:10:00+00:00,657.7999877929688,658.510009765625,657.739990234375,657.9099731445312,1260945,6.4890681030354695,0.00019752958194896308
2026-03-25 18:20:00+00:00,657.9080200195312,658.2100219726562,657.4099731445312,657.5150146484375,870825,6.488467599758388,-0.0006005032770817209
2026-03-25 18:30:00+00:00,657.510009765625,657.8099975585938,657.385009765625,657.5800170898438,1229181,6.4885664556431575,9.885588476965523e-05
2026-03-25 18:40:00+00:00,657.5900268554688,657.6500244140625,657.0399780273438,657.1099853515625,1105111,6.487851409879616,-0.0007150457635418661
2026-03-25 18:50:00+00:00,657.1099853515625,657.239990234375,655.6400146484375,656.5,2851893,6.486922693742851,-0.0009287161367650398
2026-03-25 19:00:00+00:00,656.489990234375,656.52001953125,655.5800170898438,656.1099853515625,2479227,6.486328435487516,-0.0005942582553348785
2026-03-25 19:10:00+00:00,656.1099853515625,657.0,655.8400268554688,656.8499755859375,2228457,6.487455644747118,0.001127209259601969
2026-03-25 19:20:00+00:00,656.8599853515625,657.3201293945312,656.47998046875,656.510009765625,1609771,6.48693794079436,-0.0005177039527577421
2026-03-25 19:30:00+00:00,656.510009765625,656.5700073242188,655.7550048828125,656.0800170898438,1610173,6.48628275877657,-0.0006551820177902457
2026-03-25 19:40:00+00:00,656.0800170898438,656.6500244140625,655.969970703125,656.1300048828125,2814497,6.4863589474844074,7.618870783776543e-05
2026-03-25 19:50:00+00:00,656.1400146484375,657.0599975585938,656.1400146484375,656.739990234375,4620537,6.487288187085776,0.0009292396013682591
2026-03-26 13:30:00+00:00,652.0599975585938,652.1199951171875,650.760009765625,650.8200073242188,5787470,6.478233117534013,-0.009055069551762607
2026-03-26 13:40:00+00:00,650.8099975585938,654.0900268554688,650.72998046875,653.405029296875,3939583,6.482197196255307,0.0039640787212942286
2026-03-26 13:50:00+00:00,653.4099731445312,654.6300048828125,652.780029296875,654.469970703125,4199712,6.483825703018729,0.0016285067634216333
2026-03-26 14:00:00+00:00,654.469970703125,654.8300170898438,653.5,653.9199829101562,2545534,6.4829849936815105,-0.0008407093372184704
2026-03-26 14:10:00+00:00,653.9000244140625,654.8400268554688,653.364990234375,653.989990234375,1437915,6.483092045888043,0.00010705220653228764
2026-03-26 14:20:00+00:00,653.969970703125,654.7100219726562,653.5800170898438,653.6199951171875,1302201,6.482526135362417,-0.0005659105256254904
2026-03-26 14:30:00+00:00,653.6199951171875,654.4500122070312,653.469970703125,653.77001953125,1548852,6.482755637520213,0.0002295021577953804
2026-03-26 14:40:00+00:00,653.780029296875,654.8499755859375,652.2000122070312,652.51171875,4259218,6.480829098805689,-0.0019265387145237511
2026-03-26 14:50:00+00:00,652.5399780273438,652.8599853515625,650.8200073242188,652.2100219726562,3494727,6.48036662964724,-0.0004624691584487195
2026-03-26 15:00:00+00:00,652.219970703125,652.9099731445312,651.97998046875,652.22998046875,2422052,6.480397230512067,3.0600864826979546e-05
2026-03-26 15:10:00+00:00,652.22998046875,652.780029296875,651.5800170898438,651.8800048828125,1646674,6.479860503398143,-0.0005367271139240515
2026-03-26 15:20:00+00:00,651.8699951171875,652.260009765625,651.6599731445312,651.7100219726562,1492154,6.479599711419656,-0.0002607919784871626
2026-03-26 15:30:00+00:00,651.7100219726562,651.8200073242188,650.8699951171875,651.6400146484375,1337606,6.479492284677309,-0.00010742674234709426
2026-03-26 15:40:00+00:00,651.6300048828125,652.3499755859375,651.0,651.60009765625,1712509,6.479431026599349,-6.12580779595362e-05
2026-03-26 15:50:00+00:00,651.5999755859375,652.0900268554688,651.27001953125,651.52001953125,1209104,6.479308124460022,-0.0001229021393269747
2026-03-26 16:00:00+00:00,651.489990234375,651.6900024414062,651.0499877929688,651.4349975585938,1546690,6.479177618077743,-0.00013050638227962708
2026-03-26 16:10:00+00:00,651.4400024414062,651.5900268554688,649.8400268554688,650.8200073242188,1693205,6.478233117534013,-0.0009445005437296317
2026-03-26 16:20:00+00:00,650.8300170898438,650.8400268554688,649.2899780273438,649.469970703125,2178690,6.476156600558551,-0.0020765169754621837
2026-03-26 16:30:00+00:00,649.4912719726562,649.6799926757812,648.8900146484375,649.1300048828125,1756629,6.475633012333585,-0.0005235882249658985
2026-03-26 16:40:00+00:00,649.1199951171875,649.6900024414062,648.9299926757812,649.0999755859375,909419,6.475586750427247,-4.626190633771898e-05
2026-03-26 16:50:00+00:00,649.1300048828125,649.719970703125,648.97998046875,649.6400146484375,853053,6.476418385854948,0.0008316354277004834
2026-03-26 17:00:00+00:00,649.6400146484375,650.0999755859375,649.3699951171875,649.530029296875,813146,6.47624906952513,-0.00016931632981798117
2026-03-26 17:10:00+00:00,649.52001953125,649.52001953125,648.9000244140625,649.1699829101562,916127,6.475694597526117,-0.0005544719990124847
2026-03-26 17:20:00+00:00,649.1699829101562,649.1900024414062,647.97998046875,648.6199951171875,1754001,6.474847021515814,-0.0008475760103037189
2026-03-26 17:30:00+00:00,648.6199951171875,649.0599975585938,648.22998046875,648.5,998289,6.474662003756499,-0.0001850177593150093
2026-03-26 17:40:00+00:00,648.4949951171875,648.5,647.5700073242188,647.5800170898438,1293497,6.47324236445563,-0.0014196393008685249
2026-03-26 17:50:00+00:00,647.5700073242188,647.5800170898438,646.4400024414062,646.6699829101562,3006097,6.471836091587697,-0.001406272867932934
2026-03-26 18:00:00+00:00,646.655029296875,647.5700073242188,646.6400146484375,647.3200073242188,2059452,6.472840773963365,0.0010046823756679757
2026-03-26 18:10:00+00:00,647.3099975585938,647.385009765625,646.7100219726562,646.8699951171875,1364238,6.472145339406895,-0.0006954345564702535
2026-03-26 18:20:00+00:00,646.8699951171875,647.25,646.489990234375,646.5999755859375,1598183,6.471727827533734,-0.0004175118731604144
2026-03-26 18:30:00+00:00,646.6099853515625,647.4500122070312,646.5800170898438,647.3900146484375,1563014,6.472948917598772,0.0012210900650373446
2026-03-26 18:40:00+00:00,647.3900146484375,647.5399780273438,646.8099975585938,647.4400024414062,2484862,6.473026128958307,7.721135953531189e-05
2026-03-26 18:50:00+00:00,647.4400024414062,647.6500244140625,647.0599975585938,647.4299926757812,1441322,6.473010668308724,-1.5460649582799135e-05
2026-03-26 19:00:00+00:00,647.4400024414062,647.52001953125,646.0,646.22998046875,2572973,6.471155447344745,-0.001855220963979498
2026-03-26 19:10:00+00:00,646.239990234375,646.7100219726562,645.8699951171875,646.5599975585938,2124247,6.471665997554171,0.0005105502094258085
2026-03-26 19:20:00+00:00,646.5599975585938,646.6099853515625,645.8499755859375,646.2100219726562,1815856,6.471124562358119,-0.0005414351960517649
2026-03-26 19:30:00+00:00,646.2100219726562,646.27001953125,645.4400024414062,645.8400268554688,2551097,6.470551836668991,-0.0005727256891274735
2026-03-26 19:40:00+00:00,645.8300170898438,646.0499877929688,645.3200073242188,645.7100219726562,3572048,6.470350520609471,-0.00020131605952045106
2026-03-26 19:50:00+00:00,645.719970703125,645.864990234375,644.8200073242188,645.10498046875,7203497,6.4694130639684,-0.0009374566410711438
2026-03-27 13:30:00+00:00,642.5,642.6599731445312,639.780029296875,640.9749755859375,7068435,6.462990416511079,-0.006422647457320352
2026-03-27 13:40:00+00:00,640.969970703125,642.4600219726562,640.5499877929688,641.8699951171875,2819883,6.46438578336664,0.0013953668555606313
2026-03-27 13:50:00+00:00,641.8800048828125,642.0211791992188,638.593994140625,639.0499877929688,3030940,6.459982679475883,-0.004403103890757265
2026-03-27 14:00:00+00:00,639.030029296875,639.780029296875,638.6599731445312,638.8499755859375,2508266,6.45966964682169,-0.00031303265419246884
2026-03-27 14:10:00+00:00,638.8599853515625,640.7449951171875,638.8099975585938,640.5499877929688,2686865,6.462327163245334,0.0026575164236435356
2026-03-27 14:20:00+00:00,640.530029296875,640.7999877929688,639.0800170898438,639.0999755859375,1400025,6.460060898455543,-0.0022662647897906396
2026-03-27 14:30:00+00:00,639.0999755859375,640.0,638.7150268554688,638.8300170898438,1215261,6.459638405045643,-0.0004224934098999711
2026-03-27 14:40:00+00:00,638.8499755859375,640.25,638.2999877929688,640.22998046875,1792824,6.461827456287374,0.002189051241730411
2026-03-27 14:50:00+00:00,640.219970703125,640.5880126953125,639.4500122070312,640.1900024414062,1562157,6.46176501110862,-6.244517875408917e-05
2026-03-27 15:00:00+00:00,640.1900024414062,641.27001953125,639.9600219726562,640.1699829101562,1945179,6.461733739385853,-3.1271722766845755e-05
2026-03-27 15:10:00+00:00,639.75,640.22998046875,639.0700073242188,639.2999877929688,1803085,6.46037380867831,-0.0013599307075429223
2026-03-27 15:20:00+00:00,639.3099975585938,641.489990234375,638.9401245117188,640.9600219726562,2790977,6.462967086758307,0.0025932780799973187
2026-03-27 15:30:00+00:00,640.9600219726562,642.1400146484375,640.6900024414062,641.1400146484375,2041733,6.46324786465679,0.00028077789848257595
2026-03-27 15:40:00+00:00,641.1300048828125,641.1599731445312,640.1699829101562,641.0700073242188,1303437,6.4631386667514725,-0.0001091979053171599
2026-03-27 15:50:00+00:00,641.0700073242188,641.4149780273438,640.1099853515625,640.280029296875,1442507,6.461905626434844,-0.0012330403166282977
2026-03-27 16:00:00+00:00,640.2999877929688,640.4299926757812,639.1599731445312,639.1799926757812,1271877,6.460186093392387,-0.0017195330424568667
2026-03-27 16:10:00+00:00,639.1900024414062,639.5900268554688,638.8599853515625,639.1649780273438,1370684,6.460162602630845,-2.3490761542177552e-05
2026-03-27 16:20:00+00:00,639.1699829101562,639.5800170898438,638.5800170898438,638.8900146484375,1601832,6.4597323185120485,-0.0004302841187966422
2026-03-27 16:30:00+00:00,638.8800048828125,639.0499877929688,638.1799926757812,638.3200073242188,1316050,6.458839736474237,-0.0008925820378111737
2026-03-27 16:40:00+00:00,638.3200073242188,639.5650024414062,638.0800170898438,639.47998046875,1958440,6.4606553155542965,0.0018155790800591376
2026-03-27 16:50:00+00:00,639.47998046875,639.6300048828125,638.6199951171875,638.7000122070312,1273651,6.4594348796798515,-0.0012204358744449806
2026-03-27 17:00:00+00:00,638.7000122070312,639.9299926757812,638.1400146484375,638.8300170898438,2824670,6.459638405045643,0.00020352536579171243
2026-03-27 17:10:00+00:00,638.8200073242188,638.9400024414062,637.760009765625,637.8900146484375,1200299,6.458165877650612,-0.0014725273950313422
2026-03-27 17:20:00+00:00,637.8900146484375,637.9099731445312,636.5900268554688,636.6199951171875,2120349,6.456172923586884,-0.001992954063728014
2026-03-27 17:30:00+00:00,636.6199951171875,637.25,636.5999755859375,636.9650268554688,1378270,6.456714751169291,0.0005418275824071728
2026-03-27 17:40:00+00:00,636.9600219726562,637.0,636.3499755859375,636.4299926757812,1596126,6.4558744240077015,-0.0008403271615895491
2026-03-27 17:50:00+00:00,636.4000244140625,636.5700073242188,635.9400024414062,636.1300048828125,1757563,6.455402952644307,-0.0004714713633946488
2026-03-27 18:00:00+00:00,636.1397705078125,636.3049926757812,635.3800048828125,635.4149780273438,1642734,6.454278294153343,-0.0011246584909638813
2026-03-27 18:10:00+00:00,635.4149780273438,636.1599731445312,635.1300048828125,636.10498046875,2601953,6.45536361334873,0.0010853191953872354
2026-03-27 18:20:00+00:00,636.0999755859375,636.3400268554688,635.530029296875,635.77001953125,1664733,6.454836893434833,-0.000526719913897189
2026-03-27 18:30:00+00:00,635.7650146484375,636.0599975585938,635.5,635.75,1519859,6.454805404302229,-3.148913260364594e-05
2026-03-27 18:40:00+00:00,635.77001953125,636.7249755859375,635.4600219726562,635.6699829101562,2182755,6.454679533872277,-0.00012587042995271247
2026-03-27 18:50:00+00:00,635.6699829101562,635.8699951171875,635.2000122070312,635.3800048828125,1822320,6.454223252789456,-0.0004562810828208086
2026-03-27 19:00:00+00:00,635.3800048828125,635.6799926757812,634.52001953125,634.719970703125,2792358,6.453183910608855,-0.0010393421806007552
2026-03-27 19:10:00+00:00,634.7150268554688,635.6099243164062,634.530029296875,635.4099731445312,2532106,6.454270417564506,0.0010865069556507123
2026-03-27 19:20:00+00:00,635.4000244140625,635.4099731445312,634.6900024414062,634.8590087890625,2640545,6.453402940836575,-0.0008674767279304163
2026-03-27 19:30:00+00:00,634.8599853515625,635.3499755859375,634.6900024414062,634.7899780273438,2597865,6.453294200921049,-0.00010873991552617923
2026-03-27 19:40:00+00:00,634.7899780273438,634.8099975585938,633.260009765625,633.8499755859375,4759944,6.451812294867637,-0.0014819060534119188
2026-03-27 19:50:00+00:00,633.8499755859375,635.1500244140625,633.10498046875,634.0800170898438,9591488,6.452175156394313,0.00036286152667575067
2026-03-30 13:30:00+00:00,640.1099853515625,640.3699951171875,637.780029296875,637.9500122070312,6479228,6.458259929502529,0.0060847731082160905
2026-03-30 13:40:00+00:00,637.9099731445312,637.9099731445312,635.969970703125,636.094970703125,2757769,6.455347877197167,-0.0029120523053620673
2026-03-30 13:50:00+00:00,636.0999755859375,636.6300048828125,634.6799926757812,635.0700073242188,2975235,6.45373524057053,-0.0016126366266373537
2026-03-30 14:00:00+00:00,635.0549926757812,636.27001953125,635.0,636.1599731445312,2851841,6.455450061813194,0.0017148212426638665
2026-03-30 14:10:00+00:00,636.1199951171875,636.8099975585938,635.3900146484375,635.8900146484375,2235929,6.455025615442788,-0.00042444637040528477
2026-03-30 14:20:00+00:00,635.8599853515625,636.5449829101562,635.5999755859375,635.8599853515625,1719080,6.454978390285516,-4.7225157272734464e-05
2026-03-30 14:30:00+00:00,635.8499755859375,636.5399780273438,635.239990234375,635.8599853515625,2085006,6.454978390285516,0.0
2026-03-30 14:40:00+00:00,635.8699951171875,636.9500122070312,634.72998046875,635.760009765625,3077565,6.454821148992477,-0.00015724129303862355
2026-03-30 14:50:00+00:00,635.77001953125,637.5800170898438,635.510009765625,637.510009765625,2310961,6.45756997850245,0.0027488295099731275
2026-03-30 15:00:00+00:00,637.510009765625,638.7999877929688,636.6500244140625,636.8599853515625,2787311,6.456549828196139,-0.001020150306310974
2026-03-30 15:10:00+00:00,636.8099975585938,637.25,635.5599975585938,636.4099731445312,1731479,6.455842967529607,-0.0007068606665319166
2026-03-30 15:20:00+00:00,636.4299926757812,637.1099853515625,636.1699829101562,636.4600219726562,2715508,6.455921606869591,7.863933998386585e-05
2026-03-30 15:30:00+00:00,636.4500122070312,638.1599731445312,636.0399780273438,637.3900146484375,1698589,6.457381736106585,0.0014601292369942342
2026-03-30 15:40:00+00:00,637.3880004882812,638.0900268554688,637.2100219726562,637.7899780273438,1434778,6.458009041105596,0.0006273049990106472
2026-03-30 15:50:00+00:00,637.7949829101562,638.4749755859375,637.1799926757812,637.3599853515625,1600596,6.457334622089122,-0.000674419016474026
2026-03-30 16:00:00+00:00,637.3400268554688,637.4600219726562,636.0800170898438,636.3499755859375,1437605,6.455748688072278,-0.0015859340168438152
2026-03-30 16:10:00+00:00,636.3400268554688,636.8900146484375,635.97998046875,636.1500854492188,830245,6.455434518911138,-0.00031416916113968796
2026-03-30 16:20:00+00:00,636.1500244140625,636.4299926757812,635.1649780273438,635.260009765625,1518548,6.454034379282938,-0.001400139628199959
2026-03-30 16:30:00+00:00,635.27001953125,636.010009765625,635.1199951171875,635.8599853515625,1075863,6.454978390285516,0.0009440110025771276
2026-03-30 16:40:00+00:00,635.8499755859375,635.8499755859375,635.260009765625,635.3800048828125,696785,6.454223252789456,-0.0007551374960597101
2026-03-30 16:50:00+00:00,635.3699951171875,635.77001953125,634.9849853515625,635.2999877929688,2077700,6.454097309057894,-0.0001259437315619394
2026-03-30 17:00:00+00:00,635.2949829101562,635.8499755859375,634.7949829101562,635.4000244140625,1277159,6.454254760258554,0.0001574512006596862
2026-03-30 17:10:00+00:00,635.4000244140625,635.510009765625,633.780029296875,634.0850219726562,1565669,6.452183049503898,-0.0020717107546559532
2026-03-30 17:20:00+00:00,634.0850219726562,634.260009765625,633.239990234375,633.4000244140625,1991359,6.451102172649001,-0.0010808768548962178
2026-03-30 17:30:00+00:00,633.4000244140625,633.6599731445312,632.7100219726562,633.6199951171875,2388908,6.451449397952381,0.0003472253033791617
2026-03-30 17:40:00+00:00,633.6099853515625,634.6300048828125,633.4500122070312,633.6403198242188,2362015,6.45148147456173,3.207660934911871e-05
2026-03-30 17:50:00+00:00,633.6400146484375,633.7899780273438,633.2000122070312,633.5700073242188,1427932,6.451370502454629,-0.00011097210710087069
2026-03-30 18:00:00+00:00,633.5599975585938,633.75,632.85498046875,632.9400024414062,1829759,6.45037563477902,-0.000994867675609079
2026-03-30 18:10:00+00:00,632.9600219726562,633.530029296875,632.8599853515625,633.4600219726562,1614018,6.451196891175818,0.0008212563967981978
2026-03-30 18:20:00+00:00,633.4500122070312,633.6699829101562,632.260009765625,632.280029296875,1654334,6.44933238034448,-0.0018645108313375403
2026-03-30 18:30:00+00:00,632.2899780273438,633.1699829101562,632.260009765625,632.4949951171875,3407202,6.4496723077121665,0.0003399273676860659
2026-03-30 18:40:00+00:00,632.489990234375,632.739990234375,632.1799926757812,632.2449951171875,1900080,6.4492769695316925,-0.00039533818047399194
2026-03-30 18:50:00+00:00,632.239990234375,632.3099975585938,631.4500122070312,631.75,1514827,6.448493746268303,-0.0007832232633893099
2026-03-30 19:00:00+00:00,631.75,631.9199829101562,630.4099731445312,630.469970703125,2693914,6.446465526519944,-0.0020282197483592057
2026-03-30 19:10:00+00:00,630.4600219726562,630.5399780273438,629.625,630.030029296875,2978734,6.445767483800207,-0.0006980427197369465
2026-03-30 19:20:00+00:00,630.030029296875,630.260009765625,629.280029296875,629.5800170898438,2585578,6.445052957542707,-0.0007145262575001254
2026-03-30 19:30:00+00:00,629.5850219726562,630.6998901367188,629.3499755859375,630.219970703125,3485832,6.446068918289694,0.0010159607469875098
2026-03-30 19:40:00+00:00,630.22998046875,631.469970703125,630.2100219726562,631.0800170898438,3009177,6.447432664469566,0.001363746179871228
2026-03-30 19:50:00+00:00,631.0900268554688,632.6401977539062,630.7899780273438,632.0,7522520,6.448889394146858,0.0014567296772920457
2026-03-31 13:30:00+00:00,638.9400024414062,639.9099731445312,638.3099975585938,639.8991088867188,7996411,6.461310521562352,0.012421127415493949
2026-03-31 13:40:00+00:00,639.8699951171875,641.8300170898438,639.0999755859375,641.8200073242188,3864489,6.464307901957734,0.002997380395382443
2026-03-31 13:50:00+00:00,641.8200073242188,642.7100219726562,641.280029296875,642.6300048828125,3290311,6.465569138531006,0.0012612365732715958
2026-03-31 14:00:00+00:00,642.6400146484375,642.9500122070312,641.1099853515625,641.2150268554688,3606273,6.46336485598086,-0.0022042825501458196
2026-03-31 14:10:00+00:00,641.219970703125,642.3599853515625,640.989990234375,641.969970703125,2773074,6.464541527990271,0.0011766720094108507
2026-03-31 14:20:00+00:00,641.97998046875,642.7000122070312,640.8900146484375,642.5,1906619,6.465366816769375,0.0008252887791044827
2026-03-31 14:30:00+00:00,642.47998046875,642.6500244140625,640.8400268554688,641.0800170898438,2103343,6.46315428078327,-0.0022125359861053795
2026-03-31 14:40:00+00:00,641.0800170898438,641.510009765625,639.369873046875,639.4099731445312,2779621,6.460545834165236,-0.0026084466180336108
2026-03-31 14:50:00+00:00,639.4099731445312,639.5399780273438,637.97998046875,638.6799926757812,3063452,6.459403535003757,-0.0011422991614793432
2026-03-31 15:00:00+00:00,638.6900024414062,641.280029296875,638.6699829101562,640.5850219726562,5356605,6.462381855653907,0.002978320650150579
2026-03-31 15:10:00+00:00,640.5700073242188,642.2899780273438,640.3300170898438,641.75,3022889,6.46419881975125,0.0018169640973422219
2026-03-31 15:20:00+00:00,641.739990234375,641.9000244140625,640.52001953125,640.6799926757812,2184828,6.4625301008681495,-0.001668718883100162
2026-03-31 15:30:00+00:00,640.6799926757812,641.2899780273438,639.9199829101562,640.9404296875,1964231,6.462936519197258,0.0004064183291081491
2026-03-31 15:40:00+00:00,640.9588012695312,641.0800170898438,640.0999755859375,640.4149780273438,1423100,6.462116369398933,-0.0008201497983248984
2026-03-31 15:50:00+00:00,640.4099731445312,641.1900024414062,639.6900024414062,639.7899780273438,1681135,6.461139963165386,-0.0009764062335468893
2026-03-31 16:00:00+00:00,639.7899780273438,641.6699829101562,639.52001953125,641.3699951171875,1667723,6.463606505867329,0.0024665427019430197
2026-03-31 16:10:00+00:00,641.3699951171875,641.9199829101562,640.4301147460938,641.5,1287588,6.463809184055691,0.00020267818836217089
2026-03-31 16:20:00+00:00,641.510009765625,642.6300048828125,641.4000244140625,642.1199951171875,1758450,6.464775194507008,0.0009660104513171675
2026-03-31 16:30:00+00:00,642.1099853515625,644.9400024414062,641.6500244140625,644.8699951171875,2704494,6.469048738522389,0.004273544015380715
2026-03-31 16:40:00+00:00,644.8900146484375,649.4600219726562,644.780029296875,646.3099975585938,11023749,6.471279261062396,0.002230522540006774
2026-03-31 16:50:00+00:00,646.3099975585938,647.8900146484375,645.1699829101562,646.6400146484375,4079136,6.471789748078746,0.0005104870163501474
2026-03-31 17:00:00+00:00,646.6599731445312,648.5499877929688,645.4400024414062,646.47998046875,3502525,6.4715422317135065,-0.00024751636523934195
2026-03-31 17:10:00+00:00,646.47998046875,648.510009765625,646.2999877929688,648.2999877929688,2046684,6.474353533351656,0.002811301638149466
2026-03-31 17:20:00+00:00,648.3099975585938,648.4400024414062,646.7899780273438,647.0,1973148,6.472346294500901,-0.0020072388507550443
2026-03-31 17:30:00+00:00,647.030029296875,648.4099731445312,646.2000122070312,646.8699951171875,3752032,6.472145339406895,-0.00020095509400608336
2026-03-31 17:40:00+00:00,646.8400268554688,647.5499877929688,646.2999877929688,647.136474609375,2409902,6.47255720673861,0.0004118673317154986
2026-03-31 17:50:00+00:00,647.1799926757812,647.489990234375,646.1400146484375,646.4149780273438,1895613,6.471441678391624,-0.0011155283469861388
2026-03-31 18:00:00+00:00,646.4099731445312,647.9299926757812,646.3900146484375,647.6599731445312,2294583,6.473365825830189,0.0019241474385651713
2026-03-31 18:10:00+00:00,647.6599731445312,648.1300048828125,646.8300170898438,647.8200073242188,1680604,6.473612891293051,0.0002470654628616842
2026-03-31 18:20:00+00:00,647.8300170898438,648.239990234375,646.969970703125,647.7050170898438,1668203,6.473435372167585,-0.00017751912546604132
2026-03-31 18:30:00+00:00,647.7000122070312,648.6599731445312,647.2000122070312,648.280029296875,2004517,6.474322746981618,0.000887374814032782
2026-03-31 18:40:00+00:00,648.2896728515625,648.7050170898438,647.6300048828125,648.3193969726562,2463079,6.474383471481406,6.0724499788555875e-05
2026-03-31 18:50:00+00:00,648.3300170898438,648.9000244140625,648.2899780273438,648.6400146484375,1580869,6.474877885846944,0.0004944143655372102
2026-03-31 19:00:00+00:00,648.6400146484375,649.1699829101562,648.0,648.2999877929688,2193923,6.474353533351656,-0.0005243524952875944
2026-03-31 19:10:00+00:00,648.2899780273438,649.6400146484375,648.260009765625,649.25,3245210,6.475817850542858,0.0014643171912016584
2026-03-31 19:20:00+00:00,649.2520141601562,649.9099731445312,649.1500244140625,649.4019775390625,2792970,6.476051904842832,0.00023405429997414018
2026-03-31 19:30:00+00:00,649.4199829101562,650.6099853515625,649.3499755859375,650.4500122070312,3709072,6.477664449814624,0.0016125449717918627
2026-03-31 19:40:00+00:00,650.4600219726562,651.0499877929688,649.8350219726562,650.8699951171875,4801776,6.478309921984995,0.000645472170371697
2026-03-31 19:50:00+00:00,650.8800048828125,651.5399780273438,649.3200073242188,650.239990234375,16436444,6.477341510491514,-0.0009684114934813692
2026-04-01 13:30:00+00:00,653.9000244140625,656.0499877929688,653.489990234375,655.8350219726562,11133721,6.485909266419609,0.008567755928095444
2026-04-01 13:40:00+00:00,655.839111328125,655.8599853515625,653.0,653.22998046875,4437263,6.481929257882519,-0.0039800085370904625
2026-04-01 13:50:00+00:00,653.22998046875,654.8590087890625,653.02001953125,654.2899780273438,2414674,6.483550644667362,0.0016213867848433594
2026-04-01 14:00:00+00:00,654.2999877929688,655.280029296875,653.8900146484375,654.7999877929688,2373329,6.484329826854599,0.0007791821872364935
2026-04-01 14:10:00+00:00,654.7899780273438,655.02001953125,654.0,654.72998046875,1776676,6.484222907080356,-0.00010691977424315269
2026-04-01 14:20:00+00:00,654.719970703125,655.469970703125,654.239990234375,655.030029296875,2561391,6.484681080839115,0.0004581737587594503
2026-04-01 14:30:00+00:00,655.030029296875,656.2899780273438,653.5800170898438,655.489990234375,2864351,6.485383032659052,0.0007019518199369301
2026-04-01 14:40:00+00:00,655.489990234375,656.3599853515625,654.5,656.1799926757812,2205027,6.486435130387968,0.0010520977289161237
2026-04-01 14:50:00+00:00,656.1900024414062,656.8499755859375,655.739990234375,656.5,2441170,6.486922693742851,0.0004875633548824254
2026-04-01 15:00:00+00:00,656.5,657.0700073242188,656.3099975585938,656.969970703125,1818530,6.487638310747676,0.0007156170048254751
2026-04-01 15:10:00+00:00,656.969970703125,657.010009765625,656.469970703125,656.9400024414062,1365030,6.487592693829719,-4.5616917956792236e-05
2026-04-01 15:20:00+00:00,656.905029296875,657.030029296875,656.3300170898438,656.3300170898438,1345931,6.486663737276449,-0.0009289565532704103
2026-04-01 15:30:00+00:00,656.3300170898438,657.3400268554688,655.9299926757812,657.0996704101562,1646707,6.487835712321222,0.001171975044773177
2026-04-01 15:40:00+00:00,657.0900268554688,657.47998046875,656.6699829101562,657.2100219726562,1053892,6.488003635548752,0.00016792322753023115
2026-04-01 15:50:00+00:00,657.2100219726562,658.094970703125,657.0499877929688,657.8200073242188,1707215,6.48893134880506,0.0009277132563081381
2026-04-01 16:00:00+00:00,657.8150024414062,658.089599609375,657.5999755859375,657.9749755859375,1112192,6.489166899577708,0.0002355507726479189
2026-04-01 16:10:00+00:00,657.989990234375,658.0150146484375,657.4000244140625,657.8250122070312,1502695,6.488938957062209,-0.00022794251549917988
2026-04-01 16:20:00+00:00,657.8300170898438,657.8300170898438,657.1199951171875,657.1749877929688,1281489,6.487950326694139,-0.0009886303680701758
2026-04-01 16:30:00+00:00,657.1849975585938,657.739990234375,656.8400268554688,657.5900268554688,1388029,6.488581677652922,0.0006313509587831945
2026-04-01 16:40:00+00:00,657.5800170898438,657.9299926757812,657.5349731445312,657.75,905850,6.488824919920402,0.0002432422674800705
2026-04-01 16:50:00+00:00,657.739990234375,657.969970703125,657.6699829101562,657.8099975585938,773997,6.4889161321171045,9.121219670227276e-05
2026-04-01 17:00:00+00:00,657.8200073242188,658.4949951171875,657.7000732421875,658.3200073242188,1971452,6.489691146423079,0.0007750143059741532
2026-04-01 17:10:00+00:00,658.3200073242188,658.4849853515625,658.1400146484375,658.3250122070312,810993,6.489698748901709,7.602478630630571e-06
2026-04-01 17:20:00+00:00,658.3300170898438,658.52001953125,658.2249755859375,658.2999877929688,880407,6.489660735930566,-3.801297114325308e-05
2026-04-01 17:30:00+00:00,658.3099975585938,658.4400024414062,657.7999267578125,658.0800170898438,1092753,6.489326530451363,-0.00033420547920304244
2026-04-01 17:40:00+00:00,658.0800170898438,658.25,657.5250244140625,657.625,970736,6.488634860050971,-0.0006916704003918639
2026-04-01 17:50:00+00:00,657.6300048828125,657.7949829101562,656.77001953125,656.7899780273438,1574625,6.487364299232739,-0.0012705608182317363
2026-04-01 18:00:00+00:00,656.7899780273438,656.9400024414062,655.655029296875,656.1098022460938,2685326,6.486328156410077,-0.0010361428226621783
2026-04-01 18:10:00+00:00,656.0999755859375,656.3900146484375,654.5399780273438,654.9749755859375,2372578,6.484597029693105,-0.0017311267169723976
2026-04-01 18:20:00+00:00,654.97998046875,655.22998046875,653.8300170898438,654.22998046875,2618252,6.483458941734982,-0.0011380879581226466
2026-04-01 18:30:00+00:00,654.2249755859375,654.77001953125,653.6669921875,654.4600219726562,2550919,6.4838105017008205,0.000351559965838355
2026-04-01 18:40:00+00:00,654.4500122070312,655.5,654.2899780273438,654.64501953125,2873025,6.484093133810483,0.0002826321096627282
2026-04-01 18:50:00+00:00,654.6500244140625,654.7899780273438,654.1300048828125,654.4099731445312,1401435,6.483734025307694,-0.0003591085027894181
2026-04-01 19:00:00+00:00,654.3900146484375,655.3643188476562,654.2550048828125,655.1699829101562,1809019,6.484894717860196,0.0011606925525020628
2026-04-01 19:10:00+00:00,655.1699829101562,655.6300048828125,654.8200073242188,655.5650024414062,1570242,6.485497462957601,0.0006027450974048776
2026-04-01 19:20:00+00:00,655.5700073242188,656.340087890625,655.280029296875,656.0999755859375,2053504,6.486313179139945,0.0008157161823438841
2026-04-01 19:30:00+00:00,656.0999755859375,656.3800048828125,655.6599731445312,656.2100219726562,3303609,6.486480893151392,0.0001677140114475506
2026-04-01 19:40:00+00:00,656.219970703125,656.75,655.869873046875,655.97998046875,3157744,6.4861302709002935,-0.00035062225109872003
2026-04-01 19:50:00+00:00,656.0,656.1199951171875,654.719970703125,655.1799926757812,6950935,6.484909995863495,-0.0012202750367986681
2026-04-02 13:30:00+00:00,646.4199829101562,647.469970703125,645.3200073242188,645.3499755859375,5672389,6.469792767450465,-0.01511722841302987
2026-04-02 13:40:00+00:00,645.3499755859375,647.4000244140625,645.1099853515625,647.0399780273438,2153478,6.472408082433322,0.0026153149828571642
2026-04-02 13:50:00+00:00,647.0499877929688,649.8900146484375,646.8900146484375,649.6300048828125,2359063,6.476402977563407,0.003994895130085219
2026-04-02 14:00:00+00:00,649.64501953125,650.52001953125,648.5499877929688,649.8400268554688,2753173,6.476726220068976,0.0003232425055683663
2026-04-02 14:10:00+00:00,649.8300170898438,650.77001953125,649.4201049804688,650.2999877929688,1858067,6.477433776103721,0.0007075560347455934
2026-04-02 14:20:00+00:00,650.2899780273438,651.0999755859375,650.010009765625,650.3400268554688,1699870,6.477495344350218,6.156824649661274e-05
2026-04-02 14:30:00+00:00,650.3499755859375,658.2000122070312,650.0999755859375,656.4500122070312,5513615,6.4868465479756425,0.009351203625424631
2026-04-02 14:40:00+00:00,656.4099731445312,656.6099853515625,654.0700073242188,654.1199951171875,3138446,6.483290813399485,-0.003555734576157654
2026-04-02 14:50:00+00:00,654.1300048828125,656.0,653.3699951171875,655.3900146484375,1800844,6.485230500641234,0.0019396872417489774
2026-04-02 15:00:00+00:00,655.3900146484375,655.47998046875,653.8200073242188,654.843017578125,1648259,6.484395539090674,-0.000834961550560287
2026-04-02 15:10:00+00:00,654.8499755859375,655.9299926757812,654.5999755859375,655.1900024414062,1338927,6.4849252736333804,0.0005297345427068834
2026-04-02 15:20:00+00:00,655.1799926757812,655.7100219726562,653.9199829101562,655.2899780273438,1468614,6.485077852211644,0.00015257857826345145
2026-04-02 15:30:00+00:00,655.3200073242188,655.889404296875,654.3200073242188,655.2100219726562,919055,6.4849558284729385,-0.00012202373870540129
2026-04-02 15:40:00+00:00,655.1900024414062,655.409912109375,654.0900268554688,654.1599731445312,907191,6.4833519288003565,-0.0016038996725820098
2026-04-02 15:50:00+00:00,654.1799926757812,654.7550048828125,653.0300903320312,654.0,1636172,6.483107351457199,-0.000244577343157637
2026-04-02 16:00:00+00:00,653.9849853515625,654.6699829101562,652.7999877929688,653.5800170898438,853620,6.482464969470461,-0.0006423819867382718
2026-04-02 16:10:00+00:00,653.5800170898438,653.739990234375,652.4600219726562,652.5,868213,6.480811139196849,-0.0016538302736117672
2026-04-02 16:20:00+00:00,652.489990234375,653.25,652.1699829101562,652.719970703125,1023242,6.481148202236252,0.0003370630394030627
2026-04-02 16:30:00+00:00,652.7100219726562,654.0,652.52001953125,653.280029296875,1008958,6.482005872417081,0.00085767018082894
2026-04-02 16:40:00+00:00,653.219970703125,654.9500122070312,653.2100219726562,654.27001953125,987130,6.483520140149216,0.001514267732135366
2026-04-02 16:50:00+00:00,654.27001953125,654.5800170898438,653.5399780273438,653.5599975585938,982425,6.482434338427073,-0.0010858017221435645
2026-04-02 17:00:00+00:00,653.5700073242188,654.0,653.030029296875,653.77001953125,476657,6.482755637520213,0.00032129909314004834
2026-04-02 17:10:00+00:00,653.7899780273438,655.030029296875,653.4099731445312,654.6099853515625,535681,6.48403961607778,0.0012839785575673446
2026-04-02 17:20:00+00:00,654.5700073242188,655.0399780273438,654.4144287109375,654.6300048828125,462052,6.484070197990036,3.058191225591145e-05
2026-04-02 17:30:00+00:00,654.6500244140625,654.75,653.9500122070312,654.2899780273438,822795,6.483550644667362,-0.000519553322673616
2026-04-02 17:40:00+00:00,654.280029296875,654.4199829101562,652.6900024414062,652.77001953125,698401,6.481224876632109,-0.002325768035253084
2026-04-02 17:50:00+00:00,652.760009765625,653.4749755859375,652.5499877929688,653.210205078125,649054,6.481898984180217,0.0006741075481073722
2026-04-02 18:00:00+00:00,653.239990234375,654.4180297851562,653.239990234375,654.0097045898438,912300,6.483122190169495,0.0012232059892784974
2026-04-02 18:10:00+00:00,653.989990234375,654.3400268554688,653.5900268554688,653.989990234375,768846,6.483092045888043,-3.0144281452315624e-05
2026-04-02 18:20:00+00:00,653.97998046875,654.0900268554688,653.3599853515625,653.510009765625,580645,6.482357850109365,-0.0007341957786781705
2026-04-02 18:30:00+00:00,653.5,653.8400268554688,653.3900146484375,653.5700073242188,793519,6.482449654066049,9.180395668462182e-05
2026-04-02 18:40:00+00:00,653.5399780273438,654.6500244140625,653.52001953125,654.4998779296875,979817,6.483871398840675,0.001421744774625644
2026-04-02 18:50:00+00:00,654.4945068359375,655.0150146484375,654.3200073242188,654.4600219726562,1037282,6.4838105017008205,-6.089713985435452e-05
2026-04-02 19:00:00+00:00,654.4600219726562,654.9099731445312,654.3900146484375,654.8300170898438,860988,6.484375686061807,0.0005651843609868479
2026-04-02 19:10:00+00:00,654.8499755859375,655.27001953125,654.280029296875,654.5401000976562,1162998,6.483932851765958,-0.00044283429584979217
2026-04-02 19:20:00+00:00,654.5449829101562,654.8499755859375,654.1300048828125,654.3798828125,2587120,6.4836880433925685,-0.00024480837338902717
2026-04-02 19:30:00+00:00,654.3699951171875,654.780029296875,654.0900268554688,654.760009765625,937364,6.48426877119097,0.0005807277984013481
2026-04-02 19:40:00+00:00,654.75,655.010009765625,654.1799926757812,654.5900268554688,1342879,6.484009126472053,-0.00025964471891715135
2026-04-02 19:50:00+00:00,654.6099853515625,656.0999755859375,654.5999755859375,655.8800048828125,5683917,6.485977852826341,0.0019687263542884637
2026-04-06 13:30:00+00:00,655.8599853515625,657.9099731445312,655.52001953125,656.59521484375,3535978,6.487067717261086,0.0010898644347445696
2026-04-06 13:40:00+00:00,656.5599975585938,657.8400268554688,655.8900146484375,657.0800170898438,1147287,6.487805802681771,0.0007380854206848753
2026-04-06 13:50:00+00:00,657.0999755859375,658.5499877929688,656.8599853515625,658.530029296875,918743,6.490010122720449,0.002204320038678098
2026-04-06 14:00:00+00:00,657.9299926757812,659.719970703125,656.030029296875,657.1651000976562,1823036,6.487935280823738,-0.0020748418967109217
2026-04-06 14:10:00+00:00,657.1599731445312,658.5399780273438,656.4199829101562,658.2849731445312,1152871,6.489637927454267,0.0017026466305294363
2026-04-06 14:20:00+00:00,658.280029296875,658.97998046875,658.1599731445312,658.3699951171875,732401,6.489767075902151,0.00012914844788358693
2026-04-06 14:30:00+00:00,658.4299926757812,659.0599975585938,656.771484375,657.0999755859375,1413101,6.487836176749564,-0.001930899152586818
2026-04-06 14:40:00+00:00,657.0800170898438,658.3400268554688,656.6199951171875,656.7756958007812,956244,6.487342553496157,-0.0004936232534067386
2026-04-06 14:50:00+00:00,656.8099975585938,657.905029296875,656.760009765625,657.489990234375,756839,6.488429539957897,0.0010869864617397695
2026-04-06 15:00:00+00:00,657.510009765625,658.0399780273438,657.0900268554688,657.739990234375,772025,6.488809701612852,0.00038016165495502463
2026-04-06 15:10:00+00:00,657.72998046875,657.739990234375,657.0399780273438,657.3455200195312,529651,6.48820978590608,-0.0005999157067719807
2026-04-06 15:20:00+00:00,657.3599853515625,657.5700073242188,656.6599731445312,656.9249877929688,439411,6.487569838135185,-0.0006399477708951551
2026-04-06 15:30:00+00:00,656.9299926757812,657.1300048828125,656.3400268554688,656.9749755859375,591804,6.4876459288489166,7.609071373160248e-05
2026-04-06 15:40:00+00:00,656.969970703125,657.5999755859375,656.7100219726562,657.4699096679688,405345,6.488398998241135,0.0007530693922186416
2026-04-06 15:50:00+00:00,657.469970703125,657.969970703125,657.260009765625,657.8499755859375,605988,6.488976904699948,0.000577906458812727
2026-04-06 16:00:00+00:00,657.8679809570312,658.0399780273438,657.280029296875,657.2899780273438,547910,6.4881252879714015,-0.0008516167285463894
2026-04-06 16:10:00+00:00,657.2999877929688,657.8200073242188,657.2000122070312,657.5800170898438,246855,6.4885664556431575,0.00044116767175594873
2026-04-06 16:20:00+00:00,657.5800170898438,658.0,657.4100952148438,657.793212890625,304883,6.488890615809701,0.0003241601665431304
2026-04-06 16:30:00+00:00,657.780029296875,658.510009765625,657.5800170898438,658.1400146484375,495454,6.489417696908625,0.0005270810989239649
2026-04-06 16:40:00+00:00,658.1300048828125,658.4600219726562,657.9400024414062,658.3499755859375,431559,6.489736667718639,0.00031897081001464045
2026-04-06 16:50:00+00:00,658.3699951171875,658.4625854492188,656.8800048828125,657.9299926757812,677501,6.489098531555308,-0.0006381361633316374
2026-04-06 17:00:00+00:00,657.9299926757812,657.989990234375,656.8150024414062,657.260009765625,669878,6.488079693262942,-0.001018838292365487
2026-04-06 17:10:00+00:00,657.280029296875,657.3099975585938,655.52001953125,656.47998046875,1212341,6.486892198942398,-0.0011874943205443245
2026-04-06 17:20:00+00:00,656.4600219726562,657.5700073242188,656.031005859375,657.3900756835938,584416,6.488277564802804,0.0013853658604059405
2026-04-06 17:30:00+00:00,657.4099731445312,658.0,657.0599975585938,657.2100219726562,586338,6.488003635548752,-0.00027392925405145263
2026-04-06 17:40:00+00:00,657.1900024414062,657.239990234375,656.6015014648438,656.8300170898438,1477153,6.487425259118645,-0.0005783764301074967
2026-04-06 17:50:00+00:00,656.8300170898438,656.97998046875,656.4299926757812,656.469970703125,555653,6.486876951193439,-0.0005483079252055489
2026-04-06 18:00:00+00:00,656.5,656.8699951171875,656.219970703125,656.7449951171875,483710,6.487295807854751,0.00041885666131147303
2026-04-06 18:10:00+00:00,656.72998046875,658.1300048828125,656.719970703125,657.9650268554688,870571,6.489151779237191,0.0018559713824402024
2026-04-06 18:20:00+00:00,657.9600219726562,658.6500244140625,657.7999877929688,658.239990234375,937237,6.489569591628628,0.0004178123914373444
2026-04-06 18:30:00+00:00,658.22998046875,658.5223999023438,657.72998046875,657.8900756835938,442039,6.489037859137916,-0.0005317324907121446
2026-04-06 18:40:00+00:00,657.9299926757812,658.280029296875,657.739990234375,658.1298828125,874299,6.48940230213897,0.0003644430010538713
2026-04-06 18:50:00+00:00,658.1300048828125,658.4099731445312,658.10498046875,658.2899780273438,434020,6.489645530337503,0.00024322819853317412
2026-04-06 19:00:00+00:00,658.3200073242188,658.4199829101562,657.9099731445312,657.97998046875,546426,6.489174506042944,-0.00047102429455936345
2026-04-06 19:10:00+00:00,657.97998046875,658.2199096679688,657.8599853515625,658.0499877929688,684163,6.489280897730023,0.00010639168707893276
2026-04-06 19:20:00+00:00,658.0599975585938,658.2899780273438,657.8599853515625,657.880126953125,548288,6.489022736846122,-0.0002581608839005156
2026-04-06 19:30:00+00:00,657.8800048828125,658.27001953125,657.8099975585938,658.1099853515625,682807,6.489372068347364,0.00034933150124150103
2026-04-06 19:40:00+00:00,658.1099853515625,658.780029296875,657.8300170898438,658.72998046875,1601782,6.490313709213516,0.0009416408661522269
2026-04-06 19:50:00+00:00,658.739990234375,658.9199829101562,658.0700073242188,658.8699951171875,2978275,6.49052623904284,0.00021252982932384867
2026-04-07 13:30:00+00:00,656.6500244140625,657.5800170898438,655.1400146484375,655.239990234375,5041732,6.48500156583254,-0.005524673210299369
2026-04-07 13:40:00+00:00,655.1900024414062,655.6599731445312,654.1599731445312,654.5800170898438,1290924,6.483993834698961,-0.001007731133578993
2026-04-07 13:50:00+00:00,654.5999755859375,655.9686279296875,654.010009765625,654.0499877929688,1111646,6.483183782470477,-0.0008100522284841816
2026-04-07 14:00:00+00:00,654.0311889648438,654.219970703125,651.9199829101562,652.3699951171875,2070909,6.480611878145972,-0.002571904324505603
2026-04-07 14:10:00+00:00,652.3699951171875,653.4600219726562,652.2899780273438,653.27001953125,1735683,6.481990549979744,0.0013786718337724935
2026-04-07 14:20:00+00:00,653.260009765625,654.780029296875,653.2391967773438,654.4000244140625,1652122,6.48371882259609,0.0017282726163454498
2026-04-07 14:30:00+00:00,654.4500122070312,655.3400268554688,653.8599853515625,654.3699951171875,1526726,6.483672933255056,-4.588934103377795e-05
2026-04-07 14:40:00+00:00,654.3900146484375,655.1400146484375,653.7598876953125,654.280029296875,1229771,6.483535439167598,-0.000137494087457668
2026-04-07 14:50:00+00:00,653.8099975585938,654.1298828125,652.5499877929688,652.5999755859375,1373177,6.480964346748765,-0.002571092418833132
2026-04-07 15:00:00+00:00,652.5800170898438,652.6900024414062,651.0599975585938,651.4299926757812,1910845,6.479169935189876,-0.0017944115588885978
2026-04-07 15:10:00+00:00,651.4199829101562,653.8599853515625,651.4199829101562,653.0150146484375,2560183,6.481600122348134,0.0024301871582572687
2026-04-07 15:20:00+00:00,653.0250244140625,653.3099975585938,652.3900146484375,653.2550048828125,662372,6.481967565883523,0.00036744353538953334
2026-04-07 15:30:00+00:00,653.260009765625,653.72998046875,652.75,653.0200805664062,794430,6.48160788005386,-0.0003596858296628369
2026-04-07 15:40:00+00:00,653.02001953125,653.2299194335938,652.5700073242188,652.9909057617188,1108484,6.48156320232144,-4.4677732420339566e-05
2026-04-07 15:50:00+00:00,653.0,654.4000244140625,652.6400146484375,653.8099975585938,1069521,6.482816785636326,0.0012535833148863418
2026-04-07 16:00:00+00:00,653.8200073242188,657.0,653.8099975585938,654.780029296875,2261918,6.484299346096134,0.001482560459807658
2026-04-07 16:10:00+00:00,654.77001953125,655.5399780273438,654.7000122070312,655.1799926757812,519567,6.484909995863495,0.0006106497673608047
2026-04-07 16:20:00+00:00,655.1699829101562,656.5399780273438,654.8499755859375,655.9199829101562,1302157,6.486038804233154,0.0011288083696587847
2026-04-07 16:30:00+00:00,655.8900146484375,656.3099975585938,655.3400268554688,655.5999755859375,596880,6.485550809630408,-0.0004879946027456228
2026-04-07 16:40:00+00:00,655.5999145507812,656.8699951171875,655.4500122070312,656.47998046875,518844,6.486892198942398,0.0013413893119897935
2026-04-07 16:50:00+00:00,656.469970703125,656.8300170898438,656.010009765625,656.0399780273438,494746,6.486221729202047,-0.0006704697403510096
2026-04-07 17:00:00+00:00,656.0499877929688,656.8800048828125,655.760009765625,656.4650268554688,648876,6.486869420207267,0.0006476910052199969
2026-04-07 17:10:00+00:00,656.4559936523438,656.6500244140625,655.8900146484375,656.0599975585938,383635,6.486252244454884,-0.000617175752382515
2026-04-07 17:20:00+00:00,656.0700073242188,656.1400146484375,655.47998046875,655.8200073242188,518465,6.485886372216328,-0.0003658722385564417
2026-04-07 17:30:00+00:00,655.8300170898438,658.3599853515625,655.5700073242188,657.4400024414062,1294386,6.488353508848604,0.002467136632276379
2026-04-07 17:40:00+00:00,657.4199829101562,657.4600219726562,656.3599853515625,656.8599853515625,587457,6.487470883674922,-0.0008826251736824275
2026-04-07 17:50:00+00:00,656.875,657.2899780273438,656.47998046875,656.7249755859375,837695,6.487265324430389,-0.0002055592445326937
2026-04-07 18:00:00+00:00,656.72998046875,657.02001953125,656.130126953125,656.3400268554688,488056,6.486678988276761,-0.0005863361536277978
2026-04-07 18:10:00+00:00,656.3499755859375,656.9099731445312,656.0900268554688,656.8400268554688,452406,6.487440498509496,0.0007615102327349632
2026-04-07 18:20:00+00:00,656.8300170898438,656.9299926757812,656.030029296875,656.1500244140625,1036504,6.486389458550346,-0.001051039959150124
2026-04-07 18:30:00+00:00,656.1300048828125,656.3400268554688,655.7899780273438,655.97998046875,619386,6.4861302709002935,-0.0002591876500526169
2026-04-07 18:40:00+00:00,655.9600219726562,656.0399780273438,654.9299926757812,655.030029296875,1025248,6.484681080839115,-0.0014491900611783848
2026-04-07 18:50:00+00:00,655.02001953125,655.02001953125,653.4301147460938,653.9600219726562,1501136,6.4830462211066,-0.0016348597325155367
2026-04-07 19:00:00+00:00,653.9600219726562,654.47998046875,653.4121704101562,653.7999877929688,1596466,6.4828014756192145,-0.0002447454873850674
2026-04-07 19:10:00+00:00,653.7999877929688,657.5700073242188,653.75,657.1799926757812,2504217,6.48795794241879,0.005156466799575377
2026-04-07 19:20:00+00:00,657.1400146484375,658.1699829101562,655.9299926757812,656.6599731445312,2531154,6.487166339831057,-0.0007916025877330313
2026-04-07 19:30:00+00:00,656.6500244140625,656.8099975585938,655.9199829101562,656.04150390625,2178133,6.486224055092515,-0.0009422847385414101
2026-04-07 19:40:00+00:00,656.0499877929688,659.2000122070312,655.8900146484375,657.719970703125,4095388,6.488779264302944,0.0025552092104286217
2026-04-07 19:50:00+00:00,657.75,659.5999755859375,657.7000122070312,659.260009765625,5494496,6.491118008683732,0.0023387443807880715
2026-04-08 13:30:00+00:00,676.3900146484375,677.0800170898438,675.2100219726562,675.4299926757812,10163642,6.515349514243819,0.024231505560086575
2026-04-08 13:40:00+00:00,675.4199829101562,676.405029296875,674.75,676.0999755859375,4376279,6.516340957986496,0.0009914437426772338
2026-04-08 13:50:00+00:00,676.10498046875,676.10498046875,673.969970703125,674.6300048828125,3316894,6.514164399674026,-0.0021765583124695453
2026-04-08 14:00:00+00:00,674.635009765625,675.22998046875,674.0599975585938,674.8499755859375,2466476,6.514490407778269,0.00032600810424288085
2026-04-08 14:10:00+00:00,674.8400268554688,675.27001953125,674.239990234375,674.5999755859375,1828464,6.514119886437122,-0.00037052134114734514
2026-04-08 14:20:00+00:00,674.6099853515625,675.1799926757812,674.0399780273438,674.1300048828125,2384029,6.5134229778950825,-0.0006969085420394094
2026-04-08 14:30:00+00:00,674.1300048828125,674.3499755859375,673.1799926757812,673.3200073242188,3248671,6.5122207104286485,-0.0012022674664340371
2026-04-08 14:40:00+00:00,673.3209228515625,673.97998046875,672.75,673.469970703125,1747987,6.512443407927105,0.00022269749845627018
2026-04-08 14:50:00+00:00,673.5050048828125,673.52001953125,671.4600219726562,672.8800048828125,2206167,6.511567014910769,-0.0008763930163357969
2026-04-08 15:00:00+00:00,672.8699951171875,673.97998046875,672.6400146484375,672.72998046875,1608601,6.511344031406905,-0.0002229835038640715
2026-04-08 15:10:00+00:00,672.72998046875,673.4600219726562,672.4600219726562,673.4099731445312,1418334,6.512354316751744,0.001010285344839268
2026-04-08 15:20:00+00:00,673.4199829101562,673.5900268554688,672.9600219726562,673.030029296875,946192,6.511789948704075,-0.0005643680476694612
2026-04-08 15:30:00+00:00,673.0900268554688,674.3200073242188,673.0050048828125,674.22998046875,1083006,6.513571270023604,0.0017813213195294608
2026-04-08 15:40:00+00:00,674.219970703125,674.8699951171875,673.77001953125,674.7849731445312,1485834,6.514394081817657,0.0008228117940527468
2026-04-08 15:50:00+00:00,674.7899780273438,675.1199951171875,674.760009765625,674.8900146484375,1088487,6.514549736334586,0.00015565451692900467
2026-04-08 16:00:00+00:00,674.8900146484375,675.6749877929688,674.8701171875,675.1900024414062,1241783,6.514994136361412,0.0004444000268257753
2026-04-08 16:10:00+00:00,675.2050170898438,675.3499755859375,674.47998046875,674.8099975585938,1169066,6.514431166149784,-0.0005629702116278779
2026-04-08 16:20:00+00:00,674.8200073242188,675.1199951171875,674.5900268554688,675.02001953125,847171,6.5147423489975385,0.0003111828477546652
2026-04-08 16:30:00+00:00,675.030029296875,675.510009765625,674.8900146484375,675.5050048828125,721533,6.515460566525748,0.0007182175282096637
2026-04-08 16:40:00+00:00,675.510009765625,676.1300048828125,675.47998046875,675.969970703125,816454,6.516148653019479,0.0006880864937306441
2026-04-08 16:50:00+00:00,675.969970703125,676.22998046875,675.842529296875,676.052978515625,866415,6.516271443557394,0.00012279053791530714
2026-04-08 17:00:00+00:00,676.0700073242188,676.4349975585938,675.7100219726562,675.8099975585938,768966,6.515911967835449,-0.00035947572194494626
2026-04-08 17:10:00+00:00,675.8099975585938,676.0800170898438,675.5499877929688,675.719970703125,794986,6.515778745697996,-0.0001332221374532594
2026-04-08 17:20:00+00:00,675.72998046875,675.9199829101562,674.77001953125,675.010009765625,1363540,6.514727520044985,-0.0010512256530113007
2026-04-08 17:30:00+00:00,675.0100708007812,675.5499877929688,674.739990234375,675.260009765625,1590763,6.5150978163549675,0.0003702963099829759
2026-04-08 17:40:00+00:00,675.260009765625,675.77001953125,675.1699829101562,675.4100952148438,1128647,6.515320054856113,0.00022223850114588828
2026-04-08 17:50:00+00:00,675.4299926757812,675.8900146484375,675.4299926757812,675.8099975585938,997943,6.515911967835449,0.0005919129793356959
2026-04-08 18:00:00+00:00,675.7999877929688,676.469970703125,675.3599853515625,676.4450073242188,1990066,6.51685115432026,0.0009391864848105058
2026-04-08 18:10:00+00:00,676.4450073242188,676.60498046875,674.3400268554688,674.8114013671875,2365789,6.514433246449629,-0.0024179078706305646
2026-04-08 18:20:00+00:00,674.77001953125,675.9400024414062,674.5900268554688,674.8800048828125,2119849,6.514534904525492,0.00010165807586304254
2026-04-08 18:30:00+00:00,674.9000244140625,675.3200073242188,674.510009765625,674.5499877929688,1534826,6.514045783788271,-0.0004891207372210715
2026-04-08 18:40:00+00:00,674.5549926757812,674.5900268554688,673.760009765625,673.8294067382812,1659288,6.512976973146093,-0.0010688106421783417
2026-04-08 18:50:00+00:00,673.8250122070312,674.2000122070312,672.8300170898438,672.9400024414062,2717145,6.5116561762522664,-0.0013207968938262482
2026-04-08 19:00:00+00:00,672.9249877929688,673.8800048828125,672.780029296875,673.6500244140625,2234257,6.512710724443321,0.0010545481910542165
2026-04-08 19:10:00+00:00,673.6699829101562,674.489990234375,673.6099853515625,673.7999877929688,1668420,6.512933312855754,0.00022258841243338878
2026-04-08 19:20:00+00:00,673.8099975585938,674.1799926757812,673.3900146484375,673.5399780273438,2349195,6.512547352703976,-0.0003859601517781641
2026-04-08 19:30:00+00:00,673.5399780273438,675.0399780273438,673.489990234375,674.7899780273438,2633935,6.514401498794103,0.001854146090127351
2026-04-08 19:40:00+00:00,674.7899780273438,675.0999755859375,674.1475219726562,674.9600219726562,3311297,6.514653462411383,0.00025196361727974903
2026-04-08 19:50:00+00:00,674.969970703125,676.0499877929688,674.9199829101562,675.8800048828125,8866057,6.516015552716826,0.0013620903054434308
2026-04-09 13:30:00+00:00,674.8400268554688,675.2999877929688,674.4299926757812,675.1500244140625,3236209,6.514934924567997,-0.0010806281488298097
2026-04-09 13:40:00+00:00,675.1199951171875,675.7899169921875,674.8499755859375,675.4550170898438,1627089,6.515386563161949,0.0004516385939528078
2026-04-09 13:50:00+00:00,675.4400024414062,675.4400024414062,674.6500244140625,675.27001953125,980699,6.515112639817472,-0.0002739233444772893
2026-04-09 14:00:00+00:00,675.260009765625,675.6900024414062,674.8800048828125,674.9849853515625,877911,6.514690446701519,-0.0004221931159529291
2026-04-09 14:10:00+00:00,674.969970703125,675.5,674.1599731445312,674.4000244140625,2277865,6.513823442888805,-0.0008670038127140955
2026-04-09 14:20:00+00:00,674.4199829101562,674.7899780273438,673.9299926757812,674.2949829101562,1163538,6.513667675271148,-0.00015576761765689895
2026-04-09 14:30:00+00:00,674.2899780273438,674.5599975585938,673.77001953125,674.4949951171875,1685874,6.513964255482679,0.00029658021153089464
2026-04-09 14:40:00+00:00,674.4600219726562,674.875,674.19091796875,674.760009765625,1300938,6.514357086564849,0.0003928310821699199
2026-04-09 14:50:00+00:00,674.7650146484375,675.5,674.6900024414062,675.3099975585938,1316059,6.515171841089296,0.0008147545244465704
2026-04-09 15:00:00+00:00,675.3099975585938,675.3800048828125,674.6099853515625,675.010009765625,739133,6.514727520044985,-0.0004443210443110246
2026-04-09 15:10:00+00:00,675.010009765625,676.469970703125,675.0,676.4199829101562,1840199,6.516814159624934,0.0020866395799492565
2026-04-09 15:20:00+00:00,676.4199829101562,676.5499877929688,675.77001953125,675.9299926757812,1506969,6.516089509549639,-0.0007246500752948748
2026-04-09 15:30:00+00:00,675.9199829101562,678.0700073242188,675.72998046875,677.239990234375,2620174,6.51802570084029,0.0019361912906514789
2026-04-09 15:40:00+00:00,677.219970703125,678.4390258789062,677.0999755859375,677.969970703125,1393561,6.5191029959611795,0.0010772951208890547
2026-04-09 15:50:00+00:00,677.969970703125,678.9000244140625,677.8499755859375,678.8300170898438,1162883,6.520370753198276,0.0012677572370964896
2026-04-09 16:00:00+00:00,678.8200073242188,680.75,678.8200073242188,679.8699951171875,2258133,6.521901596241034,0.0015308430427580788
2026-04-09 16:10:00+00:00,679.8800048828125,680.3400268554688,679.4500122070312,680.280029296875,957671,6.522504521190118,0.0006029249490842048
2026-04-09 16:20:00+00:00,680.2999877929688,680.3900146484375,679.6300048828125,679.9000244140625,925860,6.521945764440727,-0.0005587567493909873
2026-04-09 16:30:00+00:00,679.9199829101562,680.0,679.1900024414062,679.4000244140625,748068,6.5212100916612235,-0.0007356727795038154
2026-04-09 16:40:00+00:00,679.4000244140625,679.4299926757812,678.969970703125,679.1591186523438,1445897,6.5208554427444305,-0.0003546489167929323
2026-04-09 16:50:00+00:00,679.1599731445312,680.0999755859375,679.1599731445312,679.8699951171875,1000736,6.521901596241034,0.0010461534966035302
2026-04-09 17:00:00+00:00,679.85498046875,680.6500244140625,679.7100219726562,680.4849853515625,701736,6.522805757706388,0.000904161465354214
2026-04-09 17:10:00+00:00,680.489990234375,681.0159912109375,680.27001953125,680.7999267578125,1163656,6.523268469676627,0.0004627119702389493
2026-04-09 17:20:00+00:00,680.7999877929688,680.8699951171875,680.280029296875,680.2901000976562,783961,6.5225193249853275,-0.0007491446912997191
2026-04-09 17:30:00+00:00,680.2999267578125,681.0599975585938,679.6599731445312,681.0,983468,6.523562306149512,0.0010429811641845532
2026-04-09 17:40:00+00:00,681.0,681.1599731445312,680.5,680.8099975585938,779614,6.523283262166902,-0.0002790439826103608
2026-04-09 17:50:00+00:00,680.8099975585938,680.8099975585938,680.3400268554688,680.5399780273438,482630,6.522886568385532,-0.00039669378136952815
2026-04-09 18:00:00+00:00,680.5399780273438,680.6099853515625,678.6900024414062,679.47998046875,1733082,6.521327771006702,-0.0015587973788298015
2026-04-09 18:10:00+00:00,679.47998046875,679.6199951171875,678.97998046875,679.3099975585938,627731,6.521077573531314,-0.00025019747538834736
2026-04-09 18:20:00+00:00,679.3400268554688,679.469970703125,678.5800170898438,678.8499755859375,1005089,6.520400154082435,-0.0006774194488787799
2026-04-09 18:30:00+00:00,678.8599853515625,679.3900146484375,678.4400024414062,679.3200073242188,771702,6.52109230861826,0.0006921545358249404
2026-04-09 18:40:00+00:00,679.2999877929688,679.4199829101562,678.8150024414062,679.2000122070312,805195,6.520915652969799,-0.00017665564846147674
2026-04-09 18:50:00+00:00,679.1900024414062,679.3099975585938,678.780029296875,679.1199951171875,887048,6.520797835239801,-0.00011781772999786
2026-04-09 19:00:00+00:00,679.1300048828125,680.0599975585938,678.9503173828125,680.0399780273438,826384,6.522151587658699,0.0013537524188977912
2026-04-09 19:10:00+00:00,680.0499877929688,680.239990234375,679.6099853515625,679.6749877929688,898839,6.5216147247832925,-0.0005368628754061078
2026-04-09 19:20:00+00:00,679.6799926757812,680.0800170898438,679.5999755859375,679.9199829101562,810229,6.52197511905529,0.0003603942719978548
2026-04-09 19:30:00+00:00,679.9099731445312,680.6699829101562,679.8699951171875,680.2849731445312,1545789,6.522511788535152,0.000536669479861196
2026-04-09 19:40:00+00:00,680.2849731445312,680.5499877929688,680.0,680.1199951171875,1635991,6.522269246009945,-0.0002425425252061686
2026-04-09 19:50:00+00:00,680.1199951171875,680.6699829101562,679.8300170898438,679.8699951171875,3799441,6.521901596241034,-0.00036764976891134893
2026-04-10 13:30:00+00:00,681.3200073242188,681.9299926757812,680.52001953125,680.739990234375,3194914,6.523180427419873,0.0012788311788387574
2026-04-10 13:40:00+00:00,680.72998046875,681.0198974609375,680.3300170898438,680.52001953125,1483984,6.522857240514416,-0.00032318690545718454
2026-04-10 13:50:00+00:00,680.489990234375,680.9000244140625,680.1699829101562,680.760009765625,1255145,6.523209835471657,0.0003525949572411591
2026-04-10 14:00:00+00:00,680.75,680.7899780273438,680.0280151367188,680.5499877929688,960026,6.522901276841074,-0.00030855863058310007
2026-04-10 14:10:00+00:00,680.5700073242188,681.3699951171875,680.1300048828125,681.3300170898438,1002879,6.524046795358675,0.0011455185176014737
2026-04-10 14:20:00+00:00,681.3400268554688,681.5700073242188,681.1099853515625,681.52001953125,678511,6.524325626392951,0.00027883103427583933
2026-04-10 14:30:00+00:00,681.5399780273438,681.9400024414062,681.3599853515625,681.4299926757812,784288,6.524193520512628,-0.00013210588032297466
2026-04-10 14:40:00+00:00,681.4299926757812,681.5399780273438,680.4199829101562,680.739990234375,1188784,6.523180427419873,-0.0010130930927552129
2026-04-10 14:50:00+00:00,680.739990234375,681.5,680.6400146484375,681.3599853515625,684335,6.524090779334003,0.0009103519141300254
2026-04-10 15:00:00+00:00,681.3599853515625,681.549072265625,680.880126953125,681.4299926757812,891635,6.524193520512628,0.0001027411786251875
2026-04-10 15:10:00+00:00,681.4201049804688,681.8400268554688,681.2899780273438,681.5599975585938,667458,6.5243842847649525,0.00019076425232444905
2026-04-10 15:20:00+00:00,681.5700073242188,682.030029296875,681.1500244140625,681.239990234375,740579,6.523914652635562,-0.0004696321293904404
2026-04-10 15:30:00+00:00,681.22998046875,681.4500122070312,680.3800048828125,680.4500122070312,1046846,6.522754361945971,-0.0011602906895911147
2026-04-10 15:40:00+00:00,680.4500122070312,680.7172241210938,680.0700073242188,680.2349853515625,820544,6.522438305169208,-0.0003160567767626077
2026-04-10 15:50:00+00:00,680.239990234375,680.3499755859375,679.1199951171875,679.4600219726562,1042215,6.521298397383055,-0.0011399077861531381
2026-04-10 16:00:00+00:00,679.4600219726562,679.5700073242188,679.1099853515625,679.375,1251563,6.521173257875474,-0.00012513950758119563
2026-04-10 16:10:00+00:00,679.3599853515625,680.1099853515625,679.3400268554688,679.8200073242188,579803,6.521828068020775,0.0006548101453009991
2026-04-10 16:20:00+00:00,679.8699951171875,679.8900146484375,679.3800048828125,679.52001953125,455651,6.521386695307676,-0.0004413727130989642
2026-04-10 16:30:00+00:00,679.52001953125,679.7100219726562,678.97998046875,679.0800170898438,519332,6.520738966108604,-0.0006477291990716338
2026-04-10 16:40:00+00:00,679.0900268554688,679.25,678.5,679.219970703125,834161,6.520945037838022,0.00020607172941744523
2026-04-10 16:50:00+00:00,679.2100219726562,679.6799926757812,679.010009765625,679.489990234375,701857,6.521342502407456,0.000397464569434014
2026-04-10 17:00:00+00:00,679.469970703125,679.4890747070312,678.6099853515625,678.9099731445312,636427,6.520488531352201,-0.0008539710552550872
2026-04-10 17:10:00+00:00,678.9099731445312,679.2271118164062,678.6799926757812,679.010009765625,450545,6.520635869372899,0.00014733802069866186
2026-04-10 17:20:00+00:00,679.0250244140625,679.0900268554688,678.5900268554688,678.6701049804688,399584,6.520135155267175,-0.0005007141057244979
2026-04-10 17:30:00+00:00,678.6500244140625,679.0399780273438,678.4500122070312,678.9849853515625,478745,6.520599014429906,0.00046385916273106176
2026-04-10 17:40:00+00:00,678.97998046875,679.3099975585938,678.77001953125,679.25,475411,6.520989248306457,0.0003902338765513491
2026-04-10 17:50:00+00:00,679.25,679.530029296875,679.2293701171875,679.4500122070312,448050,6.521283665332554,0.0002944170260965606
2026-04-10 18:00:00+00:00,679.4500122070312,679.4749755859375,678.8499755859375,678.994873046875,1153984,6.52061357678921,-0.0006700885433437165
2026-04-10 18:10:00+00:00,678.989990234375,679.530029296875,678.9400024414062,679.4949951171875,378773,6.521349868026453,0.0007362912372430586
2026-04-10 18:20:00+00:00,679.4949951171875,679.7000122070312,679.3300170898438,679.4000244140625,602180,6.5212100916612235,-0.00013977636522977122
2026-04-10 18:30:00+00:00,679.4149780273438,679.4600219726562,679.1199951171875,679.219970703125,585203,6.520945037838022,-0.00026505382320163307
2026-04-10 18:40:00+00:00,679.219970703125,679.3099975585938,678.8699951171875,679.1400146484375,461596,6.520827313441482,-0.00011772439653956468
2026-04-10 18:50:00+00:00,679.1199951171875,679.3699951171875,679.0700073242188,679.3099975585938,659460,6.521077573531314,0.0002502600898317553
2026-04-10 19:00:00+00:00,679.3200073242188,679.739990234375,679.2899780273438,679.5750122070312,768105,6.521467620738977,0.0003900472076630024
2026-04-10 19:10:00+00:00,679.5800170898438,679.989990234375,679.5499877929688,679.864990234375,1439279,6.52189423468475,0.00042661394577336864
2026-04-10 19:20:00+00:00,679.864990234375,679.97998046875,679.4500122070312,679.6400756835938,642079,6.521563357575909,-0.00033087710884149857
2026-04-10 19:30:00+00:00,679.6500244140625,679.6500244140625,678.969970703125,679.0700073242188,874771,6.520724225814166,-0.000839131761742884
2026-04-10 19:40:00+00:00,679.0599975585938,679.260009765625,678.6599731445312,678.8400268554688,2139631,6.520385498703886,-0.0003387271102797129
2026-04-10 19:50:00+00:00,678.8499755859375,679.5399780273438,678.6699829101562,679.3400268554688,3608862,6.5211217781408015,0.0007362794369152326
2026-04-13 13:30:00+00:00,677.4099731445312,677.9299926757812,676.5800170898438,677.25,4308735,6.518040480965205,-0.0030812971755969087
2026-04-13 13:40:00+00:00,677.25,678.969970703125,676.7000122070312,678.7899780273438,1439938,6.520311769001438,0.002271288036233443
2026-04-13 13:50:00+00:00,678.77001953125,679.72998046875,678.0,679.7100219726562,1921886,6.521666268943988,0.0013544999425496584
2026-04-13 14:00:00+00:00,679.719970703125,680.02001953125,678.8599853515625,679.3599853515625,1346861,6.521151156952778,-0.0005151119912101265
2026-04-13 14:10:00+00:00,679.3350219726562,679.3699951171875,678.5449829101562,679.005615234375,670484,6.520629397383669,-0.0005217595691089372
2026-04-13 14:20:00+00:00,679.010009765625,679.5900268554688,678.4000244140625,679.5687866210938,1047935,6.521458459698118,0.0008290623144491249
2026-04-13 14:30:00+00:00,679.5700073242188,679.97998046875,679.3099975585938,679.510009765625,520129,6.521371964557936,-8.649514018177484e-05
2026-04-13 14:40:00+00:00,679.510009765625,680.0999755859375,679.469970703125,679.5999755859375,622770,6.5215043538736115,0.00013238931567549628
2026-04-13 14:50:00+00:00,679.6099853515625,680.6599731445312,679.5,680.5213012695312,822695,6.522859123981525,0.0013547701079135166
2026-04-13 15:00:00+00:00,680.530029296875,680.530029296875,679.6400146484375,679.97998046875,1074811,6.522063357249641,-0.0007957667318843065
2026-04-13 15:10:00+00:00,679.97998046875,680.3098754882812,679.6199951171875,679.6799926757812,632257,6.521622088397484,-0.00044126885215689526
2026-04-13 15:20:00+00:00,679.6749877929688,680.0700073242188,679.469970703125,679.510009765625,616896,6.521371964557936,-0.00025012383954781114
2026-04-13 15:30:00+00:00,679.530029296875,680.260009765625,679.219970703125,679.9600219726562,629987,6.5220340052251995,0.0006620406672634971
2026-04-13 15:40:00+00:00,679.9600219726562,680.0499877929688,679.280029296875,679.469970703125,438505,6.521313039388931,-0.0007209658362681282
2026-04-13 15:50:00+00:00,679.469970703125,679.6500244140625,679.3099975585938,679.47998046875,383056,6.521327771006702,1.4731617770991079e-05
2026-04-13 16:00:00+00:00,679.4700927734375,680.4000244140625,679.0150146484375,679.719970703125,694651,6.521680905564517,0.00035313455781427194
2026-04-13 16:10:00+00:00,679.7100219726562,680.239990234375,679.6400146484375,680.2000122070312,620282,6.522386890519333,0.00070598495481633
2026-04-13 16:20:00+00:00,680.2100219726562,681.6199951171875,680.2100219726562,681.3900146484375,1012771,6.52413485094931,0.0017479604299772689
2026-04-13 16:30:00+00:00,681.3800048828125,682.3200073242188,681.1400146484375,681.47998046875,1403637,6.524266875017292,0.00013202406798207278
2026-04-13 16:40:00+00:00,681.47998046875,682.3699951171875,680.7000122070312,682.0399780273438,1366815,6.525088274933869,0.0008213999165764818
2026-04-13 16:50:00+00:00,682.0800170898438,682.8300170898438,681.8400268554688,682.3099975585938,1059650,6.525484096445369,0.0003958215114998609
2026-04-13 17:00:00+00:00,682.3200073242188,682.5499877929688,682.0900268554688,682.239990234375,670735,6.525381487783309,-0.00010260866205946684
2026-04-13 17:10:00+00:00,682.22998046875,682.8200073242188,682.1699829101562,682.5700073242188,622198,6.525865096632696,0.0004836088493869184
2026-04-13 17:20:00+00:00,682.5700073242188,682.5700073242188,682.2700805664062,682.47998046875,547513,6.525733193982385,-0.0001319026503114884
2026-04-13 17:30:00+00:00,682.489990234375,682.7000122070312,682.0999755859375,682.260009765625,577051,6.525410831178328,-0.00032236280405673057
2026-04-13 17:40:00+00:00,682.25,682.3699951171875,682.030029296875,682.0650024414062,513645,6.525124964799273,-0.000285866379054589
2026-04-13 17:50:00+00:00,682.0650024414062,682.3107299804688,681.8699951171875,682.1400146484375,535621,6.525234936843309,0.00010997204403562222
2026-04-13 18:00:00+00:00,682.1500244140625,682.5499877929688,682.1500244140625,682.4949951171875,876531,6.525755193870597,0.0005202570272881957
2026-04-13 18:10:00+00:00,682.489990234375,682.6199951171875,682.47998046875,682.489990234375,411444,6.525747860628303,-7.333242294293996e-06
2026-04-13 18:20:00+00:00,682.489990234375,682.6500244140625,682.2100219726562,682.375,514253,6.525579360101922,-0.00016850052638073265
2026-04-13 18:30:00+00:00,682.3699951171875,682.6799926757812,682.27001953125,682.614990234375,453302,6.525930996727193,0.00035163662527093464
2026-04-13 18:40:00+00:00,682.614990234375,683.22998046875,682.5399780273438,683.0999755859375,1058498,6.526641225997703,0.0007102292705098989
2026-04-13 18:50:00+00:00,683.0999755859375,683.469970703125,683.030029296875,683.2949829101562,761265,6.526926659318911,0.00028543332120811726
2026-04-13 19:00:00+00:00,683.2899780273438,683.5700073242188,683.1199951171875,683.27880859375,764977,6.52690298797894,-2.367133997083215e-05
2026-04-13 19:10:00+00:00,683.27001953125,683.5,683.0399780273438,683.4500122070312,843175,6.527153518459561,0.00025053048062062544
2026-04-13 19:20:00+00:00,683.4550170898438,683.8400268554688,683.4000244140625,683.8049926757812,1138734,6.527672778547047,0.0005192600874863729
2026-04-13 19:30:00+00:00,683.7999877929688,684.5,683.6599731445312,684.1799926757812,1574730,6.528221030192217,0.0005482516451698061
2026-04-13 19:40:00+00:00,684.1699829101562,684.27001953125,683.780029296875,684.0700073242188,1564527,6.528060262274367,-0.00016076791785035738
2026-04-13 19:50:00+00:00,684.0700073242188,686.2999877929688,684.0599975585938,686.010009765625,8484074,6.53089221911451,0.00283195684014359
2026-04-14 13:30:00+00:00,687.6900024414062,689.3499755859375,687.6599731445312,689.030029296875,4782299,6.535284853949069,0.004392634834558429
2026-04-14 13:40:00+00:00,689.0399780273438,689.9650268554688,688.97998046875,689.7691040039062,2292636,6.536356909711167,0.0010720557620986781
2026-04-14 13:50:00+00:00,689.7650146484375,689.8599853515625,689.4219970703125,689.489990234375,843531,6.5359521797014,-0.0004047300097669293
2026-04-14 14:00:00+00:00,689.489990234375,690.4199829101562,689.4600219726562,690.3800048828125,1993357,6.537242177708473,0.0012899980070724126
2026-04-14 14:10:00+00:00,690.3699951171875,691.0499877929688,690.1500244140625,690.6599731445312,1869704,6.537647623271249,0.0004054455627757747
2026-04-14 14:20:00+00:00,690.6599731445312,691.030029296875,690.6300048828125,690.97998046875,1157136,6.538110851522725,0.00046322825147626645
2026-04-14 14:30:00+00:00,690.989990234375,691.3757934570312,690.7899780273438,690.8200073242188,1314942,6.537879308395414,-0.0002315431273105517
2026-04-14 14:40:00+00:00,690.8200073242188,691.469970703125,690.6099853515625,691.3200073242188,1561186,6.538602824126834,0.0007235157314200436
2026-04-14 14:50:00+00:00,691.3200073242188,691.6798706054688,691.0900268554688,691.5399169921875,1110053,6.538920874662475,0.0003180505356406016
2026-04-14 15:00:00+00:00,691.530029296875,691.5700073242188,690.9000244140625,690.989990234375,1072776,6.538125337750121,-0.0007955369123537892
2026-04-14 15:10:00+00:00,690.969970703125,691.7100219726562,690.9000244140625,691.5900268554688,840626,6.538993333311102,0.0008679955609807166
2026-04-14 15:20:00+00:00,691.5999755859375,692.469970703125,691.510009765625,692.25,1855434,6.539947162051071,0.0009538287399690759
2026-04-14 15:30:00+00:00,692.25,692.780029296875,692.239990234375,692.6900024414062,974086,6.54058257218499,0.0006354101339187679
2026-04-14 15:40:00+00:00,692.6849975585938,693.1599731445312,692.47998046875,692.9299926757812,1436943,6.540928973417103,0.0003464012321137133
2026-04-14 15:50:00+00:00,692.9202270507812,693.2999877929688,692.8300170898438,692.8599853515625,1372812,6.540827937437066,-0.00010103598003752268
2026-04-14 16:00:00+00:00,692.8599853515625,693.1699829101562,692.780029296875,693.0650024414062,1313956,6.541123793407836,0.000295855970770198
2026-04-14 16:10:00+00:00,693.0650024414062,693.2899780273438,692.9000244140625,693.27001953125,718098,6.541419561873739,0.0002957684659028459
2026-04-14 16:20:00+00:00,693.2700805664062,693.719970703125,693.1900024414062,693.594970703125,1224862,6.5418881744353214,0.0004686125615824821
2026-04-14 16:30:00+00:00,693.5900268554688,693.719970703125,693.1900024414062,693.4099731445312,1517819,6.541621416107586,-0.0002667583277355945
2026-04-14 16:40:00+00:00,693.405029296875,693.6599731445312,693.3099975585938,693.6099853515625,965464,6.5419098217749925,0.00028840566740662155
2026-04-14 16:50:00+00:00,693.614990234375,693.6400146484375,692.8300170898438,692.9500122070312,1181011,6.540957864130846,-0.0009519576441467947
2026-04-14 17:00:00+00:00,692.9530029296875,693.3800048828125,692.9500122070312,693.14501953125,749713,6.54123924069023,0.0002813765593847606
2026-04-14 17:10:00+00:00,693.1500244140625,693.739990234375,693.1199951171875,693.6950073242188,658942,6.542032393196866,0.000793152506635586
2026-04-14 17:20:00+00:00,693.6950073242188,694.0599975585938,693.6500244140625,693.739990234375,1180930,6.542097236465562,6.484326869582446e-05
2026-04-14 17:30:00+00:00,693.739990234375,694.0999755859375,693.7349853515625,693.9349975585938,605008,6.542378292659869,0.0002810561943071832
2026-04-14 17:40:00+00:00,693.9400024414062,694.0900268554688,693.8599853515625,693.9849853515625,1568145,6.542450325332654,7.203267278477199e-05
2026-04-14 17:50:00+00:00,693.989990234375,694.0499877929688,693.5800170898438,693.7249755859375,839381,6.5420755931825845,-0.0003747321500693346
2026-04-14 18:00:00+00:00,693.719970703125,693.9349975585938,693.6799926757812,693.8400268554688,1116077,6.542241425081764,0.00016583189917973584
2026-04-14 18:10:00+00:00,693.8400268554688,693.8400268554688,692.72998046875,692.9500122070312,1230828,6.540957864130846,-0.0012835609509185275
2026-04-14 18:20:00+00:00,692.9558715820312,693.1300048828125,692.1300048828125,692.5999755859375,1661896,6.540452596718447,-0.0005052674123984247
2026-04-14 18:30:00+00:00,692.5999755859375,693.0399780273438,692.530029296875,692.9849853515625,714994,6.541008332795827,0.0005557360773797981
2026-04-14 18:40:00+00:00,692.97998046875,693.1900024414062,692.3200073242188,692.4099731445312,877195,6.540178226931036,-0.000830105864791264
2026-04-14 18:50:00+00:00,692.4000244140625,692.7999877929688,692.35498046875,692.760009765625,779156,6.540683632957536,0.0005054060264999549
2026-04-14 19:00:00+00:00,692.760009765625,693.4600219726562,692.6900024414062,693.3770751953125,861758,6.541573971261221,0.0008903383036855672
2026-04-14 19:10:00+00:00,693.375,693.8400268554688,693.2899780273438,693.6749877929688,1540636,6.54200353351081,0.0004295622495886775
2026-04-14 19:20:00+00:00,693.6699829101562,694.2698974609375,693.6500244140625,694.239990234375,2154372,6.542817707983399,0.0008141744725893574
2026-04-14 19:30:00+00:00,694.22998046875,694.5800170898438,693.72998046875,694.3200073242188,1458352,6.542932959884754,0.00011525190135497354
2026-04-14 19:40:00+00:00,694.3200073242188,694.3499755859375,693.8400268554688,694.0499877929688,1401353,6.542543986433003,-0.0003889734517512622
2026-04-14 19:50:00+00:00,694.0499877929688,694.4099731445312,693.4099731445312,694.39501953125,3678828,6.543040990986389,0.0004970045533863043
2026-04-15 13:30:00+00:00,695.260009765625,696.3099975585938,695.0800170898438,696.280029296875,3555859,6.545751920360791,0.0027109293744018714
2026-04-15 13:40:00+00:00,696.280029296875,696.3499755859375,694.2000122070312,695.02001953125,1819257,6.543940650230869,-0.0018112701299219935
2026-04-15 13:50:00+00:00,695.030029296875,695.7100219726562,694.52001953125,695.6799926757812,908695,6.5448897739646466,0.0009491237337773129
2026-04-15 14:00:00+00:00,695.6799926757812,695.760009765625,695.0,695.4500732421875,856267,6.544559223369386,-0.00033055059526088115
2026-04-15 14:10:00+00:00,695.4600219726562,696.3699951171875,695.3599853515625,695.9000244140625,1630082,6.545206006933521,0.0006467835641350561
2026-04-15 14:20:00+00:00,695.8699951171875,696.9400024414062,695.8699951171875,696.9199829101562,1497438,6.546670602032745,0.001464595099224475
2026-04-15 14:30:00+00:00,696.9199829101562,697.0700073242188,695.9299926757812,696.0288696289062,1398409,6.5453911388260515,-0.0012794632066936984
2026-04-15 14:40:00+00:00,696.030029296875,697.02001953125,696.030029296875,697.02001953125,1171209,6.5468141327745135,0.0014229939484620147
2026-04-15 14:50:00+00:00,697.02001953125,697.1400146484375,696.6199951171875,696.72998046875,880011,6.546397933216936,-0.0004161995575771016
2026-04-15 15:00:00+00:00,696.739990234375,697.0,696.4400024414062,696.6699829101562,884367,6.5463118164375365,-8.611677939995843e-05
2026-04-15 15:10:00+00:00,696.6799926757812,697.4400024414062,696.6300048828125,697.3599853515625,1611914,6.54730175569776,0.0009899392602239487
2026-04-15 15:20:00+00:00,697.3699951171875,697.5599975585938,697.239990234375,697.3699951171875,1459653,6.547316109394555,1.43536967947e-05
2026-04-15 15:30:00+00:00,697.3699951171875,697.3900146484375,696.8200073242188,697.10498046875,1114570,6.546936017021055,-0.0003800923734997852
2026-04-15 15:40:00+00:00,697.1099853515625,697.5599975585938,697.0999755859375,697.4298706054688,735100,6.547401964705829,0.00046594768477348225
2026-04-15 15:50:00+00:00,697.4299926757812,697.510009765625,696.905029296875,697.010009765625,729604,6.546799771870638,-0.0006021928351911399
2026-04-15 16:00:00+00:00,697.010009765625,697.469970703125,696.7999877929688,697.4299926757812,933504,6.547402139734612,0.0006023678639746066
2026-04-15 16:10:00+00:00,697.4298095703125,697.5900268554688,697.219970703125,697.5800170898438,654803,6.547617226957772,0.0002150872231601042
2026-04-15 16:20:00+00:00,697.5900268554688,697.7999877929688,697.3300170898438,697.3599243164062,1203680,6.547301668174587,-0.0003155587831855655
2026-04-15 16:30:00+00:00,697.3599853515625,697.4949951171875,697.1199951171875,697.169921875,880023,6.547029171399991,-0.0002724967745955098
2026-04-15 16:40:00+00:00,697.1500244140625,697.1599731445312,695.9600219726562,696.6649780273438,1392969,6.546304632403614,-0.0007245389963772553
2026-04-15 16:50:00+00:00,696.6799926757812,696.780029296875,695.7000122070312,696.530029296875,862660,6.546110906858832,-0.00019372554478191972
2026-04-15 17:00:00+00:00,696.5599975585938,697.4000244140625,696.4099731445312,697.219970703125,986683,6.547100957388133,0.000990050529300568
2026-04-15 17:10:00+00:00,697.22998046875,697.4500122070312,697.0,697.2899780273438,509718,6.547201361582942,0.00010040419480894514
2026-04-15 17:20:00+00:00,697.280029296875,697.6199951171875,697.0692749023438,697.4199829101562,575849,6.547387787272626,0.0001864256896846328
2026-04-15 17:30:00+00:00,697.4199829101562,698.0,697.3800048828125,697.6500244140625,1012354,6.54771757933293,0.00032979206030336883
2026-04-15 17:40:00+00:00,697.655029296875,697.7000122070312,697.280029296875,697.5599975585938,921632,6.547588528001336,-0.00012905133159346605
2026-04-15 17:50:00+00:00,697.5599975585938,697.8699951171875,697.4500122070312,697.4801025390625,644863,6.547473986462906,-0.00011454153843004633
2026-04-15 18:00:00+00:00,697.489990234375,698.6199951171875,697.1900024414062,698.0999755859375,1457486,6.548362324004199,0.0008883375412924721
2026-04-15 18:10:00+00:00,698.1099853515625,698.6500244140625,697.8599853515625,698.364990234375,990463,6.548741874738525,0.00037955073432627273
2026-04-15 18:20:00+00:00,698.3599853515625,698.5800170898438,698.1799926757812,698.5,840242,6.5489351786970165,0.00019330395849159743
2026-04-15 18:30:00+00:00,698.489990234375,699.2000122070312,698.47998046875,699.010009765625,1680328,6.549665062253775,0.0007298835567581818
2026-04-15 18:40:00+00:00,699.0,699.260009765625,698.5999755859375,699.260009765625,1126968,6.550022646982292,0.0003575847285173239
2026-04-15 18:50:00+00:00,699.27001953125,699.8400268554688,699.22998046875,699.6400146484375,1296466,6.5505659379759695,0.0005432909936775587
2026-04-15 19:00:00+00:00,699.6400146484375,699.9224853515625,699.3900146484375,699.8499755859375,1341760,6.550865991481947,0.0003000535059776155
2026-04-15 19:10:00+00:00,699.85498046875,699.9600219726562,699.3800048828125,699.6400146484375,1626250,6.5505659379759695,-0.0003000535059776155
2026-04-15 19:20:00+00:00,699.635009765625,700.030029296875,699.5399780273438,700.0,1336172,6.551080335043404,0.0005143970674348353
2026-04-15 19:30:00+00:00,699.9949951171875,700.1400146484375,699.52001953125,699.52001953125,1850692,6.55039441346905,-0.0006859215743544311
2026-04-15 19:40:00+00:00,699.5250244140625,699.8400268554688,699.260009765625,699.5499877929688,2527412,6.550437253729461,4.284026041112554e-05
2026-04-15 19:50:00+00:00,699.5499877929688,700.280029296875,699.510009765625,699.8400268554688,3835136,6.550851775862129,0.00041452213266790494
2026-04-16 13:30:00+00:00,701.0599975585938,701.2999877929688,700.52001953125,700.6199951171875,2847693,6.551965650346405,0.001113874484276245
2026-04-16 13:40:00+00:00,700.6500244140625,700.969970703125,700.1099853515625,700.6099853515625,1315701,6.551951363233276,-1.4287113129007878e-05
2026-04-16 13:50:00+00:00,700.6300048828125,700.6300048828125,698.530029296875,699.47998046875,1906889,6.55033717392293,-0.0016141893103460703
2026-04-16 14:00:00+00:00,699.469970703125,699.9199829101562,698.719970703125,699.6400146484375,1280356,6.5505659379759695,0.00022876405303939862
2026-04-16 14:10:00+00:00,699.6500244140625,700.1500244140625,698.8599853515625,698.919921875,1251403,6.549536174691228,-0.0010297632847411364
2026-04-16 14:20:00+00:00,698.9199829101562,699.3499755859375,698.6519775390625,699.1400146484375,1326142,6.549851029254335,0.00031485456310687
2026-04-16 14:30:00+00:00,699.14990234375,699.4400024414062,698.9299926757812,699.0599975585938,830925,6.549736571967491,-0.00011445728684389422
2026-04-16 14:40:00+00:00,699.0599975585938,699.9500122070312,698.8699951171875,699.9500122070312,783118,6.551008921360696,0.0012723493932043084
2026-04-16 14:50:00+00:00,699.9500122070312,700.2100219726562,699.5800170898438,699.9400024414062,985001,6.550994620572033,-1.4300788662602315e-05
2026-04-16 15:00:00+00:00,699.9299926757812,701.1300048828125,699.9299926757812,700.97998046875,883383,6.552479328094334,0.0014847075223007877
2026-04-16 15:10:00+00:00,700.97998046875,702.030029296875,700.97998046875,701.3499755859375,1220279,6.553007014355582,0.0005276862612477728
2026-04-16 15:20:00+00:00,701.3699951171875,701.8099975585938,700.780029296875,700.780029296875,1493489,6.55219404220825,-0.0008129721473313367
2026-04-16 15:30:00+00:00,700.77001953125,702.3599853515625,700.6599731445312,701.6799926757812,1583053,6.553477449205008,0.0012834069967579964
2026-04-16 15:40:00+00:00,701.6699829101562,701.7100219726562,701.0,701.239990234375,712798,6.55285018255945,-0.0006272666455586773
2026-04-16 15:50:00+00:00,701.2449951171875,702.2999877929688,701.2100219726562,702.219970703125,752073,6.554246703522348,0.0013965209628983288
2026-04-16 16:00:00+00:00,702.219970703125,702.5,702.0700073242188,702.3198852539062,713617,6.554388977236441,0.0001422737140934771
2026-04-16 16:10:00+00:00,702.3200073242188,702.780029296875,702.260009765625,702.6950073242188,960760,6.554922953183896,0.0005339759474543015
2026-04-16 16:20:00+00:00,702.7000122070312,702.72998046875,701.9199829101562,702.010009765625,712516,6.553947662849545,-0.0009752903343507313
2026-04-16 16:30:00+00:00,702.0150146484375,702.0698852539062,700.1749877929688,701.6300048828125,1438030,6.553406206510127,-0.0005414563394179339
2026-04-16 16:40:00+00:00,701.6375122070312,701.8400268554688,701.0900268554688,701.419921875,938419,6.553106740318118,-0.0002994661920094899
2026-04-16 16:50:00+00:00,701.39501953125,701.6099243164062,700.75,700.8099975585938,1363231,6.5522368054430755,-0.0008699348750420555
2026-04-16 17:00:00+00:00,700.8300170898438,700.8900146484375,700.1300048828125,700.614990234375,1946707,6.551958506815356,-0.0002782986277196642
2026-04-16 17:10:00+00:00,700.6199951171875,700.7899780273438,699.8300170898438,700.1500244140625,1098225,6.551294632671546,-0.0006638741438100837
2026-04-16 17:20:00+00:00,700.1699829101562,700.9400024414062,700.010009765625,700.7000122070312,572253,6.552079852797683,0.0007852201261373537
2026-04-16 17:30:00+00:00,700.719970703125,701.1400146484375,700.5850219726562,700.989990234375,539131,6.552493607666413,0.0004137548687301873
2026-04-16 17:40:00+00:00,700.97998046875,701.530029296875,700.9500122070312,701.4749755859375,579023,6.553185226184828,0.000691618518414927
2026-04-16 17:50:00+00:00,701.4749755859375,701.47998046875,700.1699829101562,700.5999755859375,715566,6.5519370759160225,-0.0012481502688057589
2026-04-16 18:00:00+00:00,700.6099853515625,701.1799926757812,699.9600219726562,700.1799926757812,863679,6.55133743438451,-0.0005996415315125958
2026-04-16 18:10:00+00:00,700.2000122070312,700.739990234375,699.9400024414062,700.3900146484375,564623,6.551637343668776,0.0002999092842657092
2026-04-16 18:20:00+00:00,700.3900146484375,700.6300048828125,699.4736938476562,699.7899780273438,744718,6.5507802586354735,-0.000857085033302063
2026-04-16 18:30:00+00:00,699.7999877929688,700.7999877929688,699.7750244140625,700.625,844915,6.551972793826424,0.0011925351909507498
2026-04-16 18:40:00+00:00,700.6300048828125,701.030029296875,700.5800170898438,700.760009765625,530726,6.552165474303384,0.00019268047695941704
2026-04-16 18:50:00+00:00,700.77001953125,700.7899780273438,700.3800048828125,700.7050170898438,646053,6.552086995461949,-7.847884143430406e-05
2026-04-16 19:00:00+00:00,700.7100219726562,701.14501953125,700.7000122070312,700.8499755859375,836159,6.552293849274133,0.00020685381218399357
2026-04-16 19:10:00+00:00,700.844970703125,701.1950073242188,700.5999755859375,701.0800170898438,647371,6.552622027581428,0.000328178307294813
2026-04-16 19:20:00+00:00,701.0800170898438,701.1599731445312,700.8599853515625,700.9100952148438,732883,6.552379626619623,-0.00024240096180516701
2026-04-16 19:30:00+00:00,700.9099731445312,701.4099731445312,700.8300170898438,701.4000244140625,697525,6.553078372513694,0.000698745894070818
2026-04-16 19:40:00+00:00,701.415283203125,701.6599731445312,701.1400146484375,701.6400146484375,1243259,6.553420472853006,0.0003421003393118127
2026-04-16 19:50:00+00:00,701.6300048828125,701.9400024414062,701.3400268554688,701.5499877929688,4331785,6.553292155439918,-0.00012831741308794165
2026-04-17 13:30:00+00:00,706.1400146484375,707.6099853515625,705.969970703125,707.0900268554688,5731886,6.561157994219212,0.007865838779294698
2026-04-17 13:40:00+00:00,707.0900268554688,707.469970703125,705.760009765625,707.0653076171875,2425498,6.561123034497771,-3.4959721441296665e-05
2026-04-17 13:50:00+00:00,707.0599975585938,708.3599853515625,706.9600219726562,708.330078125,1533419,6.562910197091613,0.0017871625938417068
2026-04-17 14:00:00+00:00,708.3499755859375,709.1593017578125,708.1500244140625,709.1400146484375,2323271,6.564052988908827,0.001142791817214217
2026-04-17 14:10:00+00:00,709.1400146484375,709.3900146484375,708.7100219726562,708.9600830078125,1635733,6.563799224535088,-0.0002537643737392514
2026-04-17 14:20:00+00:00,708.9650268554688,709.4600219726562,708.510009765625,709.2249755859375,1408839,6.5641727901422,0.00037356560711199194
2026-04-17 14:30:00+00:00,709.239990234375,710.3300170898438,709.22998046875,710.3300170898438,1985369,6.56572967484595,0.0015568847037501499
2026-04-17 14:40:00+00:00,710.3250122070312,711.3099975585938,710.2899780273438,711.239990234375,1969695,6.567009911857325,0.0012802370113753625
2026-04-17 14:50:00+00:00,711.239990234375,711.3350219726562,710.1950073242188,710.47998046875,1459034,6.56594077046003,-0.0010691413972949704
2026-04-17 15:00:00+00:00,710.47998046875,711.1699829101562,710.2100219726562,710.8814086914062,1947721,6.5665056208019505,0.00056485034192022
2026-04-17 15:10:00+00:00,710.8499755859375,711.0399780273438,709.8599853515625,710.1500244140625,1312654,6.565476249705877,-0.0010293710960738167
2026-04-17 15:20:00+00:00,710.1494140625,710.7199096679688,709.8800048828125,710.6199951171875,1101847,6.566137821549041,0.000661571843163955
2026-04-17 15:30:00+00:00,710.6300048828125,711.3499755859375,710.60498046875,711.2301025390625,1623080,6.5669960097087134,0.000858188159672757
2026-04-17 15:40:00+00:00,711.25,711.27001953125,710.4193115234375,710.7999877929688,1633918,6.566391079106845,-0.000604930601868503
2026-04-17 15:50:00+00:00,710.7999877929688,711.3499755859375,710.6699829101562,710.739990234375,5628643,6.566306667047308,-8.441205953690911e-05
2026-04-17 16:00:00+00:00,710.739990234375,711.6400146484375,710.5399780273438,711.1599731445312,937865,6.566897401885464,0.0005907348381555266
2026-04-17 16:10:00+00:00,711.1599731445312,711.5999755859375,710.9400024414062,711.260009765625,620851,6.567038058825693,0.0001406569402293556
2026-04-17 16:20:00+00:00,711.260009765625,711.5499877929688,711.1599731445312,711.510009765625,720778,6.567389485970124,0.000351427144431149
2026-04-17 16:30:00+00:00,711.5150146484375,712.22998046875,711.5150146484375,712.0599975585938,1408774,6.5681621740957565,0.0007726881256324702
2026-04-17 16:40:00+00:00,712.0599975585938,712.3900146484375,711.8599853515625,712.1900024414062,572978,6.568344733173409,0.00018255907765230006
2026-04-17 16:50:00+00:00,712.1998901367188,712.3400268554688,711.9000244140625,711.9099731445312,547701,6.567951461204748,-0.00039327196866079106
2026-04-17 17:00:00+00:00,711.9099731445312,712.1699829101562,710.72998046875,711.4249877929688,946415,6.567269983711899,-0.0006814774928489697
2026-04-17 17:10:00+00:00,711.4500122070312,711.469970703125,710.8699951171875,710.8900146484375,1039193,6.566517726766229,-0.000752256945670382
2026-04-17 17:20:00+00:00,710.8800048828125,711.0800170898438,709.030029296875,709.8800048828125,2466713,6.5650959485447276,-0.0014217782215011354
2026-04-17 17:30:00+00:00,709.8800048828125,710.3699951171875,709.5800170898438,710.0399780273438,1155939,6.565321275530943,0.0002253269862153573
2026-04-17 17:40:00+00:00,710.02001953125,710.7000122070312,709.780029296875,710.4450073242188,1715758,6.5658915445757104,0.0005702690447675351
2026-04-17 17:50:00+00:00,710.4400024414062,710.6900024414062,710.239990234375,710.2949829101562,634749,6.565680352639605,-0.00021119193610541487
2026-04-17 18:00:00+00:00,710.3099975585938,710.47998046875,709.5,709.5800170898438,923519,6.56467326978972,-0.0010070828498847106
2026-04-17 18:10:00+00:00,709.6099243164062,709.8400268554688,709.3400268554688,709.6500244140625,808225,6.564771925148229,9.865535850828167e-05
2026-04-17 18:20:00+00:00,709.6300048828125,710.3300170898438,709.1400146484375,709.8099975585938,1044603,6.56499732514926,0.0002254000010317725
2026-04-17 18:30:00+00:00,709.8099975585938,710.3900146484375,709.8099975585938,710.1500244140625,1230412,6.565476249705877,0.0004789245566163558
2026-04-17 18:40:00+00:00,710.1400146484375,710.22998046875,709.7753295898438,709.9249877929688,999167,6.565159313458083,-0.00031693624779371987
2026-04-17 18:50:00+00:00,709.9299926757812,709.989990234375,709.1300048828125,709.6400146484375,889334,6.564757819834516,-0.00040149362356700635
2026-04-17 19:00:00+00:00,709.6400146484375,709.8900146484375,709.280029296875,709.4199829101562,875847,6.5644477106912476,-0.0003101091432684555
2026-04-17 19:10:00+00:00,709.4199829101562,709.5850219726562,708.989990234375,709.4400024414062,967981,6.564475929869261,2.821917801387741e-05
2026-04-17 19:20:00+00:00,709.4500122070312,709.5767211914062,709.1699829101562,709.260009765625,757746,6.564222186759093,-0.0002537431101687915
2026-04-17 19:30:00+00:00,709.27001953125,710.1500244140625,709.260009765625,710.030029296875,1371883,6.565307263925293,0.0010850771662003211
2026-04-17 19:40:00+00:00,710.030029296875,710.3599853515625,709.77001953125,709.8699951171875,1923007,6.565081847800758,-0.00022541612453519377
2026-04-17 19:50:00+00:00,709.8800048828125,710.4000244140625,709.6900024414062,710.0499877929688,4265110,6.565335372899231,0.0002535250984729842
2026-04-20 13:30:00+00:00,708.780029296875,709.4400024414062,708.3699951171875,708.6400146484375,3780829,6.563347660846086,-0.0019877120531450743
2026-04-20 13:40:00+00:00,708.5999755859375,709.25,708.22998046875,708.6300048828125,1070531,6.563333535428223,-1.4125417862942413e-05
2026-04-20 13:50:00+00:00,708.6199951171875,709.9099731445312,708.530029296875,709.6699829101562,1213340,6.564800049173807,0.0014665137455844857
2026-04-20 14:00:00+00:00,709.6699829101562,709.719970703125,709.010009765625,709.3900146484375,1099627,6.564405466469999,-0.0003945827038078775
2026-04-20 14:10:00+00:00,709.3900146484375,709.5800170898438,708.6699829101562,709.0599975585938,900938,6.563940145742503,-0.00046532072749627673
2026-04-20 14:20:00+00:00,709.0399780273438,709.6400146484375,708.8200073242188,708.9500122070312,770455,6.563785019402032,-0.00015512634047087914
2026-04-20 14:30:00+00:00,708.9299926757812,709.0,708.280029296875,708.4949951171875,1331313,6.563142995051003,-0.0006420243510287804
2026-04-20 14:40:00+00:00,708.4949951171875,708.760009765625,707.9100952148438,708.6699829101562,845827,6.563389949776206,0.0002469547252026416
2026-04-20 14:50:00+00:00,708.6699829101562,708.780029296875,706.489990234375,707.1400146484375,2567465,6.561228686810265,-0.002161262965940658
2026-04-20 15:00:00+00:00,707.155029296875,707.5800170898438,706.1400146484375,706.5399780273438,1302104,6.560379786549618,-0.0008489002606477669
2026-04-20 15:10:00+00:00,706.5399780273438,707.1500244140625,706.2999877929688,706.9349975585938,817972,6.560938720451324,0.0005589339017060269
2026-04-20 15:20:00+00:00,706.9099731445312,708.52001953125,706.760009765625,708.3300170898438,1080521,6.562910110923934,0.0019713904726099685
2026-04-20 15:30:00+00:00,708.3099975585938,708.3099975585938,707.25,707.6199951171875,706523,6.56190721954211,-0.00100289138182319
2026-04-20 15:40:00+00:00,707.6099853515625,708.0399780273438,707.3099975585938,707.4801025390625,398647,6.5617095055022165,-0.00019771403989388148
2026-04-20 15:50:00+00:00,707.47998046875,707.719970703125,707.1099853515625,707.5991821289062,417192,6.561877806446786,0.00016830094456921074
2026-04-20 16:00:00+00:00,707.5999755859375,707.7000122070312,707.0399780273438,707.4600219726562,881808,6.56168112187515,-0.00019668457163568576
2026-04-20 16:10:00+00:00,707.47802734375,707.7498168945312,707.02001953125,707.52001953125,388930,6.561765925274308,8.480339915806212e-05
2026-04-20 16:20:00+00:00,707.5999755859375,707.7999877929688,707.4199829101562,707.6500244140625,287950,6.561949655680041,0.00018373040573305133
2026-04-20 16:30:00+00:00,707.6599731445312,708.0999755859375,707.3800048828125,707.5399780273438,523579,6.561794133966702,-0.0001555217133395459
2026-04-20 16:40:00+00:00,707.5399780273438,708.0599975585938,707.3699951171875,707.7100219726562,268341,6.562034436310642,0.0002403023439407903
2026-04-20 16:50:00+00:00,707.719970703125,707.780029296875,707.469970703125,707.639892578125,556829,6.561935337997402,-9.909831324073082e-05
2026-04-20 17:00:00+00:00,707.6400146484375,707.8499755859375,707.260009765625,707.7899780273438,962690,6.562147408482698,0.00021207048529614525
2026-04-20 17:10:00+00:00,707.7849731445312,708.3499755859375,707.6900024414062,708.27001953125,377596,6.562825404504226,0.0006779960215279601
2026-04-20 17:20:00+00:00,708.27001953125,708.3900146484375,707.9500122070312,707.97998046875,597911,6.562415817119859,-0.0004095873843663611
2026-04-20 17:30:00+00:00,707.9882202148438,708.0150146484375,707.6099853515625,707.885009765625,487574,6.562281664917605,-0.00013415220225443392
2026-04-20 17:40:00+00:00,707.8800048828125,708.260009765625,707.6199951171875,707.9749755859375,475587,6.56240874785146,0.00012708293385532698
2026-04-20 17:50:00+00:00,707.9749755859375,708.0499877929688,707.6699829101562,707.739990234375,310510,6.562076780810928,-0.0003319670405321773
2026-04-20 18:00:00+00:00,707.739990234375,708.260009765625,707.4810180664062,708.1649780273438,571982,6.562677086361452,0.0006003055505239274
2026-04-20 18:10:00+00:00,708.1599731445312,708.469970703125,707.5700073242188,708.4099731445312,528848,6.563022984218008,0.00034589785655558813
2026-04-20 18:20:00+00:00,708.418701171875,708.6099853515625,708.0,708.3200073242188,787515,6.562895979324099,-0.00012700489390837788
2026-04-20 18:30:00+00:00,708.3200073242188,708.4199829101562,707.9099731445312,707.9299926757812,672619,6.562345208403292,-0.0005507709208076861
2026-04-20 18:40:00+00:00,707.9299926757812,708.3599853515625,707.8599853515625,708.332275390625,671483,6.562913299123116,0.0005680907198239993
2026-04-20 18:50:00+00:00,708.3400268554688,708.6099853515625,708.2020874023438,708.2650146484375,746518,6.562818338130728,-9.496099238770483e-05
2026-04-20 19:00:00+00:00,708.27001953125,708.5800170898438,708.1900024414062,708.4199829101562,796455,6.563037114023187,0.00021877589245899998
2026-04-20 19:10:00+00:00,708.4249877929688,708.5,708.280029296875,708.3200073242188,544292,6.562895979324099,-0.00014113469908760834
2026-04-20 19:20:00+00:00,708.3200073242188,708.3699951171875,707.9600219726562,708.02001953125,706705,6.562472369468038,-0.0004236098560612689
2026-04-20 19:30:00+00:00,708.02001953125,708.1699829101562,707.7100830078125,707.9290161132812,903320,6.5623438289403735,-0.0001285405276645335
2026-04-20 19:40:00+00:00,707.9249877929688,708.02001953125,707.5999755859375,707.9199829101562,1495179,6.562331068818169,-1.276012220419176e-05
2026-04-20 19:50:00+00:00,707.9199829101562,708.7999877929688,707.75,708.6900024414062,4641477,6.5634181988187335,0.0010871300005641515
2026-04-21 13:30:00+00:00,710.280029296875,710.4400024414062,708.75,709.0399169921875,3093932,6.563911825359431,0.0004936265406971785
2026-04-21 13:40:00+00:00,709.0399780273438,710.4299926757812,708.97998046875,710.22998046875,933063,6.565588833739019,0.0016770083795885071
2026-04-21 13:50:00+00:00,710.22998046875,710.864990234375,710.0900268554688,710.75,891285,6.566320750531109,0.0007319167920902814
2026-04-21 14:00:00+00:00,710.75,711.1799926757812,710.4600219726562,711.030029296875,790656,6.566714664209352,0.00039391367824226364
2026-04-21 14:10:00+00:00,711.030029296875,711.2750244140625,710.705078125,710.8200073242188,649370,6.566419243498624,-0.00029542071072796716
2026-04-21 14:20:00+00:00,710.8200073242188,710.8499755859375,710.1599731445312,710.5700073242188,747421,6.566067475159179,-0.00035176833944472463
2026-04-21 14:30:00+00:00,710.5599975585938,710.780029296875,709.8499755859375,709.9450073242188,727677,6.5651875125626775,-0.0008799625965014712
2026-04-21 14:40:00+00:00,709.9500122070312,710.5599975585938,708.9500122070312,709.1599731445312,1122217,6.564081133160772,-0.0011063794019054995
2026-04-21 14:50:00+00:00,709.1799926757812,709.2999877929688,707.4600219726562,707.5900268554688,1219626,6.561864867861076,-0.0022162652996957632
2026-04-21 15:00:00+00:00,707.5900268554688,707.8883056640625,706.1500244140625,707.760009765625,2363543,6.562105066973063,0.00024019911198713828
2026-04-21 15:10:00+00:00,707.756591796875,708.2000122070312,707.3200073242188,707.8300170898438,981569,6.562203976011624,9.890903856035749e-05
2026-04-21 15:20:00+00:00,707.8200073242188,707.97998046875,706.2750244140625,706.6900024414062,927643,6.560592100775469,-0.0016118752361551358
2026-04-21 15:30:00+00:00,706.6599731445312,707.4199829101562,706.0399780273438,706.72998046875,1099050,6.560648669987504,5.656921203556209e-05
2026-04-21 15:40:00+00:00,706.719970703125,707.47998046875,706.4199829101562,707.0599975585938,620044,6.561115524472211,0.00046685448470640267
2026-04-21 15:50:00+00:00,707.0399780273438,707.0700073242188,706.4500122070312,706.719970703125,524955,6.5606345063935025,-0.0004810180787080398
2026-04-21 16:00:00+00:00,706.7449951171875,707.885009765625,706.7449951171875,707.340087890625,1089450,6.561511579787215,0.0008770733937124575
2026-04-21 16:10:00+00:00,707.3400268554688,707.3699951171875,706.6300048828125,707.0,466083,6.561030665896573,-0.0004809138906418653
2026-04-21 16:20:00+00:00,707.0,707.010009765625,706.280029296875,706.3599853515625,536980,6.560125001807003,-0.0009056640895703794
2026-04-21 16:30:00+00:00,706.3314208984375,707.1400146484375,706.2919921875,706.5250244140625,462940,6.5603586217578265,0.00023361995082371578
2026-04-21 16:40:00+00:00,706.5299072265625,706.6300048828125,705.6599731445312,706.5599975585938,597694,6.560408120753279,4.949899545270142e-05
2026-04-21 16:50:00+00:00,706.5512084960938,706.5999755859375,705.510009765625,705.5800170898438,657078,6.559020183840648,-0.0013879369126312824
2026-04-21 17:00:00+00:00,705.5800170898438,706.3087768554688,704.75,705.4600219726562,1805829,6.558850103454331,-0.00017008038631693978
2026-04-21 17:10:00+00:00,705.4600219726562,705.47998046875,703.9299926757812,704.0399780273438,1663301,6.556835141516382,-0.0020149619379488115
2026-04-21 17:20:00+00:00,704.0399780273438,704.969970703125,703.8400268554688,704.6900024414062,1144340,6.5577579932611565,0.0009228517447743556
2026-04-21 17:30:00+00:00,704.6799926757812,706.8200073242188,704.6400146484375,706.3250122070312,1439687,6.560075488795116,0.002317495533959324
2026-04-21 17:40:00+00:00,706.3192138671875,707.4099731445312,705.8200073242188,706.1799926757812,1824146,6.5598701521325795,-0.000205336662536304
2026-04-21 17:50:00+00:00,706.2000122070312,706.4500122070312,705.3099975585938,705.7949829101562,725150,6.559324802842649,-0.0005453492899301082
2026-04-21 18:00:00+00:00,705.7949829101562,706.510009765625,705.7899780273438,705.8400268554688,927658,6.5593886209613785,6.38181187291309e-05
2026-04-21 18:10:00+00:00,705.8200073242188,706.1799926757812,704.7100219726562,705.1193237304688,1352630,6.5583670420089035,-0.0010215789524750107
2026-04-21 18:20:00+00:00,705.1099853515625,705.3099975585938,704.8200073242188,705.0989990234375,611777,6.558338217100441,-2.8824908462787846e-05
2026-04-21 18:30:00+00:00,705.094970703125,705.77001953125,705.094970703125,705.4199829101562,754243,6.558793345881224,0.00045512878078302066
2026-04-21 18:40:00+00:00,705.4299926757812,705.5800170898438,705.1099853515625,705.1699829101562,432577,6.558438884260661,-0.00035446162056285146
2026-04-21 18:50:00+00:00,705.1900024414062,706.8900146484375,705.0203247070312,706.3200073242188,1530852,6.560068402962875,0.0016295187022139501
2026-04-21 19:00:00+00:00,706.3300170898438,706.9000244140625,706.3300170898438,706.6900024414062,819854,6.560592100775469,0.0005236978125937597
2026-04-21 19:10:00+00:00,706.6900024414062,707.3099975585938,706.1900024414062,706.6400146484375,1728281,6.56052136316658,-7.07376088886491e-05
2026-04-21 19:20:00+00:00,706.6699829101562,707.780029296875,706.6699829101562,707.7249755859375,1202402,6.562055565664243,0.0015342024976634505
2026-04-21 19:30:00+00:00,707.719970703125,707.8699951171875,705.719970703125,706.27001953125,1832476,6.559997628297841,-0.0020579373664020295
2026-04-21 19:40:00+00:00,706.260009765625,706.3200073242188,702.6400146484375,703.9998779296875,4527843,6.556778182762697,-0.0032194455351444162
2026-04-21 19:50:00+00:00,704.0,704.9500122070312,703.35498046875,704.1400146484375,5762778,6.5569772208269566,0.00019903806425958237
2026-04-22 13:30:00+00:00,709.1500244140625,709.3300170898438,708.219970703125,708.9000244140625,3170615,6.563714507300332,0.006737286473375015
2026-04-22 13:40:00+00:00,708.8800048828125,709.489990234375,708.4400024414062,708.6500244140625,937987,6.563361786064424,-0.0003527212359077936
2026-04-22 13:50:00+00:00,708.6199951171875,709.4299926757812,708.239990234375,709.3900146484375,766052,6.564405466469999,0.0010436804055755644
2026-04-22 14:00:00+00:00,709.3900146484375,709.9199829101562,708.760009765625,709.530029296875,883957,6.564602820294818,0.00019735382481833597
2026-04-22 14:10:00+00:00,709.530029296875,710.4299926757812,709.530029296875,710.3150024414062,1286687,6.565708537055395,0.0011057167605770246
2026-04-22 14:20:00+00:00,710.3200073242188,710.7000122070312,710.1536865234375,710.52001953125,961607,6.565997123820355,0.0002885867649604634
2026-04-22 14:30:00+00:00,710.510009765625,710.5999755859375,709.4650268554688,710.47998046875,1143877,6.56594077046003,-5.635336032483451e-05
2026-04-22 14:40:00+00:00,710.4749755859375,710.6500244140625,709.52001953125,710.1749877929688,687688,6.565511401348909,-0.0004293691111216802
2026-04-22 14:50:00+00:00,710.1799926757812,710.3400268554688,709.5,710.0399780273438,676211,6.565321275530943,-0.00019012581796573613
2026-04-22 15:00:00+00:00,710.0499877929688,710.22998046875,709.2901000976562,709.864990234375,545177,6.565074797354211,-0.0002464781767317348
2026-04-22 15:10:00+00:00,709.8800048828125,710.1679077148438,709.5599975585938,709.9099731445312,465197,6.565138163607782,6.336625357050707e-05
2026-04-22 15:20:00+00:00,709.9000244140625,710.530029296875,709.7999877929688,710.2000122070312,934577,6.565546637697147,0.00040847408936528495
2026-04-22 15:30:00+00:00,710.1900024414062,710.4400024414062,709.6699829101562,709.780029296875,444074,6.564955104140157,-0.0005915335569897096
2026-04-22 15:40:00+00:00,709.780029296875,709.9600219726562,709.1599731445312,709.760009765625,618328,6.564926898481,-2.8205659157620744e-05
2026-04-22 15:50:00+00:00,709.7650146484375,710.0399780273438,709.4749755859375,709.6400146484375,534285,6.564757819834516,-0.00016907864648363358
2026-04-22 16:00:00+00:00,709.6500244140625,710.1199951171875,709.3900146484375,709.969970703125,524779,6.565222674356581,0.0004648545220646838
2026-04-22 16:10:00+00:00,709.969970703125,710.0250244140625,709.4099731445312,709.431884765625,548294,6.564464487432697,-0.0007581869238837413
2026-04-22 16:20:00+00:00,709.4299926757812,709.7999877929688,709.0800170898438,709.155029296875,584069,6.564074161722625,-0.0003903257100716928
2026-04-22 16:30:00+00:00,709.1500244140625,709.6099853515625,708.8300170898438,709.5499877929688,452669,6.564630949076641,0.0005567873540153201
2026-04-22 16:40:00+00:00,709.5399780273438,709.6799926757812,708.9199829101562,709.375,595261,6.564384300669768,-0.0002466484068728292
2026-04-22 16:50:00+00:00,709.3599853515625,709.3699951171875,708.7999877929688,708.8900146484375,420511,6.563700387063414,-0.0006839136063536699
2026-04-22 17:00:00+00:00,708.9099731445312,709.7899780273438,708.8900146484375,709.7700805664062,844859,6.564941087402883,0.001240700339469214
2026-04-22 17:10:00+00:00,709.780029296875,710.4000244140625,709.5996704101562,709.719970703125,704275,6.564870484775894,-7.060262698921349e-05
2026-04-22 17:20:00+00:00,709.72998046875,710.4199829101562,709.7000122070312,710.0399780273438,433627,6.565321275530943,0.0004507907550488355
2026-04-22 17:30:00+00:00,710.0499877929688,710.2999877929688,709.9000244140625,710.0399780273438,416215,6.565321275530943,0.0
2026-04-22 17:40:00+00:00,710.0399780273438,710.4199829101562,709.8200073242188,710.1900024414062,426319,6.565532543306843,0.00021126777590030343
2026-04-22 17:50:00+00:00,710.1900024414062,710.3200073242188,709.969970703125,709.989990234375,298117,6.565250871674536,-0.00028167163230730097
2026-04-22 18:00:00+00:00,709.969970703125,710.219970703125,709.8699951171875,709.9349975585938,670853,6.565173413109779,-7.745856475693813e-05
2026-04-22 18:10:00+00:00,709.9400024414062,710.1199951171875,709.6199951171875,709.6500244140625,581672,6.564771925148229,-0.00040148796155037303
2026-04-22 18:20:00+00:00,709.6400146484375,709.64990234375,709.2000122070312,709.4500122070312,1174285,6.564490039159653,-0.0002818859885760361
2026-04-22 18:30:00+00:00,709.4600219726562,709.9000244140625,709.375,709.8800048828125,550005,6.5650959485447276,0.0006059093850749875
2026-04-22 18:40:00+00:00,709.8721923828125,710.0700073242188,709.760009765625,709.9550170898438,615318,6.565201611816784,0.00010566327205641102
2026-04-22 18:50:00+00:00,709.9550170898438,710.0499877929688,709.52001953125,709.6500244140625,738258,6.564771925148229,-0.0004296866685553624
2026-04-22 19:00:00+00:00,709.6599731445312,709.9299926757812,709.1900024414062,709.9099731445312,904824,6.565138163607782,0.000366238459553081
2026-04-22 19:10:00+00:00,709.9000244140625,710.3800048828125,709.780029296875,710.3599853515625,891026,6.5657718631652475,0.0006336995574658388
2026-04-22 19:20:00+00:00,710.3699951171875,710.5800170898438,710.2003784179688,710.4500122070312,905303,6.565898589266196,0.00012672610094810466
2026-04-22 19:30:00+00:00,710.4550170898438,710.5900268554688,710.1300048828125,710.4349975585938,1328487,6.565877455045855,-2.113422034089041e-05
2026-04-22 19:40:00+00:00,710.4349975585938,710.72998046875,710.3499755859375,710.7100219726562,1388089,6.566264501284931,0.00038704623907648283
2026-04-22 19:50:00+00:00,710.7100219726562,711.4500122070312,710.4400024414062,711.2100219726562,4272622,6.566967775738002,0.0007032744530706125
2026-04-23 13:30:00+00:00,709.5,710.3400268554688,709.219970703125,710.27001953125,3297967,6.565645206935091,-0.0013225688029105953
2026-04-23 13:40:00+00:00,710.25,711.2849731445312,709.6900024414062,710.9600219726562,1048302,6.566616200335835,0.0009709934007435805
2026-04-23 13:50:00+00:00,710.969970703125,711.0,710.1500244140625,710.2100219726562,1541675,6.5655607318888025,-0.001055468447032304
2026-04-23 14:00:00+00:00,710.1900024414062,710.344970703125,709.1300048828125,710.2750244140625,1411317,6.565652253361157,9.152147235447217e-05
2026-04-23 14:10:00+00:00,710.27001953125,710.7100219726562,709.969970703125,710.1900024414062,823709,6.565532543306843,-0.0001197100543137708
2026-04-23 14:20:00+00:00,710.1900024414062,710.9600219726562,710.1199951171875,710.530029296875,742854,6.566011211664247,0.0004786683574034001
2026-04-23 14:30:00+00:00,710.510009765625,711.1300048828125,710.4000244140625,710.7000122070312,806027,6.566250417008917,0.00023920534467070098
2026-04-23 14:40:00+00:00,710.6900024414062,711.25,710.4600219726562,711.0999755859375,583483,6.56681303255666,0.0005626155477429506
2026-04-23 14:50:00+00:00,711.1099853515625,712.0549926757812,710.9600219726562,711.7100219726562,999672,6.567670555943687,0.0008575233870269372
2026-04-23 15:00:00+00:00,711.7000122070312,711.989990234375,711.4498901367188,711.72998046875,595714,6.567698598567277,2.8042623589463744e-05
2026-04-23 15:10:00+00:00,711.739990234375,712.2000122070312,711.510009765625,712.0549926757812,703833,6.568155145333547,0.0004565467662702716
2026-04-23 15:20:00+00:00,712.0535888671875,712.280029296875,711.8699951171875,711.989990234375,588728,6.568063852653566,-9.1292679980981e-05
2026-04-23 15:30:00+00:00,711.989990234375,712.3598022460938,711.760009765625,711.8049926757812,618148,6.567803987206847,-0.0002598654467185213
2026-04-23 15:40:00+00:00,711.7999877929688,711.989990234375,710.8699951171875,711.239990234375,944976,6.567009911857325,-0.0007940753495221387
2026-04-23 15:50:00+00:00,711.239990234375,711.47998046875,710.7000122070312,711.10498046875,756996,6.566820070758561,-0.0001898410987646315
2026-04-23 16:00:00+00:00,711.10498046875,711.239990234375,710.3049926757812,710.5198974609375,680880,6.565996952016156,-0.0008231187424048159
2026-04-23 16:10:00+00:00,710.5150146484375,711.0900268554688,710.5,710.9400024414062,509914,6.566588041490758,0.0005910894746019579
2026-04-23 16:20:00+00:00,710.9650268554688,711.030029296875,710.4000244140625,710.72998046875,373557,6.56629258336516,-0.00029545812559739204
2026-04-23 16:30:00+00:00,710.7489013671875,711.27001953125,710.625,710.8300170898438,557917,6.566433325397056,0.00014074203189551326
2026-04-23 16:40:00+00:00,710.8300170898438,711.155029296875,710.75,710.8699951171875,251432,6.566489565148074,5.623975101798351e-05
2026-04-23 16:50:00+00:00,710.8599853515625,711.1799926757812,710.5800170898438,710.8699951171875,243241,6.566489565148074,0.0
2026-04-23 17:00:00+00:00,710.8800048828125,711.0800170898438,707.8599853515625,707.9299926757812,2322040,6.562345208403292,-0.004144356744782307
2026-04-23 17:10:00+00:00,707.9099731445312,708.2000122070312,706.1799926757812,706.5499877929688,2789599,6.5603939537518015,-0.001951254651490153
2026-04-23 17:20:00+00:00,706.530029296875,707.4199829101562,705.8800048828125,706.0499877929688,1889531,6.559686039226073,-0.0007079145257282704
2026-04-23 17:30:00+00:00,706.0405883789062,707.7000122070312,705.530029296875,705.7899780273438,1903643,6.5593177116891574,-0.0003683275369157357
2026-04-23 17:40:00+00:00,705.8499755859375,705.8900146484375,702.2802734375,703.5396118164062,3874412,6.556124181744552,-0.003193529944605089
2026-04-23 17:50:00+00:00,703.52001953125,707.0499877929688,702.7899780273438,706.635009765625,4505835,6.560514280493036,0.00439009874848395
2026-04-23 18:00:00+00:00,706.6699829101562,707.9600219726562,706.219970703125,707.3699951171875,1948488,6.561553860148296,0.0010395796552593595
2026-04-23 18:10:00+00:00,707.3800048828125,708.3499755859375,707.1400146484375,708.1699829101562,1223410,6.562684153733156,0.0011302935848602758
2026-04-23 18:20:00+00:00,708.1400146484375,708.5900268554688,707.5900268554688,708.5100708007812,971286,6.563164273286286,0.00048011955312965426
2026-04-23 18:30:00+00:00,708.510009765625,709.47998046875,708.5,708.9199829101562,946966,6.563742661080067,0.0005783877937810544
2026-04-23 18:40:00+00:00,708.9299926757812,709.030029296875,707.989990234375,708.0317993164062,902497,6.562489006973813,-0.0012536541062537765
2026-04-23 18:50:00+00:00,708.010009765625,708.4299926757812,706.739990234375,707.126220703125,1042810,6.561209179952266,-0.001279827021546609
2026-04-23 19:00:00+00:00,707.1325073242188,708.1199951171875,706.760009765625,707.9000244140625,1037219,6.562302875268153,0.0010936953158866558
2026-04-23 19:10:00+00:00,707.9000244140625,708.6599731445312,707.6799926757812,708.47998046875,720023,6.563121802512396,0.0008189272442429285
2026-04-23 19:20:00+00:00,708.5,708.6500244140625,708.2000122070312,708.405029296875,561435,6.563016005399111,-0.0001057971132851776
2026-04-23 19:30:00+00:00,708.4199829101562,708.9099731445312,707.1099853515625,707.5750122070312,864490,6.561843648218104,-0.0011723571810069444
2026-04-23 19:40:00+00:00,707.5800170898438,708.0599975585938,707.27001953125,707.9500122070312,1112955,6.562373486973767,0.0005298387556633699
2026-04-23 19:50:00+00:00,707.9600219726562,708.8800048828125,706.469970703125,708.4400024414062,4314448,6.563065373034604,0.0006918860608369215
2026-04-24 13:30:00+00:00,710.75,711.1599731445312,709.5499877929688,710.3099975585938,3925157,6.565701491025918,0.0026361179913143573
2026-04-24 13:40:00+00:00,710.3099975585938,710.52001953125,709.72998046875,710.3200073242188,853116,6.565715583035225,1.4092009307020703e-05
2026-04-24 13:50:00+00:00,710.3300170898438,710.5499877929688,709.010009765625,709.9400024414062,1221837,6.565180462861077,-0.0005351201741481404
2026-04-24 14:00:00+00:00,709.9099731445312,710.2899780273438,709.1400146484375,709.9873046875,1373402,6.565247089153668,6.662629259057695e-05
2026-04-24 14:10:00+00:00,709.97998046875,710.7000122070312,709.7100219726562,710.4099731445312,1000682,6.565842230352688,0.0005951411990201549
2026-04-24 14:20:00+00:00,710.3800048828125,710.6699829101562,709.5153198242188,709.8599853515625,769618,6.565067746857955,-0.0007744834947329693
2026-04-24 14:30:00+00:00,709.8900146484375,710.8800048828125,709.4500122070312,710.5800170898438,1671294,6.566081562012014,0.0010138151540592943
2026-04-24 14:40:00+00:00,710.5700073242188,711.489990234375,710.5399780273438,711.1649780273438,670728,6.566904439493583,0.000822877481568618
2026-04-24 14:50:00+00:00,711.1649780273438,711.6099853515625,710.9199829101562,711.4400024414062,1096576,6.567291088523025,0.00038664902944240964
2026-04-24 15:00:00+00:00,711.4199829101562,711.6599731445312,711.1900024414062,711.5800170898438,650451,6.567487873736118,0.00019678521309263175
2026-04-24 15:10:00+00:00,711.5700073242188,711.8599853515625,711.5399780273438,711.6500244140625,464048,6.567586251822911,9.837808679336035e-05
2026-04-24 15:20:00+00:00,711.6599731445312,712.1500244140625,711.510009765625,711.8499755859375,673736,6.567867180763115,0.00028092894020392833
2026-04-24 15:30:00+00:00,711.8699951171875,712.114990234375,711.5399780273438,711.7000122070312,599343,6.567656491457159,-0.0002106893059563575
2026-04-24 15:40:00+00:00,711.7050170898438,714.1400146484375,711.6199951171875,713.280029296875,2422107,6.569874091270959,0.0022175998138003195
2026-04-24 15:50:00+00:00,713.2999877929688,714.0599975585938,713.260009765625,713.77001953125,1166264,6.570560808956906,0.0006867176859470803
2026-04-24 16:00:00+00:00,713.77001953125,713.97998046875,713.0999755859375,713.2515258789062,559574,6.569834129423822,-0.0007266795330842513
2026-04-24 16:10:00+00:00,713.239990234375,713.8300170898438,712.989990234375,713.2700805664062,683056,6.569860143313015,2.6013889192988415e-05
2026-04-24 16:20:00+00:00,713.27001953125,713.6300048828125,713.1699829101562,713.3012084960938,437240,6.569903783515129,4.36402021142257e-05
2026-04-24 16:30:00+00:00,713.3209838867188,713.8912963867188,713.3200073242188,713.469970703125,779300,6.570140348719527,0.00023656520439807593
2026-04-24 16:40:00+00:00,713.4500122070312,713.47998046875,712.8499755859375,713.2100219726562,445683,6.5697759380111975,-0.0003644107083298209
2026-04-24 16:50:00+00:00,713.2100219726562,713.8099975585938,713.1900024414062,713.6099853515625,789385,6.570336574093296,0.0005606360820982204
2026-04-24 17:00:00+00:00,713.5999755859375,713.7899780273438,713.2899780273438,713.3499755859375,902710,6.5699721493363015,-0.0003644247569942749
2026-04-24 17:10:00+00:00,713.3599853515625,713.6300048828125,713.0399780273438,713.0750122070312,372975,6.5695866213419585,-0.00038552799434299345
2026-04-24 17:20:00+00:00,713.0700073242188,713.2999877929688,712.719970703125,713.02001953125,415068,6.56950949790406,-7.712343789822995e-05
2026-04-24 17:30:00+00:00,713.0,713.5800170898438,712.72998046875,713.2000122070312,694921,6.569761903104845,0.00025240520078462225
2026-04-24 17:40:00+00:00,713.219970703125,713.6199951171875,713.1799926757812,713.4099731445312,301977,6.570056252564293,0.0002943494594482843
2026-04-24 17:50:00+00:00,713.4099731445312,714.4600219726562,713.364990234375,713.6500244140625,532487,6.570392680285911,0.0003364277216180156
2026-04-24 18:00:00+00:00,713.6599731445312,713.7899780273438,713.25,713.6400146484375,764924,6.57037865403287,-1.4026253040810843e-05
2026-04-24 18:10:00+00:00,713.6400146484375,713.72998046875,713.0800170898438,713.22998046875,950811,6.569803921657283,-0.0005747323755871392
2026-04-24 18:20:00+00:00,713.219970703125,713.4199829101562,712.9500122070312,713.02001953125,723153,6.56950949790406,-0.0002944237532229721
2026-04-24 18:30:00+00:00,713.030029296875,713.594970703125,713.0,713.489990234375,347713,6.570168407714593,0.0006589098105331814
2026-04-24 18:40:00+00:00,713.489990234375,713.6400146484375,713.1599731445312,713.2899780273438,485120,6.569888039034361,-0.0002803686802321792
2026-04-24 18:50:00+00:00,713.2899780273438,713.5900268554688,713.2000122070312,713.530029296875,329918,6.570224523342913,0.0003364843085513769
2026-04-24 19:00:00+00:00,713.530029296875,714.1500244140625,713.530029296875,714.1199951171875,709200,6.571051008607237,0.0008264852643247167
2026-04-24 19:10:00+00:00,714.1099853515625,714.469970703125,714.0800170898438,714.2249755859375,964244,6.571198004565626,0.00014699595838862933
2026-04-24 19:20:00+00:00,714.219970703125,714.2349853515625,713.5599975585938,713.739990234375,1090121,6.570518736681863,-0.0006792678837630461
2026-04-24 19:30:00+00:00,713.75,713.8499755859375,713.4400024414062,713.6599731445312,852392,6.570406620818082,-0.00011211586378134797
2026-04-24 19:40:00+00:00,713.6799926757812,713.9600219726562,713.5599975585938,713.8499755859375,1371556,6.570672822034679,0.00026620121659703955
2026-04-24 19:50:00+00:00,713.8499755859375,714.4299926757812,713.5399780273438,713.97998046875,5015024,6.570854923387323,0.0001821013526441817
2026-04-27 13:30:00+00:00,713.1699829101562,714.3599853515625,712.8699951171875,714.3499755859375,3098300,6.571373004134555,0.0005180807472324744
2026-04-27 13:40:00+00:00,714.35498046875,714.4093017578125,712.5999755859375,712.89501953125,1398422,6.5693341718896825,-0.002038832244872779
2026-04-27 13:50:00+00:00,712.8900146484375,714.2999877929688,712.6199951171875,714.0850219726562,1425465,6.571002033643391,0.0016678617537086993
2026-04-27 14:00:00+00:00,714.0900268554688,714.3400268554688,713.6699829101562,713.780029296875,827426,6.570574832655247,-0.0004272009881445271
2026-04-27 14:10:00+00:00,713.75,714.0850219726562,713.4099731445312,713.469970703125,733224,6.570140348719527,-0.00043448393571932087
2026-04-27 14:20:00+00:00,713.469970703125,713.8300170898438,713.3499755859375,713.4450073242188,479348,6.570105359418422,-3.498930110534815e-05
2026-04-27 14:30:00+00:00,713.459228515625,714.4500122070312,713.072021484375,713.9600219726562,984134,6.570826969137059,0.0007216097186368842
2026-04-27 14:40:00+00:00,713.9550170898438,714.1699829101562,713.5499877929688,713.7100219726562,429424,6.570476748154816,-0.0003502209822432434
2026-04-27 14:50:00+00:00,713.6900024414062,713.8900146484375,713.344970703125,713.6199951171875,628027,6.570350600936568,-0.00012614721824721897
2026-04-27 15:00:00+00:00,713.6599731445312,713.7999877929688,712.7999877929688,713.0549926757812,655705,6.569558546017573,-0.0007920549189952553
2026-04-27 15:10:00+00:00,713.0599975585938,713.25,712.72998046875,712.8400268554688,466715,6.569257028978806,-0.0003015170387667965
2026-04-27 15:20:00+00:00,712.8400268554688,713.0,712.2949829101562,713.0,651385,6.569481420414296,0.0002243914354895793
2026-04-27 15:30:00+00:00,712.989990234375,713.239013671875,712.760009765625,713.0449829101562,405380,6.569544508059791,6.308764549523005e-05
2026-04-27 15:40:00+00:00,713.0499877929688,713.409912109375,712.9500122070312,713.1300048828125,401536,6.569663738832291,0.00011923077249953451
2026-04-27 15:50:00+00:00,713.1300048828125,713.47998046875,713.0499877929688,713.4000244140625,303704,6.570042307146913,0.00037856831462246276
2026-04-27 16:00:00+00:00,713.4099731445312,713.8099975585938,713.1799926757812,713.7514038085938,415440,6.5705347277754225,0.0004924206285092936
2026-04-27 16:10:00+00:00,713.739990234375,714.1199951171875,713.6699829101562,714.02001953125,717985,6.570911000505685,0.00037627273026252794
2026-04-27 16:20:00+00:00,714.0,714.0599975585938,713.739990234375,713.8599853515625,575561,6.570686844162281,-0.00022415634340422486
2026-04-27 16:30:00+00:00,713.8699951171875,714.3099975585938,713.8699951171875,714.280029296875,755680,6.571275083344876,0.0005882391825950961
2026-04-27 16:40:00+00:00,714.27001953125,714.3099975585938,714.0900268554688,714.219970703125,369681,6.571190997109265,-8.408623561084738e-05
2026-04-27 16:50:00+00:00,714.22998046875,714.22998046875,713.8599853515625,714.1300048828125,425439,6.571065025432898,-0.00012597167636663187
2026-04-27 17:00:00+00:00,714.1199951171875,714.3499755859375,714.0900268554688,714.2150268554688,327634,6.5711840750614785,0.00011904962858011459
2026-04-27 17:10:00+00:00,714.219970703125,714.4099731445312,713.8800048828125,714.135009765625,422883,6.571072033772053,-0.0001120412894257683
2026-04-27 17:20:00+00:00,714.1199951171875,714.7550048828125,714.0499877929688,714.5999755859375,1062991,6.571722911424653,0.0006508776526006343
2026-04-27 17:30:00+00:00,714.5999755859375,715.2100219726562,714.5800170898438,714.75,765070,6.571932831202421,0.00020991977776763093
2026-04-27 17:40:00+00:00,714.75,714.9299926757812,714.7100219726562,714.8900146484375,484274,6.572128705195105,0.00019587399268417016
2026-04-27 17:50:00+00:00,714.89501953125,715.0,714.6500244140625,714.8798828125,319461,6.572114532514655,-1.4172680450563746e-05
2026-04-27 18:00:00+00:00,714.8499755859375,715.0399780273438,714.719970703125,714.9550170898438,535468,6.572219627553834,0.00010509503917965901
2026-04-27 18:10:00+00:00,714.9500122070312,715.239990234375,714.9400024414062,715.1900024414062,673583,6.5725482450722925,0.0003286175184582518
2026-04-27 18:20:00+00:00,715.2000122070312,715.22998046875,715.02001953125,715.0999755859375,477858,6.572422358913583,-0.000125886158709676
2026-04-27 18:30:00+00:00,715.0900268554688,715.219970703125,715.030029296875,715.155029296875,309346,6.572499343382473,7.698446889037314e-05
2026-04-27 18:40:00+00:00,715.155029296875,715.2100219726562,714.719970703125,715.02001953125,489204,6.572310541646439,-0.00018880173603452732
2026-04-27 18:50:00+00:00,715.010009765625,715.1400146484375,714.8499755859375,714.875,362989,6.57210770223548,-0.00020283941095833313
2026-04-27 19:00:00+00:00,714.8699951171875,715.0399780273438,714.7100219726562,714.7999877929688,364725,6.572002766207725,-0.00010493602775518696
2026-04-27 19:10:00+00:00,714.7949829101562,715.1900024414062,714.7100219726562,715.1500244140625,690320,6.572492345039288,0.0004895788315630867
2026-04-27 19:20:00+00:00,715.1300048828125,715.2100219726562,715.030029296875,715.1400146484375,702041,6.572478348205986,-1.3996833302165612e-05
2026-04-27 19:30:00+00:00,715.1300048828125,715.2899780273438,714.8800048828125,715.1400146484375,1255801,6.572478348205986,0.0
2026-04-27 19:40:00+00:00,715.1400146484375,715.489990234375,715.02001953125,715.489990234375,1721341,6.5729676090095825,0.0004892608035964585
2026-04-27 19:50:00+00:00,715.489990234375,715.6300048828125,714.9600219726562,715.1599731445312,2898725,6.572506256331926,-0.00046135267765645693
2026-04-28 13:30:00+00:00,711.8150024414062,712.1500854492188,710.7899780273438,712.0700073242188,3874186,6.568176231471966,-0.0043300248599598135
2026-04-28 13:40:00+00:00,712.0499877929688,712.8800048828125,711.8800048828125,712.239990234375,1345574,6.568414919554272,0.00023868808230531613
2026-04-28 13:50:00+00:00,712.2449951171875,712.4000244140625,710.9600219726562,711.5800170898438,1721386,6.567487873736118,-0.0009270458181536156
2026-04-28 14:00:00+00:00,711.5850219726562,712.3599853515625,711.1099853515625,712.1300048828125,878634,6.56826048587179,0.0007726121356723681
2026-04-28 14:10:00+00:00,712.1400146484375,712.1599731445312,711.1599731445312,711.3599853515625,591135,6.5671786101836735,-0.0010818756881167957
2026-04-28 14:20:00+00:00,711.3699951171875,711.6900024414062,710.9500122070312,711.25,684197,6.567023985440541,-0.00015462474313299168
2026-04-28 14:30:00+00:00,711.260009765625,711.5800170898438,709.6400146484375,710.0889892578125,1278701,6.565390299164172,-0.0016336862763681737
2026-04-28 14:40:00+00:00,710.0800170898438,710.6599731445312,709.6900024414062,710.0900268554688,1082370,6.5653917603851095,1.4612209371378526e-06
2026-04-28 14:50:00+00:00,710.0900268554688,710.5349731445312,709.25,710.52001953125,1177803,6.565997123820355,0.0006053634352456427
2026-04-28 15:00:00+00:00,710.530029296875,711.0700073242188,709.8800048828125,710.094970703125,659832,6.5653987226437795,-0.0005984011765756136
2026-04-28 15:10:00+00:00,710.0800170898438,710.8200073242188,710.0499877929688,710.6400146484375,419364,6.566165993074467,0.0007672704306873612
2026-04-28 15:20:00+00:00,710.6300048828125,710.6799926757812,709.8099975585938,709.9000244140625,503912,6.565124149436187,-0.0010418436382799712
2026-04-28 15:30:00+00:00,709.905029296875,710.1500244140625,709.4199829101562,709.8900146484375,705396,6.565110049089869,-1.4100346318102197e-05
2026-04-28 15:40:00+00:00,709.8900146484375,710.1099853515625,709.3800048828125,709.5698852539062,453573,6.564658991050144,-0.00045105803972500524
2026-04-28 15:50:00+00:00,709.5700073242188,710.0225219726562,709.530029296875,709.97998046875,404653,6.565236773114944,0.0005777820648003029
2026-04-28 16:00:00+00:00,709.97998046875,710.4849853515625,709.77001953125,710.2899780273438,479545,6.5656733064115365,0.000436533296592323
2026-04-28 16:10:00+00:00,710.2899780273438,710.4600219726562,710.0700073242188,710.3350219726562,617012,6.5657367206768456,6.341426530909189e-05
2026-04-28 16:20:00+00:00,710.3599853515625,710.5900268554688,710.239990234375,710.3200073242188,251194,6.565715583035225,-2.1137641620150305e-05
2026-04-28 16:30:00+00:00,710.3201293945312,710.4400024414062,709.5700073242188,709.7098999023438,381794,6.564856294852193,-0.0008592881830322696
2026-04-28 16:40:00+00:00,709.7000122070312,709.8699951171875,709.3599853515625,709.739990234375,411993,6.564898692026261,4.239717406750998e-05
2026-04-28 16:50:00+00:00,709.75,710.4000244140625,709.52001953125,710.1799926757812,407083,6.565518448717885,0.0006197566916243957
2026-04-28 17:00:00+00:00,710.1699829101562,710.4000244140625,709.4600219726562,709.8800048828125,352532,6.5650959485447276,-0.0004225001731574807
2026-04-28 17:10:00+00:00,709.8826293945312,710.02001953125,709.5599975585938,709.6500244140625,741259,6.564771925148229,-0.0003240233964989514
2026-04-28 17:20:00+00:00,709.6599731445312,710.3300170898438,709.5999755859375,710.1199951171875,399508,6.565433962962558,0.000662037814329608
2026-04-28 17:30:00+00:00,710.1199951171875,710.8200073242188,710.114990234375,710.5999755859375,436062,6.566109649229957,0.0006756862673986674
2026-04-28 17:40:00+00:00,710.6500244140625,710.97998046875,710.530029296875,710.719970703125,2179530,6.5662784994846595,0.00016885025470259052
2026-04-28 17:50:00+00:00,710.7319946289062,711.1500244140625,710.5900268554688,711.030029296875,332133,6.566714664209352,0.0004361647246922118
2026-04-28 18:00:00+00:00,711.0399780273438,711.1699829101562,710.760009765625,710.989990234375,464584,6.566658351271474,-5.631293787811131e-05
2026-04-28 18:10:00+00:00,710.9849853515625,711.489990234375,710.8499755859375,711.4000244140625,522884,6.567234893832688,0.0005765425612143105
2026-04-28 18:20:00+00:00,711.4099731445312,711.6500244140625,711.1699829101562,711.3499755859375,844053,6.56716453877643,-7.035505625818672e-05
2026-04-28 18:30:00+00:00,711.3599853515625,711.3724975585938,710.8300170898438,711.0650024414062,381546,6.566763849592547,-0.0004006891838823634
2026-04-28 18:40:00+00:00,711.0700073242188,711.4500122070312,711.0499877929688,711.3800048828125,580663,6.567206752404162,0.0004429028116144096
2026-04-28 18:50:00+00:00,711.3900146484375,711.6099853515625,711.27001953125,711.52001953125,377453,6.567403554212422,0.00019680180826053828
2026-04-28 19:00:00+00:00,711.5250244140625,712.02001953125,711.4400024414062,711.9251708984375,536888,6.567972808836137,0.000569254623714599
2026-04-28 19:10:00+00:00,711.9199829101562,712.1900024414062,711.5599975585938,711.6400146484375,1032918,6.56757218615063,-0.0004006226855066686
2026-04-28 19:20:00+00:00,711.6300048828125,711.8099975585938,711.4099731445312,711.5900268554688,603827,6.567501940594351,-7.024555627932472e-05
2026-04-28 19:30:00+00:00,711.5900268554688,711.6500244140625,711.2000122070312,711.5399780273438,972801,6.5674316043243355,-7.03362700154031e-05
2026-04-28 19:40:00+00:00,711.5399780273438,711.7999877929688,711.530029296875,711.739990234375,1607152,6.567712662461607,0.0002810581372711951
2026-04-28 19:50:00+00:00,711.72998046875,711.989990234375,711.4000244140625,711.6799926757812,5629225,6.567628361890659,-8.430057094788168e-05
2026-04-29 13:30:00+00:00,711.0,711.1900024414062,709.9199829101562,710.5499877929688,2525730,6.5660393008581766,-0.0015890610324822418
2026-04-29 13:40:00+00:00,710.5499877929688,710.6300048828125,709.6599731445312,709.9600219726562,1074296,6.565208661369292,-0.0008306394888846214
2026-04-29 13:50:00+00:00,709.9500122070312,711.02001953125,709.9299926757812,710.77001953125,967797,6.566348916903691,0.001140255534399337
2026-04-29 14:00:00+00:00,710.7550048828125,710.8400268554688,710.280029296875,710.8099975585938,910457,6.566405161401888,5.6244498196633685e-05
2026-04-29 14:10:00+00:00,710.7999877929688,711.3400268554688,710.719970703125,711.0399780273438,634991,6.566728656109072,0.0003234947071844019
2026-04-29 14:20:00+00:00,711.030029296875,711.6500244140625,710.9400024414062,711.47998046875,606435,6.567347280055697,0.0006186239466243748
2026-04-29 14:30:00+00:00,711.47998046875,712.2000122070312,711.2999877929688,711.8499755859375,621432,6.567867180763115,0.0005199007074185857
2026-04-29 14:40:00+00:00,711.8499755859375,711.9199829101562,711.47998046875,711.47998046875,493929,6.567347280055697,-0.0005199007074185857
2026-04-29 14:50:00+00:00,711.47998046875,711.7000122070312,711.3800048828125,711.4400024414062,374270,6.567291088523025,-5.61915326713347e-05
2026-04-29 15:00:00+00:00,711.4500122070312,711.52001953125,710.6199951171875,710.6199951171875,999609,6.566137821549041,-0.0011532669739846568
2026-04-29 15:10:00+00:00,710.614990234375,710.869873046875,710.10498046875,710.6699829101562,692321,6.566208162990635,7.034144159412392e-05
2026-04-29 15:20:00+00:00,710.6699829101562,711.1099853515625,710.6013793945312,710.8670043945312,342651,6.566485358008979,0.0002771950183442229
2026-04-29 15:30:00+00:00,710.8800048828125,711.0999755859375,710.5,710.6600952148438,454975,6.566194249691445,-0.00029110831753431654
2026-04-29 15:40:00+00:00,710.6599731445312,710.9600219726562,710.4000244140625,710.8499755859375,309240,6.56646140273682,0.0002671530453755011
2026-04-29 15:50:00+00:00,710.8699951171875,711.010009765625,709.219970703125,710.0399780273438,1682760,6.565321275530943,-0.001140127205877306
2026-04-29 16:00:00+00:00,710.0499877929688,710.6599731445312,709.9199829101562,710.4600219726562,431635,6.565912678498286,0.0005914029673430576
2026-04-29 16:10:00+00:00,710.4500122070312,710.72998046875,709.8200073242188,709.9099731445312,321263,6.565138163607782,-0.0007745148905042853
2026-04-29 16:20:00+00:00,709.8900146484375,710.3298950195312,709.6400146484375,709.75,510204,6.564912795353081,-0.00022536825470087507
2026-04-29 16:30:00+00:00,709.7449951171875,709.7449951171875,708.9099731445312,709.4500122070312,948862,6.564490039159653,-0.000422756193428242
2026-04-29 16:40:00+00:00,709.4600219726562,709.9299926757812,709.4600219726562,709.802978515625,391980,6.564987436478071,0.0004973973184183578
2026-04-29 16:50:00+00:00,709.7999877929688,710.0499877929688,709.4199829101562,709.6749877929688,649958,6.564807101557711,-0.00018033492036018117
2026-04-29 17:00:00+00:00,709.6900024414062,709.780029296875,709.219970703125,709.6599731445312,543759,6.56478594425679,-2.1157300921004207e-05
2026-04-29 17:10:00+00:00,709.6799926757812,709.8250122070312,709.3800048828125,709.6400146484375,335779,6.564757819834516,-2.812442227373424e-05
2026-04-29 17:20:00+00:00,709.6300048828125,710.1900024414062,709.52001953125,709.9099731445312,579715,6.565138163607782,0.0003803437732656789
2026-04-29 17:30:00+00:00,709.9199829101562,710.27001953125,709.8400268554688,710.0599975585938,673415,6.565349470068786,0.0002113064610043125
2026-04-29 17:40:00+00:00,710.0549926757812,710.7000122070312,709.780029296875,710.4600219726562,571132,6.565912678498286,0.0005632084294999729
2026-04-29 17:50:00+00:00,710.4600219726562,710.739990234375,710.219970703125,710.6099853515625,491805,6.566123735488708,0.0002110569904223425
2026-04-29 18:00:00+00:00,710.6099853515625,710.6799926757812,708.75,708.8400268554688,1382170,6.5636298689936465,-0.0024938664950617806
2026-04-29 18:10:00+00:00,708.840087890625,709.9099731445312,708.4600219726562,709.530029296875,967896,6.564602820294818,0.0009729513011711433
2026-04-29 18:20:00+00:00,709.5399780273438,709.9000244140625,709.1300048828125,709.219970703125,559009,6.5641657332834535,-0.0004370870113641345
2026-04-29 18:30:00+00:00,709.22998046875,710.2000122070312,708.75,709.3900146484375,1214143,6.564405466469999,0.00023973318654579856
2026-04-29 18:40:00+00:00,709.3699951171875,709.5800170898438,708.3699951171875,709.4650268554688,1122853,6.564511202721987,0.00010573625198784242
2026-04-29 18:50:00+00:00,709.5,710.6599731445312,709.5,710.5700073242188,739130,6.566067475159179,0.001556272437191808
2026-04-29 19:00:00+00:00,710.5599975585938,710.780029296875,710.0,710.4600219726562,736474,6.565912678498286,-0.00015479666089301958
2026-04-29 19:10:00+00:00,710.47998046875,711.5,710.3400268554688,711.27001953125,940614,6.567052132012788,0.0011394535145017315
2026-04-29 19:20:00+00:00,711.280029296875,711.3300170898438,710.8699951171875,710.8699951171875,806329,6.566489565148074,-0.0005625668647137871
2026-04-29 19:30:00+00:00,710.8599853515625,711.0100708007812,710.0800170898438,710.969970703125,1347433,6.566630193613309,0.00014062846523543726
2026-04-29 19:40:00+00:00,710.9899291992188,711.0599975585938,710.42041015625,710.739990234375,1240701,6.566306667047308,-0.0003235265660013198
2026-04-29 19:50:00+00:00,710.72998046875,711.6199951171875,710.3800048828125,711.5800170898438,4080707,6.567487873736118,0.0011812066888099437
2026-04-30 13:30:00+00:00,714.6300048828125,714.7100219726562,711.8400268554688,711.8400268554688,4408592,6.567853204784564,0.0003653310484459382
2026-04-30 13:40:00+00:00,711.8400268554688,713.1900024414062,711.4500122070312,712.510009765625,1830567,6.568793960837982,0.0009407560534180348
2026-04-30 13:50:00+00:00,712.52001953125,712.8099975585938,710.780029296875,711.27001953125,1355167,6.567052132012788,-0.001741828825194247
2026-04-30 14:00:00+00:00,711.260009765625,712.260009765625,710.7000122070312,711.1799926757812,1796811,6.566925552020779,-0.000126579992008935
2026-04-30 14:10:00+00:00,711.1699829101562,711.9299926757812,710.4450073242188,711.5650024414062,1424639,6.567466773077742,0.0005412210569630815
2026-04-30 14:20:00+00:00,711.5549926757812,712.3400268554688,711.25,712.010009765625,1097829,6.568091969972739,0.0006251968949975151
2026-04-30 14:30:00+00:00,712.010009765625,712.7899780273438,711.1799926757812,711.2999877929688,929380,6.56709426457789,-0.0009977053948491132
2026-04-30 14:40:00+00:00,711.3200073242188,713.0999755859375,711.3200073242188,712.8099975585938,1095520,6.569214901813843,0.0021206372359525716
2026-04-30 14:50:00+00:00,712.8099975585938,714.1599731445312,712.6799926757812,713.8699951171875,1523992,6.570700866093264,0.0014859642794213812
2026-04-30 15:00:00+00:00,713.8699951171875,714.4498901367188,713.5499877929688,714.4000244140625,923447,6.571443063736508,0.0007421976432437916
2026-04-30 15:10:00+00:00,714.4000244140625,714.530029296875,713.9199829101562,714.2100219726562,566280,6.571177067507507,-0.00026599622900125297
2026-04-30 15:20:00+00:00,714.2100219726562,714.5900268554688,713.8099975585938,714.4299926757812,906707,6.571485011709836,0.00030794420232904685
2026-04-30 15:30:00+00:00,714.4099731445312,714.9500122070312,713.875,714.0,781906,6.570882962339584,-0.0006020493702516561
2026-04-30 15:40:00+00:00,713.97998046875,714.0900268554688,713.469970703125,714.0700073242188,432665,6.570981007006744,9.804466716012428e-05
2026-04-30 15:50:00+00:00,714.0900268554688,715.0700073242188,714.02001953125,714.5999755859375,784461,6.571722911424653,0.0007419044179091117
2026-04-30 16:00:00+00:00,714.5999755859375,714.9400024414062,714.0700073242188,714.72998046875,903899,6.571904821672348,0.0001819102476945389
2026-04-30 16:10:00+00:00,714.719970703125,715.3900146484375,714.6500244140625,715.1799926757812,473979,6.572534249021397,0.0006294273490494717
2026-04-30 16:20:00+00:00,715.1699829101562,715.27001953125,714.780029296875,715.1799926757812,512791,6.572534249021397,0.0
2026-04-30 16:30:00+00:00,715.1799926757812,715.3300170898438,714.9000244140625,715.1649780273438,447361,6.572513254577756,-2.0994443641342286e-05
2026-04-30 16:40:00+00:00,715.1599731445312,715.22998046875,714.4600219726562,714.8099975585938,500315,6.572016769699205,-0.0004964848785506959
2026-04-30 16:50:00+00:00,714.7999877929688,714.8099975585938,713.9000244140625,714.3474731445312,576714,6.57136950102561,-0.0006472686735952138
2026-04-30 17:00:00+00:00,714.3499755859375,715.25,714.3250122070312,715.22998046875,603838,6.572604141980658,0.001234640955047439
2026-04-30 17:10:00+00:00,715.239990234375,715.6500244140625,715.1500244140625,715.4400024414062,435174,6.5728977414503795,0.00029359946972196127
2026-04-30 17:20:00+00:00,715.4600219726562,715.8900146484375,715.22998046875,715.8099975585938,472643,6.573414765206438,0.0005170237560587765
2026-04-30 17:30:00+00:00,715.8200073242188,716.6799926757812,715.8200073242188,716.489990234375,805885,6.574364276806893,0.0009495116004547555
2026-04-30 17:40:00+00:00,716.47998046875,716.8699951171875,716.2899780273438,716.7449951171875,668817,6.574720121993634,0.0003558451867409218
2026-04-30 17:50:00+00:00,716.75,717.1599731445312,716.5800170898438,717.0601196289062,403395,6.575159685939322,0.00043956394568844814
2026-04-30 18:00:00+00:00,717.0800170898438,717.9149780273438,717.030029296875,717.5399780273438,1215418,6.575828664586567,0.0006689786472442449
2026-04-30 18:10:00+00:00,717.5399780273438,718.1099853515625,717.469970703125,717.864990234375,868809,6.576281515481989,0.0004528508954226851
2026-04-30 18:20:00+00:00,717.8699951171875,717.9600219726562,717.6300048828125,717.8800048828125,1177811,6.576302430962787,2.0915480797967234e-05
2026-04-30 18:30:00+00:00,717.9000244140625,718.5700073242188,717.8699951171875,718.510009765625,1708676,6.577179636898203,0.0008772059354154038
2026-04-30 18:40:00+00:00,718.52001953125,718.719970703125,718.469970703125,718.6799926757812,1749287,6.577416185873162,0.00023654897495895
2026-04-30 18:50:00+00:00,718.6799926757812,718.8200073242188,718.27001953125,718.3699951171875,748138,6.576984749853488,-0.00043143601967354783
2026-04-30 19:00:00+00:00,718.3599853515625,719.1099853515625,718.280029296875,718.9099731445312,1935198,6.577736138677758,0.0007513888242698386
2026-04-30 19:10:00+00:00,718.9099731445312,719.4299926757812,718.7999877929688,719.1400146484375,1922647,6.578056074017727,0.00031993533996921286
2026-04-30 19:20:00+00:00,719.1300048828125,719.35498046875,719.030029296875,719.1199951171875,1333926,6.578028235475161,-2.783854256627194e-05
2026-04-30 19:30:00+00:00,719.1099853515625,719.2100219726562,718.75,719.1649780273438,1945766,6.5780907862366735,6.255076151262529e-05
2026-04-30 19:40:00+00:00,719.1599731445312,719.5700073242188,718.8300170898438,719.510009765625,3004527,6.578570438344097,0.0004796521074235116
2026-04-30 19:50:00+00:00,719.510009765625,719.7899780273438,718.3499755859375,718.3900146484375,9740508,6.577012617459929,-0.001557820884167782
2026-05-01 13:30:00+00:00,721.25,722.6099853515625,720.739990234375,722.1099853515625,3066654,6.58217746157308,0.005164844113150657
2026-05-01 13:40:00+00:00,722.1199951171875,722.6199951171875,721.9400024414062,722.1799926757812,1233363,6.582274405158286,9.694358520651036e-05
2026-05-01 13:50:00+00:00,722.2100219726562,724.239990234375,721.8699951171875,724.1749877929688,1611076,6.585033059028623,0.0027586538703365804
2026-05-01 14:00:00+00:00,724.1900024414062,724.6500244140625,723.77001953125,724.0523071289062,1115534,6.584863637191614,-0.00016942183700940916
2026-05-01 14:10:00+00:00,724.0599975585938,724.6599731445312,723.9299926757812,724.4600219726562,1121387,6.585426580076291,0.0005629428846773976
2026-05-01 14:20:00+00:00,724.47998046875,724.8699951171875,724.1799926757812,724.2587890625,798585,6.585148771974515,-0.0002778081017762446
2026-05-01 14:30:00+00:00,724.27001953125,724.27001953125,722.2999877929688,722.8499755859375,1656756,6.583201697979723,-0.0019470739947919924
2026-05-01 14:40:00+00:00,722.844970703125,723.3900146484375,722.469970703125,723.1599731445312,908456,6.583630460677538,0.0004287626978154435
2026-05-01 14:50:00+00:00,723.1400146484375,723.2899780273438,722.6660766601562,722.719970703125,481360,6.5830218313693285,-0.0006086293082097072
2026-05-01 15:00:00+00:00,722.72998046875,722.7786254882812,722.0399780273438,722.6199951171875,768272,6.5828834894034784,-0.00013834196585005287
2026-05-01 15:10:00+00:00,722.6099853515625,723.1799926757812,722.3599853515625,722.9949951171875,478902,6.583402299751938,0.0005188103484599083
2026-05-01 15:20:00+00:00,723.0,723.3800048828125,722.989990234375,723.2899780273438,469512,6.583810217858984,0.0004079181070455462
2026-05-01 15:30:00+00:00,723.2949829101562,724.0599975585938,723.1699829101562,723.7899780273438,571681,6.5845012647051595,0.0006910468461756025
2026-05-01 15:40:00+00:00,723.7700805664062,724.3499755859375,723.7700805664062,724.2899780273438,976912,6.585191834335351,0.0006905696301915398
2026-05-01 15:50:00+00:00,724.2999877929688,724.3800048828125,722.719970703125,723.385009765625,1303912,6.583941597386825,-0.0012502369485263287
2026-05-01 16:00:00+00:00,723.3599853515625,723.6099853515625,722.469970703125,722.5399780273438,788626,6.582772751365597,-0.0011688460212280205
2026-05-01 16:10:00+00:00,722.530029296875,723.0399780273438,722.3800048828125,723.010009765625,743978,6.58342306682866,0.0006503154630630448
2026-05-01 16:20:00+00:00,723.010009765625,723.1699829101562,721.8699951171875,722.1400146484375,1074904,6.582219046197459,-0.0012040206312011748
2026-05-01 16:30:00+00:00,722.1201171875,722.3400268554688,721.6300048828125,722.27001953125,714114,6.582399057247073,0.0001800110496148477
2026-05-01 16:40:00+00:00,722.22998046875,722.3200073242188,721.489990234375,721.6900024414062,525102,6.581595687192206,-0.0008033700548670808
2026-05-01 16:50:00+00:00,721.6950073242188,722.3599853515625,721.55810546875,721.8900146484375,546049,6.581872793006839,0.00027710581463225026
2026-05-01 17:00:00+00:00,721.8900146484375,722.4600219726562,721.8599853515625,722.2100219726562,1086362,6.582315985751581,0.0004431927447425821
2026-05-01 17:10:00+00:00,722.1903076171875,722.719970703125,722.1903076171875,722.6799926757812,537694,6.582966513770924,0.0006505280193431773
2026-05-01 17:20:00+00:00,722.6900024414062,722.97998046875,722.6400146484375,722.97998046875,440501,6.583381532243936,0.00041501847301184114
2026-05-01 17:30:00+00:00,722.9600219726562,723.0999755859375,722.6199951171875,722.8099975585938,497017,6.583146390330487,-0.0002351419134489774
2026-05-01 17:40:00+00:00,722.8200073242188,723.0433959960938,722.7999877929688,722.8400268554688,360979,6.583187934682678,4.154435219039243e-05
2026-05-01 17:50:00+00:00,722.8699951171875,723.219970703125,722.760009765625,722.7999877929688,581021,6.583132541829541,-5.5392853136382314e-05
2026-05-01 18:00:00+00:00,722.7899780273438,722.9199829101562,722.1599731445312,722.4550170898438,507920,6.582655157965086,-0.00047738386445494996
2026-05-01 18:10:00+00:00,722.4500122070312,722.510009765625,721.5,721.8400268554688,1091590,6.5818035448904295,-0.0008516130746567541
2026-05-01 18:20:00+00:00,721.8200073242188,722.239990234375,721.739990234375,722.1799926757812,506077,6.582274405158286,0.0004708602678569207
2026-05-01 18:30:00+00:00,722.1400146484375,722.2000122070312,721.25,721.3499755859375,692347,6.58112442254682,-0.0011499826114667044
2026-05-01 18:40:00+00:00,721.3499755859375,721.4600219726562,720.780029296875,721.114990234375,753961,6.580798611717151,-0.000325810829668427
2026-05-01 18:50:00+00:00,721.1199951171875,721.3200073242188,720.97998046875,721.1699829101562,595091,6.580874869428812,7.625771166086537e-05
2026-05-01 19:00:00+00:00,721.1699829101562,721.7899780273438,721.0900268554688,721.7849731445312,747776,6.581727273405848,0.0008524039770358982
2026-05-01 19:10:00+00:00,721.7799072265625,722.2899780273438,721.6500244140625,722.1799926757812,767272,6.582274405158286,0.0005471317524383679
2026-05-01 19:20:00+00:00,722.2000122070312,722.5900268554688,722.0599975585938,722.4199829101562,810554,6.582606663555959,0.0003322583976723692
2026-05-01 19:30:00+00:00,722.4299926757812,722.5,722.02001953125,722.3200073242188,785753,6.582468264139077,-0.00013839941688154056
2026-05-01 19:40:00+00:00,722.3200073242188,722.4099731445312,721.8400268554688,721.9874877929688,1240568,6.582007808816026,-0.00046045532305161174
2026-05-01 19:50:00+00:00,721.9786987304688,722.1400146484375,720.469970703125,720.6699829101562,3647421,6.580181311153421,-0.0018264976626047869
2026-05-04 13:30:00+00:00,720.0700073242188,720.239990234375,719.25,719.8400268554688,4081319,6.579029002400414,-0.0011523087530065368
2026-05-04 13:40:00+00:00,719.8400268554688,720.6599731445312,719.6199951171875,720.4099731445312,1152748,6.579820457104547,0.0007914547041325548
2026-05-04 13:50:00+00:00,720.4000854492188,720.7999877929688,720.1099853515625,720.7601928710938,923948,6.580306478452636,0.0004860213480890607
2026-05-04 14:00:00+00:00,720.77001953125,720.8099975585938,719.864990234375,720.0599975585938,1007216,6.579334538480846,-0.0009719399717900146
2026-05-04 14:10:00+00:00,720.0800170898438,721.4299926757812,719.989990234375,721.4199829101562,966515,6.581221468266217,0.0018869297853711942
2026-05-04 14:20:00+00:00,721.409912109375,721.718994140625,721.0900268554688,721.239990234375,755680,6.580971939368118,-0.0002495288980988164
2026-05-04 14:30:00+00:00,721.219970703125,721.97998046875,721.1400146484375,721.7899780273438,792494,6.581734207417565,0.0007622680494465683
2026-05-04 14:40:00+00:00,721.7899780273438,722.0900268554688,721.6900024414062,721.760009765625,673360,6.58169268719038,-4.1520227185287695e-05
2026-05-04 14:50:00+00:00,721.77001953125,722.1199951171875,720.77001953125,720.9099731445312,1111581,6.580514265611596,-0.0011784215787837837
2026-05-04 15:00:00+00:00,720.9199829101562,721.5599975585938,720.25,720.780029296875,1177673,6.580333999607409,-0.0001802660041869686
2026-05-04 15:10:00+00:00,720.7899780273438,720.8900146484375,718.5399780273438,718.77001953125,1555683,6.577541444984535,-0.0027925546228741993
2026-05-04 15:20:00+00:00,718.77001953125,718.8699951171875,717.4500122070312,718.4400024414062,3255444,6.577082198123466,-0.00045924686106868506
2026-05-04 15:30:00+00:00,718.4500122070312,718.739990234375,717.3499755859375,717.830078125,2272966,6.576232881046793,-0.0008493170766730174
2026-05-04 15:40:00+00:00,717.8599853515625,718.4400024414062,717.280029296875,717.5999755859375,871736,6.575912276722759,-0.0003206043240338019
2026-05-04 15:50:00+00:00,717.5999755859375,718.3400268554688,716.97998046875,717.5897827148438,1460885,6.575898072508948,-1.4204213811375155e-05
2026-05-04 16:00:00+00:00,717.5900268554688,717.760009765625,715.0,716.1199951171875,1558603,6.573847743864644,-0.002050328644303434
2026-05-04 16:10:00+00:00,716.0700073242188,717.6599731445312,715.5,717.1900024414062,1691390,6.575340801925797,0.001493058061152297
2026-05-04 16:20:00+00:00,717.2100219726562,717.8699951171875,716.8599853515625,717.0,1144885,6.57507584059962,-0.0002649613261764827
2026-05-04 16:30:00+00:00,716.989990234375,717.6699829101562,716.6099853515625,716.8300170898438,666967,6.574838737304353,-0.00023710329526682727
2026-05-04 16:40:00+00:00,716.8300170898438,717.2949829101562,716.655029296875,716.9199829101562,539823,6.574964234525529,0.00012549722117594087
2026-05-04 16:50:00+00:00,716.9000244140625,717.0,716.2999877929688,716.5499877929688,531445,6.57444801146824,-0.0005162230572892668
2026-05-04 17:00:00+00:00,716.5399780273438,717.530029296875,716.47998046875,717.4299926757812,657511,6.575675371689819,0.001227360221578877
2026-05-04 17:10:00+00:00,717.4500122070312,718.489990234375,717.1799926757812,718.2650146484375,805422,6.576838602128808,0.0011632304389888048
2026-05-04 17:20:00+00:00,718.27001953125,718.6400146484375,718.0900268554688,718.5700073242188,598592,6.577263136157694,0.00042453402888664726
2026-05-04 17:30:00+00:00,718.5599975585938,718.6099853515625,717.5999755859375,718.0999755859375,585163,6.576608801118134,-0.0006543350395604719
2026-05-04 17:40:00+00:00,718.1099853515625,718.3499755859375,717.8599853515625,718.2999877929688,400664,6.57688729208642,0.0002784909682862491
2026-05-04 17:50:00+00:00,718.280029296875,718.6300048828125,718.27001953125,718.330078125,487237,6.576929182246942,4.189016052169592e-05
2026-05-04 18:00:00+00:00,718.3300170898438,718.9949951171875,718.2899780273438,718.7100219726562,824789,6.577457968961361,0.0005287867144190272
2026-05-04 18:10:00+00:00,718.7000122070312,718.780029296875,718.1699829101562,718.25,621839,6.576817697859399,-0.0006402711019619645
2026-05-04 18:20:00+00:00,718.239990234375,718.280029296875,717.1699829101562,717.760009765625,781199,6.57613526493754,-0.0006824329218586556
2026-05-04 18:30:00+00:00,717.760009765625,717.8699951171875,717.280029296875,717.530029296875,612803,6.575814799436548,-0.0003204655009918511
2026-05-04 18:40:00+00:00,717.52001953125,717.5900268554688,716.8300170898438,717.47998046875,552492,6.5757450454588,-6.975397774855452e-05
2026-05-04 18:50:00+00:00,717.489990234375,717.5999755859375,716.9500122070312,717.469970703125,744223,6.575731094079357,-1.3951379442822542e-05
2026-05-04 19:00:00+00:00,717.47998046875,718.219970703125,717.1300048828125,717.9099731445312,1901823,6.576344175594219,0.0006130815148619462
2026-05-04 19:10:00+00:00,717.9000244140625,718.1900024414062,717.780029296875,717.9498901367188,847120,6.576399775716792,5.5600122572663224e-05
2026-05-04 19:20:00+00:00,717.9299926757812,718.0499877929688,717.4299926757812,717.739990234375,1229570,6.5761073728703145,-0.0002924028464770245
2026-05-04 19:30:00+00:00,717.75,718.260009765625,717.739990234375,717.97998046875,972658,6.576441686304003,0.0003343134336883935
2026-05-04 19:40:00+00:00,717.989990234375,718.2000122070312,717.5999755859375,718.1400146484375,1318054,6.57666455651108,0.00022287020707700833
2026-05-04 19:50:00+00:00,718.1400146484375,718.1500244140625,717.3499755859375,718.0700073242188,4812533,6.576567067532166,-9.748897891359576e-05
2026-05-05 13:30:00+00:00,721.77001953125,722.47998046875,721.4949951171875,722.0599975585938,2808047,6.582108234551912,0.0055411670197456075
2026-05-05 13:40:00+00:00,722.030029296875,722.6199951171875,721.75,722.1599731445312,969723,6.582246683802199,0.00013844925028738686
2026-05-05 13:50:00+00:00,722.1599731445312,722.7899780273438,722.1500244140625,722.530029296875,1067843,6.582758982163526,0.0005122983613263798
2026-05-05 14:00:00+00:00,722.5999755859375,723.2186889648438,722.1400146484375,723.1837158203125,1159336,6.583663291983076,0.0009043098195506971
2026-05-05 14:10:00+00:00,723.1799926757812,723.3900146484375,721.7899780273438,722.14501953125,1378577,6.582225976800067,-0.001437315183009602
2026-05-05 14:20:00+00:00,722.1300048828125,723.6699829101562,722.010009765625,723.2899780273438,871622,6.583810217858984,0.0015842410589170797
2026-05-05 14:30:00+00:00,723.2979736328125,723.3900146484375,722.5599975585938,722.6749877929688,818444,6.5829595882988015,-0.0008506295601824476
2026-05-05 14:40:00+00:00,722.6749877929688,723.0900268554688,722.3800048828125,722.719970703125,879792,6.5830218313693285,6.224307052704603e-05
2026-05-05 14:50:00+00:00,722.7025146484375,723.1799926757812,722.510009765625,723.1400146484375,465083,6.583602861291154,0.0005810299218254045
2026-05-05 15:00:00+00:00,723.1500244140625,723.6489868164062,723.030029296875,723.3200073242188,1592286,6.5838517346426135,0.00024887335145962197
2026-05-05 15:10:00+00:00,723.3300170898438,723.6500244140625,723.3099975585938,723.375,387501,6.583927759894003,7.602525138938887e-05
2026-05-05 15:20:00+00:00,723.3699951171875,723.5,723.1099853515625,723.47998046875,622093,6.58407287529306,0.00014511539905726067
2026-05-05 15:30:00+00:00,723.47998046875,723.5399780273438,722.9099731445312,723.1300048828125,488060,6.5835890191102475,-0.00048385618281265863
2026-05-05 15:40:00+00:00,723.1199951171875,723.4199829101562,722.9600219726562,723.3250122070312,311069,6.583858653938979,0.00026963482873121336
2026-05-05 15:50:00+00:00,723.3200073242188,723.4199829101562,722.969970703125,723.0399780273438,325577,6.583464515273701,-0.0003941386652774881
2026-05-05 16:00:00+00:00,723.0399780273438,723.5599975585938,722.9600219726562,723.5,342911,6.5841005460715385,0.0006360307978372504
2026-05-05 16:10:00+00:00,723.5,723.6199951171875,723.3900146484375,723.5900268554688,283144,6.584224970749912,0.00012442467837381344
2026-05-05 16:20:00+00:00,723.5900268554688,723.8699951171875,723.0399780273438,723.5800170898438,566508,6.584211137177739,-1.3833572173105324e-05
2026-05-05 16:30:00+00:00,723.5599975585938,723.6900024414062,723.3699951171875,723.4199829101562,387246,6.583989942733592,-0.00022119444414681055
2026-05-05 16:40:00+00:00,723.4199829101562,723.739990234375,723.27001953125,723.6099853515625,319930,6.584252552972034,0.0002626102384413187
2026-05-05 16:50:00+00:00,723.6099853515625,723.6699829101562,723.4400024414062,723.469970703125,297363,6.5840590396166885,-0.00019351335534523173
2026-05-05 17:00:00+00:00,723.469970703125,723.5800170898438,723.1199951171875,723.22998046875,280015,6.583727263512898,-0.0003317761037902045
2026-05-05 17:10:00+00:00,723.22998046875,723.6400146484375,723.1300048828125,723.5700073242188,381981,6.584197303414195,0.00047003990129645956
2026-05-05 17:20:00+00:00,723.5800170898438,723.8599853515625,723.4600219726562,723.85498046875,416270,6.584591069102388,0.0003937656881936036
2026-05-05 17:30:00+00:00,723.8599853515625,724.0106811523438,723.719970703125,723.8150024414062,384058,6.584535838244768,-5.523085762071389e-05
2026-05-05 17:40:00+00:00,723.8200073242188,723.9500122070312,723.780029296875,723.9000244140625,538181,6.584653295024834,0.00011745678006658267
2026-05-05 17:50:00+00:00,723.8800048828125,724.219970703125,723.8699951171875,724.010009765625,641961,6.584805217933272,0.00015192290843746292
2026-05-05 18:00:00+00:00,724.010009765625,724.3599853515625,724.0,724.239990234375,498346,6.585122815683222,0.00031759774995077095
2026-05-05 18:10:00+00:00,724.2449951171875,724.7000122070312,724.22998046875,724.489990234375,570375,6.585467945563672,0.0003451298804497682
2026-05-05 18:20:00+00:00,724.489990234375,724.6500244140625,724.4299926757812,724.4749755859375,358212,6.585447220910154,-2.0724653517767422e-05
2026-05-05 18:30:00+00:00,724.4749755859375,724.52001953125,724.1199951171875,724.135009765625,435953,6.584977852577764,-0.0004693683323901965
2026-05-05 18:40:00+00:00,724.1400146484375,724.4600219726562,724.0999755859375,724.4000244140625,359719,6.585343759711718,0.0003659071339541242
2026-05-05 18:50:00+00:00,724.4000244140625,724.4600219726562,724.1199951171875,724.3200073242188,399472,6.5852332937995035,-0.00011046591221486324
2026-05-05 19:00:00+00:00,724.3300170898438,724.72998046875,724.3099975585938,724.719970703125,449665,6.585785332935936,0.0005520391364326471
2026-05-05 19:10:00+00:00,724.72998046875,724.9749755859375,724.5700073242188,724.8800048828125,918433,6.586006130649834,0.0002207977138981576
2026-05-05 19:20:00+00:00,724.8900146484375,725.0399780273438,724.7100219726562,724.719970703125,805085,6.585785332935936,-0.0002207977138981576
2026-05-05 19:30:00+00:00,724.719970703125,724.8699951171875,724.4199829101562,724.760009765625,1222309,6.585840579042195,5.524610625862181e-05
2026-05-05 19:40:00+00:00,724.77001953125,724.7899780273438,724.4099731445312,724.4799194335938,1087652,6.585454044928864,-0.0003865341133311162
2026-05-05 19:50:00+00:00,724.4600219726562,724.4600219726562,723.27001953125,723.739990234375,4656888,6.584432198372738,-0.001021846556125361
2026-05-06 13:30:00+00:00,728.1599731445312,729.5499877929688,727.8200073242188,729.0800170898438,4080197,6.591783488797018,0.007351290424280066
2026-05-06 13:40:00+00:00,729.0800170898438,729.510009765625,728.8123168945312,729.0795288085938,1120504,6.591782819074352,-6.697226666574352e-07
2026-05-06 13:50:00+00:00,729.0750122070312,729.7999877929688,728.3300170898438,729.6500244140625,1063931,6.5925650005737175,0.0007821814993658194
2026-05-06 14:00:00+00:00,729.6699829101562,729.989990234375,728.7100219726562,729.75,985049,6.592702009734224,0.00013700916050662926
2026-05-06 14:10:00+00:00,729.760009765625,730.260009765625,729.5700073242188,729.739990234375,1179896,6.592688292934942,-1.3716799282192937e-05
2026-05-06 14:20:00+00:00,729.760009765625,730.6799926757812,729.7000122070312,730.02001953125,1022505,6.593071957781817,0.00038366484687468727
2026-05-06 14:30:00+00:00,730.0399780273438,731.3200073242188,730.010009765625,731.239990234375,984126,6.594741709884,0.0016697521021837858
2026-05-06 14:40:00+00:00,731.239990234375,732.02001953125,731.239990234375,731.7899780273438,1085221,6.5954935575300615,0.0007518476460610657
2026-05-06 14:50:00+00:00,731.7899780273438,732.5599975585938,731.6699829101562,732.1500854492188,907150,6.595985527711249,0.0004919701811871846
2026-05-06 15:00:00+00:00,732.1599731445312,732.489990234375,731.7899780273438,731.8599853515625,908352,6.595589218823435,-0.00039630888781339024
2026-05-06 15:10:00+00:00,731.8499755859375,732.219970703125,731.3800048828125,732.1900024414062,953219,6.596040046456625,0.0004508276331893768
2026-05-06 15:20:00+00:00,732.219970703125,732.3699951171875,732.0,732.0599975585938,740223,6.595862474480317,-0.0001775719763079664
2026-05-06 15:30:00+00:00,732.0549926757812,732.1414794921875,731.459228515625,731.4749755859375,693181,6.595063010149706,-0.000799464330611066
2026-05-06 15:40:00+00:00,731.469970703125,731.739990234375,730.9400024414062,731.5499267578125,787125,6.595165470704984,0.00010246055527840525
2026-05-06 15:50:00+00:00,731.5598754882812,731.9199829101562,731.3800048828125,731.6400146484375,458733,6.595288609729098,0.000123139024114316
2026-05-06 16:00:00+00:00,731.6300048828125,731.9600219726562,731.47998046875,731.6300048828125,391755,6.595274928364085,-1.3681365013340496e-05
2026-05-06 16:10:00+00:00,731.6400146484375,731.9949951171875,731.5900268554688,731.8400268554688,694370,6.595561947530236,0.00028701916615059275
2026-05-06 16:20:00+00:00,731.831787109375,732.0499877929688,731.72998046875,731.77001953125,318140,6.595466283627894,-9.5663902341947e-05
2026-05-06 16:30:00+00:00,731.7700805664062,731.8400268554688,731.47998046875,731.6701049804688,305011,6.595329736120055,-0.00013654750783853586
2026-05-06 16:40:00+00:00,731.6699829101562,731.8200073242188,731.1699829101562,731.3400268554688,445442,6.594878504616707,-0.0004512315033480263
2026-05-06 16:50:00+00:00,731.3350219726562,731.4000244140625,730.5288696289062,730.9849853515625,595774,6.594392919664089,-0.0004855849526181899
2026-05-06 17:00:00+00:00,730.989990234375,731.6199951171875,730.6599731445312,731.469970703125,715587,6.595056167947167,0.0006632482830779551
2026-05-06 17:10:00+00:00,731.469970703125,731.75,731.3900146484375,731.5800170898438,520270,6.595206602160412,0.00015043421324545392
2026-05-06 17:20:00+00:00,731.5900268554688,731.8099975585938,731.5,731.6799926757812,347344,6.595343249899606,0.00013664773919330742
2026-05-06 17:30:00+00:00,731.6799926757812,731.9000244140625,731.6400146484375,731.6599731445312,624285,6.595315888477491,-2.7361422114680067e-05
2026-05-06 17:40:00+00:00,731.6500244140625,732.0,731.5449829101562,731.8699951171875,548994,6.595602895889232,0.0002870074117407029
2026-05-06 17:50:00+00:00,731.8699951171875,732.1300048828125,731.7999877929688,732.125,511197,6.595951264409947,0.00034836852071506996
2026-05-06 18:00:00+00:00,732.1300048828125,732.530029296875,732.030029296875,732.5050048828125,767523,6.596470173472403,0.0005189090624559967
2026-05-06 18:10:00+00:00,732.510009765625,733.02001953125,732.3200073242188,732.885009765625,547933,6.59698881340789,0.0005186399354872862
2026-05-06 18:20:00+00:00,732.8900146484375,733.1799926757812,732.8701171875,733.0449829101562,719515,6.597207068230379,0.00021825482248871708
2026-05-06 18:30:00+00:00,733.0399780273438,733.4600219726562,732.8699951171875,733.1950073242188,1025722,6.59741170651004,0.00020463827966121784
2026-05-06 18:40:00+00:00,733.2000122070312,733.2100219726562,732.760009765625,732.8699951171875,951548,6.596968326152669,-0.0004433803573711259
2026-05-06 18:50:00+00:00,732.864990234375,733.1199951171875,732.719970703125,732.9600219726562,1070557,6.597091160116406,0.00012283396373735656
2026-05-06 19:00:00+00:00,732.9530029296875,733.72998046875,732.9299926757812,733.5250244140625,2517435,6.59786171344834,0.0007705533319342095
2026-05-06 19:10:00+00:00,733.52001953125,733.8400268554688,733.52001953125,733.780029296875,1128039,6.598209296092773,0.00034758264443279785
2026-05-06 19:20:00+00:00,733.780029296875,733.989990234375,733.6400146484375,733.8599853515625,1425039,6.59831825476652,0.0001089586737466064
2026-05-06 19:30:00+00:00,733.8499755859375,734.0,733.5499877929688,733.969970703125,1339199,6.598468115928999,0.0001498611624795032
2026-05-06 19:40:00+00:00,733.969970703125,734.0,733.5900268554688,733.7000122070312,2322526,6.598100242357582,-0.000367873571417654
2026-05-06 19:50:00+00:00,733.7000122070312,734.5900268554688,733.6500244140625,733.77001953125,5788824,6.598195654628712,9.541227113007977e-05
2026-05-07 13:30:00+00:00,735.0499877929688,735.1199951171875,734.260009765625,734.5,2258502,6.599189995613932,0.0009943409852199991
2026-05-07 13:40:00+00:00,734.52001953125,734.5850219726562,733.5800170898438,733.6500244140625,1442146,6.598032108931009,-0.0011578866829227152
2026-05-07 13:50:00+00:00,733.6699829101562,734.3049926757812,733.5499877929688,733.9400024414062,1095340,6.598427284730532,0.00039517579952264015
2026-05-07 14:00:00+00:00,733.9400024414062,734.9000244140625,733.8800048828125,734.6900024414062,1164877,6.599448644858958,0.0010213601284263518
2026-05-07 14:10:00+00:00,734.7100219726562,734.8300170898438,734.0800170898438,734.5599975585938,1061734,6.599271677177281,-0.00017696768167674293
2026-05-07 14:20:00+00:00,734.5700073242188,735.0800170898438,734.5,734.5499877929688,710092,6.599258050198055,-1.3626979225911384e-05
2026-05-07 14:30:00+00:00,734.6300048828125,735.2100219726562,734.4500122070312,735.1799926757812,756205,6.600115357226926,0.0008573070288706575
2026-05-07 14:40:00+00:00,735.1900024414062,735.5599975585938,734.9600219726562,735.219970703125,909811,6.600169734305748,5.4377078821943314e-05
2026-05-07 14:50:00+00:00,735.25,736.1099853515625,735.1599731445312,736.0800170898438,773573,6.6013388316914785,0.0011690973857305664
2026-05-07 15:00:00+00:00,736.0900268554688,736.1300048828125,735.2000122070312,735.6400146484375,842834,6.600740888543288,-0.0005979431481906161
2026-05-07 15:10:00+00:00,735.6400756835938,735.7899780273438,735.25,735.3800048828125,542737,6.600387379053437,-0.00035350948985080066
2026-05-07 15:20:00+00:00,735.3900146484375,735.5700073242188,734.2999877929688,734.9088134765625,2906394,6.599746428219156,-0.0006409508342812842
2026-05-07 15:30:00+00:00,734.9099731445312,735.6199951171875,734.8499755859375,735.2301025390625,816104,6.600183514897312,0.00043708667815600677
2026-05-07 15:40:00+00:00,735.239990234375,735.530029296875,734.8099975585938,734.8350219726562,482815,6.599646014116795,-0.000537500780517064
2026-05-07 15:50:00+00:00,734.844970703125,734.969970703125,733.780029296875,733.9799194335938,937778,6.598481670520387,-0.001164343596407491
2026-05-07 16:00:00+00:00,733.9650268554688,734.02001953125,732.9299926757812,733.360107421875,1219953,6.597636860132558,-0.0008448103878295754
2026-05-07 16:10:00+00:00,733.3499755859375,733.3623046875,731.760009765625,731.875,1181639,6.5956097343519815,-0.0020271257805761778
2026-05-07 16:20:00+00:00,731.875,733.4199829101562,731.72998046875,733.364990234375,1388901,6.597643518247985,0.0020337838960031718
2026-05-07 16:30:00+00:00,733.3599853515625,733.8200073242188,732.7000732421875,732.760009765625,878483,6.596818240044439,-0.0008252782035453876
2026-05-07 16:40:00+00:00,732.75,733.1799926757812,732.3800048828125,732.52001953125,539534,6.596490670935842,-0.0003275691085971033
2026-05-07 16:50:00+00:00,732.47998046875,732.5399780273438,731.5900268554688,732.0399780273438,623618,6.595835127261432,-0.0006555436744104526
2026-05-07 17:00:00+00:00,732.0999755859375,732.6699829101562,731.6900024414062,732.1799926757812,727566,6.5960263753685,0.00019124810706827589
2026-05-07 17:10:00+00:00,732.1799926757812,732.3298950195312,731.219970703125,731.3800048828125,674373,6.594933167199411,-0.0010932081690890882
2026-05-07 17:20:00+00:00,731.3599853515625,732.5700073242188,729.760009765625,730.625,1902631,6.593900332226333,-0.001032834973077712
2026-05-07 17:30:00+00:00,730.6300048828125,731.6599731445312,730.1799926757812,731.4000244140625,1145323,6.594960539095185,0.0010602068688516653
2026-05-07 17:40:00+00:00,731.3701171875,731.7100219726562,730.3944702148438,730.5499877929688,573173,6.593797658408722,-0.0011628806864631969
2026-05-07 17:50:00+00:00,730.530029296875,731.7999877929688,730.1500244140625,731.719970703125,1253416,6.5953978870847285,0.001600228676006843
2026-05-07 18:00:00+00:00,731.77001953125,732.1500244140625,731.1500244140625,731.3599853515625,893558,6.594905794554395,-0.0004920925303331103
2026-05-07 18:10:00+00:00,731.3519897460938,732.2000122070312,731.0599975585938,731.8400268554688,725152,6.595561947530236,0.0006561529758402074
2026-05-07 18:20:00+00:00,731.85009765625,732.030029296875,731.1599731445312,731.2899780273438,564389,6.594810067858296,-0.0007518796719399035
2026-05-07 18:30:00+00:00,731.2899780273438,731.9400024414062,730.9500122070312,731.405029296875,546754,6.594967381952065,0.00015731409376940064
2026-05-07 18:40:00+00:00,731.4199829101562,731.530029296875,729.75,730.2000122070312,886646,6.593318485938917,-0.0016488960131484376
2026-05-07 18:50:00+00:00,730.1799926757812,731.1799926757812,729.9299926757812,731.1400146484375,1005107,6.594604979915375,0.0012864939764583028
2026-05-07 19:00:00+00:00,731.1400146484375,731.4000244140625,730.6300048828125,730.9099731445312,1188693,6.594290296412451,-0.0003146835029239625
2026-05-07 19:10:00+00:00,730.9099731445312,731.5,730.3599853515625,730.6099853515625,869830,6.593879781598147,-0.000410514814303653
2026-05-07 19:20:00+00:00,730.5499877929688,730.780029296875,729.989990234375,730.5,863963,6.593729231190754,-0.00015055040739309078
2026-05-07 19:30:00+00:00,730.5,731.3699951171875,730.4000244140625,731.2899780273438,869157,6.594810067858296,0.0010808366675414405
2026-05-07 19:40:00+00:00,731.2899780273438,731.469970703125,730.9301147460938,731.2100830078125,1399961,6.59470080971638,-0.00010925814191597993
2026-05-07 19:50:00+00:00,731.22998046875,731.9000244140625,730.5700073242188,731.5900268554688,5099637,6.595220284460247,0.0005194747438670433
2026-05-08 13:30:00+00:00,734.9299926757812,735.4500122070312,734.6900024414062,734.9299926757812,2548766,6.59977524661629,0.004554962156043452
2026-05-08 13:40:00+00:00,734.9349975585938,736.2999877929688,734.5800170898438,736.0499877929688,1483912,6.601298034619508,0.001522788003217812
2026-05-08 13:50:00+00:00,736.0499877929688,736.6599731445312,735.8499755859375,736.6400146484375,1451085,6.60209932597894,0.0008012913594317439
2026-05-08 14:00:00+00:00,736.6199951171875,736.8900146484375,736.239990234375,736.5399780273438,1208473,6.60196351552571,-0.00013581045323007856
2026-05-08 14:10:00+00:00,736.5599975585938,736.97998046875,736.239990234375,736.8900146484375,974854,6.6024386471972765,0.00047513167156676417
2026-05-08 14:20:00+00:00,736.9000244140625,737.5498046875,736.7100219726562,736.7999877929688,856720,6.6023164683734645,-0.0001221788238119359
2026-05-08 14:30:00+00:00,736.8198852539062,736.9500122070312,736.1099853515625,736.9500122070312,751047,6.6025200638470265,0.00020359547356196828
2026-05-08 14:40:00+00:00,736.9598999023438,737.4500122070312,736.760009765625,737.1900024414062,806132,6.602845664175503,0.0003256003284768383
2026-05-08 14:50:00+00:00,737.1900024414062,737.4199829101562,737.0,737.0599975585938,584583,6.60266929668946,-0.00017636748604310526
2026-05-08 15:00:00+00:00,737.0499877929688,737.3499755859375,736.7000122070312,736.7344970703125,553050,6.602227579075831,-0.00044171761362932216
2026-05-08 15:10:00+00:00,736.7319946289062,736.9400024414062,736.049072265625,736.4000244140625,701395,6.6017734825121845,-0.00045409656364636675
2026-05-08 15:20:00+00:00,736.39501953125,736.9699096679688,736.2899780273438,736.9099731445312,835081,6.602465731599856,0.0006922490876712928
2026-05-08 15:30:00+00:00,736.8900146484375,737.3699951171875,736.3099975585938,737.281005859375,977151,6.602969102910578,0.0005033713107218674
2026-05-08 15:40:00+00:00,737.2899780273438,737.3400268554688,736.5435180664062,737.0900268554688,697545,6.602710037857431,-0.0002590650531466565
2026-05-08 15:50:00+00:00,737.0999755859375,737.1799926757812,736.7000122070312,736.8900146484375,496456,6.6024386471972765,-0.00027139066015458013
2026-05-08 16:00:00+00:00,736.8800048828125,737.510009765625,736.8800048828125,737.2546997070312,554735,6.602933422320074,0.0004947751227977193
2026-05-08 16:10:00+00:00,737.2600708007812,737.530029296875,737.0999755859375,737.27001953125,585011,6.60295420165869,2.0779338615994902e-05
2026-05-08 16:20:00+00:00,737.260009765625,737.75,737.1599731445312,737.5499877929688,759651,6.603333865975273,0.0003796643165827618
2026-05-08 16:30:00+00:00,737.5599975585938,737.6300048828125,737.1400146484375,737.3699951171875,688431,6.603089794868013,-0.00024407110725999104
2026-05-08 16:40:00+00:00,737.3699951171875,737.4400024414062,736.8099975585938,737.3001098632812,610256,6.602995014003164,-9.478086484904225e-05
2026-05-08 16:50:00+00:00,737.3099975585938,737.3099975585938,736.8499755859375,736.9199829101562,501837,6.6024793149384005,-0.000515699064763453
2026-05-08 17:00:00+00:00,736.892822265625,737.5900268554688,736.8200073242188,737.3499755859375,1414641,6.603062644586402,0.0005833296480011185
2026-05-08 17:10:00+00:00,737.3400268554688,737.5399780273438,737.1199951171875,737.52001953125,487801,6.603293232972671,0.00023058838626965894
2026-05-08 17:20:00+00:00,737.510009765625,737.8400268554688,737.4149780273438,737.6900024414062,613582,6.6035236854619805,0.0002304524893093074
2026-05-08 17:30:00+00:00,737.6799926757812,737.9099731445312,737.4400024414062,737.45751953125,470305,6.603208485919401,-0.00031519954257941407
2026-05-08 17:40:00+00:00,737.4550170898438,737.5900268554688,737.2100219726562,737.260009765625,436574,6.6029406247692055,-0.00026786115019561407
2026-05-08 17:50:00+00:00,737.2550048828125,737.47998046875,737.0700073242188,737.1900024414062,428901,6.602845664175503,-9.49605937021758e-05
2026-05-08 18:00:00+00:00,737.1699829101562,738.0800170898438,737.1500244140625,737.4000244140625,1110364,6.603130518908347,0.0002848547328433426
2026-05-08 18:10:00+00:00,737.39501953125,737.9299926757812,737.3499755859375,737.7501220703125,637971,6.6036051792860135,0.00047466037766685787
2026-05-08 18:20:00+00:00,737.72998046875,737.9000244140625,737.6400146484375,737.72998046875,585695,6.603577877526364,-2.7301759649489554e-05
2026-05-08 18:30:00+00:00,737.72998046875,737.9500122070312,737.4299926757812,737.489990234375,548213,6.6032525155583075,-0.0003253619680565478
2026-05-08 18:40:00+00:00,737.489013671875,737.5800170898438,736.8599853515625,736.9500122070312,999135,6.6025200638470265,-0.0007324517112810014
2026-05-08 18:50:00+00:00,736.9600219726562,737.030029296875,736.10498046875,736.3800048828125,1072595,6.6017462964683045,-0.0007737673787220345
2026-05-08 19:00:00+00:00,736.3800048828125,737.0700073242188,736.3499755859375,736.8400268554688,835174,6.602370808730828,0.0006245122625232469
2026-05-08 19:10:00+00:00,736.8499755859375,737.1799926757812,736.72998046875,737.14501953125,748108,6.6027846428886185,0.00041383415779083776
2026-05-08 19:20:00+00:00,737.1400146484375,737.3300170898438,736.6199951171875,736.6400146484375,1166028,6.60209932597894,-0.0006853169096787681
2026-05-08 19:30:00+00:00,736.6400146484375,737.2100219726562,736.52001953125,737.1199951171875,1578927,6.602750694563431,0.0006513685844913297
2026-05-08 19:40:00+00:00,737.0999755859375,737.5,737.0999755859375,737.2000122070312,2111736,6.60285924235431,0.00010854779087932087
2026-05-08 19:50:00+00:00,737.2100219726562,737.5900268554688,737.0999755859375,737.530029296875,5896846,6.60330680507571,0.00044756272139956366
