timestamp,open,high,low,close,volume,log_close,log_return
2016-05-10,175.6271073989464,177.11388872699033,175.55913869687703,177.09689331054688,77472200,5.176697002627849,0.012357033562663489
2016-05-11,176.63812490066258,177.17335737593692,175.44020080566406,175.44020080566406,81727000,5.167298248692107,-0.009398753935742299
2016-05-12,176.1113923507691,176.2813206126645,174.48018215348213,175.49119567871094,89586300,5.167588874574639,0.00029062588253214727
2016-05-13,175.19382901520686,175.7460569180924,173.63907891846603,173.9619140625,96474600,5.158836390557501,-0.008752484017137796
2016-05-16,174.131869695222,176.15388389072794,174.07239220761835,175.67811584472656,77486800,5.168653433336095,0.009817042778593965
2016-05-17,175.4062459236203,175.69510322923796,173.51165209062506,174.0384063720703,114924900,5.159276001134335,-0.00937743220176035
2016-05-18,173.6900778878326,175.27031486213005,173.00191247323167,174.08938598632812,120062100,5.159568879874506,0.00029287874017125404
2016-05-19,173.36721827580124,173.77501757533724,172.27974483456785,173.4861602783203,115430500,5.156097828356992,-0.0034710515175140344
2016-05-20,174.09783542696925,175.10035752842842,174.04686214385677,174.5821075439453,104990400,5.16239516131559,0.006297332958598467
2016-05-23,174.59911999939837,174.87948606839956,174.1573428273716,174.34425354003906,58682600,5.161031813244041,-0.00136334807154892
2016-05-24,175.15984187421589,176.91849812298545,175.1343552297733,176.60414123535156,93537800,5.17391073769872,0.012878924454678753
2016-05-25,177.28387380932853,178.2184276261511,176.60419948470383,177.8021240234375,76621400,5.180671269147019,0.006760531448298579
2016-05-26,177.93802199444266,178.16741478288665,177.5387139034762,177.85305786132812,55280700,5.180957691731775,0.0002864225847565294
2016-05-27,178.0145072396567,178.62621278665296,177.96353393802508,178.6177215576172,64211200,5.18524788836662,0.004290196634844534
2016-05-31,178.88953742072263,178.99998818828732,177.71709993028256,178.27783203125,109879400,5.183343187533527,-0.0019047008330925763
2016-06-01,177.6661679449455,178.82161028659505,177.47076597234752,178.64320373535156,69936200,5.18539054140239,0.002047353868863233
2016-06-02,178.2439056825398,179.20393314220095,177.768137567361,179.18695068359375,63044700,5.1884296780433194,0.00303913664092903
2016-06-03,178.6262009729401,179.00002244512663,177.4452720296459,178.6516876220703,101757100,5.185438030951922,-0.0029916470913970983
2016-06-06,179.00847386468456,179.91754069385723,178.8470498136199,179.5607147216797,64887000,5.190513394311689,0.005075363359766882
2016-06-07,179.7136617341384,180.40182713900126,179.68817508682545,179.84109497070312,60974800,5.1920736552694375,0.001560260957748305
2016-06-08,179.97705619946709,180.55478386360957,179.84962294605026,180.42733764648438,66170900,5.1953281352079745,0.0032544799385370027
2016-06-09,179.696681711639,180.29989599837947,179.42481979577144,180.1809539794922,73786900,5.193961645800754,-0.0013664894072205058
2016-06-10,178.80463655132135,179.14446721273947,177.9295473189376,178.47329711914062,113829200,5.184438994057899,-0.009522651742854826
2016-06-13,177.87002271241877,178.7281032690991,177.01194215573844,177.09689331054688,117751200,5.176697002627849,-0.007741991430050277
2016-06-14,176.71463357084795,177.34333453029458,175.7970752639697,176.7486114501953,125059300,5.174728448735613,-0.0019685538922358248
2016-06-15,176.74861832704423,177.87008284476488,176.31533228903874,176.5022430419922,109124500,5.173333584745813,-0.0013948639898000437
2016-06-16,176.50223504979886,177.19890472720832,174.66711844773843,177.0289764404297,149533100,5.176313427878014,0.002979843132201232
2016-06-17,176.92472855733772,176.95034773931897,175.71203949611714,176.36962890625,117055700,5.17258195701616,-0.0037314708618545467
2016-06-20,178.33391227724638,179.00857269505818,177.42011769051902,177.50552368164062,82789600,5.179001727764461,0.0064197707483009125
2016-06-21,177.889823587045,178.41930424189601,177.44573589171452,178.00938415527344,72461700,5.181836268875882,0.0028345411114214514
2016-06-22,178.18868791520092,178.91459961774572,177.57380137521815,177.718994140625,95560500,5.180203618253272,-0.0016326506226098658
2016-06-23,179.17934803869173,180.08459408836288,178.7181896283184,180.03335571289062,102731400,5.193142143238582,0.012938524985309563
2016-06-24,173.90157441072643,180.06751041927396,173.12442435540223,173.56851196289062,333444400,5.156572403072175,-0.03656974016640646
2016-06-27,172.15944351898287,172.16799193761008,169.6486582942608,170.45997619628906,230775800,5.138500525450173,-0.018071877622002575
2016-06-28,172.06542311116286,173.55993619846572,171.7579798976729,173.53431701660156,159382400,5.156375372431427,0.017874846981253967
2016-06-29,174.93495733745567,176.71983053966585,174.8324805698264,176.4892578125,137328600,5.173260012269044,0.016884639837617677
2016-06-30,176.95893395597878,178.94876034756433,176.40382115518798,178.89752197265625,165021900,5.186813138952314,0.013553126683270023
2016-07-01,178.89753468670352,179.76009082936653,178.73527113388084,179.27330017089844,106055300,5.188911458038557,0.002098319086242917
2016-07-05,178.4449537128285,178.5559789132819,177.38599222343342,177.98379516601562,109803700,5.1816925077546685,-0.007218950283888859
2016-07-06,177.488433771584,179.17083009603255,176.83084414971785,179.05126953125,96021500,5.187672186792106,0.005979679037437791
2016-07-07,179.23062137922298,179.89674645255874,178.1716599965484,178.9402618408203,85593800,5.187052017406746,-0.0006201693853604695
2016-07-08,180.23830150772062,181.8523753049966,180.0077158135036,181.60470581054688,133971000,5.201832378885128,0.014780361478382353
2016-07-11,182.06593542451992,182.81746650164646,181.86096884954205,182.24526977539062,73633900,5.205353415958749,0.0035210370736207253
2016-07-12,183.21027279368047,183.86786237841264,182.27085910120599,183.56895446777344,101275600,5.2125903705757235,0.0072369546169746
2016-07-13,183.98737673049743,183.99591211424058,183.0565116888073,183.5432891845703,87324100,5.212450548035403,-0.00013982254032018915
2016-07-14,184.80726687297488,185.03785260793288,184.1753094950419,184.56814575195312,91230900,5.218018748955429,0.005568200920025745
2016-07-15,185.1317697158225,185.3281878185356,183.87637747942776,184.32046508789062,107155400,5.216675900767639,-0.001342848187790402
2016-07-18,184.44003045308074,184.97805943448904,184.18382555569,184.8157958984375,58725900,5.219359631195645,0.0026837304280062924
2016-07-19,184.39732871638222,184.66206900073772,184.1496722336013,184.62791442871094,54345700,5.2183425263936325,-0.0010171048020124474
2016-07-20,184.6278980357667,185.63562071011253,184.6278980357667,185.39649963378906,58159500,5.222496772876874,0.004154246483241586
2016-07-21,185.28555658852846,185.50759394757313,184.2522013132845,184.6962890625,67777300,5.2187127953005925,-0.003783977576281572
2016-07-22,184.81578456758726,185.57585079687013,184.5510443012593,185.5246124267578,62787500,5.223187554791936,0.004474759491343683
2016-07-25,185.31964455929952,185.37088292903695,184.44001779581654,185.02073669433594,55873100,5.220467909036337,-0.0027196457555991316
2016-07-26,184.9183031594039,185.4648676161722,184.26071352151683,185.10618591308594,70080500,5.220929638324583,0.000461729288246282
2016-07-27,185.48194314357417,185.55026532651198,184.14114473677688,184.90975952148438,84083900,5.219867919701497,-0.0010617186230863496
2016-07-28,184.71332740254232,185.41362000068634,184.25216895900456,185.12326049804688,65035700,5.221021876179451,0.0011539564779541323
2016-07-29,184.85848404895214,185.78080075573368,184.57665998755502,185.422119140625,79519400,5.2226349509810985,0.0016130748016474072
2016-08-01,185.48193454229607,185.87477078706675,184.81580957844722,185.2684326171875,73311400,5.221805760533624,-0.000829190447474204
2016-08-02,185.02072982864698,185.17445796327624,183.24440559843146,184.08132934570312,92295500,5.215377667266132,-0.006428093267492052
2016-08-03,184.02159717039504,184.67918682537842,183.72270225894798,184.61940002441406,53993600,5.218296408770213,0.0029187415040805575
2016-08-04,184.73038992226645,185.13177455425006,182.97113627457105,184.8157958984375,46585500,5.219359631195645,0.0010632224254321088
2016-08-05,184.81580834088703,186.37009556908544,184.81580834088703,186.327392578125,71892200,5.227505301571535,0.008145670375889758
2016-08-08,186.51523391946986,186.61772368125366,185.95159886970072,186.21633911132812,39906500,5.226909111322499,-0.0005961902490358995
2016-08-09,186.28470261828784,186.8227186047949,186.00287851529686,186.327392578125,51251700,5.227505301571535,0.0005961902490358995
2016-08-10,186.4384862923219,186.51534388563334,185.51615607920039,185.86630249023438,57941100,5.22502761143393,-0.0024776901376046823
2016-08-11,186.3956820855218,186.97641399232035,186.130941831544,186.72874450683594,72504300,5.229656999633362,0.0046293881994321495
2016-08-12,186.4213202966638,186.78001496957046,186.1651284319052,186.56651306152344,61313500,5.228787813903102,-0.0008691857302602912
2016-08-15,186.93375428033923,187.4546995246367,186.9252188941168,187.10455322265625,49813500,5.2316675687544105,0.002879754851308647
2016-08-16,186.68609078081792,186.75439993028866,186.1395263671875,186.1395263671875,53213600,5.22649653425657,-0.005171034497840843
2016-08-17,186.1736606336789,186.62628362850955,185.33673681715914,186.48963928222656,75134300,5.228375684094214,0.0018791498376442561
2016-08-18,186.46402395322087,186.94226614398184,186.35301182180146,186.90811157226562,52989300,5.2306171141204105,0.002241430026196589
2016-08-19,186.43843903423905,186.81420454779516,185.9516613688594,186.63485717773438,75443000,5.229154072563573,-0.0014630415568372968
2016-08-22,186.3957417549627,186.85691327433418,186.02852464798647,186.62632751464844,61368800,5.229108369107456,-4.570345611742965e-05
2016-08-23,187.24118104085886,187.5400889368396,186.94227314487813,187.00205993652344,53399200,5.231119632497248,0.002011263389792184
2016-08-24,186.85691334206635,186.95085472337053,185.62713999813016,186.0456085205078,71728900,5.225991850754358,-0.005127781742889859
2016-08-25,185.66127554317524,186.33594894822622,185.5075604065047,185.91748046875,69224800,5.2253029218761,-0.0006889288782581104
2016-08-26,186.10536608503304,187.13017277202832,184.6791747157033,185.5673370361328,122506300,5.223417819068085,-0.0018851028080151266
2016-08-29,185.6954241505889,186.7458499037358,185.66125654740873,186.48110961914062,70502200,5.22832994504839,0.004912125980305326
2016-08-30,186.3956517363031,186.67747574400823,185.61851490051868,186.17361450195312,58114500,5.226679649656587,-0.0016502953918031693
2016-08-31,185.8406136763452,185.96017423152927,184.86704543238258,185.64419555664062,85269500,5.223831914616621,-0.0028477350399658263
2016-09-01,185.63567193253297,185.94311526279898,184.49130460420253,185.6527557373047,97844200,5.223878024236621,4.6109619999512574e-05
2016-09-02,186.50672308329246,186.91664309101938,185.9174557421788,186.48963928222656,79293900,5.228375684094214,0.004497659857593206
2016-09-06,186.7715205627096,187.13020230821525,186.05415707169837,187.0533447265625,56702100,5.231393842091448,0.003018157997233928
2016-09-07,186.89105986483438,187.2155869919185,186.42990139629998,187.03623962402344,76554900,5.231302392859678,-9.144923177029085e-05
2016-09-08,186.7031179832465,186.97640664184834,186.30173341037536,186.6091766357422,74102900,5.2290164653162705,-0.0022859275434070625
2016-09-09,185.2940362059573,185.3452745786899,182.1171267853134,182.1427459716797,221589100,5.204790698185464,-0.024225767130806375
2016-09-12,181.3826693697938,185.1573813091356,181.3143471996687,184.75599670410156,168110900,5.2190360177811215,0.014245319595657335
2016-09-13,183.4750201242403,183.73976043922337,181.47664513586105,182.10006713867188,182828800,5.204556355424718,-0.014479662356403189
2016-09-14,182.15126830185304,183.3554220992557,181.4766080573567,182.03170776367188,134185500,5.204180890384231,-0.0003754650404870219
2016-09-15,181.8694931310886,184.2350851766038,181.6901457728944,183.8507843017578,134427900,5.214124473725442,0.009943583341210704
2016-09-16,183.23450685016985,183.41476016392667,182.4534440824219,183.1400909423828,155236400,5.210251384252483,-0.003873089472959279
2016-09-19,183.7924158425578,184.43615706862911,182.8482568055404,183.17442321777344,80250500,5.210438831236776,0.00018744698429351558
2016-09-20,184.03271111719636,184.18720269659795,183.148641043208,183.18296813964844,69665300,5.210485479248134,4.6648011357675045e-05
2016-09-21,183.88680091229358,185.4231906182393,183.20014110023288,185.24295043945312,110284400,5.221668209144167,0.011182729896033194
2016-09-22,186.25580196538942,186.71071140169641,186.00689444431455,186.41029357910156,76678700,5.227950123790603,0.0062819146464363484
2016-09-23,186.01545659349085,186.15279119157253,185.29446959898425,185.38888549804688,73630900,5.2224557025647815,-0.005494421225821888
2016-09-26,184.55634599505012,184.73658622790907,183.68943264717916,183.88685607910156,89827300,5.214320655859107,-0.00813504670567422
2016-09-27,183.72375923728868,185.12281467748386,183.3546741024381,185.02841186523438,78494800,5.2205093909364,0.006188735077293117
2016-09-28,185.25156939742342,186.10131257383443,184.29025330876007,185.94680786132812,87411000,5.225460653573169,0.004951262636768483
2016-09-29,185.74079483696008,186.14420704939064,183.71515527343914,184.2644805908203,128070600,5.216372120061686,-0.009088533511483199
2016-09-30,185.09706656577902,186.35880049344547,184.84815903920278,185.6549835205078,117202900,5.223890023896028,0.0075179038343424764
2016-10-03,185.24295835945435,185.431777046321,184.57345551878453,185.2086181640625,83512100,5.221482855492577,-0.00240716840345101
2016-10-04,185.3202256217932,185.54338452990322,183.6722496696497,184.2644805908203,119948100,5.216372120061686,-0.0051107354308914665
2016-10-05,184.89107845869026,185.50907112348864,184.82241115182939,185.0799102783203,72816000,5.220787679266261,0.004415559204574926
2016-10-06,184.85670319450523,185.431777046321,184.3159695380813,185.2086181640625,62927400,5.221482855492577,0.0006951762263165406
2016-10-07,185.48330296661467,185.65496466719526,183.8439055676314,184.57347106933594,89788300,5.218047601391137,-0.0034352541014399662
2016-10-10,185.53477478027344,185.99826261811654,185.3888616998979,185.53477478027344,51855000,5.223242329600867,0.005194728209730215
2016-10-11,185.10560987157612,185.17427716025622,182.46197819364937,183.19154357910156,130367400,5.210532291671926,-0.012710037928941098
2016-10-12,183.32890778506237,183.95549198417868,182.83107968438495,183.43191528320312,73866100,5.211843564765522,0.0013112730935960215
2016-10-13,182.10150448178726,183.32889802045077,181.28610162289814,182.83106994628906,101357000,5.208562611460735,-0.003280953304787282
2016-10-14,183.8095768470923,184.27307787424564,182.84826078625434,182.92550659179688,93346200,5.209079002162443,0.0005163907017076141
2016-10-17,182.89977585504036,183.1572749956163,182.11012142837114,182.29037475585938,58275700,5.2056008813650845,-0.0034781207973582084
2016-10-18,183.88682468440092,183.94690038611378,183.05425168289966,183.43191528320312,76869700,5.211843564765522,0.006242683400437876
2016-10-19,183.6980141682805,184.23016943203046,183.33752062539025,183.92117309570312,66519200,5.214507258727881,0.0026636939623587708
2016-10-20,183.56922822655446,184.13572360059572,182.91690855450392,183.57781982421875,73639800,5.212638663830997,-0.0018685948968837351
2016-10-21,183.5778567150174,183.74951844247977,182.61652746671754,183.66368103027344,89089100,5.213106264619141,0.0004676007881432298
2016-10-24,184.53916383483073,184.81383306288816,184.0928328877122,184.4447479248047,60146600,5.217349949388463,0.0042436847693227975
2016-10-25,184.26449104867996,184.52199017077416,183.66366849509308,183.82675170898438,66542300,5.213993747257525,-0.00335620213093879
2016-10-26,183.00276269752138,184.0413245480299,182.76242058903588,183.45767211914062,75705500,5.21198397123583,-0.0020097760216950533
2016-10-27,184.1785741100072,184.21290119711253,182.89109224400121,182.9683380126953,77220200,5.209313121548301,-0.0026708496875285093
2016-10-28,182.94265625436947,183.6207245221846,181.71526271359414,182.4276580810547,140623200,5.206353700361234,-0.002959421187067157
2016-10-31,182.76235620543267,182.98552813534675,182.27311985320608,182.4362030029297,61272500,5.20640053932112,4.6838959885775466e-05
2016-11-01,182.76240146453398,182.81391175900075,179.90420222663423,181.1144256591797,122781800,5.199129017482779,-0.007271521838340789
2016-11-02,180.80546160019983,181.19171684432766,179.58664635288605,180.02439880371094,103330800,5.193092390613792,-0.006036626868986872
2016-11-03,180.23899933405616,180.45357978386227,178.92576802899876,179.20042419433594,88939300,5.188504867693921,-0.004587522919870857
2016-11-04,179.31195648407876,180.15310792810095,178.8570471145705,179.00296020507812,109122100,5.18740234316255,-0.001102524531371607
2016-11-07,179.0029616433653,182.985573106403,179.0029616433653,182.95123291015625,109794900,5.209219630497749,0.02181728733519961
2016-11-08,182.5564835688511,184.3417946588668,182.29040588037395,183.77529907226562,106772100,5.213713810641581,0.0044941801438316276
2016-11-09,182.28176977538683,186.34164072452515,182.25602117291444,185.72364807128906,258429000,5.224259805815194,0.01054599517361332
2016-11-10,186.51325435585727,187.38015430848472,184.7279441619879,186.1870880126953,172113300,5.2267520177161435,0.0024922119009493926
2016-11-11,185.46612364293432,185.99827881735078,184.81380397439327,185.75794982910156,100552700,5.2244444812236335,-0.0023075364925100317
2016-11-14,186.28153322319332,186.48753511924482,185.15713403826015,185.90386962890625,94580000,5.225229710158449,0.000785228934815585
2016-11-15,186.29012286331468,187.3544464111328,186.08413405189424,187.3544464111328,91652600,5.23300225813732,0.00777254797887128
2016-11-16,186.73644010696472,187.23426819301946,186.6162756101203,187.0025177001953,65617700,5.231122080401361,-0.0018801777359591654
2016-11-17,187.15699714248817,188.02389710297544,187.04541116156398,187.9638214111328,69797200,5.2362495050086455,0.0051274246072843255
2016-11-18,188.03250823700608,188.20416992760926,187.36300537884298,187.5432586669922,86265800,5.2340095316909645,-0.002239973317680999
2016-11-21,188.11832125486393,188.98522125344928,187.97240817175233,188.95947265625,72402600,5.241532561675948,0.0075230299849833315
2016-11-22,189.2685244721837,189.50885351454778,188.59903455460517,189.32861328125,67429000,5.243484199889735,0.0019516382137867438
2016-11-23,188.81360218249452,189.48309205465273,188.61619186043498,189.4315948486328,56620200,5.244027982302512,0.0005437824127776381
2016-11-25,189.77492821985058,190.16974885738745,189.6976693151591,190.1354217529297,37872300,5.247736564345687,0.003708582043175035
2016-11-28,189.8264176025209,190.1010737177132,189.13975766911682,189.2427520751953,76572500,5.243030593434603,-0.004705970911084378
2016-11-29,189.27708675809228,190.06674107455783,188.97666895318812,189.61183166503906,69886700,5.2449789911705365,0.0019483977359335825
2016-11-30,190.2298080583278,190.39289124725988,189.09681733329265,189.1569061279297,113291800,5.242576861794643,-0.002402129375893125
2016-12-01,189.45729763155808,189.45729763155808,188.10114811423543,188.46165466308594,79040500,5.238894562656686,-0.0036822991379574788
2016-12-02,188.5475128071081,189.0453409292025,188.19559779196308,188.55609130859375,74840300,5.239395529247738,0.0005009665910522543
2016-12-05,189.38857768645838,190.03231862094253,189.19116746702724,189.68899536132812,67837800,5.2453858645114595,0.005990335263721391
2016-12-06,189.8779262461013,190.32425719424867,189.39726819284246,190.2899169921875,59877400,5.248548788096402,0.003162923584942412
2016-12-07,190.1353752648461,192.83908265035777,190.01521078319993,192.7790069580078,110738100,5.261544491175462,0.01299570307905995
2016-12-08,192.7533292998272,193.72322400972192,192.48723854537536,193.2511444091797,99714400,5.263990609360371,0.0024461181849089186
2016-12-09,193.47426539989627,194.43558135317642,193.43992520330906,194.4184112548828,88005800,5.270012595643059,0.006021986282688019
2016-12-12,194.32400972798507,194.80468083711352,193.77468441450114,194.1952667236328,102016100,5.2688641823554185,-0.0011484132876402597
2016-12-13,194.85616816380934,195.98914583553722,194.83899806511636,195.49131774902344,110477500,5.275515967948317,0.00665178559289803
2016-12-14,195.1909472602173,195.89476426659184,193.4399636012316,193.87771606445312,142501800,5.267227630757454,-0.008288337190862194
2016-12-15,194.11799956689399,195.53422484677,193.88624908760528,194.6759033203125,124972600,5.271336141597719,0.004108510840264756
2016-12-16,195.1326462584023,195.19308922448477,193.9757194067393,194.295166015625,156420200,5.269378477101314,-0.0019576644964054424
2016-12-19,194.47648568022888,195.14129244989354,194.32971255495227,194.71823120117188,90341100,5.271553545391323,0.002175068290009463
2016-12-20,195.2535152040126,195.6161466451417,195.0204119300411,195.4693603515625,89838800,5.275403642598408,0.003850097207084957
2016-12-21,195.339879855202,195.51255335726185,194.9254608154297,194.9254608154297,67909000,5.272617233258175,-0.00278640934023322
2016-12-22,194.77867465020097,194.8995474109714,194.19156897349964,194.58872985839844,56219100,5.270888253678082,-0.001728979580092549
2016-12-23,194.6319137581081,194.88230155005348,194.44198211565433,194.87367248535156,36697800,5.272351515220557,0.0014632615424750028
2016-12-27,195.14133253390034,195.7543255257269,195.1240612291016,195.357177734375,42672500,5.274829563771428,0.0024780485508708594
2016-12-28,195.6161315579945,195.63338968308497,193.63035371886235,193.74258422851562,64095000,5.266530392551355,-0.008299171220072843
2016-12-29,193.81166288654242,194.16565207513557,193.25909985948013,193.69943237304688,48696100,5.2663076399649125,-0.00022275258644288698
2016-12-30,194.02753979431756,194.11388313342871,192.30077840524552,192.99148559570312,108998300,5.2626460718473025,-0.0036615681176099812
2017-01-03,194.29519356381343,194.9772717176174,193.29368192997538,194.46788024902344,91366500,5.270267009313524,0.007620937466221278
2017-01-04,194.79590478025963,195.77152896391962,194.78727571792442,195.624755859375,78744400,5.276198313290444,0.005931303976920432
2017-01-05,195.3571298332533,195.62477570835244,194.67505178947582,195.4693603515625,78379000,5.275403642598408,-0.0007946706920360924
2017-01-06,195.58156511925316,196.6348902835948,195.03763123995583,196.16867065429688,71559900,5.278974853719872,0.0035712111214643016
2017-01-09,195.90966726158888,196.04781129974756,195.48660608503067,195.52114868164062,46939700,5.2756685509743635,-0.0033063027455089156
2017-01-10,195.53840680580504,196.3758869226987,195.1326169275518,195.52114868164062,63771900,5.2756685509743635,0.0
2017-01-11,195.43485452972027,196.07376098632812,194.77004770620948,196.07376098632812,74650000,5.278490919998454,0.0028223690240904986
2017-01-12,195.55571889690535,195.7715640612507,194.2261184811609,195.5816192626953,72113200,5.275977782135547,-0.0025131378629073
2017-01-13,195.75430571982696,196.33276921767424,195.71977628786865,196.0305938720703,62717900,5.278270738233588,0.0022929560980413655
2017-01-17,195.3917055249708,195.7974955523788,194.9513860624016,195.33990478515625,61240800,5.2747411425878425,-0.003529595645745509
2017-01-18,195.59026018207095,195.8147475980489,195.03769705481952,195.77157592773438,54793300,5.27694855064998,0.0022074080621372616
2017-01-19,195.84929400722058,195.98743809454464,194.61466580889314,195.04635620117188,66608800,5.273237254420422,-0.0037112962295582363
2017-01-20,195.72838159242662,196.25504429133156,195.09811743607892,195.76292419433594,129168600,5.276904356672707,0.0036671022522858365
2017-01-23,195.76289876862668,195.82332855290545,194.49372838322267,195.2534942626953,75061600,5.27429868491149,-0.0026056717612172875
2017-01-24,195.46931932245653,196.91980526008837,195.35708882770456,196.50538635253906,95555300,5.2806898423969315,0.00639115748544139
2017-01-25,197.45514871677426,198.206298828125,197.2911042881558,198.206298828125,84437700,5.289308401552993,0.008618559156061245
2017-01-26,198.05949900367568,198.32715804870278,197.72278110576516,197.9990692138672,59970700,5.2882623297434215,-0.0010460718095712807
2017-01-27,198.07676629744958,198.22353941160668,197.50693196662186,197.68824768066406,59711100,5.286691283192963,-0.00157104655045881
2017-01-30,196.99757208995024,197.0234724569335,195.4780268056416,196.4622802734375,79737300,5.280470454987048,-0.006220828205914408
2017-01-31,195.97013008802804,196.50543503261844,195.4003088892889,196.4449920654297,75880800,5.28038245352087,-8.800146617815585e-05
2017-02-01,196.44494296812536,197.36012409176385,195.93555168974387,196.52264404296875,79117700,5.280777661529951,0.000395208009081216
2017-02-02,196.5227219216068,196.93715416661635,195.83202786154703,196.65223693847656,69657600,5.281436874040564,0.0006592125106124058
2017-02-03,197.55875725721955,198.189021412973,197.24793971104177,198.00770568847656,80563200,5.288305947555833,0.0068690735152694415
2017-02-06,197.60190105740523,197.9990619046049,197.3169838967462,197.65370178222656,57790100,5.286516518543918,-0.0017894290119153666
2017-02-07,198.04221250519157,198.28395797807633,197.47237824447453,197.66232299804688,57931200,5.286560135373397,4.3616829478843044e-05
2017-02-08,197.66235464778478,198.05087327897783,197.11842065962912,197.92137145996094,51566200,5.287869837985372,0.001309702611975716
2017-02-09,197.92138285613618,199.39775637450677,197.92138285613618,199.0955810546875,65955200,5.293785016221574,0.00591517823620169
2017-02-10,199.44090624989494,200.1057129594876,199.1128174264858,199.8812255859375,66015900,5.2977233180658585,0.003938301844284453
2017-02-13,200.37335103154578,201.22810248207932,200.3474506700879,200.96908569335938,55182100,5.303151093709655,0.005427775643796373
2017-02-14,200.7877803826342,201.78067592843365,200.44243342922505,201.77203369140625,71109000,5.3071385140314105,0.003987420321755586
2017-02-15,201.55619265961616,203.01530793966828,201.50439193296327,202.8253631591797,86785800,5.312345328784541,0.005206814753130118
2017-02-16,202.85125327687982,203.03256898514903,201.90154259654713,202.65267944335938,84722400,5.311493575011873,-0.0008517537726673297
2017-02-17,201.9878841166429,202.97213745117188,201.97061281627794,202.97213745117188,77204100,5.31306871568649,0.0015751406746167262
2017-02-21,203.3433974707437,204.3535511663621,203.33475523351058,204.18087768554688,88946100,5.319006256318891,0.005937540632401372
2017-02-22,203.77512901838926,204.22407752457949,203.6110845674508,203.99960327148438,62115200,5.3181180490947,-0.0008882072241913619
2017-02-23,204.5176001420342,204.53485826860089,203.37793142979874,204.13771057128906,74615900,5.318794817919268,0.0006767688245679082
2017-02-24,203.29161757498488,204.43990226843368,203.2484459068218,204.39674377441406,82381600,5.320062927549103,0.0012681096298354788
2017-02-27,204.31036610677148,204.88882947535308,204.0599915521268,204.71615600585938,56515400,5.321624414837904,0.0015614872888010112
2017-02-28,204.33629348744313,204.57803901152806,203.77510134384804,204.1636199951172,96961900,5.318921731166536,-0.002702683671368611
2017-03-01,205.82135503362124,207.48768688200394,205.8040837283026,207.02145385742188,149158200,5.33282242971822,0.01390069855168452
2017-03-02,206.8314676509237,206.8401098889274,205.6659116708949,205.71771240234375,70246000,5.326504900887391,-0.006317528830829033
2017-03-03,205.63136858182762,206.0112581770802,205.25147898657502,205.8472137451172,81974300,5.327134212759321,0.0006293118719300494
2017-03-06,205.05287618633375,205.58816790002123,204.6298149833005,205.23419189453125,55391500,5.324151726582182,-0.002982486177139698
2017-03-07,204.9320181020003,205.28600730695996,204.4139844764914,204.62120056152344,65103700,5.321160467707179,-0.0029912588750029556
2017-03-08,204.91476888907812,205.1737857297519,204.10318893623398,204.2413330078125,78168800,5.319302299585512,-0.0018581681216662815
2017-03-09,204.3621916313429,204.82842454711275,203.5333536075299,204.50033569335938,90683900,5.320569617013829,0.001267317428316872
2017-03-10,205.45867971496864,205.50185137922537,204.2672102870221,205.21693420410156,81991700,5.324067635252703,0.003498018238873968
2017-03-13,205.1564969575733,205.36371304729602,204.82842128319064,205.32054138183594,57256800,5.324572374459695,0.0005047392069918999
2017-03-14,204.77658130224904,204.8283951986883,203.92184303604526,204.5348358154297,59880800,5.320738307261295,-0.0038340671984000707
2017-03-15,205.1047261295561,206.72788613365728,204.87160964140134,206.30482482910156,96081800,5.329354807244837,0.008616499983541637
2017-03-16,206.44289017235295,206.52059124738804,205.57088070174453,205.89895629882812,78344000,5.327385545049688,-0.0019692621951490352
2017-03-17,206.16172343398011,206.3524945415205,205.53738403320312,205.53738403320312,89002100,5.32562793482783,-0.0017576102218574974
2017-03-20,205.53741672740404,205.82357343423274,204.92175706269143,205.3119659423828,52537000,5.324530607481673,-0.0010973273461569732
2017-03-21,205.91896907394496,206.04036769204072,202.54580758029502,202.67587280273438,131809300,5.311608017279864,-0.012922590201808859
2017-03-22,202.71050562179485,203.4388971145537,202.0861662761578,203.15274047851562,97569200,5.313958112268987,0.002350094989123086
2017-03-23,203.1528040928162,204.07196696408943,202.56315743254936,202.93601989746094,100410300,5.312890756445453,-0.0010673558235341218
2017-03-24,203.2395807305736,203.8118811127881,202.00824773935312,202.78866577148438,112504900,5.312164381454429,-0.0007263749910242367
2017-03-27,201.11504198690557,202.84064907072647,200.8375650770333,202.58050537109375,87454500,5.311137364929712,-0.0010270165247172613
2017-03-28,202.27694810256475,204.47946913274336,202.16421611623088,204.05458068847656,93483900,5.3183875104529506,0.007250145523238771
2017-03-29,203.7684772006866,204.4795224816916,203.543013169195,204.24539184570312,61950400,5.3193221721426545,0.0009346616897039084
2017-03-30,204.18472185185752,205.095218220632,204.01129712243826,204.89576721191406,56737900,5.322501397207731,0.0031792250650761744
2017-03-31,204.55752452869268,205.08647839915892,204.36675341269142,204.41879272460938,73733100,5.320170795025988,-0.002330602181742414
2017-04-03,204.47080292123815,204.67024062467212,202.83191535668945,204.06324768066406,85546500,5.3184299834427895,-0.0017408115831987203
2017-04-04,203.7771678927546,204.28010887362666,203.39562554647517,204.19338989257812,56466200,5.319067534455289,0.0006375510124998485
2017-04-05,204.86969271906057,205.84956133200993,203.3782166767564,203.58633422851562,108800600,5.316090161738583,-0.0029773727167059505
2017-04-06,203.72510777753564,204.67895025249734,203.2828595720796,204.15867614746094,69135800,5.318897515747965,0.0028073540093815907
2017-04-07,203.90718678397994,204.64425826097678,203.4649518366553,203.95054626464844,74412300,5.317877544184341,-0.0010199715636236562
2017-04-10,204.08930688910144,204.86972467488317,203.54300650018013,204.07196044921875,67615300,5.318472678943606,0.0005951347592647593
2017-04-11,203.69040229352734,203.9331995071442,202.33767118010337,203.8291473388672,88045300,5.317282129889456,-0.0011905490541499475
2017-04-12,203.5516928341111,203.74246398454034,202.71056909761606,202.93601989746094,81864400,5.312890756445453,-0.004391373444002866
2017-04-13,202.59786514863754,203.33493680753776,201.6179962158203,201.6179962158203,92880400,5.3063747991567105,-0.006515957288742769
2017-04-17,202.1382560907117,203.40428161621094,201.93881833535443,203.40428161621094,68405400,5.315195533620099,0.008820734463388824
2017-04-18,202.66722175488167,203.33492082138852,202.1122547107801,202.7972869873047,83225800,5.312206893852913,-0.0029886397671861076
2017-04-19,203.36088659151088,203.73374899208096,202.19891344901046,202.42437744140625,68699900,5.310366372064948,-0.0018405217879653435
2017-04-20,203.0400655952371,204.51420866175764,202.71922923042013,204.07196044921875,92572200,5.318472678943606,0.00810630687865821
2017-04-21,203.99391375359454,204.0459398398568,203.0227248594819,203.42160034179688,110389800,5.315280674346707,-0.0031920045968991673
2017-04-24,205.66748008040375,205.8669310518589,203.39558611710683,205.6588134765625,119209900,5.326218550439671,0.010937876092963705
2017-04-25,206.30050177430596,207.20231814801264,206.2137828090746,206.85546875,76698300,5.3320203307982075,0.0058017803585368455
2017-04-26,206.82078840698463,207.70527162641977,206.6820565782447,206.72540283203125,84702500,5.331391356243561,-0.0006289745546466108
2017-04-27,207.04627642783714,207.20235471505057,206.36123088339932,206.89886474609375,57410300,5.332230097767346,0.0008387415237853801
2017-04-28,207.15892108292857,207.18493412148746,206.31779755231412,206.4478759765625,63532800,5.330047963960271,-0.002182133807075104
2017-05-01,206.9681854248047,207.39308717979222,206.55196350512594,206.9681854248047,66882500,5.33256508785332,0.0025171238930488116
2017-05-02,207.10694208293043,207.22834070095143,206.63869405097995,207.04624938964844,57375700,5.332942195312406,0.00037710745908636767
2017-05-03,207.04624635526116,207.1416319274124,206.11840367783955,206.79476928710938,73137700,5.331726848731742,-0.0012153465806639119
2017-05-04,207.09822727291336,207.17626638816398,206.18773123396085,207.0375213623047,61462700,5.332900039459115,0.0011731907273722086
2017-05-05,207.41042618596828,207.87000757135223,206.96817800766829,207.8526611328125,62001300,5.3368294687574735,0.003929429298358933
2017-05-08,207.8960322946924,208.04344395192322,207.39309140042783,207.8179931640625,48385700,5.336662663771497,-0.00016680498597665405
2017-05-09,208.07817318674387,208.27761096590743,207.28039560717198,207.62725830078125,51363200,5.3357444446992615,-0.0009182190722354377
2017-05-10,207.58385438215467,208.0000762939453,207.37573681053132,208.0000762939453,54293800,5.337538446499065,0.0017940017998032687
2017-05-11,207.54916701215808,207.7399381378494,206.49125921749004,207.57518005371094,62358300,5.335493587562922,-0.0020448589361423686
2017-05-12,207.32371808931455,207.6185414026606,206.95952224963003,207.22833251953125,53912700,5.333821240996399,-0.001672346566523153
2017-05-15,207.6532150547437,208.4943386654643,207.6358686169011,208.37294006347656,61918900,5.339329455303925,0.005508214307526238
2017-05-16,208.66776910395944,208.6937821457131,207.79196582485682,208.1821746826172,51241800,5.338413536197701,-0.0009159191062240168
2017-05-17,208.18217186348366,208.18217186348366,204.42746852090303,204.48817443847656,172174100,5.320510147104112,-0.017903389093589794
2017-05-18,204.41013633938513,206.16175622749276,204.14999267577213,205.3119659423828,107047700,5.324530607481673,0.004020460377561541
2017-05-19,205.7975638266799,207.31505311972367,205.74553773938,206.64735412597656,115011400,5.3310137372269795,0.006483129745306293
2017-05-22,207.15894524650494,207.86133706388557,207.08958595656034,207.6965789794922,61010600,5.336078259776232,0.005064522549252715
2017-05-23,208.06948524574335,208.32096234274778,207.6879429133631,208.1562042236328,48341700,5.33828877969994,0.0022105199237074658
2017-05-24,208.39032081938808,208.7458368492494,208.05212476731114,208.64178466796875,46927700,5.340618832516738,0.0023300528167986556
2017-05-25,209.15341303207651,209.9164977213546,208.94530864878885,209.63900756835938,64071700,5.34538703994241,0.004768207425671633
2017-05-26,209.44817144575288,209.76034115533866,209.37013232622007,209.59559631347656,46629900,5.345179942271388,-0.00020709767102200516
2017-05-30,209.2747833846353,209.66499228202534,209.11870511826206,209.4135284423828,35201900,5.344310902091614,-0.0008690401797739611
2017-05-31,209.70831480588197,209.7430076799328,208.6677535190861,209.36146545410156,91796000,5.344062257882632,-0.000248644208982185
2017-06-01,209.8210478217263,211.04371362460992,209.53489115095857,211.0263671875,68962000,5.351983088642778,0.00792083076014638
2017-06-02,211.0784681088395,211.88491232720614,210.78364473070948,211.72882080078125,88666100,5.355306308698825,0.003323220056047127
2017-06-05,211.5553464319028,211.84150313700025,211.3732418990385,211.57269287109375,44698800,5.35456864095267,-0.0007376677461552461
2017-06-06,211.00906583255866,211.5640328555531,210.81829467795515,210.89634704589844,50375400,5.351366766547138,-0.0032018744055317683
2017-06-07,211.23448820149852,211.511965042533,210.566789292094,211.28651428222656,54144300,5.3532150999739345,0.0018483334267962448
2017-06-08,211.38192787830263,211.86752233811313,210.86164053910187,211.39059448242188,65950700,5.353707580877871,0.0004924809039366096
2017-06-09,211.6593792299721,212.4571433508012,209.80370735008688,211.06973266601562,132256400,5.352188565446204,-0.0015190154316675475
2017-06-12,210.82692947082722,211.0783932673751,210.17657700947908,211.0263671875,86108100,5.351983088642778,-0.00020547680342541952
2017-06-13,211.56404473671435,212.1103451857091,211.21719528966076,212.05831909179688,60067000,5.356861326897326,0.0048782382545482506
2017-06-14,212.32709501261013,212.33576161637254,210.96568402890944,211.7894744873047,78602300,5.355592736405081,-0.0012685904922458136
2017-06-15,210.43672319414657,211.50331083741182,210.15924633684702,211.3819122314453,66464900,5.35366650795643,-0.0019262284486503134
2017-06-16,211.54135180896955,211.59363159818074,210.54799592602043,211.42807006835938,84553100,5.353884846401735,0.00021833844530494417
2017-06-19,212.25592595918818,213.24928213013328,212.16007521918544,213.18829345703125,65123800,5.362175782046022,0.008290935644287067
2017-06-20,212.8309400886091,212.83964895364744,211.73302477480613,211.7504425048828,56906400,5.355408423281493,-0.006767358764529163
2017-06-21,212.14266238565773,212.25593086574634,211.22772590011513,211.69825744628906,55977600,5.355161946865984,-0.00024647641550945565
2017-06-22,211.7069746380786,212.2036460753738,211.4281312869086,211.60240173339844,44148100,5.354709050266603,-0.00045289659938063664
2017-06-23,211.66337057155704,212.18618182919283,211.27996767170237,211.85507202148438,66986800,5.355902418355407,0.001193368088803659
2017-06-26,212.5260250262087,212.9442900095876,211.7853723814404,211.99449157714844,56700500,5.356560291207787,0.0006578728523800592
2017-06-27,211.77666390216672,212.07293827520004,210.26920531977657,210.28663635253906,82247700,5.348471535052545,-0.008088756155241406
2017-06-28,211.3061360835291,212.36920306894754,211.07086367305584,212.16879272460938,70042600,5.35738214997644,0.008910614923894222
2017-06-29,212.31691400169302,212.36919380263205,209.09286441596026,210.30406188964844,106949700,5.348554397261301,-0.00882775271513836
2017-06-30,211.11438810422226,211.48908210473473,210.50443504104103,210.69613647460938,86820700,5.35041698402413,0.0018625867628285775
2017-07-03,211.63723424751635,212.07291695089415,211.0534210205078,211.0534210205078,39153800,5.35211128162335,0.0016942975992204623
2017-07-05,211.41937596181293,211.7504857485922,210.60899928452872,211.54136657714844,54427600,5.354420566014941,0.002309284391590616
2017-07-06,210.7745599493883,210.89655056421648,209.4239410235178,209.60693359375,65400800,5.345234032022605,-0.009186533992336265
2017-07-07,210.18203933045078,211.11439332953753,209.61564388235107,210.9662628173828,57972300,5.351698228831255,0.006464196808650513
2017-07-10,210.96629034495894,211.56753463484975,210.66130711803464,211.19284057617188,36663300,5.352771652470465,0.001073423639209814
2017-07-11,211.19278906823897,211.3496417254251,209.86832347589024,211.03594970703125,50354600,5.352028496721867,-0.0007431557485979567
2017-07-12,212.00319472965325,212.78741823519627,212.00319472965325,212.62185668945312,59610400,5.359515267253209,0.007486770531341946
2017-07-13,212.63058514067592,213.09240773141693,212.4040216309671,212.9791259765625,39471600,5.361194160797066,0.001678893543856752
2017-07-14,212.97914755361637,214.32976669747507,212.88329681963978,213.97250366210938,60262700,5.3658475192063815,0.0046533584093158
2017-07-17,213.89407029991375,214.2774732113337,213.77207967318748,213.94635009765625,33531900,5.365725283112991,-0.0001222360933903488
2017-07-18,213.53679155799162,214.11189588275872,213.19695960171654,214.0596160888672,42742500,5.366254556080208,0.0005292729672170537
2017-07-19,214.37331090887497,215.22724524405382,214.36458874579398,215.21853637695312,51034300,5.3716539601588105,0.005399404078602288
2017-07-20,215.4712467470774,215.5932373778615,214.76544286211356,215.3144073486328,47135200,5.372099319681985,0.0004453595231748153
2017-07-21,214.73930824803008,215.1488510820248,214.51274471672465,215.12271118164062,82340800,5.371208614994061,-0.000890704687924071
2017-07-24,215.04431188742566,215.20987347979448,214.59992021526517,215.07046508789062,46622300,5.370965719025976,-0.0002428959680855769
2017-07-25,215.8197661496051,215.92433903415252,215.36666573516052,215.5932159423828,54915600,5.373393372595358,0.0024276535693825707
2017-07-26,215.88080257051678,215.91565134027576,215.34056021536747,215.60195922851562,47575400,5.37343392632433,4.0553728971381986e-05
2017-07-27,216.06378128085285,216.09863004837075,214.07705583681485,215.4015350341797,70766600,5.37250389113227,-0.0009300351920593641
2017-07-28,214.92228595767858,215.27954898825683,214.46918549038995,215.1488494873047,50088400,5.3713301117792795,-0.0011737793529906781
2017-07-31,215.54968205619747,215.64553279418223,214.8177382184862,215.02687072753906,65838700,5.370763000446386,-0.000567111332893333
2017-08-01,215.62809414341172,215.66294291021597,214.9832789416926,215.506103515625,55050400,5.372989231721032,0.00222623127464594
2017-08-02,215.63684241852397,215.7501241993071,214.6783349564754,215.61070251464844,47211200,5.373474478408764,0.0004852466877318662
2017-08-03,215.49735269341895,215.52349258904115,214.91353953122382,215.1923828125,40856000,5.371532431808486,-0.001942046600277969
2017-08-04,215.68035389360682,215.9156129636254,215.2011002947134,215.58450317382812,60191800,5.373352958779107,0.0018205269706212945
2017-08-07,215.65424173012192,215.9853515625,215.54966883401892,215.9853515625,31995000,5.375210588544221,0.001857629765114055
2017-08-08,215.6716530032204,216.8915725839997,215.07913089231317,215.4538116455078,61719400,5.3727465554602745,-0.002464033083946937
2017-08-09,214.76541970622196,215.4973634120088,214.4081567203093,215.44508361816406,62632600,5.372706044670199,-4.0510790075387604e-05
2017-08-10,214.60859100217328,214.73930379736694,212.3517576759011,212.40403747558594,120479500,5.358490298017561,-0.014215746652638472
2017-08-11,212.63061434697283,213.31027837749468,212.39534193764374,212.71774291992188,74869900,5.359966136310222,0.0014758382926611802
2017-08-14,213.9986367596491,215.04427263598282,213.96378799202998,214.82643127441406,73291900,5.369830405690366,0.009864269380144286
2017-08-15,215.20985108309884,215.22728211626676,214.49533827500437,214.80030822753906,55242700,5.3697087975849795,-0.00012160810538652811
2017-08-16,215.32308778635706,215.72392168942733,214.74798347603098,215.17495727539062,56715500,5.371451451978022,0.001742654393042109
2017-08-17,214.5649991391246,214.87869118317516,211.8201904296875,211.8201904296875,128490400,5.355737756431678,-0.015713695546343942
2017-08-18,211.65463821371043,212.77870696105012,211.04468512785718,211.4890899658203,136748000,5.354173413069872,-0.0015643433618057756
2017-08-21,211.42812809730577,211.91609065850906,210.7223241572808,211.65467834472656,65469700,5.3549560708791555,0.000782657809283549
2017-08-22,212.23851635176084,214.02480511735484,212.22108531764275,213.8679656982422,63140100,5.365358841891195,0.010402771012039125
2017-08-23,212.90072492052627,213.52810911682874,212.75259438750788,213.10113525390625,50203800,5.361766866419833,-0.003591975471361586
2017-08-24,213.48447470311217,213.64131405755938,212.39526819952485,212.60440063476562,50741700,5.3594331648223426,-0.0023337015974904673
2017-08-25,213.39739631994303,214.01607164817918,212.95300472088786,213.10113525390625,64445900,5.361766866419833,0.0023337015974904673
2017-08-28,213.632659299009,213.65879919803734,212.69158304604505,213.10984802246094,40565600,5.361807751187696,4.088476786279216e-05
2017-08-29,211.79406930882632,213.61521978067924,211.6807875535501,213.35382080078125,51135700,5.362951918078204,0.0011441668905085578
2017-08-30,213.33635836277287,214.6346973877078,213.15336580780374,214.36456298828125,62030800,5.3676781309660635,0.004726212887859127
2017-08-31,214.98326552211907,215.8982018213985,214.3994523187264,215.6542205810547,103803900,5.37367629434242,0.005998163376356835
2017-09-01,216.02889356199628,216.3861565425385,215.81105222693105,215.9591827392578,62007000,5.375089421027579,0.0014131266851586943
2017-09-05,215.45386978255178,215.68043336513574,213.44101722150592,214.40823364257812,91398800,5.36788183164293,-0.007207589384648827
2017-09-06,215.08784166100486,215.47124458132453,214.55630821164922,215.14012145996094,57916900,5.371289543566129,0.003407711923198775
2017-09-07,215.44512156039062,215.46255259340205,214.70445556120356,215.11399841308594,58034700,5.3711681127851065,-0.00012143078102244687
2017-09-08,214.8263897741887,215.32307436468693,214.61727061690857,214.8612518310547,63832800,5.369992479485291,-0.001175633299815182
2017-09-11,216.1334298043192,217.2313585238919,216.11601207250075,217.15293884277344,71364800,5.380601892588415,0.0106094131031238
2017-09-12,217.5189463449708,217.91976697822463,217.33595376302054,217.88491821289062,56896000,5.383967025295821,0.0033651327074055715
2017-09-13,217.5973901437725,218.02436401830158,217.48410837592183,217.989501953125,59228000,5.384446905451218,0.00047988015539690565
2017-09-14,217.66710965400515,218.12022344748598,217.4928392091226,217.9197998046875,95446300,5.384127104296479,-0.0003198011547382862
2017-09-15,217.7752898829497,218.3006957249808,217.67021138693656,218.213134765625,95432400,5.385472267580046,0.0013451632835668192
2017-09-18,218.58085867821242,219.02745551709225,218.2918795370685,218.67718505859375,46235200,5.387596601521201,0.0021243339411549655
2017-09-19,218.92246408474065,218.98376878842842,218.57219348699178,218.8961944580078,47108100,5.388597619535341,0.0010010180141399871
2017-09-20,218.9837562944486,219.08883479538468,217.97670499993538,218.97499084472656,59574100,5.388957526239477,0.00035990670413621473
2017-09-21,218.81735266306487,218.90491361834765,218.21312461516493,218.3882598876953,48211400,5.386274487332923,-0.0026830389065546356
2017-09-22,218.09053414548032,218.59843580213592,218.06426452202962,218.4320526123047,51214000,5.386474994147752,0.0002005068148296374
2017-09-25,218.17814174606968,218.52842573690629,217.24116046476377,217.98548889160156,57064400,5.3844284958561355,-0.0020464982916168495
2017-09-26,218.414537340445,218.65972940317045,217.88036605480062,218.11680603027344,54082000,5.385030726773835,0.0006022309176998419
2017-09-27,218.81733614371592,219.35150736988413,217.9328810369664,218.96620178222656,81001400,5.3889173881449155,0.00388666137108018
2017-09-28,218.6860061186247,219.30775174481863,218.59844515736341,219.22894287109375,44778800,5.390116585003026,0.0011991968581108736
2017-09-29,219.2201788575793,220.07836447253501,219.03629148435007,219.99954223632812,85578000,5.393625465606234,0.0035088806032073094
2017-10-02,220.22724686046223,220.95407104492188,220.0520981995578,220.95407104492188,59023000,5.397954856593348,0.004329390987114046
2017-10-03,220.95405904154,221.45319528449488,220.87523680362833,221.4269256591797,66810200,5.400092628323427,0.00213777173007923
2017-10-04,221.27803048854625,221.93479775778118,221.16418655271696,221.68960571289062,55953600,5.401278231052657,0.001185602729229629
2017-10-05,222.0223769472458,223.02066274400573,221.72464563427442,223.00315856933594,63522800,5.407185935347864,0.005907704295207594
2017-10-06,222.5565537211313,223.03818577572494,222.29385747495817,222.74920654296875,80646000,5.4060465042479136,-0.0011394310999506274
2017-10-09,222.9768693682432,223.038160698137,222.1186838540164,222.3813934326172,35803100,5.40439389625339,-0.0016526079945231587
2017-10-10,222.95063547249964,223.34469322256305,222.4076986932,222.9681396484375,43057400,5.407028889721339,0.0026349934679483766
2017-10-11,222.87176436793303,223.31837463378906,222.7053945612021,223.31837463378906,47674300,5.408598442222001,0.0015695525006620414
2017-10-12,223.00311323619914,223.35338372590607,222.74915577349336,222.985595703125,47065100,5.407107176114355,-0.0014912661076458278
2017-10-13,223.42346325437066,223.5373071880049,222.9856184166564,223.257080078125,54800400,5.4083239329295525,0.0012167568151975061
2017-10-16,223.4848119173923,223.74750818213673,223.14329341125787,223.5548553466797,38221700,5.4096568217314465,0.0013328888018939722
2017-10-17,223.502293026835,223.75625053916676,223.28337058749773,223.71246337890625,31561000,5.410361581646385,0.0007047599149387906
2017-10-18,224.08902950399124,224.13281666932104,223.73875890528632,223.93141174316406,40888300,5.411339807391831,0.0009782257454453713
2017-10-19,223.1520211020439,224.02771085402995,222.73169376244084,223.99267578125,61903800,5.411613353915334,0.00027354652350375375
2017-10-20,224.78959602390063,225.17490169725397,223.9751975121371,225.1486053466797,89176400,5.4167606523987475,0.00514729848341311
2017-10-23,225.4726055845872,225.4988752080291,224.1940793132681,224.27288818359375,63915300,5.4128635612092575,-0.0038970911894899984
2017-10-24,224.70202726520085,224.90341883312888,224.30795613188522,224.6669921875,66935900,5.414619271148934,0.0017557099396761089
2017-10-25,224.3342187766771,224.44806273271078,222.42522132237863,223.5548553466797,103715300,5.4096568217314465,-0.004962449417487136
2017-10-26,224.16781004996602,224.4392583557997,223.7211997534273,223.8437957763672,69798000,5.410948468316135,0.0012916465846881664
2017-10-27,224.58817961378833,225.8316709743532,223.85260333776702,225.6740264892578,85562500,5.419091597401824,0.00814312908568926
2017-10-30,224.58812096030857,225.57765452017483,224.53558172030918,224.83331298828125,54285700,5.415359296490214,-0.0037323009116096983
2017-10-31,225.2099549346107,225.43764289349784,224.8859539001567,225.18368530273438,60304800,5.416916448271502,0.0015571517812880131
2017-11-01,225.96301446634277,226.3045196085102,225.11359425006668,225.4813690185547,54202700,5.41823753476916,0.0013210864976578307
2017-11-02,225.41130620582592,225.7090375198339,224.34296362077094,225.5689239501953,56449500,5.418625761687999,0.00038822691883932947
2017-11-03,225.72654737622838,226.36581054305816,225.31497210628373,226.32203674316406,59589700,5.421958926348204,0.003333164660205057
2017-11-06,226.19065683836942,226.80365036677094,226.1206134153186,226.67230224609375,49652600,5.423505372043381,0.0015464456951761463
2017-11-07,226.77742101945586,227.11018746689305,226.00680960937726,226.5147247314453,57502200,5.422809952661895,-0.0006954193814854293
2017-11-08,226.33955104389406,226.99631841527642,226.05932388502706,226.8999786376953,50469600,5.424509297637248,0.0016993449753526235
2017-11-09,225.69156808446556,226.26952662671255,224.49185047050648,226.07687377929688,95085500,5.420875090900487,-0.0036342067367609587
2017-11-10,225.6915241676346,226.18190827946347,225.37626196778473,226.0067596435547,59984700,5.420564908752226,-0.0003101821482607292
2017-11-13,225.32374022899884,226.44462210368795,225.28870515430896,226.21693420410156,50228600,5.4214944247353065,0.0009295159830804423
2017-11-14,225.41134690680374,225.79665261189925,224.6319700456992,225.6915740966797,61315200,5.419169350812398,-0.0023250739229085937
2017-11-15,224.71950739532375,225.24492660887586,223.85258306351813,224.5618896484375,80811500,5.414151346911513,-0.005018003900884693
2017-11-16,225.50760693548455,226.8386724123831,225.4638331390832,226.4708709716797,67777000,5.422616331671212,0.008464984759698702
2017-11-17,226.12060583091156,226.44460675902482,225.72653475816674,225.8053436279297,75756800,5.419673316749669,-0.002943014921543252
2017-11-20,226.0505564728234,226.38329611732837,225.80533769698386,226.19064331054688,48075500,5.421378198151619,0.0017048814019506864
2017-11-21,226.9612714170117,227.8544920984872,226.15565178250472,227.6705780029297,69176800,5.42789975085582,0.00652155270420085
2017-11-22,227.6793647795018,227.8107129143955,227.3028245514952,227.46920776367188,45033400,5.4270148787409465,-0.0008848721148737582
2017-11-24,227.95960529206286,228.0997188854614,227.81949169866428,227.99461364746094,27856500,5.42932200432214,0.002307125581193503
2017-11-27,228.03838557359245,228.33611690074267,227.67934954628222,227.88076782226562,52274900,5.42882254402141,-0.0004994603007295595
2017-11-28,228.34488846422593,230.21885080268228,228.24854868654762,230.1925811767578,98971700,5.4389162680393435,0.01009372401793307
2017-11-29,230.32395197028413,230.85813671522286,229.60590654971486,230.052490234375,77512100,5.438307501295662,-0.0006087667436815991
2017-11-30,230.97193141811024,232.97724165581693,230.89312254939045,232.06654357910156,127894400,5.4470241563116515,0.008716655015989616
2017-12-01,231.84760758117812,232.32922621426226,228.34484887095724,231.5848846435547,164390900,5.444946478644789,-0.0020776776668620656
2017-12-04,233.20491916153784,233.63399855789893,231.25212153259577,231.3046875,94040600,5.4437358349205,-0.001210643724289362
2017-12-05,230.4727783203125,232.18912267969407,230.34143020779618,230.4727783203125,77994500,5.440132757069101,-0.003603077851399128
2017-12-06,230.56906450744205,230.94563135136966,230.0524108424323,230.5165252685547,75898600,5.440322553005939,0.00018979593683798868
2017-12-07,231.2434539794922,231.55868953736882,230.253920049596,231.2434539794922,77218600,5.443471068876171,0.003148515870232238
2017-12-08,232.19791301203568,232.5131485158571,231.20837925182036,232.50440979003906,76563900,5.44890919168642,0.005438122810248913
2017-12-11,233.20492553710938,233.26623023081655,232.47811483320623,233.20492553710938,83077500,5.451917575767473,0.0030083840810526397
2017-12-12,233.99307158457145,234.08941136214892,233.23999115956917,233.6165313720703,85195800,5.4536810163100355,0.001763440542562833
2017-12-13,233.86171743923478,234.29956234221004,233.50268141192322,233.5902557373047,102905400,5.453568536630723,-0.00011247967931282687
2017-12-14,233.8879721162332,234.0018160595599,232.58320294041542,232.6357421875,100666700,5.449473892026275,-0.004094644604447417
2017-12-15,233.64010042989005,235.03956129628546,233.5872926130855,234.5730743408203,144610300,5.457767157001718,0.008293264975442582
2017-12-18,235.9724486318288,236.41253151743066,235.86683303696876,236.0604705810547,83653600,5.464088003479639,0.006320846477921194
2017-12-19,236.3069764885958,236.35097404422157,235.08353285999786,235.15396118164062,82382900,5.460240453588919,-0.0038475498907200034
2017-12-20,236.12200583322894,236.17481361814868,234.73135606280712,235.03060913085938,76751500,5.459715757282831,-0.0005246963060878684
2017-12-21,235.6555697337511,236.2276989607024,235.26829465421193,235.51473999023438,67032300,5.4617735016898665,0.0020577444070353224
2017-12-22,235.53236721421683,235.56758136623222,234.91624042632304,235.45315551757812,78720900,5.4615119786705915,-0.00026152301927506727
2017-12-26,235.04822692820343,235.3915044259816,234.9074240609614,235.1714630126953,45244400,5.460314877934968,-0.001197100735623735
2017-12-27,235.33877277325166,235.64683622362304,235.0131156739141,235.2859649658203,57751000,5.460801646550261,0.00048676861529362014
2017-12-28,235.7876400388091,235.81404393961793,235.40036491992626,235.77001953125,45116100,5.462856836386458,0.0020551898361969023
2017-12-29,236.35090053903332,236.3684941837051,234.6874012899225,234.88101196289062,96007400,5.459079053841982,-0.003777782544475805
2018-01-02,235.74360131196434,236.59736320030115,235.35632621660366,236.56214904785156,86655700,5.466210960081295,0.007131906239312258
2018-01-03,236.72938223016916,238.20808116432923,236.72938223016916,238.05844116210938,90070400,5.472516194630037,0.006305234548742433
2018-01-04,238.70099949537035,239.5459512266381,238.12008678620776,239.0618438720703,80636400,5.47672227942967,0.004206084799633025
2018-01-05,239.8539988745469,240.77816225162655,239.36110815870046,240.6549530029297,83524000,5.48336417730723,0.006641897877559977
2018-01-08,240.55813184874282,241.25347040718765,240.26768893019437,241.0950469970703,57319200,5.485191241620945,0.0018270643137148213
2018-01-09,241.51743469960638,242.2655808299505,241.23577526174373,241.6406707763672,57254000,5.487451791199344,0.0022605495783993845
2018-01-10,240.88376677397508,241.53510772322946,240.21485903925273,241.2710418701172,69574300,5.4859209566026506,-0.0015308345966937864
2018-01-11,241.82554924347087,243.0313720703125,241.65831559560675,243.0313720703125,62361500,5.493190538177462,0.00726958157481139
2018-01-12,243.2954130794138,244.78286839135657,242.99613310603738,244.61566162109375,90816100,5.499688250725321,0.006497712547859358
2018-01-16,245.8743246847843,246.52563878958108,243.08418724517006,243.77952575683594,106555100,5.496264233852248,-0.0034240168730734766
2018-01-17,244.71245373421797,246.49037867117488,243.77948029734196,246.1031036376953,113258800,5.505750568604345,0.009486334752097036
2018-01-18,245.98876733307662,246.41122976047913,245.19659656063544,245.68951416015625,100728000,5.504068601205585,-0.0016819673987598094
2018-01-19,246.2703511928904,246.80726623535156,245.6894654703297,246.80726623535156,140920100,5.508607733394232,0.004539132188646988
2018-01-22,246.5960635134814,248.81407165527344,246.54322885390033,248.81407165527344,91322400,5.516705917365649,0.00809818397141715
2018-01-23,248.85802534831367,249.63257541196776,248.5323683580327,249.34213256835938,97084700,5.518825979733223,0.002120062367573894
2018-01-24,249.98465151374285,250.58318460151446,248.06589674141077,249.2453155517578,134816100,5.51843761448984,-0.0003883652433831486
2018-01-25,250.1078474584347,250.2046527764835,248.55874748548524,249.35089111328125,84587300,5.518861105730608,0.00042349124076768163
2018-01-26,250.1871253122653,252.28192418600324,249.93186971272266,252.23789978027344,107743100,5.530372688926664,0.011511583196056385
2018-01-29,251.66575882453802,252.10584165122822,250.4071283867298,250.5655517578125,90118300,5.5237205699556435,-0.006652118971020471
2018-01-30,248.7348652377661,250.61840611853057,247.52023211271197,247.9955291748047,131796400,5.513410718481536,-0.010309851474107568
2018-01-31,248.8492200639733,249.35089402243372,247.04486453794772,248.11866760253906,108364800,5.513907130118465,0.0004964116369290394
2018-02-01,247.38823083343112,249.139752342768,247.04495324648897,247.83709716796875,90102500,5.512771664075631,-0.00113546604283421
2018-02-02,246.51673291704833,246.64877922590853,242.40637521573814,242.44158935546875,173174800,5.490760812726786,-0.022010851348844618
2018-02-05,240.68136600719666,242.79375870651555,231.75647126237143,232.3021697998047,294681800,5.448038980239864,-0.042721832486922295
2018-02-06,228.79028765425716,237.38071398653761,227.6988907174772,236.87901306152344,355026800,5.467549517377714,0.019510537137850115
2018-02-07,236.32453525026932,239.72196260327064,235.51477083413027,235.59400939941406,167376100,5.462110024456766,-0.005439492920947586
2018-02-08,235.89328316531945,236.03411293957473,226.72194221337324,226.7571563720703,246449500,5.42387964912377,-0.038230375332996225
2018-02-09,229.54720334517796,232.0204668082653,222.61150677597604,230.163330078125,283565300,5.438789187674099,0.01490953855032906
2018-02-12,232.21409312002078,235.01304031908876,230.3041486890838,233.54315185546875,143736000,5.453366864554909,0.014577676880810131
2018-02-13,232.3373339706034,234.66976763389977,231.75642140267445,234.1240692138672,81223600,5.455851185161548,0.0024843206066389456
2018-02-14,232.63667535917318,237.64482209210516,232.62786510372453,237.28395080566406,120735700,5.4692575286457465,0.013406343484198224
2018-02-15,239.0266414316785,240.3204862790797,236.56216098587512,240.31167602539062,111200300,5.481936730931081,0.01267920228533459
2018-02-16,239.68670754431363,242.32720439835802,239.6426831470991,240.38201904296875,160420100,5.482229403869386,0.0002926729383050386
2018-02-20,239.43143119628832,240.87491557749752,238.08477899212156,238.87692260742188,86369700,5.475948451120081,-0.006280952749305513
2018-02-21,239.31706323837452,241.7991371121962,237.59194588077656,237.68875122070312,98883700,5.470962049816419,-0.004986401303662014
2018-02-22,238.6129835706596,240.32929097882283,237.3279488630217,237.99685668945312,110511300,5.472257466397087,0.0012954165806684514
2018-02-23,239.22029018931661,241.7903594970703,238.7449930968572,241.7903594970703,92766400,5.48807106764671,0.015813601249623055
2018-02-26,242.86421630566042,244.69497676605317,242.27452008295052,244.59814453125,86491400,5.499616637497604,0.0115455698508935
2018-02-27,244.78285691699728,245.49581580776734,241.4822357175162,241.54385375976562,99099200,5.487051045674681,-0.012565591822922606
2018-02-28,242.64414414191137,243.093037374543,238.7802295651227,239.09707641601562,121907800,5.47686964693664,-0.010181398738041025
2018-03-01,238.88583033395267,240.43493091456583,234.12412958786794,235.62042236328125,176855100,5.462222130377614,-0.014647516559025853
2018-03-02,233.94804882971562,237.39831043589393,233.0855035735666,236.83499145507812,139083200,5.467363660062319,0.0051415296847050485
2018-03-05,235.64673475326558,240.18839226043633,235.54109232336012,239.572265625,97307400,5.478855106724224,0.011491446661905158
2018-03-06,240.5493268729292,240.6285654402573,238.68337948474397,240.17967224121094,79213200,5.481387277593464,0.002532170869239181
2018-03-07,238.01451111297686,240.4437511055316,237.82087351076623,240.09169006347656,87063500,5.4810208923137065,-0.00036638527975707547
2018-03-08,240.7693564135305,241.37667299607364,239.7747915704599,241.2534637451172,66901200,5.485848097608741,0.0048272052950348865
2018-03-09,242.66168733754333,245.45179748535156,242.3448137270759,245.45179748535156,113625300,5.503100583701332,0.017252486092590225
2018-03-12,245.7423167630409,246.36722699736953,244.75650844539223,245.14378356933594,71924800,5.501844910114446,-0.0012556735868853863
2018-03-13,246.30559172999912,246.80729267739554,242.9521622151338,243.55947875976562,91968900,5.495361178648436,-0.006483731466009779
2018-03-14,244.5188714747904,244.70369878146147,241.7551646864321,242.3096466064453,105895100,5.49021643968555,-0.005144738962886031
2018-03-15,242.82012815022333,243.46263194836675,241.54387708563357,242.0455780029297,83433000,5.489126047278232,-0.0010903924073186744
2018-03-16,242.57321728158507,243.35971533877714,242.25510141672984,242.30812072753906,100343700,5.490210142438486,0.001084095160254428
2018-03-19,241.5569572533792,242.48482208147317,237.37708882052542,239.0295867919922,109208400,5.4765873383784065,-0.013622804060079652
2018-03-20,239.42725065128056,240.0723548139247,238.75563683636938,239.43609619140625,59757300,5.478286559499932,0.0016992211215258735
2018-03-21,239.3918677986891,241.4862109901256,238.76445478878995,238.97653198242188,78709600,5.47636535456814,-0.0019212049317927082
2018-03-22,236.74964866306775,237.5979844347918,232.72883860854253,233.0028076171875,148785900,5.451050503352276,-0.025314851215863854
2018-03-23,233.44469609683088,233.7716574978181,227.84207063864076,228.03648376464844,183534800,5.42950563266478,-0.021544870687495887
2018-03-26,231.64199268930201,234.5581630397943,229.2383514000773,234.27537536621094,141956100,5.456497241254729,0.026991608589948868
2018-03-27,235.21209871025997,235.74229185608402,228.73462710825203,230.28993225097656,129941400,5.439339090069845,-0.017158151184883508
2018-03-28,230.42242836273297,232.0926172982425,228.50480702582675,229.6094207763672,146452300,5.436379694859607,-0.002959395210238469
2018-03-29,230.7493520488969,234.40784513814182,229.61822883172016,232.54324340820312,111601600,5.449076200886391,0.012696506026784071
2018-04-02,232.0130331334397,232.52558895343842,225.0495580668502,227.52389526367188,186286300,5.427255267001338,-0.021820933885052796
2018-04-03,228.76105618064247,230.91726410781752,226.96716475422534,230.4400634765625,119956900,5.439990800322235,0.012735533320896941
2018-04-04,226.88763069202741,233.6125052626878,226.75508245525387,232.9055633544922,123715300,5.450633063914969,0.010642263592734125
2018-04-05,234.66417270272734,235.6274197824514,233.57724985427006,234.7437286376953,82652600,5.458494402663128,0.00786133874815853
2018-04-06,232.78185874931796,234.27527149553967,227.99224241099677,229.51219177246094,179521200,5.435956151281164,-0.02253825138196408
2018-04-09,230.970302405471,234.03671112210202,229.70663080225304,230.64334106445312,105442900,5.440872539283381,0.004916388002217609
2018-04-10,233.5330925722678,235.0972434491377,232.39315020045248,234.3107452392578,103529000,5.456648205491861,0.015775666208480033
2018-04-11,232.82602801208256,234.74364901170844,232.75534461044813,233.08230590820312,91140200,5.451391635430857,-0.005256570061003885
2018-04-12,234.4078811025094,235.94549479836687,234.23113211691503,234.99993896484375,68890500,5.459585254420056,0.008193618989198903
2018-04-13,236.307896227835,236.42278041292923,233.3033511701979,234.3107452392578,85079200,5.456648205491861,-0.0029370489281950185
2018-04-16,235.94551539526447,237.00595546518431,235.12368917353777,236.23712158203125,63405300,5.464836053065939,0.008187847574077978
2018-04-17,238.00446186422565,239.36535342206966,237.49193300036845,238.7644500732422,64682000,5.475477501396328,0.010641448330388492
2018-04-18,239.20628910663888,239.74532760470183,238.48165610469013,238.94119262695312,57303900,5.476217465700607,0.0007399643042793613
2018-04-19,238.28724837406062,238.49050699178184,236.5817313909208,237.61566162109375,77655900,5.470654501229825,-0.0055629644707817505
2018-04-20,237.54494556112178,237.765868283229,234.71712393090704,235.60081481933594,99953100,5.462138910257597,-0.008515590972228537
2018-04-23,236.1752549020754,236.73198452248616,234.4874019301393,235.5655059814453,65558000,5.461989031811715,-0.00014987844588176813
2018-04-24,236.59058307701824,236.81150581015282,230.89076577490286,232.39305114746094,112885500,5.448430124132542,-0.013558907679173338
2018-04-25,232.33125529900138,233.40935963555813,230.51085359486518,232.96751403808594,103840900,5.450899019115925,0.0024688949833828744
2018-04-26,233.9925234034569,236.16639548906852,233.55067794884684,235.33572387695312,67731900,5.461013106890904,0.01011408777497902
2018-04-27,235.945436204683,236.24588783109348,234.61990004622973,235.55661010742188,57053600,5.4619512671909485,0.000938160300044899
2018-04-30,236.17523662497214,236.7319662022988,233.67437629636294,233.74508666992188,82182300,5.454231148353965,-0.007720118836983758
2018-05-01,233.17953515335418,234.2664847699566,231.62423039491986,234.1604461669922,74203400,5.456006547775529,0.0017753994215645719
2018-05-02,233.96604976962223,234.7790304291084,232.1986676791265,232.58749389648438,86368900,5.4492664720719555,-0.006740075703573822
2018-05-03,231.75675913284152,232.72879744379082,228.92009223195615,232.0748748779297,136311500,5.447060056140875,-0.0022064159310808407
2018-05-04,231.1028583129879,235.75992709625967,230.77589696113725,235.0794677734375,91222100,5.459923617718735,0.012863561577860061
2018-05-07,235.84830724288375,236.84685543367848,235.15900236383027,235.87481689453125,55304900,5.463301227406617,0.0033776096878819217
2018-05-08,235.50365480335702,236.23710647767695,234.31066654300142,235.87481689453125,67499200,5.463301227406617,0.0
2018-05-09,236.54638487556414,238.4816701959383,236.02501045597168,238.1547088623047,59666100,5.472920499725357,0.009619272318740713
2018-05-10,238.89695204573513,240.70853424837554,238.79091347155156,240.3815460205078,72063900,5.482227436072759,0.009306936347401873
2018-05-11,240.505332872426,241.38017828562056,239.99277701782748,241.11508178710938,59871500,5.485274337304153,0.0030469012313938393
2018-05-14,241.5480810072303,242.20200368035574,240.68205416781768,241.22996520996094,54790600,5.485750691008785,0.00047635370463172677
2018-05-15,240.00161870440058,240.01928281464853,238.62306299805707,239.56861877441406,87036100,5.47883988426793,-0.00691080674085498
2018-05-16,239.60402639310004,241.03560171155155,239.5774897697605,240.57606506347656,53942600,5.483036318390418,0.0041964341224884905
2018-05-17,240.31095314555378,241.45092218362453,239.59516553209602,240.37281799316406,56536400,5.482191126356205,-0.0008451920342134045
2018-05-18,240.0280826839939,240.39039913594385,239.4183338951149,239.7718048095703,64368000,5.479687657738844,-0.002503468617360838
2018-05-21,241.25645393247333,242.1136351582383,240.86762779080024,241.57456970214844,58025900,5.4871782026653175,0.007490544926473497
2018-05-22,242.09598816766902,242.35226611864655,240.57603851018774,240.9029998779297,52966400,5.484394362336689,-0.0027838403286288838
2018-05-23,239.6305068489211,241.5923020009654,239.47142196883436,241.56576538085938,64694200,5.48714175643779,0.0027473941011013636
2018-05-24,241.16806657189602,241.4420085705214,239.28580079752527,241.0708465576172,76043800,5.485090859408944,-0.0020508970288464212
2018-05-25,240.49649047851562,241.12390351193636,239.9927801566488,240.49649047851562,56374800,5.482705496834418,-0.0023853625745253737
2018-05-29,238.87049866232422,239.63048690313875,236.6170975258855,237.73052978515625,115908600,5.471137804423898,-0.011567692410520358
2018-05-30,239.03842474054292,241.34484539501017,238.9677413237785,240.9029998779297,69678400,5.484394362336689,0.01325655791279079
2018-05-31,240.49653532617953,240.79698707381905,238.82637311604907,239.42727661132812,93519900,5.478249724024178,-0.006144638312510331
2018-06-01,240.72628329573612,242.0783295298531,240.6555729092625,241.7778778076172,71258400,5.488019444365886,0.009769720341707533
2018-06-04,242.59973535996392,243.18297476722833,242.36114845303885,242.92669677734375,45385200,5.492759738479719,0.00474029411383281
2018-06-05,243.0591775688871,243.48335892041933,242.2903707808217,243.10337829589844,51135000,5.493486777958956,0.0007270394792371349
2018-06-06,243.71308926161092,245.24185706079913,243.09449492457702,245.1358184814453,62732200,5.501812418092106,0.00832564013315018
2018-06-07,245.62193089603647,245.91353706797386,244.1991743240489,245.109375,72969400,5.5017045394965685,-0.00010787859553751389
2018-06-08,244.64984175340834,245.88700367386923,244.48193831762,245.833984375,72139700,5.504656447847443,0.002951908350874888
2018-06-11,246.05491110756986,246.87673722150333,245.9400269687841,246.16094970703125,58892500,5.505985589094706,0.0013291412472629105
2018-06-12,246.57625799068668,246.84135445972845,245.83396090926507,246.47906494140625,72329000,5.507277060632265,0.0012914715375584862
2018-06-13,246.71771182982977,246.97398979103377,245.48936829863752,245.692626953125,79070600,5.504081270746084,-0.0031957898861803002
2018-06-14,246.55860485683905,246.84136544703483,245.71908772066405,246.31117248535156,77097600,5.506595665386175,0.0025143946400909556
2018-06-15,245.52652050495294,246.33429356306655,244.41694659367712,245.99697875976562,120041600,5.505319254392577,-0.0012764109935980983
2018-06-18,244.54122598024824,245.6153131236855,244.06190951326263,245.49102783203125,52917600,5.503260400057697,-0.002058854334880067
2018-06-19,243.21860588613742,244.77200939088465,242.8014050041513,244.5500946044922,97531500,5.499420173836619,-0.003840226221078602
2018-06-20,245.2334956761296,245.6329529860647,244.62989417199464,244.9672088623047,53785500,5.501124360208822,0.0017041863722031536
2018-06-21,244.95838476265965,244.97615528081644,242.93452320471235,243.43161010742188,71061400,5.494836041091691,-0.00628831911713057
2018-06-22,244.69208545289305,244.80748545823238,243.65351249404213,243.87542724609375,54898500,5.496657550847814,0.001821509756123163
2018-06-25,242.72146248842876,242.8812345960676,238.86902594322004,240.55557250976562,137854200,5.482951133579763,-0.013706417268051219
2018-06-26,241.1236944856026,241.94032556422917,240.36917894679195,241.0881805419922,68547400,5.485162760932749,0.0022116273529855235
2018-06-27,241.67412570671456,243.1032441533584,238.9401199377788,239.09103393554688,105110700,5.476844374537188,-0.008318386395560928
2018-06-28,239.03774770937838,241.22138170301798,238.32760411321343,240.4580078125,76650500,5.482545470610589,0.005701096073400969
2018-06-29,241.5497378986117,242.91674020297125,240.68870767361383,240.80410766601562,97592500,5.483983771702859,0.0014383010922704997
2018-07-02,239.2330531950725,241.47883001455816,238.99336786041863,241.31903076171875,63554800,5.486119837161871,0.0021360654590116823
2018-07-03,242.2154860372572,242.31314260519264,240.04073792895596,240.466796875,42187100,5.482582021283023,-0.0035378158788477165
2018-07-05,241.5941229113419,242.49063993582052,240.5200361906718,242.42849731445312,56925900,5.490706810463587,0.00812478918056403
2018-07-06,242.45518827943604,244.8518512865387,242.07347432791317,244.4790496826172,66493700,5.499129618873976,0.008422808410388782
2018-07-09,245.48212046029752,246.7337230786658,245.4377483396801,246.6804656982422,50550400,5.50809383798531,0.00896421911133416
2018-07-10,247.1331861800095,247.66578708564802,246.84024349176497,247.56813049316406,51966800,5.511685818847465,0.003591980862155175
2018-07-11,246.0146918842756,246.80472141460143,245.45546236760964,245.75726318359375,77054700,5.504344313762835,-0.007341505084630384
2018-07-12,247.01776066717977,248.03856316228035,246.41415901137128,247.9853057861328,60124700,5.513369493547213,0.00902517978437789
2018-07-13,247.80781661340694,248.48241914617054,247.35510177874667,248.1806182861328,48216000,5.514156780624428,0.0007872870772152041
2018-07-16,248.22497789624032,248.36697949896225,247.5148344366151,247.9586639404297,48201000,5.513262054613159,-0.0008947260112686095
2018-07-17,247.1863674347583,249.35225725189926,247.13311006951704,248.96168518066406,52315500,5.51729900984832,0.004036955235160455
2018-07-18,249.04158313995188,249.59192733323326,248.5977536822475,249.48541259765625,44593500,5.519400446939878,0.0021014370915581893
2018-07-19,248.81972782641117,249.20141474977135,248.0652121503039,248.5445556640625,61412100,5.51562212791157,-0.0037783190283082746
2018-07-20,248.34033832647364,248.97059569442908,248.10068015857618,248.2604522705078,82337700,5.514478405847633,-0.0011437220639365364
2018-07-23,248.05634734707684,248.92623593154934,247.71014729383947,248.7220916748047,47047600,5.516336175472312,0.0018577696246788733
2018-07-24,250.13341674844273,250.8169043704597,249.10372914190762,249.97361755371094,68026900,5.521355382508431,0.0050192070361188
2018-07-25,249.72510289533034,252.42359393047738,249.6807307795288,252.1040496826172,78882900,5.529841897859447,0.008486515351015633
2018-07-26,251.38500392899604,252.19274966576543,251.28734736648167,251.50926208496094,57919500,5.527479816237273,-0.002362081622173662
2018-07-27,251.83771215930585,251.9353687298182,248.8818197863248,249.80499267578125,76768700,5.520680584184225,-0.006799232053047888
2018-07-30,249.88489848695707,250.04467060857164,247.97640992948166,248.50015258789062,63742500,5.515443459572272,-0.005237124611952915
2018-07-31,249.2635551837948,250.3376151334298,248.88186826381303,249.72512817382812,68570500,5.52036082567798,0.004917366105708254
2018-08-01,249.92924867985008,250.43522077645216,248.659902898579,249.30787658691406,53853300,5.51868858484354,-0.0016722408344405082
2018-08-02,248.00306905621076,250.8346764359806,247.79889772747592,250.66604614257812,63426400,5.524121559783632,0.005432974940092095
2018-08-03,250.79035622227616,251.79341546666754,250.61281354409368,251.7401580810547,53935400,5.528397436816823,0.004275877033190767
2018-08-06,251.77564045937442,252.97395857459247,251.38506828772208,252.66329956054688,39400900,5.532057770607947,0.003660333791124515
2018-08-07,253.32900460668887,253.87934882980963,253.1958340907969,253.4976348876953,43196600,5.535354493156138,0.0032967225481908002
2018-08-08,253.32907401852145,253.79064705391855,252.92961653979822,253.3911895751953,42114600,5.534934498439634,-0.00041999471650377984
2018-08-09,253.45337492302332,253.8439472069359,252.9119157184981,253.04505920410156,35717000,5.53356757249062,-0.0013669259490143304
2018-08-10,251.6069312347668,252.14839017212856,250.6393591752967,251.34950256347656,77076000,5.526844411077452,-0.006723161413168199
2018-08-13,251.62465763749628,252.2371444168388,250.11562674275706,250.4085693359375,65732900,5.523093861227974,-0.003750549849478091
2018-08-14,251.13652012561974,252.24609398133148,250.74594796127278,252.00640869140625,43842000,5.529454518503157,0.006360657275183534
2018-08-15,250.65717361607437,250.79920231859953,248.68656938849597,250.12457275390625,102925400,5.521959084772129,-0.007495433731028456
2018-08-16,251.5625488065655,253.0183225324878,251.52703486248876,252.14840698242188,69967900,5.53001783076501,0.008058745992880922
2018-08-17,251.94431742254338,253.47997770406536,251.53600174536825,253.03614807128906,65618500,5.533532356273597,0.0035145255085877736
2018-08-20,253.48881961316718,253.84387784082335,253.0361047966119,253.5775909423828,39807500,5.535669854866895,0.002137498593297593
2018-08-21,254.09246194015446,255.0333785840449,253.61311835710495,254.17234802246094,67272000,5.538012572438891,0.0023427175719961113
2018-08-22,253.76394887902484,254.5450931013599,253.49763493639148,254.02137756347656,44993300,5.537418427112711,-0.0005941453261799623
2018-08-23,253.84388469220477,254.704915139344,253.36454117286772,253.68411254882812,49204900,5.536089841659819,-0.0013285854528923835
2018-08-24,254.2610899286021,255.3529204388044,254.2078325465637,255.2108917236328,57487400,5.542090229727745,0.006000388067926465
2018-08-27,256.40914143868787,257.3323142961806,256.24936933523725,257.2257995605469,57072400,5.549954296666206,0.007864066938460645
2018-08-28,257.68741586376615,257.7939577065519,256.8885281227042,257.3501281738281,46943500,5.5504375241512065,0.00048322748500062573
2018-08-29,257.56311648329,258.9656056631164,257.3234583260667,258.7348327636719,61485500,5.55580372552305,0.005366201371843182
2018-08-30,258.25546206590116,258.628263604404,257.09263116619366,257.6873474121094,61229500,5.551747018323783,-0.0040567071992665404
2018-08-31,257.27908823769684,258.1401185744521,256.790886610231,257.6962890625,66140800,5.551781717331507,3.469900772401502e-05
2018-09-04,257.27907009152085,257.6074995729283,256.2493824457125,257.25244140625,57594400,5.5500578650724295,-0.001723852259077674
2018-09-05,256.8973427625893,257.1015140436307,255.54811110611712,256.5600280761719,72452400,5.5473626648180545,-0.0026952002543749742
2018-09-06,256.6665237435725,256.9683244697491,254.75806283702272,255.78775024414062,65909900,5.544347999976732,-0.003014664841322734
2018-09-07,254.7404119315528,256.2671866291312,254.50072664342497,255.29075622558594,73524800,5.542403116093246,-0.0019448838834854598
2018-09-10,256.30263047481964,256.56894440702337,255.53925679874393,255.7345428466797,50210900,5.544139964478098,0.0017368483848514416
2018-09-11,255.08655922474992,257.0216493185275,254.7403863055744,256.57781982421875,50530500,5.547432009724601,0.0032920452465035055
2018-09-12,256.58672675418035,257.24358579269136,255.8499816506508,256.6399841308594,59810800,5.547674262843903,0.0002422531193015942
2018-09-13,257.7051188124591,258.3442342555749,257.4210614845859,258.1578063964844,51034200,5.553571050637899,0.005896787793996161
2018-09-14,258.3620426364613,258.5484434532182,257.4211262043679,258.2022705078125,55079900,5.553743271975011,0.00017222133711225496
2018-09-17,258.149011258561,258.1844981163113,256.5600939750923,256.83526611328125,68244000,5.548434891488591,-0.005308380486420461
2018-09-18,257.0482498229806,258.82356760557764,257.0216211398096,258.2288513183594,61930400,5.553846212365111,0.00541132087652052
2018-09-19,258.28214408465055,258.92125965755014,258.15785882001853,258.5040588378906,49080600,5.55491139532576,0.0010651829606489471
2018-09-20,259.76456338411145,260.91850934003577,258.52181901409443,260.59893798828125,100360600,5.562982589426421,0.008071194100661039
2018-09-21,261.34169029247494,261.45761269257395,260.200344464458,260.36083984375,105479700,5.562068514400897,-0.0009140750255243191
2018-09-24,259.78125390322805,259.9239255325764,258.9163258584371,259.49591064453125,53409600,5.55874094388652,-0.00332757051437671
2018-09-25,259.9506340298228,260.05763093211067,259.0143839229773,259.255126953125,44370000,5.5578126230110065,-0.0009283208755137551
2018-09-26,259.397888348233,260.58380737485373,258.06037218301276,258.4794616699219,79739700,5.5548162388381295,-0.0029963841728770646
2018-09-27,258.9520221046623,260.2895381277292,258.67560430350846,259.2016906738281,59249500,5.557606487118221,0.0027902482800916673
2018-09-28,258.57758117404654,259.72785290918523,258.5419336622055,259.228515625,70091400,5.557709972412365,0.00010348529414372365
2018-10-01,260.4679039507607,261.1990860385844,259.46033122408215,260.12908935546875,62078900,5.561178005322449,0.00346803291008424
2018-10-02,259.97735595703125,260.6906867052664,259.6028668383461,259.97735595703125,47258200,5.560594534749801,-0.0005834705726481815
2018-10-03,261.0295876624094,261.448677055501,259.7634212147403,260.1200866699219,64694600,5.561143396192968,0.0005488614431667926
2018-10-04,259.6385763650199,259.69207482332916,256.4998822262784,258.0870666503906,111545900,5.5532969956293945,-0.00784640056357322
2018-10-05,258.30988753086234,258.82704816805636,255.21576754916543,256.6424560546875,105951700,5.547683894670884,-0.005613100958510309
2018-10-08,255.95584741497794,256.99912137811305,254.5737590822715,256.6424560546875,87742200,5.547683894670884,0.0
2018-10-09,256.2591376202274,257.5698770527391,255.70627486797824,256.2680358886719,74339000,5.546223911931576,-0.001459982739308252
2018-10-10,255.75978424546548,255.83113366704777,247.77928885427428,248.15377807617188,214731000,5.514048626887012,-0.03217528504456357
2018-10-11,247.0659164559745,248.68877555553425,241.07384434453292,242.68780517578125,274840500,5.491775864975644,-0.022272761911368733
2018-10-12,246.7895961028807,247.07493946173022,242.86622016014118,246.05844116210938,183186500,5.505569073417732,0.0137932084420882
2018-10-15,245.7016624383773,247.03028008323682,244.58706584373425,244.67623901367188,102263700,5.499935863215162,-0.005633210202569572
2018-10-16,246.63798849814555,250.4008684315047,246.1654005373798,250.02635192871094,118255800,5.521566320022087,0.02163045680692477
2018-10-17,250.06196685381698,250.69505007361667,247.49393205394864,250.07089233398438,110626000,5.521744446999999,0.00017812697791175225
2018-10-18,249.13461114190665,249.732046855668,245.18448756727568,246.45957946777344,134557500,5.507198002218549,-0.014546444781450063
2018-10-19,247.1106083467535,249.04553342733988,245.63042032101035,246.325927734375,139901600,5.506655568503588,-0.0005424337149610992
2018-10-22,246.99462882432368,247.31561961237918,244.68518772636827,245.22019958496094,82415800,5.502156580705553,-0.004498987798034371
2018-10-23,241.59996419543393,245.09532381186685,239.51341546309573,243.9718017578125,146352700,5.49705265204853,-0.00510392865702336
2018-10-24,243.72221371883643,244.10565574782976,236.02705929026942,236.57989501953125,177806700,5.46628597337555,-0.030766678672979886
2018-10-25,238.41663058054732,242.36675365620204,237.39120734402607,240.8241424560547,138061500,5.48406696777803,0.0177809944024796
2018-10-26,237.1147822494278,241.64448986483495,233.87799007926512,236.5886688232422,201574600,5.466323058695169,-0.01774390908286083
2018-10-29,239.682842042878,240.97578498395356,231.70234671185867,235.2779541015625,160749100,5.460767598617838,-0.005555460077331098
2018-10-30,235.1085493894077,239.0764967726375,234.6181105812581,238.764404296875,157116000,5.475477309674438,0.014709711056600128
2018-10-31,241.3324447206018,243.6329872875862,240.8598568617764,241.3146209716797,128296300,5.4861015633012595,0.010624253626821734
2018-11-01,242.17950759670458,244.07878418766865,241.09166043817154,243.8826141357422,99495000,5.496687019924853,0.010585456623593892
2018-11-02,244.9882476491959,245.41626239129923,240.38719121591618,242.4380645751953,122634100,5.4907462739428015,-0.005940745982051965
2018-11-05,242.92853056870712,244.32847025758082,241.95660571803845,243.775634765625,65622500,5.496248272617392,0.00550199867459078
2018-11-06,243.71324432036943,245.47874794542096,243.65082037900277,245.31825256347656,60085900,5.502556357642069,0.006308085024676835
2018-11-07,247.49389355178778,250.6504381032207,247.06587874778523,250.5701904296875,102752100,5.52373908259198,0.021182724949911247
2018-11-08,249.76772655026718,250.75750254744202,248.97414786812354,250.11549377441406,65584900,5.521922786282261,-0.0018162963097196894
2018-11-09,248.80470732286804,248.99195193007725,246.26342166342013,247.6722869873047,98812600,5.512106448876841,-0.009816337405419873
2018-11-12,247.1640550275417,247.4047981237727,242.52732176890174,243.0445098876953,99673600,5.493244594829411,-0.01886185404742946
2018-11-13,243.50811756808315,245.50546574142547,241.86743482400513,242.58969116210938,98176600,5.491371502458325,-0.001873092371086571
2018-11-14,244.46221684463413,244.86345524510767,239.37074780966623,240.93118286132812,125335900,5.484511344420734,-0.006860158037590658
2018-11-15,239.6649914330321,243.9093835190534,238.08673262015606,243.44569396972656,135101400,5.494893894937786,0.01038255051705228
2018-11-16,242.349076892309,244.9884351254824,241.8318886150138,244.0789337158203,126668000,5.497491671814065,0.0025977768762786013
2018-11-19,243.47248759534176,243.76675635712672,239.03195184325043,239.95037841796875,103061700,5.480432145373103,-0.017059526440961648
2018-11-20,236.61549791018174,238.07786188380766,234.64489850791026,235.50982666015625,136021300,5.461752639380653,-0.018679505992450274
2018-11-21,237.06136850996967,238.2116401111824,236.30346439989475,236.31236267089844,75563700,5.465154500517519,0.0034018611368660245
2018-11-23,234.6716458769011,236.13400983891086,234.57357442697398,234.73406982421875,42807900,5.458453255612045,-0.006701244905474191
2018-11-26,236.98998041045894,238.74658569621147,236.59764024021155,238.52366638183594,79981400,5.474468535517934,0.016015279905889024
2018-11-27,237.48933403239405,239.32618713378906,236.88299998591717,239.32618713378906,75502400,5.477827421161863,0.003358885643929277
2018-11-28,240.39621058389733,244.8367462158203,239.26376297348142,244.8367462158203,127629600,5.500591646463998,0.022764225302134733
2018-11-29,244.061002768336,245.70168584653982,242.919656835158,244.30177307128906,82346400,5.49840423599949,-0.0021874104645078774
2018-11-30,244.15008899051506,246.3525323754112,243.82909831667942,245.790771484375,98204200,5.504480651611711,0.006076415612221275
2018-12-03,249.91934009675379,250.02633703065183,247.44940349982502,249.0454864501953,103176300,5.5176355562881945,0.01315490467648317
2018-12-04,248.21623087740545,248.64424582117104,240.66372229024648,240.97581481933594,177986000,5.484696575008172,-0.03293898128002226
2018-12-06,237.11488431430027,240.72616717573516,234.01183692873772,240.61024475097656,204185400,5.483178382646447,-0.0015181923617255677
2018-12-07,240.27135909968106,241.84071986500985,234.18121507685527,235.01939392089844,161018900,5.459668038061939,-0.023510344584507514
2018-12-10,234.8411011140533,236.437211473952,230.6056329476989,235.4652862548828,151445900,5.461563498153506,0.0018954600915668252
2018-12-11,238.66635768295276,238.85360230315126,234.0474756391725,235.51873779296875,121504400,5.461790476291133,0.00022697813762739827
2018-12-12,238.4969156038437,239.8611807104896,236.62438793288274,236.7046356201172,97976700,5.466813100697061,0.005022624405927267
2018-12-13,237.64981305297454,238.51474108187907,235.50979307571671,236.6243896484375,96662700,5.466474030121776,-0.0003390705752845946
2018-12-14,234.47550197690387,235.42960340912882,231.70239808222638,232.25523376464844,116961100,5.447836912486963,-0.018637117634813016
2018-12-17,231.30108550488026,232.4156821266384,226.06694412299714,227.69871520996094,165492300,5.428023330585444,-0.01981358190151905
2018-12-18,229.33941606115198,230.00817404669752,225.8440290168278,227.4490509033203,134515100,5.4269262612366775,-0.0010970693487664107
2018-12-19,227.52926190448613,231.3010525250624,222.33970784860364,224.0428009033203,214992800,5.4118371090637005,-0.015089152172977016
2018-12-20,222.79447268439893,224.3638197072121,218.1488283409156,220.39585876464844,252053400,5.395425287468151,-0.016411821595549547
2018-12-21,221.29723955486546,223.96098705013893,215.23429286121228,215.8800506591797,255345600,5.374722932414023,-0.02070235505412832
2018-12-24,214.39121089586055,216.00560532658943,210.11308276113894,210.1758575439453,147311600,5.347944597155514,-0.026778335258508257
2018-12-26,211.63780135232858,220.79498291015625,209.65568091550543,220.79498291015625,218485400,5.397234591817593,0.04928999466207884
2018-12-27,217.55727810910773,222.68744482025036,214.31952454087468,222.49014282226562,186267300,5.404882798702534,0.0076482068849408336
2018-12-28,223.84439446130722,225.47671683818686,221.03714210729703,222.20309448242188,153100200,5.403591803672111,-0.001290995030423403
2018-12-31,223.82648932492867,224.39153092837867,221.95200404047446,224.1493682861328,144299400,5.412312652333514,0.008720848661403657
2019-01-02,220.61559600600654,225.30631074260154,220.58869057186968,224.38250732421875,126925200,5.413352217509411,0.0010395651758967617
2019-01-03,222.63360250759496,222.93855359314486,218.54381198522043,219.02813720703125,144140700,5.389200201961004,-0.024152015548406958
2019-01-04,222.05957672065173,227.01038180312378,221.6828869633961,226.3646240234375,142628800,5.422147079806612,0.03294687784560768
2019-01-07,226.6337381587478,229.55757659447116,225.73685369173648,228.14947509765625,103139100,5.430001006681114,0.00785392687450237
2019-01-08,230.33789043388248,230.77735509278912,227.8086695027086,230.29302978515625,102512600,5.439352540563828,0.009351533882713703
2019-01-09,231.00153681805648,232.21233619521877,229.77280960690814,231.3692626953125,95006600,5.444014974023553,0.004662433459724724
2019-01-10,229.83560729240676,232.43656660303958,229.15396638327567,232.18544006347656,96823900,5.447536363006135,0.003521388982582252
2019-01-11,231.1091195392715,232.30199088102415,230.526150269665,232.27508544921875,73858100,5.447922382406842,0.0003860194007074824
2019-01-14,230.3736765475915,231.66519206414895,229.97009505537687,230.85800170898438,70908200,5.441802810292873,-0.006119572113969518
2019-01-15,231.23474402227959,233.81777548974284,231.22576641958676,233.5038604736328,85208300,5.453198610049939,0.011395799757066172
2019-01-16,233.9343693801608,234.95683083626523,233.7281034648272,234.0689239501953,77636700,5.455615618783017,0.002417008733077708
2019-01-17,233.19891877819984,236.70574002421503,233.15405813629934,235.84471130371094,96118400,5.463173585496279,0.007557966713262587
2019-01-18,237.65639350316124,239.4501619660618,235.8805528714252,238.9837646484375,127900300,5.476395619282875,0.013222033786595588
2019-01-22,237.51291789918878,237.72816138252549,234.14062401631128,235.7550048828125,115531200,5.462793150907787,-0.013602468375087717
2019-01-23,236.78647293735455,237.4860417151032,233.78190454892763,236.2483367919922,86030300,5.464883526315176,0.002090375407388656
2019-01-24,236.06893344044875,236.95686760170713,235.05544969694287,236.37387084960938,59204100,5.465414750022143,0.0005312237069672321
2019-01-25,238.22147999352148,239.1991081892339,236.47257163299076,238.37396240234375,96883400,5.473840711115488,0.008425961093345258
2019-01-28,236.23032156147792,236.62492539329997,234.7953014949871,236.56216430664062,85613700,5.466211024583536,-0.0076296865319527285
2019-01-29,236.70575662116138,237.27077083451346,235.41424082058828,236.2483367919922,66136300,5.464883526315176,-0.0013274982683597614
2019-01-30,237.76414671358705,240.8314771537487,237.00178922112883,239.9884033203125,92473700,5.480590602675869,0.015707076360692795
2019-01-31,239.92554817971035,242.5803182688337,239.7102773173702,242.0959930419922,104012100,5.489334312968517,0.008743710292648643
2019-02-01,242.29327122850813,243.2350161000987,241.4232924235119,242.21255493164062,85782500,5.489815666817781,0.0004813538492633995
2019-02-04,242.25739984245362,243.9794297039566,241.5847366321493,243.91664123535156,60744800,5.49682653264157,0.007010865823789736
2019-02-05,244.3471248201464,245.24400898778143,243.84487187592939,244.93907165527344,79552800,5.5010094924956245,0.004182959854054147
2019-02-06,244.66105631256863,245.1543316898616,243.8807714132307,244.61619567871094,58347800,5.499690433974875,-0.0013190585207496497
2019-02-07,243.001828750321,243.5489150225766,240.62509088503603,242.28433227539062,95482000,5.490111963228223,-0.009578470746651746
2019-02-08,241.03766485692213,242.67895114566048,240.2125192261943,242.58030700683594,75788900,5.49133281846999,0.0012208552417671825
2019-02-11,243.23503672054903,243.49511346448097,242.18567003084087,242.71482849121094,68021400,5.491887208893386,0.0005543904233960006
2019-02-12,244.32930010178086,246.21273575207329,244.25753401047314,245.8360595703125,72270200,5.5046648892619165,0.01277768036853022
2019-02-13,246.6701756511055,247.4773663339985,246.2486387853758,246.63429260253906,65277200,5.507906642710646,0.0032417534487292343
2019-02-14,245.54902206240385,247.21724136156533,244.73285393361263,246.087158203125,83234400,5.505685774821078,-0.002220867889567657
2019-02-15,247.8629825182646,248.80472764761052,247.6567166045043,248.7688446044922,97088700,5.516524130373258,0.010838355552180268
2019-02-19,247.97058318082802,249.8540183299107,247.96160557911756,249.19931030273438,59120800,5.51825301926394,0.001728888890681901
2019-02-20,249.16347821122895,250.15903422884998,248.66122508601669,249.7016143798828,76610800,5.520266662542692,0.0020136432787518643
2019-02-21,249.06480145649542,249.42354973172925,247.8540020781846,248.8136749267578,64214700,5.51670432288657,-0.003562339656122404
2019-02-22,249.4325972540217,250.5537031581243,248.7958167643013,250.35641479492188,78114600,5.52288556175474,0.006181238868170347
2019-02-25,251.78231687361028,252.30249767796232,250.6163509654497,250.6970672607422,69030700,5.524245306893758,0.0013597451390179316
2019-02-26,250.3473357536427,251.39667512709303,250.14104249740362,250.5177459716797,56844100,5.523529760218043,-0.0007155466757149398
2019-02-27,249.80016267577685,250.75983528168447,248.8674228701719,250.41006469726562,56921600,5.523099832896065,-0.0004299273219778854
2019-02-28,250.19495902945238,250.6344511635,249.62096702950765,249.94383239746094,69268300,5.521236222209913,-0.0018636106861524837
2019-03-01,251.52230711011546,251.9169385044712,250.0693585085077,251.50437927246094,78880500,5.5274604020023546,0.006224179792441831
2019-03-04,252.56257250714398,252.80472136496954,248.29339535690113,250.58941650390625,106494600,5.523815808944073,-0.0036445930582811314
2019-03-05,250.7150698851285,250.91238554563273,249.70158614575405,250.24867248535156,59114600,5.52245511342742,-0.0013606955166531876
2019-03-06,250.36526150543068,250.3742391075912,248.41006018612026,248.73292541503906,75039800,5.5163797321351815,-0.006075381292238724
2019-03-07,248.28446927236416,248.42797404516844,245.80908721101667,246.65216064453125,94885100,5.5079790876029895,-0.008400644532192025
2019-03-08,244.79560495965796,246.32926946093076,244.32923497345007,246.1588592529297,85795800,5.50597709683393,-0.002001990769059603
2019-03-11,246.87641447648502,249.88993299300893,246.84950903868537,249.72850036621094,65098900,5.520374329203394,0.014397232369463886
2019-03-12,250.28449712833913,251.19035890894452,250.09615911430888,250.67015075683594,79667500,5.524137934481024,0.0037636052776299778
2019-03-13,251.5581602847145,253.26223526485666,251.39670028201837,252.3294677734375,80639200,5.530735645392173,0.00659771091114969
2019-03-14,252.35632204121333,252.77785874189146,251.72851947622053,252.16798400878906,67518400,5.530095468639672,-0.0006401767525012758
2019-03-15,252.72030724304074,254.22468658748542,252.53111206288526,253.4139404296875,81309000,5.535024279908528,0.004928811268856137
2019-03-18,253.63005252150992,254.62999354582587,253.4048437987981,254.33270263671875,62199800,5.53864326281007,0.003618982901541834
2019-03-19,255.39570823440198,256.16139589718296,253.50394946882147,254.39576721191406,90268100,5.538891193009601,0.00024793019953062156
2019-03-20,254.1796201095849,255.38673577336675,252.52208692239324,253.63009643554688,84609200,5.535876892317858,-0.0030143006917429105
2019-03-21,252.81027908877184,256.9000490867797,252.7652208562003,256.49468994140625,79550400,5.547107962413714,0.011231070095855777
2019-03-22,255.13449792626113,255.65697014672995,251.49511671277395,251.5581817626953,122659300,5.527674301801731,-0.019433660611982262
2019-03-25,251.21581875244794,252.40492739274285,250.10780944374943,251.3689727783203,85575200,5.526921870792217,-0.0007524310095146092
2019-03-26,253.12556285808586,254.1975584744856,251.83737568587324,253.24267578125,68125900,5.534348221807318,0.00742635101510114
2019-03-27,253.23372955140647,253.8192943312084,250.36908066948524,251.91851806640625,72224700,5.529105694219124,-0.005242527588193546
2019-03-28,252.54907992827737,253.32378477778863,251.39601230929048,252.8733673095703,56238500,5.532888838955233,0.0037831447361087456
2019-03-29,254.3867931441947,254.79215237439305,253.260749463698,254.46786499023438,82186800,5.539174560789259,0.006285721834025537
2019-04-01,256.46773627787417,257.78294768431635,256.19746928226925,257.48565673828125,77617900,5.55096401656512,0.011789455775861768
2019-04-02,257.67482041149606,257.84598124041696,256.81901626689137,257.61175537109375,40070400,5.551453627393546,0.0004896108284260237
2019-04-03,258.82792742524794,259.224297037764,257.41360983019285,258.0171813964844,68243200,5.553026177264315,0.0015725498707688246
2019-04-04,258.34145373384234,258.9540149205968,257.6478206980734,258.7017822265625,48997500,5.555675978331618,0.002649801067303059
2019-04-05,259.3683813046049,260.00796634856,259.08010755558655,259.95391845703125,58621700,5.560504378603521,0.0048284002719025665
2019-04-08,259.5305518187939,260.2602259211894,258.87293241545575,260.1521301269531,53566300,5.5612665757748765,0.0007621971713556164
2019-04-09,259.1881626670259,259.51244996531125,258.2693211639238,258.8188171386719,66142300,5.556128269174719,-0.00513830660015735
2019-04-10,259.2332694125867,259.791810186664,258.818893023963,259.70172119140625,52601500,5.559533746260935,0.003405477086215747
2019-04-11,260.18806020426575,260.19707734799096,259.0620168902903,259.6295471191406,55093100,5.559255796223514,-0.0002779500374208155
2019-04-12,261.2420936009112,261.6654870591576,259.6746498365206,261.38623046875,69727800,5.5659991237076225,0.006743327484108441
2019-04-15,261.4583034082265,261.5574095392261,260.4133316619226,261.215087890625,49596700,5.565344159480665,-0.000654964226957766
2019-04-16,262.09789766267414,262.15194555170166,260.791676198151,261.38623046875,52153200,5.5659991237076225,0.000654964226957766
2019-04-17,262.50331587264657,262.53033982323853,260.33230020408183,260.7467041015625,58268300,5.563549453730286,-0.0024496699773361996
2019-04-18,261.33227507617437,261.5304599031866,260.03507029778615,261.26019287109375,68708500,5.565516818292447,0.001967364562160512
2019-04-22,260.49442470662734,261.63847506502617,260.40433572370114,261.4853210449219,40160100,5.566378148257997,0.0008613299655504392
2019-04-23,261.8546090752543,264.07068210469373,261.6204107606805,263.8364562988281,52246600,5.575329427470438,0.008951279212440433
2019-04-24,263.7553501480502,264.08865452606443,263.106748185786,263.2508850097656,50392900,5.5731075128688925,-0.002221914601545194
2019-04-25,263.151932239352,263.74648667544756,261.8997858066131,263.0888671875,57770900,5.572491873154405,-0.0006156397144874148
2019-04-26,263.1338733529149,264.386019537816,262.35914106238647,264.31396484375,50916400,5.577137657307679,0.00464578415327388
2019-04-29,264.4040756501018,265.2508627045785,264.3139866566105,264.7283630371094,57197700,5.578704255125179,0.001566597817499904
2019-04-30,264.3859925010435,265.1517075672727,262.9717027806485,264.8634338378906,81111700,5.5792143491429,0.0005100940177209523
2019-05-01,265.4940832056484,265.70128514541994,262.86363299957645,262.8726501464844,71671900,5.571669694930069,-0.0075446542128307925
2019-05-02,262.75562393207343,263.67449349833265,260.80981645749637,262.3052062988281,65030200,5.569508735317966,-0.0021609596121026087
2019-05-03,263.78258614959054,265.1518458412666,262.41329896660426,264.8725891113281,56543700,5.579248914560549,0.009740179242582414
2019-05-06,260.56648365013655,264.22387098797896,260.25118595039874,263.782470703125,107198100,5.575124788883272,-0.004124125677276602
2019-05-07,261.37726565699415,261.97182004663614,257.46764511719874,259.3774108886719,144729900,5.558284185934235,-0.016840602949037553
2019-05-08,259.01702880859375,260.7286094294374,258.4224745419498,259.01702880859375,91568300,5.5568938078339425,-0.0013903781002921889
2019-05-09,256.9452108156126,258.83694257192565,255.20657814304815,258.2333984375,103471100,5.553863821083437,-0.0030299867505059197
2019-05-10,257.2964373238889,260.28721552924605,254.3056591185317,259.530517578125,112429300,5.558874297148563,0.00501047606512639
2019-05-13,254.41378097488916,255.3776533351691,252.1706835876977,253.00845336914062,127290500,5.533422900695582,-0.025451396452981
2019-05-14,254.02638949207804,256.82799993876176,253.90028691900858,255.29656982421875,77003200,5.542425888294344,0.009002987598761614
2019-05-15,253.66618444998986,257.43166904420116,253.45898245403038,256.7920837402344,73956400,5.548266744783938,0.00584085648959487
2019-05-16,257.4946294219541,260.5304384583781,257.4225747303499,259.1701965332031,76749600,5.557484975356333,0.009218230572394681
2019-05-17,256.8641218949481,259.98100350122996,256.846087599335,257.49468994140625,100353000,5.550999098304391,-0.006485877051941813
2019-05-20,255.89111659043132,257.60269711519743,255.04432972710484,255.7920379638672,62877600,5.5443647626394705,-0.006634335664920776
2019-05-21,257.4856778560646,258.4766019386151,257.23344513426133,258.0982666015625,46847100,5.55334039070652,0.008975628067049435
2019-05-22,257.14342876541895,258.26045565933117,256.8281309349829,257.3055725097656,49482500,5.550264376689264,-0.003076014017255879
2019-05-23,255.08046297279253,255.12549372999183,252.74730342899153,254.16162109375,98733800,5.5379703681819885,-0.012294008507275578
2019-05-24,255.6028460403203,256.0172498237098,254.116474184375,254.73805236816406,55268100,5.5402357715649995,0.0022654033830109555
2019-05-28,255.01736875842317,255.97225162881708,252.35090494060438,252.36891174316406,70029400,5.530891952491255,-0.009343819073744264
2019-05-29,251.25191691305196,251.65727620661048,249.27006872908234,250.6753692626953,104972900,5.5241587524823865,-0.006733200008868678
2019-05-30,251.4320095280315,252.26980685770957,250.26093518349904,251.35995483398438,62523800,5.526885994820727,0.002727242338340652
2019-05-31,248.81056024310132,249.63931278898636,247.94573911962053,247.97276306152344,86862800,5.5133189137688,-0.013567081051927055
2019-06-03,248.00887899310095,249.1259055839144,246.00902421487874,247.34226989746094,96428000,5.510773085507432,-0.002545828261368399
2019-06-04,249.63933171869033,252.8463013603854,249.18891432529162,252.711181640625,77231900,5.532247262091995,0.02147417658456341
2019-06-05,254.3326619716426,254.9272162034948,252.52200282462823,254.9001922607422,71169700,5.540872065641268,0.008624803549272642
2019-06-06,255.19755811961392,257.2334265516314,254.5489558116457,256.55780029296875,69430400,5.54735398149785,0.006481915856582532
2019-06-07,257.57577613581026,260.20622675044206,257.4046152657843,259.1252136230469,74272200,5.557311395157136,0.009957413659285486
2019-06-10,260.67456793234,261.98078942020163,260.2241505215321,260.3142395019531,60799100,5.5618895146992795,0.00457811954214371
2019-06-11,262.1339317774846,262.50327737561093,259.60258797515644,260.2511901855469,58641300,5.561647280723994,-0.0002422339752854441
2019-06-12,260.0170178235672,260.5755311039681,259.27832655341695,259.79180908203125,47096300,5.559880575956699,-0.0017667047672951242
2019-06-13,260.7016868373662,261.2241866193491,259.99903652021897,260.86383056640625,48945200,5.56399854921064,0.004117973253941365
2019-06-14,260.5755920410156,261.1791362143453,259.80987664246635,260.5755920410156,52324700,5.562892999678895,-0.0011055495317453534
2019-06-17,260.80964973463296,261.4402450145919,260.50336923877353,260.6745300292969,39205700,5.563272617775008,0.00037961809611264385
2019-06-18,262.4942284092509,264.45804139734327,262.1338725472256,263.404052734375,85434800,5.573689175426102,0.010416557651094394
2019-06-19,263.5392531233006,264.53017706467074,262.5663634753288,263.9986877441406,78674400,5.5759441324678285,0.002254957041726513
2019-06-20,266.68313673041985,266.92635222484796,264.06170421417744,266.5209655761719,116570000,5.585452910591015,0.009508778123186623
2019-06-21,266.2512579710432,267.5094941837973,265.9163323811376,266.1335754394531,83309500,5.583998346046115,-0.0014545645449004496
2019-06-24,266.34181358325094,266.6586172021475,265.65384032505415,265.8077392578125,47582700,5.582773262701806,-0.0012250833443090414
2019-06-25,265.8619907313997,265.8891461105345,263.09203155963263,263.2006530761719,82028700,5.57291668074053,-0.009856581961275701
2019-06-26,264.09684710879384,264.60376601063865,262.8295498541817,262.93817138671875,51584900,5.57191891475549,-0.0009977659850397558
2019-06-27,263.6985816288529,264.377493914319,263.31840621899835,263.8705749511719,40355200,5.5754587365391854,0.003539821783695274
2019-06-28,264.8480991068814,265.7261597782361,264.33214695464324,265.2283020019531,59350900,5.580590972081969,0.005132235542783192
2019-07-01,268.5595410665901,268.7768117440282,266.4322774281771,267.63623046875,78705600,5.589628709481064,0.009037737399095747
2019-07-02,267.5909984158022,268.38759324301185,266.7491538200057,268.3332824707031,61504500,5.592229799200261,0.002601089719196814
2019-07-03,269.01210055370296,270.4966681436764,268.8672626699249,270.4785461425781,40898900,5.600192783283802,0.007962984083540903
2019-07-05,269.2475267615392,270.333797324257,267.95307413888946,270.17083740234375,51677300,5.599054490028229,-0.0011382932555727976
2019-07-08,268.8583031221058,269.9898235013948,268.1431745073926,268.6863098144531,45841800,5.59354456461916,-0.005509925409069361
2019-07-09,267.5276995283134,269.3200105677684,267.4733887468158,269.02130126953125,41101300,5.594790563342305,0.0012459987231450143
2019-07-10,270.08936704826425,271.2571037412516,269.55529277783,270.3066101074219,58448500,5.599556907690833,0.004766344348528406
2019-07-11,270.9493075836309,271.18464500017757,269.9354699046471,270.94024658203125,50826100,5.601898304250469,0.002341396559635278
2019-07-12,271.42912776574457,272.225722572846,271.12135752209366,272.1532897949219,40326000,5.60636547297515,0.004467168724681336
2019-07-15,272.58773043678633,272.58773043678633,271.736825087093,272.2437438964844,33900000,5.606697782289114,0.00033230931396399654
2019-07-16,272.15328696925974,272.3614966723665,271.0579829333727,271.3657531738281,36650100,5.60346755363848,-0.0032302286506338262
2019-07-17,271.3386284093714,271.50156073888,269.5191345214844,269.5191345214844,36036300,5.596639387908385,-0.006828165730095037
2019-07-18,269.02119714332446,270.8859402530274,268.57765005776565,270.5057373046875,51392600,5.6002933080604524,0.003653920152067336
2019-07-19,271.60098645402906,271.6281418260375,268.83102800918203,269.0030212402344,58678600,5.594722610915103,-0.0055706971453490794
2019-07-22,269.40141995777003,270.2070757552025,268.88546764229045,269.6639404296875,43638100,5.597176518684226,0.0024539077691230204
2019-07-23,270.78641288658775,271.592041015625,269.95360174897894,271.592041015625,44564500,5.604301091188987,0.007124572504760174
2019-07-24,270.8316412045889,272.8683776855469,270.7411140582117,272.8683776855469,47213200,5.60898954590149,0.00468845471250301
2019-07-25,272.41587771252415,272.47018849690755,270.759315913779,271.5649719238281,55394100,5.604201418014658,-0.0047881278868313615
2019-07-26,272.2528485823537,273.58351757677167,272.12610504716736,273.3843688964844,45084100,5.610878749635967,0.006677331621308902
2019-07-29,273.2666775777019,273.384360106589,272.3343059738363,272.886474609375,38126500,5.609055864776195,-0.0018228848597718894
2019-07-30,271.48342130098905,272.62400266829127,271.10321830355207,272.2166442871094,45849000,5.606598235618739,-0.002457629157456509
2019-07-31,272.46103201638994,272.6511473201297,267.21984978486825,269.23846435546875,104245200,5.5955974714992545,-0.011000764119484252
2019-08-01,269.3923570646518,272.3524042081393,266.09735670920367,266.8939514160156,142646600,5.5868513937933075,-0.00874607770594693
2019-08-02,265.9978254506385,266.24222391598,263.32742621353003,264.8843994140625,116749700,5.579293502184656,-0.007557891608651168
2019-08-05,260.78375106419935,260.892372596246,255.01752786298675,256.9184875488281,178745400,5.548758865515764,-0.030534636668892112
2019-08-06,258.8104261086006,260.73854147453096,257.3349189459399,260.5212707519531,120711700,5.562684511418313,0.013925645902548744
2019-08-07,257.44345126444256,261.4445185495751,255.30715454545978,260.6750793457031,140572300,5.56327472506116,0.0005902136428472815
2019-08-08,262.16871642969346,265.7895812988281,261.6165477971536,265.7895812988281,87713900,5.582704947989563,0.019430222928402685
2019-08-09,264.8482175889276,265.4456637627405,262.19594001239,263.9792175292969,93730000,5.575870378567682,-0.006834569421880765
2019-08-12,262.4764691718785,263.9700703060593,259.81513146006324,260.765625,65527600,5.563622015383731,-0.01224836318395095
2019-08-13,260.4669862940816,266.26942736125375,260.1229996048397,264.8210754394531,94299800,5.579054410923881,0.015432395540149635
2019-08-14,260.7656699423151,261.3721494020812,256.8641898428909,256.99090576171875,135622100,5.549040698127944,-0.03001371279593723
2019-08-15,257.87800948700215,258.565982676383,255.6240298665411,257.6697998046875,99556600,5.551678919501351,0.0026382213734077453
2019-08-16,259.3264429890606,261.906288014765,257.72419204149924,261.4718017578125,83018300,5.566326445024509,0.014647525523157512
2019-08-19,264.4951712812332,265.30079947919467,263.81625900906977,264.62188720703125,53571800,5.5783019663514795,0.01197552132697055
2019-08-20,264.11496460228994,264.6490389340067,262.4674918396257,262.5942077636719,51596400,5.570609904365994,-0.007692061985485665
2019-08-21,264.75771569107485,265.10167473504976,264.069742353098,264.7305603027344,49524700,5.578712555167082,0.008102650801088629
2019-08-22,265.4364562659579,266.070090792228,262.87467991512165,264.6488952636719,51666400,5.578404023965686,-0.0003085312013961783
2019-08-23,263.34556116445606,265.0111559870093,256.60168809011344,257.85089111328125,149161500,5.552381476427708,-0.026022547537977836
2019-08-26,260.04151360481694,260.70233154296875,258.5116956298589,260.70233154296875,72423800,5.563379264294051,0.010997787866342534
2019-08-27,262.0963526786402,262.46749470133955,258.9190344141973,259.6794128417969,66668900,5.559447842680071,-0.0039314216139798575
2019-08-28,259.0185898937804,261.67086686459277,258.21293417482644,261.5079345703125,59696700,5.566464625569748,0.007016782889676776
2019-08-29,264.0696718566362,265.37318539901827,263.0648675062555,264.84814453125,57899400,5.579156622231618,0.012691996661869709
2019-08-30,266.3327834648498,266.35087784873895,263.7981884696932,264.7305603027344,62901200,5.578712555167082,-0.00044406706453514744
2019-09-03,263.02868486425206,263.94293446557975,261.85188719792905,263.18255615234375,69101400,5.572847921237879,-0.005864633929203222
2019-09-04,265.3551411107405,266.18792470473994,264.60379605038094,266.1698303222656,46887300,5.584134564911055,0.011286643673176222
2019-09-05,268.6592113668234,270.5058331271677,266.1336496100099,269.5915832519531,83258100,5.596908159158952,0.01277359424789637
2019-09-06,269.90836229817734,270.4424366119935,269.2294500581553,269.7997131347656,49584300,5.597679880521666,0.0007717213627138619
2019-09-09,270.78639129029517,270.8768908116145,268.9940532430665,269.93548583984375,51260300,5.598182989113434,0.0005031085917686084
2019-09-10,269.1751580163531,269.9355641661296,267.9169214798469,269.8721923828125,57947100,5.597948485382291,-0.0002345037311428655
2019-09-11,270.17988445721164,271.87263435713766,269.52812767822877,271.7911682128906,68821100,5.605034007491137,0.007085522108845943
2019-09-12,272.69641910988423,273.79172313296596,271.9360407085292,272.7326354980469,72908700,5.608491958151391,0.0034579506602536725
2019-09-13,273.1762067567145,273.52925441617066,272.18046318198077,272.5516052246094,62104800,5.607827973144787,-0.0006639850066036956
2019-09-16,271.4200714477773,272.5968692967688,271.0670514305876,271.7097473144531,58191200,5.604734391072028,-0.0030935820727595598
2019-09-17,271.51049189175905,272.48811302627115,271.33849864008556,272.3976135253906,41475500,5.607262813316975,0.002528422244947315
2019-09-18,272.0083811981535,272.6691989062345,269.9716449420855,272.5605773925781,73375800,5.607860891755876,0.0005980784389008065
2019-09-19,272.9498388074487,273.94558214926315,272.20755489582285,272.54248046875,76560500,5.607794493581902,-6.639817397413594e-05
2019-09-20,273.1463545293492,273.42829301296234,270.46365116105824,271.25482177734375,89565000,5.603058680834349,-0.00473581274755297
2019-09-23,270.5909874514248,271.90962381846845,270.33635747567814,271.1911926269531,43476800,5.602824079974566,-0.0002346008597831073
2019-09-24,272.28250493215603,272.67353890374073,268.09927401385335,269.063232421875,94869400,5.59494641674378,-0.007877663230785537
2019-09-25,269.1450611127477,271.10025862379086,267.66273993263906,270.6546630859375,71854000,5.600843702305493,0.005897285561712984
2019-09-26,270.66380583941435,270.87294936634174,268.6813272430063,270.09088134765625,56179700,5.598758499946029,-0.002085202359464411
2019-09-27,270.84550766263965,270.9546585387981,267.0806211361253,268.63568115234375,84746600,5.59335611648895,-0.005402383457078663
2019-09-30,269.1540856912137,270.5909199632974,269.10862696682705,269.881591796875,51662400,5.597983313907219,0.004627197418268558
2019-10-01,270.763794389644,271.41856119584054,266.4532624378596,266.6715087890625,88242400,5.5860175967939485,-0.011965717113270102
2019-10-02,265.08904970256856,265.09815254736196,260.6693965347672,261.9607238769531,122539500,5.568194583657048,-0.01782301313690038
2019-10-03,261.733394388604,264.13421437759865,259.01430783890055,264.10693359375,85278800,5.576354072626583,0.008159488969535111
2019-10-04,264.7618131107976,267.9355992470245,264.7072237672338,267.68096923828125,65091200,5.589795858116153,0.013441785489569646
2019-10-07,266.88061793215365,268.5084455962607,266.2440292191831,266.52593994140625,59610500,5.585471574484129,-0.004324283632024084
2019-10-08,264.67080858188825,265.4074176476115,262.35183047463295,262.3882141113281,95708100,5.569825140326924,-0.01564643415720468
2019-10-09,264.40709805869136,265.8166518828195,263.77961209760576,264.8799743652344,62359400,5.5792767964601975,0.009451656133273367
2019-10-10,264.7981536010034,267.55362479529134,264.6344688376012,266.6715087890625,55296300,5.5860175967939485,0.006740800333751018
2019-10-11,269.4268102428429,271.67302003413994,269.3086120454655,269.4359130859375,98720400,5.596330562760248,0.010312965966299714
2019-10-14,269.1177195999643,269.79069193177,268.79035015685406,269.13592529296875,40394800,5.595216550468421,-0.0011140122918273931
2019-10-15,270.1817814778992,272.54621859156424,270.063555459328,271.8005065917969,46754500,5.605068365555619,0.009851815087198013
2019-10-16,271.3366718475405,272.0551029660115,270.927460009867,271.36395263671875,48928200,5.603460918523099,-0.0016074470325202483
2019-10-17,272.5279681797132,273.0372280587811,271.4730647866204,272.1642150878906,45736600,5.606405616063962,0.0029446975408635723
2019-10-18,271.62763644782535,272.2733001769917,270.1180349628478,270.9728698730469,64304000,5.602018704698675,-0.00438691136528746
2019-10-21,272.291601440597,273.01000492908065,271.8550809866698,272.8099365234375,39048600,5.608775349512111,0.00675664481343663
2019-10-22,273.3464634980912,273.6374771193446,271.82778646373816,271.9187316894531,48594700,5.605503241098714,-0.003272108413397312
2019-10-23,271.66412959830274,272.76449201043494,271.45495833294325,272.7099304199219,34352200,5.608408704369758,0.0029054632710439066
2019-10-24,273.64650791287386,273.79201468518664,272.3278718686874,273.1554260253906,35453100,5.610040959280673,0.0016322549109153428
2019-10-25,272.58252524376513,274.8196608389771,272.527963668524,274.2740173339844,45205400,5.614127669920669,0.004086710639995772
2019-10-28,275.49260735291523,276.32016158660775,275.4653265651048,275.8199768066406,42147000,5.619748394957437,0.005620725036767915
2019-10-29,275.54716315144003,276.66573093338,275.419834309273,275.7381286621094,44284900,5.619451606117528,-0.0002967888399085794
2019-10-30,275.93823170639735,276.9567515614426,274.62869824917215,276.58392333984375,49643900,5.62251429512588,0.0030626890083516045
2019-10-31,276.57476285774817,276.57476285774817,274.39221680138,275.84722900390625,69053800,5.619847194367663,-0.002667100758216634
2019-11-01,277.29315372520506,278.44807712573447,277.1294412864276,278.4026184082031,71141500,5.629068333617915,0.009221139250251476
2019-11-04,279.95776061162724,280.09416455683635,279.1483842824147,279.521240234375,60606900,5.633078283390696,0.0040099497727812405
2019-11-05,279.72126543380665,280.0213818195309,278.92099207531345,279.2120056152344,42933200,5.631971370018306,-0.001106913372390217
2019-11-06,279.2120008688192,279.5484731268798,278.3298851708271,279.2756652832031,46487100,5.632199341633658,0.00022797161535237365
2019-11-07,280.61255157596486,281.59468781901455,279.7849972333301,280.25787353515625,54272300,5.635710156241497,0.0035108146078384195
2019-11-08,279.91221880793387,281.0035056590973,279.2119935258601,280.9489440917969,49032100,5.638172959201961,0.0024628029604647494
2019-11-11,279.5667737483614,280.5852937140423,279.43034202761794,280.4125061035156,35797300,5.636261755105627,-0.0019112040963342736
2019-11-12,280.7762213895236,281.9038643775972,280.230577837926,281.0035705566406,46484600,5.6383673758602795,0.002105620754652371
2019-11-13,280.0122678945048,281.49458856771133,279.78491877904554,281.0944519042969,53917700,5.63869074062876,0.00032336476848016105
2019-11-14,280.8126005592483,281.58559326566467,280.17601180041527,281.50372314453125,51219900,5.640145673582978,0.001454932954218613
2019-11-15,282.8404879039471,283.58619969051864,282.14936543945174,283.5407409667969,62023600,5.647355819956851,0.007210146373872739
2019-11-18,283.3043434773983,283.9863909798559,282.84964514242654,283.74993896484375,49228000,5.648093353693717,0.0007375337368662471
2019-11-19,284.35004653602346,284.3591493804265,283.02233562417075,283.6679992675781,67804700,5.647804537664776,-0.0002888160289415964
2019-11-20,283.07699087413437,283.5953536303308,281.05812918125986,282.6131896972656,79406200,5.644079141833853,-0.0037253958309229063
2019-11-21,282.72229641818564,282.8314195597847,281.35820164303874,282.158447265625,54664700,5.6424687828846745,-0.00161035894917827
2019-11-22,282.9041451712369,283.0405490915344,281.77650242667397,282.7859191894531,44850200,5.644690142080744,0.0022213591960698054
2019-11-25,283.71358367271534,284.9776306152344,283.71358367271534,284.9776306152344,48647200,5.652410688118869,0.007720546038124887
2019-11-26,285.0139498893716,285.80512037479554,284.69565557558855,285.62322998046875,37569000,5.6546735646243445,0.0022628765054752975
2019-11-27,286.1052554908473,286.8964538574219,285.88700918425144,286.8964538574219,44444600,5.659121362706755,0.004447798082410692
2019-11-29,286.33252383902067,286.5780786172257,285.60501785395434,285.8323669433594,36592700,5.655405509410093,-0.0037158532966623525
2019-12-02,286.08706111657636,286.1507255365374,282.9769404159021,283.40435791015625,75767800,5.646874704379552,-0.008530805030540378
2019-12-03,280.68527170644836,281.58559326566467,279.302998783299,281.50372314453125,73941700,5.640145673582978,-0.006729030796574165
2019-12-04,282.5496303955617,283.8409584633743,282.2040551301329,283.2407531738281,49080000,5.646297253916559,0.00615158033358032
2019-12-05,283.9409322473923,283.95911018986095,282.44040553991834,283.74993896484375,40709000,5.648093353693717,0.0017960997771586662
2019-12-06,285.6596274218507,286.7418114894914,285.6505245759209,286.3416748046875,48927000,5.657185764922157,0.009092411228439623
2019-12-09,285.9507272644938,286.6236720044926,285.36870000091517,285.44146728515625,34838500,5.654036989811295,-0.00314877511086209
2019-12-10,285.38674905100623,286.0505905779489,284.4682499215874,285.1230163574219,52649800,5.652920723482313,-0.0011162663289816521
2019-12-11,285.577786637345,286.1870945138328,285.0412460235377,285.9324645996094,53429100,5.655755645171338,0.002834921689024661
2019-12-12,285.9414997537219,289.17894867633004,285.70507556448115,288.3968811035156,96389600,5.6643375908707485,0.008581945699410731
2019-12-13,288.1605540479869,289.79748490813944,287.3875612322972,288.5697937011719,81503900,5.66493697593191,0.0005993850611618612
2019-12-16,290.2975551457974,291.14328723980907,288.5060429102938,290.55218505859375,82749700,5.671783198914773,0.0068462229828627486
2019-12-17,290.9342307035088,291.2343194304251,290.53409389922876,290.6159362792969,61097700,5.672002588859328,0.0002193899445552816
2019-12-18,291.00691966683615,291.23426882282587,290.5795021434722,290.6340637207031,48133000,5.672064962851284,6.237399195541116e-05
2019-12-19,290.82509738187173,291.8982067415374,290.5704673776063,291.825439453125,85310500,5.676155813416544,0.004090850565260595
2019-12-20,292.85803523538505,294.237984386414,291.8802179923732,293.10479736328125,147142100,5.680530215250183,0.004374401833638686
2019-12-23,293.89070837165036,293.945538202169,293.4063596093835,293.5525817871094,52990000,5.6820567775221384,0.0015265622719553562
2019-12-24,293.7810258479753,293.82670807350945,293.2601146095581,293.56170654296875,20270000,5.682087860928015,3.108340587676395e-05
2019-12-26,293.94546230106056,295.1335067299267,293.9363425910148,295.1243591308594,30911200,5.687396823885689,0.005308962957673913
2019-12-27,295.8554468523397,295.91027666961054,294.52120815038006,295.0512390136719,42528800,5.6871490328289545,-0.0002477910567346697
2019-12-30,295.13354687019796,295.2706214297429,292.9402423613774,293.4245910644531,49729100,5.6816206763222805,-0.005528356506673937
2019-12-31,292.9219889831503,294.3841827622408,292.5747148231008,294.1374206542969,57077300,5.684047075324781,0.0024263990025001902
2020-01-02,295.672721478946,296.90644827655234,294.74970630853255,296.8881530761719,59151200,5.693355478906148,0.009308403581367308
2020-01-03,293.4977411082979,295.7641429457349,293.4429112798059,294.64007568359375,77709700,5.685754529004798,-0.0076009499013496296
2020-01-06,292.8854545477704,295.8464049037738,292.76664728278183,295.76416015625,55653900,5.689562380516231,0.003807851511433036
2020-01-07,295.19752718117184,295.67275622250656,294.4847115081981,294.9325256347656,40496400,5.6867466035160765,-0.0028157770001548954
2020-01-08,295.12438459091834,297.71976504897265,294.8776503960096,296.50433349609375,68296000,5.692061833832134,0.005315230316057296
2020-01-09,298.06710630868724,298.58801761539866,297.4822175666189,298.514892578125,48473300,5.698819822972126,0.006757989139992482
2020-01-10,299.09971858480566,299.25506045062673,297.18973874984056,297.6557922363281,53029300,5.695937759300292,-0.0028820636718345227
2020-01-13,298.27721930830376,299.711970052035,297.8477004784038,299.7028503417969,47086800,5.702791484927364,0.006853725627072649
2020-01-14,299.2641779536659,300.3151199538499,298.6884369921767,299.24591064453125,62832800,5.701265678996444,-0.001525805930920221
2020-01-15,299.15459569341715,300.68073912701385,299.07235094750735,299.9222412109375,72056600,5.70352324509558,0.002257566099135744
2020-01-16,301.3021337281493,302.41705322265625,301.07366684721774,302.41705322265625,54050300,5.71180703564742,0.008283790551840475
2020-01-17,303.1299315092865,303.56857016247767,302.3531383755547,303.3583984375,95846000,5.7149149396404715,0.0031079039930510532
2020-01-21,302.39883225787577,303.5685818598415,302.3257351092037,302.7643737792969,77742400,5.71295485869445,-0.001960080946021847
2020-01-22,303.6233480257216,304.2722140708887,302.64553093599403,302.8008728027344,48914900,5.713075403998817,0.00012054530436778066
2020-01-23,302.1520200824009,303.5593838604017,301.03710060172915,303.14813232421875,51963000,5.714221571602237,0.0011461676034194568
2020-01-24,303.80614634423307,303.88839108132504,299.1636833310754,300.4522399902344,87578400,5.705288806203083,-0.008932765399153553
2020-01-27,295.2066505448216,297.116630487524,294.86852399411237,295.63616943359375,84062500,5.689129540971677,-0.01615926523140665
2020-01-28,297.0617682289767,299.6114663707145,295.72752948381543,298.7341613769531,63834000,5.6995540855288525,0.010424544557175786
2020-01-29,300.0958426351734,300.32430953188833,298.2863747731424,298.4874267578125,53888900,5.698727810531161,-0.0008262749976912787
2020-01-30,296.42212914324796,299.6663763797536,295.6727787860852,299.4561767578125,75491800,5.701968085506629,0.0032402749754680826
2020-01-31,298.8346566343361,298.99002637225726,293.10471775359696,294.0185852050781,113845600,5.683642980323958,-0.018325105182671386
2020-02-03,295.4990298946987,298.06699506215597,295.3802226702437,296.20269775390625,69083000,5.6910440096717165,0.007401029347758659
2020-02-04,299.81256511181664,301.5854705749679,299.4927058581297,300.71728515625,62573200,5.706170571402755,0.015126561731038102
2020-02-05,303.65082382168174,304.4002020615823,302.1886577494263,304.19000244140625,65951100,5.7176525142009895,0.01148194279823489
2020-02-06,305.1495235533158,305.4054053572776,304.1351160486289,305.2135009765625,50359700,5.721011534921289,0.00335902072029981
2020-02-07,304.15344652404104,305.222656086769,303.03852684411055,303.58685302734375,64139400,5.7156677409848475,-0.0053437939364417986
2020-02-10,302.7003838721832,305.91718787642037,302.66382135820703,305.85321044921875,42070000,5.7231052824430915,0.007437541458243935
2020-02-11,307.2058373505801,307.99175035973616,305.85330281527,306.38336181640625,54864500,5.724837134226244,0.0017318517831528268
2020-02-12,307.81803230663076,308.5674104828042,307.4524908196525,308.35723876953125,43992700,5.731258976983358,0.0064218427571134384
2020-02-13,306.93160682994335,308.9969568539677,306.6574576626084,308.02825927734375,54501900,5.730191529665185,-0.001067447318172654
2020-02-14,308.4394837726626,308.6405357740244,307.24231936560784,308.521728515625,64582200,5.731792273654878,0.0016007439896927877
2020-02-18,307.52566305583684,308.58575305311757,306.3376181795073,307.7267150878906,57226200,5.729212100424294,-0.002580173230583682
2020-02-19,308.69532102540853,309.8741900599959,308.41202432199384,309.19793701171875,48814700,5.733981644671988,0.004769544247693602
2020-02-20,308.6496697818951,309.4721730276708,304.9393691304808,307.927734375,74163400,5.729865126791369,-0.004116517880619064
2020-02-21,306.5751180835918,306.8858296734732,303.93402773606726,304.75653076171875,113788200,5.719513198030759,-0.010351928760609752
2020-02-24,295.3072473908234,304.8297340268577,293.5708763000979,294.6492614746094,161088400,5.685785704831127,-0.033727493199632086
2020-02-25,296.0383078861717,296.6505836333486,284.8434284508616,285.7207336425781,218913200,5.655014877981145,-0.03077082684998178
2020-02-26,287.11892786401404,290.7104209886197,283.93868633219154,284.6697692871094,194773800,5.651329804196109,-0.0036850737850357973
2020-02-27,279.1499964992916,284.72459458112405,271.884765625,271.884765625,284353500,5.605378320738088,-0.04595148345802169
2020-02-28,263.833594623337,272.23204033235453,260.9457695802284,270.742431640625,384975800,5.601167932177841,-0.004210388560246692
2020-03-02,272.52452066836804,282.53138466870956,269.0975162694885,282.4674072265625,238703600,5.643563171281223,0.04239523910338239
2020-03-03,282.84209424548885,286.80827729307117,271.9396576937883,274.3796691894531,300139100,5.614512801231621,-0.029050370049602314
2020-03-04,279.753168952443,286.1319753809504,277.20347032348707,285.9126281738281,176613400,5.655686268250769,0.04117346701914837
2020-03-05,278.71135042930734,281.9007394258582,274.1694273459628,276.40838623046875,186366800,5.621879432353892,-0.033806835896877274
2020-03-06,267.9003132173233,273.0453928793516,265.231835125878,271.8390808105469,228667200,5.605210276555879,-0.01666915579801298
2020-03-09,251.5877108251812,259.71200626207275,249.89707826656843,250.60989379882812,309417300,5.523897522124887,-0.08131275443099195
2020-03-10,260.12327944250404,263.6690622000133,249.94278128953638,263.57769775390625,276444100,5.574348192652619,0.05045067052773167
2020-03-11,256.5226750190865,257.6558620446888,247.54848749515548,250.72872924804688,255316300,5.524371594721656,-0.04997659793096254
2020-03-12,233.95013117048154,243.69196419793585,226.34674521407393,226.73971557617188,392220700,5.423802732183496,-0.10056886253816
2020-03-13,240.42951739409546,248.09688293794719,227.1144685154295,246.1229248046875,329566100,5.505831105454725,0.08202837327122836
2020-03-16,220.40656312966803,234.77256174758443,216.91559643304075,219.19113159179688,297240000,5.389944096188791,-0.11588700926593365
2020-03-17,223.93411978479276,234.10548499816915,216.65060754197967,231.02574157714844,262070500,5.442529139712241,0.05258504352345028
2020-03-18,215.90125823020935,226.97733101558407,208.3801304723049,219.32826232910156,327597100,5.390569522309851,-0.051959617402390634
2020-03-19,218.64281290463057,226.07256060162746,212.2183250976438,219.79428100585938,289322000,5.392692022549396,0.0021225002395457437
2020-03-20,222.94361386702494,224.72694441324552,210.04665824854578,210.3224334716797,347158800,5.3486417506840915,-0.04405027186530486
2020-03-23,209.76171566084122,211.13137648969655,200.6336404665036,204.94488525390625,326025200,5.322741090571148,-0.025900660112943896
2020-03-24,215.48859069772814,224.38685570948732,214.91866545634184,223.51356506347656,235494500,5.409472106008145,0.0867310154369978
2020-03-25,225.0946467428511,235.6475485646317,220.38813506232896,226.85958862304688,299430300,5.424331273777612,0.014859167769466275
2020-03-26,229.36913318338085,241.57664463189138,228.93708857476466,240.1058807373047,257632800,5.481079995794004,0.05674872201639225
2020-03-27,232.8162972428731,239.74737193984004,230.77558000293203,232.9541778564453,224341200,5.45084177266496,-0.030238223129043895
2020-03-30,235.050062078814,241.23655379734308,233.05530959383546,240.51954650878906,171369500,5.482801360708045,0.03195958804308496
2020-03-31,239.5175449357564,242.06383359967347,235.52804049293425,236.93447875976562,194881100,5.467783641983504,-0.015017718724540607
2020-04-01,227.9534996121323,236.85176448420262,224.20299266868236,226.2712860107422,189554600,5.421734659970054,-0.04604898201344998
2020-04-02,225.38882134558207,232.27393107275833,224.83727084545978,231.49258422851562,177660400,5.444547839443076,0.022813179473021528
2020-04-03,230.509004139297,232.86227427028138,225.41641216569948,228.1465606689453,135561200,5.429988232392133,-0.014559607050943058
2020-04-06,237.01721102821946,245.43746603844804,228.12814793015815,243.47027587890625,188061200,5.494994864758958,0.06500663236682502
2020-04-07,252.06517485811415,252.81895953411126,243.49786638414741,243.71847534179688,201427200,5.496013769582771,0.0010189048238133935
2020-04-08,246.31991721822396,253.7106259149399,243.82878088383262,251.89971923828125,153774500,5.529031068781847,0.03301729919907537
2020-04-09,255.16300272853678,258.4906799949257,253.2234169368293,255.7329559326172,189999200,5.544133759141234,0.015102690359387161
2020-04-13,254.75854323137895,255.0986580184009,249.49128056839425,253.39805603027344,114839100,5.53496159631173,-0.00917216282950406
2020-04-14,258.2884549436128,261.8918654699185,253.26020343605688,260.87152099609375,134143400,5.564028029404631,0.029066433092901356
2020-04-15,255.15384835522406,261.0094117275876,253.21423436633597,255.32850646972656,121775000,5.542550976728234,-0.021477052676397435
2020-04-16,256.6062535871755,257.4151905782351,253.49003955687044,256.560302734375,131798300,5.54736373535916,0.004812758630926339
2020-04-17,262.33311040568213,264.09803815159717,259.5937609848719,263.4913635253906,146684800,5.57402059144955,0.026656856090389702
2020-04-20,259.786828884741,263.6292797051415,258.6286036617239,258.8492126464844,100109300,5.556245701606697,-0.017774889842852915
2020-04-21,254.38170360611178,255.5859076947366,250.05205605846757,250.9897003173828,126385700,5.525411903697742,-0.03083379790895524
2020-04-22,255.87087162422512,258.30685593614993,254.5471616484955,256.560302734375,92951600,5.54736373535916,0.021951831661418453
2020-04-23,257.83803449166567,261.00942882801934,256.2385632888214,256.5419006347656,104709700,5.5472920065710305,-7.172878812955474e-05
2020-04-24,258.0586450832086,260.7887931290741,256.00872668784143,260.11773681640625,85063200,5.56113436242645,0.013842355855419264
2020-04-27,262.09406566675983,264.9896700484018,261.6344450330701,263.8681945800781,77896600,5.57544971551882,0.014315353092370309
2020-04-28,267.51764391278255,267.86696016171067,262.35151131258954,262.6548767089844,105270000,5.570840914556686,-0.004608800962134119
2020-04-29,267.9865035924863,271.0659685753483,266.956957484873,269.53082275390625,118745600,5.59668275395365,0.02584183939696416
2020-04-30,268.151827859147,269.63182069737235,265.28379996126034,267.02117919921875,122901700,5.587327978097875,-0.009354775855775266
2020-05-01,262.2688409907654,267.18678958026203,258.78490717517025,259.9523620605469,125180000,5.5604983913841215,-0.02682958671375335
2020-05-04,258.06787265525315,260.9726794196281,256.58790717425063,260.6693420410156,80873200,5.56325271540899,0.0027543240248686374
2020-05-05,263.4914593006196,265.89066671721116,260.79805974874677,263.0777893066406,79569900,5.572449765275754,0.009197049866763507
2020-05-06,264.77830538088773,265.1643710660051,260.8623279708527,261.29437255859375,73632600,5.565647635970867,-0.0068021293048863285
2020-05-07,264.51171080796263,266.3777697134358,263.9417856328459,264.4473571777344,75250400,5.577642203806293,0.011994567835425407
2020-05-08,267.5820163579853,269.2918202089729,266.4513391653479,268.822998046875,76452400,5.5940531631992,0.016410959392906932
2020-05-11,266.89248739385454,270.25691356169875,266.469644295507,268.8780517578125,79514200,5.594257937622274,0.00020477442307420546
2020-05-12,270.0640084188488,270.47765032372735,263.3811037631839,263.5190124511719,95870800,5.574125518893361,-0.020132418728913137
2020-05-13,262.9582694595152,263.9970170334549,256.4316480022454,258.85845947265625,144721100,5.556281423797697,-0.01784409509566398
2020-05-14,256.4224143490226,262.08491700872327,250.94371509495167,261.95623779296875,121977900,5.568177458485265,0.011896034687568502
2020-05-15,259.56619361268525,263.2063817576998,258.61937607827673,263.1604309082031,111146300,5.572763849654529,0.004586391169263848
2020-05-18,269.3836462588065,272.78485022076103,269.06193425277155,271.1761779785156,119703800,5.602768712895884,0.030004863241354762
2020-05-19,270.5787293388812,272.28850498888653,268.3725554456711,268.39093017578125,95189300,5.592444612334982,-0.010324100560901606
2020-05-20,271.93000339041674,273.81443707877554,271.70019303559144,272.9503479003906,85861700,5.609289902820802,0.016845290485819397
2020-05-21,272.82167247031106,273.63060941899073,269.97201842037936,271.06591796875,78293900,5.602362031038798,-0.006927871782004047
2020-05-22,270.7809833540963,271.755377128521,269.5400016819818,271.5807189941406,63958200,5.604259402715928,0.0018973716771304439
2020-05-26,277.54650948578575,277.78552119257876,271.59901735603495,274.9266662597656,88951400,5.616504393957992,0.012244991242064351
2020-05-27,277.7212306525081,279.0541420158943,272.8952128963509,279.0173645019531,104817400,5.631274018242895,0.01476962428490225
2020-05-28,280.0469129571108,282.0600540546706,277.8315376106127,278.5025939941406,90405200,5.629427373486047,-0.001846644756847482
2020-05-29,278.03369646881987,280.3317995595068,275.28517414932355,279.7434997558594,119090800,5.633873111018089,0.004445737532042138
2020-06-01,279.100077323199,281.48090925059915,278.58530436878937,280.87420654296875,55758300,5.637906905554352,0.004033794536262292
2020-06-02,281.79348222342395,283.24589956300736,280.46059882527766,283.1999206542969,74267200,5.64615308164402,0.008246176089668822
2020-06-03,285.1855105697075,287.9248606902296,284.90974930553955,286.9688415527344,92567600,5.659373643847557,0.013220562203536623
2020-06-04,285.98509450264515,287.7224737038752,284.1190361307757,286.21490478515625,75794400,5.656742943981409,-0.0026306998661480563
2020-06-05,291.6110119068838,295.324727633124,291.5466582645759,293.55059814453125,150524700,5.68205002013214,0.0253070761507308
2020-06-08,294.35949682860377,297.2918792842742,293.817147742069,297.0988464355469,73641200,5.694064899712949,0.012014879580808824
2020-06-09,294.43303648292283,297.17238620785696,293.5689472426089,294.88348388671875,77479200,5.686580308443144,-0.007484591269804497
2020-06-10,295.462583123064,296.3542484031599,292.5209994219378,293.2380065917969,95000800,5.680984588459538,-0.0055957199836065286
2020-06-11,286.3069041815128,286.9411829598361,275.7816075129834,276.3331298828125,209243600,5.621607130216537,-0.05937745824300045
2020-06-12,283.3469055073033,284.11906476800726,274.4854347080679,279.6423645019531,194678900,5.633511517129254,0.011904386912716447
2020-06-15,273.9523329194972,283.38375938311225,272.7757049594633,282.2530822753906,135782700,5.642804123343539,0.009292606214285293
2020-06-16,290.0022973807095,290.14937937635153,282.82302403325144,287.685791015625,137627500,5.661868881140524,0.019064757796985354
2020-06-17,288.70612812151614,289.0002920766574,285.7553432859751,286.4907531738281,83398900,5.65770626049896,-0.004162620641563919
2020-06-18,284.9740877759043,287.0791307706854,284.5144669914152,286.60113525390625,80828700,5.65809147649546,0.00038521599649943283
2020-06-19,290.0689696801593,290.26285198086515,283.01504638164135,284.96319580078125,135549600,5.652360034388562,-0.005731442106897688
2020-06-22,284.36307218217655,287.18832733403883,283.21820564851276,286.79132080078125,74649400,5.658754846066653,0.0063948116780911946
2020-06-23,289.44116854058365,290.37369722062647,287.7053848565929,288.11163330078125,68471200,5.663348020660128,0.004593174593474636
2020-06-24,286.0711358531049,286.6897503140339,278.92490610868884,280.7622375488281,132813500,5.637508181444469,-0.025839839215659133
2020-06-25,280.18970867662165,284.0398251388573,278.16770932383406,283.7720642089844,89468000,5.64817132509933,0.010663143654861429
2020-06-26,282.67346196626374,282.8858280526824,276.4505185694108,277.03216552734375,127961000,5.624133620483155,-0.02403770461617505
2020-06-29,278.2878684607212,281.2423692160098,275.9981071297797,281.1038818359375,79773300,5.638724287265509,0.014590666782353878
2020-06-30,280.6699229107989,286.4035537681701,280.5129799461542,284.7046813964844,113394800,5.651452437410076,0.012728150144567074
2020-07-01,285.8218083059018,287.9638397462947,285.3601650563241,286.69891357421875,72396500,5.658432583465398,0.006980146055322045
2020-07-02,290.13355781025984,291.4815764666122,287.61300354993097,288.27777099609375,69344200,5.66392449794675,0.0054919144813521115
2020-07-06,292.10022962286325,293.3097330320879,291.3523695965938,292.7280578613281,61713800,5.6792440478714585,0.015319549924708298
2020-07-07,291.1861878161966,293.1620068643434,289.3303723806456,289.70892333984375,82910000,5.6688767063024645,-0.010367341568993993
2020-07-08,290.4752376937071,292.03559459185783,288.7117847552177,291.9248046875,54638600,5.676496250911285,0.007619544608820306
2020-07-09,292.5341865760372,292.77425016071106,286.8467365020925,290.2629089355469,83354200,5.670787094819143,-0.005709156092142287
2020-07-10,290.1982140439162,293.49435402565143,288.767131059591,293.2265930175781,57550400,5.6809456651409675,0.010158570321824989
2020-07-13,295.57181728865015,297.95388491153363,290.0320963106647,290.6876220703125,102997500,5.6722492269208,-0.008696438220167302
2020-07-14,289.2657251994357,295.23017784397115,288.06546370459,294.4546203613281,93657000,5.685124900764594,0.0128756738437934
2020-07-15,297.6768588380392,298.2585339487308,294.777725167758,297.1598205566406,87196500,5.69427011042234,0.009145209657746456
2020-07-16,295.2578352089557,296.6335232521369,294.61152330631586,296.1811218261719,54622500,5.690971165252167,-0.003298945170173262
2020-07-17,297.1876157716632,297.8246860379968,295.2117681221109,297.0398864746094,62774900,5.693866427679852,0.002895262427685452
2020-07-20,296.77205639224417,300.18822867354294,296.024196371045,299.44036865234375,56308800,5.701915294734688,0.00804886705483554
2020-07-21,301.4069275614781,301.8500871049481,299.0894691350206,300.077392578125,57292200,5.704040416646722,0.002125121912033734
2020-07-22,299.71733865104954,302.099434231955,299.6065487498866,301.7854919433594,57792900,5.709716473420012,0.0056760567732903056
2020-07-23,301.42537631818345,302.1270831480681,296.8181852176336,298.18463134765625,75738000,5.697712862932943,-0.012003610487068883
2020-07-24,296.328858018481,297.2890558358542,294.75925946179956,296.26422119140625,73766600,5.691251695318809,-0.006461167614133956
2020-07-27,296.95672110500396,298.6001703884858,296.16267985039116,298.42474365234375,48293000,5.698517785978785,0.007266090659975966
2020-07-28,297.69530442770673,298.81250154862204,296.2365239348657,296.531982421875,57495000,5.692155079136205,-0.0063627068425802236
2020-07-29,297.4090950917843,300.74217459378013,297.37215573588736,300.178955078125,48454200,5.704378813737784,0.012223734601579217
2020-07-30,297.2059723944225,299.5234309444589,295.1193636875488,299.1079406738281,61861700,5.700804513841931,-0.003574299895852562
2020-07-31,300.89912438191095,301.573133804093,296.67969747786157,301.4715576171875,84986800,5.708675675455894,0.00787116161396284
2020-08-03,303.1335284428846,304.33379001033194,302.5887926129522,303.5674743652344,53077900,5.715603906597965,0.006928231142071084
2020-08-04,302.7087180143602,304.7399597167969,302.7087180143602,304.7399597167969,41917900,5.719458821852439,0.0038549152544735676
2020-08-05,306.0418930506655,306.89132934963357,305.7741319749666,306.6327819824219,42697700,5.725650881734535,0.006192059882096146
2020-08-06,306.05108949352723,308.8024658628492,305.72793350897297,308.68243408203125,43679400,5.732313027012606,0.006662145278070852
2020-08-07,307.71294414525704,309.19020827921787,306.8081131712944,308.90399169921875,57308300,5.733030522143467,0.0007174951308615007
2020-08-10,309.3565072414617,310.01203305270343,307.41759911126707,309.827392578125,44282100,5.736015344274465,0.0029848221309975997
2020-08-11,311.00910310173,311.64617312266336,306.5403992490115,307.269775390625,69601100,5.727726108915649,-0.008289235358816427
2020-08-12,309.70729014184826,312.3294209653016,309.67959266815404,311.5538635253906,53774400,5.74157223989357,0.013846130977920978
2020-08-13,310.78744591739394,312.30164925667594,310.06728359605586,310.9905700683594,41816100,5.73976259039593,-0.0018096494976393984
2020-08-14,310.60284094610125,311.53536940593125,309.8734366603985,310.9998474121094,47260400,5.739792421542809,2.9831146878933623e-05
2020-08-17,312.0154294004109,312.38473835012826,311.00905053743276,311.98773193359375,35481000,5.742963866310741,0.0031714447679318525
2020-08-18,312.38474031767976,313.08644705008913,310.78744458391986,312.6617431640625,38733900,5.745121913404098,0.002158047093357318
2020-08-19,313.04037642109654,313.5574147719256,310.79679627269803,311.3600158691406,68054200,5.740949849964817,-0.004172063439281004
2020-08-20,309.6333973234677,312.8095056526026,309.5041518442734,312.32940673828125,42207800,5.744058421682155,0.0031085717173375826
2020-08-21,311.99705293699736,313.6589577204171,311.65541319099066,313.4373779296875,55106600,5.747599588699549,0.0035411670173939314
2020-08-24,315.8748485901053,316.68734541310374,313.40968882300405,316.6134948730469,48588700,5.757681770900638,0.010082182201089473
2020-08-25,317.176669274047,317.804497448592,316.01331905096947,317.7214050292969,38463400,5.761174913980058,0.003493143079420058
2020-08-26,318.3123051250386,321.1744711148294,317.76756939870836,320.90673828125,50790200,5.771150545967184,0.009975631987125588
2020-08-27,321.7747030342196,323.0580570797185,319.9465849622059,321.6084899902344,58034100,5.773334936179723,0.0021843902125393555
2020-08-28,322.6332285667158,323.8150341294469,321.44218112275126,323.6857604980469,48588900,5.779773170153209,0.006438233973486085
2020-08-31,323.4735318130016,324.3506373557208,322.2824839670611,322.5133056640625,66099200,5.776144393257806,-0.0036287768954030852
2020-09-01,323.34417391191676,325.6523902806764,322.4485848337792,325.55084228515625,54908700,5.785518646947705,0.009374253689898637
2020-09-02,327.4621164118237,331.22911386665123,326.3172217084211,330.2596740722656,69540000,5.799879236152098,0.01436058920439276
2020-09-03,328.56994487388585,329.0408299804579,316.3087019292482,318.8939208984375,148011100,5.7648585111138315,-0.03502072503826614
2020-09-04,319.5772119329768,321.14678232846006,309.1809952615708,316.2903137207031,139156300,5.756660506133245,-0.00819800498058676
2020-09-08,310.8798493187982,316.3549607309717,307.3436737413122,307.6483459472656,114465300,5.728957396761404,-0.027703109371841173
2020-09-09,311.65542088332745,316.18876205705584,310.78752911291656,313.7236022949219,91462300,5.74851235079455,0.01955495403314611
2020-09-10,315.59780899777945,316.25333454581227,307.3159276821659,308.2761535644531,90569500,5.730995983747657,-0.017516367046892967
2020-09-11,310.05809882812946,311.11987273507737,305.6078508539459,308.43310546875,84680200,5.731504981805936,0.0005089980582795306
2020-09-14,311.6000162516437,314.2683283126777,308.58087891635495,312.49560546875,65605700,5.744590406577578,0.013085424771642096
2020-09-15,314.951629593758,315.7825821863342,312.5049248914302,314.07452392578125,52920900,5.749630295091454,0.005039888513875823
2020-09-16,315.31158485907184,316.74266767813356,312.5509390358151,312.82794189453125,82096000,5.745653332988946,-0.00397696210250853
2020-09-17,307.9714762809404,311.79389633261354,307.44519615617884,310.0765686035156,91523300,5.736819262476038,-0.008834070512907743
2020-09-18,310.8821027224487,310.9933360912378,304.0224381842765,306.5067443847656,105877900,5.725239759652165,-0.011579502823872545
2020-09-21,301.9182014330189,303.2437795741085,298.2380798999571,303.095458984375,99450800,5.714047802045803,-0.01119195760636238
2020-09-22,304.5786503731086,306.7385071760695,302.066507400489,306.18231201171875,63612100,5.724180715427424,0.01013291338162059
2020-09-23,306.7385217044883,307.0166334444668,298.5810865385112,299.0816650390625,93112200,5.700716663319182,-0.023464052108241873
2020-09-24,297.76532620085055,302.93787621508653,296.4489985751981,299.87884521484375,76681300,5.703378543803263,0.002661880484081003
2020-09-25,299.02596442851154,305.51484110446944,298.1546270152853,304.7269287109375,71069400,5.719416059871079,0.016037516067815893
2020-09-28,308.8891253586317,310.5020659374077,307.8972472441894,309.7882995605469,64584600,5.735889159550205,0.01647309967912669
2020-09-29,309.5843740782885,310.3259488282698,307.40595935248126,308.1011962890625,51304000,5.7304282883898345,-0.0054608711603707505
2020-09-30,308.76860928712824,313.58892978637374,308.5739508757094,310.43719482421875,104081100,5.737981609816452,0.007553321426617465
2020-10-01,313.03270872151455,314.0060289873834,310.5484025217798,312.43017578125,88698700,5.744381006710579,0.006399396894127385
2020-10-02,307.48010881582076,312.40238366370073,307.00733868479756,309.4638366699219,89431100,5.73484124093569,-0.00953976577488902
2020-10-05,311.52169201210114,315.1369175857961,311.4753542094507,314.9515380859375,45713100,5.752418779643686,0.01757753870799572
2020-10-06,315.0906262164625,317.18561572731545,309.9644141027496,310.4742431640625,90128900,5.738100945160016,-0.014317834483669856
2020-10-07,313.43135342172144,316.6850714131168,313.40354507518236,315.87860107421875,56999600,5.755357965957483,0.017257020797466716
2020-10-08,317.81595262377294,318.7429351145588,316.8982207211978,318.67803955078125,45242500,5.764181312713342,0.008823346755859163
2020-10-09,320.32811028649445,321.9874170889095,319.7070477762188,321.52392578125,59528600,5.773071960134984,0.008890647421641695
2020-10-12,324.063844968693,328.1703711128486,323.5725453203997,326.69647216796875,80388500,5.789031520164787,0.015959560029803477
2020-10-13,326.55739883670304,326.73352777746965,323.6003223544785,324.56439208984375,73255500,5.782483951250072,-0.00654756891471564
2020-10-14,325.13906040450945,326.2328927919299,321.7926676880987,322.52496337890625,57727900,5.776180539066217,-0.006303412183854995
2020-10-15,318.61310219082094,322.60839393885817,318.07546486396797,322.1263732910156,60357700,5.774943932187394,-0.0012366068788223217
2020-10-16,323.4798383039487,325.1391450693449,321.7556642567683,321.9317932128906,89501900,5.774339700786677,-0.0006042314007173033
2020-10-19,323.1924104328647,323.8227516799886,316.1380878968359,317.0372619628906,68425600,5.759019312593596,-0.015320388193081236
2020-10-20,318.38139712826285,321.55168968171705,317.6212929886074,318.3072509765625,60051900,5.7630171143507996,0.003997801757203767
2020-10-21,318.26087876428136,320.43004263717467,317.39879185718223,317.7047119140625,63575000,5.7611223724971286,-0.0018947418536710003
2020-10-22,317.91790278181213,320.0314217004003,315.77657552045014,319.4474182128906,55399300,5.766592685040081,0.005470312542952271
2020-10-23,320.6710546588657,320.7266713466308,318.0755149322923,320.5320129394531,49143900,5.769982155739082,0.0033894706990009738
2020-10-26,317.14853512100905,317.9364759234132,311.1138698437013,314.6086120605469,91473000,5.751329364885693,-0.018652790853388446
2020-10-27,314.9516395955158,315.28533977636755,313.3108621718636,313.5240783691406,65994100,5.747876162128855,-0.0034532027568383583
2020-10-28,307.8508925089764,313.5518292002192,302.3168058775529,302.80810546875,127094300,5.7130992895958785,-0.034776872532976455
2020-10-29,303.0398382217238,309.05594531130174,301.35272336162404,305.88568115234375,90597700,5.723211441144463,0.010112151548584691
2020-10-30,304.30987072993145,305.61691969344054,299.0446159372506,302.6969299316406,120287300,5.712732073695568,-0.010479367448895438
2020-11-02,306.0896911621094,308.0919488492275,303.3458020708051,306.0896911621094,86068300,5.72387816737742,0.011146093681852598
2020-11-03,309.324791356006,313.55182927466103,306.1730565274314,311.4939270019531,93294200,5.74137984205657,0.017501674679149204
2020-11-04,315.9712318810282,322.53428362589443,314.79397432552076,318.45556640625,126959700,5.763482956351371,0.022103114294801607
2020-11-05,323.7393383605878,326.473947874862,323.38708050703286,324.66632080078125,82039700,5.782797949678523,0.019314993327151697
2020-11-06,324.3790079432216,325.8436562639265,322.26548878904805,324.59222412109375,74973000,5.782569699528906,-0.00022825014961647128
2020-11-09,337.39386942742516,337.7739357009492,328.20746815703154,328.67095947265625,172304200,5.795057127125058,0.012487427596151512
2020-11-10,327.6791378525381,329.24574103301717,324.91674723952536,328.1889953613281,85552000,5.793589647811474,-0.0014674793135842634
2020-11-11,330.3765276970206,331.45183069524353,329.1343746531919,330.6268310546875,58649000,5.800990340758854,0.007400692947379994
2020-11-12,329.61646944206416,330.67324321370563,325.61192600078954,327.4195251464844,67546200,5.791242300136476,-0.009748040622377552
2020-11-13,329.3290469036784,332.69399774467473,328.8099389915463,331.9524230957031,62892200,5.8049916547188944,0.013749354582418327
2020-11-16,334.62223124630657,336.2907888205987,333.33371169129214,336.09613037109375,74541100,5.817397221338669,0.012405566619774433
2020-11-17,333.68591913167813,335.49354647121936,332.1749330059845,334.2884521484375,66111000,5.812004249450528,-0.00539297188814114
2020-11-18,334.55722235747817,335.10413858036725,330.22820208953993,330.2652893066406,70591300,5.799896238490197,-0.012108010960330873
2020-11-19,329.63500754078495,332.02661012404343,328.29087149861675,331.65582275390625,59940900,5.8040977527416295,0.00420151425143267
2020-11-20,331.39626921670055,331.6002065139429,329.31055843142065,329.38470458984375,70417300,5.797226382511962,-0.0068713702296676615
2020-11-23,331.1923113139346,332.6198723058136,328.9582800615384,331.3591613769531,63230600,5.803202866792288,0.005976484280326488
2020-11-24,333.9083515604822,337.2454941499389,333.05554351994675,336.6985778808594,62415900,5.819188102460037,0.01598523566774901
2020-11-25,336.615126222549,336.6429345632087,335.0856109077494,336.179443359375,45330900,5.8176450750223765,-0.0015430274376608821
2020-11-27,337.2732938319882,337.5884644727242,336.1052868833564,337.11572265625,28514100,5.8204262620786436,0.002781187056267065
2020-11-30,336.3370573763305,336.6058902297958,332.9443262265779,335.623291015625,83872700,5.815989373304169,-0.004436888774474568
2020-12-01,338.8770642217867,340.8329840925718,338.2837817293062,339.294189453125,74231400,5.826867546542236,0.01087817323806739
2020-12-02,338.1818081843012,340.16553629221875,337.6070834828416,340.0079650878906,45927000,5.828969044064896,0.0021014975226592014
2020-12-03,339.9059738069598,341.30572658893556,338.81214112571735,339.9152526855469,62882000,5.828696329733351,-0.00027271433154485436
2020-12-04,340.499217834335,342.844482421875,340.40651392671566,342.844482421875,50749900,5.837276940329401,0.00858061059605042
2020-12-07,342.07505805149833,342.63125318672655,340.8699921662204,342.13995361328125,48944300,5.835219874445956,-0.0020570658834451194
2020-12-08,340.8700252302088,343.7065895768302,340.8236874183033,343.1411437988281,42458900,5.8381418604796425,0.00292198603368643
2020-12-09,343.7993068138485,343.95687801184386,339.2292894437654,340.0635681152344,74098300,5.829132565179228,-0.009009295300414166
2020-12-10,338.6916205245105,340.99979809475724,337.82025463669373,339.95233154296875,57735400,5.82880540643687,-0.00032715874235833553
2020-12-11,338.2559713720657,339.9616160939201,336.7357345003271,339.5537414550781,57698600,5.827632230362525,-0.0011731760743449726
2020-12-14,341.72272445629915,342.79799889069113,337.85719631795064,338.0333251953125,69216200,5.82314448587523,-0.004487744487295053
2020-12-15,340.5733606765333,342.60345458984375,339.2014446984404,342.60345458984375,63865300,5.836573669288813,0.013429183413583345
2020-12-16,342.8166942477022,344.058847472952,341.93604950739774,343.1411437988281,58420500,5.8381418604796425,0.0015681911908291823
2020-12-17,344.78191409140845,345.2639348642844,343.956885989985,345.05999755859375,64119500,5.843718307878408,0.005576447398765616
2020-12-18,345.3485390064458,345.5161002847388,341.67133885477017,343.6821594238281,136542300,5.839717275100429,-0.004001032777979141
2020-12-21,339.7630149194955,352.3213066638467,337.0260664305187,342.4533996582031,96386700,5.836135589053254,-0.0035816860471751255
2020-12-22,342.7791972943252,342.8909048278069,340.74976800980517,341.8761901855469,47949000,5.834448654517306,-0.001686934535947593
2020-12-23,342.84436581711367,344.0918139440392,341.8575780688017,342.18341064453125,46201400,5.835346881745657,0.0008982272283510895
2020-12-24,342.65811576810853,343.54251428118584,342.07165131242414,343.51458740234375,26457900,5.839229577725319,0.003882695979661399
2020-12-28,346.06540553732583,346.8567051409463,345.4416956497775,346.4657287597656,39000400,5.8477839068401245,0.008554329114805803
2020-12-29,347.9923877771309,348.16926748527214,345.2181946161471,345.8046875,53680500,5.845874128680739,-0.0019097781593853114
2020-12-30,346.6238977069387,347.33141650655006,345.9070888877533,346.2980651855469,49455300,5.847299864287793,0.0014257356070537242
2020-12-31,346.1026197103733,348.78371400805713,345.59061740637577,348.0575866699219,78520700,5.8523679450209025,0.005068080733109603
2021-01-04,349.38886325350404,349.51920765992713,339.6233739583343,343.3191833496094,110210800,5.838660578161443,-0.013707366859459391
2021-01-05,342.6767566253038,346.7728598923991,342.6301928867929,345.68365478515625,66426200,5.845524064308924,0.0068634861474805575
2021-01-06,344.1755228387104,350.94342966039994,343.6262753129207,347.75030517578125,107997700,5.851484708375507,0.005960644066583143
2021-01-07,350.12425147477427,353.66178899148537,349.9473717579539,352.91705322265625,68766800,5.866233052615589,0.014748344240081757
2021-01-08,354.30414871589034,355.14198358914405,351.05519832067495,354.9278869628906,71677200,5.871914633524842,0.005681580909253192
2021-01-11,351.7534192361298,354.2948508857765,351.6323932699845,352.535400390625,51034700,5.865151043849977,-0.0067635896748647895
2021-01-12,352.7215686990142,353.6245473333701,350.3662785938468,352.6098327636719,52547700,5.865362156028926,0.00021111217894898004
2021-01-13,352.53532382507234,354.5554342663169,351.7533428404121,353.5593566894531,45303600,5.868051382668106,0.0026892266391804753
2021-01-14,354.3041217359534,354.80683398556437,351.9861054675014,352.32122802734375,49989100,5.864543339073608,-0.0035080435944987443
2021-01-15,350.7014344796534,351.5020240301078,347.8900242126763,349.75189208984375,107160000,5.857224023366108,-0.007319315707499996
2021-01-19,352.20952068020125,353.0380654699637,350.72933922047633,352.49810791015625,51233300,5.865045254607155,0.0078212312410475
2021-01-20,354.78819724418975,358.21405551285824,354.397220924243,357.376220703125,61836100,5.878789066385155,0.013743811778000214
2021-01-21,357.93475983810305,358.36300987967786,356.7804109135132,357.7020263671875,47840100,5.879700311239666,0.0009112448545103291
2021-01-22,355.8495421566286,357.59970272379945,355.46785578529006,356.43603515625,52860500,5.876154799229196,-0.003545512010469487
2021-01-25,357.17146221981005,358.1954668974896,352.3212755983803,357.84173583984375,70402000,5.880090809995467,0.003936010766270925
2021-01-26,358.7911585764989,359.2007716748321,357.0503171135038,357.2830505371094,42665300,5.878528326280625,-0.0015624837148422444
2021-01-27,353.95965704196203,354.0527561056327,346.3166983590229,348.5509338378906,123351100,5.853784371136653,-0.024743955143971874
2021-01-28,350.3662188829247,355.5515267830559,349.92870728592044,351.54852294921875,94198100,5.862347747098067,0.008563375961413655
2021-01-29,349.6866708521476,350.6548499672451,342.83498325200054,344.51068115234375,126765100,5.842125094769428,-0.020222652328638624
2021-02-01,347.90858629226074,351.27856215518443,344.7992707610039,350.2452392578125,75817600,5.858633592713068,0.016508497943640066
2021-02-02,353.42907659511883,356.75251769171075,350.32907897038325,355.1978454589844,64450700,5.8726749453873,0.014041352674231788
2021-02-03,356.02635940269215,357.19934519602856,354.20173693182824,355.47711181640625,52427100,5.873460864094404,0.000785918707103761
2021-02-04,356.5104377825251,359.56389983293474,355.5888223142449,359.5173645019531,47142600,5.884762477808106,0.01130161371370253
2021-02-05,361.3885194186946,361.63986132194566,359.47079802689495,360.9323425292969,48669800,5.888690523951802,0.003928046143696129
2021-02-08,362.384715387774,363.58562835972907,361.52827190518417,363.5390930175781,38365200,5.895886837319042,0.007196313367239249
2021-02-09,362.7011552001997,363.89277790526904,362.29157040764335,363.2969665527344,35551100,5.895220589488841,-0.0006662478302006392
2021-02-10,365.03775424929336,365.1867070653073,360.7368446725787,363.1386413574219,59154400,5.894784693461457,-0.0004358960273842527
2021-02-11,364.21861361632875,364.6375452854998,361.2954955929545,363.7252197265625,42913300,5.896398691702068,0.0016139982406109254
2021-02-12,362.9245677029753,365.7639045862191,362.8500770853384,365.5218811035156,50593300,5.901326143618212,0.004927451916143966
2021-02-16,366.75070644597713,366.94622301748575,364.4885439172145,365.2053527832031,50972400,5.900459805741557,-0.0008663378766549101
2021-02-17,363.455213196624,365.54049596951603,362.4404702799734,365.2891540527344,52290600,5.900689242839617,0.00022943709806000356
2021-02-18,362.68259806906747,364.47929399166895,360.9603643711448,363.73455810546875,59712800,5.896424365640865,-0.004264877198751904
2021-02-19,364.9912455990278,365.27983282306974,362.64527408765895,363.0921325683594,83241000,5.894656610789127,-0.0017677548517376351
2021-02-22,360.3273348443789,362.71052376422216,360.02942912693527,360.2994079589844,67414200,5.886935374563645,-0.007721236225481931
2021-02-23,358.09299834523233,362.0867122956101,353.94104155862044,360.7368469238281,107284100,5.888148736625676,0.0012133620620309316
2021-02-24,359.6477223454717,365.1402557134538,358.6609345710552,364.7120056152344,72433900,5.899108016426182,0.010959279800506039
2021-02-25,363.4460056039133,364.8144799434178,354.48110517673695,355.9240417480469,146670500,5.874717342210021,-0.02439067421616148
2021-02-26,357.8044726689712,358.9495032557424,352.1071613879296,354.09002685546875,152701600,5.8695511939527085,-0.005166148257312209
2021-03-01,358.9587703830817,363.92066358275525,354.2854928063855,362.6731872558594,105348800,5.893502118151937,0.023950924199228396
2021-03-02,362.8967243179224,363.12945783435276,359.3405493685015,359.84326171875,79595300,5.885668552528389,-0.007833565623547756
2021-03-03,359.1449892511198,360.11314003050495,354.9743952442966,355.0768127441406,119940200,5.87233413999711,-0.013334412531278872
2021-03-04,354.89061115902405,357.47860618196836,346.19569221992555,350.68280029296875,183433000,5.859882112011214,-0.012452027985895953
2021-03-05,354.1830824863514,358.18611506318695,346.90320141461257,357.1341552734375,152039600,5.878111496269766,0.018229384258551917
2021-03-08,358.09305771331407,360.9044680233819,355.0768407972248,355.3561096191406,123149200,5.873120412368779,-0.0049910839009870145
2021-03-09,359.20081753054825,362.9804065396195,358.6981053166281,360.4296569824219,113633600,5.887296811423045,0.014176399054266042
2021-03-10,362.77560474978924,364.367493636716,361.3605955625039,362.6731872558594,109899400,5.893502118151937,0.006205306728891635
2021-03-11,365.14032183828755,368.3241008085801,364.6841447736472,366.35052490234375,86245000,5.903590593394202,0.01008847524226475
2021-03-12,364.9913223888349,366.98350649683164,364.1814143051709,366.8438720703125,64653600,5.904936340837067,0.0013457474428655303
2021-03-15,367.0951054485941,369.292123945395,364.9539691157233,369.0314636230469,73427200,5.91088190767661,0.005945566839542948
2021-03-16,369.6458961543537,370.3533865339371,367.793318546746,368.5660095214844,73722500,5.909619825903576,-0.0012620817730342182
2021-03-17,367.2813854421712,370.62343505257456,366.1363264084717,369.8228454589844,97959300,5.913024094922038,0.003404269018462358
2021-03-18,367.23478757465904,369.3200702632121,363.76239416037566,364.4419860839844,115349100,5.898367378517957,-0.014656716404081394
2021-03-19,364.141257136667,365.71969051583625,361.59147356195604,363.7676696777344,113624500,5.89651539373954,-0.0018519847784173038
2021-03-22,364.28146016286524,368.0547602075302,364.2254234520503,366.6724548339844,73778600,5.904468955904623,0.007953562165083028
2021-03-23,366.0371872746913,367.4848491530483,363.00174330151725,363.7862854003906,90686600,5.896566567188684,-0.00790238871593818
2021-03-24,365.1873129811931,366.8217830520808,361.89035449260405,361.9370422363281,97588600,5.891470280226316,-0.005096286962368524
2021-03-25,360.4987270317707,364.76700718739,358.55602665416086,363.97314453125,116128600,5.897080086154652,0.0056098059283362645
2021-03-26,365.1219312266108,370.2401678212908,364.52419698725413,369.83856201171875,114409100,5.913066591536241,0.015986505381588856
2021-03-29,368.362923730932,370.557789685478,366.87789404327793,369.6518249511719,108107600,5.912561548961494,-0.0005050425747468168
2021-03-30,368.3815491232856,369.3435503732095,367.07395025683695,368.67108154296875,76262200,5.909904868594643,-0.00265668036685085
2021-03-31,369.2408322683644,371.7252304449524,369.2128139187483,370.16546630859375,112734200,5.913950111910805,0.0040452433161615176
2021-04-01,372.0987781059756,374.2189375105821,371.893300729822,374.1628723144531,99682900,5.924691190089184,0.010741078178378771
2021-04-05,376.82474984617124,380.0750207457854,376.7500437520767,379.5332946777344,91684800,5.938942325998527,0.014251135909343127
2021-04-06,378.9729533834397,380.35522998954474,378.63670467999566,379.3091735839844,62021000,5.938351633965225,-0.000590692033301643
2021-04-07,379.1409637817271,380.0936159356526,378.6833213503647,379.748046875,55836300,5.9395079982763495,0.0011563643111243138
2021-04-08,380.99967367195654,381.60675691392385,380.06569068342264,381.55072021484375,57863100,5.944243791336649,0.004735793060299365
2021-04-09,381.429291282708,384.49275406318844,381.30786894490393,384.3246154785156,61104600,5.951487548286917,0.007243756950268576
2021-04-12,383.7269281507639,384.73561726762654,383.11984489042715,384.46478271484375,56704900,5.9518521923317245,0.000364644044807072
2021-04-13,384.36200222963515,386.2299681294225,383.979065799831,385.60418701171875,56551000,5.9548114211103185,0.002959228778594003
2021-04-14,385.5761956165632,386.6316009841835,383.7455968876172,384.2873229980469,61659900,5.95139050977208,-0.0034209113382388523
2021-04-15,386.4260781596265,388.68632933197097,386.379390415515,388.41546630859375,60229800,5.962075556192307,0.010685046420227273
2021-04-16,389.70436564966764,390.32079778500326,388.28472190043465,389.7137145996094,82037300,5.965412404436755,0.0033368482444480208
2021-04-19,388.77980210912494,389.22809574117946,386.4728627845068,387.7991027832031,78498500,5.960487429198869,-0.004924975237885931
2021-04-20,386.5849297445035,387.68702290879025,383.4840991609738,384.9598083496094,81851800,5.953138934941244,-0.007348494257625404
2021-04-21,384.3434254767139,388.8078639132317,384.2033051981361,388.6023864746094,66793000,5.96255667813552,0.009417743194276795
2021-04-22,388.43414245658613,389.2653723743387,383.9883749549103,385.0531005859375,97582800,5.9533812483770365,-0.009175429758483844
2021-04-23,385.6135180559668,390.6383506535276,385.5388119647193,389.22802734375,73209200,5.964165360421398,0.010784112044361471
2021-04-26,389.88185775138544,390.61036333622997,389.293443913069,390.0406188964844,52182400,5.966250884716978,0.0020855242955803988
2021-04-27,390.33944884314224,390.535605765326,388.8170522247635,389.9565124511719,51303100,5.966035226370919,-0.0002156583460592998
2021-04-28,390.22741885643023,391.34820981136744,389.37749094113417,389.844482421875,51238900,5.965747896575743,-0.0002873297951762055
2021-04-29,392.57170209849045,392.94528956050897,388.9478438608281,392.328857421875,78544300,5.97210041008667,0.006352513510926805
2021-04-30,390.0593595294179,390.9092875553303,388.8545133714871,389.7511291503906,85527000,5.965508405048226,-0.006592005038443816
2021-05-03,391.74039435817514,392.1233307220207,390.0966040314661,390.59161376953125,68128300,5.967662548088004,0.0021541430397782335
2021-05-04,388.60228003315905,389.09728984022036,384.49276088924864,388.1819763183594,101591200,5.961474240801723,-0.006188307286280725
2021-05-05,389.82580250833166,390.05929824240366,387.7430102993665,388.30340576171875,60162200,5.9617870076538795,0.0003127668521560878
2021-05-06,388.3781117451592,391.5349786293804,386.3700541332892,391.40423583984375,74321400,5.969740877182015,0.007953869528135371
2021-05-07,392.17007461027134,394.9066375343284,391.48825686517847,394.2528381347656,67733800,5.976992424637187,0.0072515474551719805
2021-05-10,394.60777566622943,394.83192244153906,390.22739358037734,390.34881591796875,81852400,5.967040739176196,-0.009951685460991122
2021-05-11,385.8283743617133,387.85510146471046,382.9890581244751,386.8650817871094,116888000,5.958076006372552,-0.008964732803643294
2021-05-12,384.0818760668067,385.35207938683834,377.3291680702474,378.6460876464844,134811000,5.936601963132187,-0.021474043240365503
2021-05-13,380.1964417898234,385.1278705672436,380.14972554113865,383.19451904296875,106394000,5.948542742870638,0.011940779738450757
2021-05-14,385.93109523135814,389.9285412046908,385.9030768823611,389.07861328125,82201600,5.963781413898173,0.015238671027534956
2021-05-17,387.9672291939465,388.90121223521504,386.0712162573868,388.088623046875,65129200,5.961233723456327,-0.0025476904418457735
2021-05-18,388.3501253478743,388.59297005214694,384.5861749461466,384.7449645996094,59810200,5.952580685172943,-0.008653038283384262
2021-05-19,380.05633959916474,383.9136650884359,378.5712816845553,383.7362060546875,106467100,5.949955353121,-0.002625332051942486
2021-05-20,384.61413970744456,389.1252929926565,384.49274587512184,387.8644104003906,78022200,5.960655820817739,0.010700467696739047
2021-05-21,389.3495471729859,390.5917607113276,387.08932393487345,387.5469665527344,76578700,5.959837045455846,-0.0008187753618935645
2021-05-24,389.78844536691764,392.5717248506236,389.54560067622776,391.4976501464844,51376700,5.969979513232728,0.010142467776882214
2021-05-25,392.5810493076067,392.9359673967326,390.0499634392748,390.6290283203125,57451400,5.967758332937493,-0.0022211802952352144
2021-05-26,391.21742785148024,391.90856610321015,390.1807204738854,391.40423583984375,43088600,5.969740877182015,0.0019825442445222663
2021-05-27,392.43155906895123,392.94523819922244,391.32943772114305,391.6096496582031,56707700,5.970265551972274,0.0005246747902587501
2021-05-28,393.178808495256,393.44032258439506,392.07671544123446,392.3102111816406,58520200,5.972052881889352,0.0017873299170787504
2021-06-01,394.67323638964024,394.81332815085875,391.52571797502355,391.9646911621094,54216600,5.971171762167548,-0.0008811197218046019
2021-06-02,392.6183914671472,393.4216315915621,391.60970246523397,392.5810241699219,49097100,5.9727429469246855,0.0015711847571378001
2021-06-03,390.26477509890356,392.2634837583409,388.79841505022597,391.1240234375,58138800,5.969024705181838,-0.0037182417428471837
2021-06-04,392.973388993611,395.00014486017886,391.18947785376713,394.7012634277344,55938800,5.97812918364603,0.009104478464191601
2021-06-07,394.69188585185486,394.86934490806766,393.38431530836596,394.31829833984375,51555000,5.977158446958321,-0.0009707366877087509
2021-06-08,395.17744537321835,395.27084935298075,392.571653906073,394.4022521972656,47134300,5.97737133315149,0.00021288619316894852
2021-06-09,395.24286594873485,395.3176005403084,393.58972652208564,393.8138732910156,48436300,5.975878394865889,-0.001492938285601042
2021-06-10,395.0374479909109,396.5972121670287,393.7205285195885,395.64453125,51020100,5.980516159768344,0.004637764902454933
2021-06-11,396.1955238621483,396.410321669014,394.9066230093794,396.2982482910156,45570800,5.982167080027689,0.001650920259344879
2021-06-14,396.4103860815458,397.2883323557152,395.1682012696967,397.18560791015625,42358500,5.9844036976529145,0.0022366176252255343
2021-06-15,397.33503853707737,397.3723773329353,395.5791460332352,396.45709228515625,51508500,5.982567819040437,-0.0018358786124776927
2021-06-16,396.5971548550764,396.82130162532735,392.19810347152844,394.2434997558594,80386100,5.976968738087338,-0.0055990809530985786
2021-06-17,393.83270096799447,395.0935554616037,391.63783478930793,394.1128845214844,90949700,5.9766373771998635,-0.0003313608874746521
2021-06-18,390.8294393593685,391.5228387958726,388.5899319002041,388.79608154296875,118676300,5.963054994199512,-0.01358238300035186
2021-06-21,390.5576558078238,394.5494491775668,389.74243684552914,394.3620300292969,72822000,5.9772693453487715,0.01421435114925984
2021-06-22,394.352679752593,397.3043454678535,393.6311417670724,396.4703674316406,57700300,5.98260130292682,0.005331957578048829
2021-06-23,396.5453419827774,397.35118140093033,395.908162638729,395.99249267578125,49445400,5.981395253185336,-0.0012060497414845273
2021-06-24,398.13828242182683,398.756702636822,397.88526373773,398.3350524902344,45110300,5.987293491563253,0.005898238377917586
2021-06-25,399.08474110668726,400.19981934817787,398.7567718716343,399.7500305175781,58129500,5.990839428055719,0.0035459364924657066
2021-06-28,400.2747470575294,400.72450723423236,399.075338926079,400.55584716796875,53159600,5.992853200402459,0.0020137723467401614
2021-06-29,400.9400834258965,401.5772628150839,400.2373044711945,400.77142333984375,35970500,5.99339124817647,0.0005380477740111189
2021-06-30,400.31221515795005,401.78337248653116,400.28410514640404,401.10870361328125,64827900,5.994232471900543,0.0008412237240724707
2021-07-01,401.8675988052818,403.48868530911255,401.8019992632227,403.3293762207031,53441000,5.999753538851499,0.0055210669509557775
2021-07-02,404.4914663355306,406.7684632777236,403.4138490651717,406.4123840332031,57697700,6.0073683683226395,0.007614829471140894
2021-07-06,406.4686688344779,406.6841980421251,402.9360430328732,405.67218017578125,68710400,6.005545395457414,-0.0018229728652254806
2021-07-07,406.3562154221525,407.3869637350962,404.34158789003436,407.1058349609375,63549500,6.009073188397958,0.003527792940543506
2021-07-08,401.78335917623605,404.54763413664995,400.60268153812575,403.78863525390625,97595200,6.000891560990119,-0.00818162740783901
2021-07-09,405.2973539710542,408.39894982783824,403.59193664787284,408.0990905761719,76238600,6.0115100139754905,0.010618452985371896
2021-07-12,408.01468314938586,409.8138097220538,407.58365342944904,409.560791015625,52889600,6.015085344083853,0.003575330108362529
2021-07-13,408.7737117077264,410.2729791942714,407.90227266855015,408.1646423339844,52911300,6.011670628138072,-0.0034147159457811327
2021-07-14,409.8605885760606,410.3478668433749,407.52737212144143,408.77362060546875,64130400,6.013161507955826,0.0014908798177541982
2021-07-15,407.4337224657248,408.10839135369446,405.4753153622365,407.37750244140625,55126400,6.0097402799836726,-0.0034212279721534955
2021-07-16,408.55817239214764,408.60501287947545,403.78864977864345,404.18218994140625,75874700,6.0018657415084045,-0.00787453847526809
2021-07-19,399.35650617263855,404.24784908958907,395.40220190953943,398.21331787109375,147987000,5.986987836251868,-0.01487790525653665
2021-07-20,398.87861868058843,405.1942788329913,398.08213008287646,403.9198913574219,99608200,6.00121656958009,0.014228733328222276
2021-07-21,405.11927714998365,407.3307031828911,403.8730283565818,407.19012451171875,64724400,6.009280212760787,0.008063643180697078
2021-07-22,407.36808629960854,408.2863942745382,406.38420736629706,408.0427551269531,47878500,6.011371960891692,0.002091748130904847
2021-07-23,409.9731072389194,412.5780733348413,409.28908738037114,412.2407531738281,63766600,6.021607531045828,0.01023557015413612
2021-07-26,411.6503882088871,413.26209560038063,411.6035477215418,413.2527160644531,43719200,6.024059309128303,0.002451778082474654
2021-07-27,412.2125915884845,412.2407015983854,408.53938824994617,411.3692626953125,67397100,6.0194912605124955,-0.004568048615807285
2021-07-28,411.9971110612924,412.57807039855686,409.77633422865034,411.20062255859375,52472400,6.019081228144172,-0.00041003236832359846
2021-07-29,412.1282764931705,413.98359440615155,412.1188969574822,412.906005859375,47435300,6.0232199783405695,0.004138750196397645
2021-07-30,410.33855849930256,412.3531856804309,410.207359374989,410.9007873535156,68951200,6.018351792055734,-0.004868186284835652
2021-08-02,412.61555230549715,413.16840161930367,409.68261706413523,410.0386962890625,58783300,6.016251536437564,-0.002100255618169733
2021-08-03,410.8352061543172,413.49639234731455,408.642539261414,413.37457275390625,58053900,6.024354137745708,0.008102601308143775
2021-08-04,412.0908364864167,413.34646478534535,411.1069573898092,411.3412170410156,46732200,6.019423081839686,-0.004931055906022053
2021-08-05,412.5031195904007,414.0304970317783,412.18452990878626,413.9461669921875,38969700,6.025735933950659,0.0063128521109732105
2021-08-06,414.2647578157139,415.0518667835452,413.983629086822,414.63018798828125,46930000,6.027387009671978,0.0016510757213188398
2021-08-09,414.6021178906313,414.92070760379596,413.5245291498375,414.29290771484375,41222600,6.026573230218132,-0.0008137794538463083
2021-08-10,414.74268900155386,415.52044714337615,414.0586690459545,414.80828857421875,43339300,6.027816458253657,0.0012432280355252345
2021-08-11,415.87644828844924,415.93266831269824,414.75199061117655,415.8389587402344,44034300,6.0302980668986885,0.0024816086450316632
2021-08-12,415.68905723891174,417.22581426197354,414.78950819398324,417.0852355957031,38909400,6.033290602819738,0.002992535921049644
2021-08-13,417.53503004424323,417.86299927638066,417.0477802625369,417.8442687988281,39470300,6.035108800423808,0.0018181976040700931
2021-08-16,416.54171828206023,418.95926500085824,414.98623095911614,418.8280944824219,73740000,6.0374605600377595,0.0023517596139512875
2021-08-17,416.2700321700211,416.94470112800127,413.0934860818038,416.0826416015625,92673900,6.0308838982275,-0.006576661810259843
2021-08-18,415.0706304246031,416.63549754497274,411.28501488582106,411.52862548828125,89351900,6.019878581460208,-0.01100531676729144
2021-08-19,408.8018367196642,413.36523891211175,408.6612866430519,412.1658020019531,92812200,6.021425700439045,0.00154711897883697
2021-08-20,412.51249736786883,415.7733732693985,412.0252190130029,415.4454040527344,72008700,6.029351207473639,0.007925507034594048
2021-08-23,417.132066923601,420.00878201499984,415.52035954108516,419.099853515625,54973000,6.038109205409669,0.008757997936029938
2021-08-24,419.76513671875,420.2992555252089,419.2497769837676,419.76513671875,38744700,6.039695356579048,0.00158615116937888
2021-08-25,419.952627156467,421.1613864338086,419.57778881704434,420.6460266113281,40529700,6.041791688121539,0.0020963315424911144
2021-08-26,420.36482888327043,420.59908850889707,418.06910170981706,418.1628112792969,57829600,6.035870857357237,-0.005920830764302387
2021-08-27,418.96867606210947,422.27642103261843,418.9124560362428,421.901611328125,77235100,6.04477213834112,0.008901280983883098
2021-08-30,422.5762802722132,424.5440669661629,422.33264109600447,423.7569580078125,48357400,6.049160078637286,0.004387940296165738
2021-08-31,423.6632998149096,424.0006200110499,422.5294910274589,423.1291809082031,59300200,6.047677524641541,-0.0014825539957445955
2021-09-01,424.06619292133183,424.5815527206417,423.11977477029654,423.3540344238281,48721400,6.048208789802718,0.0005312651611770747
2021-09-02,424.77831372503533,425.4623335511139,423.45708596482183,424.656494140625,42501000,6.0512805930341385,0.0030718032314203114
2021-09-03,423.522808026745,425.06891633082927,423.1198596088033,424.55352783203125,47170500,6.051038093990477,-0.00024249904366158148
2021-09-07,424.20669853552585,424.30040810634716,422.3607315153163,423.035400390625,51671500,6.047455864411286,-0.0035822295791909653
2021-09-08,422.501380605156,423.2322696255754,420.5991646484169,422.5201110839844,56181900,6.046237045863155,-0.0012188185481312175
2021-09-09,422.32328581858627,424.0755433312676,420.46793919543404,420.7115783691406,57970400,6.0419475118938735,-0.004289533969281223
2021-09-10,422.64189201792766,423.06354222411983,417.27265062322766,417.39447021484375,89948200,6.034031746387742,-0.007915765506131045
2021-09-13,420.3930027876443,420.6553724465294,416.1481905625877,418.4626770019531,83738600,6.0365877031614765,0.0025559567737341027
2021-09-14,419.9057224766755,420.11187210742554,415.3142391694053,416.2044372558594,78197100,6.031176575257482,-0.0054111279039945614
2021-09-15,416.62615281267944,420.17753758290735,415.5204539816399,419.680908203125,78792200,6.039494680153405,0.008318104895923106
2021-09-16,419.15605298019295,420.1305523944603,416.0638088883506,419.0155029296875,77786700,6.03790791906985,-0.0015867610835549328
2021-09-17,418.24282930799984,418.6658303177403,414.5766484303606,414.9338684082031,118425000,6.028119154299377,-0.00978876477047308
2021-09-20,408.8048283528595,410.38408955076596,403.1457660287209,408.01519775390625,166445500,6.011304423107249,-0.016814731192128285
2021-09-21,410.3559953021105,411.65325615197617,407.10346227744833,407.6298828125,92526100,6.010359612725258,-0.0009448103819904574
2021-09-22,409.9046386502538,413.64601007748894,407.74255702757415,411.6061096191406,102350100,6.020066847433648,0.0097072347083893
2021-09-23,413.4767946462248,418.2146065121486,413.24178453544346,416.60711669921875,76396000,6.032143611492337,0.012076764058689626
2021-09-24,414.97149473457984,418.0078359804858,414.7552750846295,417.29339599609375,62094800,6.033789561917749,0.001645950425412046
2021-09-27,416.25940022123115,417.4250414535586,415.40395978249387,416.099609375,61371100,6.030924677211718,-0.002864884706030857
2021-09-28,413.3263982451864,413.65541814858807,406.9811250466519,407.71435546875,130436300,6.010566820068086,-0.020357857143632252
2021-09-29,409.09628617290355,410.8353670849182,407.8366351647438,408.4006652832031,82329200,6.012248715288212,0.0016818952201260728
2021-09-30,409.8763891529963,410.5814194259435,403.0705060982276,403.408935546875,140506000,5.999950775861987,-0.012297939426225035
2021-10-01,405.1386734490561,409.8858665977476,401.61352150069314,408.20318603515625,129240100,6.011765055428961,0.01181427956697334
2021-10-04,407.03749673565017,407.9399274949172,400.79561465530827,402.9389343261719,128570000,5.998785022738576,-0.012980032690384391
2021-10-05,404.4430607487151,409.3782739253751,403.64404918460883,407.131591796875,90682500,6.009136454553748,0.010351431815172063
2021-10-06,403.53123602954014,409.03047952232674,401.9049840791868,408.82366943359375,113032200,6.013283937002001,0.004147482448252582
2021-10-07,412.1043841974191,415.1970969045478,411.92577420062315,412.3581848144531,72437500,6.021892352274691,0.008608415272690628
2021-10-08,413.1289992900791,413.5144193283019,410.9762985644965,411.6061096191406,74557400,6.020066847433648,-0.0018255048410438235
2021-10-11,410.9481219621356,413.8622533457,408.5604109808945,408.626220703125,65233300,6.012800852383137,-0.007265995050510732
2021-10-12,409.5475229098595,409.9517335045939,406.8307916592311,407.62042236328125,71181200,6.0103364040268765,-0.0024644483562603625
2021-10-13,408.6450632915193,409.9047143211053,405.665150493523,409.0868835449219,72974000,6.013927562688101,0.003591158661224725
2021-10-14,412.7530354192933,416.1183970068745,412.2830150949311,415.9679870605469,70236800,6.03060830311876,0.016680740430659036
2021-10-15,418.0830539008593,419.5025243769304,417.4626236667043,419.1358947753906,66260200,6.038195198544324,0.007586895425563789
2021-10-18,417.34977745930763,420.71510979062344,416.6917376412568,420.376708984375,62213200,6.041151235432783,0.0029560368884586907
2021-10-19,422.00303260856737,423.6856846027925,421.39198327728565,423.6199035644531,46996800,6.048836599319476,0.007685363886693608
2021-10-20,424.0805016742407,425.5845723051379,423.96770139728164,425.28375244140625,49571600,6.052756598946748,0.003919999627271409
2021-10-21,424.68209422675085,426.618575397613,424.2496836213109,426.3929748535156,41305400,6.055361397231662,0.0026047982849144447
2021-10-22,425.96058146063757,427.40825194853414,424.0052810402493,425.951171875,58845100,6.054324719688258,-0.0010366775434045294
2021-10-25,427.04163242690424,428.5644935725112,425.26497065295007,428.2354736328125,45214500,6.059673216331929,0.005348496643671652
2021-10-26,429.78651931328756,430.99915087837957,428.2448391545924,428.620849609375,56075100,6.060572727701791,0.0008995113698615498
2021-10-27,429.08152637361746,429.74894714064544,426.64679607068757,426.7220153808594,72438000,6.05613278338107,-0.004439944320720812
2021-10-28,428.15085513172806,430.9145766067055,428.1414742340312,430.8393859863281,51437900,6.065735366326805,0.00960258294573535
2021-10-29,428.5362813944523,432.0050333226642,428.2448711186631,431.713623046875,70162400,6.067762458808664,0.0020270924818586167
2021-11-01,432.70059827941714,433.0766374014713,430.72653632741896,432.4562072753906,48433600,6.069481066390727,0.001718607582063214
2021-11-02,432.62545072020157,434.51494135185385,432.4938312768331,434.2047119140625,48908400,6.073516109329258,0.004035042938530964
2021-11-03,433.6407005054024,437.25986241274643,433.19888029300824,436.85565185546875,52509800,6.079602824408996,0.006086715079737459
2021-11-04,437.4572875076041,438.9989678887315,437.1094770695545,438.91436767578125,52847100,6.084304331806102,0.004701507397106397
2021-11-05,441.14219466561576,442.4300455313022,438.9237129061649,440.4371643066406,66390600,6.0877677889053485,0.0034634570992464475
2021-11-08,441.53708204527277,442.0353024166088,440.1270211428771,440.813232421875,50405200,6.0886212764940275,0.0008534875886789806
2021-11-09,441.17985167362065,441.4148618185051,437.9461097849906,439.3561706542969,51149100,6.085310406805774,-0.0033108696882537814
2021-11-10,437.6640656796384,439.35615587855733,434.3363427951768,435.82159423828125,69429700,6.077232972082096,-0.008077434723677612
2021-11-11,437.3162461048895,437.39146541229354,435.9437949662479,435.96258544921875,34848500,6.077556426477007,0.00032345439491088257
2021-11-12,437.23166509516153,439.8073670755041,436.2822149398842,439.25274658203125,53466700,6.0850749799378825,0.007518553460875488
2021-11-15,440.54060690132917,440.7003977259758,438.2751057858588,439.40313720703125,46980500,6.085417299677028,0.00034231973914522484
2021-11-16,439.1399514053057,442.2796835013746,439.0647607814874,441.1422424316406,48857500,6.089367368636791,0.003950068959762909
2021-11-17,440.87903881691875,441.0576488248933,439.4501874408848,440.07061767578125,47858300,6.0869352087520925,-0.0024321598846981374
2021-11-18,441.10457673089655,441.8284262460176,438.37846513160173,441.5652160644531,50625600,6.090325723890538,0.003390515138445238
2021-11-19,441.4524364328998,442.70270645083684,440.4090051747564,440.775634765625,57315600,6.088535981278373,-0.001789742612165135
2021-11-22,442.65567024625074,445.1467717517106,439.32791895320247,439.53472900390625,72762000,6.085716733352415,-0.0028192479259576686
2021-11-23,439.2056523910205,440.9729328347015,436.6017509555359,440.11749267578125,73206500,6.087041720075054,0.0013249867226390322
2021-11-24,438.1153217416672,441.4148734428188,437.2974910059745,441.29266357421875,61858800,6.089708291560423,0.0026665714853688627
2021-11-26,434.61837171536075,436.08483277035555,430.32237924723853,431.450439453125,112669600,6.067152647503166,-0.022555644057256963
2021-11-29,436.24460804442816,438.5852997432788,434.0449166850697,436.7428283691406,86268800,6.079344528430902,0.01219188092773571
2021-11-30,434.29873651759567,436.207017697208,428.0004533224309,428.244873046875,148559600,6.059695165263038,-0.019649363167863143
2021-12-01,433.9603158081163,436.8086374124799,423.290850257439,423.4882507324219,131939200,6.048525770454417,-0.011169394808621114
2021-12-02,423.7044336964784,431.54436744671597,423.3096040929344,429.9744873046875,127637800,6.06372587507784,0.015200104623422916
2021-12-03,431.63844870413465,432.70067046910617,422.00303269299377,426.23321533203125,137331600,6.054986650302251,-0.008739224775589527
2021-12-06,428.7807384739588,433.16133126579666,426.36482716234684,431.28125,98977500,6.066760429488314,0.011773779186063038
2021-12-07,436.5641964227451,440.76617845486504,431.14955415645403,440.2021484375,95484700,6.0872340496745,0.020473620186185926
2021-12-08,440.5970169214314,441.8190581603877,438.83911699656346,441.3678283691406,72238800,6.089878605731703,0.00264455605720304
2021-12-09,440.0800010576555,441.4712714729504,438.190538959741,438.387939453125,61272600,6.083104224883867,-0.006774380847835992
2021-12-10,441.0952372334483,442.66508888548304,438.53832579208637,442.5146789550781,77159800,6.092473636677617,0.009369411793750615
2021-12-13,441.99766876550603,442.3454791791736,438.3126971846737,438.5947265625,87724700,6.083575812570194,-0.008897824107423347
2021-12-14,435.3233478323497,437.8144493976514,432.6536362786152,435.5771484375,97264100,6.076671929713725,-0.006903882856469146
2021-12-15,435.63366301970495,442.6275392616218,433.1143322034432,442.3831481933594,116899300,6.092176357695452,0.015504427981727353
2021-12-16,444.2350391050043,444.5170398390227,436.93090452850896,438.48199462890625,116568600,6.083318749689625,-0.008857608005826911
2021-12-17,435.39999504107936,438.4092618245341,432.1077368438548,433.815185546875,135511600,6.072618603651164,-0.010700146038461256
2021-12-20,428.73056845563246,429.5984279577143,425.5798060591172,429.2022399902344,107134800,6.061928229732287,-0.010690373918876617
2021-12-21,432.6265442664553,436.9659280734673,430.456866757222,436.8244323730469,69806300,6.079531357786375,0.01760312805408759
2021-12-22,436.569793417211,441.30536576361067,436.3716706238864,441.1921691894531,58890200,6.089480538331202,0.009949180544826852
2021-12-23,442.1921566096463,445.4372597527031,442.08840266873347,443.9373474121094,56439700,6.095683443043166,0.006202904711964052
2021-12-27,445.314514331637,450.26706530467493,445.2673586949308,450.21990966796875,56808600,6.10973615154624,0.014052708503074385
2021-12-28,450.65392880170833,451.68216946735913,449.0879755859266,449.8520812988281,47274600,6.108918820503149,-0.0008173310430912295
2021-12-29,449.9558186671151,451.44628815269533,448.955877247608,450.427490234375,54503000,6.110197110119161,0.0012782896160121737
2021-12-30,450.85198851964896,451.8613726077948,448.72005255913206,449.1822814941406,55329000,6.107428777505165,-0.0027683326139964493
2021-12-31,448.6917882451769,449.842639350075,447.7767441594959,448.05029296875,65237400,6.104905487205141,-0.0025232903000240725
2022-01-03,449.3143528535199,450.77655208082115,447.0031792958626,450.64447021484375,72668200,6.1106787142400005,0.005773227034859829
2022-01-04,452.06889544831097,452.78584543871375,448.635112640116,450.4934997558594,71178700,6.110343647989487,-0.00033506625051327177
2022-01-05,450.1255683158479,450.8991165177179,441.7486775164381,441.843017578125,104538900,6.090954655141684,-0.019388992847803266
2022-01-06,441.3808228754029,444.1448112867114,439.0601780901141,441.427978515625,86858900,6.090014877667088,-0.0009397774745956156
2022-01-07,441.43743350191716,442.61661242591146,438.3243838694435,439.68280029296875,85111600,6.086053558507802,-0.003961319159285992
2022-01-10,436.48488919074714,439.3526316532516,430.7304901894249,439.13568115234375,119362000,6.084808434007439,-0.0012451245003637368
2022-01-11,438.87147596382505,443.22971603463884,435.8716233328437,443.1353759765625,74303100,6.0938753124741725,0.009066878466733819
2022-01-12,444.8711475087788,446.38994479619777,442.3712941726711,444.33343505859375,67605400,6.096575260449644,0.0026999479754712397
2022-01-13,445.4371934481838,446.0881025089078,437.18294108680465,438.211181640625,91173100,6.082700944043989,-0.013874316405654952
2022-01-14,435.06044163485194,438.73947426347723,433.8435208770397,438.39044189453125,95890900,6.083109933148258,0.00040898910426889756
2022-01-18,433.6925742478842,433.90011089418675,429.51357096718334,430.626708984375,109709100,6.065241610373981,-0.017868322774276635
2022-01-19,432.1738074172843,433.5699368723863,425.88169585972383,426.1552734375,109357600,6.054803771495754,-0.010437838878226913
2022-01-20,428.0419704136264,432.7492436968586,419.31604594789405,421.4385681152344,122379700,6.043674020948618,-0.011129750547135941
2022-01-21,420.31599511855075,422.6743531254501,413.137167164053,413.16546630859375,202271200,6.023848157539326,-0.019825863409292488
2022-01-24,407.5525063368311,415.4294267475225,396.9210402768621,414.9200134277344,251783900,6.028085762925851,0.0042376053865256225
2022-01-25,408.52422217345065,414.8068916212734,402.9490601572942,409.8543395996094,167997300,6.0158018273060305,-0.012283935619820774
2022-01-26,415.7502159505603,418.8821222815148,404.56215063672164,408.8260803222656,186391100,6.013289834120352,-0.0025119931856787403
2022-01-27,413.42953766606337,416.570857381139,405.1186876310889,406.8072509765625,149878300,6.008339488441713,-0.004950345678638612
2022-01-28,408.16568303658295,416.95764758264465,403.5810494178644,416.9104919433594,164457400,6.032871551140861,0.024532062699147872
2022-01-31,416.2406973417306,424.76852696731544,414.89172362734763,424.41949462890625,152251400,6.050722340248738,0.017850789107876963
2022-02-01,425.1458850994215,427.9287589149775,421.61779092107525,427.28729248046875,123155400,6.057456603102846,0.006734262854108053
2022-02-02,429.6927673307446,432.16432156191325,427.3815652994968,431.4379577636719,117361000,6.067123717482797,0.009667114379951158
2022-02-03,425.4006065808514,427.3061493870198,420.45746888036115,421.29705810546875,118024400,6.04333818606353,-0.02378553141926698
2022-02-04,421.0612140470099,427.12690349554987,418.68397092224063,423.278076171875,118454400,6.048029353537057,0.004691167473526825
2022-02-07,424.04216920738406,425.43829858096694,420.58952998140325,421.9196472167969,84472900,6.0448148864669635,-0.0032144670700935407
2022-02-08,421.4197378367775,426.31569157716,419.99528032572806,425.3912048339844,81012000,6.053009227503003,0.008194341036039887
2022-02-09,429.4286854386847,431.9379817631401,429.2305914308077,431.61724853515625,92589900,6.067539196754007,0.014529969251003472
2022-02-10,425.7684883309894,431.7775795121979,421.86306271080866,423.8629455566406,140103700,6.04941016136643,-0.018129035387576486
2022-02-11,423.947845988049,426.0231836326423,414.0710421144383,415.5049133300781,153214600,6.029494439328062,-0.019915722038368777
2022-02-14,414.9955162101405,416.5803257355876,410.67498861776903,414.146484375,123006300,6.026219738236059,-0.003274701092002452
2022-02-15,418.58959908256503,420.9951122132897,418.0707431602709,420.8253173828125,88482700,6.042217824496776,0.015998086260716526
2022-02-16,418.7783192186944,422.6743310487677,416.90107555558865,421.29705810546875,84863600,6.04333818606353,0.0011203615667545463
2022-02-17,418.10854352626,421.2687487717077,411.693821753136,412.29754638671875,102259100,6.021745288656386,-0.021592897407144207
2022-02-18,412.55220911710694,413.80687151261105,407.3544084156553,409.62786865234375,132642900,6.015249110112782,-0.006496178543604181
2022-02-22,407.42043529880675,410.82588982072514,401.7320491873631,405.23187255859375,124391800,6.0044594281127575,-0.010789682000024392
2022-02-23,408.1468368692283,408.71284849771104,397.477628508236,398.04364013671875,132578000,5.986561647858191,-0.017897780254566342
2022-02-24,387.732876144503,404.46780255410187,387.3744299437548,404.0338439941406,213942900,6.0014986467151745,0.014936998856983408
2022-02-25,405.2696289017005,413.0333532377554,403.6187784215898,412.9484558105469,121804500,6.023322780839508,0.021824134124333483
2022-02-28,407.55255287050466,413.37299295759,406.29791910816897,411.8919372558594,145615000,6.020761026732023,-0.002561754107484937
2022-03-01,410.3919658423738,412.40129113186845,402.9112336256211,405.61865234375,137785900,6.005413438260406,-0.015347588471617435
2022-03-02,407.87329353346485,414.8068717900214,407.11863049118716,413.08056640625,117726500,6.023642649980364,0.018229211719958727
2022-03-03,415.51440144025116,416.1181261486952,409.2222893115189,411.0240783691406,105501700,6.0186517976199685,-0.00499085236039587
2022-03-04,407.2883840604993,408.8165952787163,403.63765086397046,407.6846008300781,113978200,6.010493838275664,-0.008157959344304189
2022-03-07,407.09972677904506,407.8072341448679,395.60037142345385,395.6664123535156,137896600,5.980571463195393,-0.029922375080271735
2022-03-08,395.84559581407734,403.0055659240811,391.6005521986846,392.6665344238281,164772700,5.972960738761943,-0.007610724433449789
2022-03-09,401.05292680024445,405.1753318232111,398.8643637492097,403.1943054199219,116990800,5.999418593194926,0.026457854432983652
2022-03-10,398.5813104458791,402.2697853678107,396.61916949340304,401.3736267089844,93972700,5.994892730937576,-0.004525862257350077
2022-03-11,403.8640109133582,404.47717812137785,395.76069779012516,396.2701110839844,95636300,5.9820960774278245,-0.012796653509751899
2022-03-14,397.0436722577172,400.4962825052735,392.23261691926257,393.3740539550781,95729200,5.974760950437486,-0.0073351269903385585
2022-03-15,395.9870872847089,402.65652931408596,394.7135972445158,402.0245056152344,106219100,5.996513046002958,0.021752095565472196
2022-03-16,405.5337497664183,410.995685192888,400.7321084005492,410.9390869140625,144954800,6.018444996490743,0.021931950487784846
2022-03-17,409.02410595061707,416.080322265625,408.646774491688,416.080322265625,102676900,6.030878323992552,0.012433327501809366
2022-03-18,414.467909206015,420.95933337461315,413.72981682419214,420.6376037597656,106345500,6.041771664312068,0.010893340319515943
2022-03-21,420.46728690424806,422.47338269242965,417.00392141262006,420.5146179199219,88349800,6.041479241995274,-0.0002924223167939388
2022-03-22,421.9055997031732,426.37201295183075,421.9055997031732,425.4352111816406,74650400,6.053112671276885,0.01163342928161093
2022-03-23,422.8991638853642,424.39426355842147,419.87107662912183,419.95623779296875,79426100,6.040150510117635,-0.012962161159250307
2022-03-24,421.981331093405,426.29633721311484,420.86473496549416,426.286865234375,64736900,6.055112512211283,0.014962002093648508
2022-03-25,426.92085470819296,428.64307980820996,424.33751705816746,428.36865234375,77101300,6.05998416209549,0.004871649884206519
2022-03-28,427.77242934517386,431.41558837890625,425.87988219808983,431.41558837890625,68529800,6.067071867699318,0.007087705603828098
2022-03-29,435.30482687325934,437.24470532869987,432.6174129701443,436.75262451171875,86581500,6.0793669581815,0.012295090482181692
2022-03-30,435.6076907124575,436.42150122145665,431.94561561692495,434.0558166503906,79666900,6.073173135624401,-0.0061938225570985495
2022-03-31,433.2893334473063,434.11258705050625,426.9209002404847,427.3751220703125,121699900,6.057662133587532,-0.015511002036869392
2022-04-01,428.9553354432427,429.0972707248986,425.0093902232998,428.5863037109375,89048800,6.060492126651456,0.0028299930639246185
2022-04-04,428.78503448200854,432.3619481479705,427.96178092937987,432.2578430175781,59601000,6.069022269031705,0.008530142380248407
2022-04-05,430.76271011439627,433.23247058270414,425.65283796639494,426.7978210449219,74214500,6.056310414084018,-0.012711854947687229
2022-04-06,422.8802663750546,424.8106439250677,419.64399762453365,422.5301208496094,106898000,6.046260736207817,-0.010049677876200924
2022-04-07,421.65012756907544,426.47612959296237,419.7008059045146,424.6592712402344,78097200,6.051287132650433,0.0050263964426164875
2022-04-08,423.9022463943376,426.4193379958125,421.98131186663085,423.52374267578125,79272700,6.048609575509496,-0.0026775571409372034
2022-04-11,420.24958914576314,421.09178658035466,415.7832051098399,416.28472900390625,89770500,6.0313694708567285,-0.017240104652767485
2022-04-12,419.27490896658617,421.80147227519615,413.19037643183964,414.7422790527344,84363600,6.027657312990668,-0.003712157866060828
2022-04-13,414.4962904899716,420.2496221966037,414.3164961668285,419.49261474609375,74070400,6.0390459208562115,0.011388607865543854
2022-04-14,419.7197127519559,420.8363377308492,414.1650904269717,414.2691955566406,97869500,6.026515993329995,-0.012529927526216511
2022-04-18,413.3418635849445,416.12391091643246,412.2063234536488,414.4395446777344,66002500,6.0269271127383535,0.0004111194083584735
2022-04-19,414.33537183065033,421.848787018053,414.1650495021856,421.129638671875,77821000,6.042940716618561,0.016013603880207228
2022-04-20,422.9086685500845,423.5237406996165,419.65348460531936,420.8173828125,65224400,6.042198969535375,-0.000741747083186084
2022-04-21,424.4416483063958,425.83267191463915,413.61627398000866,414.5246887207031,85417300,6.027132535457061,-0.015066434078313762
2022-04-22,413.43647336370464,414.54359749502777,402.5827121441921,403.1504821777344,132471800,5.99930989715595,-0.02782263830111109
2022-04-25,400.9077709224342,405.6580542602697,396.33725301076987,405.48773193359375,119647700,6.005090618926639,0.005780721770689112
2022-04-26,402.95176302506155,403.15050131692556,393.71615029439,393.7445373535156,103996300,5.97570231665571,-0.029388302270929145
2022-04-27,394.8232669941469,400.198124069915,392.7130949238464,394.8516540527344,122030000,5.978510135000877,0.002807818345167412
2022-04-28,399.6018973665393,406.5570142890086,395.1638717530579,404.8253173828125,105449100,6.0034556589592585,0.024945523958381344
2022-04-29,400.832054296418,402.98955707599237,389.1171818200173,389.86474609375,145491100,5.965799874085149,-0.0376557848741097
2022-05-02,389.93096400591037,393.57412309220445,383.259717889403,392.21148681640625,158312500,5.971801201493494,0.006001327408345247
2022-05-03,392.7130092248286,396.42238550138336,391.15163470929133,394.0093994140625,100028200,5.976374765394244,0.004573563900749811
2022-05-04,394.67186907445193,406.57600980928174,391.4829309462933,406.00823974609375,144247900,6.00637345433691,0.02999868894266644
2022-05-05,401.7404848718178,402.16631958492377,387.44230322988835,391.5775146484375,172929100,5.970183489826089,-0.03618996451082168
2022-05-06,389.01316841951103,392.5143641838962,383.9316826887412,389.2402648925781,151770800,5.964196800491472,-0.00598668933461699
2022-05-09,383.33556429048593,384.5751807945014,375.1976029403931,376.77789306640625,155586100,5.931655870775116,-0.03254092971635547
2022-05-10,382.7582178604821,384.26278949238593,373.60776787459224,377.6483459472656,132497200,5.933963460893558,0.002307590118442171
2022-05-11,376.68316971112745,382.3324247205916,370.9014225253903,371.64898681640625,142361000,5.917949824990824,-0.01601363590273408
2022-05-12,368.45064339852814,374.5351773075326,364.45736660676437,371.2610778808594,125090800,5.916905529081445,-0.001044295909379045
2022-05-13,375.39624432033366,381.5186365245012,374.35533743902573,380.1370849609375,104174400,5.940531937563036,0.02362640848159092
2022-05-16,378.4906197842672,382.26624315358947,376.2384834313431,378.5946960449219,78622400,5.936466229287026,-0.004065708276010049
2022-05-17,384.6886084460492,386.6190146909032,380.9508161457749,386.3824462890625,83029700,5.956827672447907,0.020361443160880732
2022-05-18,381.82143279357103,382.1053033485448,369.5671769928699,370.8067932128906,117674500,5.915681153946997,-0.04114651850091011
2022-05-19,367.7409001168937,372.96434969897865,366.3120175133911,368.5357666015625,98510700,5.90953776689648,-0.006143387050516758
2022-05-20,372.1221925167826,375.6991065243165,360.09505993665994,368.6966857910156,131432200,5.909974316295482,0.000436549399002395
2022-05-23,371.72468584727085,376.3614500919125,369.4063326029317,375.594970703125,76414900,5.928511357210182,0.018537040914699432
2022-05-24,371.46922293735594,373.9200684973476,366.17008413397616,372.727783203125,91448800,5.92084834946245,-0.007663007747731321
2022-05-25,371.2326397707966,377.9890479746067,370.83522098115014,376.0207824707031,91472900,5.92964441439089,0.008796064928439762
2022-05-26,377.25096753960395,385.1712741839689,377.04278616008014,383.5342102050781,82168300,5.9494288220571265,0.019784407666236348
2022-05-27,385.9944981924295,393.0631636990263,385.7957888065358,392.9496154785156,84768700,5.973681398761038,0.0242525767039119
2022-05-31,391.33149711527295,394.08515718858496,388.00062391684565,390.74481201171875,95937000,5.968054692212086,-0.005626706548952143
2022-06-01,392.8644517588874,393.87694263717856,385.06713709140746,387.584228515625,86585800,5.9599331890845795,-0.008121503127506813
2022-06-02,387.4233771677342,395.01248157548275,385.17124122143497,394.9651794433594,79609600,5.97879760770744,0.01886441862286059
2022-06-03,390.2433012195324,391.79520408065434,387.5085850110212,388.4832458496094,71874300,5.962250043651552,-0.01654756405588831
2022-06-06,392.49536446108146,394.22703245074865,388.4926167185688,389.666015625,57508900,5.9652900020369515,0.0030399583853997214
2022-06-07,386.1742927298047,393.8580303540427,385.7105989918035,393.40380859375,59272400,5.9748365871326765,0.009546585095725035
2022-06-08,391.6910721501235,393.47954333395916,388.33181201108613,389.1266784667969,64350000,5.963904942191074,-0.010931644941602592
2022-06-09,387.34768809546443,389.61873928900354,379.87213134765625,379.87213134765625,86289800,5.93983469963926,-0.024070242551814225
2022-06-10,373.6645386433497,374.5161791416106,368.8101502618891,368.8574523925781,132893900,5.910410261525224,-0.02942443811403539
2022-06-13,359.442032834515,361.2967210051914,353.2439234260221,354.85260009765625,170004900,5.871702492258946,-0.038707769266278724
2022-06-14,356.60323107069917,357.6346658846879,350.679548775885,353.7833251953125,104011800,5.868684650019505,-0.0030178422394406823
2022-06-15,357.08582684228884,363.27446487884,352.1273619331276,358.8269958496094,125666800,5.882840366623009,0.014155716603504231
2022-06-16,350.60392594515343,351.01081676127995,344.5193632718366,346.9512939453125,134473300,5.849184406825021,-0.03365595979798819
2022-06-17,347.3665544750161,351.0444479219139,344.19235133733406,347.69915771484375,111113900,5.85133761656292,0.002153209737898898
2022-06-21,353.42985407891445,357.8395151338056,353.3538089384876,356.4519958496094,76811900,5.876199576789396,0.024861960226476576
2022-06-22,352.2229356289405,359.9208687301767,351.80477429485757,355.8058166503906,90059400,5.874385123188018,-0.0018144536013782187
2022-06-23,357.944112743824,360.0253774175742,354.380257681737,359.2936096191406,79292100,5.884139908320173,0.009754785132154886
2022-06-24,362.4678495923808,370.7264928757993,362.43933990911876,370.71697998046875,98050300,5.915438914288316,0.03129900596814306
2022-06-27,371.63875334523215,371.9333630110348,368.2079631712672,369.3008728027344,66009600,5.911611685253327,-0.0038272290349894433
2022-06-28,370.8595757781449,373.6441279914071,361.6410576968473,361.7550964355469,86548900,5.890967453693064,-0.020644231560262405
2022-06-29,362.3062236029839,363.2945784041764,359.63571085622056,361.46038818359375,65676000,5.8901524593392836,-0.0008149943537807403
2022-06-30,357.563929508268,361.76453925396646,354.06660685286846,358.5238037109375,112508300,5.881995055913349,-0.008157403425934184
2022-07-01,357.86805091376164,362.7529219458162,355.2450444294537,362.31573486328125,74839700,5.8925160274389965,0.010520971525647127
2022-07-05,357.221845993929,363.0190563072348,354.38975859425415,363.0000305175781,81438000,5.89440291833531,0.0018868908963138864
2022-07-06,363.14249596615014,366.7158632778939,360.7571091301574,364.2259216308594,70426200,5.897774338925655,0.003371420590344343
2022-07-07,366.0031367080708,370.4793302796413,364.2449625145711,369.6810302734375,64525900,5.912640553491252,0.014866214565596891
2022-07-08,368.04642405277673,371.24916611652566,366.5163562235368,369.376953125,72397800,5.911817675794437,-0.0008228776968142171
2022-07-11,366.6969600116307,367.66631821985214,364.4636048722329,365.1573791503906,58366900,5.900328436407432,-0.011489239387005412
2022-07-12,364.6061122917404,366.99152847059673,360.17742508846254,361.92608642578125,62219200,5.891440009833713,-0.008888426573719244
2022-07-13,356.48056122161495,362.96203282628903,356.06239989210513,360.025390625,84224600,5.886174558476955,-0.005265451356757822
2022-07-14,355.064490796516,360.234458871572,352.6220841639683,359.15106201171875,89704800,5.88374308553083,-0.0024314729461245577
2022-07-15,363.56071631441466,366.12670351443825,361.6505097570627,366.0126647949219,79060400,5.902667936067501,0.01892485053667059
2022-07-18,369.1013562443131,369.7761047012278,361.7645652536722,362.99053955078125,63203600,5.894376772081658,-0.008291163985843397
2022-07-19,366.91550902545094,373.3684709198661,366.25978635540963,372.7982482910156,78506000,5.921037384010202,0.026660611928544853
2022-07-20,372.98831383414614,376.5901914099878,371.619791193265,375.17413330078125,71843800,5.927390273659524,0.006352889649321902
2022-07-21,374.59436051631593,379.0420438107076,372.1899479274369,378.9945373535156,64903900,5.937521791663292,0.010131518003767326
2022-07-22,379.1181717855212,380.31560739398503,373.2544293512537,375.478271484375,72197300,5.928200603975653,-0.009321187687638677
2022-07-25,376.1055673883999,376.78982883535605,373.69164103348083,375.93450927734375,53631500,5.929414950765367,0.0012143467897143267
2022-07-26,374.2902731538691,374.49935379005854,370.59338295368127,371.4867248535156,52946400,5.917513129612251,-0.01190182115311611
2022-07-27,374.7844685236655,382.8815653652331,374.4898588407444,381.1329040527344,82342100,5.94314814383456,0.02563501422230896
2022-07-28,381.9407954687544,386.6070448907336,378.3864237526016,385.9132995605469,73966600,5.9556127316982135,0.012464587863653342
2022-07-29,387.3482705951752,392.52775161157655,386.5784802133014,391.53936767578125,87003700,5.9700860663799915,0.014473334681778027
2022-08-01,388.84033261494034,392.8888811641739,388.1275616169894,390.3799133300781,69997500,5.967120401704193,-0.0029656646757985072
2022-08-02,388.81188524619347,392.4992924403069,386.62606543660127,387.80450439453125,63435400,5.960501357992594,-0.006619043711599382
2022-08-03,389.9332960683664,395.0462453718832,389.6481992309968,393.8773193359375,67820600,5.976039488567718,0.01553813057512432
2022-08-04,393.8012609389681,394.4855223283824,391.9670703405135,393.6112060546875,45656600,5.975363635440214,-0.0006758531275039559
2022-08-05,389.3250180600784,393.59213106466996,389.2679987016488,392.9458923339844,56814900,5.973671923851221,-0.0016917115889931722
2022-08-08,394.63757214293867,396.8899240250277,391.3873233872075,392.48974609375,53886100,5.972510412279299,-0.0011615115719214586
2022-08-09,391.7579620888554,392.26165245097286,389.8572393634721,390.93115234375,44931800,5.9685314635190165,-0.003978948760282819
2022-08-10,397.9923133525369,399.284819832152,396.0345713490144,399.1422424316406,68665700,5.989317850682199,0.020786387163182596
2022-08-11,401.99332639825303,403.8560554717358,398.40096176043045,399.1422424316406,59489700,5.989317850682199,0.0
2022-08-12,401.0810138483799,406.0038788583054,400.130652464098,405.89935302734375,61694500,6.00610522992228,0.016787379240081002
2022-08-15,403.68498595264106,408.09467660080554,403.6279665910464,407.57196044921875,54048300,6.010217507150161,0.004112277227880767
2022-08-16,406.4980568196023,410.29950209001703,405.69024389909407,408.3702697753906,59289000,6.01217428681256,0.001956779662399377
2022-08-17,404.76839107782297,408.1801847177208,403.4664007169476,405.4716491699219,63563400,6.005050955377394,-0.007123331435166413
2022-08-18,405.67124641632466,407.3343788381746,404.3787688555106,406.650146484375,49023200,6.007953224834962,0.0029022694575679964
2022-08-19,403.8845695793236,404.1506695923492,400.3112016877868,401.185546875,68016900,5.994424030700589,-0.013529194134372702
2022-08-22,396.3481983345936,396.51928542351556,391.92902375820364,392.8318786621094,77695600,5.973381730677315,-0.02104230002327423
2022-08-23,392.40421793285645,394.7991472328157,391.33030490584025,391.88153076171875,49105200,5.970959576668973,-0.0024221540083422255
2022-08-24,391.6534263650644,394.50451059223457,390.9691939931629,393.1360168457031,49177800,5.9741556508349,0.003196074165927598
2022-08-25,394.6280951098861,398.7336636998838,393.5351851989176,398.6861572265625,50942300,5.9881745340117085,0.014018883176808217
2022-08-26,398.57202068154095,399.1137045548559,385.1338986136642,385.19091796875,103087000,5.953739102202483,-0.034435431809225925
2022-08-29,382.23536401267944,385.6946644031111,381.285002619314,382.6440124511719,65370800,5.9471050855473875,-0.00663401665509511
2022-08-30,383.8034109464827,384.0410012678557,376.34306905482566,378.443359375,85652400,5.936066416699392,-0.011038668847995758
2022-08-31,380.07802891985665,381.3230000374987,375.43077674086555,375.5638122558594,76029700,5.928428396195839,-0.007638020503552667
2022-09-01,373.3874742240931,377.08436469022797,370.678938652205,376.74224853515625,78740100,5.9315612627366345,0.003132866540795476
2022-09-02,380.41065862148133,381.6271200488621,370.9545511254495,372.7697448730469,99632100,5.920960923061654,-0.010600339674980752
2022-09-06,373.6155413307237,374.55638973388335,369.1393477426086,371.3631896972656,76637400,5.917180531721429,-0.003780391340225009
2022-09-07,371.0495973756983,378.8045499413538,370.8310328137159,378.0347595214844,70964200,5.9349861477979,0.017805616076470798
2022-09-08,375.7633824847431,380.9618311489722,374.5564050265275,380.50567626953125,80821700,5.941501095113022,0.006514947315122477
2022-09-09,382.74846080000646,387.2817022904019,382.4823608238422,386.4168701171875,76706900,5.956916761108875,0.01541566599585309
2022-09-12,388.488713636019,391.2922912350759,388.1845910416869,390.57000732421875,69256300,5.9676072293300555,0.01069046822118036
2022-09-13,381.8837341840326,383.09071180463684,372.46567760149713,373.58709716796875,122947100,5.923151169269983,-0.044456060060072744
2022-09-14,374.88902163325827,376.53315711649486,371.7053054907733,375.0125732421875,85023700,5.9269595540541715,0.0038083847841887675
2022-09-15,373.45402792521134,376.305112280204,369.48152401791003,370.7550048828125,87633800,5.915541480273689,-0.011418073780482096
2022-09-16,366.57147330224217,368.58495903524056,364.6342868550473,367.926513671875,103084800,5.907883227118972,-0.007658253154717798
2022-09-19,364.77741710532587,370.77972412109375,364.7010595826664,370.77972412109375,73278500,5.915608150754042,0.007724923635070269
2022-09-20,367.44941174370973,368.4609306805626,363.7659614872204,366.5237731933594,77274900,5.904063384689225,-0.011544766064816692
2022-09-21,368.4513532726731,371.5050138173394,360.12063601648464,360.13018798828125,106746600,5.886465599377376,-0.017597785311849634
2022-09-22,359.3571850053135,360.99852235439477,356.3608073472819,357.1051330566406,89472600,5.878030228780601,-0.008435370596774128
2022-09-23,353.63167239360894,353.6698511651654,346.6750983342068,351.1219787597656,122346900,5.86113368092962,-0.01689654785098149
2022-09-26,349.652370039799,353.2785667174396,346.4269485005134,347.6484069824219,92581200,5.851191644289229,-0.009942036640390839
2022-09-27,351.1886392749828,353.4597949219976,344.36564948559527,346.7608642578125,108294100,5.84863539037769,-0.0025562539115391303
2022-09-28,347.71516751010176,355.27293178744674,346.01657657366974,353.5838928222656,110802200,5.868120777752735,0.01948538737504535
2022-09-29,350.0340115514208,350.32027945929735,343.249200037984,346.1978759765625,112952300,5.847010507473613,-0.021110270279121934
2022-09-30,345.25315265968237,349.17519794486384,340.7108699138818,340.8444519042969,153711200,5.831426220440869,-0.015584287032744726
2022-10-03,344.5660844856892,351.6944470852205,342.78161312339256,349.8431701660156,89756500,5.8574849688233135,0.02605874838244482
2022-10-04,355.3683600338881,360.71225105913686,349.80500664731017,360.6836242675781,103602800,5.888001187010793,0.030516218187479183
2022-10-05,356.3131988470105,362.10556813395476,353.9847887637613,359.8439636230469,88065700,5.885670503109898,-0.0023306839008947478
2022-10-06,358.441111032702,361.3993391526018,355.6355688484854,356.1318054199219,82333500,5.875300902273736,-0.010369600836162007
2022-10-07,352.09522785371945,356.21766045831674,344.43247955302377,346.1978759765625,107789500,5.847010507473613,-0.02829039480012252
2022-10-10,347.3143728510966,347.55293916401916,341.31206538570666,343.5545654296875,76042800,5.839345950370558,-0.007664557103055358
2022-10-11,341.85594728520135,346.4268856317471,339.441657555121,341.3788146972656,92482800,5.832992754238255,-0.006353196132303118
2022-10-12,341.7892204341487,343.36375237835983,340.0047198340521,340.2528381347656,76991800,5.829688982818655,-0.0033037714196000323
2022-10-13,333.23889934960795,350.7019677299661,332.1892019406478,349.2323913574219,147254500,5.855737578419124,0.026048595600468794
2022-10-14,351.6944557677686,353.32627035722425,340.6345247152281,341.2738952636719,123737000,5.832685366798378,-0.023052211620745666
2022-10-17,347.362126415413,351.15056087847387,340.9399103655982,350.0436096191406,93168200,5.85805774563349,0.025372378835111675
2022-10-18,357.97349374132114,358.2788655814361,350.711520738244,354.15643310546875,97162900,5.8697387169519715,0.011680971318481781
2022-10-19,352.114370264022,354.8435843710711,348.831695054884,351.64678955078125,79746900,5.862627233040181,-0.007111483911790728
2022-10-20,351.1982293100266,355.6260339289677,347.9346294295258,348.69805908203125,88283100,5.854206387511916,-0.008420845528264387
2022-10-21,348.42137072610865,357.65865261101857,346.913644240023,357.1719970703125,131038400,5.878217450269424,0.024011062757507418
2022-10-24,358.69881886172783,362.6780890904026,356.0459332134546,361.5425109863281,85436900,5.890379630774369,0.01216218050494522
2022-10-25,361.46614520779,367.63069061993605,361.351638036336,367.3157958984375,78846300,5.9062219573418,0.01584232656743101
2022-10-26,364.16670060269513,369.85411334727513,363.90905946867207,364.54840087890625,104087300,5.898659329681047,-0.007562627660752774
2022-10-27,365.55039117436706,367.3921160917615,361.9814193866082,362.6017150878906,81971800,5.893305028281684,-0.005354301399362882
2022-10-28,362.49677973202483,371.70543468470186,362.3154669828309,371.2283020019531,100302000,5.916817242622903,0.02351221434121875
2022-10-31,368.7662749442344,370.6366267278111,367.64024890976526,368.5467834472656,96631300,5.909567660008732,-0.0072495826141709685
2022-11-01,372.2971084338641,372.53567477828875,365.7603847722544,366.9341125488281,85407600,5.9051823020974545,-0.0043853579112775876
2022-11-02,366.3424479641309,370.85613338006743,357.62047814363854,357.7254333496094,126990400,5.879765746196382,-0.025416555901072613
2022-11-03,354.4809155332156,357.08607016392386,351.92349163838855,354.0419616699219,87100100,5.869415441899703,-0.010350304296679269
2022-11-04,359.75802297669105,361.5424944523819,353.07816578614245,359.13775634765625,103505200,5.88370603730253,0.0142905954028274
2022-11-07,360.435515659066,363.16472938893213,358.3552244250396,362.5730895996094,68286900,5.893226080452523,0.009520043149993107
2022-11-08,363.6800782301254,367.50669186220006,360.445133617555,364.5293884277344,84641100,5.898607174886442,0.005381094433919209
2022-11-09,362.55401428993724,363.7086962893126,356.52305050737357,357.019287109375,78495500,5.87778980583677,-0.020817369049672685
2022-11-10,370.30264142200895,376.9729757332263,368.0028876550996,376.63897705078125,141455800,5.9312871080815555,0.05349730224478577
2022-11-11,377.4977734770305,381.08582000984256,375.60831786460767,380.28424072265625,93839900,5.940918975008162,0.00963186692660667
2022-11-14,378.5188625471577,381.8778657875463,376.77254080840333,377.0492858886719,71903500,5.932375910703544,-0.008543064304618042
2022-11-15,382.8035164099832,383.91046764433503,376.44810606485254,380.2651672363281,93194500,5.940868817881925,0.008492907178380804
2022-11-16,378.6333567193718,379.5876219491824,376.7343782310451,377.36419677734375,68508500,5.933210760329639,-0.0076580575522857686
2022-11-17,372.6024725571936,376.8871441512699,372.29712975146606,376.2095947265625,74496300,5.9301464208653645,-0.0030643394642746458
2022-11-18,379.5495102867139,379.61631585385857,375.0644803868105,377.917724609375,92922500,5.934676512164705,0.004530091299340455
2022-11-21,376.59134036592883,377.7173666351867,374.70188424489953,376.5436096191406,51243200,5.931033869533989,-0.0036426426307158977
2022-11-22,378.49021994388283,381.7728946397623,377.07789693039774,381.61065673828125,60429000,5.9444008656471965,0.013366996113207463
2022-11-23,381.2766761134872,384.5020973782574,381.0476617682043,384.01544189453125,68261600,5.950682765046204,0.006281899399007251
2022-11-25,383.45240227506304,384.4830250793276,383.175686313319,383.9295349121094,30545400,5.9504590329159734,-0.00022373213023030303
2022-11-28,380.837748913633,382.4790864541177,377.0397623978261,377.8031921386719,67881600,5.9343734043135346,-0.016085628602438895
2022-11-29,377.93671115122805,379.1295426207394,375.3124819183031,377.15423583984375,52310000,5.932654217417384,-0.0017191868961505818
2022-11-30,377.4023849238339,389.0348815917969,375.4843314190897,389.0348815917969,144566700,5.963669009500133,0.0310147920827486
2022-12-01,390.0749485498515,391.24870514916887,386.2388131929905,388.74853515625,76398200,5.962932695399528,-0.000736314100604929
2022-12-02,383.853229920111,389.2066444558519,383.7482747120534,388.30010986328125,85342700,5.961778519671605,-0.001154175727922535
2022-12-05,385.47549236036787,386.41065374736974,379.9598399084257,381.31488037109375,77289800,5.943625491465525,-0.018153028206080002
2022-12-06,381.15260520692095,381.69651421862574,373.728423384414,375.8182373046875,77972200,5.92910561508522,-0.014519876380305163
2022-12-07,374.9689850432598,377.54551283524984,374.0433465972937,375.1789245605469,65927900,5.9274030443405135,-0.0017025707447064775
2022-12-08,377.06837354618364,379.1868143806111,375.2838731198775,378.1180419921875,60737900,5.935206427272824,0.007803382932310754
2022-12-09,376.8775715745364,379.43499580414664,375.16942838990695,375.2934875488281,81447700,5.927708353336081,-0.007498073936742955
2022-12-12,376.08549280299235,380.70416259765625,375.41752454941917,380.70416259765625,75405800,5.94202259739134,0.014314244055258385
2022-12-13,391.4586555975836,391.7162967072409,380.81860487443333,383.5859680175781,123782500,5.949563762615458,0.007541165224118629
2022-12-14,383.2424323385713,386.9545379387217,378.1848384359595,381.1335144042969,108111300,5.943149745247262,-0.006414017368196134
2022-12-15,376.2667660559643,377.17332966722427,370.1499515992905,371.81036376953125,117705900,5.918383949480703,-0.024765795766558796
2022-12-16,369.2517657317392,370.59386612148,365.2829810609633,367.4207458496094,119858000,5.906507637843374,-0.011876311637329273
2022-12-19,367.6125210258833,367.9480534682601,362.6371386607899,364.30517578125,79878100,5.897991911383398,-0.008515726459975781
2022-12-20,363.5477938735729,366.4237355185501,362.22485603598886,364.8036193847656,74427200,5.899359179710074,0.0013672683266756636
2022-12-21,367.40155201274337,371.38952801231983,366.86471190276114,370.2583312988281,78167400,5.914200954714674,0.014841775004599711
2022-12-22,367.20980089104194,370.23912957543627,359.2722031883447,364.9761657714844,100120900,5.899832052194195,-0.014368902520478954
2022-12-23,363.95045341487634,367.2194443247234,362.39744941933026,367.0756530761719,59857300,5.905567965982941,0.005735913788746494
2022-12-27,366.96058546509136,367.3056844290648,363.9504190865602,365.6280517578125,51638200,5.901616564639322,-0.003951401343619487
2022-12-28,365.56097308852884,367.5358135013805,360.854040448147,361.0841064453125,70911500,5.889110913039797,-0.012505651599524548
2022-12-29,363.93126597675223,368.45608223881914,363.40399242752494,367.5837097167969,66970900,5.906951074256919,0.017840161217121953
2022-12-30,364.8995512939543,366.7593002885038,362.78091952867106,366.6155090332031,84022200,5.90431363956588,-0.0026374346910387203
2023-01-03,368.47526883215227,370.450079987651,362.20570711462034,365.07208251953125,74850700,5.9000948204395085,-0.004218819126371898
2023-01-04,367.33444063245616,369.9227998702252,364.2859494452824,367.8904724121094,85934100,5.907785264553616,0.007690444114107464
2023-01-05,365.93482035409846,366.0498533403474,363.09723275612134,363.69158935546875,76970500,5.896306226500005,-0.01147903805361139
2023-01-06,366.787997866155,373.15342943340613,363.7203443233328,372.03179931640625,104189600,5.918979332653116,0.022673106153111355
2023-01-09,374.2270754746065,377.4193868007846,371.63874577683936,371.82086181640625,73978100,5.918412184031686,-0.0005671486214300359
2023-01-10,371.2361840133922,374.4955791323068,370.2966990841329,374.428466796875,65358100,5.925400774824378,0.006988590792691873
2023-01-11,376.0102256287862,379.2408622167289,375.19536960600243,379.1641540527344,68881100,5.937969235460932,0.01256846063655459
2023-01-12,380.26666054687666,382.011376504994,376.19240927348505,380.5446472167969,90157700,5.941603508701446,0.0036342732405136857
2023-01-13,377.3427015811747,382.59609870511895,377.07428153867187,382.0209045410156,63903900,5.945475331038636,0.0038718223371896343
2023-01-17,382.00179714035386,383.67942996148565,380.64050506445955,381.3211364746094,62677300,5.943641897990729,-0.0018334330479063965
2023-01-18,382.5098268846119,383.5739112290624,375.09947353048597,375.30078125,99632300,5.927727787806807,-0.01591411018392197
2023-01-19,373.2588930285292,374.9077675297641,371.2457571335137,372.5686950683594,86958900,5.920421437107918,-0.007306350698889297
2023-01-20,373.96829741871426,379.66266441415144,372.31942298138915,379.50927734375,91806400,5.93887904276547,0.01845760565755228
2023-01-23,380.31452159871134,385.9992925218667,379.3558743905331,384.0628356933594,84178800,5.950806173819166,0.011927131053695916
2023-01-24,382.3852133953482,384.56133208460926,381.19650018692624,383.650634765625,59524900,5.9497323331658345,-0.0010738406533317146
2023-01-25,379.57639153162364,384.12996598342204,377.2852105542449,383.79443359375,84800300,5.950107080064959,0.000374746899124645
2023-01-26,386.4594777963223,388.1754645974599,383.4876654146606,388.0124816894531,72287400,5.961037508408567,0.010930428343607801
2023-01-27,386.96753487416305,391.28144730327597,386.7566313185161,388.90399169921875,68346200,5.963332505185186,0.0022949967766194845
2023-01-30,386.1431078861568,388.3767724039486,383.7273273025726,384.0245056152344,74202000,5.950706367257867,-0.01262613792731937
2023-01-31,384.5421906397612,389.7188801347345,384.19706240377985,389.67095947265625,86811800,5.965302689354028,0.014596322096161352
2023-02-01,388.45345165426824,396.5636286134995,385.7117345077939,393.8122863769531,101459200,5.975874365253508,0.01057167589947916
2023-02-02,397.70442814895335,401.01177323006914,395.80632510726565,399.5450439453125,101654500,5.990326509652219,0.01445214439871112
2023-02-03,394.56963646776256,399.7271635935274,394.0903128204698,395.2982177734375,94736800,5.979640461750704,-0.010686047901514506
2023-02-06,392.8440909429574,394.2820619137646,391.22397464206705,392.8824157714844,60295300,5.973510370590837,-0.006130091159866957
2023-02-07,391.9620943439746,399.26698166926644,390.7158646278332,398.020751953125,90990700,5.9865041445109055,0.012993773920068286
2023-02-08,396.0459125600925,397.3880127555721,392.97822989420473,393.66845703125,76227500,5.975509075439105,-0.010995069071800145
2023-02-09,397.27301170174235,397.42639877292254,389.02863947326034,390.2557067871094,78694900,5.966802182702097,-0.008706892737007976
2023-02-10,389.0765392196659,391.5498653830581,388.26171250273467,391.1664123535156,70769700,5.969133076482618,0.0023308937805204266
2023-02-13,391.8182749307163,395.8925254285683,391.35811375424055,395.75830078125,64913500,5.98080367335164,0.011670596869022276
2023-02-14,394.2340728818384,397.8865164448738,391.61698469819703,395.5762023925781,88389300,5.980343442207526,-0.00046023114411397614
2023-02-15,393.38091503799455,396.9374882356896,392.5373007553342,396.8608093261719,61555700,5.983585612979151,0.0032421707716245862
2023-02-16,391.8853732614953,395.8349948045501,391.2622584704852,391.3964538574219,76431500,5.9697209947712695,-0.013864618207881207
2023-02-17,389.26834315965215,390.6583935285287,387.341452611694,390.4187316894531,89257800,5.967219834149816,-0.0025011606214535576
2023-02-21,386.39234798566156,387.44686578378213,382.3276931153695,382.5865173339844,82655900,5.946954816798147,-0.020265017351668746
2023-02-22,382.9987512663258,384.54218860202,380.6021330632425,382.0592956542969,83742300,5.945575820786449,-0.001378996011697886
2023-02-23,384.95435986418846,385.56790810303414,379.8639456708509,384.0915832519531,96242400,5.950881022203549,0.005305201417099781
2023-02-24,379.06838462518755,380.82269657268154,377.3619933475842,379.9886779785156,108194400,5.940141457483178,-0.010739564720370964
2023-02-27,383.3342657519672,384.69555770016393,380.3432910551879,381.28277587890625,80444700,5.943541293744897,0.0033998362617184696
2023-02-28,380.80348526155615,382.7687005643169,379.76812977335084,379.87359619140625,96438600,5.939838555781379,-0.0037027379635174995
2023-03-01,379.0586577553307,380.2857248874596,377.1126052897922,378.4163513183594,99706800,5.935995047973403,-0.003843507807975932
2023-03-02,376.4416013971857,382.20308082772186,376.1060690029621,381.3594665527344,85127800,5.943742412093238,0.007747364119834899
2023-03-03,383.1808362617319,387.7248435531671,382.52896323446737,387.4755859375,90120000,5.959652842776306,0.015910430683067744
2023-03-06,388.3000821585358,390.60085911261217,387.3031100177366,387.74407958984375,72795900,5.960345533312986,0.0006926905366801961
2023-03-07,387.69614979307676,387.9358116155142,381.1869265041094,381.8004455566406,108310600,5.9448980782805965,-0.015447455032389534
2023-03-08,381.9155020986243,383.18089426793244,380.18991944950625,382.423583984375,74746600,5.946528852874815,0.0016307745942185647
2023-03-09,383.20961635596575,384.87768235160564,374.38048397400695,375.3678894042969,111945300,5.927906583478184,-0.01862226939663092
2023-03-10,374.8215147441384,376.9017923479486,368.42735335856526,369.95159912109375,189253000,5.9133721838952455,-0.014534399582938562
2023-03-13,366.021130129731,374.24634050095773,364.90909573022645,369.42431640625,157790000,5.911945892361647,-0.0014262915335985227
2023-03-14,374.351798026972,377.1798194710275,371.04445289786275,375.53094482421875,149752400,5.928340877460415,0.01639498509876791
2023-03-15,369.9324515707467,373.3835587348281,367.84257804775535,373.1822509765625,172996900,5.922066908829796,-0.006273968630618576
2023-03-16,370.8239247170232,380.074864540284,370.3158428605711,379.729736328125,143254200,5.939459779494224,0.01739287066442774
2023-03-17,378.39793151645165,379.5334454433477,373.9039499902757,375.2896728515625,140553400,5.927698188713514,-0.011761590780710485
2023-03-20,376.069194315506,379.31219038734906,375.3667296908288,378.89837646484375,93055800,5.9372680331508825,0.009569844437368857
2023-03-21,382.2664102459138,384.35462710121084,380.66897882785537,383.87347412109375,91524200,5.950313003816176,0.013044970665293754
2023-03-22,383.70029405624626,387.318544760657,377.29133237000224,377.3298034667969,111746600,5.9331196152812895,-0.017193388534886722
2023-03-23,380.1974645439356,384.2391613901428,375.636143615093,378.349853515625,119351300,5.9358193059741415,0.0026996906928520303
2023-03-24,377.069990985465,380.91921510254883,374.7219619246639,380.8326110839844,107682400,5.942359937601255,0.006540631627113491
2023-03-27,383.11321049277444,383.8830728135966,380.64970980063305,381.5446472167969,74010400,5.944227874589394,0.0018679369881393626
2023-03-28,380.85183851528325,381.54470001628135,378.850254938649,380.6882629394531,62871700,5.941980832704242,-0.0022470418851527896
2023-03-29,384.8550092196648,386.46207306808367,383.6521267894026,386.22149658203125,77497900,5.956411030232074,0.014430197527832256
2023-03-30,388.85819419263817,389.10840312839423,386.6160343292529,388.48291015625,69840000,5.962249179538342,0.00583814930626847
2023-03-31,389.4067476454537,394.25677808538353,389.3008787149844,393.9584655761719,112062600,5.976245486421777,0.013996306883434784
2023-04-03,393.43880732243116,395.8638078292274,393.0442583450311,395.45965576171875,67391100,5.980048773816703,0.0038032873949260804
2023-04-04,396.10434874148575,396.39305813101834,391.8894442126204,393.26556396484375,66601500,5.974485118942477,-0.005563654874226387
2023-04-05,392.53424390704595,393.2944738697264,390.5807639021192,392.2359313964844,65200200,5.971863524549237,-0.0026215943932399455
2023-04-06,391.437167451645,394.0450376322365,390.3882575257403,393.7659606933594,63743300,5.975756724412564,0.003893199863327368
2023-04-10,391.2832478731585,394.24716694508413,390.66738727373564,394.170166015625,63681000,5.97678270949948,0.0010259850869154263
2023-04-11,394.7956544202573,395.6809594619992,393.5061679518089,394.2760009765625,59297900,5.97705117414806,0.00026846464858021335
2023-04-12,396.34496122221753,396.6336706379783,392.08195275810823,392.6689453125,86420400,5.972966878529556,-0.004084295618503653
2023-04-13,393.75631259262076,398.2406615136449,392.6111662470231,397.8846130371094,85814800,5.986162046258195,0.013195167728638602
2023-04-14,397.2495937828796,399.44365059898803,394.6032519080129,396.91278076171875,78161500,5.9837165607362195,-0.0024454855219753213
2023-04-17,396.82611712486937,398.356180127704,395.59436663010166,398.3369445800781,66436400,5.9872982415478155,0.003581680811596044
2023-04-18,399.9151257985286,400.04986273859487,397.22068066969723,398.5967712402344,63560000,5.987950307495597,0.0006520659477811108
2023-04-19,396.6817177607652,399.43389838923747,396.62398175927586,398.52935791015625,55227300,5.987781166558489,-0.00016914093710784783
2023-04-20,395.70985629299514,398.10601828904817,394.8052862710272,396.3546142578125,75840400,5.982309301092054,-0.005471865466434522
2023-04-21,396.6528736469394,397.1243941432459,394.7090262895011,396.6625061035156,73457400,5.9830858085677905,0.00077650747573621
2023-04-24,396.46043453439125,397.4997414469219,395.12284448225694,397.0763244628906,64332100,5.98412851526408,0.001042706696289919
2023-04-25,395.103601057788,395.6617550067555,390.71548786392196,390.7732238769531,97766700,5.968127401641535,-0.016001113622545304
2023-04-26,391.38909943441206,392.46687746099377,388.5599174310108,389.1180419921875,80447000,5.963882747438234,-0.0042446542033012236
2023-04-27,391.65851488224934,397.1340379925136,391.4083059420538,396.8645935058594,92968400,5.983595148215579,0.01971240077734482
2023-04-28,395.9793118624164,400.26158558313546,395.9215758481045,400.251953125,89433100,5.992094231627567,0.008499083411988018
2023-05-01,399.8092473425676,401.8781992260224,399.61677440898023,399.8477478027344,62122300,5.991083844156645,-0.0010103874709219696
2023-05-02,399.1355841651367,399.18371707766147,392.4475761726746,395.3537292480469,103998500,5.979780881248588,-0.01130296290805699
2023-05-03,395.8541741351487,398.26957154429016,392.3994991884123,392.64007568359375,91531800,5.972893354278217,-0.006887526970370317
2023-05-04,391.5911783811914,391.9183589011733,388.5214198537967,389.8590393066406,94901900,5.965785236114072,-0.007108118164145694
2023-05-05,393.4965450134205,398.125234465571,393.2367329689119,397.0763244628906,87891800,5.98412851526408,0.018343279150008662
2023-05-08,397.4034698360924,397.6632818576283,395.77717051105407,397.18212890625,50046800,5.984394938475659,0.0002664232115785481
2023-05-09,395.63290265005054,396.55670826234115,395.2094856262401,395.4404296875,49220100,5.980000155604173,-0.0043947828714863135
2023-05-10,398.2792294687583,398.91435498071894,393.4580667995226,397.2880554199219,96142900,5.984661597983818,0.004661442379645386
2023-05-11,396.42191528238436,396.8838033054011,394.5165390857067,396.5951232910156,70157100,5.9829159197191615,-0.0017456782646565472
2023-05-12,397.8365061605119,398.04821462684833,393.65046974768575,396.0754699707031,70481500,5.981604773830378,-0.0013111458887831162
2023-05-15,396.68184754538834,397.846229779373,394.7668676792209,397.44207763671875,54289400,5.9850492068395,0.0034444330091218944
2023-05-16,396.3353398421656,397.2591747577228,394.77640880213,394.7860412597656,57705500,5.978343950449382,-0.006705256390118208
2023-05-17,396.80683197926186,400.1845056184392,395.16129716185526,399.5782775878906,87287000,5.9904096849061546,0.012065734456772503
2023-05-18,399.26074988190857,403.850968255046,399.03943829896787,403.42755126953125,97177200,5.999996920831789,0.009587235925634374
2023-05-19,404.3321069908471,404.86136352045077,401.6183971431854,402.84051513671875,103793300,5.998540739541709,-0.0014561812900799609
2023-05-22,402.8597493463277,404.54378464321184,401.61836653322445,403.00408935546875,60745400,5.998946709179241,0.00040596963753181114
2023-05-23,401.35857830108944,402.9367742560176,398.08674373587735,398.4812927246094,86383500,5.987660552899018,-0.01128615628022267
2023-05-24,396.8742437459542,397.25916026310097,394.42997834283796,395.5943603515625,89213700,5.980389343710546,-0.0072712091884721275
2023-05-25,399.1067761340057,400.4732635587891,396.8646161031706,399.0201721191406,90961600,5.989011972301492,0.008622628590946313
2023-05-26,399.67452677861917,404.90947362025605,399.59755522238083,404.187744140625,93830000,6.001879483234772,0.012867510933279647
2023-05-30,406.1219771957275,406.6512337191027,402.955982410714,404.3417053222656,72216000,6.002260325722585,0.0003808424878126715
2023-05-31,402.51333285149997,403.41790279671176,400.5309849376734,402.09954833984375,110811800,5.996699690649287,-0.005560635073297959
2023-06-01,402.33050994129945,406.9784643429913,401.07952389464964,405.919921875,88865000,6.0061559033869205,0.009456212737633862
2023-06-02,408.49887873292437,412.5790465929496,407.9696222034908,411.78997802734375,91426200,6.020513457307117,0.014357553920196331
2023-06-05,412.1363990044285,413.4258854781173,410.29839108056865,411.0008850097656,65460200,6.018595367802348,-0.001918089504768794
2023-06-06,410.5870909976928,412.4250695118066,409.9327006351518,411.89581298828125,64022200,6.020770436273306,0.0021750684709580526
2023-06-07,412.2903911156484,413.42590516438145,410.04820165667223,410.47161865234375,85373300,6.01730678801837,-0.003463648254935947
2023-06-08,410.53897877639116,413.40666121291997,409.7691457275,412.9543762207031,61952800,6.023337117659596,0.006030329641225407
2023-06-09,413.75304850629004,415.7065283650919,412.70413856902655,413.6953125,85742800,6.0251297427287716,0.0017926250691759904
2023-06-12,414.6768867959098,417.5253041431819,413.9551573440261,417.44830322265625,76104300,6.034160712007617,0.009030969278845724
2023-06-13,418.9110140981565,420.8452289997208,418.2470206735575,420.20050048828125,95899700,6.040731979481778,0.0065712674741611465
2023-06-14,420.5373216552151,422.5100370544421,417.2462224703346,420.7008972167969,100612100,6.04192212327021,0.001190143788431186
2023-06-15,419.8829487810575,427.1676119841462,419.7867416783568,425.9166259765625,110303100,6.05424361344491,0.012321490174699967
2023-06-16,427.9044446994593,428.47431075878063,423.99263976838114,424.4659118652344,114165800,6.050831700678354,-0.0034119127665555027
2023-06-20,422.52447850076925,423.41307214231983,420.1870344889163,422.263671875,76160400,6.045629933790139,-0.0052017668882147206
2023-06-21,421.2784425280354,422.0801103736596,419.51086470582334,420.1000671386719,76982300,6.040492937991253,-0.005136995798886268
2023-06-22,419.14389467353715,421.722779347334,418.80583057108225,421.6165466308594,70637200,6.044096243683897,0.0036033056926436657
2023-06-23,418.1586012935174,420.2159312951656,417.71430455566934,418.4290466308594,92074500,6.036507333454949,-0.007588910228947476
2023-06-26,417.8592449307871,419.7813378209466,416.4780427984246,416.7195129394531,72823600,6.032413364640546,-0.004093968814403048
2023-06-27,417.59844581995696,421.9062646558956,417.1444807996532,421.2881164550781,72813700,6.0433169617394835,0.01090359709893729
2023-06-28,420.2063349514927,422.514803688603,419.58818670737986,421.5006408691406,75636000,6.043821297889487,0.0005043361500032262
2023-06-29,421.0852585523664,423.32610840810986,420.679605245235,423.1618957519531,67882300,6.0477548380970845,0.00393354020759773
2023-06-30,426.3783921235106,429.14079686470274,426.05963497562493,428.1556091308594,104964000,6.059486702240898,0.011731864143813553
2023-07-03,427.8078209721531,428.92821645735074,427.5277073626863,428.64813232421875,32793400,6.06063637800392,0.0011496757630222731
2023-07-05,426.8322751907773,428.7447292814146,426.8226069528998,428.0106506347656,58418400,6.0591480799328465,-0.001488298071073757
2023-07-06,424.4271947095155,425.08398633253137,422.147701549894,424.65899658203125,80658300,6.051286485877101,-0.007861594055745158
2023-07-07,423.66417049204466,427.5373607483118,423.3454134187473,423.5868835449219,86134200,6.0487586490007335,-0.002527836876367928
2023-07-10,423.22948292340993,424.83284798641813,422.6596170025875,424.65899658203125,62443500,6.051286485877101,0.002527836876367928
2023-07-11,425.422125413234,427.85613393293494,424.4465765671181,427.363525390625,64463800,6.057634998556906,0.006348512679804408
2023-07-12,431.15940249157063,432.21220867974904,429.72988876678727,430.802001953125,91924500,6.065648592330686,0.008013593773780414
2023-07-13,432.61782640087955,435.01322041064935,432.1831979055365,434.22119140625,72425200,6.07355406188716,0.007905469556473754
2023-07-14,435.1099046958951,435.9598548665001,433.18778225181745,433.9508361816406,69815800,6.072931246996199,-0.0006228148909608322
2023-07-17,433.80596349270843,436.5104174127122,433.7576517763609,435.4576110839844,52680200,6.076397457649414,0.0034662106532152848
2023-07-18,435.1291664096603,439.3403912522435,434.69450839296843,438.6932678222656,80668200,6.083800462310783,0.007403004661368229
2023-07-19,439.48533409064345,440.8568680135883,438.61601798371265,439.6688537597656,65891700,6.086021838471478,0.0022213761606950655
2023-07-20,438.6740145693688,439.57227647249636,436.0371498627965,436.75189208984375,70591600,6.079365281208202,-0.006656557263275964
2023-07-21,438.4711584160143,438.6740145693688,436.742253327544,436.75189208984375,71275600,6.079365281208202,0.0
2023-07-24,437.9012445599851,439.5142779903244,436.867745334165,438.70294189453125,54023400,6.083822514086614,0.004457232878412043
2023-07-25,438.43253737447066,441.1562982796933,438.38422565839835,439.9006652832031,55191200,6.086548940704526,0.0027264266179125585
2023-07-26,438.96370723872633,441.39771546076753,437.91090104233945,439.9682312011719,71052900,6.0867025224901115,0.0001535817855851107
2023-07-27,443.35846818342566,443.7641509737044,436.14333947921443,437.05126953125,92194400,6.080050509795759,-0.006652012694352116
2023-07-28,440.3256151682766,442.16078225681895,437.05126606431355,441.33013916015625,80011800,6.089793210250137,0.009742700454377307
2023-07-31,441.80343186125066,442.52784228350436,440.48981896786944,442.17047119140625,62040400,6.091695489150255,0.0019022789001184037
2023-08-01,440.70229523457317,441.6488687577706,439.94890960634154,440.9051513671875,55291500,6.0888297760497485,-0.0028657131005065395
2023-08-02,437.78533196247287,438.0461090832154,434.01840394785836,434.77178955078125,93933400,6.074821271704217,-0.014008504345531136
2023-08-03,432.75309476673715,435.40926606374575,432.10594188115226,433.5257873535156,64276100,6.071951280849311,-0.002869990854906135
2023-08-04,435.34169055011716,437.44730311288595,431.0435102343316,431.5650939941406,100128900,6.067418354288842,-0.004532926560469441
2023-08-07,433.4002700753938,435.48657568112884,432.7048348734821,435.33203125,58357500,6.076109030160731,0.008690675871888764
2023-08-08,432.7917508600607,435.32238270202885,430.07762882885913,433.43890380859375,71361300,6.071750849283647,-0.004358180877083839
2023-08-09,433.7093468244431,433.87355948928627,429.77820586959297,430.541259765625,78789600,6.065043160774992,-0.0067076885086549964
2023-08-10,432.8980072622996,436.28825743462227,429.527093565885,430.69580078125,93005500,6.065402042259227,0.0003588814842352406
2023-08-11,428.8219993419041,431.4588639187083,428.2231581026232,430.4446716308594,68690900,6.064818794425558,-0.0005832478336689206
2023-08-14,429.5270825673996,432.8207092285156,429.2179937241371,432.8207092285156,47867400,6.070323575806461,0.0055047813809032675
2023-08-15,431.0435212704258,431.40092184966306,427.2089741403311,427.77886962890625,75707500,6.058606402321614,-0.01171717348484691
2023-08-16,427.3634393179518,429.02475480750246,424.5334167819472,424.6396789550781,80107200,6.05124099510333,-0.007365407218284048
2023-08-17,426.10788651233355,426.3686636613096,420.8824689600864,421.404052734375,95711300,6.043592118633702,-0.007648876469628085
2023-08-18,418.5836616313642,422.6403718520157,418.23595877170976,421.60687255859375,98852000,6.044073298229475,0.0004811795957726517
2023-08-21,422.6210410735604,425.09369303000517,420.4671462190992,424.3499755859375,68719000,6.05055852888284,0.00648523065336537
2023-08-22,426.1272091701829,426.1272091701829,422.64039424533416,423.2005920410156,64994200,6.047846279505813,-0.002712249377027298
2023-08-23,424.263004912033,428.53220964419495,424.1181287339091,427.9140319824219,68441000,6.0589223155526,0.011076036046786975
2023-08-24,429.51743829068363,430.0293538199984,421.95457682823127,421.98358154296875,88517300,6.0449664069828595,-0.013955908569740494
2023-08-25,423.7124409886771,426.2430431246683,420.15800790417546,424.95843505859375,102325100,6.051991364279566,0.007024957296706269
2023-08-28,427.1509825528838,428.2714074691659,424.95844443108183,427.65325927734375,61595400,6.058312725364154,0.006321361084588695
2023-08-29,427.5470082557006,434.1150135078099,427.3634885979469,433.83489990234375,83081900,6.072664046752715,0.014351321388560656
2023-08-30,434.17297483140425,436.25928035352985,433.4678714194492,435.6217956542969,69053900,6.07677442574437,0.004110378991654784
2023-08-31,436.2399775018421,437.3797095627112,434.8008248059368,434.9843444824219,66084600,6.075310040745458,-0.001464384998912216
2023-09-01,437.7080777747482,438.1910180232257,434.3371347964679,435.7956237792969,58944100,6.077173380650318,0.0018633399048599841
2023-09-05,435.35135247874024,435.6700800917991,433.84458117342785,433.91217041015625,55166200,6.072842141293534,-0.0043312393567838114
2023-09-06,433.10088254226883,433.2071447426859,428.6674938449774,430.9952697753906,70758500,6.066097115044428,-0.006745026249105557
2023-09-07,427.9912839614794,430.3480346831722,427.6435811384425,429.67193603515625,70355400,6.063021978048064,-0.0030751369963644137
2023-09-08,429.72022009729625,431.85480770691146,429.3628490355431,430.3190612792969,61659700,6.064526936514608,0.0015049584665440818
2023-09-11,432.9462527649071,433.45816823533755,431.2366549432054,433.14910888671875,60180100,6.071082031048379,0.006555094533770678
2023-09-12,431.70030728737913,433.2263855290798,430.19353604446763,430.7730407714844,67565400,6.065581363870679,-0.00550066717769937
2023-09-13,430.99521597971284,432.4343685526933,429.8940980148542,431.27532958984375,60199300,6.0667467019015175,0.0011653380308382921
2023-09-14,433.74799281245487,435.6893927060478,432.4440481531944,434.99395751953125,83430800,6.075332140232509,0.008585438330991124
2023-09-15,433.40728505412073,433.7368392986662,429.31689007252186,429.7530517578125,111848900,6.063210745477565,-0.012121394754943893
2023-09-18,429.4428320631367,431.3038771522312,428.96789063501143,430.0050354003906,55752200,6.0637969188525105,0.0005861733749457088
2023-09-19,429.0842343223396,429.6755151492696,426.42839572285595,429.1133117675781,66514600,6.061721014046186,-0.00207590480632458
2023-09-20,430.3733738455972,430.7901603921495,424.96473276036625,425.1683044433594,82562600,6.052485100987935,-0.009235913058250667
2023-09-21,422.31855674804774,422.58025371246634,417.98584063306095,418.14093017578125,104095800,6.035818529231854,-0.01666657175608144
2023-09-22,419.16839709834846,420.7677155797648,416.7839285170148,417.20074462890625,100829700,6.033567507949824,-0.002251021282029697
2023-09-25,415.98915213200996,418.9939198820318,415.5529609010411,418.9551696777344,70874500,6.037763920588687,0.004196412638862945
2023-09-26,415.91157553365485,416.6191660672769,411.96656825523684,412.8001708984375,96168400,6.02296362816542,-0.01480029242326708
2023-09-27,413.9729720120895,414.53517529607944,409.3204041006066,412.96490478515625,104705800,6.023362613043214,0.0003989848777941063
2023-09-28,412.412517717301,417.03600913362396,411.82123687227,415.359130859375,92258300,6.029143521573903,0.005780908530688578
2023-09-29,418.41229918222865,418.586763812541,412.82919436980524,414.3509826660156,115111300,6.026713398876686,-0.0024301226972163192
2023-10-02,413.51743802249865,415.436637965525,411.4237734247356,414.1862487792969,83798600,6.026315748939816,-0.00039764993687008143
2023-10-03,412.00533549021924,414.2443872113326,407.27520783651096,408.64190673828125,103760600,6.012839238892121,-0.013476510047695456
2023-10-04,409.1071941153402,412.3639860114544,407.64356048210016,411.6176452636719,87453000,6.020094872972181,0.007255634080060247
2023-10-05,411.3267794643804,412.30576918646256,408.2347799278949,411.4624938964844,70142700,6.019717871118671,-0.00037700185350963977
2023-10-06,409.01026454136644,417.8889419596687,407.68234534407696,416.3477783203125,113273300,6.031520916580916,0.0118030454622442
2023-10-09,414.44797038266114,419.5852123041229,413.8954989431742,419.0133361816406,80374400,6.03790274801142,0.006381831430504192
2023-10-10,419.643378299873,423.7919280682824,419.2459668319729,421.1942443847656,78607300,6.043094115362956,0.005191367351535803
2023-10-11,422.2604472219357,423.1715503152822,419.8759785243393,422.9195556640625,62451700,6.047181985225503,0.0040878698625475
2023-10-12,423.5301811699864,423.9081879098467,417.9858555363506,420.3412170410156,81154200,6.041066802967905,-0.006115182257597773
2023-10-13,421.8436069564154,423.0455435777595,416.67731756779995,418.24755859375,95143100,6.036073502656233,-0.004993300311672222
2023-10-16,420.4963128780658,423.71435449669224,420.25399100160854,422.64813232421875,75433200,6.046539994399643,0.010466491743409634
2023-10-17,419.5173488593283,424.6836681484373,419.1684195342952,422.6287536621094,75324700,6.046494142768221,-4.585163142145632e-05
2023-10-18,420.85493671578564,421.8145218630585,415.91156461169203,416.9971618652344,93559800,6.033079415697065,-0.013414727071156207
2023-10-19,417.71448112410957,419.52704410810907,412.6547989345063,413.3332824707031,121323000,6.024254246876215,-0.008825168820850493
2023-10-20,412.89713777676974,413.4399364601398,408.1476049268172,408.2542419433594,123919900,6.011890122349831,-0.01236412452638369
2023-10-23,406.7227000782813,411.4140774521023,404.96829212836195,407.5466003417969,92035100,6.010155282809678,-0.001734839540152855
2023-10-24,409.6693807564813,411.7727477741345,407.8180379697815,410.6192932128906,78564200,6.0176664913350315,0.007511208525353474
2023-10-25,408.9327472697519,408.9618247136512,404.21229195450024,404.72601318359375,94223200,6.003210327512153,-0.014456163822878842
2023-10-26,403.6598536533469,404.5128019378402,398.9588026350324,399.8796081542969,115156800,5.99116352219027,-0.012046805321882736
2023-10-27,401.46919469761593,401.8666061249316,396.64213226616755,398.0669860839844,107367700,5.986620297866126,-0.004543224324144113
2023-10-30,400.85854988329856,403.88272225418063,399.5597081383843,402.8262023925781,86562700,5.998505209355763,0.011884911489636885
2023-10-31,403.3980385118803,405.67586990534585,401.4885410773971,405.35601806640625,79665200,6.004765737916343,0.006260528560580347
2023-11-01,406.32532025886866,410.49324455803196,405.79219440086933,409.6790466308594,98068100,6.015374040044722,0.01060830212837871
2023-11-02,413.4786596174057,417.68539350879695,413.4592845158063,417.5303039550781,94938900,6.034357125980336,0.018983085935614596
2023-11-03,419.8371853582878,422.8904349465744,419.71117325541815,421.3395690917969,100167800,6.043439085988818,0.009081960008481715
2023-11-06,422.0956239774314,422.75473237061436,420.3605910898025,422.3088684082031,67831700,6.045736961975619,0.002297875986800868
2023-11-07,422.30895698517287,424.1505976843083,421.16520460764076,423.5108642578125,64256100,6.048579167264392,0.002842205288772881
2023-11-08,424.11172778289733,424.635151307966,421.51404441898217,423.8209533691406,61746000,6.049311086256976,0.0007319189925842906
2023-11-09,424.9647121167065,425.0034918992464,420.0891971681386,420.51568603515625,83174400,6.041481782011322,-0.007829304245654534
2023-11-10,422.58998243152627,427.38793789386506,420.5059906051338,427.0777587890625,89462200,6.05696610154196,0.015484319530638224
2023-11-13,425.74011615602234,427.77559603562844,424.9549957269619,426.6706237792969,52236100,6.056012342685272,-0.000953758856687692
2023-11-14,432.61240832792026,436.23753414765645,432.3894615518305,434.9483947753906,97176900,6.075227391351017,0.019215048665745194
2023-11-15,436.2860492849091,437.51706352995177,435.01628483174915,435.8692626953125,77327600,6.0773423421797625,0.0021149508287452434
2023-11-16,435.42335386000235,436.72219562577186,434.3571316402488,436.40234375,66665800,6.07856462459069,0.0012222824109278108
2023-11-17,436.41200351038174,437.55578526494025,435.4911981146269,436.94512939453125,83133200,6.079807625185775,0.0012430005950845313
2023-11-20,436.69311009341754,441.1518386514175,436.6834077524104,440.3085632324219,69936200,6.087475761204023,0.007668136018248006
2023-11-21,439.2617056622207,440.1825406267048,438.0791737195552,439.34893798828125,49244600,6.08529394470502,-0.002181816499002842
2023-11-22,441.00647684513626,442.3634735504526,439.9499569252717,441.04522705078125,59394900,6.089147425859078,0.003853481154058258
2023-11-24,441.09367216063396,441.51045868866237,440.7641179584505,441.31658935546875,29737400,6.089762507582238,0.0006150817231596051
2023-11-27,440.68649080129217,441.50068863127217,440.13398990870843,440.521728515625,50506000,6.08795977109642,-0.0018027364858177464
2023-11-28,440.13407696271906,442.25681906014256,439.57190319998205,440.9579772949219,62115000,6.08894958132583,0.0009898102294094713
2023-11-29,443.10976458954195,444.24384395397783,440.2503842780265,440.64776611328125,63146000,6.088245840006622,-0.0007037413192074737
2023-11-30,441.491084558086,442.7317713844543,439.4167950935211,442.3828125,79752700,6.092175598865718,0.003929758859095855
2023-12-01,441.77216442546705,445.53300475365734,441.18091323402564,444.9999084472656,89183400,6.098074076429738,0.005898477564019622
2023-12-04,441.60742053346644,445.01930211338146,440.3861087358581,442.6639404296875,72430900,6.09281088268143,-0.005263193748307415
2023-12-05,441.27787936550914,443.5363064434526,440.89984300542426,442.57672119140625,69793500,6.092613830642714,-0.00019705203871644983
2023-12-06,444.7187848215884,444.74786226267736,440.35699117640615,440.7931823730469,69124700,6.088575791233269,-0.004038039409445027
2023-12-07,442.8771496276889,444.8060222628319,442.27619611806483,444.1566162109375,66995400,6.096177239448197,0.0076014482149284746
2023-12-08,443.4102939900714,446.59925845337557,443.167972091833,446.066162109375,83194400,6.100467286554668,0.004290047106470851
2023-12-11,445.57182828523526,447.97567223110514,445.3585838256798,447.8011779785156,65002200,6.104349334751895,0.0038820481972265952
2023-12-12,447.4521722811235,449.9432481380579,446.45380738636266,449.8463134765625,68327600,6.108905998823574,0.004556664071679428
2023-12-13,450.22440701550494,456.30185945750105,449.86577532109465,456.0498352050781,93278000,6.122602091273351,0.013696092449777097
2023-12-14,457.98836917003774,459.1806035101216,454.83818462019093,457.513427734375,119026000,6.125806234523937,0.0032041432505858225
2023-12-15,456.9158196636758,458.0934340813363,454.9109942306135,456.7601013183594,141553700,6.124158310653108,-0.0016479238708289046
2023-12-18,458.3659614924249,460.31239637628556,457.3051580447496,459.3294372558594,70375300,6.1297676808430905,0.005609370189982421
2023-12-19,459.8743983485583,462.2004020971749,459.7965540277921,462.1225280761719,55761800,6.135830068205264,0.00606238736217346
2023-12-20,461.26619443858215,463.15423891381676,455.2906539604504,455.7188720703125,102921000,6.121876110777068,-0.013953957428196162
2023-12-21,458.7065536605437,460.31238616429494,456.28325178797456,460.0398864746094,86667500,6.131313195451481,0.009437084674413398
2023-12-22,461.1687838422537,462.6480933014032,459.06666039020405,460.96441650390625,67160400,6.133320852390429,0.002007656938947555
2023-12-26,461.373187704544,463.8159432234597,461.2953136791012,462.9108581542969,55387000,6.137534504565525,0.004213652175096172
2023-12-27,462.70645305578125,463.89377939487036,462.1711954005529,463.747802734375,68000300,6.139340875871337,0.0018063713058120712
2023-12-28,464.1078873024159,464.7599262845027,463.50449730696744,463.9229736328125,77158100,6.139718533344186,0.0003776574728489024
2023-12-29,463.72837604213146,464.2539217843669,460.62380998189565,462.5799865722656,122283100,6.1368194859394345,-0.0028990474047514425
2024-01-02,459.51437438828117,460.9839423046435,457.88908810923715,459.9912414550781,123623700,6.1312074489868245,-0.005612036952610033
2024-01-03,457.83068032303305,458.570335093064,455.6312290704376,456.234619140625,103585900,6.123007192855854,-0.008200256130970196
2024-01-04,455.75765509650716,458.346416709132,454.5411334571291,454.7649841308594,84232200,6.119780767115658,-0.0032264257401966034
2024-01-05,454.9693723825891,457.8403754637055,453.93776436095277,455.38787841796875,86118900,6.121149535835706,0.001368768720048763
2024-01-08,455.884242835596,462.0349842457667,455.7577198150965,461.8890075683594,74879100,6.1353246188601505,0.014175083024444035
2024-01-09,459.2320864754785,462.21012932199153,458.72602412321226,461.1882629394531,65931400,6.133806339110651,-0.0015182797494990297
2024-01-10,461.460823196919,464.66271715621303,461.17858179983745,463.7965393066406,67310600,6.139445963186523,0.0056396240758713745
2024-01-11,464.79894328451786,465.31474737264404,459.61170706620095,463.5921630859375,77940700,6.139005206848895,-0.0004407563376274126
2024-01-12,465.04217421360715,465.7818289024957,462.50209119029734,463.9132385253906,58026400,6.139697548805548,0.0006923419566522426
2024-01-16,462.53132242501596,463.8451421871986,460.39023221216354,462.21014404296875,85014900,6.136019644901408,-0.00367790390413969
2024-01-17,459.18345575970955,460.1274778564824,457.28566988777015,459.640869140625,68843900,6.130445465303634,-0.005574179597774176
2024-01-18,461.31477246365523,464.2830735453687,459.7673604180853,463.72833251953125,91856200,6.139298890500271,0.008853425196637232
2024-01-19,464.8572992191645,469.79151871434675,463.7770421286305,469.50927734375,110834500,6.151688058503676,0.012389168003404727
2024-01-22,471.0469830334159,472.22456782073624,469.8499148891261,470.5019836425781,75844900,6.1538001750475315,0.002112116543855791
2024-01-23,471.04699545665005,472.1175109095896,469.9569966462272,471.87420654296875,49945300,6.156712438503531,0.0029122634559994864
2024-01-24,474.745184157241,475.6794645582401,471.8936642634199,472.3900146484375,81765000,6.157804946607084,0.0010925081035528805
2024-01-25,474.52136032734217,475.23181977158964,472.39004139507995,474.9593200683594,72525000,6.1632291584058105,0.0054242117987266525
2024-01-26,474.5311290575468,476.0201506815534,473.5092625372402,474.35595703125,76641600,6.161958004063499,-0.001271154342311398
2024-01-29,474.66734997690736,478.2585246858996,474.12235058965683,478.1125183105469,61322800,6.169846098745765,0.007888094682265923
2024-01-30,477.4215584200377,478.4531665594372,476.9835986796224,477.74273681640625,58618400,6.169072380108755,-0.0007737186370100346
2024-01-31,475.5334936248827,475.98116532447904,469.9277517507619,469.9472351074219,126011100,6.152620422672946,-0.01645195743580885
2024-02-01,471.65035080339914,476.1271567596163,470.8425637335658,476.09796142578125,91891600,6.165623634371901,0.013003211698954686
2024-02-02,476.53591254829524,482.7644982110768,476.1952805049677,481.11004638671875,99228200,6.176096030604858,0.010472396232956704
2024-02-05,480.47743909484853,481.13921979443177,477.10037355108614,479.35821533203125,75757100,6.172448157859572,-0.003647872745285774
2024-02-06,480.3022375794468,481.0808293147646,478.871606822303,480.74993896484375,55918600,6.175347257510678,0.0028990996511062406
2024-02-07,482.9980918458816,485.17808940845316,482.0929770540646,484.7596130371094,70556500,6.183653124843325,0.0083058673326466
2024-02-08,484.759615339305,485.3532637246949,483.9421162494583,484.9737243652344,52343600,6.184094712903353,0.00044158806002858597
2024-02-09,485.47977226451565,488.2145108276318,485.13914022884614,487.7765808105469,63979400,6.189857474810835,0.005762761907481817
2024-02-12,487.747352637465,490.0149359961155,486.84223792928447,487.56243896484375,56502300,6.189418362164253,-0.0004391126465819184
2024-02-13,481.28521924942925,483.776653518952,477.5772631803255,480.8472595214844,113099200,6.17554967190441,-0.013868690259843497
2024-02-14,483.48468469887587,485.703619202311,481.1586808363787,485.2170104980469,68387800,6.184596235189991,0.0090465632855814
2024-02-15,485.9177581862181,488.74982458371477,485.4408614304675,488.5649108886719,61683000,6.191472340626011,0.006876105436020019
2024-02-16,488.26315378111764,489.40180144243595,485.39215073377574,486.1318054199219,75532900,6.186479791698924,-0.004992548927087448
2024-02-20,484.3897857981468,485.06130820828355,481.20737545898015,483.45550537109375,71736700,6.180959284538921,-0.00552050716000263
2024-02-21,482.15142520014626,484.0491814982397,480.3412252124708,483.8934631347656,59293400,6.1818647649970675,0.0009054804581465348
2024-02-22,490.51131764803023,494.87131264849836,489.54781221335594,493.9078369140625,76402500,6.202348934831226,0.020484169834158905
2024-02-23,495.63045683227716,496.46743931170954,493.5185915264853,494.2485046386719,61321800,6.203038436530058,0.0006895016988313074
2024-02-26,494.6864234153272,495.12438315275733,492.3117704350963,492.43829345703125,50386700,6.199369160289353,-0.0036692762407044555
2024-02-27,493.1292673855463,493.57693907250416,491.23148157958644,493.35308837890625,48854500,6.201225121299608,0.0018559610102544255
2024-02-28,491.7959350516518,493.28495648375826,491.4358493661455,492.7010498046875,56506600,6.199902600265503,-0.0013225210341047955
2024-02-29,494.462517027139,496.0877732738066,491.81536480300167,494.47222900390625,83924800,6.203490989736318,0.003588389470815301
2024-03-01,495.3482154895911,499.54275051356746,494.9394511031337,499.1145324707031,76844800,6.212835593404303,0.009344603667984508
2024-03-04,498.31658685191803,500.42845220247364,498.28736181458015,498.5793151855469,49799300,6.211762684439782,-0.0010729089645202805
2024-03-05,496.5744479650044,497.0221493633574,491.38721217314117,493.5964050292969,72855600,6.201718189398726,-0.010044495041056756
2024-03-06,496.8761572948693,498.3554668272533,494.8032290742474,496.09759521484375,68382400,6.206772671915379,0.005054482516653636
2024-03-07,499.39680772832526,502.0731556685532,496.15597704493354,501.0220642089844,58652100,6.216650140452412,0.009877468537032641
2024-03-08,501.6546542384204,504.34068432238394,497.4406063327474,498.0148010253906,86532500,6.210629797517514,-0.006020342934897727
2024-03-11,496.80801634913047,498.1705147342669,494.881035254285,497.5865783691406,62557200,6.209769568330373,-0.0008602291871415702
2024-03-12,499.69843974480625,503.52317664539584,497.17778077547115,502.93927001953125,73114400,6.220469427262965,0.010699858932592399
2024-03-13,503.2604525888654,503.43562459877114,500.7106276661075,502.1509704589844,55104100,6.218900812445236,-0.0015686148177289638
2024-03-14,503.12418400270946,503.27993205507374,498.1121499011311,501.1583251953125,110171800,6.216922069515499,-0.0019787429297366543
2024-03-15,498.0880174407595,499.5426370968139,496.0476768950372,497.717041015625,107646300,6.210031724811452,-0.006890344704047813
2024-03-18,501.78800868482955,503.23282668542583,500.26507469946,500.6750793457031,88893300,6.215957346468937,0.005925621657485003
2024-03-19,499.9820112945357,503.7405165081089,498.976454143322,503.4574279785156,60755300,6.221499156406155,0.005541809937218645
2024-03-20,503.515985878407,508.2507322695581,502.84237700936313,508.1140441894531,69594600,6.23070591881886,0.00920676241270435
2024-03-21,510.95497299473493,511.6578381638752,509.51009528309675,509.7932434082031,60256100,6.23400523843756,0.003299319618700558
2024-03-22,509.70524142108957,510.1933619854548,508.59231223392965,508.82666015625,79070800,6.232107408759017,-0.0018978296785432391
2024-03-25,507.45018520809214,508.57288646937474,507.26469698888116,507.4209289550781,48512100,6.229340893762456,-0.00276651499656122
2024-03-26,508.8461600156402,509.1878801721596,506.08344043810223,506.4836730957031,65463700,6.227492088412431,-0.0018488053500247403
2024-03-27,509.31483823022427,510.7792000886694,507.1475516955064,510.7401123046875,82999800,6.235860874341838,0.008368785929406819
2024-03-28,510.77911358782484,512.1458153398996,510.3593370763644,510.6424255371094,96294900,6.2356695909308595,-0.0001912834109782935
2024-04-01,511.38439386416735,511.92131455401733,508.59229902389643,509.7540283203125,62477500,6.233928311964414,-0.001741278966445492
2024-04-02,505.9272809933223,506.6496900205949,504.20908677438206,506.5130615234375,74230300,6.227550111161643,-0.006378200802770628
2024-04-03,505.4196078580209,508.57290771634445,505.3708077109344,507.0694580078125,59155800,6.228647992250831,0.0010978810891879576
2024-04-04,511.08186037390533,511.4235209921689,500.5774945359362,500.880126953125,96858100,6.216366804897183,-0.012281187353647915
2024-04-05,502.23711314886503,508.0750169684766,501.7977926534172,506.1127624511719,74546500,6.226759495153954,0.010392690256770365
2024-04-08,506.8157102301138,507.82120781564623,505.58563662088517,506.3958740234375,48401800,6.227318723133736,0.0005592279797825839
2024-04-09,508.1335553906493,508.3776156958321,502.12964804913753,506.9815979003906,68049200,6.228474706878009,0.001155983744272504
2024-04-10,501.2803426609476,503.89666208515973,499.92341259541246,501.9051513671875,82652800,6.218411160340409,-0.010063546537599777
2024-04-11,503.4281061989144,507.13781122017554,499.9136613545702,505.6929931640625,70099000,6.225929752273242,0.007518591932832663
2024-04-12,502.1492186619509,503.5647804243456,496.98489398756476,498.7128601074219,92561100,6.212030499481315,-0.013899252791926386
2024-04-15,502.89118522807627,503.0571295651305,491.61558034670605,492.4649353027344,92101400,6.199423260722638,-0.012607238758677752
2024-04-16,492.94324564322153,494.4661795680653,490.27809637848605,491.5667419433594,73484000,6.197597722725058,-0.0018255379975800068
2024-04-17,494.0268893119992,494.1928634388067,487.2615443714678,488.6575622558594,75910300,6.191661962477762,-0.005935760247295363
2024-04-18,490.0535522630773,492.1524648158817,486.714794359639,487.6519775390625,74548100,6.189601990652419,-0.002059971825342899
2024-04-19,487.57394131853926,488.56969668668467,482.1264983587833,483.3956298828125,102212600,6.180835427853699,-0.008766562798720123
2024-04-22,486.00224053735934,490.4441567598784,483.6592671479931,487.84735107421875,67961000,6.190002551743622,0.009167123889922912
2024-04-23,489.8583644626642,494.0659621350047,487.66182151013055,493.63641357421875,64633600,6.201799241292848,0.01179668954922608
2024-04-24,494.52477110173174,495.31552414024065,491.1762707245871,493.402099609375,55928100,6.201324459476099,-0.0004747818167496476
2024-04-25,487.32005193688127,492.28911583394023,485.67020200378414,491.52764892578125,69122400,6.197518192177509,-0.0038062672985894608
2024-04-26,494.31979324751813,497.7659238799117,493.68524235456005,496.1844177246094,64306100,6.206947667549392,0.0094294753718831
2024-04-29,497.97090591945084,498.61522873285696,495.1983842873063,497.9416198730469,46415400,6.210482840982188,0.003535173432795524
2024-04-30,496.4772431240589,497.45348436502843,490.0535888671875,490.0535888671875,77483600,6.194514750159829,-0.015968090822358505
2024-05-01,489.4678380773352,496.1160385437577,487.9937042701267,488.4623107910156,80242800,6.191262315570912,-0.003252434588917552
2024-05-02,492.1720003799534,493.8706803453591,487.6812848525579,493.0310974121094,62550200,6.200572249968391,0.009309934397479402
2024-05-03,499.0154483809272,500.37240813782097,496.4772153379588,499.1423645019531,72756700,6.212891354664438,0.012319104696047134
2024-05-06,501.54389828336633,504.3359337135483,501.10457784231613,504.2969055175781,47264700,6.223165192870274,0.01027383820583605
2024-05-07,505.2633981790086,506.2494113345479,504.1797847364997,504.8533935546875,52561300,6.224268077334616,0.0011028844643421465
2024-05-08,503.018083190491,505.43914245784595,502.90093900562147,504.9022216796875,42047200,6.224364790092241,9.671275762457299e-05
2024-05-09,505.08770969254925,507.8504891521531,504.4336447297941,507.8114013671875,43643700,6.2301101214942785,0.005745331402037479
2024-05-10,509.4125016902763,510.2227987029079,507.2452744718461,508.465576171875,52233200,6.23139751638661,0.0012873948923317613
2024-05-13,510.1446966337389,510.25206888586143,507.39168877313017,508.53387451171875,36716400,6.2315318298120514,0.0001343134254412348
2024-05-14,508.72915535784875,511.38456302160483,508.1922344903943,510.86712646484375,57535900,6.23610952990337,0.004577700091318526
2024-05-15,513.3369504006804,517.4859756907869,512.7023697575905,517.193115234375,59504900,6.248416335197298,0.012306805293928136
2024-05-16,517.290757880065,518.891807952925,515.9825682875961,516.1290283203125,50244800,6.246356789107377,-0.0020595460899208717
2024-05-17,516.246162943074,516.9393157213522,514.7915729298934,516.8709716796875,59187600,6.247793272141177,0.0014364830337996182
2024-05-20,516.9880819887991,518.930792527948,516.5975616577482,517.4664306640625,37764200,6.2489446547534815,0.00115138261230463
2024-05-21,516.7049957755823,518.8917666350982,516.4999636631139,518.7355346679688,33437000,6.251394186178705,0.002449531425223306
2024-05-22,518.0424072439434,518.7550442398426,515.064823969773,517.2418823242188,48390000,6.2485106225908895,-0.0028835635878152743
2024-05-23,520.2974940619036,520.4048662857896,512.2532170997966,513.4638061523438,57211200,6.241179542273636,-0.007331080317253935
2024-05-24,515.3089561408403,517.6715030328614,514.3620306627067,516.8612060546875,41291100,6.247774378224143,0.006594835950507694
2024-05-28,517.6714434796838,517.9057318355667,514.5864879004678,517.2223510742188,36269600,6.248472861498004,0.0006984832738607949
2024-05-29,513.1905202395113,514.7817983278129,512.8878878194378,513.6005249023438,45190300,6.24144577438135,-0.007027087116654229
2024-05-30,512.0581664345199,512.7220034469959,508.94395393500866,510.1935119628906,46377600,6.234790088972386,-0.006655685408963663
2024-05-31,511.15023176853157,514.9673092079909,506.0444490191236,514.8403930664062,90785800,6.243856936253821,0.009066847281435031
2024-06-03,516.4511771729021,516.7342656913833,510.18366530067414,515.2601318359375,46835700,6.244671883499483,0.000814947245661557
2024-06-04,513.9520429838191,516.578134600827,512.4876809576447,515.836181640625,34632700,6.245789237634282,0.0011173541347995197
2024-06-05,518.1596136281009,521.9864628385163,516.1680432425981,521.9669189453125,47610400,6.257604212206459,0.01181497457217695
2024-06-06,522.2695576901561,522.6991062505612,520.0242145910106,521.9571533203125,30808500,6.257585502751893,-1.8709454566057104e-05
2024-06-07,520.980789635887,524.1340888487662,519.8874043907796,521.322509765625,43224500,6.256368870902494,-0.0012166318493989081
2024-06-10,520.5122296802525,523.2554648254413,519.9167369014993,522.9332885742188,35686100,6.259453900621632,0.0030850297191378218
2024-06-11,521.3811694677967,524.2513211148034,519.4091430834137,524.1927490234375,36383400,6.261859458331671,0.002405557710038586
2024-06-12,528.7615289974312,531.1923600659605,527.4631115100716,528.4979248046875,63251300,6.270038878726779,0.008179420395108217
2024-06-13,530.2453924252503,530.4211086780596,526.7699763935087,529.56201171875,44760900,6.272050271911757,0.0020113931849783384
2024-06-14,528.0293342324846,529.9134725597781,527.0237772162169,529.8842163085938,40089900,6.272658522885244,0.0006082509734870456
2024-06-17,529.2008719569648,535.4976399183048,528.7420075865693,534.1015625,55839500,6.280586012823565,0.007927489938320598
2024-06-18,534.16013957423,535.585473259027,533.7403629842298,535.4585571289062,41376400,6.283123495910532,0.0025374830869671072
2024-06-20,536.3859370269113,537.0497738552268,532.2271402161125,534.00390625,70328200,6.280403154008346,-0.00272034190218573
2024-06-21,533.180367297688,534.4046057790133,531.8288032321234,533.2880859375,64338600,6.279061777093555,-0.0013413769147909704
2024-06-24,533.1117619254674,535.6777608035513,531.4369822915095,531.5545043945312,45528700,6.275805740773643,-0.0032560363199118925
2024-06-25,532.7787868983022,533.9638712753774,531.2607431275164,533.6015014648438,37936200,6.279649308437118,0.0038435676634742677
2024-06-26,532.4848360585163,534.982269937736,531.8384646150638,534.267333984375,38550600,6.280896339127992,0.0012470306908740625
2024-06-27,534.1303504208262,535.6876080791019,533.3860038559784,535.1097412109375,35041500,6.282471849619767,0.0015755104917749563
2024-06-28,535.8833782760337,538.9391321933387,531.7601817698417,533.0039672851562,76144500,6.278528867449881,-0.003942982169885312
2024-07-01,534.3849539324244,534.6298016081159,531.3390631933655,534.1009521484375,40297800,6.280584870059802,0.0020560026099207818
2024-07-02,532.4947501316359,537.6953125,532.4457925507478,537.6953125,40434800,6.287292066091191,0.006707196031388918
2024-07-03,537.3819778344747,540.4572795070011,537.3428237195677,540.0949096679688,32789900,6.291744882758966,0.0044528166677748615
2024-07-05,540.3985036534809,543.6108745288857,539.7618756957023,543.2093505859375,41488400,6.297494789987967,0.005749907229001039
2024-07-08,543.9927357696513,544.7860397915607,542.7684974779849,543.8360595703125,36110500,6.298647840353581,0.0011530503656143054
2024-07-09,544.7958024014986,545.6968249789537,544.0710629515506,544.3648681640625,27289700,6.299619735565022,0.0009718952114408097
2024-07-10,545.5891159264746,550.0942886699685,545.2953107088132,549.7515258789062,38701200,6.309466405017933,0.00984666945291135
2024-07-11,549.869152242232,550.7408243676441,544.3747844096212,545.0113525390625,53054200,6.300806624793199,-0.008659780224734348
2024-07-12,546.1376877405125,552.0531865568831,545.667599292853,548.4490356445312,53084400,6.3070943595269275,0.006287734733728456
2024-07-15,550.4469707289841,553.1990561394715,548.0964091939553,549.957275390625,40584300,6.309840594101228,0.0027462345743005656
2024-07-16,551.2696499606263,553.5124331903285,550.51549997726,553.2186279296875,36475300,6.315753272270836,0.005912678169607943
2024-07-17,547.2835053633577,548.9582849622979,545.1386373621594,545.4618530273438,57119000,6.301632872538876,-0.014120399731959665
2024-07-18,546.9994291163081,547.9886231424467,539.0859366844549,541.2699584960938,56270400,6.293918153456413,-0.0077147190824637946
2024-07-19,541.0350233261719,542.6608454522978,536.6179614633988,537.6757202148438,65509100,6.287255627904626,-0.00666252555178648
2024-07-22,541.6030366708314,543.826272604696,539.6638622867013,543.2190551757812,43346700,6.297512655113349,0.010257027208722569
2024-07-23,543.111291105197,545.2659625762393,541.8773090500791,542.3670043945312,34439600,6.295942902169855,-0.0015697529434932633
2024-07-24,537.5483785668235,537.8519873002513,529.1549928867055,530.0756225585938,74515300,6.273019680440582,-0.022923221729273635
2024-07-25,530.1931317534066,536.177254363603,526.3735438881854,527.313720703125,61158300,6.2677956668751635,-0.00522401356541824
2024-07-26,531.1039639898098,535.9127455404142,530.3302071573028,533.2194213867188,53763800,6.278933011847357,0.011137344972193652
2024-07-29,534.7668786438925,535.775619885458,531.534841817287,533.5328369140625,39515800,6.279520618827185,0.0005876069798276262
2024-07-30,535.0019870020752,536.059745722708,527.4215123549488,530.8297729492188,46853600,6.274441391595688,-0.005079227231497008
2024-07-31,537.6658891932146,542.0927543010554,536.2947780748914,539.4581909179688,65663400,6.290565285713698,0.016123894118010185
2024-08-01,541.1819427118934,543.4345294348678,528.3127341764186,531.8189697265625,76428700,6.27630314896356,-0.014262136750137877
2024-08-02,524.7085981454201,525.9230331199286,517.7059303208597,521.9173583984375,82789100,6.257509258104768,-0.018793890858791684
2024-08-05,501.0954700551791,512.7893973566776,499.75367969518885,506.7171630859375,146267400,6.22795298419149,-0.029556273913278197
2024-08-06,508.5192787931633,518.832292941033,507.19712508166475,511.3889465332031,84826300,6.2371304484921,0.009177464300609728
2024-08-07,517.5786469147923,520.6344013211964,507.3734111313128,507.9708251953125,70698300,6.230424015211386,-0.006706433280713853
2024-08-08,513.1125407389065,520.3404486814812,511.08525465156777,519.7136840820312,63276600,6.2532780524009235,0.02285403718953738
2024-08-09,518.8909769209239,523.4941251002426,517.6667385635127,522.0054321289062,45619600,6.257677994205708,0.004399941804784646
2024-08-12,523.2003538167259,524.6889871074426,520.0075304089534,522.2797241210938,42542100,6.258203314319383,0.0005253201136747876
2024-08-13,525.4725645280489,531.1040615199245,525.2277168327499,530.8689575195312,52333100,6.274515206453342,0.016311892133958672
2024-08-14,531.6622865517797,533.7288466275766,528.9885687226673,532.5437622070312,42446900,6.277665076755195,0.003149870301853319
2024-08-15,538.1752594686596,541.9556937145602,537.5680419380651,541.6716918945312,60846800,6.294660083396444,0.016995006641248978
2024-08-16,540.0555939415091,543.5814362683599,539.8989177341498,542.8860473632812,44430700,6.296899440384578,0.002239356988134489
2024-08-19,543.2973511166235,548.0767822265625,542.4452860411917,548.0767822265625,39121800,6.30641539068515,0.009515950300571951
2024-08-20,547.6263456901657,549.2815184001456,545.8438474042439,547.1856079101562,33732300,6.304788064628676,-0.0016273260564743097
2024-08-21,548.2336427512126,550.5253838963663,543.2974745420673,549.0661010742188,41514600,6.308218836946989,0.0034307723183131245
2024-08-22,550.9660160166799,551.5732334533072,543.5422179587766,544.7566528320312,56121500,6.300339186383531,-0.007879650563458185
2024-08-23,547.9984691071246,551.4850973665338,545.8045838781815,550.5448608398438,50639400,6.3109084439230685,0.010569257539537524
2024-08-26,551.5733022984582,552.2882384520825,547.5284135216066,549.2325439453125,35788600,6.308521929139851,-0.002386514783217386
2024-08-27,547.9592873998898,550.476328645617,546.8134170306081,549.9866333007812,32693900,6.309893974841703,0.0013720457018520094
2024-08-28,549.6439450462528,550.0748793992682,543.601060631449,546.7938842773438,41066000,6.304071920217648,-0.005822054624054829
2024-08-29,548.7623394799141,552.0628809883677,545.6968421488655,546.8427124023438,38715200,6.304161215190367,8.9294972719145e-05
2024-08-30,549.2128659703031,552.5721684331874,545.6576734390724,552.0628662109375,62700100,6.313661927855635,0.009500712665267308
2024-09-03,548.9191307501956,549.25214992284,538.1850458833093,540.7020874023438,60600100,6.292868456935979,-0.020793470919655554
2024-09-04,538.8607329114091,543.0035361193702,538.1359934145067,539.5952758789062,47224900,6.290819369437801,-0.002049087498178004
2024-09-05,539.5365467142444,542.3865472945482,535.8246177750381,538.2828979492188,44264300,6.288384254579624,-0.0024351148581773785
2024-09-06,538.6061519080256,540.2319142524223,528.3225490242058,529.2235717773438,68493800,6.271410973534053,-0.016973281045570943
2024-09-09,533.4251264283236,536.4220593419303,531.495695817922,535.1488037109375,40445800,6.282544846000319,0.011133872466266403
2024-09-10,537.0586665381934,537.8324234437913,532.1813200114981,537.4797973632812,36394600,6.286891172994563,0.004346326994244087
2024-09-11,537.3917487162622,543.9144652005341,528.8318826121556,542.9938354492188,75248600,6.297097967105622,0.010206794111058848
2024-09-12,543.5716351743016,547.8711746400817,541.3483991843773,547.5675659179688,51819600,6.305485862145856,0.00838789504023385
2024-09-13,548.1749031158975,551.4264880828476,547.9202519170885,550.427490234375,39310500,6.3106952312918905,0.005209369146034426
2024-09-16,550.1628688432331,551.5046291897925,548.3608236054457,551.240234375,36656100,6.312170711184635,0.0014754798927443247
2024-09-17,553.4536471249235,554.9031859740162,549.2324757022386,551.4655151367188,49321000,6.312579307521332,0.00040859633669754203
2024-09-18,552.1216967889254,556.9696926491016,549.2716961893568,549.8299560546875,59044900,6.3096090596137095,-0.0029702479076227917
2024-09-19,559.2418737919741,561.0733295553275,556.3722663136862,559.2124633789062,75315500,6.32652947854481,0.0169204189311003
2024-09-20,557.8430941207945,559.2871857073619,555.2200568119598,558.245849609375,77503100,6.324799456047534,-0.0017300224972762734
2024-09-23,559.3166610051752,560.2892222272916,558.0984411315784,559.6408081054688,44116900,6.327295163837792,0.002495707790258095
2024-09-24,560.4365555490466,561.3010677532865,557.6072537825559,561.2421264648438,46805700,6.330152410387629,0.0028572465498371002
2024-09-25,561.0850037974096,561.8217999280521,558.8942225290759,560.0043334960938,38428600,6.327944522085136,-0.0022078883024931883
2024-09-26,564.2678851150425,564.5920921622151,559.866775948692,562.2244873046875,48336000,6.33190121373998,0.0039566916548441355
2024-09-27,563.2954210502361,564.1107656382737,560.3776770438751,561.4091796875,42100900,6.330450015214655,-0.001451198525324493
2024-09-30,560.3776493545987,564.2679545173111,558.0788790007499,563.6588745117188,63557400,6.334449236087109,0.003999220872453968
2024-10-01,563.3051897855821,563.9535439565005,556.035444442894,558.6093139648438,72668800,6.32545032713656,-0.008998908950549556
2024-10-02,557.7153138155387,559.8667605957481,555.3182683616095,558.8450317382812,38097800,6.325872210639614,0.00042188350305405464
2024-10-03,557.3713801254914,559.7684253232303,555.5343070392588,557.8233032226562,40846500,6.324042251342367,-0.0018299592972468304
2024-10-04,562.273664576873,563.2658929623027,558.09848649286,562.892578125,42939100,6.333088807314661,0.009046555972294534
2024-10-07,561.242031051746,561.8904450750028,556.6542649927998,557.8036499023438,49964700,6.324007018560908,-0.009081788753753095
2024-10-08,560.3775771285751,563.6784689445017,559.5032914013763,563.0791625976562,37398700,6.3334202267768305,0.009413208215922175
2024-10-09,563.0693978961492,567.5393423690588,562.4701514366566,566.9793701171875,37912200,6.340322918792791,0.006902692015960277
2024-10-10,565.6334738441669,567.4116060358193,564.3759797176003,565.9871215820312,44138100,6.338571324555684,-0.0017515942371071347
2024-10-11,565.9085213296812,570.1131999200273,565.7709716649979,569.3764038085938,42268000,6.344541733536705,0.00597040898102108
2024-10-14,570.9873775872582,574.9661238038994,570.5060138126606,574.0328369140625,36217200,6.352686601850655,0.008144868313950226
2024-10-15,574.2981309420833,574.6026708937048,568.3545951743074,569.5728149414062,54203600,6.344886632381229,-0.00779996946942596
2024-10-16,569.57286786976,572.5691599226542,568.767296964022,572.0484619140625,30725400,6.349223711416937,0.004337079035708236
2024-10-17,575.5948569414992,575.8011814159861,571.9108767867559,572.0975341796875,34393700,6.34930949114404,8.577972710277493e-05
2024-10-18,573.7872313147403,575.0839994048337,572.3234729286785,574.298095703125,37416800,6.353148592007405,0.0038391008633649193
2024-10-21,573.5711395635755,574.5535342943244,570.378356688641,573.3550415039062,36439000,6.351505143510809,-0.0016434484965959228
2024-10-22,570.8204209471064,574.2096946097226,570.1622332957213,573.0504760742188,34183800,6.350973803714929,-0.0005313397958799371
2024-10-23,571.0267196890029,571.4688092704015,564.3071139493308,567.8142700195312,49314600,6.341794375846226,-0.009179427868702739
2024-10-24,569.7693209618997,569.8479293354313,566.4193810527883,569.0423583984375,34979900,6.343954874938036,0.002160499091809598
2024-10-25,571.2724939588697,574.1705710382292,567.9028864933955,568.845947265625,47268200,6.3436096545261815,-0.00034522041185436336
2024-10-28,572.3235609618828,572.4512770786239,570.299830137409,570.6043701171875,30174700,6.346696097560424,0.0030864430342427696
2024-10-29,569.6415908764491,572.6477165136779,568.2466070737139,571.52783203125,42899700,6.348313182016252,0.0016170844558276443
2024-10-30,571.0561399731351,573.0504298080293,569.0913507575665,569.7987060546875,41435800,6.345283151184935,-0.003030030831316921
2024-10-31,565.4270604157058,565.4958352362431,558.4324153285519,558.62890625,60182500,6.325485399844965,-0.019797751339970304
2024-11-01,561.2617325907157,565.4172428761593,560.5740443264921,560.9866333007812,45667500,6.329697078680518,0.004211678835552846
2024-11-04,561.1242574334378,562.4210257711015,557.8922001113365,559.7783813476562,38217000,6.327540957806979,-0.0021561208735390025
2024-11-05,560.6919638738422,566.586332309216,560.4758658123077,566.5470581054688,39478300,6.339560145165435,0.012019187358456307
2024-11-06,578.8270705681771,581.5089893813079,575.0841485043231,580.6346435546875,68182000,6.364121718351059,0.024561573185624574
2024-11-07,582.6387178727699,586.145874462509,582.5601095007273,585.1241455078125,47233200,6.3718240392608045,0.007702320909745097
2024-11-08,585.6742957423695,589.0832369047557,585.6742957423695,587.6587524414062,46444900,6.37614642643784,0.0043223871770354805
2024-11-11,589.2501914582232,589.6038391769904,586.4896646144927,588.2186889648438,37586800,6.377098798761762,0.0009523723239217574
2024-11-12,588.1400498376755,588.739296212128,583.9059310932324,586.3914184570312,43006100,6.373987516183353,-0.0031112825784092024
2024-11-13,586.8531544283672,588.6803942959151,584.4856094336134,586.6763305664062,47388600,6.374473271784791,0.00048575560143859775
2024-11-14,586.804069200042,587.2854330583992,582.2163022724781,582.9039306640625,38904100,6.36802238831932,-0.006450883465471513
2024-11-15,579.3378226480269,579.8094129170865,573.5810036102117,575.437744140625,75988800,6.3551310453175525,-0.012891343001767197
2024-11-18,575.8993966406199,579.1118465214918,575.0349444617987,577.7954711914062,37001700,6.3592199499803135,0.004088904662761017
2024-11-19,574.4160398519082,580.6345552744816,573.7480186357969,579.9075927734375,49412000,6.362868768042821,0.0036488180625076083
2024-11-20,579.9862433981077,580.3889988810581,574.3374733314436,580.1041259765625,50032600,6.363207614973121,0.000338846930300285
2024-11-21,582.9531169226577,584.6428072515256,577.1078556838472,583.2183227539062,46750300,6.368561597817362,0.005353982844241045
2024-11-22,583.2084735757152,585.654687007179,582.7075025920674,585.0259399414062,38226400,6.371656188028971,0.0030945902116084056
2024-11-25,588.9653319760873,590.281707390563,584.7213793724078,587.0103759765625,42441400,6.375042495952218,0.0033863079232467896
2024-11-26,588.2579123147351,590.7433995936517,587.540783398016,590.0753784179688,45621300,6.380250288769603,0.0052077928173854815
2024-11-27,589.8887226529953,590.2718110026187,586.7647148108081,588.2874145507812,34000200,6.377215628731127,-0.003034660038475856
2024-11-29,589.1027595534448,592.7277982726248,588.827720226239,591.94189453125,30177400,6.383408478937223,0.006192850206096168
2024-12-02,592.3544546258752,593.680723337865,591.8632573163846,593.0028686523438,31746000,6.385199236511056,0.0017907575738327353
2024-12-03,592.7672106157903,593.5236138358292,591.73570807165,593.2780151367188,26906600,6.38566311735592,0.0004638808448635956
2024-12-04,594.9677449089698,597.2075737883222,594.2997236656325,596.9619750976562,42787600,6.3918534180603395,0.006190300704419727
2024-12-05,596.961947940629,597.7675188046404,595.6259055147337,595.9795532226562,28762200,6.390206359803467,-0.0016470582568723913
2024-12-06,596.7458327264936,598.3471408675985,596.3332437457798,597.1093139648438,31241500,6.392100202099591,0.0018938422961243262
2024-12-09,596.9915028268559,597.1584931551176,593.445071963169,594.0344848632812,34742700,6.386937373002889,-0.005162829096702737
2024-12-10,594.7123228135097,595.134745373381,591.529373321926,592.1875610351562,37234500,6.383823410778123,-0.003113962224765565
2024-12-11,595.1150870375847,597.7183970026139,594.8399877419274,596.7655029296875,28677700,6.391524243816872,0.007700833038748911
2024-12-12,595.9010621562538,596.4708079758578,593.690673828125,593.690673828125,31543800,6.386358432593581,-0.0051658112232910725
2024-12-13,595.7242008087076,596.4413297893211,592.1973772710232,593.57275390625,35904700,6.386159791046123,-0.00019864154745796725
2024-12-16,595.3311685679445,597.0798598573732,594.5550983663578,596.1072387695312,43695200,6.390420581701102,0.004260790654979196
2024-12-17,593.553151685944,594.5158794594372,592.2760503625989,593.6513671875,55773500,6.3862922231286054,-0.004128358572496715
2024-12-18,593.3467745348553,595.7339866328443,575.5752867073982,575.9584350585938,108248700,6.356035496735527,-0.030256726393078637
2024-12-19,580.9490228826561,582.5601648792804,575.5360174904994,575.7816162109375,85919500,6.355728450282032,-0.00030704645349466375
2024-12-20,573.4513839180992,587.231466902458,572.6036351958548,582.697265625,125716700,6.367667781543201,0.01193933126116864
2024-12-23,582.4410536479828,586.7879698949739,579.257197549177,586.1867065429688,57635800,6.373638350679106,0.005970569135905102
2024-12-24,587.5370230202848,592.7415539521577,586.9554328723399,592.7020874023438,33160100,6.38469189064071,0.011053539961603853
2024-12-26,590.9277996479015,593.8651696252028,589.5281209545966,592.7415161132812,41219100,6.384758412086074,6.652144536456461e-05
2024-12-27,588.9958066290322,589.2324254266508,582.31278453499,586.5020141601562,64969300,6.374176102290798,-0.010582309795275968
2024-12-30,579.4839659814963,583.2788920150762,576.0536844624783,579.8092041015625,56578800,6.362699090976185,-0.011477011314613428
2024-12-31,581.4748988586764,582.1945015590405,576.0634095440413,577.69970703125,57052700,6.359054195657526,-0.0036448953186587474
2025-01-02,580.9624149327,582.6775253068124,572.1995172748154,576.2803344726562,50204000,6.35659423409266,-0.0024599615648659423
2025-01-03,579.1289967873591,584.1264484268344,578.044689478734,583.4857788085938,37888500,6.369020079207828,0.012425845115167533
2025-01-06,587.7440676720806,591.1250155334773,585.1122021784661,586.8470458984375,47679400,6.374764216706144,0.0057441374983158155
2025-01-07,588.8776099950986,589.2029082453815,578.3897946667151,580.2133178710938,60393100,6.363395825355431,-0.01136839135071277
2025-01-08,580.282291853868,582.1354148697908,576.8323377526707,581.0609741210938,47304700,6.364855698197516,0.0014598728420853746
2025-01-10,577.5026413332764,577.5716476388544,570.2774344732991,572.189697265625,73105000,6.349470574976148,-0.015385123221368424
2025-01-13,567.5372072518853,573.4316812597856,567.1231694250464,573.0768432617188,47910100,6.351019814637206,0.0015492396610579107
2025-01-14,576.0043111010004,576.6351742776535,570.0802375478183,573.8653564453125,48420600,6.352394798150802,0.0013749835135961064
2025-01-15,581.8890360172194,585.4474030923216,580.7751887912287,584.3040161132812,56900200,6.37042142291223,0.018026624761428245
2025-01-16,585.6740907119066,585.8515097161563,582.4804283105531,583.1802978515625,43319700,6.368496397290398,-0.0019250256218317219
2025-01-17,588.4242703969026,590.7899174222187,587.0935375428814,589.035400390625,58070600,6.378486284376274,0.009989887085875893
2025-01-21,592.0810894520482,594.4369296257112,590.1096871636119,594.4270629882812,42532900,6.387598022293543,0.009111737917268492
2025-01-22,597.2560318658977,599.1288881406504,596.7040416210903,597.7686157226562,48196000,6.393203748844143,0.00560572655060021
2025-01-23,597.1377185948221,601.03125,596.8617535693179,601.03125,41152100,6.398646929855641,0.005443181011497877
2025-01-24,601.0904500891409,602.0466115435261,598.1234798327728,599.2767333984375,34604700,6.395723483747782,-0.0029234461078591067
2025-01-27,586.3049484329972,591.1151752666312,586.1373960687419,590.7997436523438,70361100,6.381477116757916,-0.014246366989866033
2025-01-28,592.0318399526346,596.7139205737208,588.7100317776161,595.8760986328125,44433300,6.390032757253624,0.008555640495708339
2025-01-29,595.0875580249451,595.4917292475947,590.651902189354,593.2048950195312,37177400,6.385539862117005,-0.004492895136618991
2025-01-30,595.3240968992558,597.9263022497843,592.130374590218,596.3886108398438,39281300,6.390892486195573,0.005352624078567736
2025-01-31,598.8134358374799,601.2382822731704,592.4556515232641,593.2146606445312,66566900,6.385556324463657,-0.005336161731915645
2025-02-03,584.1954832564219,591.7065212004032,582.0466619706364,589.2225952148438,65857200,6.378804032826091,-0.006752291637566188
2025-02-04,589.2817005882882,593.6877555909119,588.7395770202528,593.1752319335938,33457800,6.385489856077171,0.006685823251079803
2025-02-05,592.0515554519985,595.7282015036632,590.021013481686,595.580322265625,30653100,6.3895362617577325,0.004046405680561804
2025-02-06,597.32497036233,597.7784145043308,594.0130292694355,597.6502685546875,35771500,6.3930057476749935,0.0034694859172610393
2025-02-07,598.2121736064561,599.4344333824486,591.4699514014874,592.1796875,50788500,6.383810115011685,-0.009195632663308473
2025-02-10,595.3931329282537,596.8420848342793,594.1215398587573,596.2013549804688,26048700,6.390578453935902,0.006768338924216799
2025-02-11,593.9343010016065,597.1969698690995,593.8160216596527,596.6548461914062,30056700,6.391338799118062,0.0007603451821598384
2025-02-12,590.6321754646003,595.9056528588447,589.9520392250456,594.732666015625,45076100,6.388112003765699,-0.003226795352362366
2025-02-13,595.8366046698266,601.2185545419917,594.5749384975967,601.0115356445312,40921300,6.398614128435082,0.01050212466938305
2025-02-14,601.2186143347305,602.2535886001177,600.3610590723445,600.9820556640625,26910400,6.398565076625342,-4.905180974024148e-05
2025-02-18,602.145135650955,602.7463989257812,599.6808827255115,602.7463989257812,26749000,6.401496542635771,0.002931466010428707
2025-02-19,601.3566081495158,604.4615308486234,600.8440242708047,604.1658325195312,31011100,6.40384871740244,0.002352174766668824
2025-02-20,602.7957307474628,602.9337433637311,598.3404019341449,601.65234375,36554000,6.399679776413857,-0.004168940988583003
2025-02-21,601.435409514207,601.5734221193063,590.8982614234848,591.361572265625,76519800,6.382427627738127,-0.01725214867572955
2025-02-24,593.4118132885562,594.4073810554311,587.9608571639533,588.6705932617188,50737200,6.37786676279357,-0.00456086494455743
2025-02-25,588.6114660308307,589.3408752561445,581.129967827771,585.7430419921875,58266500,6.3728811985161355,-0.004985564277434129
2025-02-26,587.4088352242034,591.006668217937,583.3970246238699,586.0386962890625,43321600,6.373385822019796,0.0005046235036605395
2025-02-27,588.3157098294636,589.4690234968429,576.290203877955,576.6844482421875,74196700,6.357295233450382,-0.01609058856941381
2025-02-28,577.1872200213395,586.2162169760591,574.1118369424444,585.6839599609375,88744100,6.372780326620231,0.015485093169848696
2025-03-03,587.6553155599406,588.798762606637,571.6081318173137,575.4227905273438,74249200,6.3551050584793005,-0.017675268140930456
2025-03-04,571.4208567458912,577.0196322682823,564.0675042327628,568.611572265625,109648200,6.343197551218071,-0.011907507261229355
2025-03-05,568.4439889843314,576.5168836727693,564.8856223320056,574.722900390625,71230500,6.353888012276137,0.010690461058065814
2025-03-06,567.2512863712917,571.8742272350298,561.9679425734266,564.5209350585938,80094900,6.335977468922585,-0.017910543353552022
2025-03-07,562.7368186254731,569.1340095542192,557.5421542389136,567.6849975585938,81158800,6.341566683120766,0.00558921419818148
2025-03-10,559.4741052862735,561.3961742720178,547.6456922667035,552.5643310546875,99326600,6.314569862911805,-0.026996820208961658
2025-03-11,551.4013508923699,555.9552862473097,544.1268702267005,547.9710693359375,88102100,6.306222492371811,-0.008347370539993904
2025-03-12,554.1315858671662,555.0581473332891,545.7728595599632,550.8787841796875,69588200,6.3115147925366735,0.005292300164862596
2025-03-13,550.5042540653316,551.1153839968962,541.8202288918889,543.5353393554688,74079400,6.2980947262606275,-0.013420066276045972
2025-03-14,548.1582415612112,555.7678855775432,543.6043071486545,554.762451171875,62660300,6.318540006214949,0.02044527995432155
2025-03-17,554.742702735982,561.5637976935186,554.3089918436672,559.0404052734375,49008700,6.32622175189076,0.007681745675810703
2025-03-18,556.7239657249663,556.9408512500528,551.0660510727529,552.998046875,66041400,6.315354469644489,-0.010867282246270982
2025-03-19,554.7821880592443,562.7860764826731,553.5993346617712,559.0206909179688,66556000,6.326186486634615,0.01083201699012637
2025-03-20,555.2750866351008,562.4115538615378,554.5554838320709,557.4041748046875,62958200,6.3232906048021595,-0.0028958818324555935
2025-03-21,552.9413897854555,558.4877939738346,551.7055567482902,557.5880737304688,83763000,6.323620470642376,0.0003298658402162147
2025-03-24,564.3306930432161,568.6314275100074,563.7375174204726,567.5735473632812,58766800,6.341370339836377,0.017749869194001455
2025-03-25,568.7797678649376,569.8771730865459,567.1880294433175,568.93798828125,38355700,6.343771444498689,0.0024011046623115817
2025-03-26,568.6709866041082,569.7980806984394,560.7616559941828,562.1458129882812,51848300,6.331761269957199,-0.012010174541489782
2025-03-27,560.7516745115008,564.4295440651076,558.5370719320103,560.65283203125,42164200,6.329101876229635,-0.0026593937275638524
2025-03-28,559.1204968505267,559.8521002775326,548.7790253468997,549.3623046875,71662700,6.308758159526244,-0.0203437167033913
2025-03-31,543.5985215212283,554.3552179266816,540.6720469418251,553.0501708984375,95328200,6.315448722359042,0.006690562832798008
2025-04-01,551.1321177898429,556.5598868781194,547.4048260096515,554.6121826171875,54609600,6.318269099433723,0.0028203770746815238
2025-04-02,548.7592465118332,560.9890444564371,548.52197624234,558.1219482421875,76014500,6.324577483740675,0.0063083843069513534
2025-04-03,538.9319060881811,541.7594774009829,530.6172485351562,530.6172485351562,125986000,6.274040948780171,-0.05053653496050359
2025-04-04,517.7349353008444,519.910013527285,499.3358674214966,499.5533752441406,217965100,6.213714449725396,-0.06032649905477516
2025-04-07,483.64569927250346,517.2405628900261,476.33944038650816,498.6635437011719,256611400,6.211931607215362,-0.0017828425100336887
2025-04-08,515.9454154101668,519.0300496454024,483.61604333672847,490.85308837890625,165816600,6.196144874018311,-0.01578673319705093
2025-04-09,487.84755542038147,542.4021606445312,487.46196103833506,542.4021606445312,241867300,6.296007720107432,0.09986284608912044
2025-04-10,526.1385878330984,527.4535310578508,503.5475844453038,518.6346435546875,162331200,6.251199672945691,-0.044808047161740916
2025-04-11,517.0824330937988,530.3503195313269,514.1757514102393,527.8885498046875,97866300,6.268885181510396,0.017685508564705188
2025-04-14,537.883883195208,538.1113174755011,527.8093712828247,533.009765625,68034000,6.278539745996123,0.00965456448572688
2025-04-15,533.5535570239268,537.0732068479572,530.7259857198238,531.5169067382812,56892900,6.275735006755455,-0.0028047392406680416
2025-04-16,525.6541223320015,531.7937621429162,514.3931980244283,519.7023315429688,83484800,6.253256208329075,-0.022478798426379676
2025-04-17,521.6599483491107,525.1499093262158,517.9721816819745,520.44384765625,79868100,6.254682000691203,0.001425792362128142
2025-04-21,515.2533374613439,515.7872559194974,502.69729269891565,508.0558776855469,69368100,6.230591436973416,-0.024090563717787283
2025-04-22,514.2450097037921,523.3011683263503,513.3057644566182,521.2744140625,75948100,6.256276609546144,0.025685172572727843
2025-04-23,534.3049123051696,539.2482437222484,527.8291602174767,529.3516845703125,90590700,6.271653021121744,0.015376411575600102
2025-04-24,530.6369834977514,541.2256220112762,529.3814182452572,540.4940185546875,64150400,6.292483570514213,0.020830549392468534
2025-04-25,540.454522631326,544.804618673288,537.5280483044934,544.3992919921875,61119600,6.299682970247787,0.007199399733574197
2025-04-28,545.1408521394233,547.2763452918678,538.8430511744899,544.60693359375,47613800,6.300064311693227,0.0003813414454398867
2025-04-29,542.6888178923871,549.1547344204944,542.3329124899421,548.0375366210938,47775100,6.306343782085918,0.006279470392691167
2025-04-30,541.3640897959557,550.2126665027023,535.3826699025942,548.2550659179688,93101500,6.306740627415762,0.00039684532984374243
2025-05-01,554.0189932525213,557.6770710508032,551.5374308999284,552.1405029296875,63186100,6.31380254818165,0.00706192076588863
2025-05-02,558.329587021111,561.9382437140476,556.0062449925595,560.3366088867188,60717300,6.328537690446296,0.014735142264646228
2025-05-05,556.1940033222468,560.2277786911415,555.3338684753841,557.1233520507812,38659200,6.322786673309967,-0.00575101713632975
2025-05-06,551.6066618961361,556.9652171268149,550.64768441023,552.466796875,48264700,6.314393335432215,-0.008393337877751428
2025-05-07,553.8014947566288,557.4298834610689,549.738030089525,554.7901611328125,55588000,6.318589954204141,0.004196618771925564
2025-05-08,558.8337754612519,563.8463212534109,555.333918196641,558.6558227539062,65130800,6.3255335818404985,0.0069436276363576965
2025-05-09,560.0597310271954,561.0681900796083,556.3819209310694,557.9440307617188,37603400,6.324258654056188,-0.0012749277843102647
2025-05-12,574.8798371188,576.3925257137258,570.5000520977247,576.3826293945312,78993600,6.356771727298133,0.032513073241944745
2025-05-13,576.7977862928067,582.403567726764,576.2342995973956,580.18896484375,67947200,6.363353851933438,0.006582124635304609
2025-05-14,581.1478975288738,582.3046201283636,578.9036058641954,580.930419921875,66283500,6.364630990509598,0.0012771385761602971
2025-05-15,578.9234551699535,584.2721134769878,578.4686469334371,583.7679443359375,71268100,6.369503548272427,0.004872557762829466
2025-05-16,584.5489982766968,587.7621640177526,582.6013544692614,587.465576171875,76052100,6.3758176505516335,0.006314102279206146
2025-05-19,581.4347167753893,588.7903975982244,581.4347167753893,588.1082153320312,68168500,6.376910970645728,0.0010933200940943522
2025-05-20,586.3681289429425,587.317209981726,582.917632829089,586.1307983398438,60614500,6.373542970028498,-0.0033680006172298604
2025-05-21,581.7708648204313,585.8639582409971,575.2258980125081,576.2540893554688,95197700,6.356548690781069,-0.016994279247429134
2025-05-22,576.0563267018498,579.971467292194,574.8204937262445,576.4815063476562,70860400,6.356943260005765,0.0003945692246958288
2025-05-23,569.4520392436427,575.2159811048424,569.0763411937487,572.5465698242188,76029000,6.350094076791221,-0.006849183214543864
2025-05-27,579.4277528567243,584.6083553931982,571.8743267058999,584.4501953125,72588500,6.370671568235433,0.020577491444211837
2025-05-28,584.8554566278126,586.0517646206928,580.3372442209068,581.06884765625,68445500,6.364869248379275,-0.005802319856157645
2025-05-29,586.3384441000501,586.4768718669775,579.4276761926377,583.362548828125,69973300,6.3688088607006605,0.0039396123213855105
2025-05-30,582.2553357440712,584.4304140423015,576.6298211275496,582.7101440429688,90601200,6.3676898826863075,-0.0011189780143530115
2025-06-02,581.0985818518681,586.0715425417425,578.429170462151,585.9924926757812,61630500,6.37330697836147,0.0056170956751628864
2025-06-03,585.6266079138771,590.3128764026674,585.1421107506463,589.3341064453125,63606200,6.3789932663702125,0.005686288008742046
2025-06-04,590.1943197189499,591.1730898063917,588.7409487228937,589.1759643554688,57314200,6.378724890062345,-0.0002683763078676904
2025-06-05,590.8566609128592,592.2111289512687,584.3512195951713,586.3285522460938,92278700,6.373880301822605,-0.004844588239739878
2025-06-06,591.8749474768216,594.0203968199735,590.0953601848463,592.3495483398438,66588700,6.3840969139118195,0.01021661208921465
2025-06-09,592.9229477814916,594.4356362447949,591.7069074945726,592.8834228515625,53016400,6.384997790888418,0.0009008769765985747
2025-06-10,593.4173023897237,596.6304681071312,592.3001649023746,596.2449340820312,66247000,6.390651545867978,0.005653754979559444
2025-06-11,597.3423765043648,598.2025114763902,592.4781545343917,594.54443359375,73658200,6.387795454454343,-0.0028560914136344095
2025-06-12,593.2096245779508,596.9072265625,592.7251877881479,596.9072265625,64129000,6.391761701924068,0.003966247469724848
2025-06-13,591.7168252456129,595.0288334634262,588.731033484191,590.2338256835938,89506000,6.380518773105786,-0.011242928818282039
2025-06-16,593.5953591830877,597.599446226556,593.4173461203459,595.8494873046875,79984100,6.389988097092856,0.009469323987070233
2025-06-17,593.4074309844862,594.9299553868199,589.9965201271316,590.7578125,82209400,6.381406140693918,-0.008581956398938217
2025-06-18,591.6574895866379,594.4059506456396,589.7097855095001,590.6688232421875,76605000,6.381255493577476,-0.0001506471164418599
2025-06-20,593.3471074282096,594.4180406328666,587.8735160730708,589.2816162109375,94051400,6.378904195380574,-0.00235129819690183
2025-06-23,590.0351674928282,595.4889076465048,586.9116980815279,595.1022338867188,87426000,6.38873321244433,0.009829017063755607
2025-06-24,599.2470472798032,602.737399696003,598.3347417480489,601.6764526367188,67735300,6.3997198467367715,0.010986634292441622
2025-06-25,602.7969444947229,603.4910690166892,600.4468830082857,602.0136108398438,62114800,6.400280054421744,0.0005602076849724469
2025-06-26,603.8678512919777,607.1599344481853,603.2530708764845,606.7236328125,78548400,6.408073387234764,0.007793332813020193
2025-06-27,607.7251426738447,611.2056301568862,605.6923970890058,609.738037109375,86258400,6.41302941756675,0.004956030331985772
2025-06-30,612.1873634601734,614.0118537505704,609.867018033134,612.6533813476562,92502500,6.417799329596182,0.004769912029432
2025-07-01,611.1758893553448,613.625146088841,610.3429883405835,612.455078125,70030100,6.417475597892503,-0.0003237317036788312
2025-07-02,612.0484833566157,615.2711481262035,611.4237773441516,615.2315063476562,66510400,6.4219986300589795,0.004523032166476426
2025-07-03,617.214676143094,621.0124795190609,617.194824993195,620.0803833007812,51065800,6.4298491201203705,0.007850490061390936
2025-07-07,618.1169852960921,618.7813935886118,612.6731706581298,615.4595336914062,74814500,6.422369198038985,-0.007479922081385482
2025-07-08,616.1238907210633,616.8775081543645,614.3093261623386,615.1224365234375,59024600,6.4218213317699195,-0.0005478662690654446
2025-07-09,617.5319680301938,619.4655183729625,615.6875662931247,618.8110961914062,66113300,6.4278000503277415,0.005978718557821949
2025-07-10,618.9499658515675,621.5974919629854,617.7699723301522,620.5563354492188,57529000,6.430616390933162,0.0028163406054204643
2025-07-11,617.5022136064131,619.6043777491163,616.3024294765994,618.3748168945312,63670200,6.42709477344034,-0.0035216174928223154
2025-07-14,617.9186024028506,619.901780492049,616.5700558274259,619.5547485351562,51898500,6.429001072523738,0.001906299083398011
2025-07-15,622.2420420602726,622.5791484786782,616.8279435196437,616.9072875976562,74317300,6.424718749401865,-0.004282323121872267
2025-07-16,618.4937831556223,619.4754466932056,612.8516386863737,618.9697265625,88987500,6.42805636448134,0.0033376150794746096
2025-07-17,619.1482908768893,623.1146474859103,618.9301097920578,622.7576293945312,68885700,6.4341574052025825,0.006101040721242512
2025-07-18,624.007017899032,624.175571102461,621.1909387049365,622.301513671875,65621600,6.433424723955108,-0.0007326812474746092
2025-07-21,623.4815063476562,626.2281670376054,623.0551302914085,623.4815063476562,63375000,6.435319103649972,0.0018943796948640568
2025-07-22,623.8087114591411,624.4334174667899,620.9232136557434,623.5707397460938,60046300,6.43546221457234,0.0001431109223677396
2025-07-23,626.2381323551606,628.8757934570312,624.4334327911965,628.8757934570312,70511000,6.443933770519343,0.008471555947003218
2025-07-24,629.2624631630094,630.7994747941685,628.6576082944551,629.083984375,71307100,6.4442647682563745,0.00033099773703160196
2025-07-25,629.7484116245431,632.2174590489252,629.5005143245561,631.741455078125,56865400,6.44848022038043,0.00421545212405583
2025-07-28,632.1182610848412,632.6735486135409,630.1945756243812,631.5828247070312,54917100,6.448229088704319,-0.0002511316761113491
2025-07-29,632.980846392065,633.2981621509475,629.0046251365209,629.9168701171875,60556300,6.445587858484181,-0.002641230220137736
2025-07-30,630.5713386132512,632.3165451544952,626.2281734095909,629.1236572265625,80418900,6.444327830743462,-0.0012600277407193161
2025-07-31,634.0816662163586,634.4683400166905,625.464753449126,626.7637329101562,103385200,6.440569648102951,-0.0037581826405110874
2025-08-01,621.032217506902,621.0719198033348,614.0811684978922,616.49072265625,140103600,6.424043274082817,-0.016526374020133794
2025-08-04,620.4075271113948,625.9108344398344,620.3183179857707,625.8612670898438,73218000,6.439128728471844,0.015085454389026864
2025-08-05,626.4760489706393,627.2891592865192,621.7660007962415,622.6881713867188,68051400,6.434045866012614,-0.005082862459230064
2025-08-06,623.7590952688204,628.1121858315174,622.8468502662965,627.457763671875,64357500,6.441676359851152,0.007630493838537866
2025-08-07,630.8886206499576,631.6223868787783,623.8185857342208,626.9321899414062,74205800,6.44083838477058,-0.0008379750805715958
2025-08-08,628.7269865749256,632.2868180975779,628.4096707981653,631.8207397460938,64051600,6.448605714271269,0.007767329500689257
2025-08-11,632.0984361099556,633.5758942477272,629.3219380955197,630.5713500976562,58742300,6.446626313312696,-0.0019794009585734074
2025-08-12,632.9214680410968,637.4431125105409,631.434084195598,637.2844848632812,64730800,6.457216156916858,0.010589843604162041
2025-08-13,639.4857330110176,640.7549961752953,637.2745085703324,639.4659423828125,60092800,6.460633362967112,0.0034172060502539736
2025-08-14,637.3835243153912,640.1897383639256,636.9373576458678,639.525390625,59327500,6.46072632410093,9.29611338182923e-05
2025-08-15,640.5566774831647,640.6558727131268,637.11589211782,638.0281372070312,68592500,6.458382384577694,-0.0023439395232358606
2025-08-18,637.4529805837014,638.5834067295413,636.7787072305159,637.8892822265625,43804900,6.458164729455346,-0.00021765512234850348
2025-08-19,637.7108075589789,638.6924711313014,633.1098193903536,634.4286499023438,69750700,6.452724829928834,-0.0054398995265119154
2025-08-20,634.0221086228163,634.2798709561484,627.6263466835007,632.742919921875,88890300,6.450064209985904,-0.002660619942930431
2025-08-21,630.9283690027011,632.604096553562,628.4791123479844,630.2044677734375,54805800,6.4460443187512935,-0.004019891234610107
2025-08-22,632.3959596753498,641.0624398986112,631.8902394824283,639.8824462890625,84083200,6.461284481809568,0.015240163058274803
2025-08-25,638.6230253017661,639.8625116828326,636.9472372936925,637.0662231445312,51274300,6.456873611149021,-0.004410870660547239
2025-08-26,636.7985773675441,640.0807351008626,636.1738713484165,639.733642578125,51581600,6.46105190625366,0.004178295104638963
2025-08-27,639.148612992103,641.9250504526357,638.9998504138363,641.1912841796875,48341100,6.463327827660616,0.002275921406956094
2025-08-28,641.7961126896905,644.0172625669782,639.9121297324674,643.4619750976562,61519500,6.466862934532921,0.0035351068723050716
2025-08-29,642.0242015644989,642.3911452321481,637.7306640961879,639.6245727539062,74522200,6.460881399161626,-0.005981535371295088
2025-09-02,632.13804448044,635.1028861742022,629.5797276837342,634.884765625,81983500,6.453443510968062,-0.00743788819356439
2025-09-03,637.2645539172183,638.7916398746721,635.0731807265284,638.3255615234375,70820900,6.458848437713413,0.005404926745351091
2025-09-04,638.999797688006,643.6900550422279,638.09747828346,643.6602783203125,65219200,6.46717106878155,0.00832263106813702
2025-09-05,646.0004708304714,646.7243720544352,637.9190556866993,641.796142578125,85178900,6.464270718340034,-0.002900350441516153
2025-09-08,643.1644862104067,644.3742563254497,641.7861629025881,643.3727416992188,63133100,6.466724247882,0.002453529541966759
2025-09-09,643.5115612591451,645.3856792185645,641.7762803015634,644.8601684570312,66133900,6.46903350020288,0.002309252320879196
2025-09-10,648.122479271532,649.0446498954948,645.1576374702139,646.724365234375,78034500,6.471920183998227,0.002886683795347622
2025-09-11,648.6778210448584,652.7929404681626,648.092817304151,652.0988159179688,69934400,6.480196108599269,0.008275924601042206
2025-09-12,652.0690195991697,653.5663289422531,651.374955591632,651.880615234375,72780100,6.4798614396920495,-0.00033466890721989273
2025-09-15,654.0918582328915,655.4800466805781,653.7943936028013,655.3511352539062,63772400,6.485171176350476,0.005309736658426267
2025-09-16,655.9064595692537,656.213910313041,653.6655188822047,654.4488525390625,61169000,6.483793434915177,-0.0013777414352986739
2025-09-17,654.4587781451693,656.1543568928759,648.7967821934204,653.6357421875,101952200,6.4825502271600115,-0.0012432077551656207
2025-09-18,656.3229362038169,659.2977035594738,654.7165666735059,656.6898193359375,90459200,6.487211790314366,0.004661563154354731
2025-09-19,658.5800832029405,660.7874850308027,656.6311583459587,659.9423217773438,97945600,6.492152439955185,0.004940649640818862
2025-09-22,658.4507703315647,663.5119177999496,658.4209110544651,663.0645141601562,69452200,6.496872291877475,0.004719851922289742
2025-09-23,662.9452156846509,663.5617612775759,658.2320617574377,659.4551391601562,81708900,6.4914139473420756,-0.005458344535399284
2025-09-24,660.7477220570149,660.8471316064555,655.9350982101993,657.3569946289062,68082200,6.488227241732394,-0.003186705609681262
2025-09-25,654.2149171420698,655.6765652531099,650.7048739536411,654.3242797851562,89622100,6.48360306921893,-0.004624172513464586
2025-09-26,655.7760789419195,658.619871988132,654.1553026157394,658.072998046875,69179200,6.489315864452975,0.0057127952340456645
2025-09-29,660.5985670660314,661.5134019828115,658.112721358766,659.9224243164062,73499000,6.492122289197695,0.0028064247447199264
2025-09-30,659.1766647693167,662.8756347075731,657.8641309647478,662.4082641601562,86288000,6.495882079080417,0.0037597898827215204
2025-10-01,659.4153308150761,665.5802405756418,659.3059681646932,664.6654663085938,72545400,6.499283855897069,0.0034017768166521023
2025-10-02,666.6540464714482,666.7733621981591,663.004842335434,665.4309692382812,56896000,6.500434904789087,0.0011510488920176698
2025-10-03,666.1966948783695,668.8714672806448,664.377038831869,665.421142578125,70494400,6.5004201373178265,-1.4767471260057619e-05
2025-10-06,667.8174482099862,668.7024238148077,665.669704301124,667.8074951171875,54623300,6.503999951042239,0.0035798137244125172
2025-10-07,668.7322238208072,669.1796881705657,663.8898014056139,665.3316040039062,72020100,6.500285569007396,-0.003714382034843311
2025-10-08,666.4552183740389,669.398481470165,665.6299006256374,669.2990112304688,60702200,6.506230912786618,0.005945343779222512
2025-10-09,669.7166839203261,670.1243359074817,665.4211353124821,667.3600463867188,66501900,6.5033296999564225,-0.002901212830195732
2025-10-10,668.324542434099,670.1342452495495,649.14378031214,649.32275390625,159422600,6.475929902649461,-0.027399797306961737
2025-10-13,656.9095884512618,661.3642043859337,656.0345659370097,659.2860107421875,79560500,6.491157447544661,0.015227544895200396
2025-10-14,653.4492417720955,662.0602448848334,649.4718888267987,658.4805908203125,88779600,6.489935045912668,-0.001222401631992831
2025-10-15,663.0446741742268,666.4353410824248,655.1993304017814,661.4039916992188,81702600,6.494364835756603,0.004429789843934273
2025-10-16,663.0446615126489,664.9239754340409,653.3896149312258,656.899658203125,110563300,6.487531279580321,-0.006833556176281341
2025-10-17,655.7660892614911,661.9906565438909,654.4138037793879,660.62841796875,96500900,6.493191530452178,0.005660250871856398
2025-10-20,663.5418206897375,668.4041493887289,663.4921159142255,667.499267578125,60493400,6.503538293012567,0.010346762560389244
2025-10-21,667.6384328159621,669.1796448635298,666.1866772188026,667.4892578125,56249000,6.503523296980115,-1.499603245225245e-05
2025-10-22,668.1953369980629,668.1953369980629,659.5445816579371,664.0191040039062,80564000,6.4983109201527745,-0.005212376827340215
2025-10-23,664.3372592841532,668.9012985038863,664.019063764971,667.9566650390625,65604500,6.504223298736307,0.005912378583532885
2025-10-24,672.6300829996666,674.628651928334,671.8246714345047,673.4155883789062,74356500,6.51236265522487,0.00813935648856301
2025-10-27,678.8645527756448,681.658640907831,678.2580209918731,681.3603515625,63339800,6.524091316804426,0.011728661579555322
2025-10-28,683.1600908523567,685.0095454543999,680.9526890414517,683.1700439453125,61738100,6.526743794828804,0.002652478024378624
2025-10-29,684.8205950917289,685.795087823854,679.0037407351697,683.4981689453125,85657100,6.52722397722159,0.00048018239278579955
2025-10-30,680.0279207971732,682.0563488815194,675.98095703125,675.98095703125,76335800,6.5161649055740645,-0.01105907164752562
2025-10-31,681.1614729090464,681.2012852815519,675.3943230278239,678.1983642578125,87164100,6.519439817801004,0.0032749122269395414
2025-11-03,681.7878948104295,681.9171636388411,676.0903560257897,679.4711303710938,57315000,6.5213147461118615,0.0018749283108574488
2025-11-04,672.2820616639051,676.1103005794487,670.7607556049009,671.4169921875,78427000,6.509390392815937,-0.011924353295924561
2025-11-05,671.1583975728993,677.0051112074705,670.3529860359731,673.7437133789062,74402400,6.512849791387699,0.003459398571761696
2025-11-06,672.6399897028363,673.5448715272548,664.9338680034818,666.514892578125,85035300,6.502062483822431,-0.010787307565268023
2025-11-07,664.1284090392404,667.2805048704689,657.4663915648358,667.1710815429688,100592400,6.503046507094064,0.000984023271633383
2025-11-10,673.4056760856186,678.317709828293,671.2082272333661,677.5819091796875,75842900,6.518530444604352,0.01548393751028776
2025-11-11,676.1002762110339,679.6997756663966,674.8871520395073,679.1329956054688,58953400,6.520816978195304,0.002286533590952544
2025-11-12,680.9128544582501,681.081935653801,677.0946296424269,679.5108642578125,62312500,6.5213732220694345,0.0005562438741302245
2025-11-13,676.6471697129602,677.0051169124795,666.723693536663,668.2350463867188,103457800,6.504639977494757,-0.016733244574677286
2025-11-14,661.6128286383953,671.8345948923219,659.5147893727298,668.125732421875,96846700,6.504476378013508,-0.0001635994812492214
2025-11-17,665.9083353081996,669.8956413839408,658.4209391867944,661.901123046875,90456100,6.495116183825168,-0.00936019418834011
2025-11-18,658.351356546523,661.3542775984923,652.1466953365565,656.3428344726562,114467500,6.486683265954592,-0.008432917870575984
2025-11-19,657.0389163187169,663.561773390439,655.020380360944,658.87841796875,94703000,6.490539022744917,0.0038557567903252377
2025-11-20,669.1001291109939,671.7351497651099,648.1991802397498,648.8355712890625,165293500,6.475179327576138,-0.015359695168779552
2025-11-21,651.3412595795126,660.7874729698119,647.1650267848305,655.2987670898438,123956200,6.485091264599829,0.009911937023691308
2025-11-24,658.9380055466532,666.2662734630499,657.8442577670318,664.9437866210938,80437900,6.499702505686023,0.014611241086194049
2025-11-25,664.8443455838128,672.3814460202411,660.7178178396566,671.1981811523438,81077100,6.509064445304784,0.00936193961876075
2025-11-26,673.7934667684052,677.8404309302599,672.8885849296569,675.8318481445312,71879600,6.515944299752382,0.006879854447598532
2025-11-28,677.0051081523229,679.7991961322198,676.6471609574353,679.5208129882812,49212000,6.5213878629797755,0.0054435632273932555
2025-12-01,674.9667623359846,679.1230890446475,674.8971513739515,676.4185180664062,61201200,6.516811994039391,-0.004575868940384531
2025-12-02,678.0591325179204,679.9483994968172,675.4838303983408,677.67138671875,62953800,6.5186624900890795,0.0018504960496885658
2025-12-03,676.7167950740063,681.0321891246488,675.8417725523884,680.0180053710938,57238500,6.522119276306506,0.0034567862174261776
2025-12-04,681.4199577792665,681.4895687361658,677.4824173401821,680.51513671875,61970300,6.522850065369119,0.0007307890626133684
2025-12-05,681.5890143183475,684.4925257185774,680.7040993957534,681.8078002929688,79241000,6.524747800373132,0.0018977350040128016
2025-12-08,682.7027235077143,682.7524282821314,677.7111260885928,679.7594604492188,55231500,6.521739000957797,-0.0030087994153351616
2025-12-09,679.2821528162136,681.5094606319436,678.7253258622812,679.1727294921875,58310100,6.520875483266726,-0.0008635176910702924
2025-12-10,678.6955405173951,685.0692222502689,677.4526176554032,683.6771850585938,85671300,6.527485854549586,0.006610371282859795
2025-12-11,681.2609148661827,685.3476304583654,678.3076987410943,685.26806640625,86173700,6.529810099528896,0.0023242449793094977
2025-12-12,684.2737056052856,684.9797075791527,675.3246617594549,677.9000244140625,113160300,6.518999820451173,-0.010810279077722917
2025-12-15,681.8574988128718,681.8774049984522,675.4042533093998,676.8758544921875,90811000,6.517487880162122,-0.0015119402890508837
2025-12-16,675.3843754405706,677.2239376857725,671.1584377196804,675.0264282226562,122030600,6.514751843028528,-0.002736037133593605
2025-12-17,676.0406154817738,676.5874893555698,667.3998140691156,667.5986938476562,110625200,6.5036872352963355,-0.011064607732192755
2025-12-18,673.7635606688432,676.8857972779194,671.0788959983324,672.6399536132812,108650100,6.511210199286352,0.007522963990016507
2025-12-19,674.747283458469,679.2350273728672,674.6275542880097,678.7363891601562,103599500,6.520232818244368,0.00902261895801626
2025-12-22,682.0772531068674,683.4933686131409,678.7364013691785,682.96484375,69556700,6.526443384966346,0.006210566721978061
2025-12-23,682.0572680421344,686.325640311278,682.0074163952171,686.0863037109375,64840000,6.53100342697163,0.004560042005283371
2025-12-24,686.0763204450832,688.9484813838191,685.9267046355759,688.4996948242188,39445600,6.534514874921289,0.0035114479496591855
2025-12-26,688.758988861415,689.7761694005526,687.392725060237,688.4298706054688,41613300,6.534413454746194,-0.0001014201750946242
2025-12-29,685.6674092439482,687.322922191004,684.2014421207446,685.9765625,62559500,6.5308434616903375,-0.0035699930558568127
2025-12-30,685.5777200962995,686.6846823672308,684.7100944386586,685.138916015625,47160700,6.529621614804775,-0.0012218468855627052
2025-12-31,685.2685588951464,685.4879304984822,679.8533550408816,680.062744140625,74144800,6.522185064708501,-0.007436550096273642
2026-01-02,683.842447277036,684.999261161205,677.9684744567207,681.309326171875,89377200,6.524016426474828,0.0018313617663272552
2026-01-05,684.6701449336617,687.5522884526621,684.5106074856512,685.846923828125,71927200,6.530654459718068,0.00663803324323986
2026-01-06,686.0563439630641,690.4344019511112,685.9067890249802,689.92578125,69273800,6.53658402840015,0.005929568682081943
2026-01-07,690.3047811958188,692.0699799720542,687.4426026835383,687.701904296875,75588300,6.533355465402769,-0.003228562997381168
2026-01-08,686.9439569075789,688.7390423054183,685.6175622141362,687.632080078125,64019200,6.533253927565992,-0.0001015378367767994
2026-01-09,688.7489932725086,693.4162394407576,687.3029303433501,692.1796264648438,80125500,6.539845497749944,0.006591570183951845
2026-01-12,688.7988836287034,694.1941832506386,688.7490319805348,693.2666625976562,63976000,6.541414719688693,0.001569221938749088
2026-01-13,693.595779418591,694.194181802135,689.467040360938,691.8804931640625,78309700,6.539413242963904,-0.0020014767247893417
2026-01-14,689.1180078469732,689.8360176539858,684.1714948792828,688.479736328125,94676700,6.534485886113405,-0.004927356850498832
2026-01-15,692.678285342935,693.5558934557131,689.3673203481677,690.3546142578125,77862000,6.537205399279583,0.0027195131661779115
2026-01-16,691.7707369284135,692.359156800422,688.22043529661,689.7761840820312,79289200,6.53636717407608,-0.0008382252035028515
2026-01-20,679.6338820353151,682.9049778344743,674.7272992054969,675.7345581054688,111623300,6.515800333405215,-0.020566840670865005
2026-01-21,677.7989248999835,686.8641332264262,676.2830453044572,683.5332641601562,127844500,6.527275322368456,0.01147498896324084
2026-01-22,687.9711412752974,689.2476843606095,685.0491285530771,687.103515625,77112200,6.532484958637243,0.005209636268786788
2026-01-23,686.2757685331861,689.0781127396581,685.2884137823622,687.352783203125,63059600,6.532847673088143,0.0003627144509001923
2026-01-26,688.609372319757,692.2394730275811,688.0409174669724,690.84326171875,60473800,6.537912969845428,0.005065296757285509
2026-01-27,692.2893344912051,694.6329705879123,691.6810104865692,693.5957641601562,55506100,6.541889318412154,0.003976348566725463
2026-01-28,695.1515053497095,695.9393926651097,692.0499903412962,693.5259399414062,61172200,6.541788643440949,-0.00010067497120491709
2026-01-29,694.4933553961189,695.1615135683285,682.9648421722587,692.1497192382812,97486200,6.539802289496562,-0.001986353944387176
2026-01-30,689.9058246991844,692.3192774332931,685.2485609149509,690.0853271484375,101835100,6.536815252479691,-0.0029870370168705307
2026-02-02,687.7019133171445,695.0318708971434,687.5423149981101,693.5159912109375,79286500,6.5417742981926255,0.0049590457129342624
2026-02-03,694.3138377504575,695.0617950648859,682.1670182684101,687.6520385742188,107904600,6.533282952108375,-0.008491346084250395
2026-02-04,688.4697490630058,689.5667896413613,679.9031787408285,684.3211059570312,105204600,6.528427260617448,-0.0048556914909267945
2026-02-05,679.0854402743204,681.8279505601881,673.9494421186707,675.7744750976562,113610800,6.515859403661083,-0.012567856956365198
2026-02-06,679.6039887472712,690.4244132010324,678.995603890688,688.739013671875,89127600,6.534862409228289,0.01900300556720591
2026-02-09,687.5423060693106,693.9747512796714,686.4652913399738,692.0599975585938,73885200,6.539672653533565,0.004810244305276434
2026-02-10,693.0572335194393,694.64286887948,689.7761552680904,690.2349243164062,65185700,6.537032009668316,-0.0026406438652495368
2026-02-11,694.4933668556342,695.2413241987686,687.3029816841566,690.075439453125,76353900,6.536800924155699,-0.0002310855126168576
2026-02-12,692.3491972008484,693.4561594586687,678.5169776231163,679.41455078125,118829000,6.521231472602307,-0.015569451553392177
2026-02-13,679.833354327075,684.410879804094,675.6747287653898,679.8931884765625,96267500,6.5219357100627,0.0007042374603933865
2026-02-17,678.287593220413,683.074507822494,673.9394826742099,680.9901733398438,81354700,6.523547876294806,0.001612166232106027
2026-02-18,682.157061237011,687.2730943282486,680.9702998190471,684.4208374023438,73570300,6.528572987788261,0.005025111493454304
2026-02-19,681.9775120282383,684.311104689823,679.6937101433548,682.61572265625,58649400,6.525932069691445,-0.0026409180968158807
2026-02-20,680.4616860592505,688.1805961724377,679.8732661615737,687.5523071289062,100034000,6.533137909743146,0.007205840051700996
2026-02-23,685.9566804858357,688.1207533479937,678.5169762252317,680.531494140625,90558100,6.522874101903217,-0.010263807839928418
2026-02-24,680.0427976196477,686.4751816677359,678.1479481229125,685.4779052734375,73798700,6.530116266934326,0.007242165031108527
2026-02-25,688.3002642742074,691.7907319065998,688.2204651135966,691.26220703125,56369500,6.538519212038667,0.008402945104340809
2026-02-26,691.391808867856,691.4117130049051,682.486077089091,687.422607421875,71671000,6.532949252181406,-0.00556995985726072
2026-02-27,681.2295779636313,684.9892686841309,679.7835149777827,684.1216430664062,83308900,6.528135742551121,-0.00481350963028504
2026-03-02,676.8515442239554,686.744509644098,676.1734035367807,684.5106201171875,87477200,6.52870415975378,0.0005684172026594325
2026-03-03,673.221445388408,680.7508704958498,667.8361281509542,678.4771118164062,105003100,6.519850745200271,-0.008853414553509076
2026-03-04,679.7735096903759,685.2186606854194,677.7689744100875,683.2639770507812,79182200,6.526881281314319,0.007030536114047692
2026-03-05,680.2223290726917,683.6629449535216,673.7699188745959,679.4544067382812,106606500,6.521290133088768,-0.005591148225550846
2026-03-06,671.5758690877306,674.2685275228549,667.9358467743081,670.5487060546875,100687000,6.508096341477491,-0.013193791611277206
2026-03-09,664.5750801817165,678.0681991431876,660.5859743093405,676.4227294921875,102667700,6.516818220085187,0.008721878607696354
2026-03-10,675.87413967305,681.4987932365287,672.9222404542279,675.3356323242188,81505300,6.515209800366046,-0.0016084197191412741
2026-03-11,675.7345715953234,678.2277626375325,671.5061293267642,674.4879760742188,68441700,6.513953849060777,-0.0012559513052687876
2026-03-12,669.3319958917509,669.8207124533001,664.0564256954588,664.2459106445312,108882200,6.498652428271001,-0.015301420789776365
2026-03-13,667.4472371497842,670.5088831921612,659.5587462493693,660.4862060546875,97200200,6.492976239648449,-0.005676188622551592
2026-03-16,666.5596317087426,670.239584206393,665.3030536555561,667.2078857421875,82023100,6.503101670132646,0.010125430484197118
2026-03-17,670.5586914524959,672.60309589337,667.8760155087483,668.9630126953125,87128000,6.505728771148868,0.0026271010162215447
2026-03-18,666.5396583763402,667.8959397089973,659.3892034355257,659.6285400390625,82062600,6.491676858456267,-0.014051912692600865
2026-03-19,655.1806813207687,661.1743225351036,653.3855958813168,658.0029907226562,111272500,6.489209476486198,-0.002467381970069127
2026-03-20,656.510009765625,656.6900024414062,644.719970703125,648.5700073242188,163617500,6.474769950627356,-0.014439525858842117
2026-03-23,658.0700073242188,662.6199951171875,653.9400024414062,655.3800048828125,134802700,6.48521522753386,0.010445276906504652
2026-03-24,651.3200073242188,657.030029296875,649.8800048828125,653.1799926757812,96457500,6.481852730920814,-0.0033624966130467726
2026-03-25,658.6699829101562,660.8900146484375,654.239990234375,656.8200073242188,90653800,6.48741001949555,0.005557288574736141
2026-03-26,652.0599975585938,654.8499755859375,644.8200073242188,645.0900268554688,96494400,6.469389883575983,-0.018020135919567082
2026-03-27,642.5,642.6599731445312,633.1099853515625,634.0900268554688,103649400,6.452190942551182,-0.017198941024800796
2026-03-30,640.1099853515625,640.3699951171875,629.280029296875,631.969970703125,99275900,6.448841878307753,-0.0033490642434292894
2026-03-31,638.9400024414062,651.5399780273438,637.97998046875,650.3400268554688,152534100,6.477495344350218,0.028653466042465325
2026-04-01,653.9000244140625,658.52001953125,653.0,655.239990234375,97841500,6.48500156583254,0.007506221482322495
2026-04-02,646.4199829101562,658.2000122070312,645.1099853515625,655.8300170898438,68358700,6.485901635076754,0.0009000692442135971
2026-04-06,655.8599853515625,659.719970703125,655.52001953125,658.9299926757812,39105800,6.4906172961974775,0.004715661120723524
2026-04-07,656.6500244140625,659.6099853515625,651.0599975585938,659.219970703125,69980400,6.491057273499117,0.0004399773016396935
2026-04-08,676.3900146484375,677.0800170898438,671.4600219726562,676.010009765625,93606100,6.516207883278936,0.025150609779818645
2026-04-09,674.8400268554688,681.1599731445312,673.77001953125,679.9099731445312,57134400,6.521960396970988,0.005752513692051764
2026-04-10,681.3200073242188,682.030029296875,678.4500122070312,679.4600219726562,42253500,6.521298397383055,-0.0006619995879324492
2026-04-13,677.4099731445312,686.2999877929688,676.5800170898438,686.0999755859375,54185800,6.531023354113019,0.009724956729963985
2026-04-14,687.6900024414062,694.5800170898438,687.6599731445312,694.4600219726562,63480500,6.5431345967832675,0.012111242670248323
2026-04-15,695.260009765625,700.280029296875,694.2000122070312,699.9400024414062,58240400,6.550994620572033,0.007860023788765602
2026-04-16,701.0599975585938,702.780029296875,698.530029296875,701.6599731445312,49972400,6.553448917941395,0.0024542973693622017
2026-04-17,706.1400146484375,712.3900146484375,705.760009765625,710.1400146484375,70661900,6.5654621543234555,0.0120132363820602
2026-04-20,708.780029296875,709.9099731445312,706.1400146484375,708.719970703125,43546800,6.563460484766048,-0.0020016695574076593
2026-04-21,710.280029296875,711.280029296875,702.6400146484375,704.0800170898438,58941400,6.556892010338144,-0.006568474427903759
2026-04-22,709.1500244140625,711.4500122070312,708.219970703125,711.2100219726562,42518500,6.566967775738002,0.010075765399857772
2026-04-23,709.5,712.3599853515625,702.280029296875,708.4500122070312,56174000,6.5630795022408535,-0.0038882734971483757
2026-04-24,710.75,714.469970703125,709.010009765625,713.9400024414062,45182000,6.570798928614741,0.007719426373887117
2026-04-27,713.1699829101562,715.6300048828125,712.2999877929688,715.1699829101562,33135900,6.572520252774611,0.0017213241598703632
2026-04-28,711.8200073242188,712.8800048828125,709.25,711.6900024414062,43117400,6.567642426772818,-0.004877826001792762
2026-04-29,711.0,712.2000122070312,708.3699951171875,711.5800170898438,41859200,6.567487873736118,-0.00015455303670020015
2026-04-30,714.6300048828125,719.7899780273438,710.4500122070312,718.6599731445312,67240900,6.577388329511093,0.009900455774975114
2026-05-01,721.25,724.8699951171875,720.469970703125,720.6500244140625,43049800,6.580153616406947,0.002765286895853869
2026-05-04,720.0700073242188,722.1199951171875,714.989990234375,718.010009765625,51950600,6.5764835101287975,-0.0036701062781494542
2026-05-05,721.77001953125,725.0399780273438,721.489990234375,723.77001953125,36933200,6.584473689342302,0.007990179213504867
2026-05-06,728.1599731445312,734.5900268554688,727.8200073242188,733.8300170898438,53288900,6.598277417448458,0.013803728106156044
2026-05-07,735.0499877929688,736.1300048828125,729.75,731.5800170898438,51724600,6.595206602160412,-0.0030708152880460915
2026-05-08,734.9299926757812,738.0700073242188,734.5700073242188,737.6199951171875,44821634,6.603428780222556,0.008222178062143648
