timestamp,y_true,SIG,HAR_RV,XGBOOST,GARCH
2026-02-27 17:50:00,0.08659084462636875,0.2240676120884085,0.19295667369064654,0.16588514,0.3435890669283031
2026-02-27 18:00:00,0.07391191805717537,0.2240676120884085,0.14597362224512156,0.1556999,0.33739219373859203
2026-02-27 18:10:00,0.04757307968072065,0.2240676120884085,0.21854496918271016,0.23152342,0.33225504430143493
2026-02-27 18:20:00,0.03762838611736663,0.2240676120884085,0.2119668281979013,0.2589099,0.32659303987770244
2026-02-27 18:30:00,0.0582447200789527,0.2240676120884085,0.20592342722387041,0.1455003,0.3214846683103059
2026-02-27 18:40:00,0.06720094565630878,0.2240676120884085,0.20896322187495092,0.26534733,0.3170979199663927
2026-02-27 18:50:00,0.10288185295252436,0.2240676120884085,0.21579916191813775,0.19273211,0.3141136331061496
2026-02-27 19:00:00,0.10365968056186556,0.2240676120884085,0.20296225507110602,0.20742445,0.3109866385904411
2026-02-27 19:10:00,0.13674558824698202,0.2240676120884085,0.20074581665231767,0.31051183,0.3083623684643734
2026-02-27 19:20:00,0.2704991149901907,0.2240676120884085,0.21735393947369733,0.2226752,0.3075200678833795
2026-02-27 19:30:00,0.26839845415646496,0.2240676120884085,0.21553726947367735,0.19398545,0.30617738448292636
2026-02-27 19:40:00,0.2909996409501892,0.2240676120884085,0.23736406879291888,0.1791044,0.30877762197891323
2026-02-27 19:50:00,0.31459634798785757,0.2240676120884085,0.2207767515177073,0.1834291,0.30665598339481065
2026-02-27 20:00:00,0.32504395362705396,0.2240676120884085,0.24791009318565968,0.45058265,0.30963039407955334
2026-02-27 20:10:00,0.8021949943635627,0.2240676120884085,0.30938876733667064,0.3180044,0.3400780357675226
2026-02-27 20:20:00,0.8652170067303363,0.2240676120884085,0.24517128385646209,0.3111334,0.33267098934728373
2026-02-27 20:30:00,0.8542798037310223,0.2240676120884085,0.2865220801406386,0.32086247,0.33766190561428616
2026-02-27 20:40:00,0.8640723246640001,0.2240676120884085,0.2897242040492762,0.4154304,0.33876994790956916
2026-02-27 20:50:00,0.8579677167757802,0.2240676120884085,0.304911633982647,0.4935292,0.3397569642397982
2026-03-02 14:30:00,0.4164081696854466,0.2240676120884085,0.5144515446571465,0.3869561,0.5775649620820902
2026-03-02 14:40:00,0.2714049232098398,0.2240676120884085,0.3931323335446665,0.28170452,0.573962221821191
2026-03-02 14:50:00,0.2709156199838891,0.2240676120884085,0.3088405266796174,0.24371856,0.5357013645368559
2026-03-02 15:00:00,0.2055170996148084,0.2240676120884085,0.34946226509992384,0.28975186,0.5132314333092673
2026-03-02 15:10:00,0.27126204566918843,0.2240676120884085,0.3162863764273375,0.25841185,0.4835343881471632
2026-03-02 15:20:00,0.2332468020948645,0.22468859189133913,0.2444704954550544,0.14707588,0.4688637814240971
2026-03-02 15:30:00,0.3127216963408647,0.22468859189133913,0.18122954459109059,0.27415982,0.445427561015919
2026-03-02 15:40:00,0.4192600888298606,0.22468859189133913,0.16831644589018252,0.2746531,0.4231498047138746
2026-03-02 15:50:00,0.4620569217184606,0.22468859189133913,0.14919452025475954,0.30251917,0.4036190512676934
2026-03-02 16:00:00,0.42336806791974085,0.22468859189133913,0.2104331672124629,0.26627183,0.4035702648998227
2026-03-02 16:10:00,0.4085832209375022,0.22468859189133913,0.17924364049266311,0.32138848,0.39276397921681105
2026-03-02 16:20:00,0.3695249645391248,0.22468859189133913,0.22367660009184792,0.34316552,0.4009129663235058
2026-03-02 16:30:00,0.2536807164032566,0.22468859189133913,0.2584513107056711,0.19451177,0.4210900408366022
2026-03-02 16:40:00,0.16576589637258188,0.22468859189133913,0.2410645346244063,0.25839382,0.41908309611178096
2026-03-02 16:50:00,0.18108182930635233,0.22468859189133913,0.18779114397476665,0.2511355,0.40060410924978895
2026-03-02 17:00:00,0.18933296443275843,0.22468859189133913,0.17968262837902735,0.24820748,0.38429820553838534
2026-03-02 17:10:00,0.13885132933314856,0.22468859189133913,0.20283266550647325,0.2533298,0.3793595563298969
2026-03-02 17:20:00,0.12498578473007405,0.22468859189133913,0.16509476811126117,0.27233607,0.3693064763212581
2026-03-02 17:30:00,0.12308163243948432,0.22468859189133913,0.1310355852269363,0.3069713,0.35792857571408254
2026-03-02 17:40:00,0.11979761665041892,0.22468859189133913,0.14943043183278698,0.28392774,0.351248053717142
2026-03-02 17:50:00,0.11778005176812571,0.22468859189133913,0.14589716185320917,0.28821206,0.3439416197644989
2026-03-02 18:00:00,0.1361166171813566,0.22468859189133913,0.130908953293716,0.30627763,0.33691661748997936
2026-03-02 18:10:00,0.2103067559994349,0.22468859189133913,0.19191216369906466,0.17546459,0.33165946778561506
2026-03-02 18:20:00,0.2761491668610657,0.22468859189133913,0.1974598055273235,0.16485876,0.32591436550478453
2026-03-02 18:30:00,0.2761069432422519,0.22468859189133913,0.21074880964626563,0.14003083,0.32413058714647086
2026-03-02 18:40:00,0.27090592248819517,0.22468859189133913,0.20847425841894934,0.1482671,0.321006423352287
2026-03-02 18:50:00,0.25875561146011594,0.22468859189133913,0.21971278937805228,0.22715792,0.32048422658903447
2026-03-02 19:00:00,0.1960606596668561,0.22468859189133913,0.26221566088308923,0.22284679,0.3327954293606326
2026-03-02 19:10:00,0.3019393372030992,0.22468859189133913,0.2763589647560766,0.27005342,0.3447609362920657
2026-03-02 19:20:00,0.2931190065009808,0.22468859189133913,0.24612989609924033,0.27907225,0.3397839716847539
2026-03-02 19:30:00,0.30980790575391504,0.22468859189133913,0.22595011277413887,0.2805322,0.3324596683688579
2026-03-02 19:40:00,0.3280668201964456,0.22468859189133913,0.22652113856396722,0.28626359,0.32627288999295595
2026-03-02 19:50:00,0.3297904841541816,0.22468859189133913,0.21657821751510947,0.20585681,0.3211442753477273
2026-03-02 20:00:00,0.15328367133457546,0.22468859189133913,0.3146341969055008,0.29397616,0.36383517844054325
2026-03-02 20:10:00,1.5652577469234885,0.22468859189133913,0.24917541161200424,0.37197506,0.3529954071827117
2026-03-02 20:20:00,1.636490924995813,0.22468859189133913,0.2801652612455167,0.41027823,0.34905125418709937
2026-03-02 20:30:00,1.6329831979165008,0.22468859189133913,0.28451417591755407,0.4989533,0.346596462269626
2026-03-02 20:40:00,1.6326147557278263,0.22468859189133913,0.2642428700411485,0.39399064,0.33883954987748494
2026-03-02 20:50:00,1.6438608343897383,0.22468859189133916,0.21891307056480958,0.14532934,0.33164862199288
2026-03-03 14:30:00,0.5548417618690404,0.22468859189133938,0.779105198099945,0.3498605,1.0083281220725446
2026-03-03 14:40:00,0.3817349501903413,0.22468859189133913,0.4823862668518938,0.3498605,0.9703269420872683
2026-03-03 14:50:00,0.3856746688442883,0.22468859189133913,0.34846847244356827,0.30340147,0.8890139806516856
2026-03-03 15:00:00,0.3979702510725044,0.22468859189133913,0.34604981775026133,0.29646423,0.8160115157624792
2026-03-03 15:10:00,0.5158303967933168,0.22468859189133913,0.3995781303138629,0.34739512,0.7597900536020703
2026-03-03 15:20:00,0.4955121565442316,0.2680821702253349,0.14508901397587176,0.23707923,0.7090564173677669
2026-03-03 15:30:00,0.42597953616264816,0.26808217031615966,0.12841138410777514,0.2507672,0.6765805289242942
2026-03-03 15:40:00,0.42229721997946557,0.26808217033356935,0.0678166106473661,0.2846339,0.6272070712687735
2026-03-03 15:50:00,0.46809182064233334,0.26808217033241394,0.08201548561138558,0.28012273,0.5855242945959725
2026-03-03 16:00:00,0.2730616354507305,0.2680821704599663,0.18152696443208355,0.2596086,0.5931879713442247
2026-03-03 16:10:00,0.275957972651243,0.2680821704121063,0.10160840392294934,0.25741705,0.556384473054286
2026-03-03 16:20:00,0.28012399760940576,0.26808217025434355,0.0866300740495374,0.24991927,0.5241545898975388
2026-03-03 16:30:00,0.300507353069621,0.26808217025851694,0.05776772785595902,0.24525107,0.4915372006945249
2026-03-03 16:40:00,0.3025449138074271,0.26808217027428344,0.1264503360620104,0.3141817,0.4829505356340282
2026-03-03 16:50:00,0.3731153374175741,0.26808217026000075,0.02025346753252577,0.25924182,0.45546136284773464
2026-03-03 17:00:00,0.3754454526743669,0.26808217029072895,0.05140322231436764,0.2918687,0.43739346326289935
2026-03-03 17:10:00,0.41068859071092273,0.2680821702815944,0.056644529775975394,0.2918687,0.42225606161441553
2026-03-03 17:20:00,0.39653462501031933,0.26808217026906184,0.05781267193508019,0.27413818,0.4082796165369554
2026-03-03 17:30:00,0.36708018448197277,0.2680821703564655,0.08946643295859005,0.3051892,0.414794251801012
2026-03-03 17:40:00,0.3691326730132302,0.26808217040618576,0.10141772355184991,0.36871576,0.41831468465748506
2026-03-03 17:50:00,0.3479061983631651,0.2680821704434479,0.07470169139849467,0.28566664,0.4065197657236102
2026-03-03 18:00:00,0.28196713286345837,0.2680821705259542,0.10355419798140442,0.3072138,0.4089699894222344
2026-03-03 18:10:00,0.3302570872706052,0.2680821705097123,0.2035900464512399,0.20687649,0.3915573739781471
2026-03-03 18:20:00,0.31207549605992196,0.2680821705551516,0.26007473811817594,0.14466037,0.39065095389176796
2026-03-03 18:30:00,0.2305104620908518,0.2680821705647478,0.26957832510902924,0.26951674,0.3994398665832241
2026-03-03 18:40:00,0.24164445073616117,0.26808217054603434,0.20562574387288873,0.14132482,0.3832046166016081
2026-03-03 18:50:00,0.2841660509453453,0.2680821705345451,0.19732657024587308,0.18869773,0.36948601048359814
2026-03-03 19:00:00,0.2537144697474597,0.268082170594811,0.2512227172349718,0.19495425,0.37298552295222176
2026-03-03 19:10:00,0.21953740704559943,0.26808217056286565,0.24209364460940783,0.23732139,0.36951544273399434
2026-03-03 19:20:00,0.2536916596046583,0.2680821705808914,0.20582981896551109,0.2211604,0.36017286029962053
2026-03-03 19:30:00,0.25638136737623607,0.2680821705896708,0.2097018917588188,0.20411031,0.35252448849682033
2026-03-03 19:40:00,0.21876722107339125,0.26808217060390876,0.2562627083583351,0.16855745,0.35543668671950907
2026-03-03 19:50:00,0.1853660452520374,0.26808217060304307,0.2394480363264791,0.20846777,0.35297467731721627
2026-03-03 20:00:00,0.1929508220113076,0.2680821705653649,0.21033629072699017,0.1964304,0.34426468817541483
2026-03-03 20:10:00,0.1886384857916541,0.26808217057657485,0.24608876437866356,0.16505553,0.34779035264700986
2026-03-03 20:20:00,0.17082851676677518,0.26808217057957295,0.23475537205836094,0.18827677,0.3428915087229412
2026-03-03 20:30:00,0.16864897830723932,0.2680821705935423,0.22215401803232926,0.16958883,0.337811051276939
2026-03-03 20:40:00,0.3137312265640434,0.2680821705885567,0.2002287753210048,0.1797702,0.33086412771307333
2026-03-03 20:50:00,0.3642103500085539,0.26808217075262925,0.21783549231217075,0.121690705,0.3273420084563111
2026-03-04 14:30:00,0.41710521786690513,0.2680821692218511,0.23685622324025393,0.16198818,0.3331489164279737
2026-03-04 14:40:00,0.4720144073407913,0.2680821689097303,0.20623050742810983,0.22903903,0.3270597805139537
2026-03-04 14:50:00,0.46756857875048197,0.2680821689155788,0.22531662597885047,0.21202347,0.3242078045328718
2026-03-04 15:00:00,0.4269377842354344,0.26808216903286947,0.3064309534038905,0.35525998,0.35822026482785424
2026-03-04 15:10:00,0.3801120443189452,0.2680821689970678,0.2991656209761794,0.3041704,0.3681118566200144
2026-03-04 15:20:00,0.3329738585047397,0.29865833002383363,0.31704327280514355,0.24781175,0.38707610169662715
2026-03-04 15:30:00,0.2664069572226651,0.29865833002383363,0.31998026691864323,0.32058167,0.39654576609900216
2026-03-04 15:40:00,0.2667063493271259,0.29865833002383363,0.26536014154359716,0.15003455,0.3806815662387656
2026-03-04 15:50:00,0.2438218930554923,0.29865833002383363,0.3010569754636146,0.17208624,0.3839806071108367
2026-03-04 16:00:00,0.2472813532124482,0.29865833002383363,0.2455783710726054,0.21541826,0.3702144617244475
2026-03-04 16:10:00,0.1895320311192033,0.29865833002383363,0.274546003521718,0.18866526,0.37214528432563215
2026-03-04 16:20:00,0.16456863271825825,0.29865833002383363,0.24111812432472982,0.2075563,0.36462124715018945
2026-03-04 16:30:00,0.1868566851481631,0.29865833002383363,0.21884973638058247,0.18118797,0.3535282631179471
2026-03-04 16:40:00,0.15380393903962758,0.29865833002383363,0.24904892012219504,0.1712051,0.35588169937548636
2026-03-04 16:50:00,0.1469655524767563,0.29865833002383363,0.22433645202582528,0.20380901,0.34725921291053663
2026-03-04 17:00:00,0.1451143133560747,0.29865833002383363,0.21169427763947668,0.12611143,0.33981399140089763
2026-03-04 17:10:00,0.14375100317467604,0.29865833002383363,0.19953418008710602,0.11681778,0.3327009896184133
2026-03-04 17:20:00,0.1451027266771822,0.29865833002383363,0.22576717683536346,0.17110547,0.33106632226694116
2026-03-04 17:30:00,0.12406119899856635,0.29865833002383363,0.2217005382879106,0.16030113,0.3313197915827555
2026-03-04 17:40:00,0.1296119176464266,0.29865833002383363,0.19599809379152464,0.12922336,0.3254652695209728
2026-03-04 17:50:00,0.13429900543456724,0.29865833002383363,0.20154046895770295,0.18221955,0.3212569249951564
2026-03-04 18:00:00,0.13707561799638615,0.29865833002383363,0.19321178044655313,0.18872553,0.3169343005978528
2026-03-04 18:10:00,0.10525997723577671,0.29865833002383363,0.21888895190563118,0.20252852,0.31831258511434485
2026-03-04 18:20:00,0.07720422893429965,0.29865833002383363,0.2078301365719139,0.18770933,0.31754117398862364
2026-03-04 18:30:00,0.07142688051570269,0.29865833002383363,0.2006571565299654,0.24902439,0.31480000940279235
2026-03-04 18:40:00,0.06259179063237127,0.29865833002383363,0.21510167757720686,0.20940094,0.3131309640386323
2026-03-04 18:50:00,0.05593529585523675,0.29865833002383363,0.21546534688236665,0.29682925,0.31062532873591614
2026-03-04 19:00:00,0.04916697060057312,0.29865833002383363,0.21888229243081397,0.08721436,0.30849915253932536
2026-03-04 19:10:00,0.06708017357243319,0.29865833002383363,0.21804098508494052,0.19179566,0.30634903382812145
2026-03-04 19:20:00,0.09884806258884073,0.29865833002383363,0.2218641835891991,0.21535939,0.30500961806901833
2026-03-04 19:30:00,0.0994376360673711,0.29865833002383363,0.23066053592074726,0.28925082,0.3043242511936276
2026-03-04 19:40:00,0.09987160350727227,0.29865833002383363,0.21962245754956952,0.3020584,0.30284876079208056
2026-03-04 19:50:00,0.10248729718360368,0.29865833002383363,0.2256792455975921,0.20437664,0.30162728022425533
2026-03-04 20:00:00,0.19157768708022643,0.29865833002383363,0.24404805903572416,0.17322649,0.30196189303521653
2026-03-04 20:10:00,0.27874721990210094,0.29865833002383363,0.2583004228281595,0.094531976,0.30465187026229873
2026-03-04 20:20:00,0.30376161411746455,0.29865833002383363,0.25461188775227805,0.13087568,0.3041013663023849
2026-03-04 20:30:00,0.4518539604898178,0.29865833002383363,0.24711687512359565,0.03073854,0.30271808172826187
2026-03-04 20:40:00,0.5068877651533106,0.29865833002383363,0.25193420618604206,0.07041273,0.30184849897803245
2026-03-04 20:50:00,0.48833393011628423,0.29865833002383363,0.30385343725317554,0.26228523,0.3179962123309919
2026-03-05 14:30:00,0.5283676843478078,0.29865833002383363,0.32686078050814094,0.43829918,0.3411407158558922
2026-03-05 14:40:00,0.5141430299641336,0.29865833002383363,0.3060574195377708,0.46516436,0.34254355795161223
2026-03-05 14:50:00,0.3914080657741502,0.29865833002383363,0.37548962088765847,0.39289287,0.3925353429214426
2026-03-05 15:00:00,0.3392284524111951,0.29865833002383363,0.3502219502908267,0.3825697,0.4028615979328833
2026-03-05 15:10:00,0.4374864637483512,0.29865833002383363,0.30747687276766505,0.2609136,0.3908580069030655
2026-03-05 15:20:00,0.35181813887117674,0.3104898999901372,0.3602104124525889,0.21363507,0.4173142276902036
2026-03-05 15:30:00,0.3545745039636111,0.3104898999901372,0.28452475416166206,0.24008097,0.39914059866348195
2026-03-05 15:40:00,0.3853249935488934,0.3104898999901372,0.2544251344695953,0.19495025,0.3833027197624421
2026-03-05 15:50:00,0.36533183902058974,0.3104898999901372,0.26709573618627913,0.22056839,0.37695783703314295
2026-03-05 16:00:00,0.22477769620750446,0.3104898999901372,0.326294305231353,0.20310628,0.40593764750729805
2026-03-05 16:10:00,0.17441123346776868,0.3104898999901372,0.2616051105118524,0.1666092,0.3983279718003946
2026-03-05 16:20:00,0.3005572103361103,0.3104898999901372,0.23806689182049653,0.16968995,0.3837975909094215
2026-03-05 16:30:00,0.2833019105628337,0.3104898999901372,0.2694194204000799,0.22536966,0.38154101274905056
2026-03-05 16:40:00,0.29243735072582344,0.3104898999901372,0.22550931678428143,0.15178837,0.36790865734034406
2026-03-05 16:50:00,0.3664447526718251,0.3104898999901372,0.2052729617505096,0.20846225,0.3579318676155758
2026-03-05 17:00:00,0.3663719816458104,0.3104898999901372,0.1796785931145075,0.2161887,0.34777172348344954
2026-03-05 17:10:00,0.3310526754046109,0.3104898999901372,0.2701287354954415,0.23843244,0.3724835932096679
2026-03-05 17:20:00,0.3733908218898309,0.3104898999901372,0.22736504828938212,0.22205658,0.36708581483078173
2026-03-05 17:30:00,0.3662326115570142,0.3104898999901372,0.2170434457093782,0.1906223,0.35836501673846655
2026-03-05 17:40:00,0.2925396560534625,0.3104898999901372,0.27172989359263433,0.2824384,0.3751122326445166
2026-03-05 17:50:00,0.2941028882490465,0.3104898999901372,0.20784946956553302,0.13961959,0.3623376838299332
2026-03-05 18:00:00,0.22291837735577513,0.3104898999901372,0.2536638092230026,0.18821967,0.3715001041127483
2026-03-05 18:10:00,0.09408583971772484,0.3104898999901372,0.2670943830175728,0.31682783,0.38123673010876497
2026-03-05 18:20:00,0.10741712652093509,0.3104898999901372,0.21196369404998264,0.154963,0.3676312669384824
2026-03-05 18:30:00,0.1313811514998132,0.3104898999901372,0.220651311061426,0.2073264,0.35781015587947074
2026-03-05 18:40:00,0.13819148926879324,0.3104898999901372,0.21929258633412838,0.17637214,0.34813444981001745
2026-03-05 18:50:00,0.19404676181030173,0.3104898999901372,0.2073153263454574,0.2034591,0.3404381696276499
2026-03-05 19:00:00,0.1895183621338383,0.3104898999901372,0.19137206528894507,0.05022142,0.33439323423092027
2026-03-05 19:10:00,0.2497807053024352,0.3104898999901372,0.19504401130462828,0.06095458,0.329507772746761
2026-03-05 19:20:00,0.26382486572624814,0.3104898999901372,0.2114262063927456,0.19912425,0.32909759692522106
2026-03-05 19:30:00,0.2633546994534433,0.3104898999901372,0.2024775685957307,0.1197507,0.32504884939042683
2026-03-05 19:40:00,0.23728444553315978,0.3104898999901372,0.2503085629824494,0.19731775,0.33177287248299525
2026-03-05 19:50:00,0.24557449608115703,0.3104898999901372,0.2201152793104634,0.19694497,0.3261499787270028
2026-03-05 20:00:00,0.2227696527103299,0.3104898999901372,0.27010584747995486,0.2888343,0.33768120588575035
2026-03-05 20:10:00,1.5383443541587132,0.3104898999901372,0.26234779318667906,0.33530232,0.33985190001626575
2026-03-05 20:20:00,1.538743595224254,0.3104898999901372,0.2399163989198141,0.2986145,0.33389171968061115
2026-03-05 20:30:00,1.5365853950382775,0.3104898999901372,0.24323670539798617,0.308917,0.33161809526028496
2026-03-05 20:40:00,1.5351134326135392,0.3104898999901372,0.23988741176967307,0.2954724,0.32831598409687435
2026-03-05 20:50:00,1.5711898956337664,0.3104898999901372,0.2605874319107526,0.2824836,0.3334476236872042
2026-03-06 14:30:00,0.38477446736519166,0.3104898999901372,0.7664024170073386,0.3498605,0.9912380830153575
2026-03-06 14:40:00,0.4349866051059772,0.3104898999901372,0.3543600760822332,0.31588897,0.9085337736161581
2026-03-06 14:50:00,0.5119937762435918,0.3104898999901372,0.34657232135352867,0.29580897,0.833655570020832
2026-03-06 15:00:00,0.5393973790199849,0.3104898999901372,0.3437049517158737,0.28437006,0.7664815401091485
2026-03-06 15:10:00,0.4003571805808924,0.3104898999901372,0.44406334217480703,0.43601444,0.7402571867868365
2026-03-06 15:20:00,0.384150520972881,0.34610019278786763,0.10370394767861663,0.29278085,0.6864414648827266
2026-03-06 15:30:00,0.32855783663207777,0.34610019278786763,0.14069674371541946,0.32184896,0.6481467093437946
2026-03-06 15:40:00,0.20080984507681301,0.34610019278786763,0.1713563521037017,0.22003005,0.6235354967380675
2026-03-06 15:50:00,0.12219380130148627,0.34610019278786763,0.14786580073333605,0.25181916,0.5885142708318662
2026-03-06 16:00:00,0.13445988651852991,0.34610019278786763,0.06938160642126359,0.2671433,0.548192104842476
2026-03-06 16:10:00,0.19903495148768902,0.34610019278786763,0.06537882038186568,0.30165204,0.5126341658220713
2026-03-06 16:20:00,0.19646742319545055,0.34610019278786763,0.07208776203780085,0.24136338,0.48345607146120273
2026-03-06 16:30:00,0.20210525637691226,0.34610019278786763,0.04421301753349341,0.2638091,0.4583265779806312
2026-03-06 16:40:00,0.2362759195094198,0.34610019278786763,0.02153884203326656,0.2493174,0.4355947123806561
2026-03-06 16:50:00,0.23943227204458248,0.34610019278786763,0.02399725977377079,0.30149966,0.4157238169500802
2026-03-06 17:00:00,0.19336912426749017,0.34610019278786763,0.0631649809978285,0.26142687,0.40718731959023263
2026-03-06 17:10:00,0.24454482493607055,0.34610019278786763,0.040964792856580945,0.2715854,0.3918352263263666
2026-03-06 17:20:00,0.3386110949148117,0.34610019278786763,0.04977903297175787,0.27996495,0.3806769299942951
2026-03-06 17:30:00,0.35977697561809807,0.34610019278786763,0.06974249856266243,0.31564215,0.3765022730441628
2026-03-06 17:40:00,0.3551673295992126,0.34610019278786763,0.05140384310878193,0.28395343,0.3659238552660622
2026-03-06 17:50:00,0.35668969466701933,0.34610019278786763,0.033069780710413554,0.29078215,0.3553713517637217
2026-03-06 18:00:00,0.33366456131341643,0.34610019278786763,0.07902146241367217,0.2624456,0.35976334433661433
2026-03-06 18:10:00,0.23145375288042064,0.34610019278786763,0.2928589701704671,0.2704202,0.38165835313857494
2026-03-06 18:20:00,0.1607259399648396,0.34610019278786763,0.27483843565672617,0.13545181,0.3845990971970399
2026-03-06 18:30:00,0.15740125391394033,0.34610019278786763,0.23269778412922112,0.19098769,0.3711262041505059
2026-03-06 18:40:00,0.15124879051432752,0.34610019278786763,0.23691555622826427,0.15910421,0.3603480673679796
2026-03-06 18:50:00,0.11253513278826263,0.34610019278786763,0.2619183567535575,0.21703918,0.355522243490714
2026-03-06 19:00:00,0.10786095324896534,0.34610019278786763,0.23078116985621522,0.19286491,0.3485574600088327
2026-03-06 19:10:00,0.07765582988379105,0.34610019278786763,0.22109524530450136,0.1882704,0.3429549382695464
2026-03-06 19:20:00,0.17440779694971217,0.34610019278786763,0.21578114667904794,0.24208237,0.335269403141611
2026-03-06 19:30:00,0.2995431610883507,0.34610019278786763,0.22224886743227165,0.1786393,0.3290822547956278
2026-03-06 19:40:00,0.29860686982278145,0.34610019278786763,0.21202366252186772,0.09381943,0.3237687488954999
2026-03-06 19:50:00,0.3056408402647695,0.34610019278786763,0.22185394587693688,0.13675752,0.3214904884772766
2026-03-06 20:00:00,0.309867022633289,0.34610019278786763,0.2004418004328981,0.080441676,0.31716137762468855
2026-03-06 20:10:00,1.188022393968302,0.34610019278786763,0.2605717576780215,0.260112,0.3279416707197879
2026-03-06 20:20:00,1.173561914388873,0.34610019278786763,0.3047033743891712,0.36465064,0.35573999337403955
2026-03-06 20:30:00,1.1751068371528663,0.34610019278786763,0.23648886184639228,0.26992467,0.3458880733789898
2026-03-06 20:40:00,1.1745717808133347,0.34610019278786763,0.26568129636506327,0.300811,0.34225712650615503
2026-03-06 20:50:00,1.1750826132857013,0.34610019278786763,0.25561106204568707,0.2814452,0.3360208077116515
2026-03-09 13:30:00,0.2027786033701517,0.34610019278786763,0.640654418233311,0.3498605,0.7818372590848554
2026-03-09 13:40:00,0.32218750540423363,0.34610019278786763,0.3567103940207599,0.3472622,0.7268048635220479
2026-03-09 13:50:00,0.39536921496826904,0.34610019278786763,0.3287881574641907,0.31588897,0.6719747296891241
2026-03-09 14:00:00,0.38614482408223916,0.34610019278786763,0.33527345192425967,0.3119233,0.624335254088924
2026-03-09 14:10:00,0.3874935823848335,0.34610019278786763,0.3305807347261501,0.3065081,0.5811409853361443
2026-03-09 14:20:00,0.4059755382653141,0.36303340502350473,0.09983574203399423,0.29646298,0.5418064884920748
2026-03-09 14:30:00,0.30701979384972067,0.36303340502350473,0.2016149115907024,0.2263441,0.5388165335985313
2026-03-09 14:40:00,0.26208696155469585,0.36303340502350473,0.19761315252189493,0.31506297,0.5248536425999766
2026-03-09 14:50:00,0.2733099601828428,0.36303340502350473,0.13075125436101048,0.2638761,0.49213428649565183
2026-03-09 15:00:00,0.2685218401909959,0.36303340502350473,0.14955086962702366,0.27628168,0.4654667768181514
2026-03-09 15:10:00,0.24640003891722217,0.36303340502350473,0.1678355470792075,0.24226901,0.4465799582070992
2026-03-09 15:20:00,0.2068184739475028,0.36303340502350473,0.14763202245081475,0.29113886,0.43173739289279456
2026-03-09 15:30:00,0.17850210427345914,0.36303340502350473,0.14666909163422698,0.24507648,0.424683596040142
2026-03-09 15:40:00,0.1639930987834133,0.36303340502350473,0.12160020171850855,0.2599356,0.4076538362162806
2026-03-09 15:50:00,0.20517916896208793,0.36303340502350473,0.11217915770346959,0.2812976,0.3913237798029074
2026-03-09 16:00:00,0.22275389958029188,0.36303340502350473,0.11049433262913383,0.27108565,0.3780016174294686
2026-03-09 16:10:00,0.23603649508135155,0.36303340502350473,0.08777259484240238,0.29046494,0.36487335722256037
2026-03-09 16:20:00,0.24056167214149415,0.36303340502350473,0.11767026408909759,0.25503674,0.36391078746069655
2026-03-09 16:30:00,0.27400589332130115,0.36303340502350473,0.08808053337861213,0.30551687,0.3533835471945052
2026-03-09 16:40:00,0.24663875485099826,0.36303340502350473,0.12438347650813693,0.3022203,0.35334550245927837
2026-03-09 16:50:00,0.22395499287929196,0.36303340502350473,0.12070128652550045,0.31094202,0.34990715321133165
2026-03-09 17:00:00,0.21179984784439942,0.36303340502350473,0.11599075851992979,0.274338,0.344370466231111
2026-03-09 17:10:00,0.15849535016791422,0.36303340502350473,0.2573587686682032,0.2874572,0.34824454435875535
2026-03-09 17:20:00,0.18256733794620253,0.36303340502350473,0.2626501160135392,0.3289768,0.3495093645919936
2026-03-09 17:30:00,0.17469292968502853,0.36303340502350473,0.2345927801266855,0.28580385,0.3424405594181597
2026-03-09 17:40:00,0.21825171625771336,0.36303340502350473,0.22051886669215548,0.23609547,0.33494131162092233
2026-03-09 17:50:00,0.21609279243649201,0.36303340502350473,0.22049040047916246,0.20225434,0.3288911948029647
2026-03-09 18:00:00,0.2471188469994006,0.36303340502350473,0.21220907455415933,0.19975111,0.32448689873153275
2026-03-09 18:10:00,0.18983329950950295,0.36303340502350473,0.26049853821497587,0.21235545,0.33479206149859675
2026-03-09 18:20:00,0.4947780943556134,0.36303340502350473,0.22905973257151935,0.1406778,0.3285156369922081
2026-03-09 18:30:00,0.7579226026230017,0.36303340502350473,0.26683601983546534,0.26162595,0.3330467664303704
2026-03-09 18:40:00,0.8284707207554652,0.36303340502350473,0.2303435339012637,0.22878702,0.3267662049582235
2026-03-09 18:50:00,0.853390484732554,0.36303340502350473,0.27283897727232154,0.4025346,0.33096540115345546
2026-03-09 19:00:00,0.8535314688258127,0.36303340502350473,0.23747952351660573,0.17726697,0.32586389411724864
2026-03-09 19:10:00,0.7368196020580106,0.36303340502350473,0.3967002098556954,0.26250222,0.4259198558973532
2026-03-09 19:20:00,0.44234085508642096,0.36303340502350473,0.45426259948051584,0.47288463,0.5432180783680719
2026-03-09 19:30:00,0.35923038594868123,0.36303340502350473,0.38815846534434406,0.46293673,0.5480147860049298
2026-03-09 19:40:00,0.3000934842633127,0.36303340502350473,0.36267439709287064,0.34386703,0.5334139178642162
2026-03-09 19:50:00,0.3589964871512388,0.36303340502350473,0.3062582299403696,0.28398004,0.5002767630849951
2026-03-10 13:30:00,0.3807761989938085,0.36303340502350473,0.3107616018149901,0.38382456,0.47992452183034934
2026-03-10 13:40:00,0.47701524912782584,0.36303340502350473,0.20143616665740777,0.16984807,0.45281672410584384
2026-03-10 13:50:00,0.4428146937168616,0.36303340502350473,0.23835728286219937,0.31277898,0.44858287774452577
2026-03-10 14:00:00,0.4353250257279434,0.36303340502350473,0.20335749415379056,0.28848815,0.43400057699065886
2026-03-10 14:10:00,0.39434277609701995,0.36303340502350473,0.23130119178084832,0.31226024,0.4309341074110444
2026-03-10 14:20:00,0.36187044078795383,0.34224197406201884,0.23419943597055884,0.30336645,0.42806233006020533
2026-03-10 14:30:00,0.22490127031830734,0.34224197406201884,0.27549951693870384,0.20885503,0.44415135384444665
2026-03-10 14:40:00,0.192128711728488,0.34224197406201884,0.21906617973490972,0.2638392,0.4278153700664426
2026-03-10 14:50:00,0.15753519356476983,0.34224197406201884,0.21504771229314643,0.2638392,0.41341438862718993
2026-03-10 15:00:00,0.13753109720736867,0.34224197406201884,0.1960958254633712,0.28200144,0.3982335866861447
2026-03-10 15:10:00,0.20323702509060923,0.34224197406201884,0.1995278575192157,0.23984714,0.3895008325553731
2026-03-10 15:20:00,0.24036410019225152,0.34224197406201884,0.1486630851741716,0.30989748,0.37572531226281003
2026-03-10 15:30:00,0.24640633535351467,0.34224197406201884,0.13168368589413515,0.2967178,0.36294994682249787
2026-03-10 15:40:00,0.2856120405872187,0.34224197406201884,0.12888279419553855,0.2882358,0.3523687854794903
2026-03-10 15:50:00,0.3035145936040012,0.34224197406201884,0.12382826957184188,0.302001,0.34337579612788327
2026-03-10 16:00:00,0.24803250118304396,0.34224197406201884,0.18462560270720865,0.29531464,0.3558583011445668
2026-03-10 16:10:00,0.2249270867023584,0.34224197406201884,0.17561784396511415,0.32251132,0.35597056058914595
2026-03-10 16:20:00,0.23606965940809432,0.34224197406201884,0.17218927571600312,0.19244869,0.3477670136105226
2026-03-10 16:30:00,0.2043600928797039,0.34224197406201884,0.2400537152895172,0.18457258,0.35087181536200235
2026-03-10 16:40:00,0.33195140600398854,0.34224197406201884,0.24480867474009269,0.2105704,0.3478480928673386
2026-03-10 16:50:00,0.3394524454991644,0.34224197406201884,0.23264858566433635,0.19400835,0.3430687571293797
2026-03-10 17:00:00,0.32789640720794666,0.34224197406201884,0.2277548416788632,0.19576862,0.3394976312099218
2026-03-10 17:10:00,0.32661373203673827,0.34224197406201884,0.23319375371076329,0.20927721,0.3368116047801202
2026-03-10 17:20:00,0.5872447945142886,0.34224197406201884,0.2238444882909198,0.19368342,0.3342138752537846
2026-03-10 17:30:00,0.5474660886239454,0.34224197406201884,0.30336211380307454,0.20305026,0.370519594632269
2026-03-10 17:40:00,0.5397447576337003,0.34224197406201884,0.25757548677693515,0.22207819,0.36467511875825337
2026-03-10 17:50:00,0.5397132717426698,0.34224197406201884,0.23122518165468686,0.16866556,0.353480173399108
2026-03-10 18:00:00,0.5369111734579474,0.34224197406201884,0.25800913561298067,0.28123423,0.3479949577046903
2026-03-10 18:10:00,0.2091737592297321,0.34224197406201884,0.4116109251760658,0.31270367,0.4553858599961269
2026-03-10 18:20:00,0.12978107705437045,0.34224197406201884,0.3128722000573512,0.25913644,0.44618288465471656
2026-03-10 18:30:00,0.30546620885981374,0.34224197406201884,0.2769632443533589,0.27964973,0.42507389788759115
2026-03-10 18:40:00,0.30575157913170203,0.34224197406201884,0.2611739885054254,0.24893105,0.40520018063964675
2026-03-10 18:50:00,0.3178534953468839,0.34224197406201884,0.2800481239653921,0.2728744,0.3902022051606778
2026-03-10 19:00:00,0.31877164797897084,0.34224197406201884,0.19630733625499,0.22987944,0.37584688686878487
2026-03-10 19:10:00,0.3649118262574807,0.34224197406201884,0.19170178646159983,0.23134907,0.36684539004066635
2026-03-10 19:20:00,0.3405961562646005,0.34224197406201884,0.2779851768936153,0.1893821,0.39535046820373204
2026-03-10 19:30:00,0.383694381331825,0.34224197406201884,0.202270634370565,0.1808294,0.37971806361742094
2026-03-10 19:40:00,0.368159126154724,0.34224197406201884,0.23491696359145905,0.23551245,0.37233148458070997
2026-03-10 19:50:00,0.36683442468377364,0.34224197406201884,0.21837841591668405,0.20163557,0.36092476751496594
2026-03-11 13:30:00,0.39362448219832835,0.34224197406201884,0.26841242716191716,0.17433792,0.37062876213599244
2026-03-11 13:40:00,0.3159926436744028,0.34224197406201884,0.27323415403409135,0.27359608,0.3900778298964757
2026-03-11 13:50:00,0.29758060085018345,0.34224197406201884,0.26022119863439896,0.1923873,0.3905015245218258
2026-03-11 14:00:00,0.30184700525289243,0.34224197406201884,0.21212653041321267,0.120363645,0.3756094023144486
2026-03-11 14:10:00,0.33215034033661656,0.34224197406201884,0.2162572260078267,0.14247598,0.36320627953608753
2026-03-11 14:20:00,0.33881050798658174,0.2638972134619709,0.27729778246277714,0.28489837,0.3825832080261192
2026-03-11 14:30:00,0.3444153645541123,0.33739321863209254,0.21584717903007056,0.17053132,0.37269087033078785
2026-03-11 14:40:00,0.3152863261165879,0.34582340900042347,0.23283864314303163,0.17485292,0.37059267019199654
2026-03-11 14:50:00,0.33706204609455437,0.36122640171499687,0.20989728498173796,0.17922503,0.35996282003473123
2026-03-11 15:00:00,0.30744789089191776,0.302846623627129,0.23957886226436648,0.20058446,0.36007953058445535
2026-03-11 15:10:00,0.1889391933429341,0.31150043878736516,0.2664187602395085,0.24062908,0.38234248069820037
2026-03-11 15:20:00,0.15631280431361205,0.3277365112645022,0.2535604337969473,0.22843696,0.3744114155347757
2026-03-11 15:30:00,0.19814377521635818,0.3421016025156295,0.22912705152835,0.16327277,0.36219586083611344
2026-03-11 15:40:00,0.17710034822504228,0.3188837774708756,0.26072884215907216,0.21973856,0.36033371177953527
2026-03-11 15:50:00,0.17431619020813807,0.3746128485191126,0.22596293162764078,0.1572352,0.35030698967479706
2026-03-11 16:00:00,0.21319579479594988,0.3111690871275013,0.2099581813877817,0.18060656,0.34409146394584517
2026-03-11 16:10:00,0.21304984393968185,0.3528420201906995,0.18832658609096678,0.16740283,0.336290893594944
2026-03-11 16:20:00,0.19659748205040523,0.3384846533206904,0.22626155486776153,0.22062603,0.3383129821784721
2026-03-11 16:30:00,0.22103870318383764,0.37108453664384716,0.22251353524867137,0.15866351,0.33631865125832255
2026-03-11 16:40:00,0.3851088941324985,0.32895157028064087,0.19587021840316826,0.16787498,0.32951599833047795
2026-03-11 16:50:00,0.36647457884587586,0.34953779691384457,0.24274751413262133,0.18266807,0.335293287934645
2026-03-11 17:00:00,0.3664765232822197,0.32552250809904537,0.20838947080017906,0.22128274,0.32886095495075446
2026-03-11 17:10:00,0.3657642143800176,0.3150228984743798,0.23006663856456946,0.21763223,0.3284203303951431
2026-03-11 17:20:00,0.34481444241967135,0.4032833890874729,0.25460348669131333,0.27107856,0.3339355661670136
2026-03-11 17:30:00,0.15453674927959554,0.2794247471778506,0.33188323048365653,0.20813937,0.3802428229602882
2026-03-11 17:40:00,0.13813376062020605,0.3540094242859906,0.26022226949097754,0.14780214,0.36985586851853725
2026-03-11 17:50:00,0.14035179064836664,0.3570517312122088,0.24362073167663933,0.16377258,0.35805771799619734
2026-03-11 18:00:00,0.1246808803391721,0.4007464412983648,0.27115650234554023,0.28138766,0.35237464961561127
2026-03-11 18:10:00,0.12348254041831483,0.32422589664366974,0.25977861208139436,0.3121023,0.34546574681964803
2026-03-11 18:20:00,0.10509911950169573,0.36022354980307203,0.21848461725216242,0.20485964,0.33967182998287254
2026-03-11 18:30:00,0.09869679312861195,0.33599588461548324,0.20661306979288957,0.24305394,0.33310251842147026
2026-03-11 18:40:00,0.1591990611036639,0.34673290399068185,0.20850848534897742,0.21264687,0.3273788151300349
2026-03-11 18:50:00,0.1485429687898151,0.3460428354898538,0.2243970689677633,0.26647073,0.32450781493304376
2026-03-11 19:00:00,0.1692218876024725,0.31948358490170964,0.225159300578055,0.2500359,0.3220453179028574
2026-03-11 19:10:00,0.7507573330042052,0.3853366671028326,0.2073151270144749,0.08861268,0.31770361778514955
2026-03-11 19:20:00,0.7724315370909629,0.34087858109451386,0.206856410861247,0.0643236,0.31398095927583725
2026-03-11 19:30:00,0.7863470139621808,0.3764804048967233,0.2518013393920315,0.29271662,0.32070251360914187
2026-03-11 19:40:00,0.8149992845985401,0.3307056664726963,0.2228291939335099,0.2348697,0.3170399223322412
2026-03-11 19:50:00,0.8155064615593309,0.3278489781962436,0.24589646641620636,0.30864838,0.31974435278108176
2026-03-12 13:30:00,0.4275782786486158,0.27128985353589863,0.48981236104722353,0.4387247,0.5481565044760193
2026-03-12 13:40:00,0.3872555739314337,0.2890868315590375,0.3378957932621405,0.3901263,0.5245679493227147
2026-03-12 13:50:00,0.34061718820989056,0.31062523765738836,0.3412737025534109,0.3303241,0.5062622518458453
2026-03-12 14:00:00,0.26334302311104546,0.37762349566198533,0.35119383867761056,0.3876321,0.49396835639192643
2026-03-12 14:10:00,0.25560407078953573,0.3615931509771091,0.3196033856124756,0.3033329,0.4697057191447525
2026-03-12 14:20:00,0.1423394836166754,0.3160099568288769,0.26110718000331673,0.29974848,0.4657708038457806
2026-03-12 14:30:00,0.18986582722955087,0.3387110146872227,0.1930854434778498,0.1988623,0.4405723019605431
2026-03-12 14:40:00,0.3201483960046355,0.362428978609464,0.20567008584051202,0.18305022,0.4205395840865083
2026-03-12 14:50:00,0.34087247477976895,0.3825689789659701,0.17422094571258606,0.20641926,0.4013914859309351
2026-03-12 15:00:00,0.33029813860664536,0.38388721306031304,0.19194588743802754,0.21355627,0.3884681337938079
2026-03-12 15:10:00,0.385793577673907,0.3633084621478629,0.16667132134889381,0.22739147,0.3777044343075731
2026-03-12 15:20:00,0.4548464381826369,0.37420723875118783,0.18697177480447544,0.24507199,0.37269665173978117
2026-03-12 15:30:00,0.3887331290247545,0.41614999085531185,0.24980021448325904,0.22152442,0.3954269690089669
2026-03-12 15:40:00,0.41280367716068,0.3397340253659857,0.21177463682061143,0.21244329,0.38651485283160975
2026-03-12 15:50:00,0.4510125087340477,0.3735778379554034,0.1821094951156653,0.16436467,0.3722887541596022
2026-03-12 16:00:00,0.39462748848247053,0.3271771689400839,0.24639857516322805,0.38483587,0.38398455116647473
2026-03-12 16:10:00,0.2862518709923162,0.38119449676326617,0.27119087789836904,0.19304156,0.4057356348961928
2026-03-12 16:20:00,0.2863114954586981,0.3301269739311857,0.2126947291106389,0.30428833,0.3957247346432548
2026-03-12 16:30:00,0.2299942238463345,0.38656807227191925,0.23218226930206007,0.22663757,0.3960142784954309
2026-03-12 16:40:00,0.19586770927774466,0.3151738386570258,0.2397003195699604,0.23126681,0.3963596486084122
2026-03-12 16:50:00,0.2707219560960994,0.363422498540664,0.17562119798626913,0.27290106,0.3804959344162788
2026-03-12 17:00:00,0.2704244759212865,0.3761995557719239,0.1560948579118129,0.2550391,0.3670658419093574
2026-03-12 17:10:00,0.25279221603690977,0.3240187245848902,0.23732172319048786,0.22016539,0.36334501336968716
2026-03-12 17:20:00,0.2524125095650154,0.4137950505536345,0.21150767876586163,0.20677145,0.3545293293371605
2026-03-12 17:30:00,0.21185639075180382,0.36889581675152283,0.2266492476884898,0.2169619,0.35500113532374944
2026-03-12 17:40:00,0.1103630572791297,0.3317942340525618,0.25920038592524675,0.18837224,0.3637465575403115
2026-03-12 17:50:00,0.12622861199547336,0.3720429181199174,0.21099375546169752,0.18415695,0.3527309473366253
2026-03-12 18:00:00,0.1024699061732912,0.3619849556025162,0.2316713182169393,0.18451934,0.3465069333636487
2026-03-12 18:10:00,0.09124195976082011,0.3425219031201432,0.2272987189705365,0.18969028,0.3402696650658227
2026-03-12 18:20:00,0.0926197169743304,0.3645708475634755,0.20343577660219073,0.21252587,0.33287763815863064
2026-03-12 18:30:00,0.08794141847908822,0.3584461585239833,0.19062144326729352,0.19471273,0.3278978229773395
2026-03-12 18:40:00,0.06266302065022587,0.34277812087805776,0.19897399996339724,0.19968025,0.3246913446792359
2026-03-12 18:50:00,0.1908392586515744,0.36691601880088204,0.1826044443973207,0.20598206,0.31999632922268284
2026-03-12 19:00:00,0.21227324106115436,0.36436007840022683,0.18831563433939486,0.078870155,0.31690272503056854
2026-03-12 19:10:00,0.6830664582821737,0.3620621531526744,0.1922781123220002,0.19478722,0.3134744072120331
2026-03-12 19:20:00,0.6909212347234441,0.34781399542706615,0.19846779588559005,0.20182185,0.31125535176230285
2026-03-12 19:30:00,0.6964558137610334,0.36404990323889624,0.18439670393331214,0.12569231,0.3086142595742822
2026-03-12 19:40:00,0.6958864756221557,0.3207767819954657,0.26502970657437175,0.18234739,0.32590181104788674
2026-03-12 19:50:00,0.709519009297125,0.4487750119894918,0.2586412225571538,0.2758766,0.45901126465382824
2026-03-13 13:30:00,0.30218085694706764,0.47703479942007376,0.46479458878691937,0.50002956,0.5688917212824884
2026-03-13 13:40:00,0.2813854329526186,0.40347429871538065,0.3173379950625798,0.45533335,0.5289356253929643
2026-03-13 13:50:00,0.3827562156271727,0.3180316154715864,0.3151963413888934,0.4145609,0.5025182905847001
2026-03-13 14:00:00,0.4255274685008043,0.3506168407382197,0.3371130216151419,0.4366708,0.49288778874916267
2026-03-13 14:10:00,0.4091700321967535,0.3688025361226712,0.33503480647529493,0.45167765,0.4863798672707621
2026-03-13 14:20:00,0.40024965857261086,0.3337086656461468,0.2216089231948795,0.20590417,0.47687915396123226
2026-03-13 14:30:00,0.44180552588604344,0.3337077148975719,0.19120471423405372,0.18775918,0.46834720331838653
2026-03-13 14:40:00,0.34665428534455484,0.3337158487556757,0.2838295518608843,0.22287372,0.48463896925445127
2026-03-13 14:50:00,0.23598796559540763,0.33371033911369447,0.2859390472023863,0.21970196,0.49175104162680383
2026-03-13 15:00:00,0.24457480275950008,0.33371206771342815,0.24348012503977173,0.17741728,0.4818751861975868
2026-03-13 15:10:00,0.2885514057119595,0.33371053416987617,0.22043637630682056,0.21408102,0.4720896847713195
2026-03-13 15:20:00,0.2410628545755196,0.33372826377682757,0.26534167598709674,0.18130055,0.47552639363717225
2026-03-13 15:30:00,0.2543397009915731,0.3337089144202751,0.1926042476920051,0.16869156,0.46752991287857126
2026-03-13 15:40:00,0.25024289029059604,0.3337078146979628,0.17865899372312638,0.22000147,0.4633425440440066
2026-03-13 15:50:00,0.21372758555956256,0.33370794820421207,0.20571992542975495,0.20175917,0.46605754512646325
2026-03-13 16:00:00,0.17513177399398988,0.33370860514194745,0.2811518249537605,0.2626963,0.4693757381127463
2026-03-13 16:10:00,0.1690074456400776,0.3337074032287546,0.2669645013552533,0.2674906,0.4666882772796404
2026-03-13 16:20:00,0.19575861072038567,0.3337083877759064,0.2673349438932252,0.14626095,0.46413404732658603
2026-03-13 16:30:00,0.20453261075906626,0.3337111572050347,0.26029842153021915,0.19362947,0.46070370527011806
2026-03-13 16:40:00,0.20008993267878494,0.33370767253076106,0.2579049655399338,0.23785482,0.459536950363346
2026-03-13 16:50:00,0.3028272866583837,0.33370884430076864,0.25669161661899764,0.2649068,0.46115707254085425
2026-03-13 17:00:00,0.2907199352401477,0.33371187328877155,0.25426281927814925,0.2839809,0.46117895903942896
2026-03-13 17:10:00,0.27172788922591906,0.3337077618968492,0.2855011841660593,0.26949897,0.46371022834079695
2026-03-13 17:20:00,0.2665221295445419,0.3337113299554257,0.28149906008228853,0.20070183,0.4614817531673924
2026-03-13 17:30:00,0.27086443286728096,0.33370966256815116,0.279008230104015,0.20692675,0.45947090502949123
2026-03-13 17:40:00,0.1600790984488165,0.3337132047407547,0.3140190139585638,0.29236633,0.4760466217201894
2026-03-13 17:50:00,0.16985289714536667,0.3337076266606992,0.29351436349238236,0.26527578,0.4680025130113193
2026-03-13 18:00:00,0.16257965357032103,0.33370929542033956,0.29513733384737323,0.16566545,0.4646499865264366
2026-03-13 18:10:00,0.1768683639952908,0.3337073889372697,0.2899599690051582,0.23824601,0.46122092710458606
2026-03-13 18:20:00,0.16681534959552277,0.33370852539328844,0.29886763412935086,0.8497732,0.4600026755715346
2026-03-13 18:30:00,0.2163312616922408,0.33371080333087483,0.28949548047912876,0.45881256,0.46258323981277866
2026-03-13 18:40:00,0.2242173488723119,0.33370802316306336,0.2868003485466,0.33982226,0.46086397284825437
2026-03-13 18:50:00,0.2171793203215712,0.3337083537008346,0.28506810580056324,0.34611928,0.4596820361757179
2026-03-13 19:00:00,0.2129073725837632,0.3337082413363175,0.2918486458844891,0.22224492,0.45968612780699153
2026-03-13 19:10:00,1.0301909937269584,0.3337076113608126,0.2845215036964173,0.34217325,0.45806946302585466
2026-03-13 19:20:00,1.0241361538387181,0.33371052268348195,0.30560353228311726,0.40674946,0.46697590201936817
2026-03-13 19:30:00,1.0277017873925403,0.3337082866375287,0.2991984954377295,0.5629065,0.4645007632142048
2026-03-13 19:40:00,1.0276214964894124,0.3337086928998939,0.2938331238620223,0.18709844,0.46093897369263337
2026-03-13 19:50:00,1.0263272434372281,0.33374250399232014,0.2981038566958671,0.21747518,0.45989233418328956
2026-03-16 13:30:00,0.19799526195979356,0.3337894040920009,0.4686605032683835,0.3380871,0.6964476586598901
2026-03-16 13:40:00,0.3095647702908042,0.33371293717898504,0.3890291342697244,0.291292,0.6149137596841998
2026-03-16 13:50:00,0.2905147490753711,0.3337165064248422,0.3868957356472206,0.3159211,0.5592682864577745
2026-03-16 14:00:00,0.39660187191744983,0.33371035704233987,0.3764042494990929,0.35172692,0.5196445869356737
2026-03-16 14:10:00,0.4032648946030715,0.33370915013706715,0.3795305974764024,0.3381923,0.49493803109393864
2026-03-16 14:20:00,0.40458229257174594,0.33018196895022617,0.23757592924765178,0.23059595,0.4798986866864277
2026-03-16 14:30:00,0.2986404355143829,0.33018196895022617,0.2751995589785143,0.31741968,0.49212814061708554
2026-03-16 14:40:00,0.2938364431987206,0.33018196895022617,0.25169786283912005,0.26990184,0.47850933545883756
2026-03-16 14:50:00,0.11636027919386485,0.33018196895022617,0.2889664952725229,0.28112382,0.4899003116475667
2026-03-16 15:00:00,0.2597009969680855,0.33018196895022617,0.27281244382830977,0.15549265,0.47809627935900595
2026-03-16 15:10:00,0.25692095531882947,0.33018196895022617,0.2708585405984589,0.22667383,0.4699574214238252
2026-03-16 15:20:00,0.25045053621942276,0.33018196895022617,0.2527891733008591,0.26807886,0.4651988331080015
2026-03-16 15:30:00,0.3059489798947258,0.33018196895022617,0.2483195713953625,0.29568174,0.46140247995256495
2026-03-16 15:40:00,0.32576537535263406,0.33018196895022617,0.21740266763447152,0.20558798,0.45906654252237994
2026-03-16 15:50:00,0.21943311406685465,0.33018196895022617,0.26140282984694085,0.20292704,0.47518157217645496
2026-03-16 16:00:00,0.21625807416393253,0.33018196895022617,0.24244763266124267,0.24428533,0.4677832765429952
2026-03-16 16:10:00,0.228475452739478,0.33018196895022617,0.23936826030470726,0.20772478,0.46293670409813525
2026-03-16 16:20:00,0.15381862906501134,0.33018196895022617,0.26228520317356674,0.26387766,0.46904895171119565
2026-03-16 16:30:00,0.10570438709193855,0.33018196895022617,0.2606989642314521,0.36246386,0.4672862487612393
2026-03-16 16:40:00,0.10366188471408644,0.33018196895022617,0.23678514530945127,0.27270502,0.463272508990454
2026-03-16 16:50:00,0.1304696935953308,0.33018196895022617,0.23319465138613557,0.22604457,0.4602284789961687
2026-03-16 17:00:00,0.12169513147891342,0.33018196895022617,0.24063784762527296,0.20209758,0.46002017120755695
2026-03-16 17:10:00,0.15881315225341006,0.33018196895022617,0.2760713097549065,0.2819308,0.4589992554720041
2026-03-16 17:20:00,0.16462897199710935,0.33018196895022617,0.2657337296109894,0.34554148,0.4576430806783517
2026-03-16 17:30:00,0.15843357190898746,0.33018196895022617,0.2694090881147889,0.30385032,0.4573941201901985
2026-03-16 17:40:00,0.14213460719125814,0.33018196895022617,0.27677598431573974,0.26523852,0.45858056276528575
2026-03-16 17:50:00,0.12927384012629564,0.33018196895022617,0.2731173108052612,0.3790112,0.45838885740215957
2026-03-16 18:00:00,0.09254544422282548,0.33018196895022617,0.28366771436203997,0.3968435,0.46109649657345836
2026-03-16 18:10:00,0.27115480149150895,0.33018196895022617,0.2846883771369304,0.42154038,0.4594479014113571
2026-03-16 18:20:00,0.3954823692897348,0.33018196895022617,0.28012472127460236,0.76085603,0.45787582297706586
2026-03-16 18:30:00,0.3939783991563234,0.33018196895022617,0.28763734400739277,0.44712892,0.45741820169898595
2026-03-16 18:40:00,0.39652247330227847,0.33018196895022617,0.2825482357660251,0.5285177,0.4566650446026453
2026-03-16 18:50:00,0.3915238645143656,0.33018196895022617,0.2822479909860174,0.33899358,0.45767597408053096
2026-03-16 19:00:00,0.29532722800073286,0.33018196895022617,0.32386295139910914,0.5889039,0.47625199469220963
2026-03-16 19:10:00,0.7394217753363146,0.33018196895022617,0.34103045677236304,0.383129,0.4913545062910941
2026-03-16 19:20:00,0.7408938145052287,0.33018196895022617,0.3166508959276354,0.45303068,0.47726329114599625
2026-03-16 19:30:00,0.7414588056205924,0.33018196895022617,0.324075136600136,0.34857973,0.46915008984321543
2026-03-16 19:40:00,0.7464908577363712,0.33018196895022617,0.32205036272538623,0.296467,0.4639658454478874
2026-03-16 19:50:00,0.7525082371696501,0.3301819689502262,0.30520214956594194,0.82632065,0.4608332379864063
2026-03-17 13:30:00,0.15455509205780052,0.3301819689502262,0.413560767788027,0.42211384,0.5977278268423685
2026-03-17 13:40:00,0.14603508180142868,0.3301819689502262,0.35247176664021923,0.38929847,0.5451252435041203
2026-03-17 13:50:00,0.17960904039560008,0.3301819689502262,0.35275016286696725,0.38311508,0.5113972471422883
2026-03-17 14:00:00,0.15935936896852848,0.3301819689502262,0.35670179991256584,0.3753076,0.4918232054950002
2026-03-17 14:10:00,0.2175518193012392,0.3301819689502262,0.35821454019601,0.37472197,0.48022916128330967
2026-03-17 14:20:00,0.23564728580515534,0.31829974490525037,0.24633635169664764,0.32124764,0.4703753142018332
2026-03-17 14:30:00,0.264239629306551,0.31829974490244106,0.2449985901906656,0.2899069,0.46443098997519644
2026-03-17 14:40:00,0.2667350502194119,0.3182997449111423,0.26015503748835783,0.25702235,0.4648800880230563
2026-03-17 14:50:00,0.2644142003133716,0.3182997449165501,0.24991531866059535,0.23171872,0.4615894960737638
2026-03-17 15:00:00,0.1953870074335602,0.3182997449212963,0.2710926535553688,0.2377148,0.46844712195180205
2026-03-17 15:10:00,0.17871626569057772,0.3182997449110052,0.26654704082689196,0.2861986,0.4656569933362423
2026-03-17 15:20:00,0.18406025171952708,0.3182997449094393,0.27352147961446416,0.33946213,0.46577228391427766
2026-03-17 15:30:00,0.14693685361988268,0.31829974490894075,0.27351178767870715,0.294599,0.46606131103820253
2026-03-17 15:40:00,0.15326127688296282,0.31829974491679797,0.2638272705405988,0.34769472,0.4619351069471573
2026-03-17 15:50:00,0.16521674605068562,0.3182997449166593,0.2510601297219349,0.22621787,0.45938885375023886
2026-03-17 16:00:00,0.16785136708474355,0.31829974491666524,0.2514062418860757,0.21716836,0.45842892425324455
2026-03-17 16:10:00,0.16821069637623148,0.3182997449246553,0.26227706394149103,0.26848927,0.4620633829035295
2026-03-17 16:20:00,0.17036101282948193,0.31829974492257457,0.25319201025516785,0.20784952,0.46026351521636194
2026-03-17 16:30:00,0.16452492859832418,0.31829974492124835,0.2537030108246683,0.22085698,0.4590305546677621
2026-03-17 16:40:00,0.16233111363610253,0.31829974492035584,0.2570181374180826,0.18779339,0.458781762931982
2026-03-17 16:50:00,0.17586741563880826,0.31829974492092167,0.2565689309991097,0.21364385,0.4583270619708912
2026-03-17 17:00:00,0.13250126096279632,0.3182997449175076,0.26254634610481314,0.2825939,0.4620387616641057
2026-03-17 17:10:00,0.14060465456057028,0.3182997449148462,0.29427281784746645,0.42236117,0.4604629497450579
2026-03-17 17:20:00,0.1528301557542387,0.31829974491462476,0.2897491771965127,0.4006453,0.4585726493163767
2026-03-17 17:30:00,0.194243658690029,0.3182997449159581,0.2928217884111059,0.41280335,0.45829798461861776
2026-03-17 17:40:00,0.17524441521454237,0.31829974491610125,0.2979637150853435,0.4904933,0.459390739836592
2026-03-17 17:50:00,0.16678707413148264,0.31829974491323404,0.2883894109090647,0.4368746,0.4587356848858703
2026-03-17 18:00:00,0.1485843651200621,0.31829974491333446,0.2910399092152844,0.3364898,0.45915074299041947
2026-03-17 18:10:00,0.13561689899631488,0.3182997449123033,0.29153097759269603,0.4454946,0.45885041497695145
2026-03-17 18:20:00,0.07016472667635987,0.31829974491445695,0.30461860355060755,0.555077,0.4626882066825106
2026-03-17 18:30:00,0.08771016156408686,0.31829974491014335,0.2913738295311228,0.43145338,0.4599347037545097
2026-03-17 18:40:00,0.08721465322255402,0.31829974491108737,0.29267773032618033,0.32138962,0.4582053108218992
2026-03-17 18:50:00,0.09135772389307771,0.31829974492483665,0.28984956550664026,0.465738,0.4571391517246997
2026-03-17 19:00:00,0.11190846445228836,0.31829974494771757,0.2903366007990451,0.24634731,0.45656467284381036
2026-03-17 19:10:00,0.261433700812822,0.3182997449465115,0.2849184786030645,0.18477498,0.4573738739823305
2026-03-17 19:20:00,0.25523143024011785,0.3182997449448232,0.28689655589889074,0.2206582,0.4575877913322979
2026-03-17 19:30:00,0.25678160370043457,0.3182997449446944,0.28238179398242047,0.23536216,0.4567822042253025
2026-03-17 19:40:00,0.2622048123809346,0.31829974494483243,0.2850841379674441,0.18095054,0.4565121399737502
2026-03-17 19:50:00,0.32337072580155296,0.3182997450398633,0.2938239446270173,0.22416219,0.4574300352616742
2026-03-18 13:30:00,0.31747818513974174,0.3182997450223673,0.32852309752807074,0.34995982,0.47410585675029
2026-03-18 13:40:00,0.3182740785076435,0.31829974501105335,0.30568616727714426,0.38823026,0.4666621319529303
2026-03-18 13:50:00,0.3182177278638499,0.31829974501217534,0.3088696225491779,0.3037373,0.46243385485904775
2026-03-18 14:00:00,0.3622050605128505,0.31829974501040253,0.3124935871003686,0.49065736,0.4607062984079955
2026-03-18 14:10:00,0.32455844743026885,0.3182997450128538,0.33314820095179787,0.70511925,0.47034564991402394
2026-03-18 14:20:00,0.2747204775000491,0.29451826867998493,0.330196746906684,0.69879,0.48048852656520386
2026-03-18 14:30:00,0.27403550507862395,0.29451826867998493,0.31096599173628364,0.8023045,0.4706681340517639
2026-03-18 14:40:00,0.27958194077942444,0.29451826867998493,0.31172046785907387,0.5561021,0.46482797165343626
2026-03-18 14:50:00,0.22324483513698817,0.29451826867998493,0.3309245053660587,0.37987742,0.47082145945927245
2026-03-18 15:00:00,0.19006815344399625,0.29451826867998493,0.3177167893008772,1.0168134,0.46884901091605574
2026-03-18 15:10:00,0.11085542847674378,0.29451826867998493,0.3111715916609951,0.6976903,0.4711128532396109
2026-03-18 15:20:00,0.14616048705539847,0.29451826867998493,0.2977682701114157,0.673722,0.4648966464781312
2026-03-18 15:30:00,0.1387071553486278,0.29451826867998493,0.30447493539438564,0.69981647,0.46226638562123046
2026-03-18 15:40:00,0.13189430140852923,0.29451826867998493,0.29518345948422486,0.27908617,0.46107718495296934
2026-03-18 15:50:00,0.1300354097387496,0.29451826867998493,0.2852021375901907,0.12996735,0.4590362875301534
2026-03-18 16:00:00,0.12048808454199342,0.29451826867998493,0.2734432724276669,0.1542676,0.45835165220975804
2026-03-18 16:10:00,0.11820615548726002,0.29451826867998493,0.28300063610063747,0.22123176,0.4599378261248365
2026-03-18 16:20:00,0.11054864726848242,0.29451826867998493,0.27703333710571193,0.15655568,0.45868516353961286
2026-03-18 16:30:00,0.09571148709101307,0.29451826867998493,0.27726595447350294,0.13417508,0.458404348887979
2026-03-18 16:40:00,0.12429103964282542,0.29451826867998493,0.2728764447114853,0.16047125,0.4572998331454612
2026-03-18 16:50:00,0.12819357955510843,0.29451826867998493,0.27080730136227416,0.2697429,0.4566111550201197
2026-03-18 17:00:00,0.12179650147548404,0.29451826867998493,0.27777940122380823,0.18126881,0.45874796663431305
2026-03-18 17:10:00,0.12655282943264642,0.29451826867998493,0.2735803323884362,0.35807884,0.4574589338589893
2026-03-18 17:20:00,0.17789315835950206,0.29451826867998493,0.2722043577288978,0.19772653,0.45676997487607435
2026-03-18 17:30:00,0.17371542427288686,0.29451826867998493,0.28239079758106617,0.26759997,0.4581893676526173
2026-03-18 17:40:00,0.26627838610973187,0.29451826867998493,0.27896610700175317,0.6083266,0.45743209043803795
2026-03-18 17:50:00,0.2530353131906438,0.29451826867998493,0.2857321885303659,0.17668575,0.45876163638692646
2026-03-18 18:00:00,0.3143904220666873,0.29451826867998493,0.28812701354348275,0.38274837,0.4578165278569845
2026-03-18 18:10:00,0.3285594345306973,0.29451826867998493,0.3034791741900118,0.44578937,0.4615901768421494
2026-03-18 18:20:00,0.36288375909261145,0.29451826867998493,0.2972732453935914,0.38177606,0.4606173098633832
2026-03-18 18:30:00,0.306634127134105,0.29451826867998493,0.3244611751018282,0.5713266,0.4707406062819718
2026-03-18 18:40:00,0.3122234863811116,0.29451826867998493,0.30653571059532564,0.29228634,0.4646880584948554
2026-03-18 18:50:00,0.2653052356887894,0.29451826867998493,0.33196513709500397,0.6404475,0.4714579812470998
2026-03-18 19:00:00,0.21826540650711404,0.29451826867998493,0.32891332140881463,0.68613845,0.47229190579046987
2026-03-18 19:10:00,0.820539180008474,0.29451826867998493,0.33341024297416844,0.25792325,0.4738451769277066
2026-03-18 19:20:00,0.857625856934192,0.29451826867998493,0.31426456173911776,0.4312401,0.46769558663489796
2026-03-18 19:30:00,0.8630022886957698,0.29451826867998493,0.3146070845434218,0.4352726,0.463869374949655
2026-03-18 19:40:00,0.8601935529580942,0.29451826867998493,0.3089384780202579,0.49839765,0.4631242745128433
2026-03-18 19:50:00,0.8641125229145405,0.29451826867998493,0.29722982642964924,0.26693556,0.460733593405235
2026-03-19 13:30:00,0.36302435606958894,0.29451826867998493,0.4293441101365263,0.3097324,0.622523468918734
2026-03-19 13:40:00,0.2992545105087191,0.29451826867998493,0.38313621911046686,0.36839876,0.5765280648916596
2026-03-19 13:50:00,0.29502430134640834,0.29451826867998493,0.3705012387646044,0.35513264,0.5340058951381824
2026-03-19 14:00:00,0.29000808741275963,0.29451826867998493,0.3653453556469797,0.35127842,0.5047098813527086
2026-03-19 14:10:00,0.3134077443951009,0.29451826867998493,0.36882416267994883,0.3486236,0.48785698163180274
2026-03-19 14:20:00,0.26410222107569536,0.29549154190691246,0.2896550534345036,0.31757912,0.48611918794110875
2026-03-19 14:30:00,0.22170124293064367,0.28867492178855664,0.27366593716161386,0.2908749,0.4807830284606056
2026-03-19 14:40:00,0.23983408781874296,0.2931352126397392,0.267945444761467,0.3752662,0.47367702122955196
2026-03-19 14:50:00,0.2385542065376706,0.29435304864879375,0.26091767248649017,0.35226277,0.46673221410742566
2026-03-19 15:00:00,0.23423428401677598,0.28647891910430084,0.2749710397348841,0.27484494,0.46895695195149656
2026-03-19 15:10:00,0.22697186535121636,0.2937253867407401,0.26174379691509175,0.3685963,0.46675850754073994
2026-03-19 15:20:00,0.26155014202331583,0.2938159442857472,0.25082112159504405,0.27322164,0.46327108306590525
2026-03-19 15:30:00,0.23059930462188682,0.2928627082459191,0.26038183745256427,0.28535616,0.4656384984932409
2026-03-19 15:40:00,0.2296475917792079,0.29181367470733144,0.2516321548938004,0.3666289,0.46172455280974545
2026-03-19 15:50:00,0.1874896891293767,0.2884907979904772,0.26103078961867787,0.23465665,0.4654103324648157
2026-03-19 16:00:00,0.17957555595878036,0.2919133912421166,0.25577238005173064,0.40269083,0.463668833483088
2026-03-19 16:10:00,0.22768968857749639,0.2934672982379935,0.26696860497019104,0.23835424,0.46635513783105925
2026-03-19 16:20:00,0.2705418330338639,0.2897989651155852,0.25517331860949444,0.299707,0.46303030065297
2026-03-19 16:30:00,0.2726445366272412,0.29140077503363343,0.2506587108645747,0.27785665,0.4600355249382066
2026-03-19 16:40:00,0.293958031268374,0.29264078199240195,0.24789010466173023,0.27450886,0.45926085061079286
2026-03-19 16:50:00,0.29304458153988483,0.29135977490550624,0.24755833715076492,0.2870502,0.45915758743102214
2026-03-19 17:00:00,0.2280759415727451,0.295186380499197,0.26607857817955005,0.30005774,0.4693836308702455
2026-03-19 17:10:00,0.1647800657301864,0.2888364845619582,0.3039255059742689,0.2573653,0.47102119900534783
2026-03-19 17:20:00,0.21529849457465217,0.29253171922415006,0.2981964389495241,0.8316798,0.46516020814155434
2026-03-19 17:30:00,0.2326224390027084,0.29332768115284114,0.30977939692216216,0.9739565,0.46583892376027414
2026-03-19 17:40:00,0.23060934045943063,0.29209380418651876,0.304185460470955,0.77689034,0.46291899009978815
2026-03-19 17:50:00,0.21807560356337127,0.28986865091549124,0.29439717069392535,0.38537142,0.4617498534513979
2026-03-19 18:00:00,0.34998787651514013,0.2896461692896643,0.2796590880578094,0.5497912,0.4592461576718139
2026-03-19 18:10:00,0.5882046125600771,0.2905512276151283,0.30162588619462793,0.42790428,0.4637550540727875
2026-03-19 18:20:00,0.5683478816961524,0.29090102363212483,0.3043988592945889,0.40707397,0.4672600930803058
2026-03-19 18:30:00,0.6145056419747215,0.29250185316134214,0.2952312402124958,0.3634627,0.46349640370056294
2026-03-19 18:40:00,0.6142007837078828,0.2889592376923198,0.2919345468933934,0.49209404,0.46044304739605635
2026-03-19 18:50:00,0.5519580920812215,0.2898232522379513,0.33208002123881425,0.4235127,0.4800853464049251
2026-03-19 19:00:00,0.2503403404534,0.28060283677630693,0.3770437672718585,0.38333216,0.5359188365611537
2026-03-19 19:10:00,0.7839960436634392,0.2903593349721766,0.33189812605857316,0.2813588,0.5049260826315907
2026-03-19 19:20:00,0.7543456482198924,0.2948021394322202,0.3564939107213367,0.39485475,0.5013548518594971
2026-03-19 19:30:00,0.8393651496459961,0.28997627299830725,0.33702737592682386,0.35651076,0.48331825720705957
2026-03-19 19:40:00,0.838770198401977,0.29178372018400545,0.3298332359863457,0.28856435,0.47291335861220557
2026-03-19 19:50:00,0.8450548051063073,0.2788919584480768,0.2782674603964147,0.2201299,0.466503955157834
2026-03-20 13:30:00,0.40516783810469426,0.3086160946822558,0.40711263928271635,0.38297033,0.6025736715825195
2026-03-20 13:40:00,0.4019303191716399,0.29181770650938754,0.344397432001523,0.39008203,0.5506561092037161
2026-03-20 13:50:00,0.1658067437038051,0.29689512407547025,0.3770912709076839,0.37575948,0.5487107392182883
2026-03-20 14:00:00,0.18911199615716084,0.2907887373873737,0.3472035119703405,0.3475305,0.5132741925137504
2026-03-20 14:10:00,0.15358292365473905,0.2903083925285655,0.35614453838391225,0.32043108,0.4940916392915121
2026-03-20 14:20:00,0.146241702628234,0.3002542830305281,0.2751826032547394,0.25291952,0.4794953206981959
2026-03-20 14:30:00,0.11383204505981952,0.3002542830305281,0.27871506843253935,0.25316453,0.4726868465898078
2026-03-20 14:40:00,0.12151642827982143,0.3002542830305281,0.23311654838497853,0.23311454,0.4662675297812835
2026-03-20 14:50:00,0.07767634817069557,0.3002542830305281,0.24219334125213787,0.25802386,0.46476030133867
2026-03-20 15:00:00,0.10225520116427206,0.3002542830305281,0.2290796859301603,0.27082744,0.46114523694692966
2026-03-20 15:10:00,0.1069354658336464,0.3002542830305281,0.2274402175017127,0.22696415,0.45894655099269677
2026-03-20 15:20:00,0.13974255144654701,0.3002542830305281,0.2244231891369009,0.20949923,0.45792989018530533
2026-03-20 15:30:00,0.16615691158172882,0.3002542830305281,0.22868926125239053,0.17826429,0.45797425987249185
2026-03-20 15:40:00,0.18904625587828525,0.3002542830305281,0.21862643960972966,0.17836697,0.45725931814774223
2026-03-20 15:50:00,0.17627695413438557,0.3002542830305281,0.22624556659084602,0.2195478,0.45798001427525326
2026-03-20 16:00:00,0.1811888272166635,0.3002542830305281,0.2269735995918617,0.21568297,0.45735056875587665
2026-03-20 16:10:00,0.1538996572959166,0.3002542830305281,0.24868407278283977,0.1736879,0.45937212793166166
2026-03-20 16:20:00,0.14877694438454414,0.3002542830305281,0.2537013441589231,0.20123273,0.46120918380406944
2026-03-20 16:30:00,0.11468025251667885,0.3002542830305281,0.25890658443304687,0.25958204,0.46157691838496145
2026-03-20 16:40:00,0.1578591569254563,0.3002542830305281,0.2490121067622572,0.21365911,0.45917125753826665
2026-03-20 16:50:00,0.17702661069470002,0.3002542830305281,0.2538441477069537,0.21203038,0.45857794848162436
2026-03-20 17:00:00,0.19779757844907814,0.3002542830305281,0.24541492452860042,0.22334534,0.45739943040094344
2026-03-20 17:10:00,0.19095898960071409,0.3002542830305281,0.2863701541979506,0.59211355,0.4595869577077386
2026-03-20 17:20:00,0.19850508997522934,0.3002542830305281,0.27311358473408287,0.40880746,0.4579671168194174
2026-03-20 17:30:00,0.2326745558354621,0.3002542830305281,0.3031876360355894,0.41548446,0.46049287488194174
2026-03-20 17:40:00,0.27016961047619514,0.3002542830305281,0.30436021605603064,0.3099479,0.4612521584639792
2026-03-20 17:50:00,0.2624220990003497,0.3002542830305281,0.3078600352615224,0.366303,0.46128407434258023
2026-03-20 18:00:00,0.24912926399048105,0.3002542830305281,0.30569875272912006,0.43614653,0.4611067405724114
2026-03-20 18:10:00,0.24404067415390315,0.3002542830305281,0.30510406404228047,0.26816204,0.45973965552677504
2026-03-20 18:20:00,0.1819645425203263,0.3002542830305281,0.3176792442274472,0.39949104,0.46584224963286136
2026-03-20 18:30:00,0.15560276734252945,0.3002542830305281,0.3224742153149373,0.5711607,0.4698949677694494
2026-03-20 18:40:00,0.27912541386292217,0.3002542830305281,0.3111601411707479,0.5505293,0.46523589492369904
2026-03-20 18:50:00,0.28687963122850474,0.30025428303052815,0.3052099729701617,0.45339984,0.4614675676619175
2026-03-20 19:00:00,0.47939855160608463,0.3002542830305281,0.30440960211208185,0.550747,0.45921530504555397
2026-03-20 19:10:00,1.5731059662431466,0.3002542830305281,0.2931828221921293,0.3139129,0.4577797062817627
2026-03-20 19:20:00,1.5705543560413753,0.3002542830305281,0.2980497676378579,0.48804697,0.4625687029723412
2026-03-20 19:30:00,1.563118918603628,0.3002542830305281,0.3233727853163336,0.8088195,0.4763698943202689
2026-03-20 19:40:00,1.5639513141639971,0.3002542830305281,0.3090296984452839,0.72998625,0.46943160298957204
2026-03-20 19:50:00,1.5332725168304733,0.30025428303052815,0.35969718795630856,0.3631124,0.5051996856792881
2026-03-23 13:30:00,0.3266098955296023,0.30025428303052815,0.5627824478672893,0.41975224,0.918556334494994
2026-03-23 13:40:00,0.31691886862429186,0.30025428303052815,0.4366699504638385,0.4048434,0.7670563981458678
2026-03-23 13:50:00,0.2853693151005984,0.3002542830305281,0.44157385001099075,0.40360594,0.6655381125082882
2026-03-23 14:00:00,0.2753820962831092,0.3002542830305281,0.43270223803190677,0.4722288,0.5910491060162457
2026-03-23 14:10:00,0.2338182167224923,0.3002542830305281,0.4389713448723924,0.40219393,0.5532466681492644
2026-03-23 14:20:00,0.260077183041079,0.3055809317794464,0.2119191637930361,0.37968546,0.5159973661176833
2026-03-23 14:30:00,0.2643552158049387,0.3055809650075567,0.2140700911595153,0.29286987,0.4937329290744861
2026-03-23 14:40:00,0.3378874393007939,0.30558173223761825,0.2132272210352385,0.30724296,0.4828773071249104
2026-03-23 14:50:00,0.3461086012963598,0.3055810791724272,0.20445749684755088,0.3126818,0.4725050607053448
2026-03-23 15:00:00,0.5066448303693257,0.30558166609865817,0.20883605181386233,0.22911882,0.4748536958217889
2026-03-23 15:10:00,0.5128814222974984,0.30558103088088845,0.20768844610168807,0.26176247,0.47107034960662053
2026-03-23 15:20:00,0.523568784833684,0.30558088938538874,0.20546165355246918,0.44649726,0.4669551089031411
2026-03-23 15:30:00,0.5515017600859278,0.3055805892805155,0.23163840290245696,0.28348565,0.47946434488351064
2026-03-23 15:40:00,0.5834812553683447,0.3055808622192461,0.21939755569288932,0.33656207,0.4720523046139595
2026-03-23 15:50:00,0.4346642036394749,0.30558019354469423,0.2722268142096032,0.352397,0.5121531000486358
2026-03-23 16:00:00,0.42572802465984116,0.30558132562198864,0.24853268526201902,0.31720972,0.4954690238122292
2026-03-23 16:10:00,0.4112788266378444,0.3055811554922696,0.24938295824476434,0.3220973,0.48481912498519464
2026-03-23 16:20:00,0.31514902865327576,0.3055807497461233,0.2667567011566775,0.32869977,0.49810995966226307
2026-03-23 16:30:00,0.23607173973577894,0.3055817267617777,0.26357287374680094,0.36067283,0.49344198424460467
2026-03-23 16:40:00,0.4338314794226519,0.30558139855453087,0.23174635383576175,0.31973132,0.4832560049598401
2026-03-23 16:50:00,0.44871771465436006,0.3055809360433051,0.22822253080501473,0.32062262,0.4757387484190521
2026-03-23 17:00:00,0.4832850764199714,0.3055816341291349,0.22638866155778295,0.23334934,0.4694638357551207
2026-03-23 17:10:00,0.471673693151142,0.3055809113882308,0.2919211838198513,0.31065091,0.4695782459024866
2026-03-23 17:20:00,0.47151286986153285,0.3055815042972479,0.2674019468218081,0.25171772,0.46399075743095225
2026-03-23 17:30:00,0.26956787668737014,0.30558233753617503,0.3293416597553281,0.30747682,0.502658037686843
2026-03-23 17:40:00,0.3236857288840086,0.30558064679204494,0.3105332395157352,0.22345339,0.49116535279207835
2026-03-23 17:50:00,0.25903929452603974,0.30558187087420025,0.3205253911498752,0.25652316,0.4878288670123285
2026-03-23 18:00:00,0.24395909682965858,0.30558113301845974,0.308788119424005,0.22914629,0.47743132212688444
2026-03-23 18:10:00,0.24705568895223776,0.3055815835532522,0.3011899052681663,0.33116093,0.46868155371217446
2026-03-23 18:20:00,0.2784002417938391,0.30558160188824074,0.2666953354047048,0.26523557,0.463399634198795
2026-03-23 18:30:00,0.16129285299236856,0.30558191774074656,0.2947169951130122,0.323479,0.47688204457157873
2026-03-23 18:40:00,0.16392142520699127,0.3055812378237575,0.2659700049914936,0.20652314,0.46857885434438834
2026-03-23 18:50:00,0.16439579828446474,0.30558119748992496,0.2642585786299764,0.29195708,0.46363173537774444
2026-03-23 19:00:00,0.40653393400742666,0.3055811015480152,0.2657668603832333,0.2561702,0.46082845177531007
2026-03-23 19:10:00,0.7327144892023955,0.30558124565023115,0.28139090526424965,0.29726866,0.46353478642524115
2026-03-23 19:20:00,0.7485722093910628,0.3055815939462075,0.25666092224132503,0.15657943,0.4621127997058978
2026-03-23 19:30:00,0.7736741609538242,0.3055811550817712,0.2629103746876006,0.22604015,0.4599594128638068
2026-03-23 19:40:00,0.8275894426554594,0.30558041214838977,0.26349610603734375,0.21582116,0.4585238231274234
2026-03-23 19:50:00,0.7494327984668128,0.30557689986205155,0.329197186518162,0.3209544,0.49699001748339405
2026-03-24 13:30:00,0.416797083793679,0.30557953789518333,0.39361846655696875,0.45130843,0.5797000726597009
2026-03-24 13:40:00,0.38109628402768664,0.30558039694894107,0.35631474017477965,0.4053289,0.540249842082955
2026-03-24 13:50:00,0.32461484748794694,0.3055818815891308,0.36214432262878266,0.45532706,0.5180895098645111
2026-03-24 14:00:00,0.22591974141956736,0.30558137270739166,0.3768893156395047,0.31504536,0.5170888113988839
2026-03-24 14:10:00,0.23857250532500177,0.3055809870747206,0.34783246244992594,0.4017838,0.49754632732149107
2026-03-24 14:20:00,0.2663364694534889,0.32914961089872435,0.28055456146424756,0.22759715,0.48097658454559555
2026-03-24 14:30:00,0.26923063094197686,0.32914952738777353,0.27626680551332267,0.29205826,0.4711451841375415
2026-03-24 14:40:00,0.27143420117793166,0.32914960547250893,0.2706523276187627,0.40149137,0.4648890397528224
2026-03-24 14:50:00,0.20605792511256354,0.3291495798883086,0.26908474719967235,0.25653532,0.4707605474675463
2026-03-24 15:00:00,0.27158527686203815,0.32914972784827595,0.26909985768591854,0.1985477,0.4711351185040134
2026-03-24 15:10:00,0.24420728908583736,0.3291496927670311,0.2708780581289101,0.28951445,0.4689802803391636
2026-03-24 15:20:00,0.26979421698229017,0.32914974410466424,0.26519291168014425,0.26774952,0.46436039096635773
2026-03-24 15:30:00,0.2676154029496694,0.3291496460968271,0.264004339794956,0.29066294,0.4611674862492123
2026-03-24 15:40:00,0.3788197388227309,0.3291498336384192,0.25612541336045325,0.25158447,0.45947394471725794
2026-03-24 15:50:00,0.3296730642591017,0.3291493676261053,0.2819103442179072,0.27096456,0.4735069577837041
2026-03-24 16:00:00,0.3297745325110944,0.32914965773670646,0.2569196322877971,0.24416488,0.4663144877876154
2026-03-24 16:10:00,0.4460476941934779,0.32914981674836624,0.27142658218587795,0.32658246,0.4665953575873634
2026-03-24 16:20:00,0.4470332618599717,0.3291494641521211,0.2611411024253867,0.29736942,0.4621621853085277
2026-03-24 16:30:00,0.36609344386931364,0.3291493510426377,0.301145301081661,0.33963948,0.4807565016759622
2026-03-24 16:40:00,0.3393179629079387,0.32914971752097805,0.279753534870035,0.437239,0.47609096960915526
2026-03-24 16:50:00,0.34872405284124064,0.3291495389991425,0.2683763324358005,0.42199406,0.4678935437542915
2026-03-24 17:00:00,0.2545268484687898,0.329149473372932,0.31844440150463305,0.3168948,0.49296368458801604
2026-03-24 17:10:00,0.2644353241421979,0.3291495526619005,0.31189647320194747,0.22993279,0.47838949741052444
2026-03-24 17:20:00,0.2517222413561987,0.32914941040140117,0.3044989860058322,0.20357974,0.4715599436710369
2026-03-24 17:30:00,0.26536072776950875,0.32914966519062794,0.29460539437396055,0.2137963,0.465131964734373
2026-03-24 17:40:00,0.38679434827776626,0.329149421469639,0.30860122529447487,0.10141568,0.46319738175646685
2026-03-24 17:50:00,0.3898908355786398,0.3291497544362291,0.3027436777832589,0.2090554,0.47437329729396127
2026-03-24 18:00:00,0.38279419387676294,0.3291495370458359,0.291080006433768,0.22599955,0.4685834864524502
2026-03-24 18:10:00,0.38702558210359994,0.329149600692934,0.28527009020170124,0.20921193,0.4637649416606117
2026-03-24 18:20:00,0.37803526817103544,0.32914948973916813,0.2913013511648645,0.33494765,0.46252352898742877
2026-03-24 18:30:00,0.26637626843076806,0.32914972600798725,0.3277992454829637,0.26272085,0.4843126363130505
2026-03-24 18:40:00,0.15649918182709083,0.3291494676847471,0.32061683654360246,0.28777584,0.487402640573487
2026-03-24 18:50:00,0.1679906284511205,0.32914958601536964,0.3019170231479367,0.25627565,0.47489659105496934
2026-03-24 19:00:00,0.162391337947344,0.32914968841800685,0.30651910782636227,0.26528016,0.4685048452777181
2026-03-24 19:10:00,1.0347341159692736,0.32914961388218333,0.3000668804247821,0.24638465,0.4633459815607403
2026-03-24 19:20:00,1.0763074068777772,0.3291494883436476,0.28937538194305906,0.295413,0.4642492382572341
2026-03-24 19:30:00,1.092530946623795,0.3291495179120533,0.26923370758409343,0.16237971,0.46225433738774335
2026-03-24 19:40:00,1.0944968457479118,0.329149750855168,0.2704038723459305,0.18549506,0.46082012575742864
2026-03-24 19:50:00,1.095942955838054,0.3291498978789448,0.2691606791517352,0.16665366,0.45953737813991125
2026-03-25 13:30:00,0.40382117999905426,0.329150250002977,0.46009390858444194,0.3380871,0.7017981565193778
2026-03-25 13:40:00,0.24825589924999591,0.32914928681502925,0.40286204304168527,0.30872527,0.6358202917642041
2026-03-25 13:50:00,0.17961159981110741,0.3291492990656712,0.39429109195534884,0.34080192,0.5790340335968929
2026-03-25 14:00:00,0.1573206689982234,0.32914970290074963,0.384592206110495,0.31392205,0.5345336076608045
2026-03-25 14:10:00,0.26067850841563306,0.3291496288905852,0.38698679673988473,0.25579292,0.5055689483261224
2026-03-25 14:20:00,0.40363873803572853,0.36838548968374796,0.26716931645056335,0.15549265,0.4876773369939329
2026-03-25 14:30:00,0.5761322566437321,0.36838548968374796,0.23434450309645471,0.21523322,0.47493590130850966
2026-03-25 14:40:00,0.5900847662302448,0.36838548968374796,0.2304226574466801,0.26983607,0.47033350969054577
2026-03-25 14:50:00,0.5892500611064759,0.36838548968374796,0.22031591135588718,0.2304355,0.4647146575183043
2026-03-25 15:00:00,0.548041016995155,0.36838548968374796,0.25522595002197507,0.19656432,0.47525905626224557
2026-03-25 15:10:00,0.4499233013868716,0.36838548968374796,0.2853526260998904,0.22974962,0.4958751305801224
2026-03-25 15:20:00,0.1863584290799563,0.36838548968374796,0.31795007158176947,0.3155798,0.5254657303920681
2026-03-25 15:30:00,0.1938950648976628,0.36838548968374796,0.29748945826825895,0.32871258,0.5056048061319434
2026-03-25 15:40:00,0.21397193209622428,0.36838548968374796,0.28631206801221626,0.33619484,0.4859354726367335
2026-03-25 15:50:00,0.22025876714080717,0.36838548968374796,0.28420220744881813,0.28721866,0.4745100949155283
2026-03-25 16:00:00,0.2128867024247204,0.36838548968374796,0.26807164342413775,0.24385267,0.4679272044063067
2026-03-25 16:10:00,0.2396117643584261,0.36838548968374796,0.2206139216646491,0.2525228,0.46336796432287464
2026-03-25 16:20:00,0.17121532798754943,0.36838548968374796,0.23312905057728298,0.2645813,0.4689886466512042
2026-03-25 16:30:00,0.18345670963241512,0.36838548968374796,0.2293631044887161,0.2924516,0.4660046604492022
2026-03-25 16:40:00,0.19198668607179045,0.36838548968374796,0.22866991667633296,0.23470697,0.46328491658597365
2026-03-25 16:50:00,0.20708861216649013,0.36838548968374796,0.22272808949836523,0.29235867,0.460261182319874
2026-03-25 17:00:00,0.17383960069151458,0.36838548968374796,0.23585126572655,0.2781665,0.46234099628810793
2026-03-25 17:10:00,0.16892909580244786,0.36838548968374796,0.2614112200364187,0.22873999,0.46019263827213647
2026-03-25 17:20:00,0.12753972968672125,0.36838548968374796,0.27481982379271536,0.2694381,0.4620419829552557
2026-03-25 17:30:00,0.1075472077645403,0.36838548968374796,0.27634842631564716,0.24792282,0.461861835863694
2026-03-25 17:40:00,0.07283161004341002,0.36838548968374796,0.278078784071181,0.16957757,0.46118380442551543
2026-03-25 17:50:00,0.09767075497788301,0.36838548968374796,0.26812379122958246,0.20339732,0.459167177792265
2026-03-25 18:00:00,0.13353646371427394,0.36838548968374796,0.2666362646454768,0.22967423,0.45780434418309346
2026-03-25 18:10:00,0.1448213952570573,0.36838548968374796,0.25958899886418535,0.2444945,0.45701019212560123
2026-03-25 18:20:00,0.1734162674482015,0.36838548968374796,0.2602346710272887,0.16243726,0.45749065481871426
2026-03-25 18:30:00,0.18070874572953058,0.36838548968374796,0.24976114229396718,0.11933172,0.4567369431746654
2026-03-25 18:40:00,0.17842472112323846,0.36838548968374796,0.26253734520502625,0.15167075,0.45777446638337654
2026-03-25 18:50:00,0.15253947578593383,0.36838548968374796,0.27738228273345444,0.34308636,0.4594256246224707
2026-03-25 19:00:00,0.1684390848355018,0.36838548968374796,0.29154117528319534,0.33317786,0.45890295632368594
2026-03-25 19:10:00,0.9141162748925761,0.36838548968374796,0.30299463588618747,0.5071743,0.46129293359982054
2026-03-25 19:20:00,0.9950214024244135,0.36838548968374796,0.29845455214541355,0.34223142,0.45976333317542484
2026-03-25 19:30:00,1.0061288681393599,0.36838548968374796,0.2990731573291304,0.3339435,0.45932816805663296
2026-03-25 19:40:00,1.0096064451102882,0.36838548968374796,0.2897758335177177,0.4218037,0.457819009472366
2026-03-25 19:50:00,1.0053779952783715,0.36838548968374796,0.29938287808190733,0.41107264,0.4594548456525924
2026-03-26 13:30:00,0.44050495428259556,0.36838548968374796,0.4509179058317613,0.36759135,0.6570181540815216
2026-03-26 13:40:00,0.19347383819437214,0.36838548968374796,0.4125920661418653,0.35801828,0.6190137194454763
2026-03-26 13:50:00,0.2191513118056799,0.36838548968374796,0.39255740881524775,0.29703638,0.5648125822277124
2026-03-26 14:00:00,0.20760094603457327,0.36838548968374796,0.38577500869803455,0.36518544,0.5250190677649496
2026-03-26 14:10:00,0.20734732979832915,0.36838548968374796,0.3789739464850555,0.32408187,0.4980062247054517
2026-03-26 14:20:00,0.20656991042398284,0.37662083375830363,0.2852349290532934,0.24029586,0.48211700292098003
2026-03-26 14:30:00,0.20694090955796401,0.3766208213235237,0.2399167927404912,0.27770513,0.4716617219046062
2026-03-26 14:40:00,0.07631795930711363,0.37662074771716414,0.2584922987111501,0.24820895,0.4758684528995581
2026-03-26 14:50:00,0.0610178597526376,0.3766210660543916,0.24345362307906976,0.2527714,0.468344738932643
2026-03-26 15:00:00,0.062168033892205654,0.3766212047673399,0.2395483384127986,0.27337894,0.46319742567928646
2026-03-26 15:10:00,0.03397681044428943,0.37662045741742195,0.24387639900304622,0.24937986,0.4609578395320723
2026-03-26 15:20:00,0.09692838520573004,0.37662103147677023,0.2414389298976765,0.25631714,0.45897412573294993
2026-03-26 15:30:00,0.22890813507322855,0.37662090001249166,0.2175752580510057,0.16941193,0.4576250887104992
2026-03-26 15:40:00,0.2347399733210769,0.3766208472402475,0.21451129543105563,0.1644653,0.45679906459612896
2026-03-26 15:50:00,0.23446365892403973,0.3766209441302346,0.21547017997812726,0.14414713,0.4563415461667082
2026-03-26 16:00:00,0.24843321646663297,0.3766209231629077,0.2110040749943778,0.16216215,0.4560753752216214
2026-03-26 16:10:00,0.230401672017222,0.3766206446984825,0.22902984989688313,0.18320967,0.4585084143945769
2026-03-26 16:20:00,0.11419323513848963,0.37662061535845903,0.2608604816937811,0.24452874,0.4699057613434648
2026-03-26 16:30:00,0.13222140367803042,0.3766209175173358,0.24785535958535435,0.26986614,0.4649315379738531
2026-03-26 16:40:00,0.13342943327252854,0.3766208776459081,0.24367375599419988,0.23779915,0.4611546280386285
2026-03-26 16:50:00,0.17618455171514677,0.3766210890593665,0.25290169594028133,0.22400357,0.460926865312478
2026-03-26 17:00:00,0.22478956794851515,0.37662084062590095,0.2441411752525482,0.22121876,0.4588395764159523
2026-03-26 17:10:00,0.23989544522847778,0.37662073975626076,0.27117832874223685,0.23143506,0.458419695047068
2026-03-26 17:20:00,0.23495162466404795,0.3766207322224618,0.29064730781255455,0.48599187,0.45938291828287375
2026-03-26 17:30:00,0.23791408504322598,0.3766209576148385,0.28789192151380066,0.46563455,0.45793567948757474
2026-03-26 17:40:00,0.22662736790948196,0.3766207926291965,0.3048952596716547,0.43295163,0.4629052202382127
2026-03-26 17:50:00,0.17788632897204162,0.37662078307814667,0.31100569790970106,0.47096184,0.4657212500926842
2026-03-26 18:00:00,0.14680623144889376,0.3766209760993742,0.30926392386104407,0.63915086,0.4645722643804268
2026-03-26 18:10:00,0.2261287810535991,0.3766208903492655,0.30516576562031617,0.5154561,0.46235165506972153
2026-03-26 18:20:00,0.22802999614510094,0.3766208502952662,0.3070665835094084,0.48562846,0.46011875377280764
2026-03-26 18:30:00,0.20004647057081962,0.37662108340626677,0.3109033588498766,0.51333016,0.4626571119516497
2026-03-26 18:40:00,0.2079401875475116,0.3766209949777305,0.2921346164101928,0.31907713,0.45980559067049837
2026-03-26 18:50:00,0.20890670845774076,0.3766209543778778,0.2865178315054974,0.5252478,0.45808704746395157
2026-03-26 19:00:00,0.13420810007462747,0.37662061592647067,0.31324818826876377,0.30839303,0.46714678575371194
2026-03-26 19:10:00,0.6541476917122232,0.37662099708994473,0.3011916315346917,0.28496978,0.4632382470177098
2026-03-26 19:20:00,0.6666694596823566,0.37662091016107574,0.29633283826751894,0.19304428,0.4609971053634332
2026-03-26 19:30:00,0.796894760963653,0.37662083767563803,0.29767021613740197,0.21706621,0.4597638190526635
2026-03-26 19:40:00,0.7972552119108516,0.3766207919023077,0.2944629116376922,0.26934013,0.48202926219250697
2026-03-26 19:50:00,0.835135652932794,0.37662167148361286,0.2881814581857011,0.2533696,0.48326080084521444
2026-03-27 13:30:00,0.5799199221993468,0.37661991330457906,0.4007845006130776,0.40102533,0.572240563700582
2026-03-27 13:40:00,0.5644657973356879,0.37662087776693104,0.3566330945974468,0.37424052,0.5331212467533767
2026-03-27 13:50:00,0.41553321290001693,0.3766205612953753,0.3961180632986053,0.40961605,0.5501017581976779
2026-03-27 14:00:00,0.41439950603324727,0.3766208598630704,0.35956626502174005,0.32026798,0.5170586304986821
2026-03-27 14:10:00,0.3179823806246127,0.37662120618307326,0.38389174155174743,0.2945456,0.5153381648344566
2026-03-27 14:20:00,0.2612419351988303,0.36193943705131076,0.3339154745904772,0.29345787,0.5101179178611244
2026-03-27 14:30:00,0.36566822926566456,0.3619397426744124,0.3148498295569291,0.28616497,0.4960323719031934
2026-03-27 14:40:00,0.29424847117331815,0.3619398303613677,0.3028374288432436,0.30534035,0.4995278660165545
2026-03-27 14:50:00,0.2943848002353302,0.36193962058856527,0.2843577524685248,0.35463762,0.490127373278708
2026-03-27 15:00:00,0.31914967590059584,0.36193966632424734,0.26827796437874335,0.34522486,0.48528592768806356
2026-03-27 15:10:00,0.33605109607808614,0.36193954371059367,0.28188432494076393,0.30329967,0.4872178457353725
2026-03-27 15:20:00,0.21374036898095689,0.3619398340371838,0.30351099792824915,0.2787229,0.4996031476787634
2026-03-27 15:30:00,0.21621292116392749,0.36193965374921366,0.27352223129764175,0.28440312,0.49034291917402845
2026-03-27 15:40:00,0.2336574680921062,0.3619396286592878,0.2728025515043579,0.29637,0.4854223478845599
2026-03-27 15:50:00,0.26898922307480894,0.3619395433652564,0.28526658346053957,0.3258909,0.4865057472081467
2026-03-27 16:00:00,0.24017056548566168,0.36193956838928254,0.2903024754658502,0.23348589,0.49045052733407296
2026-03-27 16:10:00,0.24101993301826863,0.3619397845008683,0.26064999317739784,0.22854821,0.4854503750493587
2026-03-27 16:20:00,0.2791460785582033,0.36193963474107776,0.26461568187101214,0.27338174,0.4833376920484174
2026-03-27 16:30:00,0.33117090034224195,0.36193956294509044,0.2707829574275014,0.29180816,0.4837266108615778
2026-03-27 16:40:00,0.28221740301508574,0.361939702776907,0.28214850296017235,0.23636194,0.4898568781531285
2026-03-27 16:50:00,0.2679804521104253,0.3619395472408444,0.2722684213574137,0.27380013,0.4886804508237278
2026-03-27 17:00:00,0.2713340182010239,0.3619396854710068,0.2638298136667236,0.2558928,0.48464217583133534
2026-03-27 17:10:00,0.25414040874073374,0.36193957978447966,0.30277892119135635,0.25327063,0.4876493675502045
2026-03-27 17:20:00,0.1914363233881363,0.3619394894036448,0.31304990853374187,0.28008407,0.493409239696213
2026-03-27 17:30:00,0.19101422276561947,0.3619397774187848,0.30720603860443785,0.2654006,0.487662676919663
2026-03-27 17:40:00,0.171565881131487,0.3619396707585626,0.30745246752764605,0.2625279,0.485706510794773
2026-03-27 17:50:00,0.16544011833523403,0.3619395147464999,0.3101885824227796,0.22329609,0.4835568826308497
2026-03-27 18:00:00,0.12962943264245966,0.36193959474534765,0.31701425119264115,0.3165726,0.48495459648817124
2026-03-27 18:10:00,0.12580514270968954,0.3619397423708736,0.30733930586987607,0.22208646,0.4854546082180979
2026-03-27 18:20:00,0.15766283297600775,0.36193949398399705,0.3064750763613076,0.24782963,0.4835604693839548
2026-03-27 18:30:00,0.17992446187861125,0.3619396192225915,0.2994859167925227,0.27523065,0.4819350529300092
2026-03-27 18:40:00,0.17981274154861615,0.3619396190919813,0.2994810685081358,0.3952001,0.4811447351192448
2026-03-27 18:50:00,0.2284976001388571,0.3619397344478082,0.2991588168613662,0.14288077,0.48120582623600056
2026-03-27 19:00:00,0.2067015153811705,0.361939509141197,0.3096218653858396,0.50098926,0.48332649196918265
2026-03-27 19:10:00,0.6333760183325506,0.3619397519569625,0.31313415921553023,0.5726906,0.4846370363532284
2026-03-27 19:20:00,0.6916939411007098,0.36193960501129696,0.3134103396941992,0.58731526,0.4842796949387971
2026-03-27 19:30:00,0.7101607095290958,0.3619396346060414,0.3083061843305831,0.75698674,0.4823269361310258
2026-03-27 19:40:00,0.7153837409323701,0.3619395859252786,0.32782213088722,0.4621015,0.48655026451012123
2026-03-27 19:50:00,0.7157225433982641,0.3619401463521432,0.3148591529582074,0.38062966,0.48377021857661595
2026-03-30 13:30:00,0.37687719949418186,0.3619399861758048,0.3921369978125142,0.50602096,0.5638626152239619
2026-03-30 13:40:00,0.23924033357051663,0.36193974150299935,0.36697741727783195,0.35012755,0.5426731542163132
2026-03-30 13:50:00,0.17741819679382834,0.3619395283159948,0.35842365995409764,0.3354995,0.518670834436562
2026-03-30 14:00:00,0.27862471957752094,0.3619395555759191,0.35911648986973205,0.3354995,0.5068457860342301
2026-03-30 14:10:00,0.2936618014328961,0.3619397684364865,0.34767725296392504,0.37771466,0.494333099618046
2026-03-30 14:20:00,0.30201236975481455,0.3464846567827272,0.3001063018334139,0.26959717,0.48744641759091645
2026-03-30 14:30:00,0.3021147347330974,0.34648505274270613,0.2837283467340676,0.27414346,0.4839129219625298
2026-03-30 14:40:00,0.3351803075774871,0.34648472938227765,0.2769734158563536,0.17414838,0.48217122897278974
2026-03-30 14:50:00,0.20179275868223148,0.3464842854959964,0.30910556685816437,0.32934743,0.49904337664115395
2026-03-30 15:00:00,0.18671277695899519,0.34648466224619123,0.2953514303577104,0.29271966,0.49231708369477495
2026-03-30 15:10:00,0.23455704661907648,0.3464852243115586,0.29418300773934897,0.25088573,0.48759154900172413
2026-03-30 15:20:00,0.23652101234107042,0.34648474595515655,0.28938029342389665,0.3081945,0.4840017959927814
2026-03-30 15:30:00,0.23286546582984421,0.34648447243986463,0.30487664171993756,0.22410135,0.4872406427330205
2026-03-30 15:40:00,0.24331620843704513,0.3464844275095258,0.2793253691773938,0.22045608,0.484746968169336
2026-03-30 15:50:00,0.24567599306793275,0.34648455337461925,0.27744127025390203,0.22635135,0.4836246351730695
2026-03-30 16:00:00,0.18805170764257587,0.34648495599406604,0.29052325622815156,0.21304476,0.48795923438021077
2026-03-30 16:10:00,0.18607614284230112,0.3464846968124542,0.2801503812303377,0.28183946,0.484410366905219
2026-03-30 16:20:00,0.24070786372713424,0.34648479310777786,0.28877664694212357,0.28305832,0.48703941471370743
2026-03-30 16:30:00,0.24639735324211032,0.34648484931619156,0.286070057430321,0.26765373,0.48582971789210255
2026-03-30 16:40:00,0.23709699158410152,0.34648464291099706,0.28438161518802074,0.21437518,0.4844503952012454
2026-03-30 16:50:00,0.2367839822954826,0.3464847656274048,0.27239445613309177,0.34831724,0.48242349134484486
2026-03-30 17:00:00,0.23652038717911764,0.34648446309554376,0.2724724192363315,0.18562032,0.48141426503375917
2026-03-30 17:10:00,0.15139239069882757,0.3464847269132011,0.3199871824540337,0.23400204,0.4910498086880997
2026-03-30 17:20:00,0.134094477514261,0.346484965318127,0.3185131333592259,0.55681324,0.48852774485471456
2026-03-30 17:30:00,0.2270235256278635,0.3464845314050966,0.31317132073907045,0.4027146,0.4847528556702047
2026-03-30 17:40:00,0.22953191118633506,0.34648463701408605,0.31332643869387444,0.5570778,0.4825419468350367
2026-03-30 17:50:00,0.23264709956651602,0.34648455825024504,0.3141634449980849,0.55983573,0.481444489657612
2026-03-30 18:00:00,0.22441355311151845,0.3464850359663733,0.3094896729907583,0.307404,0.4832306267287614
2026-03-30 18:10:00,0.29112467364285616,0.34648450664308134,0.3049401484213251,0.15691045,0.48338021196160813
2026-03-30 18:20:00,0.23422682508134496,0.34648499778765157,0.3232762872239966,0.3755141,0.4901083327556794
2026-03-30 18:30:00,0.2425122206430813,0.3464846428285684,0.3177465661931293,0.48746023,0.48554896427544747
2026-03-30 18:40:00,0.2599442570745272,0.34648470533777453,0.3196413736816632,0.66918236,0.4833188999642156
2026-03-30 18:50:00,0.2829039879782884,0.34648467520267523,0.32183147241396437,0.50667876,0.48327903544198525
2026-03-30 19:00:00,0.24519079604404123,0.3464851956975954,0.33740026623021324,0.77650136,0.4915583513706875
2026-03-30 19:10:00,1.2641558261536776,0.346484688595767,0.31971010954927426,0.74204504,0.4871739902243267
2026-03-30 19:20:00,1.2972383618356131,0.3464848082933151,0.3208466374787247,0.61988986,0.48499198180246184
2026-03-30 19:30:00,1.2993893881209475,0.34648432909505705,0.3252473678383086,0.68855023,0.48512646515674807
2026-03-30 19:40:00,1.3108788506719338,0.3464845602251792,0.33210021136224455,1.1241882,0.4871619981415291
2026-03-30 19:50:00,1.3080628111024508,0.3464854294519876,0.3257432980273459,0.38888717,0.48881099126486544
2026-03-31 13:30:00,0.41832436070476436,0.34648234785422677,0.4748622073628847,0.3351375,0.7690663793088204
2026-03-31 13:40:00,0.366204223502314,0.3464840028522761,0.3930035157748138,0.29004297,0.659016948933424
2026-03-31 13:50:00,0.4315533500792965,0.34648478464560983,0.3775751016449348,0.30489284,0.5809923222863007
2026-03-31 14:00:00,0.38819859878553703,0.3464849894160595,0.3856514602821713,0.30712244,0.5441181527667681
2026-03-31 14:10:00,0.4749279112379881,0.3464845256089683,0.3756941147705861,0.3052521,0.5167249463770842
2026-03-31 14:20:00,0.5017560069336758,0.34366967750612826,0.2541797073842141,0.2547039,0.500648302524641
2026-03-31 14:30:00,0.48026259765264306,0.34366967748839233,0.2580410429680558,0.25655445,0.5020946038318089
2026-03-31 14:40:00,0.4052949342085406,0.34366967759105277,0.2678953278135958,0.2551399,0.5071941102279964
2026-03-31 14:50:00,0.3974191324896989,0.343669677538947,0.24863888151082683,0.25756592,0.49713568510037603
2026-03-31 15:00:00,0.2806629994260437,0.343669677528558,0.273370245966528,0.27118155,0.5094217584842543
2026-03-31 15:10:00,0.32649113761571047,0.3436696774931817,0.2659091110543926,0.2509513,0.502898185468719
2026-03-31 15:20:00,0.2813556829243511,0.34366967748229815,0.26096833265394986,0.23365192,0.49836208201106175
2026-03-31 15:30:00,0.2946880107028743,0.34366967744045807,0.24088932514964603,0.2738261,0.48990606293931005
2026-03-31 15:40:00,0.5125878961203209,0.3436696774409671,0.24328801095050318,0.260153,0.4867699657588328
2026-03-31 15:50:00,0.5504225358165737,0.3436696774445915,0.22867474344428124,0.2916369,0.48584082959545194
2026-03-31 16:00:00,0.4947045672603846,0.3436696774355812,0.24609854039224568,0.28382093,0.49743532872394747
2026-03-31 16:10:00,0.4949085449843431,0.34366967740704,0.2214440033224487,0.3032461,0.489135285914538
2026-03-31 16:20:00,0.5609250172568507,0.34366967741438387,0.22982516352076604,0.29807466,0.4869955746439776
2026-03-31 16:30:00,0.41508453176484356,0.34366967746838406,0.2822905793496499,0.28705218,0.525512050428584
2026-03-31 16:40:00,0.3506375478948691,0.3436696773947123,0.26801843726142655,0.2708274,0.514991669182431
2026-03-31 16:50:00,0.3493380412214655,0.3436696773686858,0.24585937486505793,0.26877156,0.4987688101783445
2026-03-31 17:00:00,0.36588038819146024,0.34366967739249127,0.24425365153232742,0.27660125,0.48987073745482207
2026-03-31 17:10:00,0.30308039050701396,0.34366967740329085,0.33685806743750557,0.29541317,0.503627647983258
2026-03-31 17:20:00,0.22842517045954094,0.3436696773068351,0.3129027223810818,0.24548095,0.5016106328138685
2026-03-31 17:30:00,0.2282309343635579,0.3436696772797244,0.28915949619800607,0.2626291,0.4912902318046318
2026-03-31 17:40:00,0.24138631489153514,0.34366967727929815,0.2935803158993515,0.2509616,0.48628258087408827
2026-03-31 17:50:00,0.2141499305074947,0.3436696772736255,0.3021052075356826,0.23359568,0.48628553817313225
2026-03-31 18:00:00,0.10621306290419898,0.34366967725877534,0.29902412673798023,0.2468141,0.4920939085819849
2026-03-31 18:10:00,0.11584583158337643,0.3436696772827233,0.2770150263679305,0.22022453,0.486436372871767
2026-03-31 18:20:00,0.1858692407599194,0.3436696772842532,0.2805352997637353,0.2065275,0.4834728045888677
2026-03-31 18:30:00,0.16498741833314315,0.34366967728671033,0.2889025876976336,0.2768104,0.4837729049580343
2026-03-31 18:40:00,0.23062303965562955,0.34366967728211695,0.283745376490875,0.27796194,0.4820495711419834
2026-03-31 18:50:00,0.23432642616390909,0.3436696773040917,0.2751574059025827,0.29541978,0.4817516047267909
2026-03-31 19:00:00,0.2480677867291012,0.3436696772865391,0.27849435628310454,0.26659125,0.48167368629358437
2026-03-31 19:10:00,0.8798635092344345,0.34366967728892867,0.2948172517352387,0.30268875,0.4860989398895549
2026-03-31 19:20:00,0.9654100995339233,0.34366967728061004,0.2815752428711833,0.31879246,0.4833563843244787
2026-03-31 19:30:00,0.9655581797500524,0.3436696772733134,0.30143005520259736,0.26086122,0.4880260934105514
2026-03-31 19:40:00,0.9665441035276442,0.3436696772722783,0.29744023892200677,0.24985029,0.4852023846494561
2026-03-31 19:50:00,0.9617398890751238,0.3436696782004616,0.30148543030590297,0.260426,0.4850083123230032
2026-04-01 13:30:00,0.439293102308974,0.34366967772927426,0.41257528087589285,0.2974418,0.6345416215133308
2026-04-01 13:40:00,0.19874887108670755,0.34366967723424746,0.38469263344459265,0.28938267,0.5953496364342082
2026-04-01 13:50:00,0.1558244493316068,0.34366967713335406,0.36498225852016714,0.2521232,0.5472394151033769
2026-04-01 14:00:00,0.14348236982526494,0.34366967712158486,0.3575119024726731,0.2210088,0.5166568984147775
2026-04-01 14:10:00,0.15998108964932659,0.34366967712173935,0.35095064659706415,0.30404863,0.4990643152698634
2026-04-01 14:20:00,0.15334772950802697,0.3436224092913862,0.287434136261551,0.25586063,0.4903737497371871
2026-04-01 14:30:00,0.16497807535784784,0.34362240930324234,0.25895540944956463,0.14747603,0.4865814844708755
2026-04-01 14:40:00,0.17286967372152345,0.3436224092894679,0.25574301383257186,0.28624836,0.48611029235023434
2026-04-01 14:50:00,0.16669950793504346,0.3436224093338953,0.24906168940177825,0.17291448,0.4837993717732877
2026-04-01 15:00:00,0.1768450390288918,0.343622409321869,0.2536589484770125,0.21185979,0.483280397361267
2026-04-01 15:10:00,0.17834853647294618,0.3436224093541371,0.24869824216499817,0.28564912,0.4817952436553084
2026-04-01 15:20:00,0.15394211765180557,0.34362240936006155,0.25766241807111734,0.2226725,0.48310454646830114
2026-04-01 15:30:00,0.14048779512155907,0.3436224093596671,0.2601988857790274,0.19374897,0.4849850536949189
2026-04-01 15:40:00,0.15310414366123487,0.3436224093492223,0.2508793017415792,0.19075571,0.48272524856176635
2026-04-01 15:50:00,0.12420156180109017,0.34362240937964406,0.25852751985100036,0.17056915,0.4835693803967008
2026-04-01 16:00:00,0.12228811445578938,0.3436224093836827,0.2527102307830705,0.17460291,0.48207024272761695
2026-04-01 16:10:00,0.14297299317730355,0.3436224093888975,0.2494697304081125,0.2033947,0.48130010451868255
2026-04-01 16:20:00,0.10328579141481596,0.343622409493683,0.25496339466729306,0.16354945,0.483128122400806
2026-04-01 16:30:00,0.08183131574386211,0.3436224094210796,0.2533327011452807,0.18378575,0.48266820451244447
2026-04-01 16:40:00,0.08498016976198945,0.34362240942031524,0.24729830217058807,0.17676495,0.48162107788727554
2026-04-01 16:50:00,0.1091902561233667,0.3436224094217815,0.24590563781870003,0.21640866,0.4809672723579219
2026-04-01 17:00:00,0.1485236958060815,0.3436224094554726,0.2549015406038641,0.16903615,0.4820577044169024
2026-04-01 17:10:00,0.18109287597425694,0.34362240950985823,0.29212439403331975,0.15823677,0.48116909754785947
2026-04-01 17:20:00,0.2504958621834551,0.3436224095054745,0.3085095550275234,0.14655182,0.48072138549418564
2026-04-01 17:30:00,0.27310013905521346,0.34362240950777906,0.3156614558351742,0.2118916,0.4807593904795042
2026-04-01 17:40:00,0.266524953090695,0.343622409511964,0.32230287763136584,0.2973309,0.48165936643600843
2026-04-01 17:50:00,0.23598964338687453,0.3436224095639098,0.33001304116764296,0.3799845,0.48483024374486744
2026-04-01 18:00:00,0.21504599848422506,0.34362240954457146,0.33096174881394247,0.5274487,0.4851431830731149
2026-04-01 18:10:00,0.17247856787513793,0.3436224095461752,0.3427665736224226,0.31513235,0.48986029683976556
2026-04-01 18:20:00,0.1429315601834562,0.34362240955318746,0.34030846727238295,0.55876,0.48822265184788466
2026-04-01 18:30:00,0.1607713149229399,0.3436224095372709,0.3326344920428751,0.4574025,0.4846042523339869
2026-04-01 18:40:00,0.1591536568988767,0.3436224095375919,0.32852243122892266,0.3735548,0.48265512970826385
2026-04-01 18:50:00,0.15896432608036348,0.34362240953905604,0.3262002224929468,0.47399276,0.48178188426474955
2026-04-01 19:00:00,0.16336553065499007,0.3436224095432113,0.32687629942218743,0.5478687,0.4842548668078992
2026-04-01 19:10:00,1.519329203628663,0.34362240954625284,0.31939469099393525,0.33891663,0.48315576795798665
2026-04-01 19:20:00,1.539514866668426,0.3436224095522415,0.3227727151501858,0.41122198,0.4833205948938108
2026-04-01 19:30:00,1.5904139762340272,0.34362240955225615,0.31801694519727736,0.19080944,0.4818781562819261
2026-04-01 19:40:00,1.5903559706383144,0.3436224095583685,0.3195095971357619,0.40905926,0.4813730318879103
2026-04-01 19:50:00,1.5872453361448708,0.34362241006591243,0.3257649793063305,0.35674918,0.48438732307476606
2026-04-02 13:30:00,0.48381785279817296,0.3436224100655711,0.5103627249222684,0.3351375,0.8722929925970947
2026-04-02 13:40:00,1.019868169192573,0.34362240900826624,0.40054366675909886,0.29655582,0.7177944514142787
2026-04-02 13:50:00,1.0034797931643942,0.34362240903378527,0.4144998814941461,0.37486887,0.6417035371875186
2026-04-02 14:00:00,1.0215432952514698,0.34362240897232427,0.3820294965485135,0.39729807,0.5680684928232431
2026-04-02 14:10:00,1.0225047464727597,0.34362240897235935,0.38503701952823,0.31471318,0.5276964320010178
2026-04-02 14:20:00,1.0238575276506614,0.3635173359307392,0.23082463180483764,0.3099042,0.504867775626973
2026-04-02 14:30:00,0.4172133108025511,0.3635173359307392,0.35948018279113536,0.3641234,0.66712563548767
2026-04-02 14:40:00,0.21859405499251816,0.3635173359307392,0.3026952455480045,0.37013817,0.6070830053420968
2026-04-02 14:50:00,0.18943187830225747,0.3635173359307392,0.2899736220526704,0.3359308,0.5560956347730853
2026-04-02 15:00:00,0.1717876869156849,0.3635173359307392,0.2805895747991117,0.35678267,0.5216276513543001
2026-04-02 15:10:00,0.17558863484670859,0.3635173359307392,0.2782874029449776,0.33994037,0.5022981647007795
2026-04-02 15:20:00,0.24072829538928225,0.3635173359307392,0.19410712993461632,0.3107163,0.4916059608119628
2026-04-02 15:30:00,0.2427701159497795,0.3635173359307392,0.16745001226313214,0.34613916,0.48607650461815527
2026-04-02 15:40:00,0.2014159104738602,0.3635173359307392,0.1759574308265532,0.3219912,0.4893279383095894
2026-04-02 15:50:00,0.2507992341894557,0.3635173359307392,0.16158103663082557,0.27164954,0.4850170523548209
2026-04-02 16:00:00,0.26563765452069976,0.3635173359307392,0.1655304427514031,0.24436824,0.4836610786494502
2026-04-02 16:10:00,0.2103429315014819,0.3635173359307392,0.1828600783407101,0.2867014,0.4884982301852863
2026-04-02 16:20:00,0.2441189121519428,0.3635173359307392,0.1715704304120296,0.34343305,0.4847211991126685
2026-04-02 16:30:00,0.22857693324784284,0.3635173359307392,0.17058459496512723,0.3532835,0.4842820174310707
2026-04-02 16:40:00,0.17893211930264757,0.3635173359307392,0.18242584891773403,0.28393254,0.48776345193694176
2026-04-02 16:50:00,0.27261514825498506,0.3635173359307392,0.18035678717698297,0.43850282,0.4868814190587018
2026-04-02 17:00:00,0.27898189520059297,0.3635173359307392,0.16653129478033016,0.31133464,0.4838711555838573
2026-04-02 17:10:00,0.27623761041692957,0.3635173359307392,0.2543981927682892,0.2630025,0.48602681589992974
2026-04-02 17:20:00,0.2762371293876438,0.3635173359307392,0.24422445972062917,0.1834818,0.48319084611041024
2026-04-02 17:30:00,0.2810658810948108,0.3635173359307392,0.24902452265735026,0.17944707,0.4823918652668818
2026-04-02 17:40:00,0.1580833313230144,0.3635173359307392,0.27511513550660754,0.25026718,0.4941556980221919
2026-04-02 17:50:00,0.2016425347484549,0.3635173359307392,0.26140391685857534,0.2625999,0.48842637750984746
2026-04-02 18:00:00,0.16041966062218924,0.3635173359307392,0.26519881588952027,0.26942673,0.4879701627085484
2026-04-02 18:10:00,0.17005797351531837,0.3635173359307392,0.30654436259664747,0.2167224,0.4841825766467151
2026-04-02 18:20:00,0.15965682596637104,0.3635173359307392,0.324604136495048,0.64356035,0.4835392674314707
2026-04-02 18:30:00,0.16126169356000322,0.3635173359307392,0.3063883255235205,0.5183752,0.48194210291121625
2026-04-02 18:40:00,0.09572982568900831,0.3635173359307392,0.3225457750338152,0.60522646,0.48594165128971484
2026-04-02 18:50:00,0.09900135711513845,0.3635173359307392,0.30527730987441487,0.63439065,0.4831540596966026
2026-04-02 19:00:00,0.21299241693613769,0.3635173359307392,0.31070802897412003,0.54214954,0.4824917645136287
2026-04-02 19:10:00,0.23512293039535873,0.3635173359307392,0.3080321339936962,0.48763642,0.48185999982804867
2026-04-02 19:20:00,0.24521660197295486,0.3635173359307392,0.3092812906571858,0.43218234,0.4812125265647324
2026-04-02 19:30:00,0.32457511065080136,0.3635173359307392,0.303113433015905,0.2597377,0.4815500080718721
2026-04-02 19:40:00,0.38434949930607953,0.3635173359307392,0.30111045969895445,0.26548946,0.4810731906555384
2026-04-02 19:50:00,0.3714239606173342,0.3635173359307392,0.3302628558845076,0.50235915,0.48989971272419736
2026-04-06 13:30:00,0.35530903010669934,0.3635173359307392,0.3242987931207259,0.92738533,0.4879883136846429
2026-04-06 13:40:00,0.3975934121281345,0.3635173359307392,0.3227573232922892,0.7200104,0.4854882481707371
2026-04-06 13:50:00,0.33455476711825977,0.3635173359307392,0.343671509025779,0.67813975,0.494405977926462
2026-04-06 14:00:00,0.2840644274071266,0.3635173359307392,0.3474468334372245,0.51209676,0.49758011690399023
2026-04-06 14:10:00,0.23053800613475361,0.3635173359307392,0.3397704805640219,0.43368903,0.4959155409460536
2026-04-06 14:20:00,0.2378654401315953,0.3584562928043612,0.32523345568007833,0.4785108,0.48829468448261004
2026-04-06 14:30:00,0.15294307349183692,0.3584562928043612,0.3434019071086213,0.2623844,0.49316233783374785
2026-04-06 14:40:00,0.14495807163884578,0.3584562928043612,0.32224565347958334,0.30748478,0.4874177328111123
2026-04-06 14:50:00,0.12193679489047944,0.3584562928043612,0.3246087748339974,0.6427291,0.48671200554063077
2026-04-06 15:00:00,0.12947243668270125,0.3584562928043612,0.3114596892720686,0.5436889,0.4838833826590363
2026-04-06 15:10:00,0.14288678676364505,0.3584562928043612,0.315495088976257,0.36924043,0.482958933402755
2026-04-06 15:20:00,0.13515765417810507,0.3584562928043612,0.30401827621227473,0.11931297,0.4826085440027102
2026-04-06 15:30:00,0.13878217339233123,0.3584562928043612,0.29848703714039865,0.20107411,0.4814626622431288
2026-04-06 15:40:00,0.1279355361303594,0.3584562928043612,0.3008196444561937,0.087743536,0.4822279447311053
2026-04-06 15:50:00,0.11851230497295122,0.3584562928043612,0.30196227590554925,0.1340287,0.48205677627128857
2026-04-06 16:00:00,0.10423451221221054,0.3584562928043612,0.3054622888484833,0.19873369,0.4829073133981342
2026-04-06 16:10:00,0.1389203334648821,0.3584562928043612,0.30092085364512683,0.13282433,0.4820674232210826
2026-04-06 16:20:00,0.17985963562598364,0.3584562928043612,0.3004659968534643,0.14069998,0.48142621452354484
2026-04-06 16:30:00,0.22082511032685023,0.3584562928043612,0.30058134611488097,0.15568231,0.4815156382749205
2026-04-06 16:40:00,0.22021961297010645,0.3584562928043612,0.297709742903111,0.11903548,0.4811382138997239
2026-04-06 16:50:00,0.21856279019134567,0.3584562928043612,0.29826880814133744,0.105148375,0.48168028566965243
2026-04-06 17:00:00,0.2009870503409513,0.3584562928043612,0.30919836039789467,0.48044848,0.4834651217765156
2026-04-06 17:10:00,0.16747768752510217,0.3584562928043612,0.31596478525179994,0.5937745,0.4852543659019383
2026-04-06 17:20:00,0.20809297890929143,0.3584562928043612,0.32180804253001744,0.47501686,0.4873675225225926
2026-04-06 17:30:00,0.2104708707956445,0.3584562928043612,0.31703169298872885,0.5635571,0.48405183118806466
2026-04-06 17:40:00,0.20923715951337943,0.3584562928043612,0.3242269841930767,0.33718556,0.4829837620514904
2026-04-06 17:50:00,0.20518762175864008,0.3584562928043612,0.3250073642761058,0.41644838,0.48236031050800143
2026-04-06 18:00:00,0.2023342547897754,0.3584562928043612,0.3191368756421665,0.3909494,0.48174372090183276
2026-04-06 18:10:00,0.09333537270303927,0.3584562928043612,0.33768635428280275,0.38632354,0.4892158649739434
2026-04-06 18:20:00,0.08413686328847977,0.3584562928043612,0.32539821378072464,0.48318306,0.4852331247373558
2026-04-06 18:30:00,0.07012907932518352,0.3584562928043612,0.3275011434401407,0.4367532,0.4834604591169294
2026-04-06 18:40:00,0.06935579092204754,0.3584562928043612,0.3254951697159115,0.3994132,0.4822002504072814
2026-04-06 18:50:00,0.11439187635879132,0.3584562928043612,0.3244729910887037,0.31978697,0.48138340436523225
2026-04-06 19:00:00,0.10638868266764928,0.3584562928043612,0.31208807864278,0.24747476,0.48135962837434876
2026-04-06 19:10:00,0.562517111468583,0.3584562928043612,0.3076211729591606,0.11508365,0.4808417950735643
2026-04-06 19:20:00,0.5708890002890572,0.3584562928043612,0.30781359306277245,0.13186897,0.48071213664892837
2026-04-06 19:30:00,0.5755482358605268,0.3584562928043612,0.308831690894378,0.14371814,0.4807795570547991
2026-04-06 19:40:00,0.623326411391489,0.3584562928043612,0.31988325300080317,0.2401948,0.4826481948162544
2026-04-06 19:50:00,0.6380372137321174,0.3584562928043612,0.3125893995321214,0.24924207,0.4815773218331571
2026-04-07 13:30:00,0.36296088999387205,0.3584562928043612,0.38945356923855484,0.37493518,0.5493979701579071
2026-04-07 13:40:00,0.3487211573815171,0.3584562928043612,0.3501022536369333,0.2845162,0.5187274789137274
2026-04-07 13:50:00,0.339460816174181,0.3584562928043612,0.34855120330056694,0.25540638,0.5016394770409138
2026-04-07 14:00:00,0.33939930676910185,0.3584562928043612,0.3658846665336235,0.4612685,0.5065340577869915
2026-04-07 14:10:00,0.3583066530357773,0.3584562928043612,0.3567006130686159,0.4935819,0.4981787592782116
2026-04-07 14:20:00,0.3969540168422419,0.34544906678572185,0.32164083208603794,0.246704,0.4964248182046404
2026-04-07 14:30:00,0.3986246112421827,0.34544906678572185,0.30623572861942117,0.24775438,0.488522445875897
2026-04-07 14:40:00,0.4000078416827919,0.34544906678572185,0.30583915100966963,0.35901752,0.4845077150509001
2026-04-07 14:50:00,0.30646545016307425,0.34544906678572185,0.3229243740976861,0.30165315,0.4979995945951026
2026-04-07 15:00:00,0.27827442388861384,0.34544906678572185,0.3166444495533018,0.2474728,0.496875901665306
2026-04-07 15:10:00,0.20089403654366023,0.34544906678572185,0.32374257859927835,0.3187314,0.5025208813841096
2026-04-07 15:20:00,0.20672976995485667,0.34544906678572185,0.3078738370157944,0.29721984,0.49198386305155
2026-04-07 15:30:00,0.23277788163634183,0.34544906678572185,0.3080209090902041,0.28980356,0.48654228803505856
2026-04-07 15:40:00,0.23779606494736014,0.34544906678572185,0.2928320536768264,0.2992968,0.4834562675478582
2026-04-07 15:50:00,0.24253970828307542,0.34544906678572185,0.2987825514677563,0.3123705,0.4856339750292473
2026-04-07 16:00:00,0.2033247443167011,0.34544906678572185,0.2890220938297103,0.21858345,0.48821943756417563
2026-04-07 16:10:00,0.20446773987625222,0.34544906678572185,0.28200996856511823,0.20642321,0.4851967896245122
2026-04-07 16:20:00,0.18131197530575505,0.34544906678572185,0.28929593217779953,0.27913228,0.4858063852082265
2026-04-07 16:30:00,0.17841320022814783,0.34544906678572185,0.28420328962210234,0.29233235,0.4836456195423788
2026-04-07 16:40:00,0.2733233410736174,0.34544906678572185,0.29133473319656933,0.27530926,0.48627137096517103
2026-04-07 16:50:00,0.2792859180491577,0.34544906678572185,0.2804017822676282,0.23761778,0.4843870466049407
2026-04-07 17:00:00,0.2724484055160912,0.34544906678572185,0.28012216585108984,0.25738493,0.48335732252292374
2026-04-07 17:10:00,0.27176639863213703,0.34544906678572185,0.29812247084894294,0.2281679,0.4827421380462823
2026-04-07 17:20:00,0.2798523339577842,0.34544906678572185,0.29624871568535177,0.17166232,0.48183783080763076
2026-04-07 17:30:00,0.16880920340941663,0.34544906678572185,0.3231777178295188,0.28594425,0.49546463949501685
2026-04-07 17:40:00,0.14621237144284482,0.34544906678572185,0.31473044793916416,0.25333834,0.4898644926278887
2026-04-07 17:50:00,0.20483415210114259,0.34544906678572185,0.30941964555476353,0.2960142,0.4852496838989107
2026-04-07 18:00:00,0.25543451698329916,0.34544906678572185,0.31502785193230687,0.56332695,0.483614800264385
2026-04-07 18:10:00,0.2450445217850101,0.34544906678572185,0.31714469561758935,0.23995435,0.48334886616614353
2026-04-07 18:20:00,0.5611519101373287,0.34544906678572185,0.3037948212955069,0.27318195,0.484467528232384
2026-04-07 18:30:00,0.5661148562265709,0.34544906678572185,0.2998223119174353,0.07435864,0.48255512982429066
2026-04-07 18:40:00,0.5553048868784872,0.34544906678572185,0.3193315205382151,0.18284671,0.4864371641841072
2026-04-07 18:50:00,0.5890049193612175,0.34544906678572185,0.33112170956640885,0.6655809,0.48974625036726044
2026-04-07 19:00:00,0.6332653821917305,0.34544906678572185,0.317524573818255,0.6082226,0.4852312124238561
2026-04-07 19:10:00,2.450875795061078,0.3454490667857219,0.38052400045707185,0.3728366,0.5427137812018737
2026-04-07 19:20:00,2.451602623427409,0.34544906678572185,0.34218298831685917,0.2923253,0.5142753440035962
2026-04-07 19:30:00,2.4594410907332334,0.34544906678572185,0.34255541943480516,0.33392522,0.4998465449380819
2026-04-07 19:40:00,2.4463487794132717,0.34544906678572185,0.3582493177970873,0.34550908,0.5054391575858065
2026-04-07 19:50:00,2.4354256216096157,0.3454490667857219,0.35881507614942737,0.45279998,0.5058358226439338
2026-04-08 13:30:00,0.2539609349234499,0.3454490667857221,0.6155994406168477,0.37666547,1.265155137063826
2026-04-08 13:40:00,0.26290876768702776,0.34544906678572185,0.4102639931122602,0.34591958,0.9629808531615132
2026-04-08 13:50:00,0.1491405411318317,0.34544906678572185,0.4211968258158725,0.34805298,0.7711895394620897
2026-04-08 14:00:00,0.16988447651153057,0.34544906678572185,0.4031574808149397,0.3969287,0.6445464639607491
2026-04-08 14:10:00,0.16728745065633432,0.34544906678572185,0.40213724776031884,0.38895077,0.5697641216888427
2026-04-08 14:20:00,0.18257886177592006,0.38037721120076423,0.11140620910809218,0.36304986,0.5285895476361459
2026-04-08 14:30:00,0.14854522237768447,0.38037721120076423,0.11681113123090034,0.42342955,0.5086274972666013
2026-04-08 14:40:00,0.2308696553623943,0.38037721120076423,0.09406081876250877,0.29394272,0.4949550751497318
2026-04-08 14:50:00,0.22888936860556053,0.38037721120076423,0.10262905905621184,0.3237994,0.4895774374163385
2026-04-08 15:00:00,0.228331797866835,0.38037721120076423,0.09650635644835853,0.29305845,0.4851206067113467
2026-04-08 15:10:00,0.20953176125723447,0.38037721120076423,0.10538233693939969,0.34210244,0.4851642563078663
2026-04-08 15:20:00,0.2094941541787257,0.38037721120076423,0.09691570668824773,0.2618384,0.48351093519796434
2026-04-08 15:30:00,0.11456479323214842,0.38037721120076423,0.11832850317090376,0.30084154,0.48945807087381393
2026-04-08 15:40:00,0.10729987671138264,0.38037721120076423,0.10947266430734756,0.30977756,0.4865518627198062
2026-04-08 15:50:00,0.12651328184984853,0.38037721120076423,0.10392223833511202,0.28024703,0.4835142948483331
2026-04-08 16:00:00,0.1190859849352854,0.38037721120076423,0.104441535689144,0.31677437,0.4823825810089722
2026-04-08 16:10:00,0.11092495284146867,0.38037721120076423,0.10543196665800716,0.29587892,0.4820943440536427
2026-04-08 16:20:00,0.10730088021349671,0.38037721120076423,0.09583253325652727,0.22012773,0.4814200857156997
2026-04-08 16:30:00,0.1319313020166387,0.38037721120076423,0.09847301730389132,0.25128314,0.4820834860122159
2026-04-08 16:40:00,0.11850076706557766,0.38037721120076423,0.10087811574674274,0.27246603,0.4823178812426647
2026-04-08 16:50:00,0.11993980218022164,0.38037721120076423,0.09623140162871588,0.268872,0.4813373021157517
2026-04-08 17:00:00,0.12882910366610836,0.38037721120076423,0.0983328302711553,0.24599278,0.48111377244237746
2026-04-08 17:10:00,0.15887154907296613,0.38037721120076423,0.30626322197555345,0.39987427,0.480732512182113
2026-04-08 17:20:00,0.26954072063034523,0.38037721120076423,0.3175299895056247,0.41186672,0.4831471180108585
2026-04-08 17:30:00,0.2671784986669727,0.38037721120076423,0.31611521416311394,0.23427014,0.4820513442219751
2026-04-08 17:40:00,0.270708037545653,0.38037721120076423,0.31508782059917767,0.18349747,0.4812843438284174
2026-04-08 17:50:00,0.2849610389668995,0.38037721120076423,0.3192257910551746,0.27923682,0.48161786205426654
2026-04-08 18:00:00,0.2997117374144669,0.38037721120076423,0.32574216003735157,0.31570634,0.483060611300142
2026-04-08 18:10:00,0.2061190425651722,0.38037721120076423,0.3476716876460478,0.37374744,0.4955072130969922
2026-04-08 18:20:00,0.20706803731526902,0.38037721120076423,0.32694380105369564,0.41099018,0.48806949695477225
2026-04-08 18:30:00,0.20487662997376505,0.38037721120076423,0.3315189217754753,0.3656855,0.4848018087148659
2026-04-08 18:40:00,0.25481257593850365,0.38037721120076423,0.33716978397241615,0.59254026,0.4852925670311779
2026-04-08 18:50:00,0.219361029249345,0.38037721120076423,0.34048625729987386,0.6445511,0.48697228993160857
2026-04-08 19:00:00,0.2356935346644124,0.38037721120076423,0.324578518152574,0.49598613,0.48632088410110813
2026-04-08 19:10:00,0.2583283922249775,0.38037721120076423,0.32126862399919276,0.3210288,0.4834570188590907
2026-04-08 19:20:00,0.2593909790979869,0.38037721120076423,0.32311667798722865,0.3811456,0.48223719973765583
2026-04-08 19:30:00,0.18345419806742794,0.38037721120076423,0.33848052017714586,0.36050972,0.48944625430332567
2026-04-08 19:40:00,0.18655577293618272,0.38037721120076423,0.3197185564460218,0.36837417,0.48508629934822156
2026-04-08 19:50:00,0.15416586044450492,0.3803772112007643,0.32990189462644404,0.7524417,0.4871310158374022
2026-04-09 13:30:00,0.1110503312613979,0.38037721120076434,0.3292368038128704,0.7051903,0.4865337464177766
2026-04-09 13:40:00,0.10569768255031241,0.38037721120076434,0.3241772552023332,0.6800248,0.48393451348510425
2026-04-09 13:50:00,0.10938383199174495,0.38037721120076434,0.31284300954525945,0.48021263,0.4823027806126313
2026-04-09 14:00:00,0.1296942627130415,0.38037721120076434,0.3143830297216408,0.57815975,0.48172125580341923
2026-04-09 14:10:00,0.10619725783770516,0.38037721120076434,0.3132460899156691,0.535695,0.482800878688569
2026-04-09 14:20:00,0.23361478855425882,0.33784327163471023,0.3011535641063446,0.23721188,0.48160472864321274
2026-04-09 14:30:00,0.24279095643944945,0.33784327163471023,0.3028374764574262,0.26548946,0.48115030558236865
2026-04-09 14:40:00,0.3080465112244271,0.33784327163471023,0.3041639097290406,0.36685193,0.48107923863100754
2026-04-09 14:50:00,0.31600641053844647,0.33784327163471023,0.3099200720396801,0.4280641,0.4822657571787534
2026-04-09 15:00:00,0.33757654497805684,0.33784327163471023,0.30365990062292425,0.33715463,0.4817484677940996
2026-04-09 15:10:00,0.3063528693660663,0.33784327163471023,0.33150957808399895,0.6560722,0.4913619514576943
2026-04-09 15:20:00,0.3037039482701127,0.33784327163471023,0.32668190330008817,0.38274115,0.4871633627557944
2026-04-09 15:30:00,0.24056145182636546,0.33784327163471023,0.34189529372015237,0.99610883,0.49264289385420923
2026-04-09 15:40:00,0.22732423697204795,0.33784327163471023,0.3343846066346131,1.0104839,0.48932180590118446
2026-04-09 15:50:00,0.19199474767462404,0.33784327163471023,0.3384755057307551,0.77334625,0.4886871889075094
2026-04-09 16:00:00,0.15611390169870318,0.33784327163471023,0.335967165747971,0.7880294,0.49010447882724584
2026-04-09 16:10:00,0.17003365818456428,0.33784327163471023,0.3282027546092348,0.9072531,0.48613685304051807
2026-04-09 16:20:00,0.1671238389331382,0.33784327163471023,0.3190364289601412,0.5960872,0.48399080760956437
2026-04-09 16:30:00,0.1677212295439857,0.33784327163471023,0.3184051646085097,0.38410628,0.4834471330560192
2026-04-09 16:40:00,0.1942955207573247,0.33784327163471023,0.3138827899819632,0.43769413,0.48217659761796516
2026-04-09 16:50:00,0.16608742711028002,0.33784327163471023,0.31401268611384875,0.6382805,0.48385057681477667
2026-04-09 17:00:00,0.14485721746454452,0.33784327163471023,0.3157887969955257,0.49858293,0.48403612073657154
2026-04-09 17:10:00,0.20770431497687483,0.33784327163471023,0.31258705888633964,0.541269,0.4826875501088506
2026-04-09 17:20:00,0.1953327738550148,0.33784327163471023,0.31478647397975706,0.4015559,0.482834112034414
2026-04-09 17:30:00,0.17850985001015768,0.33784327163471023,0.31981269020555736,0.45539224,0.48416699955085685
2026-04-09 17:40:00,0.1894145984948596,0.33784327163471023,0.3093806195396265,0.38894317,0.48242781977368304
2026-04-09 17:50:00,0.18605456926001512,0.33784327163471023,0.3082331385994963,0.5097605,0.481734624250398
2026-04-09 18:00:00,0.10225761700275267,0.33784327163471023,0.32429931764538295,0.5927644,0.4868081096825458
2026-04-09 18:10:00,0.1678007407161566,0.33784327163471023,0.31110246266273417,0.36978036,0.48373669551484916
2026-04-09 18:20:00,0.16263558945566517,0.33784327163471023,0.3122857392341015,0.50971067,0.4831213225163984
2026-04-09 18:30:00,0.15152028331497377,0.33784327163471023,0.31408119324230677,0.54199505,0.48285740562953483
2026-04-09 18:40:00,0.15977003905820808,0.33784327163471023,0.30925402993716355,0.44888315,0.4816501146616865
2026-04-09 18:50:00,0.16117048107819465,0.33784327163471023,0.3023762909143968,0.33072492,0.48099537354005933
2026-04-09 19:00:00,0.09487429251417992,0.33784327163471023,0.32057605130600053,0.6790817,0.48501649343615083
2026-04-09 19:10:00,0.14990999216154438,0.33784327163471023,0.31686310533477796,0.41570053,0.4833633700548366
2026-04-09 19:20:00,0.14905926068371456,0.33784327163471023,0.3151445070925166,0.46412793,0.48214387700642897
2026-04-09 19:30:00,0.14346342365965495,0.33784327163471023,0.3195907873892253,0.4767449,0.4819039368392019
2026-04-09 19:40:00,0.14472584236372227,0.33784327163471023,0.32047801604185155,0.27200687,0.481232176002085
2026-04-09 19:50:00,0.18087573818442892,0.33784327163471023,0.3130076014119761,0.26902145,0.4810747426356469
2026-04-10 13:30:00,0.13091756291962572,0.33784327163471023,0.3264988143706922,0.52416396,0.48458622297562853
2026-04-10 13:40:00,0.1275516764232573,0.33784327163471023,0.31857935527940057,0.34901932,0.48270478141276746
2026-04-10 13:50:00,0.15902758963635086,0.33784327163471023,0.3180881399260399,0.30496866,0.481795978315544
2026-04-10 14:00:00,0.18062418458245408,0.33784327163471023,0.3193698496732855,0.24975663,0.481264754959758
2026-04-10 14:10:00,0.14003044958954672,0.33784327163471023,0.3308769860612861,0.5354727,0.483910581901611
2026-04-10 14:20:00,0.13854591064028668,0.28759482021804567,0.3167031557449826,0.26847625,0.48229710970335116
2026-04-10 14:30:00,0.14569143107453236,0.28759482021804567,0.31578565041987117,0.2808798,0.4813324532729174
2026-04-10 14:40:00,0.1562855136798681,0.28759482021804567,0.32789901992704107,0.29792178,0.4832615768969226
2026-04-10 14:50:00,0.1309071219298397,0.28759482021804567,0.3287518971435102,0.50445414,0.4837646063069243
2026-04-10 15:00:00,0.17327727688138012,0.28759482021804567,0.3163759268985756,0.20679182,0.4820618162004842
2026-04-10 15:10:00,0.17267803464063997,0.28759482021804567,0.32078191907671033,0.33824813,0.4812584452776
2026-04-10 15:20:00,0.1786054969526056,0.28759482021804567,0.32393967380143796,0.33041367,0.4812931451050559
2026-04-10 15:30:00,0.1427770199186563,0.28759482021804567,0.3300058567200557,0.49979028,0.4840062335456499
2026-04-10 15:40:00,0.1535639596675486,0.28759482021804567,0.319748860270741,0.32504696,0.48239881573454246
2026-04-10 15:50:00,0.10494116292524099,0.28759482021804567,0.3307127344549229,0.3949075,0.4844520211170263
2026-04-10 16:00:00,0.11151605064778342,0.28759482021804567,0.32166572303320234,0.46149188,0.48242383521423104
2026-04-10 16:10:00,0.12426074166977562,0.28759482021804567,0.3293809636765135,0.4378837,0.4823832946421503
2026-04-10 16:20:00,0.11708850552070982,0.28759482021804567,0.3228282671694495,0.33041367,0.4818018492896902
2026-04-10 16:30:00,0.10964184022757156,0.28759482021804567,0.32562578096187245,0.3616027,0.48204598209864197
2026-04-10 16:40:00,0.11725327620298283,0.28759482021804567,0.3155845408014784,0.27136484,0.48126499357703967
2026-04-10 16:50:00,0.11701014795675738,0.28759482021804567,0.3179963143234746,0.2807245,0.48114617978999996
2026-04-10 17:00:00,0.08523803696286542,0.28759482021804567,0.32278017959242317,0.30009812,0.48245639518419087
2026-04-10 17:10:00,0.10741799002519949,0.28759482021804567,0.3182630271451144,0.15467875,0.48142357911971406
2026-04-10 17:20:00,0.12021949211649563,0.28759482021804567,0.3201285710094926,0.27962148,0.4814492543337021
2026-04-10 17:30:00,0.11178750994194747,0.28759482021804567,0.3206709254603288,0.24054678,0.48137692745119187
2026-04-10 17:40:00,0.10805627185349351,0.28759482021804567,0.3198899529665844,0.25805724,0.4811892550398171
2026-04-10 17:50:00,0.10463237725353808,0.28759482021804567,0.3169441333858897,0.1876325,0.4809364828224625
2026-04-10 18:00:00,0.08416679235985923,0.28759482021804567,0.3225709460667754,0.27055532,0.4816784622570508
2026-04-10 18:10:00,0.056428444226255,0.28759482021804567,0.3239484637253083,0.21690919,0.482277290333026
2026-04-10 18:20:00,0.06934543663652522,0.28759482021804567,0.319356565269162,0.25738895,0.48132739456204543
2026-04-10 18:30:00,0.072118311834966,0.28759482021804567,0.3214072737736071,0.23622629,0.48096707246682757
2026-04-10 18:40:00,0.1100176426859643,0.28759482021804567,0.31963861365601387,0.19773509,0.48064874789030887
2026-04-10 18:50:00,0.11236076329811477,0.28759482021804567,0.3180036299207003,0.18510838,0.48060460819123824
2026-04-10 19:00:00,0.12854822822240705,0.28759482021804567,0.3156392616438226,0.2036005,0.48079743166388905
2026-04-10 19:10:00,0.331132262449994,0.28759482021804567,0.3200952679486595,0.19635044,0.48096690303266165
2026-04-10 19:20:00,0.40017655111096945,0.28759482021804567,0.3196021105672024,0.18046111,0.4808785248927342
2026-04-10 19:30:00,0.41406104847846226,0.28759482021804567,0.3305119719890426,0.2413549,0.4540449529633653
2026-04-10 19:40:00,0.4158756965122915,0.28759482021804567,0.3261822854831479,0.24826743,0.4533131280590815
2026-04-10 19:50:00,0.4126182876908256,0.28759482021804567,0.3316179459214922,0.31621686,0.4545867631900994
2026-04-13 13:30:00,0.28667642335199356,0.28759482021804567,0.3640134861843983,0.2973532,0.4943991708474514
2026-04-13 13:40:00,0.17513050095077776,0.28759482021804567,0.36024507850875376,0.49158174,0.510529210130123
2026-04-13 13:50:00,0.11180009270412238,0.28759482021804567,0.3519755621621359,0.45114446,0.5114552123879111
2026-04-13 14:00:00,0.16792819163775258,0.28759482021804567,0.3446859334612452,0.36063635,0.5059619893536859
2026-04-13 14:10:00,0.1783535645365593,0.28759482021804567,0.3448166488257625,0.48956016,0.5009948233412165
2026-04-13 14:20:00,0.16396259564101154,0.2677569083076461,0.328065646136696,0.5827702,0.4981946458264239
2026-04-13 14:30:00,0.16563374664508618,0.2677569083076461,0.3048075552704678,0.34588334,0.49283829984736827
2026-04-13 14:40:00,0.17788267810482644,0.2677569083076461,0.29566919852533846,0.27679554,0.4880095628370989
2026-04-13 14:50:00,0.13596376019897105,0.2677569083076461,0.3132093177168308,0.4661915,0.49127525011066053
2026-04-13 15:00:00,0.1102536501768831,0.2677569083076461,0.3095212249290558,0.5119377,0.48917878073414633
2026-04-13 15:10:00,0.10703142313224975,0.2677569083076461,0.3045010562272222,0.4654396,0.4854340303129433
2026-04-13 15:20:00,0.12575473649482732,0.2677569083076461,0.30355281831902253,0.3308568,0.4814759671821074
2026-04-13 15:30:00,0.20490224973738008,0.2677569083076461,0.30858557268423226,0.38638794,0.4794963691128959
2026-04-13 15:40:00,0.19225326556926675,0.2677569083076461,0.3022545270035109,0.31602544,0.4780576521068605
2026-04-13 15:50:00,0.20906010175531825,0.2677569083076461,0.29226399636355993,0.289768,0.4745175113267676
2026-04-13 16:00:00,0.20982333682500034,0.2677569083076461,0.29461660491542,0.30559576,0.4718503422697243
2026-04-13 16:10:00,0.19785593366741303,0.2677569083076461,0.3002079263688864,0.2707156,0.47106768736762183
2026-04-13 16:20:00,0.10455663074044581,0.2677569083076461,0.3188148753938046,0.21034008,0.4813880604642415
2026-04-13 16:30:00,0.10455509828851263,0.2677569083076461,0.3030908217426284,0.24010004,0.4776121067667488
2026-04-13 16:40:00,0.07227702347907808,0.2677569083076461,0.311607463143856,0.28811136,0.47702386051985274
2026-04-13 16:50:00,0.06689108535576829,0.2677569083076461,0.3080391108883785,0.24982312,0.4742576941237089
2026-04-13 17:00:00,0.06700798780347061,0.2677569083076461,0.30413592491441416,0.22505493,0.4711181435359533
2026-04-13 17:10:00,0.069699131858612,0.2677569083076461,0.30179613414717754,0.25339586,0.46925227017937327
2026-04-13 17:20:00,0.06844358008372808,0.2677569083076461,0.30470943508897697,0.3393879,0.4666155789233119
2026-04-13 17:30:00,0.06268389070718536,0.2677569083076461,0.3036770215269929,0.19300498,0.46461203651308297
2026-04-13 17:40:00,0.06594359293951048,0.2677569083076461,0.3027915937828301,0.10869538,0.46270299668929177
2026-04-13 17:50:00,0.0962905764442625,0.2677569083076461,0.3016649882552322,0.11385944,0.4606680602623315
2026-04-13 18:00:00,0.08590647924400009,0.2677569083076461,0.3061909884701186,0.18519565,0.459983871200014
2026-04-13 18:10:00,0.08593595717180613,0.2677569083076461,0.3016095779885636,0.14661002,0.4581567824617293
2026-04-13 18:20:00,0.08791313712027728,0.2677569083076461,0.3020924538642276,0.12719011,0.4566335169894675
2026-04-13 18:30:00,0.09585690846555042,0.2677569083076461,0.3067614802066754,0.15399194,0.4556873743031318
2026-04-13 18:40:00,0.08455820124622254,0.2677569083076461,0.31470130206515773,0.21039066,0.45654884607546903
2026-04-13 18:50:00,0.08120240651321302,0.2677569083076461,0.30964814129001966,0.13845327,0.4554210158950941
2026-04-13 19:00:00,0.2945980701643132,0.2677569083076461,0.30750875758395335,0.1321978,0.45403804048867824
2026-04-13 19:10:00,0.5283112488156003,0.2677569083076461,0.3103813162437959,0.16267844,0.45307157545808624
2026-04-13 19:20:00,0.5365719903340328,0.2677569083076461,0.3143304006074709,0.16934611,0.4531377497483442
2026-04-13 19:30:00,0.5352959610858004,0.2677569083076461,0.31233577866452333,0.18352357,0.45333740975069314
2026-04-13 19:40:00,0.5503855478691091,0.2677569083076461,0.308663694562242,0.16237909,0.4522722324683088
2026-04-13 19:50:00,0.4736753285770374,0.2677569083076461,0.3540180243274282,0.30311885,0.48630279041012375
2026-04-14 13:30:00,0.18319856204255633,0.2677569083076461,0.38811160937024386,0.63366085,0.5581316709070382
2026-04-14 13:40:00,0.1503489267072369,0.2677569083076461,0.36001815184655966,0.42827442,0.5518672374205034
2026-04-14 13:50:00,0.1618687310448856,0.2677569083076461,0.3544936415209961,0.37246007,0.5424525280786966
2026-04-14 14:00:00,0.10282071260104302,0.2677569083076461,0.363245656885863,0.3780293,0.5395735232588724
2026-04-14 14:10:00,0.12351934134059589,0.2677569083076461,0.34377096945472724,0.4435668,0.5312071627687253
2026-04-14 14:20:00,0.14368502529623378,0.25620269925089567,0.29970759014199666,0.2859494,0.5237598368835762
2026-04-14 14:30:00,0.17090101505913236,0.25620269925089567,0.29265221298798477,0.26108578,0.5163261845543083
2026-04-14 14:40:00,0.1673614865940956,0.25620269925089567,0.29832339744358793,0.25966054,0.5114319113075724
2026-04-14 14:50:00,0.16792332744104346,0.25620269925089567,0.28577012689795195,0.18660377,0.5052744420895121
2026-04-14 15:00:00,0.14822798926761205,0.25620269925089567,0.2925776532777252,0.17721748,0.5018467694681764
2026-04-14 15:10:00,0.12374441974449107,0.25620269925089567,0.2959355545434468,0.19531721,0.4992374172529181
2026-04-14 15:20:00,0.08419963551118301,0.25620269925089567,0.300180196737444,0.24148597,0.49752266253750577
2026-04-14 15:30:00,0.07244374069633872,0.25620269925089567,0.29663288674908395,0.22812285,0.4938761877124153
2026-04-14 15:40:00,0.06899099567437973,0.25620269925089567,0.29424286076344885,0.26418117,0.4893828284247457
2026-04-14 15:50:00,0.07409084343860207,0.25620269925089567,0.2894758727672615,0.14369841,0.4848388019309781
2026-04-14 16:00:00,0.11694605204766358,0.25620269925089567,0.2873854613888826,0.13989815,0.48104240974942303
2026-04-14 16:10:00,0.1165903808940586,0.25620269925089567,0.2812531147210733,0.14312267,0.47759963360326024
2026-04-14 16:20:00,0.13299717506817893,0.25620269925089567,0.28081739447426296,0.1583989,0.475050820788393
2026-04-14 16:30:00,0.13045572052196303,0.25620269925089567,0.27870091624607185,0.13083991,0.47210038134102245
2026-04-14 16:40:00,0.13029521315292555,0.25620269925089567,0.2798281258467314,0.14312267,0.46948166193142205
2026-04-14 16:50:00,0.0892552299171109,0.25620269925089567,0.2914549677743053,0.15523888,0.4707140256333486
2026-04-14 17:00:00,0.09262294655645617,0.25620269925089567,0.29175329370722664,0.18784997,0.468209595543177
2026-04-14 17:10:00,0.05062710172262071,0.25620269925089567,0.31815672931719263,0.21824,0.46835969157693874
2026-04-14 17:20:00,0.1378272254712752,0.25620269925089567,0.3132210514806002,0.15767239,0.46574966214156605
2026-04-14 17:30:00,0.14408112235072074,0.25620269925089567,0.31518170036971066,0.15783536,0.46371913303727386
2026-04-14 17:40:00,0.15425922544656132,0.25620269925089567,0.30980926526090174,0.20148063,0.46155601685765973
2026-04-14 17:50:00,0.17112108070026236,0.25620269925089567,0.3129641534240002,0.27403542,0.4602039127855492
2026-04-14 18:00:00,0.1776563384413707,0.25620269925089567,0.3050572787922533,0.15137176,0.45847847363333244
2026-04-14 18:10:00,0.1517020447827353,0.25620269925089567,0.32536679599712126,0.22437145,0.4641385435010065
2026-04-14 18:20:00,0.1493512506598518,0.25620269925089567,0.3200768608317016,0.18874548,0.46304497243794807
2026-04-14 18:30:00,0.16076744357863199,0.25620269925089567,0.3217409922782385,0.21795648,0.46229629179969656
2026-04-14 18:40:00,0.13816020937614223,0.25620269925089567,0.32659311329692586,0.2635693,0.46330859538955377
2026-04-14 18:50:00,0.1343387300829796,0.25620269925089567,0.32560850092499194,0.19846049,0.462296941100975
2026-04-14 19:00:00,0.11220519912676914,0.25620269925089567,0.32511906700516263,0.24131349,0.4637679208908837
2026-04-14 19:10:00,0.2902346467572579,0.25620269925089567,0.3211693167342821,0.17748645,0.46239667330971745
2026-04-14 19:20:00,0.33228653944393394,0.25620269925089567,0.32533109386882253,0.37242875,0.4632827277230771
2026-04-14 19:30:00,0.34538366045335667,0.25620269925089567,0.31586227188406507,0.1657421,0.46119744414434577
2026-04-14 19:40:00,0.34477457331821887,0.25620269925089567,0.3175214633788507,0.19251104,0.45992878902488094
2026-04-14 19:50:00,0.3472501417339453,0.25620269925089567,0.314798016582037,0.18218602,0.4592119023442032
2026-04-15 13:30:00,0.26180463756591366,0.25620269925089567,0.3517051210455636,0.3275128,0.48931594021704367
2026-04-15 13:40:00,0.22826505292832777,0.25620269925089567,0.3469930044572922,0.31169987,0.4984295729888304
2026-04-15 13:50:00,0.2516857038883487,0.25620269925089567,0.34078041933803127,0.4243254,0.49675616839036896
2026-04-15 14:00:00,0.2529531128465789,0.25620269925089567,0.3361876603936792,0.3218173,0.4919544872748357
2026-04-15 14:10:00,0.2446960328803142,0.25620269925089567,0.3389346254710509,0.3636276,0.4888915156594699
2026-04-15 14:20:00,0.2196031826954421,0.17617629723359207,0.33133217528257486,0.49703807,0.49335338433224657
2026-04-15 14:30:00,0.1784862940487455,0.17617629723359515,0.3230397161299838,0.42536145,0.4952343184114777
2026-04-15 14:40:00,0.11424947051775379,0.1761762972335893,0.3260841388809026,0.6417826,0.49852026813203426
2026-04-15 14:50:00,0.1161541787701632,0.1761762972335996,0.31749293445765897,0.52018994,0.4938237507253996
2026-04-15 15:00:00,0.13055264974861386,0.17617629723359152,0.31351354036785506,0.63197917,0.48886287877824125
2026-04-15 15:10:00,0.10427208352454727,0.17617629723358808,0.3165716079467947,0.5859441,0.4884576640565171
2026-04-15 15:20:00,0.10645765473699233,0.17617629723359224,0.3033645876385661,0.37800896,0.48395600750273066
2026-04-15 15:30:00,0.10432786581076606,0.1761762972335946,0.29674528303340125,0.30867803,0.48048492269367765
2026-04-15 15:40:00,0.09724081476839387,0.1761762972335941,0.2978575865276227,0.29910222,0.47765152260389987
2026-04-15 15:50:00,0.10525674098118021,0.17617629723359546,0.3015346171858505,0.3503621,0.47571517861418045
2026-04-15 16:00:00,0.08846359111802139,0.17617629723359185,0.2974047508144723,0.34497204,0.4739666181712199
2026-04-15 16:10:00,0.13101596209436686,0.17617629723359224,0.2951087155713553,0.40989748,0.4710101429777978
2026-04-15 16:20:00,0.1275547681994262,0.17617629723359715,0.2957229900511639,0.3688901,0.46856690210107566
2026-04-15 16:30:00,0.12599690213058296,0.17617629723359451,0.29482019213506455,0.21148226,0.466245604261813
2026-04-15 16:40:00,0.10822790677168946,0.17617629723360134,0.2994454319962055,0.2217156,0.4661348434113063
2026-04-15 16:50:00,0.10725915531567204,0.1761762972335944,0.29242230710742634,0.30141047,0.46388394855039594
2026-04-15 17:00:00,0.04282199824397888,0.17617629723358869,0.305099653434907,0.36983463,0.4660183010092713
2026-04-15 17:10:00,0.09810376844418645,0.17617629723359454,0.3044021535688148,0.31441805,0.463657088000892
2026-04-15 17:20:00,0.10352483568923337,0.17617629723359332,0.3088084041442147,0.27383292,0.4616313588410453
2026-04-15 17:30:00,0.10001713742042696,0.17617629723359382,0.30834764913197493,0.19385183,0.4601307427496394
2026-04-15 17:40:00,0.12314294693637896,0.17617629723359715,0.3066008687776581,0.20778148,0.4583638199445392
2026-04-15 17:50:00,0.12771709408142948,0.17617629723359474,0.2971362509462002,0.117332004,0.4567518665717128
2026-04-15 18:00:00,0.10663897639240849,0.17617629723359843,0.3141747140973651,0.22997285,0.4587804535678926
2026-04-15 18:10:00,0.10407499580225366,0.1761762972335964,0.31293865603499277,0.1925702,0.4577155786626676
2026-04-15 18:20:00,0.10657514537662378,0.17617629723359243,0.31427214999760944,0.30607796,0.45627548796297734
2026-04-15 18:30:00,0.09315044271308827,0.17617629723359682,0.32175166289335577,0.30375877,0.45720423861092135
2026-04-15 18:40:00,0.11001463838328454,0.1761762972335924,0.3190402124030998,0.29438463,0.4562210959999698
2026-04-15 18:50:00,0.09575971229914126,0.17617629723359035,0.31868330232622893,0.28363922,0.45608778314917364
2026-04-15 19:00:00,0.09993941874873599,0.17617629723359285,0.3160302030522309,0.2545205,0.4550436545480239
2026-04-15 19:10:00,0.1466108114108824,0.17617629723359288,0.31651872548268617,0.2545205,0.4541018861337905
2026-04-15 19:20:00,0.13729795267489367,0.1761762972335935,0.31620564404211,0.27033353,0.45404228199447016
2026-04-15 19:30:00,0.20050415218499576,0.17617629723359884,0.3200583923064011,0.33648312,0.4549182763611362
2026-04-15 19:40:00,0.2017594906911027,0.17617629723359318,0.3130543875409614,0.22700617,0.4535899883250339
2026-04-15 19:50:00,0.22269425301346735,0.17617629723358302,0.3166376470690738,0.27402756,0.4531616220244111
2026-04-16 13:30:00,0.19538910055860764,0.17617629723359612,0.3276914753753242,0.29827282,0.45759442265714556
2026-04-16 13:40:00,0.19571883942585272,0.17617629723359135,0.3169613333014647,0.25821212,0.4559989022308589
2026-04-16 13:50:00,0.16863725150073228,0.17617629723359643,0.3369838111393112,0.2065359,0.46617146865277986
2026-04-16 14:00:00,0.16708452292075057,0.17617629723359096,0.3252708540356148,0.21317385,0.46398254615527407
2026-04-16 14:10:00,0.19838517545777384,0.17617629723359057,0.33523208336009624,0.36172268,0.4664596339901785
2026-04-16 14:20:00,0.20285431172498172,0.16594413986799236,0.32477594233003704,0.20594133,0.46444994516854754
2026-04-16 14:30:00,0.2182386404916981,0.16594413986868176,0.32314026644418753,0.20150863,0.46225200113642045
2026-04-16 14:40:00,0.2188851516505054,0.16594413986889905,0.3267385304522059,0.25255615,0.467369173450898
2026-04-16 14:50:00,0.22769123596178523,0.16594413986833087,0.3157324822955943,0.23103684,0.46483562709948517
2026-04-16 15:00:00,0.22204153364671367,0.16594413986825626,0.33026705905905174,0.30000436,0.4722208449872891
2026-04-16 15:10:00,0.2161488673537469,0.16594413986826254,0.32339015295189205,0.19324093,0.47044322909763076
2026-04-16 15:20:00,0.2072737293038836,0.16594413986808654,0.3275442268541344,0.38620657,0.47050865058360913
2026-04-16 15:30:00,0.18974450197316767,0.16594413986778675,0.3297288845118251,0.4267673,0.47484866768009115
2026-04-16 15:40:00,0.18708311323499982,0.16594413986743772,0.32561622903823956,0.40792924,0.4733167017129616
2026-04-16 15:50:00,0.12803977218474602,0.1659441398672635,0.3292654921750412,0.36973935,0.47865502156694556
2026-04-16 16:00:00,0.1541415973449299,0.16594413986702977,0.3179090580141226,0.36718604,0.47514567380285194
2026-04-16 16:10:00,0.14725090889144216,0.16594413986714657,0.3196896286123001,0.2693395,0.47311524300074315
2026-04-16 16:20:00,0.1287563846757585,0.16594413986688483,0.3198423881968373,0.3038742,0.4741716428173343
2026-04-16 16:30:00,0.14075568686459822,0.16594413986681966,0.3156820781180301,0.2690118,0.47226989198330543
2026-04-16 16:40:00,0.1436220536586827,0.16594413986683887,0.30495953996657665,0.27551016,0.46966348476481695
2026-04-16 16:50:00,0.1335769036141269,0.16594413986744716,0.3130433806806102,0.38114548,0.47022556192392734
2026-04-16 17:00:00,0.18068502664147393,0.1659441398670105,0.3070121979842711,0.27196264,0.46776009040465144
2026-04-16 17:10:00,0.1784250255075844,0.16594413986708037,0.30834765738625564,0.33587757,0.4671285698628751
2026-04-16 17:20:00,0.16300073328165807,0.16594413986679674,0.31056040419824316,0.30226055,0.4673322209173041
2026-04-16 17:30:00,0.179452655816187,0.16594413986681666,0.3105394141142996,0.28115794,0.4655564648842231
2026-04-16 17:40:00,0.20406198995868313,0.16594413986686046,0.31088784217667853,0.36105385,0.4653089631882434
2026-04-16 17:50:00,0.16258463172364077,0.16594413986715129,0.32232318454335196,0.37741154,0.4698250616196715
2026-04-16 18:00:00,0.15132630998968055,0.16594413986661205,0.31612106145687857,0.37460425,0.4686347164312627
2026-04-16 18:10:00,0.14976007913778525,0.16594413986639683,0.3110973985761874,0.45556387,0.4663759865019997
2026-04-16 18:20:00,0.1271186208784559,0.16594413986665493,0.3194036921950833,0.40189826,0.46717394698358106
2026-04-16 18:30:00,0.05025260411483058,0.1659441398659827,0.32445926853386525,0.33366293,0.47089666259330987
2026-04-16 18:40:00,0.0838839961084179,0.16594413986580242,0.3119864648308567,0.6608632,0.4681905996051213
2026-04-16 18:50:00,0.09025110491933569,0.16594413986580392,0.30960321980961,0.5523087,0.4656052420685929
2026-04-16 19:00:00,0.08878080044709129,0.16594413986584838,0.3112119998270507,0.5227245,0.46342830610243196
2026-04-16 19:10:00,0.7908977288706804,0.16594413986588133,0.31072644827517587,0.21201424,0.46174884711703607
2026-04-16 19:20:00,0.7905339063513925,0.1659441398660168,0.2986371193672008,0.1213124,0.4600138219115167
2026-04-16 19:30:00,0.8074657269597602,0.1659441398660151,0.3097280691016336,0.22837849,0.46036507897411444
2026-04-16 19:40:00,0.8147946398743668,0.16594413986595458,0.3075078036172126,0.19990905,0.4590244932092487
2026-04-16 19:50:00,0.8150887161265185,0.16594413986620454,0.30583415432451994,0.20434697,0.4573636219422683
2026-04-17 13:30:00,0.21691226513589013,0.16594413986869563,0.43356188149647135,0.36809862,0.6794616465910281
2026-04-17 13:40:00,0.2669786672242973,0.16594413985403567,0.36648991045665896,0.31233197,0.659535520805625
2026-04-17 13:50:00,0.23606815845756304,0.16594413985403428,0.38252750590151596,0.28121072,0.6512121982635947
2026-04-17 14:00:00,0.2325920835641785,0.1659441398544838,0.37784755691154137,0.3017732,0.6375814910245915
2026-04-17 14:10:00,0.2380035143660844,0.16594413985383183,0.3702738908223145,0.30526227,0.620970369239338
2026-04-17 14:20:00,0.25660516120444565,0.17900868986380072,0.2796635677925635,0.22913173,0.6058855315313563
2026-04-17 14:30:00,0.2144389936222448,0.17900868986380072,0.29658741956704265,0.23696709,0.5998467393627344
2026-04-17 14:40:00,0.19224693263298917,0.17900868986380072,0.28874163653458634,0.24900699,0.5916433495611585
2026-04-17 14:50:00,0.17084396437528765,0.17900868986380072,0.2860694746590673,0.26150987,0.582417066516929
2026-04-17 15:00:00,0.161456975797713,0.17900868986380072,0.2831871512588716,0.23046765,0.5710331611019632
2026-04-17 15:10:00,0.13770251627885216,0.17900868986380072,0.2896790238811132,0.2591798,0.5632942720967951
2026-04-17 15:20:00,0.12158558179817563,0.17900868986380072,0.27988224566834863,0.25359842,0.5539380996608341
2026-04-17 15:30:00,0.0930225505219355,0.17900868986380072,0.278162366233087,0.25297794,0.5465034620332507
2026-04-17 15:40:00,0.10471033363412777,0.17900868986380072,0.2732285587121911,0.21429943,0.5383140771194043
2026-04-17 15:50:00,0.10595413243545677,0.17900868986380072,0.2673384283684716,0.31018773,0.5294467443860992
2026-04-17 16:00:00,0.09634952051456867,0.17900868986380072,0.2678660621058944,0.17181556,0.522680997216252
2026-04-17 16:10:00,0.11717295800498348,0.17900868986380072,0.2615439089549622,0.16860284,0.5152066087066827
2026-04-17 16:20:00,0.1347345420903661,0.17900868986380072,0.2589609084073509,0.19967484,0.508804177847519
2026-04-17 16:30:00,0.17999294583042896,0.17900868986380072,0.2641013234871457,0.15131938,0.5049005939713506
2026-04-17 16:40:00,0.18047688186455382,0.17900868986380072,0.2594555295561667,0.20284265,0.49904879441012095
2026-04-17 16:50:00,0.185141417053045,0.17900868986380072,0.25977039589101025,0.18352257,0.49422691741880576
2026-04-17 17:00:00,0.17343370178420314,0.17900868986380072,0.26521623713341835,0.18837717,0.4911425102109603
2026-04-17 17:10:00,0.1859099310332767,0.17900868986380072,0.3104138922208748,0.28634134,0.48877611284786193
2026-04-17 17:20:00,0.12018859406396411,0.17900868986380072,0.3209302802302789,0.40366915,0.49273605156070144
2026-04-17 17:30:00,0.12018996314399394,0.17900868986380072,0.3141832561174642,0.36988026,0.4880564293710756
2026-04-17 17:40:00,0.11613460602101157,0.17900868986380072,0.31900897424841085,0.4525956,0.48496866870911737
2026-04-17 17:50:00,0.11851460765893657,0.17900868986380072,0.3141562205116469,0.5432305,0.4809770983316102
2026-04-17 18:00:00,0.0742665797036743,0.17900868986380072,0.32186772786827317,0.36315948,0.4815062264240113
2026-04-17 18:10:00,0.07987410638401651,0.17900868986380072,0.30692038563427115,0.28467315,0.4776862326109875
2026-04-17 18:20:00,0.07667975277784707,0.17900868986380072,0.310106606186532,0.20315257,0.47439962226021654
2026-04-17 18:30:00,0.06503808758221086,0.17900868986380072,0.31294337824310436,0.1774149,0.47219870342812925
2026-04-17 18:40:00,0.12247200313046612,0.17900868986380072,0.3122360818392654,0.19559725,0.4696461136026257
2026-04-17 18:50:00,0.11787936437368464,0.17900868986380072,0.30751737555202097,0.1841571,0.4676035270947819
2026-04-17 19:00:00,0.11651874309875782,0.17900868986380072,0.30812568623230385,0.16245721,0.465470946098819
2026-04-17 19:10:00,0.23038803427135401,0.17900868986380072,0.30640565925272717,0.1373161,0.4631208488887928
2026-04-17 19:20:00,0.2289907988329123,0.17900868986380072,0.30705910001592984,0.118071906,0.46127848623707385
2026-04-17 19:30:00,0.24933809785896038,0.17900868986380072,0.3211008976887915,0.20612907,0.46455668985140297
2026-04-17 19:40:00,0.2514325314142209,0.17900868986380072,0.31349256344918996,0.20135033,0.4625158749336283
2026-04-17 19:50:00,0.254442138593792,0.17900868986380072,0.31345415772417484,0.16346705,0.46073137563730127
2026-04-20 13:30:00,0.15959778082755183,0.17900868986380072,0.3403581964284426,0.24851105,0.4761743058959537
2026-04-20 13:40:00,0.17202153657004843,0.17900868986380072,0.3239954279118115,0.27164423,0.47281007025516675
2026-04-20 13:50:00,0.09324510575379952,0.17900868986380072,0.3368987442555634,0.35759816,0.47906330029778127
2026-04-20 14:00:00,0.23205230170170688,0.17900868986380072,0.32802470266824596,0.3596199,0.4761000271761682
2026-04-20 14:10:00,0.24267128683872308,0.17900868986380072,0.3293944631206782,0.43739185,0.4736808084288191
2026-04-20 14:20:00,0.24854130985742826,0.17744757013918908,0.3128489470974031,0.57168263,0.47065453287873804
2026-04-20 14:30:00,0.31066804468351816,0.17744757013918908,0.3210131753216889,0.24571787,0.4696132084553507
2026-04-20 14:40:00,0.32551909139378227,0.17744757013918908,0.3055226488267192,0.16077699,0.4671337847403709
2026-04-20 14:50:00,0.24421918679350135,0.17744757013918908,0.33792206413892834,0.29415637,0.4848130027673737
2026-04-20 15:00:00,0.22960824626356413,0.17744757013918908,0.32754259687974774,0.3563955,0.483712279678243
2026-04-20 15:10:00,0.22356816386655196,0.17744757013918908,0.3267378125662834,0.36696738,0.48098099871125016
2026-04-20 15:20:00,0.10578674824747901,0.17744757013918908,0.34427349581387284,0.38835958,0.4935981753168195
2026-04-20 15:30:00,0.038347014060178715,0.17744757013918908,0.3373002626160497,0.49782208,0.49283246751347554
2026-04-20 15:40:00,0.03635182395452296,0.17744757013918908,0.31810506177672204,0.40905592,0.48809492839046215
2026-04-20 15:50:00,0.040195213526315825,0.17744757013918908,0.31568163860494586,0.3684645,0.48374581402822914
2026-04-20 16:00:00,0.03642817234095846,0.17744757013918908,0.31511898927129117,0.40146562,0.4798422107167063
2026-04-20 16:10:00,0.04128964134443868,0.17744757013918908,0.29617376591575023,0.32783347,0.476165914697145
2026-04-20 16:20:00,0.07722727442116215,0.17744757013918908,0.2866410728205097,0.23906992,0.4729480856324301
2026-04-20 16:30:00,0.08602209097459547,0.17744757013918908,0.28613272134540935,0.20576477,0.4699914238303084
2026-04-20 16:40:00,0.08367984287930007,0.17744757013918908,0.28857453830752006,0.14843522,0.4674617690151263
2026-04-20 16:50:00,0.08405719521971655,0.17744757013918908,0.2868271902050887,0.19043851,0.46496185842509197
2026-04-20 17:00:00,0.08785154706016872,0.17744757013918908,0.2885618855667966,0.23143584,0.46285626644450567
2026-04-20 17:10:00,0.08200473040432467,0.17744757013918908,0.3018343568675026,0.27825287,0.46279547392792614
2026-04-20 17:20:00,0.07901652248778543,0.17744757013918908,0.30069136841725114,0.25039616,0.46144442921810747
2026-04-20 17:30:00,0.07889832142151276,0.17744757013918908,0.3004810378854875,0.43080452,0.4595568475828809
2026-04-20 17:40:00,0.09537783009920611,0.17744757013918908,0.30064991774649613,0.33182892,0.4578430936866896
2026-04-20 17:50:00,0.10593479114029349,0.17744757013918908,0.3031209035458759,0.30691287,0.45671798270295144
2026-04-20 18:00:00,0.08779913629866654,0.17744757013918908,0.3041115893148874,0.42571744,0.4568281098921095
2026-04-20 18:10:00,0.0836113866306895,0.17744757013918908,0.30183051301854275,0.30742064,0.45584485565392957
2026-04-20 18:20:00,0.0838376501126156,0.17744757013918908,0.29999039587295584,0.33182892,0.45449097867443217
2026-04-20 18:30:00,0.07609020045876065,0.17744757013918908,0.31216441887301155,0.18793659,0.4545674610687239
2026-04-20 18:40:00,0.05222714446411608,0.17744757013918908,0.3145569103234273,0.21488476,0.45472374172770424
2026-04-20 18:50:00,0.05137243351555124,0.17744757013918908,0.3082030059407673,0.16029803,0.4534469019845799
2026-04-20 19:00:00,0.1182328820394882,0.17744757013918908,0.31605267832343814,0.35767308,0.4524708684926393
2026-04-20 19:10:00,0.12734400645222638,0.17744757013918908,0.31799979512652776,0.2175464,0.4514636396914776
2026-04-20 19:20:00,0.20626588164280318,0.17744757013918908,0.3188363275871199,0.30091763,0.4512811779007052
2026-04-20 19:30:00,0.2184889222885165,0.17744757013918908,0.31267664143591545,0.2300352,0.45037519072436144
2026-04-20 19:40:00,0.22200779449081115,0.17744757013918908,0.3116605864753661,0.22098818,0.449483559688468
2026-04-20 19:50:00,0.19581031228379747,0.17744757013918908,0.3281584842846061,0.4151639,0.4540518522626029
2026-04-21 13:30:00,0.1927236789453456,0.17744757013918908,0.32398988308095067,0.38364542,0.45390260165182456
2026-04-21 13:40:00,0.12946886531728025,0.17744757013918908,0.34088142760782497,0.2530603,0.4652393665231763
2026-04-21 13:50:00,0.1537722959141681,0.17744757013918908,0.3338567924820859,0.2875564,0.46527650526145253
2026-04-21 14:00:00,0.26685681163876346,0.17744757013918908,0.3312615964264847,0.26782688,0.4636287237396785
2026-04-21 14:10:00,0.2663020467227588,0.17744757013918908,0.32632856230514146,0.18960719,0.46183912828714535
2026-04-21 14:20:00,0.26415374390960805,0.1688942915015715,0.3268858680777589,0.22225095,0.4603851146104425
2026-04-21 14:30:00,0.2966736868654657,0.1688942915015715,0.32073028828934946,0.2411987,0.46197152874082054
2026-04-21 14:40:00,0.2753298447793917,0.1688942915015715,0.3245658712517249,0.20112059,0.46538196566235324
2026-04-21 14:50:00,0.16990507861389323,0.1688942915015715,0.3450570523378452,0.30820745,0.48431555904316015
2026-04-21 15:00:00,0.17494160032776335,0.1688942915015715,0.32808440989769727,0.32491118,0.4804403833444383
2026-04-21 15:10:00,0.19544644004364062,0.1688942915015715,0.32695749518043643,0.36842987,0.47671961024350257
2026-04-21 15:20:00,0.12054324891321631,0.1688942915015715,0.3421013893928113,0.34303224,0.48443691961836083
2026-04-21 15:30:00,0.1506683395157185,0.1688942915015715,0.3255001100962541,0.3796555,0.48031772870645323
2026-04-21 15:40:00,0.1451454451498488,0.1688942915015715,0.31293522910650406,0.30618408,0.477503792804598
2026-04-21 15:50:00,0.1370325429699686,0.1688942915015715,0.313929783973845,0.2894096,0.47501499637073047
2026-04-21 16:00:00,0.17420972759199752,0.1688942915015715,0.3196480519941311,0.3209824,0.47509280472337967
2026-04-21 16:10:00,0.16830187421312998,0.1688942915015715,0.30456004774807177,0.25351202,0.4728338041237144
2026-04-21 16:20:00,0.24642232558374877,0.1688942915015715,0.311982477377718,0.36674106,0.47335151782033
2026-04-21 16:30:00,0.2620968011254717,0.1688942915015715,0.3055010053927958,0.35495833,0.4704893803825966
2026-04-21 16:40:00,0.3498257954381165,0.1688942915015715,0.30269154998936854,0.3775417,0.46766981722020684
2026-04-21 16:50:00,0.321770150681013,0.1688942915015715,0.3179161069618801,0.45633218,0.47352957327488127
2026-04-21 17:00:00,0.3259153493952952,0.1688942915015715,0.30772441879801676,0.38161087,0.47053875679676965
2026-04-21 17:10:00,0.25624368554252086,0.1688942915015715,0.33182187438608557,0.47405252,0.48519027023998773
2026-04-21 17:20:00,0.259962513669727,0.1688942915015715,0.3267229629913425,0.54447174,0.48460773231912174
2026-04-21 17:30:00,0.11781749347082439,0.1688942915015715,0.3476992214717311,0.52640194,0.502874722377642
2026-04-21 17:40:00,0.12462243934742515,0.1688942915015715,0.32537630916884647,0.6232322,0.49724088616297724
2026-04-21 17:50:00,0.11752924875600268,0.1688942915015715,0.32874547148547034,0.54090446,0.49317845804521876
2026-04-21 18:00:00,0.2008126211148579,0.1688942915015715,0.3140284531291892,0.6315603,0.48826220228285594
2026-04-21 18:10:00,0.1806434809971701,0.1688942915015715,0.3225797241428339,0.59576464,0.4881842328085084
2026-04-21 18:20:00,0.18075894602040835,0.1688942915015715,0.29332740125893286,0.23221438,0.4837102868816048
2026-04-21 18:30:00,0.23268035485147048,0.1688942915015715,0.30244838445726735,0.29023698,0.4805298872713368
2026-04-21 18:40:00,0.3086013272324391,0.1688942915015715,0.30042894763742156,0.28566837,0.4772991650085606
2026-04-21 18:50:00,0.4151262009300134,0.1688942915015715,0.3216037469461992,0.33734316,0.4851921819604986
2026-04-21 19:00:00,0.41229034698822736,0.1688942915015715,0.3112472651140227,0.33548865,0.482158331017052
2026-04-21 19:10:00,0.7898376936876206,0.1688942915015715,0.30737806970339887,0.3854294,0.47825756398876923
2026-04-21 19:20:00,0.7755965007876293,0.1688942915015715,0.32584992467268636,0.44130084,0.4847660077394728
2026-04-21 19:30:00,0.7550440767819464,0.1688942915015715,0.338412298901874,0.34727335,0.49835747749048376
2026-04-21 19:40:00,0.6832515990962573,0.1688942915015715,0.3571530414031371,0.35127953,0.5343620608518174
2026-04-21 19:50:00,0.6918545235116702,0.1688942915015715,0.3309513461928852,0.2439439,0.525958067682372
2026-04-22 13:30:00,0.15995378916876016,0.1688942915015715,0.41896729604512806,0.3771784,0.6743418875798566
2026-04-22 13:40:00,0.15611806102767214,0.1688942915015715,0.36198635553242453,0.30257428,0.6551752816371843
2026-04-22 13:50:00,0.12378909251250869,0.1688942915015715,0.36423431612628543,0.28890914,0.6405313265422672
2026-04-22 14:00:00,0.12367591669333838,0.1688942915015715,0.3468723104408309,0.32572445,0.6236128289219363
2026-04-22 14:10:00,0.06063952291845712,0.1688942915015715,0.355404558321331,0.29955626,0.6119657657502819
2026-04-22 14:20:00,0.0537073677589048,0.1909100307825287,0.2687223998614143,0.2644362,0.5973897013509178
2026-04-22 14:30:00,0.06724013054879675,0.1909100307825287,0.266563772199897,0.3177813,0.583678690759632
2026-04-22 14:40:00,0.0785924698098615,0.1909100307825287,0.26743474155188923,0.1723325,0.571708071740973
2026-04-22 14:50:00,0.07631024594592621,0.1909100307825287,0.265368442417561,0.19448225,0.5601733939084931
2026-04-22 15:00:00,0.07417286975198627,0.1909100307825287,0.2563012848550236,0.1549886,0.5496770933160517
2026-04-22 15:10:00,0.0873061226556841,0.1909100307825287,0.25366698660133324,0.14822768,0.5398404080928523
2026-04-22 15:20:00,0.10817727280637218,0.1909100307825287,0.2591590118038118,0.17248414,0.5314606640936356
2026-04-22 15:30:00,0.09862425898735568,0.1909100307825287,0.26228952061610844,0.17497534,0.5245209475503126
2026-04-22 15:40:00,0.11322062729305848,0.1909100307825287,0.257214846754399,0.14494051,0.5168114143729173
2026-04-22 15:50:00,0.11463589718668116,0.1909100307825287,0.25814569738743043,0.172654,0.5098850168727087
2026-04-22 16:00:00,0.12513141039128545,0.1909100307825287,0.26397986134410717,0.17485228,0.5043332961797522
2026-04-22 16:10:00,0.15906844147919355,0.1909100307825287,0.26953927649942466,0.14910194,0.500756273662714
2026-04-22 16:20:00,0.15436668936194653,0.1909100307825287,0.2648402179590564,0.180772,0.4957693039141199
2026-04-22 16:30:00,0.15086774425644758,0.1909100307825287,0.2695964502940055,0.18302216,0.49189588530493344
2026-04-22 16:40:00,0.14883790475177966,0.1909100307825287,0.26943179190099187,0.18470782,0.4873354584832014
2026-04-22 16:50:00,0.13387189552957562,0.1909100307825287,0.2805313998056169,0.29257444,0.4849192296981813
2026-04-22 17:00:00,0.05763419274664974,0.1909100307825287,0.2896111636634227,0.45825747,0.48726819855300774
2026-04-22 17:10:00,0.05772218946576993,0.1909100307825287,0.3188000764595335,0.26276067,0.4828959476434118
2026-04-22 17:20:00,0.05395974370811992,0.1909100307825287,0.32139325632451854,0.17748645,0.47977537781739926
2026-04-22 17:30:00,0.060878986905178366,0.1909100307825287,0.31909763383219253,0.3150694,0.4760743039379843
2026-04-22 17:40:00,0.08325366144790128,0.1909100307825287,0.3186029213630213,0.311146,0.47291227572037714
2026-04-22 17:50:00,0.07905333851667394,0.1909100307825287,0.3096880514226497,0.14807206,0.47019974600965386
2026-04-22 18:00:00,0.08964228003253741,0.1909100307825287,0.30810669773217086,0.15044986,0.46742316557774255
2026-04-22 18:10:00,0.08811991051567888,0.1909100307825287,0.3099895841245471,0.19258739,0.4655945545422463
2026-04-22 18:20:00,0.10481542260116286,0.1909100307825287,0.3102366616901003,0.14549941,0.46358099481081827
2026-04-22 18:30:00,0.0864615870341041,0.1909100307825287,0.315790916584004,0.26954308,0.4630378859370222
2026-04-22 18:40:00,0.08583953235271884,0.1909100307825287,0.31095283804027374,0.16663285,0.46096666600587244
2026-04-22 18:50:00,0.08378643622343596,0.1909100307825287,0.3150053141083251,0.27172977,0.45986927130336314
2026-04-22 19:00:00,0.10307672077575739,0.1909100307825287,0.3142907204422203,0.2789979,0.4586534891674351
2026-04-22 19:10:00,0.15524477916787768,0.1909100307825287,0.3190469850644201,0.31033838,0.4587543790484298
2026-04-22 19:20:00,0.18267081938597596,0.1909100307825287,0.3118528057403927,0.19220595,0.45711782120663275
2026-04-22 19:30:00,0.2109604183946778,0.1909100307825287,0.3109058435764949,0.15771864,0.4555695735499557
2026-04-22 19:40:00,0.20758133831451303,0.1909100307825287,0.31385751663049594,0.23970738,0.4548459646953864
2026-04-22 19:50:00,0.1956715805222227,0.1909100307825287,0.3196863497239328,0.33425188,0.45574881775216525
2026-04-23 13:30:00,0.1519431439833128,0.1909100307825287,0.33010007112005424,0.43026227,0.4621642901003473
2026-04-23 13:40:00,0.11929220062455123,0.1909100307825287,0.33024364995268557,0.26527518,0.4643128713272327
2026-04-23 13:50:00,0.07909396467911663,0.1909100307825287,0.3336615877482087,0.33524746,0.4669909508533777
2026-04-23 14:00:00,0.11629942838476698,0.1909100307825287,0.32557979791041536,0.24930535,0.46452948316851694
2026-04-23 14:10:00,0.11571566859748636,0.1909100307825287,0.32649898059176,0.21713437,0.46232938572713406
2026-04-23 14:20:00,0.1148182541806355,0.18681857850385541,0.32248153139458446,0.20469852,0.4612967830226513
2026-04-23 14:30:00,0.1126693527898329,0.18681857850409403,0.3156680885932372,0.16116358,0.45959857688256794
2026-04-23 14:40:00,0.10101643933757017,0.18681857850416533,0.3117335436776719,0.18352357,0.45922502274807486
2026-04-23 14:50:00,0.09568915315043056,0.186818578504725,0.31883717616165863,0.22506984,0.4607575675246994
2026-04-23 15:00:00,0.09751382758906747,0.18681857850294328,0.3117592387267483,0.15699424,0.45885921679854486
2026-04-23 15:10:00,0.1191630887235339,0.186818578502881,0.3149728643560204,0.1774149,0.4580751066582871
2026-04-23 15:20:00,0.1327040536298869,0.18681857850381373,0.31175451535977416,0.16264488,0.4564696032808352
2026-04-23 15:30:00,0.13344669492211855,0.1868185785039048,0.3114314347942301,0.16904658,0.45528668688830853
2026-04-23 15:40:00,0.10816906662198159,0.18681857850397496,0.3147762791452273,0.21361157,0.45675593031088846
2026-04-23 15:50:00,0.10663854669871824,0.18681857850404893,0.3098343799078122,0.22103417,0.4554031859486873
2026-04-23 16:00:00,0.06779775070777683,0.18681857850470843,0.31782352931625835,0.2178427,0.4570713595580025
2026-04-23 16:10:00,0.41576387001687354,0.18681857850381714,0.3175846847655968,0.21375789,0.45709679529044406
2026-04-23 16:20:00,0.45832367135160273,0.1868185785036934,0.3156411785166744,0.1830575,0.45594162922204706
2026-04-23 16:30:00,0.4635449646832139,0.18681857850357408,0.3104295389897807,0.15862992,0.4545949382599768
2026-04-23 16:40:00,0.46497199585751453,0.18681857850414674,0.3094657141778945,0.16446991,0.45330415164615334
2026-04-23 16:50:00,0.5640791540223893,0.1868185785087673,0.3032544294887717,0.13809581,0.4521249379716566
2026-04-23 17:00:00,0.5823727620148386,0.18681857850837236,0.37355543959938015,0.6835601,0.5233986147360039
2026-04-23 17:10:00,0.5584723317976137,0.18681857849324732,0.3595140958375568,0.23759066,0.5307146564824542
2026-04-23 17:20:00,0.565380890644401,0.18681857848673833,0.3500229699417936,0.29931286,0.524432773434815
2026-04-23 17:30:00,0.5662190809345143,0.1868185784865063,0.34816477080069375,0.36249426,0.5172661882631597
2026-04-23 17:40:00,0.47112953308339883,0.18681857848690306,0.3795657434489333,0.2462668,0.5496766815607937
2026-04-23 17:50:00,0.21201380358421834,0.18681857844162955,0.38015315004355643,0.60610175,0.6086938429521785
2026-04-23 18:00:00,0.22477136464586514,0.18681857841307065,0.34725149019445184,0.73098195,0.5978072514517185
2026-04-23 18:10:00,0.22295341424819143,0.18681857841299573,0.34838548570486966,0.6758835,0.5885236848657306
2026-04-23 18:20:00,0.2326144780222947,0.1868185784114083,0.34298681120249724,0.7210984,0.5763253702880999
2026-04-23 18:30:00,0.22555731262238043,0.186818578411849,0.32946882851659126,0.2632823,0.5654993823629553
2026-04-23 18:40:00,0.221142100683579,0.1868185784092727,0.2946002856967418,0.29693675,0.560126331900917
2026-04-23 18:50:00,0.18796687930049438,0.18681857841189606,0.2959747144299489,0.2760917,0.5554911364961881
2026-04-23 19:00:00,0.1678002279076129,0.18681857840396324,0.293435510927881,0.30620033,0.5496392314460591
2026-04-23 19:10:00,0.3015653806615177,0.18681857840440436,0.29222674519175135,0.31405178,0.5423339208136156
2026-04-23 19:20:00,0.30138303596751165,0.18681857840311822,0.28537069944916255,0.25010124,0.5331418023274597
2026-04-23 19:30:00,0.2827561790274658,0.186818578404549,0.29310111792792276,0.30471963,0.5300355102384391
2026-04-23 19:40:00,0.27782756583324636,0.18681857839943233,0.2827179683733934,0.23704582,0.522950072234578
2026-04-23 19:50:00,0.27557761809104525,0.18681857840740998,0.2809419935919962,0.2893004,0.5172760489086967
2026-04-24 13:30:00,0.11157997036905644,0.18681857840760693,0.3144621729825887,0.27999353,0.5374173692471232
2026-04-24 13:40:00,0.15075249784431144,0.18681857840327215,0.2919547629216808,0.2806919,0.5285993491496822
2026-04-24 13:50:00,0.1631994273740655,0.18681857840353192,0.2934175380029015,0.25424647,0.5216622740217173
2026-04-24 14:00:00,0.16758471644594208,0.18681857840286717,0.2886405545111406,0.2646209,0.5142152900591673
2026-04-24 14:10:00,0.1578922129792171,0.18681857840292523,0.3022223731533034,0.3272324,0.5088320240000349
2026-04-24 14:20:00,0.13794378044314914,0.20565949917078438,0.28055293007232224,0.22789864,0.5049371380171758
2026-04-24 14:30:00,0.09767029021860256,0.18045797439809955,0.2882909407758993,0.2603653,0.5031544224793386
2026-04-24 14:40:00,0.05667549674332513,0.18881483407648952,0.2882300777146969,0.47776836,0.5001076663341566
2026-04-24 14:50:00,0.22559837444690775,0.18205113515778157,0.2916763104623704,0.24420685,0.4951678783672045
2026-04-24 15:00:00,0.23499615774325586,0.19268776296205462,0.303966791219875,0.4280098,0.49021607823780705
2026-04-24 15:10:00,0.24577844314039712,0.18495733465134437,0.3011036669871286,0.3523352,0.4855935689070325
2026-04-24 15:20:00,0.2441814891476949,0.1789179301433107,0.2976908063100612,0.20825455,0.4816904302395125
2026-04-24 15:30:00,0.24330997611760158,0.17818540352804582,0.29098780004288594,0.23137355,0.4780021482294359
2026-04-24 15:40:00,0.10286829490175665,0.14681018471871357,0.3296983022828345,0.514756,0.4952786654561946
2026-04-24 15:50:00,0.084817603936471,0.16224413096471504,0.3190267587814748,0.41345254,0.49212501392758823
2026-04-24 16:00:00,0.0711092305189209,0.21088117848987378,0.32207725653952507,0.48127723,0.4895061800374195
2026-04-24 16:10:00,0.07986118879522734,0.18268305898545814,0.3169898606142449,0.43058997,0.48491052638713295
2026-04-24 16:20:00,0.08857247398375273,0.18988303685395683,0.3176764385566339,0.33707586,0.4807421177878099
2026-04-24 16:30:00,0.08570258126226969,0.1851110062511563,0.29773527949128503,0.21823661,0.477191924038758
2026-04-24 16:40:00,0.08157245028435015,0.19448075790940186,0.29733599067402766,0.2726075,0.4743065353652244
2026-04-24 16:50:00,0.06616156378641093,0.10732204075286443,0.29688045330611884,0.2753544,0.47248359786419253
2026-04-24 17:00:00,0.06466169350002249,0.16094037108380538,0.2969032410057057,0.2726075,0.4700451974086157
2026-04-24 17:10:00,0.05193056537159196,0.18268900772345895,0.3065156079368429,0.18975933,0.46790918333670956
2026-04-24 17:20:00,0.0770744861063707,0.18322537802075195,0.3034221132583522,0.18225667,0.46534963795254086
2026-04-24 17:30:00,0.07855091354878624,0.1289814578074703,0.3045977467850936,0.15857132,0.4632898564136458
2026-04-24 17:40:00,0.09821125882882598,0.258768915253601,0.30247934481418337,0.12588623,0.4615301672977234
2026-04-24 17:50:00,0.09643485474953077,0.20040656492473335,0.30294385378865146,0.15100491,0.46005909312042415
2026-04-24 18:00:00,0.10212703242448803,0.20799585578378943,0.29907397272528485,0.13909417,0.45822539288885306
2026-04-24 18:10:00,0.11814201893403987,0.2064568139772966,0.3087656196735712,0.21862495,0.4580500766347318
2026-04-24 18:20:00,0.11535493613633505,0.2033250910604416,0.3074889026694658,0.15916735,0.45679910062389084
2026-04-24 18:30:00,0.11652977510477086,0.15541943326416663,0.31319351498317616,0.22170186,0.4572324081086931
2026-04-24 18:40:00,0.1136609967690391,0.17112200777756323,0.30961328460517945,0.15269634,0.45602489487399905
2026-04-24 18:50:00,0.11178209232563137,0.20134328291568415,0.3108108802698071,0.1974731,0.45509150059563186
2026-04-24 19:00:00,0.07743427064023661,0.18818771082541516,0.31657336962832217,0.21413901,0.45681682352833397
2026-04-24 19:10:00,0.09200035194655011,0.18396988559574579,0.3103508498838879,0.16216847,0.4553931268877895
2026-04-24 19:20:00,0.21311589665367428,0.1798371988344884,0.32276395363166066,0.3326234,0.4506410436096247
2026-04-24 19:30:00,0.2703891899322674,0.19936385221650843,0.31844599221238257,0.303858,0.4494133750141574
2026-04-24 19:40:00,0.27244575606488525,0.1956434309462509,0.3205233844275117,0.3461435,0.44871481304515626
2026-04-24 19:50:00,0.275286839270242,0.23054283991693056,0.3144549280531615,0.350658,0.448048391477502
2026-04-27 13:30:00,0.2703904764979508,0.17966276301592765,0.2721265864228098,0.28687596,0.448444632823613
2026-04-27 13:40:00,0.19170249454237973,0.21419312490417747,0.3028352924645196,0.25331384,0.46327672742274123
2026-04-27 13:50:00,0.10079070137151926,0.16077184803358976,0.3061146151753717,0.23046559,0.46909230798673496
2026-04-27 14:00:00,0.09215687628691244,0.2058942370859101,0.29391193696635853,0.24464358,0.4639393587666078
2026-04-27 14:10:00,0.11348408209976225,0.18246147947644248,0.2944018487333023,0.24464358,0.46007224635385885
2026-04-27 14:20:00,0.1173691595981421,0.2051002649497442,0.28965598094955075,0.23186575,0.4564596920857177
2026-04-27 14:30:00,0.09524614914878637,0.18626913885835383,0.2835325962796007,0.18688585,0.4556874932922022
2026-04-27 14:40:00,0.08879798462679181,0.1988998439035177,0.2650090966552193,0.2669571,0.45361581830304526
2026-04-27 14:50:00,0.08870237109668037,0.19067353200530587,0.2613849554749434,0.2598927,0.45165801007929945
2026-04-27 15:00:00,0.05502490690122351,0.2019513936397872,0.27122742769200725,0.21957056,0.45249802836693115
2026-04-27 15:10:00,0.06740471709484591,0.19583042667968242,0.2667912778939215,0.18029343,0.4511024221007619
2026-04-27 15:20:00,0.07386265902888714,0.17560954409327162,0.26263882054518395,0.24598263,0.4499024939553488
2026-04-27 15:30:00,0.07693082965599587,0.22707887270140364,0.2600157739518354,0.21451816,0.44882717045110015
2026-04-27 15:40:00,0.09610643131368973,0.19553902179478114,0.2608923699636863,0.20411113,0.44806045218973795
2026-04-27 15:50:00,0.08873562645118405,0.1622998154540794,0.258040395590846,0.19708972,0.44797787535493166
2026-04-27 16:00:00,0.07488604195933572,0.17499473700340817,0.2611023402601994,0.2100019,0.4482933686431015
2026-04-27 16:10:00,0.06583187484489449,0.17765306132501404,0.2613816609154103,0.19914162,0.4481454700744336
2026-04-27 16:20:00,0.06290395526572405,0.1934187902940959,0.2603057471374096,0.2198464,0.4476872117196333
2026-04-27 16:30:00,0.06879732127939187,0.1653319977090891,0.2672044617364248,0.20390414,0.4484699908722323
2026-04-27 16:40:00,0.07143549255102782,0.19707557324512281,0.26088199504559334,0.22463024,0.4477657698173918
2026-04-27 16:50:00,0.07299319950270805,0.17952505050116482,0.25911322045590474,0.21082528,0.447272061345368
2026-04-27 17:00:00,0.07202976941309089,0.17423662309697122,0.2575941199312604,0.13218543,0.4468961089125527
2026-04-27 17:10:00,0.07192499460509467,0.18495753989041813,0.2572527581915378,0.13218543,0.44660863542255314
2026-04-27 17:20:00,0.04490748709035468,0.17634480400084274,0.26703947810626727,0.21576251,0.44796069939663896
2026-04-27 17:30:00,0.04164723898816144,0.18594098625072272,0.2661853725622469,0.27410343,0.44752539265079194
2026-04-27 17:40:00,0.03755119691487848,0.18705631919939902,0.26649553506620255,0.26943466,0.4471779266355483
2026-04-27 17:50:00,0.042006483979559084,0.1842661244642656,0.26475970034862084,0.2319999,0.4467723629299278
2026-04-27 18:00:00,0.04544813846685527,0.170753973768346,0.2656545930709789,0.20358768,0.4465103007514744
2026-04-27 18:10:00,0.033102179005863465,0.17188241402467602,0.26418775617459683,0.250891,0.4466843914534573
2026-04-27 18:20:00,0.05774214516742709,0.19986026098728638,0.2617652657626268,0.22234325,0.4464628277613001
2026-04-27 18:30:00,0.05724376260744729,0.1771631856968677,0.26062108167859266,0.22309291,0.4462592062590915
2026-04-27 18:40:00,0.05404060882485751,0.19470372067233066,0.2634987574628749,0.22929886,0.4462204572248412
2026-04-27 18:50:00,0.07001935786009862,0.20472099984433637,0.26429087542490254,0.24481916,0.44621248768791044
2026-04-27 19:00:00,0.08319289457482537,0.1892718360578327,0.2613722242811778,0.17459431,0.44609139665473496
2026-04-27 19:10:00,0.438195545690838,0.16103878331439028,0.2688399172357846,0.2278792,0.44687402383915714
2026-04-27 19:20:00,0.43884290715039737,0.1823157113965109,0.26394007201374436,0.19393441,0.44654494091710584
2026-04-27 19:30:00,0.4485278549273984,0.1895557950853347,0.2635407993998336,0.24654193,0.44629799163189987
2026-04-27 19:40:00,0.45249615515305425,0.1781615724204653,0.27111310901385016,0.25439247,0.4470270383134914
2026-04-27 19:50:00,0.4629566475836275,0.20372943635121454,0.2728271118760849,0.24033268,0.4474702849751935
2026-04-28 13:30:00,0.16455027430867586,0.22979467506178067,0.35381498828141844,0.39999917,0.5135400136591226
2026-04-28 13:40:00,0.23064340715626724,0.21265654739091072,0.31240465270666296,0.39349017,0.497459955120773
2026-04-28 13:50:00,0.21119247885934972,0.19418925580227606,0.32051450163283873,0.35992935,0.48790118007493216
2026-04-28 14:00:00,0.20566384439711016,0.160267070673761,0.31926968657216137,0.3394593,0.4796983933098848
2026-04-28 14:10:00,0.18486185795909238,0.20505654814749505,0.3234997190253235,0.5873443,0.47553309296447854
2026-04-28 14:20:00,0.19955414692325962,0.19976445778767082,0.2658123541731442,0.33103183,0.4682391415784156
2026-04-28 14:30:00,0.15487714719924717,0.20711399536180106,0.29041822372614934,0.49299628,0.47235475975252916
2026-04-28 14:40:00,0.15488349676635632,0.18164425618450425,0.27067006491730816,0.3178417,0.46574017004695395
2026-04-28 14:50:00,0.14952853318098022,0.15872865459908564,0.2757648431472603,0.27641895,0.4620865692916365
2026-04-28 15:00:00,0.14871537814911318,0.18930463990061144,0.27215484513810717,0.2049196,0.459304824272723
2026-04-28 15:10:00,0.13466565170933398,0.17414789227510954,0.2759675826278904,0.17829023,0.4580730092037469
2026-04-28 15:20:00,0.08556091265585059,0.2038855367442889,0.27107173321251143,0.15769415,0.45899842355065557
2026-04-28 15:30:00,0.08557540286654693,0.1863487155345755,0.2606115884094616,0.20418149,0.45564687378927926
2026-04-28 15:40:00,0.1125716564626956,0.19891568000032656,0.2641027130671846,0.14410058,0.45388887102552755
2026-04-28 15:50:00,0.09670590415478907,0.1824009918233566,0.26512061891490396,0.21193613,0.453060849982959
2026-04-28 16:00:00,0.10624218689480089,0.1828539975838433,0.261340157545665,0.21803316,0.45190064742796526
2026-04-28 16:10:00,0.1141588916770126,0.17875178850186885,0.24960522703369648,0.21187855,0.45032567188430395
2026-04-28 16:20:00,0.11864946761270545,0.19494031162329445,0.2492900883322263,0.2132612,0.44913094879132553
2026-04-28 16:30:00,0.10524673403869923,0.197933077411468,0.26184380524835116,0.23669016,0.4510333202684551
2026-04-28 16:40:00,0.1249976765449463,0.18090277907958832,0.25095742720524306,0.20918746,0.4496666612633973
2026-04-28 16:50:00,0.10985690537528424,0.17490481804763772,0.2583123362329892,0.18709621,0.4500924166075201
2026-04-28 17:00:00,0.11038963885307114,0.1895436614999078,0.25759880906128707,0.20062202,0.4496316864687143
2026-04-28 17:10:00,0.1056772076705708,0.2015363794923661,0.2682757651037194,0.19576406,0.4490078884956257
2026-04-28 17:20:00,0.10054225377392967,0.17578083762409247,0.26925300167671057,0.20509024,0.4498058753535504
2026-04-28 17:30:00,0.07478451586953519,0.17528104014776433,0.2729010630469391,0.18181875,0.45047067282329084
2026-04-28 17:40:00,0.08314528218433448,0.1806371059012581,0.2657484900998097,0.21573433,0.44934613105182875
2026-04-28 17:50:00,0.08350072026164668,0.17796522065858597,0.26938056306972236,0.19012855,0.4491177999933729
2026-04-28 18:00:00,0.08560355326641125,0.19088727604044195,0.26476754742745545,0.17289412,0.4482361312183894
2026-04-28 18:10:00,0.08511441328661225,0.1712630691776569,0.2714231088634514,0.19891559,0.4488280018528352
2026-04-28 18:20:00,0.09380805067337804,0.18659880780195007,0.2620983611745486,0.16364898,0.4480258195312106
2026-04-28 18:30:00,0.08511037852169284,0.18776374076771962,0.2670263442193868,0.18331882,0.44801757160579503
2026-04-28 18:40:00,0.07301793913514089,0.17228528383087643,0.2676829153855509,0.18120568,0.44814688519885054
2026-04-28 18:50:00,0.07572480890342677,0.1784934858671709,0.2661094613649494,0.20432507,0.447644421834574
2026-04-28 19:00:00,0.050643896768291764,0.18250128082528005,0.27070168937673267,0.17157105,0.44835451312124375
2026-04-28 19:10:00,0.16189801903663592,0.19091658660236596,0.2701984905128577,0.2014906,0.4482631475804337
2026-04-28 19:20:00,0.18182751109543918,0.18520646003636917,0.2656641206351225,0.16528493,0.4476027517945446
2026-04-28 19:30:00,0.21450780573127973,0.19403853824420056,0.2641151167753936,0.15838821,0.4471084110095467
2026-04-28 19:40:00,0.21273292267573163,0.1705410118926127,0.26684021604414376,0.24556144,0.44702091614205314
2026-04-28 19:50:00,0.21501329908473255,0.10733813197797394,0.26077785656798735,0.24764627,0.44668122636012836
2026-04-29 13:30:00,0.15750087303610902,0.21695202189285132,0.29127825360253223,0.3618488,0.455940784414276
2026-04-29 13:40:00,0.1435613905544765,0.18222339815789523,0.286822451844783,0.23087594,0.4559321430527128
2026-04-29 13:50:00,0.10154316065789572,0.17732759343744411,0.2940299554129421,0.28505486,0.4582015978465757
2026-04-29 14:00:00,0.10154286742091168,0.1634247345878957,0.2830501488412267,0.27462515,0.4550579679788171
2026-04-29 14:10:00,0.15021555445803506,0.1753359585686331,0.2862096860111012,0.29614422,0.4530753354967581
2026-04-29 14:20:00,0.13706653899409266,0.15241620729216115,0.2796626822258568,0.327981,0.452635690470806
2026-04-29 14:30:00,0.12981771619476368,0.15241620729216115,0.27655840034212714,0.20607966,0.45188288901455154
2026-04-29 14:40:00,0.12246269843367551,0.15241620729216115,0.26993978399275864,0.20130166,0.4513192284052708
2026-04-29 14:50:00,0.12521679248707762,0.15241620729216115,0.26524016476032475,0.18068063,0.44988624328998966
2026-04-29 15:00:00,0.12400765477876965,0.15241620729216115,0.28325231791649724,0.18575257,0.4538236349927127
2026-04-29 15:10:00,0.1372078494747908,0.15241620729216115,0.2700945439562429,0.20688072,0.45177269525762953
2026-04-29 15:20:00,0.15510111647463073,0.15241620729216115,0.27125427897171395,0.20066835,0.4505052915234129
2026-04-29 15:30:00,0.1540026763032693,0.15241620729216115,0.2701366193058444,0.16944355,0.44958535070757905
2026-04-29 15:40:00,0.15744949921436674,0.15241620729216115,0.2704165793864651,0.17882177,0.44884552696259195
2026-04-29 15:50:00,0.11943820691360314,0.15241620729216115,0.27816738782017303,0.20074455,0.4529391186402751
2026-04-29 16:00:00,0.10532386912722143,0.15241620729216115,0.2744558639092432,0.20375878,0.4524096566694761
2026-04-29 16:10:00,0.07140630620345823,0.15241620729216115,0.27898998911531975,0.23264608,0.45295568080204296
2026-04-29 16:20:00,0.06781490908815822,0.15241620729216115,0.2733072846293453,0.23942405,0.45129416469941874
2026-04-29 16:30:00,0.06525525084187123,0.15241620729216115,0.2757351140934898,0.3245195,0.4505322266091544
2026-04-29 16:40:00,0.04723040380262986,0.15241620729216115,0.27015785537512876,0.19870897,0.45022183803840937
2026-04-29 16:50:00,0.07125687025785375,0.15241620729216115,0.2646835449571709,0.2051157,0.4491748541234388
2026-04-29 17:00:00,0.07428671332871951,0.15241620729216115,0.2575847761101451,0.17206222,0.44826851598023276
2026-04-29 17:10:00,0.26020051287001406,0.15241620729216115,0.2592268471573969,0.16162956,0.4475909910097991
2026-04-29 17:20:00,0.2751800054213692,0.15241620729216115,0.26291222442835854,0.14536339,0.4476319905863333
2026-04-29 17:30:00,0.27782725160450955,0.15241620729216115,0.2595385279856641,0.15291728,0.4472816396889203
2026-04-29 17:40:00,0.27311291509343016,0.15241620729216115,0.26667885336084984,0.17724735,0.44805768276370694
2026-04-29 17:50:00,0.2725014044158566,0.15241620729216115,0.26364366314401355,0.20083447,0.44759979912163667
2026-04-29 18:00:00,0.19048137295894896,0.15241620729216115,0.3119458905195712,0.26310766,0.47020347468787227
2026-04-29 18:10:00,0.16448839218028818,0.15241620729216115,0.298387590870466,0.39897075,0.46757384173913735
2026-04-29 18:20:00,0.19526782562451872,0.15241620729216115,0.2934135992704397,0.3023363,0.4628233621416493
2026-04-29 18:30:00,0.2017910267815505,0.15241620729216115,0.29060259451931403,0.34986103,0.45874342099647636
2026-04-29 18:40:00,0.20200391231867967,0.15241620729216115,0.29010393754848124,0.20213746,0.45549592829930025
2026-04-29 18:50:00,0.13278718309200468,0.15241620729216115,0.2898910585652902,0.43291202,0.4620347403823996
2026-04-29 19:00:00,0.17704606278640256,0.15241620729216115,0.2714499652879483,0.42231426,0.4580239747927305
2026-04-29 19:10:00,0.14034398092062733,0.15241620729216115,0.28564410474572677,0.25938627,0.45975197719878563
2026-04-29 19:20:00,0.15931678420159368,0.15241620729216115,0.2806627238337137,0.23219222,0.45739482828873024
2026-04-29 19:30:00,0.2356347823195212,0.15241620729216115,0.2772483017287927,0.22687331,0.4545130530165532
2026-04-29 19:40:00,0.23374618968755811,0.15241620729216115,0.26808973074993836,0.40330622,0.45266627895305794
2026-04-29 19:50:00,0.20883963010300688,0.15241620729216115,0.2834436196433821,0.31621101,0.45612963537377954
2026-04-30 13:30:00,0.2149140175212403,0.15241620729216115,0.2691453843102218,0.25213435,0.45398854010446343
2026-04-30 13:40:00,0.2174671836296306,0.15241620729216115,0.2776108277865576,0.46073708,0.4552043555411409
2026-04-30 13:50:00,0.24884397171342806,0.15241620729216115,0.29638087409423164,0.21026117,0.464073332972893
2026-04-30 14:00:00,0.28955827688309416,0.15241620729216115,0.2796323913025505,0.3552728,0.45953285451898385
2026-04-30 14:10:00,0.29397851418576604,0.15241620729216115,0.27965678859302306,0.2523339,0.4571423122777137
2026-04-30 14:20:00,0.2884825734184895,0.16481019485799164,0.28126540120909477,0.33535144,0.45571335140404223
2026-04-30 14:30:00,0.2724267441616639,0.16481019485799164,0.2849820717221901,0.30608302,0.4569031725681562
2026-04-30 14:40:00,0.18130069639039775,0.16481019485799164,0.299086849488621,0.46194834,0.4706494973078318
2026-04-30 14:50:00,0.10433202615719459,0.16481019485799164,0.2982511991703604,0.5081393,0.47248262769353905
2026-04-30 15:00:00,0.10431116871567363,0.16481019485799164,0.29114076135658384,0.44227183,0.46784859839276594
2026-04-30 15:10:00,0.10248996713124531,0.16481019485799164,0.2886122604538851,0.43384853,0.46258783504639844
2026-04-30 15:20:00,0.11626557926745762,0.16481019485799164,0.286926274048705,0.22040449,0.4587046250817792
2026-04-30 15:30:00,0.09946381492881376,0.16481019485799164,0.27509393991643744,0.2780958,0.45677958423508747
2026-04-30 15:40:00,0.09900166957807334,0.16481019485799164,0.257545670928209,0.20603709,0.4540120582384751
2026-04-30 15:50:00,0.08223187503888275,0.16481019485799164,0.2637952397527886,0.19983734,0.45396717075998216
2026-04-30 16:00:00,0.10305695148035682,0.16481019485799164,0.2591840136109499,0.22288322,0.45198665959927226
2026-04-30 16:10:00,0.14799435884490558,0.16481019485799164,0.2657470330298516,0.22752915,0.4518720538296802
2026-04-30 16:20:00,0.15087854962228678,0.16481019485799164,0.2574053674455197,0.28053924,0.4502889952339832
2026-04-30 16:30:00,0.1594774739979851,0.16481019485799164,0.2577404298278993,0.25616956,0.44910343152612325
2026-04-30 16:40:00,0.17884019447670182,0.16481019485799164,0.25973227530472437,0.22842667,0.4491498324477204
2026-04-30 16:50:00,0.17047142215501773,0.16481019485799164,0.26444098681123135,0.25510168,0.44983854320956956
2026-04-30 17:00:00,0.12549616534476948,0.16481019485799164,0.27760903448480273,0.31283015,0.4545176497174738
2026-04-30 17:10:00,0.13914957899583796,0.16481019485799164,0.26851863042119983,0.24703024,0.4526001734864491
2026-04-30 17:20:00,0.13689488312672235,0.16481019485799164,0.2725655338031807,0.42007032,0.4518450357613626
2026-04-30 17:30:00,0.09863498773593254,0.16481019485799164,0.28147627804059,0.34533098,0.4536691853438988
2026-04-30 17:40:00,0.12711217631557128,0.16481019485799164,0.2740025461522898,0.27242064,0.4521157165517511
2026-04-30 17:50:00,0.12159315326008373,0.16481019485799164,0.2676517495668346,0.248411,0.45120240931462396
2026-04-30 18:00:00,0.11032198786171483,0.16481019485799164,0.2721577623743933,0.29246983,0.4514796223706628
2026-04-30 18:10:00,0.12556294566186785,0.16481019485799164,0.2701268425031018,0.408598,0.45077079149604493
2026-04-30 18:20:00,0.1295579598771424,0.16481019485799164,0.2629523029596554,0.18157202,0.449464638099984
2026-04-30 18:30:00,0.09538402529128891,0.16481019485799164,0.27755003946752405,0.21643814,0.4513992946786174
2026-04-30 18:40:00,0.0926157874386761,0.16481019485799164,0.27059863900384984,0.2129835,0.45014628647241667
2026-04-30 18:50:00,0.0949577544686407,0.16481019485799164,0.27065157374263615,0.18637283,0.44970093132515015
2026-04-30 19:00:00,0.16625036106079125,0.16481019485799164,0.275934709786192,0.15685278,0.45080103840720653
2026-04-30 19:10:00,0.5416380188527218,0.16481019485799164,0.27242727879230594,0.23130247,0.4498736909443433
2026-04-30 19:20:00,0.5417176148228023,0.16481019485799164,0.2639361477901452,0.18096328,0.4487934102184003
2026-04-30 19:30:00,0.6078820280242524,0.16481019485799164,0.2643650985591333,0.18821754,0.44799596383783036
2026-04-30 19:40:00,0.6062235034555129,0.16481019485799164,0.26880140273147823,0.2063713,0.4482596842559104
2026-04-30 19:50:00,0.5885642904428304,0.16481019485799164,0.2894832237755764,0.28903955,0.4567307645336507
2026-05-01 13:30:00,0.28359046222877027,0.16481019485799164,0.3719686976433221,0.48082855,0.5449846235898463
2026-05-01 13:40:00,0.3438612235945675,0.16481019485799164,0.32035593877619917,0.1936163,0.5217183381610662
2026-05-01 13:50:00,0.20970742437763848,0.16481019485799164,0.3552230065638815,0.3587182,0.5287233366071673
2026-05-01 14:00:00,0.21770269313599408,0.16481019485799164,0.3287300338016335,0.3198644,0.5091186302953044
2026-05-01 14:10:00,0.21075293753522933,0.16481019485799164,0.3303498012217988,0.25250882,0.49494648098900135
2026-05-01 14:20:00,0.21525953879513443,0.15399673003700998,0.27815088439746266,0.23164535,0.4832345810461369
2026-05-01 14:30:00,0.10044734665932069,0.15399673003700998,0.3035550573644233,0.21642782,0.4874549890599693
2026-05-01 14:40:00,0.11413479914824591,0.15399673003700998,0.266672797291403,0.20290026,0.47788783281279235
2026-05-01 14:50:00,0.11870686656601198,0.15399673003700998,0.2697057658727168,0.24345623,0.47128320416955927
2026-05-01 15:00:00,0.17184545222196793,0.15399673003700998,0.26385734778222647,0.24250862,0.4649980042732799
2026-05-01 15:10:00,0.20124916865936984,0.15399673003700998,0.26852839479682833,0.24412008,0.46116787212138205
2026-05-01 15:20:00,0.20752435539116923,0.15399673003700998,0.24885439154785965,0.16826938,0.4579008935588349
2026-05-01 15:30:00,0.22975542963770973,0.15399673003700998,0.25377162636199774,0.16011053,0.4566061135555795
2026-05-01 15:40:00,0.21986980940186893,0.15399673003700998,0.25461564778982804,0.15085962,0.45563318650104784
2026-05-01 15:50:00,0.197903621145196,0.15399673003700998,0.26834428157593027,0.24362966,0.45895676604961355
2026-05-01 16:00:00,0.16208550019667262,0.15399673003700998,0.27183478969481745,0.25751022,0.4606980670688891
2026-05-01 16:10:00,0.15494129678346305,0.15399673003700998,0.2676191247426048,0.26910743,0.4585018753891339
2026-05-01 16:20:00,0.11722634381770164,0.15399673003700998,0.2763637933073507,0.284474,0.4606682545205356
2026-05-01 16:30:00,0.12304624835582109,0.15399673003700998,0.2643238095561611,0.270462,0.45702521505045446
2026-05-01 16:40:00,0.0961210797820931,0.15399673003700998,0.26689228517220664,0.26432386,0.456576852706541
2026-05-01 16:50:00,0.09213384278013519,0.15399673003700998,0.2557967455945413,0.30908245,0.45411180612632074
2026-05-01 17:00:00,0.08096376088902936,0.15399673003700998,0.25714251881675065,0.22188891,0.4527107110873437
2026-05-01 17:10:00,0.06783964237973081,0.15399673003700998,0.2647837020281794,0.2635106,0.45251539951044817
2026-05-01 17:20:00,0.10065913787660945,0.15399673003700998,0.26323483307546713,0.24003547,0.45142267001291353
2026-05-01 17:30:00,0.10861141174812487,0.15399673003700998,0.26174249834971214,0.37543812,0.45016129874108957
2026-05-01 17:40:00,0.15812583437468192,0.15399673003700998,0.2591449675629748,0.3858679,0.4490125883889755
2026-05-01 17:50:00,0.16135247993816437,0.15399673003700998,0.25770281585499905,0.1514218,0.4481569252391573
2026-05-01 18:00:00,0.15431727585611998,0.15399673003700998,0.25977260996374574,0.3282081,0.4483717102924498
2026-05-01 18:10:00,0.15436093657093655,0.15399673003700998,0.27121691938615594,0.21248595,0.4504184899897625
2026-05-01 18:20:00,0.15685578206064504,0.15399673003700998,0.2685931009706854,0.20391484,0.4500394279630412
2026-05-01 18:30:00,0.11172776166797965,0.15399673003700998,0.28275702962779353,0.31347153,0.45390876765442584
2026-05-01 18:40:00,0.10776413942483873,0.15399673003700998,0.27481609895459175,0.32326308,0.45221830083425346
2026-05-01 18:50:00,0.11694079016906034,0.15399673003700998,0.27134195319109755,0.24933419,0.4505708072263945
2026-05-01 19:00:00,0.1994245725072654,0.15399673003700998,0.2788218171557383,0.20844941,0.4520613158456566
2026-05-01 19:10:00,0.22372926316643862,0.15399673003700998,0.27625207772160715,0.3304404,0.4515625084526534
2026-05-01 19:20:00,0.23497836550562465,0.15399673003700998,0.26705298138066974,0.24333362,0.45047472068626865
2026-05-01 19:30:00,0.2395526158858352,0.15399673003700998,0.26569630951697537,0.2143848,0.44931366984552723
2026-05-01 19:40:00,0.25438541196403663,0.15399673003700998,0.27147684621526896,0.16470031,0.44917618178174534
2026-05-01 19:50:00,0.2587586536800556,0.15399673003700998,0.29628176838844156,0.19026063,0.460779830073651
2026-05-04 13:30:00,0.23302474748752378,0.15399673003700998,0.2934379136719987,0.23747522,0.46191500292230736
2026-05-04 13:40:00,0.23204967840262025,0.15399673003700998,0.29112417236118504,0.2699596,0.4601708279630033
2026-05-04 13:50:00,0.22694079631355749,0.15399673003700998,0.28906547343584776,0.24063645,0.4574106002275971
2026-05-04 14:00:00,0.23652109021656503,0.15399673003700998,0.29575571213798435,0.25175342,0.45798057926914504
2026-05-04 14:10:00,0.14374332781273033,0.15399673003700998,0.3034483166795874,0.20373641,0.46803279495500855
2026-05-04 14:20:00,0.3130864270423976,0.16027571065580049,0.28284649407095397,0.24146344,0.462695848428084
2026-05-04 14:30:00,0.307118318893742,0.16027571065580049,0.28764386363019495,0.24644296,0.4605891631316096
2026-05-04 14:40:00,0.3186186081740159,0.16027571065580049,0.27951133518661014,0.24714188,0.45685114634561347
2026-05-04 14:50:00,0.2977564686571999,0.16027571065580049,0.29175707898870257,0.30206934,0.4592141034306006
2026-05-04 15:00:00,0.29721368390679914,0.16027571065580049,0.26657427504422354,0.28364936,0.45593009689219366
2026-05-04 15:10:00,0.22889044580454138,0.16027571065580049,0.3162989572039111,0.5726797,0.4817697521928577
2026-05-04 15:20:00,0.2693955885427708,0.16027571065580049,0.29183240544528516,0.6534997,0.4736552103085331
2026-05-04 15:30:00,0.25702652237213547,0.16027571065580049,0.2974068553099386,0.4792105,0.46935383633518285
2026-05-04 15:40:00,0.25611899891083056,0.16027571065580049,0.2892833624840863,0.6867574,0.46384421215332217
2026-05-04 15:50:00,0.2564223460063784,0.16027571065580049,0.28613052350344936,0.76785654,0.45930115262425636
2026-05-04 16:00:00,0.16241553646026005,0.16027571065580049,0.2937041393673178,0.27861834,0.47133191291371546
2026-05-04 16:10:00,0.1383861043569657,0.16027571065580049,0.29385707821238716,0.4791362,0.4730671156393069
2026-05-04 16:20:00,0.17882874315194935,0.16027571065580049,0.2794564653738494,0.32921648,0.4665370136847697
2026-05-04 16:30:00,0.1822630820212071,0.16027571065580049,0.27905166441076057,0.3647886,0.46154270488325894
2026-05-04 16:40:00,0.19324564414911527,0.16027571065580049,0.2779654882984228,0.3894247,0.4576223337633518
2026-05-04 16:50:00,0.1882938892476488,0.16027571065580049,0.2667237456701263,0.32139128,0.45560825898888885
2026-05-04 17:00:00,0.14285659049672741,0.16027571065580049,0.2709641263335387,0.20971557,0.458727684431781
2026-05-04 17:10:00,0.09835196388435509,0.16027571065580049,0.2768359336010417,0.22244923,0.46047897136883914
2026-05-04 17:20:00,0.10940881236517508,0.16027571065580049,0.2700860801805587,0.26488188,0.45743379794632394
2026-05-04 17:30:00,0.11111206825344158,0.16027571065580049,0.27410752609649375,0.25406212,0.4560713619048067
2026-05-04 17:40:00,0.1122376981706544,0.16027571065580049,0.26990901683141105,0.24668753,0.45373476163370413
2026-05-04 17:50:00,0.11237619502937019,0.16027571065580049,0.2620042534578168,0.34956017,0.45169389735330107
2026-05-04 18:00:00,0.09916754371114533,0.16027571065580049,0.25965254284478095,0.2768219,0.4512129650632632
2026-05-04 18:10:00,0.09743418457748913,0.16027571065580049,0.26266767161425997,0.2588839,0.4513455754923938
2026-05-04 18:20:00,0.06976522867600847,0.16027571065580049,0.2631231778731159,0.21084829,0.45165523161447035
2026-05-04 18:30:00,0.06852152950157225,0.16027571065580049,0.26031576444072413,0.24193384,0.4505150899090322
2026-05-04 18:40:00,0.07592231918587983,0.16027571065580049,0.25779961873036056,0.26942942,0.44928971954406854
2026-05-04 18:50:00,0.07911361091938938,0.16027571065580049,0.2599072561154341,0.31382743,0.4483536108518629
2026-05-04 19:00:00,0.05094423425812283,0.16027571065580049,0.26561465529094763,0.33777547,0.4490807554795195
2026-05-04 19:10:00,0.556425844722376,0.16027571065580049,0.2559705818081062,0.15930906,0.4482080768833859
2026-05-04 19:20:00,0.5558294777877316,0.16027571065580049,0.25819401233137024,0.17888701,0.4478682717928554
2026-05-04 19:30:00,0.5571833179201565,0.16027571065580049,0.25973744704005214,0.20904213,0.44771406462208013
2026-05-04 19:40:00,0.5640339537420126,0.16027571065580049,0.26238859093396066,0.1998465,0.4473621847435832
2026-05-04 19:50:00,0.5819776708060627,0.16027571065580049,0.2586633175512456,0.14720206,0.4469457425041775
2026-05-05 13:30:00,0.23822444718641458,0.16027571065580049,0.37775350576593536,0.65900934,0.5514827080364794
2026-05-05 13:40:00,0.2525765463672019,0.16027571065580049,0.32264007667017386,0.48272777,0.5268304962891708
2026-05-05 13:50:00,0.2474048456738321,0.16027571065580049,0.32656518843688626,0.41684422,0.5084337580539565
2026-05-05 14:00:00,0.23750232181201703,0.16027571065580049,0.3314394119549353,0.31145027,0.4961437719555553
2026-05-05 14:10:00,0.19070391438999643,0.16027571065580049,0.3395413183053606,0.23582447,0.49110394582910816
2026-05-05 14:20:00,0.10643112338300385,0.17996975566160284,0.28500550552789566,0.22514491,0.4888523645383656
2026-05-05 14:30:00,0.0655931576343282,0.17996975566160284,0.2796364559575681,0.23100804,0.4808710307530516
2026-05-05 14:40:00,0.0812704644173752,0.17996975566160284,0.2709387927169294,0.2700467,0.4722251220165491
2026-05-05 14:50:00,0.06289642354459116,0.17996975566160284,0.2745188634760008,0.22107601,0.466876149301607
2026-05-05 15:00:00,0.06992877461174586,0.17996975566160284,0.26354676117647335,0.200038,0.4618201433563241
2026-05-05 15:10:00,0.09422094718366532,0.17996975566160284,0.24827272821017707,0.19179103,0.4577944329609717
2026-05-05 15:20:00,0.09392452876451304,0.17996975566160284,0.24253065427846596,0.13239641,0.45481855347039807
2026-05-05 15:30:00,0.08051436346619249,0.17996975566160284,0.2486082434946701,0.12880175,0.45338261653156126
2026-05-05 15:40:00,0.07902406682100846,0.17996975566160284,0.2434681327041897,0.09943572,0.4516972834468848
2026-05-05 15:50:00,0.07335524272747024,0.17996975566160284,0.2458126265613622,0.1362992,0.4507457625330663
2026-05-05 16:00:00,0.04135352541925393,0.17996975566160284,0.25204141334321567,0.1610429,0.4509759581952362
2026-05-05 16:10:00,0.051536908028894185,0.17996975566160284,0.2469265042572545,0.19430706,0.44967552232256613
2026-05-05 16:20:00,0.06973890090972086,0.17996975566160284,0.24363347195225907,0.15400404,0.448642681237929
2026-05-05 16:30:00,0.07697245384465487,0.17996975566160284,0.2455194345003143,0.14953269,0.44805437070838866
2026-05-05 16:40:00,0.07256460400126674,0.17996975566160284,0.24504213586879042,0.13542265,0.4476903116730022
2026-05-05 16:50:00,0.07091620772945388,0.17996975566160284,0.23917024791480723,0.11100717,0.44729782851658756
2026-05-05 17:00:00,0.06449155285264843,0.17996975566160284,0.24218433779157528,0.18318984,0.4472810467809086
2026-05-05 17:10:00,0.054391806450751534,0.17996975566160284,0.2632827620391117,0.18697594,0.4476908330742328
2026-05-05 17:20:00,0.05098137680352411,0.17996975566160284,0.26355718550231066,0.17617932,0.4477461932930262
2026-05-05 17:30:00,0.05072367708557834,0.17996975566160284,0.25962230578935797,0.15890285,0.4472085494589411
2026-05-05 17:40:00,0.06810283973340223,0.17996975566160284,0.260714130750644,0.15463276,0.446847147301263
2026-05-05 17:50:00,0.07580284549710326,0.17996975566160284,0.26207248110893766,0.14629816,0.4466121896338304
2026-05-05 18:00:00,0.06970950620492446,0.17996975566160284,0.2651590406164221,0.2670655,0.4467333695237629
2026-05-05 18:10:00,0.08194962472808962,0.17996975566160284,0.26584067256863864,0.2927586,0.4468935561389107
2026-05-05 18:20:00,0.08484669813886057,0.17996975566160284,0.2625003878601345,0.23592961,0.4465604470380607
2026-05-05 18:30:00,0.07405006532870793,0.17996975566160284,0.2700790874800344,0.25439247,0.4471502669665264
2026-05-05 18:40:00,0.06461465151935812,0.17996975566160284,0.27014687778438595,0.24655826,0.4472614899334644
2026-05-05 18:50:00,0.07447893810360211,0.17996975566160284,0.26654909046698083,0.19857092,0.44688068329715985
2026-05-05 19:00:00,0.11376002805098004,0.17996975566160284,0.27255997661843867,0.24445124,0.44771103016358055
2026-05-05 19:10:00,0.7435513006502317,0.17996975566160284,0.26995518444330135,0.2754308,0.44735641039587754
2026-05-05 19:20:00,0.7432234017301319,0.17996975566160284,0.26824971300216355,0.26509997,0.44709109128382735
2026-05-05 19:30:00,0.7473075555193078,0.17996975566160284,0.2652961853582515,0.1764728,0.4467182628427955
2026-05-05 19:40:00,0.7464329919217022,0.17996975566160284,0.2707194363469242,0.24655826,0.44699781106659187
2026-05-05 19:50:00,0.7394067818815006,0.17996975566160284,0.2818569816771811,0.30771956,0.450604507872154
2026-05-06 13:30:00,0.08820242184040458,0.17996975566160284,0.4189388278291809,0.50745314,0.6214121188733391
2026-05-06 13:40:00,0.18883957096090823,0.17996975566160284,0.344028243940524,0.5290417,0.5820722078380351
2026-05-06 13:50:00,0.18760344722332248,0.17996975566160284,0.3524697611112051,0.5037864,0.552716889255334
2026-05-06 14:00:00,0.19346236042501946,0.17996975566160284,0.3457627858721131,0.5324337,0.5277953377381683
2026-05-06 14:10:00,0.19747508891248414,0.17996975566160284,0.3434073702949664,0.52153474,0.5083025833998254
2026-05-06 14:20:00,0.19888911267887718,0.1899413149893914,0.24193492862040855,0.18968652,0.4937334004408056
2026-05-06 14:30:00,0.10950559977653451,0.1899413149893914,0.27044390213603486,0.31092203,0.4917940981607583
2026-05-06 14:40:00,0.11282800943354845,0.1899413149893914,0.26071334690726305,0.19917208,0.4825495932768233
2026-05-06 14:50:00,0.10205290184430317,0.1899413149893914,0.25894009109954513,0.22619632,0.47436023752226886
2026-05-06 15:00:00,0.09484629471857281,0.1899413149893914,0.2585714160926771,0.2387512,0.4678342654875545
2026-05-06 15:10:00,0.08345798865811051,0.1899413149893914,0.25932256298218875,0.2236877,0.4630649984517663
2026-05-06 15:20:00,0.086450666975657,0.1899413149893914,0.24211863455925262,0.18251616,0.45882933548501115
2026-05-06 15:30:00,0.03426078638115077,0.1899413149893914,0.2487864303418415,0.1653161,0.45790440920908193
2026-05-06 15:40:00,0.035429818635499745,0.1899413149893914,0.24001181232545052,0.17887165,0.4548617435060847
2026-05-06 15:50:00,0.05603336998685108,0.1899413149893914,0.23909540233501367,0.21669804,0.45259106830593265
2026-05-06 16:00:00,0.07413362406283101,0.1899413149893914,0.23614341483766896,0.1721914,0.45082927789815797
2026-05-06 16:10:00,0.09524167706088493,0.1899413149893914,0.2394824623812666,0.16654779,0.44981914104494497
2026-05-06 16:20:00,0.09594668182071116,0.1899413149893914,0.22910965233737593,0.1291751,0.44878434718005455
2026-05-06 16:30:00,0.09594810878647926,0.1899413149893914,0.22972469876772703,0.17273505,0.4480452329021078
2026-05-06 16:40:00,0.08471969875870804,0.1899413149893914,0.2361964494654048,0.16273949,0.448195885753595
2026-05-06 16:50:00,0.07512145126137482,0.1899413149893914,0.23944463201782534,0.17292531,0.44843084853818954
2026-05-06 17:00:00,0.04957676725855187,0.1899413149893914,0.24485977898203398,0.18165901,0.44938136664786504
2026-05-06 17:10:00,0.07017276877571846,0.1899413149893914,0.26588531545885097,0.20399582,0.44850755897853234
2026-05-06 17:20:00,0.08618216322538319,0.1899413149893914,0.2657267751668248,0.22690439,0.44783806800478965
2026-05-06 17:30:00,0.08886073632038521,0.1899413149893914,0.2634132359608677,0.17633052,0.44726855208752836
2026-05-06 17:40:00,0.08655210090163659,0.1899413149893914,0.2644410448121943,0.17734702,0.4471535604228182
2026-05-06 17:50:00,0.09079383966580823,0.1899413149893914,0.26081316426456425,0.23331022,0.4472162024921494
2026-05-06 18:00:00,0.07550984701841992,0.1899413149893914,0.26575621763873236,0.20032507,0.4478264037372142
2026-05-06 18:10:00,0.09460120265341102,0.1899413149893914,0.27120566728014983,0.2793934,0.44828102286880617
2026-05-06 18:20:00,0.09839295104419266,0.1899413149893914,0.2692820388057427,0.29085067,0.44777872726557466
2026-05-06 18:30:00,0.09685620520133988,0.1899413149893914,0.26905756736812225,0.26647955,0.4473808710941615
2026-05-06 18:40:00,0.08740621690232146,0.1899413149893914,0.27211755071782484,0.27019578,0.4476726836880399
2026-05-06 18:50:00,0.09403336946093743,0.1899413149893914,0.2666592153774929,0.21881978,0.44719941358785864
2026-05-06 19:00:00,0.054733766666017404,0.1899413149893914,0.275539218476668,0.24902876,0.44904738894046337
2026-05-06 19:10:00,0.10804993389735995,0.1899413149893914,0.27258197124249967,0.32795602,0.44863062231703504
2026-05-06 19:20:00,0.15799710122111527,0.1899413149893914,0.26990088369622217,0.23110583,0.4479043364700979
2026-05-06 19:30:00,0.16217317731166841,0.1899413149893914,0.26877911998076226,0.23568514,0.4474008887072444
2026-05-06 19:40:00,0.18809198524465892,0.1899413149893914,0.27187275228994484,0.2786669,0.4474543339433636
2026-05-06 19:50:00,0.18868157170756078,0.1899413149893914,0.26285174583087656,0.2005754,0.44701317714736877
2026-05-07 13:30:00,0.16036038319604018,0.1899413149893914,0.2792928658960182,0.2866474,0.45040606273808736
2026-05-07 13:40:00,0.14020766816188585,0.1899413149893914,0.2874779499425509,0.328686,0.45424904029824253
2026-05-07 13:50:00,0.13463327877282794,0.1899413149893914,0.28043608541292253,0.3030014,0.4526620617643665
2026-05-07 14:00:00,0.14615827587568045,0.1899413149893914,0.29014797796985453,0.25502378,0.45480879354583287
2026-05-07 14:10:00,0.15692171961857976,0.1899413149893914,0.282067713224592,0.23474665,0.4526121284946829
2026-05-07 14:20:00,0.16084855839133175,0.17619613435836398,0.27584970819331506,0.28240463,0.45084507978674426
2026-05-07 14:30:00,0.15043498608607658,0.17619383662370833,0.2804481360196208,0.24693453,0.45229731417444247
2026-05-07 14:40:00,0.15656169395455743,0.1761935037088532,0.27136616547709447,0.2371389,0.4506192866132241
2026-05-07 14:50:00,0.11718680783801812,0.17619501849973349,0.28336037830788185,0.22989064,0.4545049750500417
2026-05-07 15:00:00,0.15399463611286868,0.17619186770265213,0.27906921932952283,0.31074312,0.4536114958807928
2026-05-07 15:10:00,0.17205145820723716,0.17619125201256403,0.2773440540401879,0.2865855,0.45206618916312474
2026-05-07 15:20:00,0.2580424652152117,0.1761915022897662,0.27846094871693733,0.18831377,0.45198674720609766
2026-05-07 15:30:00,0.32563512643532116,0.17619128259606434,0.2772468257222277,0.32547218,0.4510975854844816
2026-05-07 15:40:00,0.33160218004478514,0.17619075827867564,0.2716871792169971,0.16409385,0.4508018623277618
2026-05-07 15:50:00,0.3122115643511204,0.176191188999153,0.28304236596540566,0.22708142,0.45459872565696186
2026-05-07 16:00:00,0.30763028149277144,0.1761911431336688,0.2821452633277437,0.21503513,0.45501805128686434
2026-05-07 16:10:00,0.23218475224081359,0.17619214833980695,0.3055234850951083,0.21738513,0.4678710118645385
2026-05-07 16:20:00,0.15651846800406896,0.17617913567136442,0.31396935068122384,0.26115304,0.47735114287155
2026-05-07 16:30:00,0.1683884512369958,0.17616852583691192,0.3022289781059364,0.30367273,0.47199967973671275
2026-05-07 16:40:00,0.1962703272237697,0.17616822255430245,0.2939752999916275,0.36656213,0.4658637398177523
2026-05-07 16:50:00,0.21851219912723685,0.17617067791625043,0.2964044264210738,0.37055445,0.46241300528634033
2026-05-07 17:00:00,0.27016502537892534,0.17616883911799994,0.27946366997010075,0.24915704,0.45835620814502903
2026-05-07 17:10:00,0.2519119896163353,0.17616872269848918,0.2763008234220641,0.3624397,0.45961667491137637
2026-05-07 17:20:00,0.23895090912858197,0.17616832138715827,0.277762761966053,0.35416314,0.46008148429276
2026-05-07 17:30:00,0.22695898602288891,0.17616438211403146,0.2819948933683815,0.26034158,0.46064076122907655
2026-05-07 17:40:00,0.19553757610247602,0.17616165338352915,0.28646213129622067,0.40354735,0.46190162606008683
2026-05-07 17:50:00,0.19953998630513536,0.17615433694194657,0.2978914052644547,0.5567919,0.4672716866415688
2026-05-07 18:00:00,0.23226132494496826,0.17615054001245797,0.2835259692244067,0.42175797,0.4627834565043924
2026-05-07 18:10:00,0.22501158383131634,0.17614881327487544,0.28326233958742203,0.471141,0.4600976318537932
2026-05-07 18:20:00,0.2160143665943091,0.1761477567927447,0.28200358452702695,0.43773618,0.45858057564127014
2026-05-07 18:30:00,0.21596616305759087,0.17614695067219896,0.27157927087193723,0.32390717,0.45542409982036036
2026-05-07 18:40:00,0.1764507919593184,0.1761468134077374,0.2861821976241297,0.32741535,0.46307595470180113
2026-05-07 18:50:00,0.12125835181209181,0.17613752571278818,0.28701074253678216,0.51576835,0.46483029091260014
2026-05-07 19:00:00,0.12810882447832145,0.17613566943061007,0.2760947816819555,0.32816482,0.46041192993640284
2026-05-07 19:10:00,0.47138460858567477,0.17613556792197024,0.2756277752483808,0.31574863,0.4573397072164026
2026-05-07 19:20:00,0.4951420280962306,0.17613536193283838,0.27310501879743887,0.313897,0.45448241699037606
2026-05-07 19:30:00,0.48980019129766306,0.17613599979060837,0.27628754655160653,0.29356587,0.456631087442937
2026-05-07 19:40:00,0.48986661324440517,0.17613326581880537,0.2578248365553119,0.21528582,0.453909090874966
2026-05-07 19:50:00,0.4894162438350862,0.17613376618491994,0.2651555620480422,0.29977465,0.4528352146122446
2026-05-08 13:30:00,0.1794456295083421,0.17615118243233427,0.35388314422914885,0.46656784,0.523591901638132
2026-05-08 13:40:00,0.0970897115597399,0.17611917649642525,0.3261702306362196,0.26518157,0.5128085373495203
2026-05-08 13:50:00,0.06376432703946636,0.17611804254765126,0.31774274062661556,0.37130424,0.4988987041842222
2026-05-08 14:00:00,0.06474951360483008,0.17611847136086953,0.31113993069726414,0.37058237,0.48605776749496676
2026-05-08 14:10:00,0.06233893615315898,0.17611837959063162,0.31444743736446507,0.31493682,0.4769724299540531
2026-05-08 14:20:00,0.07615052988641208,0.18104472823059084,0.2612239399552828,0.23974402,0.4692997965635244
2026-05-08 14:30:00,0.10087854096511056,0.1810446191885938,0.2491616136117469,0.15056296,0.4635778362993903
2026-05-08 14:40:00,0.10793586546086406,0.181044715095615,0.24544126407988884,0.12762323,0.45949276862956684
2026-05-08 14:50:00,0.10959125498447811,0.18104459288292535,0.24463967871907563,0.12801173,0.4561347640113063
2026-05-08 15:00:00,0.10390200946738448,0.18104464213247148,0.2479820360066532,0.24208066,0.4542238139856126
2026-05-08 15:10:00,0.1057431553416156,0.1810446155591648,0.2503566591617255,0.25476947,0.4528315498103189
2026-05-08 15:20:00,0.07996152022639925,0.18104460895976596,0.256758128265625,0.33355147,0.4528167400775092
2026-05-08 15:30:00,0.07281117967181214,0.18104453305487508,0.2561135105366963,0.25504825,0.45195469268401156
2026-05-08 15:40:00,0.0722912714065349,0.18104454615407375,0.25387373209080194,0.26235977,0.45060497412051487
2026-05-08 15:50:00,0.06767077020987143,0.18104457821464529,0.25428209183803646,0.17073183,0.44961798473243
2026-05-08 16:00:00,0.06921534637189387,0.18104438997627734,0.257518801391276,0.17002206,0.44952813263991453
2026-05-08 16:10:00,0.09049409454002592,0.18104482811308162,0.24857017214029387,0.14334406,0.44853314825899837
2026-05-08 16:20:00,0.08531964165759867,0.18104451724345483,0.2510816035979825,0.14314903,0.4483345636447417
2026-05-08 16:30:00,0.08494008298134886,0.18104462558443218,0.24959878096389618,0.13916117,0.4478642352918244
2026-05-08 16:40:00,0.09010266971564065,0.18104457947663774,0.24789055904096025,0.1241139,0.44731952440250516
2026-05-08 16:50:00,0.07859091419335952,0.18104470194940422,0.2523041204332869,0.15426946,0.4478909104700463
2026-05-08 17:00:00,0.05351609248571506,0.18104447168482715,0.25639848662996617,0.16034593,0.44860017478798075
2026-05-08 17:10:00,0.056068567882082324,0.1810445115949701,0.265641573044558,0.22463436,0.44803869683552244
2026-05-08 17:20:00,0.06975403606478661,0.18104471382103807,0.2682181008630082,0.28801006,0.44761820295563004
2026-05-08 17:30:00,0.062286209482552535,0.18104455177333,0.2706672094124163,0.27706334,0.44747975480733143
2026-05-08 17:40:00,0.06496676101237882,0.18104481415289583,0.2682475069020252,0.23120633,0.4472710301437681
2026-05-08 17:50:00,0.0974441377737087,0.18104459531901343,0.2627491890321083,0.2005754,0.4468756718405511
2026-05-08 18:00:00,0.12112430541378837,0.18104466955794143,0.2649982297639079,0.21202475,0.44685507999450846
2026-05-08 18:10:00,0.12774282085942557,0.18104451519596376,0.2688779162815016,0.2662549,0.4473893165083743
2026-05-08 18:20:00,0.13425111367086764,0.18104465152671842,0.26326518994548503,0.19111882,0.4469326406505717
2026-05-08 18:30:00,0.1471779538049381,0.1810445058313884,0.2666268781957585,0.24012679,0.44699195363182637
2026-05-08 18:40:00,0.14331540503814028,0.18104482875774203,0.2755477472014455,0.24569264,0.4486754002835205
2026-05-08 18:50:00,0.12111965978547964,0.18104467806495642,0.2792783363345811,0.24737221,0.4501656490591178
2026-05-08 19:00:00,0.11301743326583345,0.1810445337177971,0.27894314310696294,0.31595793,0.4504875817139067
