timestamp,y_true,SIG,HAR_RV,XGBOOST,GARCH
2023-12-08 15:30:00,0.2081924559048396,0.4662385243020936,0.5260487595194627,0.5373388,0.809749082743584
2023-12-08 16:30:00,0.20716082507936123,0.4662385243020936,0.535048421759935,0.5192807,0.7949557069985249
2023-12-08 17:30:00,0.16300490386762834,0.4662385243020936,0.5311026458125998,0.5001222,0.7866313129986483
2023-12-08 18:30:00,0.13248992661877557,0.4662385243020936,0.5333038196198214,0.58972186,0.7765973568581308
2023-12-08 19:30:00,0.19221562014917368,0.4662385243020936,0.5294325402222818,0.51119214,0.767096867493109
2023-12-08 20:30:00,0.19479159173885488,0.4662385243020936,0.5281951796798283,0.74347556,0.7564241388807836
2023-12-11 14:30:00,0.20199346200312995,0.4662385243020936,0.5297936620368735,0.6690049,0.7460631936154342
2023-12-11 15:30:00,0.21991718101985425,0.4662385243020936,0.5260255197546719,0.7175704,0.7376452269061347
2023-12-11 16:30:00,0.2159790714782075,0.4662385243020936,0.5258018274824928,0.41113967,0.7294644209188741
2023-12-11 17:30:00,0.16732407502496255,0.4662385243020936,0.522681127552152,0.5565084,0.7298551604890594
2023-12-11 18:30:00,0.172592359481662,0.4662385243020936,0.5275198312386221,0.6168779,0.7227874158912067
2023-12-11 19:30:00,0.16423069284549158,0.4662385243020936,0.5275982256240502,0.54049534,0.7162605040751229
2023-12-11 20:30:00,0.14864096307311367,0.4662385243020936,0.5250808650464011,0.609423,0.7127906960320447
2023-12-12 14:30:00,0.2339772859654322,0.4662385243020936,0.5287147103002093,0.5556764,0.7063661420749032
2023-12-12 15:30:00,0.21112785235428083,0.4662385243020936,0.5049942492865946,0.5223911,0.7035725620802356
2023-12-12 16:30:00,0.24681909042480582,0.4662385243020936,0.5048654900270931,0.45226347,0.6994757226686863
2023-12-12 17:30:00,0.24686633616634035,0.4662385243020936,0.5038037282171405,0.49024165,0.6942676006733839
2023-12-12 18:30:00,0.2457537071293656,0.4662385243020936,0.50075175225207,0.57559246,0.6914509810843162
2023-12-12 19:30:00,0.18236322171963085,0.4662385243020936,0.4997506414249922,0.53320843,0.6969105496683937
2023-12-12 20:30:00,0.725187384322882,0.4662385243020936,0.505647533371769,0.4383184,0.6919572571758005
2023-12-13 14:30:00,0.7718916123714764,0.4662385243020936,0.5022130893643041,0.39292854,0.6939280104242758
2023-12-13 15:30:00,0.8415111645482799,0.4662385243020936,0.5005193931609597,0.32292867,0.689246041577898
2023-12-13 16:30:00,0.9244920122448855,0.4662385243020936,0.4938998552791509,0.34139988,0.6867472716825768
2023-12-13 17:30:00,0.9243919534762618,0.4662385243020936,0.49246804774885583,0.4013646,0.6844431370791493
2023-12-13 18:30:00,0.6639993128211552,0.4662385243020936,0.5054926863676885,0.60523176,0.8185478523014665
2023-12-13 19:30:00,0.781841792603219,0.4662385243020936,0.5263845372183185,0.35950872,0.8264194767192583
2023-12-13 20:30:00,0.7100562802275389,0.4662385243020936,0.5305645180881791,0.3991043,0.8387383290692683
2023-12-14 14:30:00,0.5960923894837494,0.4662385243020936,0.5354761018001484,0.64964336,0.8594722846521933
2023-12-14 15:30:00,0.6020403062537544,0.4662385243020936,0.548767862659274,0.68360054,0.8418720184383515
2023-12-14 16:30:00,0.672965641505044,0.4662385243020936,0.5348444315538354,0.6845978,0.8442311675646523
2023-12-14 17:30:00,0.4409612237962182,0.4662385243020936,0.5359458817592074,0.6376174,0.8904479578660097
2023-12-14 18:30:00,0.43487891390817085,0.4662385243020936,0.5514296084461651,0.6720754,0.8703327093162364
2023-12-14 19:30:00,0.4442569543047141,0.43949172809453374,0.5486951898923982,0.6543505,0.851369382299448
2023-12-14 20:30:00,0.5113997614462763,0.43949172809453374,0.5469267534966743,0.668487,0.836219036366801
2023-12-15 14:30:00,0.3605122284097923,0.43949172809453374,0.5406365292953148,0.5107601,0.8614719034595942
2023-12-15 15:30:00,0.3559881278786917,0.43949172809453374,0.5486786406674744,0.4726576,0.8431623794017188
2023-12-15 16:30:00,0.625422480976859,0.43949172809453374,0.5503626346555804,0.49609149,0.8255098009578654
2023-12-15 17:30:00,0.6172545392543884,0.43949172809453374,0.5465635186561922,0.63604754,0.8123287343482117
2023-12-15 18:30:00,0.5618271180500168,0.43949172809453374,0.5434142563021992,0.69434786,0.8171474190671689
2023-12-15 19:30:00,0.5269247744906815,0.43949172809453374,0.5431971663411593,0.56000984,0.8115114972330876
2023-12-15 20:30:00,0.5269580056005801,0.43949172809453374,0.5500603154271562,0.42219782,0.7964533858230931
2023-12-18 14:30:00,0.12484567454224885,0.43949172809453374,0.5430659324261922,0.6250884,0.8505851220825018
2023-12-18 15:30:00,0.18953878791197146,0.43949172809453374,0.5620591299460124,0.6241767,0.832733251748486
2023-12-18 16:30:00,0.4193574871768033,0.43949172809453374,0.5579341591986483,0.55647296,0.8188511161808187
2023-12-18 17:30:00,0.42767440441205656,0.43949172809453374,0.5608758934140874,0.5435996,0.8031901151909623
2023-12-18 18:30:00,0.4356076987969878,0.43949172809453374,0.5607062476237825,0.5791087,0.7888344547769298
2023-12-18 19:30:00,0.4335604803941607,0.43949172809453374,0.5353497012892565,0.61407316,0.7763029944467527
2023-12-18 20:30:00,0.41446246414587407,0.43949172809453374,0.5312259342799415,0.44186586,0.7702045273524848
2023-12-19 14:30:00,0.14587610884092117,0.43949172809453374,0.5289710027062063,0.4608638,0.7993925876033373
2023-12-19 15:30:00,0.1783019466505335,0.43949172809453374,0.5378282443729521,0.46986648,0.7872296922004528
2023-12-19 16:30:00,0.17062958963872976,0.43949172809453374,0.5381443116436473,0.47950122,0.7760722602558111
2023-12-19 17:30:00,0.1727166346824278,0.43949172809453374,0.5382445703382769,0.7360399,0.7641499985205038
2023-12-19 18:30:00,0.15888840222351366,0.43949172809453374,0.5274168925351428,0.33860013,0.7546987710695647
2023-12-19 19:30:00,0.15767686100540726,0.43949172809453374,0.5213730413639375,0.62500393,0.7447131130484901
2023-12-19 20:30:00,0.2268322409783906,0.43949172809453374,0.5185102640257614,0.4568569,0.7403739545839805
2023-12-20 14:30:00,1.1420180306786112,0.43949172809453374,0.5208045086385429,0.44442055,0.7326291798433228
2023-12-20 15:30:00,1.1746708838072843,0.43949172809453374,0.5159951563233939,0.7084107,0.7247327285123565
2023-12-20 16:30:00,1.356531219455589,0.43949172809453374,0.5155859064270226,0.7976702,0.7175145978974442
2023-12-20 17:30:00,1.3582682283092202,0.43949172809453374,0.5160763702276756,0.8038102,0.7107516829691661
2023-12-20 18:30:00,1.4056855856011734,0.43949172809453374,0.5115072267097194,0.7103035,0.7175127978106725
2023-12-20 19:30:00,0.8560884462497207,0.43949172809453374,0.5334596757799313,0.35434806,1.0160774200836178
2023-12-20 20:30:00,0.817544647219692,0.43949172809453374,0.5703096980851357,0.4215554,1.0015390019440307
2023-12-21 14:30:00,0.529252839516395,0.43949172809453374,0.5685990902807521,0.5208472,1.066790303749802
2023-12-21 15:30:00,0.5506727752114762,0.43949172809453374,0.5885503952117694,0.5483093,1.0334600069643631
2023-12-21 16:30:00,0.6303969029260655,0.43949172809453374,0.5791336008282286,0.50085014,1.0374982142011653
2023-12-21 17:30:00,0.6395887115963659,0.43949172809453374,0.5756677073411188,0.6954741,1.0080846361514049
2023-12-21 18:30:00,0.6327476549027233,0.43949172809453374,0.5750685425977208,0.5139761,0.9805363103216546
2023-12-21 19:30:00,0.581590110903434,0.4109666711269052,0.5615399900589281,0.7602201,0.9683255416810461
2023-12-21 20:30:00,0.770294308304853,0.4109666711269052,0.5669250687483292,0.6266583,0.9473106330994067
2023-12-22 14:30:00,0.6923704309990475,0.4109666711269052,0.5594554346981183,0.7766338,0.9809866042995742
2023-12-22 15:30:00,0.6770962105985441,0.4109666711269052,0.5722328433268506,0.75134856,0.9583693752891917
2023-12-22 16:30:00,0.7236284306785785,0.4109666711269052,0.5760756660998698,0.7542985,0.9326374673671943
2023-12-22 17:30:00,0.7163196977460622,0.4109666711269052,0.5728298269355497,0.6978429,0.9105560726664463
2023-12-22 18:30:00,0.4839553988481231,0.4109666711269052,0.5659016457188797,0.6344252,0.9522363499786319
2023-12-22 19:30:00,0.28518382739257797,0.4109666711269052,0.5720671968520612,0.6338274,0.9606926264252625
2023-12-22 20:30:00,0.2804355949172636,0.4109666711269052,0.5852129095289079,0.68138283,0.9350030777043442
2023-12-26 14:30:00,0.17276469896632762,0.4109666711269052,0.5794241117077984,0.74307084,0.9259293476296107
2023-12-26 15:30:00,0.21375679689282298,0.4109666711269052,0.5890406165190892,0.7334315,0.9019288181969191
2023-12-26 16:30:00,0.20529466201726598,0.4109666711269052,0.5805428818303976,0.653693,0.8807111181867435
2023-12-26 17:30:00,0.20685701177931043,0.4109666711269052,0.5754718776465725,0.47156495,0.8606902559996721
2023-12-26 18:30:00,0.21638013349204008,0.4109666711269052,0.5756029034181098,0.52060574,0.8421255691907745
2023-12-26 19:30:00,0.1837267306394166,0.4109666711269052,0.568020325434018,0.39729542,0.8296505583471104
2023-12-26 20:30:00,0.1600779607468329,0.4109666711269052,0.5448569148702367,0.33545274,0.8173135198240801
2023-12-27 14:30:00,0.16055882616097936,0.4109666711269052,0.5468387968145437,0.30239493,0.802020781621613
2023-12-27 15:30:00,0.23573412129905325,0.4109666711269052,0.5340557861405847,0.5350302,0.7885966312228399
2023-12-27 16:30:00,0.27355151684423096,0.4109666711269052,0.5334839895565616,0.53221124,0.7770804040743735
2023-12-27 17:30:00,0.2741124961183057,0.4109666711269052,0.5273870814228208,0.6276934,0.7668432536822017
2023-12-27 18:30:00,0.25870666904068407,0.4109666711269052,0.5262330761851481,0.7929142,0.7578558062697596
2023-12-27 19:30:00,0.25803449359287345,0.4109666711269052,0.5282793482852609,0.8296098,0.7476708236766585
2023-12-27 20:30:00,0.1943911843826032,0.4109666711269052,0.5230922545555998,0.61213523,0.7473835982235013
2023-12-28 14:30:00,0.1461955198040845,0.4109666711269052,0.5250372237253813,0.4434322,0.7449586332621078
2023-12-28 15:30:00,0.1278106628576547,0.4109666711269052,0.5192761572497209,0.4488395,0.7376828320172516
2023-12-28 16:30:00,0.12766212570443436,0.4109666711269052,0.5210500834402679,0.45714137,0.7289826578882477
2023-12-28 17:30:00,0.5928141738828101,0.4109666711269052,0.5201433968643979,0.473561,0.7212691432987509
2023-12-28 18:30:00,0.594126149115051,0.4109666711269052,0.5165110739256326,0.5683272,0.7152593192565443
2023-12-28 19:30:00,0.617210141988876,0.4109666711269052,0.5021900329992957,0.58388084,0.711187655813966
2023-12-28 20:30:00,0.6261317747260661,0.4109666711269052,0.4950662798065161,0.4558446,0.7055524269710944
2023-12-29 14:30:00,0.6446437089642477,0.4109666711269052,0.4964624958262678,0.45652616,0.6997608394872585
2023-12-29 15:30:00,0.29632508436314686,0.4109666711269052,0.5000811113649002,0.62756974,0.7894790263203266
2023-12-29 16:30:00,0.8103977871035429,0.4109666711269052,0.5212522965519253,0.54150075,0.7778126263291887
2023-12-29 17:30:00,0.7965337272878209,0.4109666711269052,0.5184829274468717,0.62419164,0.7756146388728723
2023-12-29 18:30:00,0.7997938397662098,0.4109666711269052,0.5223553534242605,0.5940785,0.7672482951351831
2023-12-29 19:30:00,0.7877287852442554,0.4249443703408152,0.5222128579825734,0.49555406,0.7624404464383768
2023-12-29 20:30:00,0.7997791934850649,0.4249443703408152,0.5142087801858739,0.5541049,0.7538124018076824
2024-01-02 14:30:00,0.3275419292485243,0.4249443703408152,0.5203956285765274,0.52071464,0.8911691944234742
2024-01-02 15:30:00,0.470147095305552,0.4249443703408152,0.5468456734264896,0.53886646,0.8732129497753884
2024-01-02 16:30:00,0.7971955681757956,0.4249443703408152,0.546728943113644,0.5939451,0.8577203379517416
2024-01-02 17:30:00,0.7956730215495955,0.4249443703408152,0.5492355476300188,0.5642984,0.839994807577547
2024-01-02 18:30:00,0.7788173271627246,0.4249443703408152,0.5460632358331978,0.5198318,0.829523074411572
2024-01-02 19:30:00,0.7679029873286152,0.4249443703408152,0.5315929451123929,0.518534,0.8238246314029526
2024-01-02 20:30:00,0.6914773558318339,0.4249443703408152,0.5328730916055499,0.5229074,0.8404089097331897
2024-01-03 14:30:00,0.41562957884462914,0.4249443703408152,0.5398500261723118,0.55841196,0.9268288206813117
2024-01-03 15:30:00,0.42839121423386,0.4249443703408152,0.5647294875007085,0.4777073,0.9030882429835495
2024-01-03 16:30:00,0.48104310171910364,0.4249443703408152,0.5647917399152131,0.5365972,0.8808813256533798
2024-01-03 17:30:00,0.4912807010649005,0.4249443703408152,0.559589883016243,0.5278118,0.8664078106273438
2024-01-03 18:30:00,0.5229662031625392,0.4249443703408152,0.5589813315901635,0.5820743,0.851037345456207
2024-01-03 19:30:00,0.3867731547246231,0.4249443703408152,0.5443066320203839,0.39960817,0.86431837459673
2024-01-03 20:30:00,0.40216560675683893,0.4249443703408152,0.5549102062167574,0.5076225,0.8481268363284103
2024-01-04 14:30:00,0.34277127669315643,0.4249443703408152,0.5530053966490067,0.5693843,0.842270635488167
2024-01-04 15:30:00,0.35732605174221455,0.4249443703408152,0.5554236438940664,0.6829283,0.8336429069230459
2024-01-04 16:30:00,0.5508151886447223,0.4249443703408152,0.5484488443362735,0.6312732,0.8292271395997951
2024-01-04 17:30:00,0.5529309095311098,0.4249443703408152,0.5510594713116698,0.4947792,0.8136796814686031
2024-01-04 18:30:00,0.6474345910153978,0.4249443703408152,0.5472341091805076,0.5003341,0.8049473582221828
2024-01-04 19:30:00,0.6521419479322219,0.4249443703408152,0.5490886552155837,0.37865248,0.7915890971294405
2024-01-04 20:30:00,0.6207000510938804,0.4249443703408152,0.5439244690756345,0.47420156,0.7903861842727424
2024-01-05 14:30:00,0.48534336030590286,0.4249443703408152,0.5437158505842425,0.47420493,0.8355381285932634
2024-01-05 15:30:00,0.5272217182188181,0.4249443703408152,0.5463852546846261,0.5895585,0.8200671816093362
2024-01-05 16:30:00,0.5654066917923414,0.4249443703408152,0.5401799199749681,0.51634616,0.8396023199044118
2024-01-05 17:30:00,0.5645651347793472,0.4249443703408152,0.5512940788643724,0.6171025,0.8249078135298009
2024-01-05 18:30:00,0.563707377937837,0.4249443703408152,0.5515629335284836,0.67762613,0.8101796370770735
2024-01-05 19:30:00,0.5117092202289956,0.4249443703408152,0.5405715115838572,0.52484894,0.8147496945161188
2024-01-05 20:30:00,0.5716034660392355,0.4249443703408152,0.5441637541474154,0.57226706,0.8120512498738436
2024-01-08 14:30:00,0.4097648899929794,0.4249443703408152,0.5380934708601367,0.4518921,0.8430090430452517
2024-01-08 15:30:00,0.4408749003449067,0.4249443703408152,0.5403172142977944,0.49632353,0.8277879277405404
2024-01-08 16:30:00,0.6156279771163125,0.4249443703408152,0.5416069620356208,0.5201687,0.812569327914765
2024-01-08 17:30:00,0.6225202461534991,0.4249443703408152,0.5377186204640948,0.60269725,0.8023981837231786
2024-01-08 18:30:00,0.5602528095300644,0.4249443703408152,0.5336896715083093,0.38679436,0.8177263054647185
2024-01-08 19:30:00,0.5485081176997445,0.4734921180471703,0.5370338577744235,0.42365262,0.8076787945891714
2024-01-08 20:30:00,0.516429134041563,0.4734921185034212,0.5335233644827222,0.48775727,0.802402518346878
2024-01-09 14:30:00,0.2810206874340554,0.47349211873595365,0.5333231125928535,0.5177613,0.8369558159565816
2024-01-09 15:30:00,0.22723286268843784,0.4734921184108245,0.5441268181376595,0.6042162,0.8268174763233295
2024-01-09 16:30:00,0.20968263901794928,0.4734921184512688,0.541042612252122,0.6022708,0.8207184907000413
2024-01-09 17:30:00,0.18979116042000982,0.4734921183840004,0.5441110146099792,0.4648077,0.8070273628298916
2024-01-09 18:30:00,0.1981731149309632,0.4734921183860558,0.5450941465194868,0.5039231,0.7928230903970162
2024-01-09 19:30:00,0.19794426988574013,0.47349211864332486,0.5377744005851083,0.5708236,0.7797246087474754
2024-01-09 20:30:00,0.3404098354040494,0.47349211950862297,0.5371011638193695,0.52493817,0.7673876883253785
2024-01-10 14:30:00,0.30134238120164836,0.47349211982774986,0.5293880255911458,0.56629235,0.7649133024756067
2024-01-10 15:30:00,0.3073907048011983,0.4734921198089577,0.5289757153846507,0.642674,0.753870732094214
2024-01-10 16:30:00,0.4375343826446242,0.4734921198352158,0.5269154075554842,0.6041313,0.745156424899798
2024-01-10 17:30:00,0.5993581320937291,0.4734921198351079,0.5239122371855907,0.51177657,0.73617464552642
2024-01-10 18:30:00,0.5318417442237072,0.4734921200263953,0.5202900958044667,0.37020734,0.749433668571664
2024-01-10 19:30:00,0.649396982228098,0.4734921199210312,0.527228602251078,0.6421099,0.741661910393664
2024-01-10 20:30:00,0.7059623654702326,0.47349211999541024,0.5259510708666468,0.48956412,0.733715900585909
2024-01-11 14:30:00,0.6307965980326657,0.4734921199080451,0.5208504823485474,0.40031645,0.7542904124395807
2024-01-11 15:30:00,0.48626823785720646,0.4734921200079109,0.5213925070177113,0.5514766,0.790371396974718
2024-01-11 16:30:00,0.48752286185800575,0.4734921199039252,0.5352464380386435,0.6233148,0.7772155261499953
2024-01-11 17:30:00,0.3031115987267294,0.47349211981572925,0.5282298482205356,0.5525493,0.8040529930873977
2024-01-11 18:30:00,0.1744125853916785,0.4734921197942075,0.5357900552211765,0.72168964,0.8107427141190227
2024-01-11 19:30:00,0.22592725431955074,0.47349211971662575,0.5403445306372433,0.6492946,0.7961537364664527
2024-01-11 20:30:00,0.21613301382912115,0.4734921200946505,0.5337116596236667,0.5531956,0.7844478713615791
2024-01-12 14:30:00,0.26040176036113627,0.47349212031972243,0.5345813572203875,0.5175501,0.7721275747232084
2024-01-12 15:30:00,0.27830483898983455,0.4734921204036182,0.5241213004264136,0.5362915,0.760412391468318
2024-01-12 16:30:00,0.28708327659089233,0.4734921205546658,0.514755335465121,0.5253403,0.755029274297951
2024-01-12 17:30:00,0.24549896893776138,0.4734921204830074,0.5151756683223755,0.49140745,0.7510015973811013
2024-01-12 18:30:00,0.39060720294817075,0.47349212058608925,0.5184645591367187,0.5307019,0.7420714772309955
2024-01-12 19:30:00,0.3813478953593258,0.47349212074884395,0.5166806549408951,0.43432048,0.7394682609980912
2024-01-12 20:30:00,0.47399139167527465,0.4734921207283303,0.5196757897531745,0.52358884,0.7333777983554092
2024-01-16 14:30:00,0.4577568636079118,0.47349212075672525,0.5184350409762315,0.41960502,0.7319878419077381
2024-01-16 15:30:00,0.495437724226211,0.47349212073311675,0.5221811595702229,0.46548706,0.7237911493868375
2024-01-16 16:30:00,0.760616757117606,0.4734921206884253,0.5172508265686151,0.2197769,0.7438311689495543
2024-01-16 17:30:00,0.7631292808952397,0.4734921205503991,0.5249836402625152,0.48537487,0.7390313328522774
2024-01-16 18:30:00,0.7324482740722652,0.4734921204550237,0.5233789688549959,0.39635548,0.7553224157788978
2024-01-16 19:30:00,0.7473335740424023,0.46625694256806266,0.5291297125295574,0.46233425,0.7475701146236876
2024-01-16 20:30:00,0.7314009402744762,0.46625694256806266,0.5272488730080875,0.5860863,0.7481270803698604
2024-01-17 14:30:00,0.33347155512033144,0.46625694256806266,0.5281962290711728,0.5072014,0.8516370911822161
2024-01-17 15:30:00,0.42418967153683385,0.4662569425680626,0.5474027499296666,0.48448485,0.838197226071631
2024-01-17 16:30:00,0.5428258511445323,0.4662569425680626,0.5400973093089213,0.81850743,0.8318800876720431
2024-01-17 17:30:00,0.5253018477315612,0.4662569425680626,0.5427241565328773,0.51023036,0.8230826436402211
2024-01-17 18:30:00,0.5630354686826463,0.4662569425680626,0.5409632631846119,0.738383,0.810278774105711
2024-01-17 19:30:00,0.5873266247480652,0.4662569425680626,0.5286717738954915,0.52198946,0.7966501653426696
2024-01-17 20:30:00,0.7925552806920724,0.4662569425680626,0.5246575456677306,0.48337242,0.80612956684672
2024-01-18 14:30:00,0.7055893759885786,0.4662569425680626,0.5283885762409729,0.43471676,0.8322898221390881
2024-01-18 15:30:00,0.6969174109939126,0.4662569425680626,0.5400653079605944,0.5449538,0.818672440507377
2024-01-18 16:30:00,0.7269018008481984,0.4662569425680626,0.537669775412528,0.42763907,0.8168642700911423
2024-01-18 17:30:00,0.7285212279097442,0.4662569425680626,0.5408172953741035,0.5104402,0.8099511230620438
2024-01-18 18:30:00,0.4125179447562211,0.4662569425680626,0.5380715160697692,0.7269629,0.8876409139385469
2024-01-18 19:30:00,0.5050319023850669,0.4662569425680626,0.5545388539551892,0.8372277,0.8730934287129618
2024-01-18 20:30:00,0.546722661295144,0.4662569425680626,0.5601037664479745,0.7259469,0.8530816520773559
2024-01-19 14:30:00,0.45162331223117735,0.4662569425680626,0.550697824136798,0.68923277,0.8584594454299156
2024-01-19 15:30:00,0.4143745904975441,0.4662569425680626,0.5560768504357659,0.68011993,0.8483670555030801
2024-01-19 16:30:00,0.5702801926841543,0.4662569425680626,0.5506127680721611,0.55613923,0.8330324055434267
2024-01-19 17:30:00,0.46543287878056977,0.4662569425680626,0.544108264720856,0.5689955,0.8445968973900856
2024-01-19 18:30:00,0.41663073240739057,0.4662569425680626,0.5511931459852795,0.5695179,0.8379105167306368
2024-01-19 19:30:00,0.4666228044108515,0.4662569425680626,0.5536063626313623,0.5305946,0.8209905036442351
2024-01-19 20:30:00,0.48662038173627353,0.4662569425680626,0.5515220252180245,0.47582358,0.8059508472830207
2024-01-22 14:30:00,0.2874978508315349,0.4662569425680626,0.544557835257547,0.5237107,0.8337897382390026
2024-01-22 15:30:00,0.3060781822111397,0.4662569425680626,0.5453203591508833,0.653317,0.8178717204864793
2024-01-22 16:30:00,0.3120462940914489,0.4662569425680626,0.5446930247887112,0.6065968,0.8025238817782223
2024-01-22 17:30:00,0.27929195137296303,0.4662569425680626,0.5386491925795343,0.64579976,0.800193062920839
2024-01-22 18:30:00,0.2388423580807431,0.4662569425680626,0.5416565431586041,0.5281847,0.7919663698735978
2024-01-22 19:30:00,0.24164342752563758,0.4662569425680626,0.537783622052014,0.6819084,0.7812898323580754
2024-01-22 20:30:00,0.20898291663813462,0.4662569425680626,0.537728023720526,0.62268054,0.7728062879235521
2024-01-23 14:30:00,0.262900045281218,0.4662569425680626,0.5378726206270854,0.48440856,0.7622836700516709
2024-01-23 15:30:00,0.21292509629595924,0.4662569425680626,0.5293262612832806,0.50995964,0.7586239130791536
2024-01-23 16:30:00,0.5802691239907678,0.4662569425680626,0.5330633749952369,0.7408363,0.7483967139279671
2024-01-23 17:30:00,0.57792784370912,0.4662569425680626,0.5288960669581618,1.0142195,0.742008598300371
2024-01-23 18:30:00,0.5824857002620879,0.4662569425680626,0.5309224306702311,0.6036937,0.7329396792706775
2024-01-23 19:30:00,0.5594405097266765,0.48238062189723224,0.5143850880653753,0.4839302,0.7332981619078585
2024-01-23 20:30:00,0.6710582290904279,0.4823806223118988,0.5172112051976796,0.66485935,0.7256149674875422
2024-01-24 14:30:00,0.4217511942407098,0.48238062233127127,0.5174846146047343,0.5366975,0.7989160851018279
2024-01-24 15:30:00,0.41239051978611563,0.4823806222795248,0.5331436595674683,0.44214255,0.787268231921122
2024-01-24 16:30:00,0.6906047456536234,0.48238062226972295,0.5331306534757793,0.44444913,0.775701574970343
2024-01-24 17:30:00,0.6906075479274251,0.48238062228083833,0.5327302839398127,0.4136433,0.7646861932926879
2024-01-24 18:30:00,0.6269421702684665,0.48238062227994616,0.5239289168745873,0.3421431,0.7914955007587848
2024-01-24 19:30:00,0.615015799735451,0.4823806223438945,0.5254905135927435,0.3564191,0.7835178606371017
2024-01-24 20:30:00,0.6144693622647784,0.48238062234055745,0.5297405545287074,0.35652044,0.7710933251342217
2024-01-25 14:30:00,0.2668523838628401,0.48238062225248673,0.525600401328522,0.49202827,0.8413035396258748
2024-01-25 15:30:00,0.3949451202206823,0.4823806220994287,0.5414574381814333,0.61999476,0.8247529566208258
2024-01-25 16:30:00,0.3179467664863028,0.4823806220806512,0.5339461006655631,0.6153278,0.8229172069461236
2024-01-25 17:30:00,0.3285681151597589,0.482380622450816,0.5404931347843311,0.6689063,0.8082943995543587
2024-01-25 18:30:00,0.3348212979548766,0.4823806223681169,0.5412981066914793,0.7306045,0.7935985427772223
2024-01-25 19:30:00,0.3774855813093643,0.48238062236235796,0.5283217097662751,0.5486834,0.7816214779308811
2024-01-25 20:30:00,0.23660531184063477,0.48238062237487134,0.5252842794143493,0.79585105,0.7928521876156127
2024-01-26 14:30:00,0.24130559343294478,0.48238062236367135,0.5337855932499285,0.8701906,0.7795622470897796
2024-01-26 15:30:00,0.21449814776394574,0.48238062235493856,0.5309232695054584,0.9343753,0.7705149778295827
2024-01-26 16:30:00,0.20809160057042164,0.482380622418989,0.5322432842689606,0.5692581,0.7601693540814465
2024-01-26 17:30:00,0.08469386662038134,0.48238062241851387,0.5294306956697313,0.9593544,0.7595636533750826
2024-01-26 18:30:00,0.12503266660542034,0.48238062236815643,0.5310843735451553,0.9445484,0.7494780316714653
2024-01-26 19:30:00,0.11864348068934692,0.4823806223625316,0.5308827913637121,0.90796876,0.7405756700522362
2024-01-26 20:30:00,0.1401990816000257,0.48238062246178226,0.5314109636968779,0.7482481,0.7315925790959489
2024-01-29 14:30:00,0.45579677969987165,0.4823806224831722,0.5295093124394973,0.7268819,0.7239491423449927
2024-01-29 15:30:00,0.46050049788067643,0.48238062248009206,0.5174716511378761,0.19619021,0.7165175162050279
2024-01-29 16:30:00,0.46082596605822085,0.482380622522903,0.5150451427638776,0.41475257,0.7127984375356364
2024-01-29 17:30:00,0.46350984016787034,0.48238062253669917,0.5173569957176858,0.34649396,0.7067721720846385
2024-01-29 18:30:00,0.46865300512092595,0.4823806225330676,0.5165617799074613,0.37722138,0.7025211920031155
2024-01-29 19:30:00,0.18678591440762649,0.4823806226131275,0.512539443580657,0.33963782,0.7520012199104626
2024-01-29 20:30:00,0.1857798398163298,0.4823806224700082,0.527432954907014,0.4721176,0.7432825750919562
2024-01-30 14:30:00,0.15661363922792004,0.482380622479309,0.5262590887674117,0.47017264,0.7371376458025898
2024-01-30 15:30:00,0.17697148955299913,0.4823806224821605,0.5158331824954396,0.5291124,0.7296088896369257
2024-01-30 16:30:00,0.7421450960610375,0.48238062248953384,0.5146758525479306,0.5619738,0.724616960890999
2024-01-30 17:30:00,0.7407070907475458,0.48238062246811,0.5053595957594741,0.4306343,0.7185855198321127
2024-01-30 18:30:00,0.7406147899295988,0.482380622480044,0.5055953531975313,0.43674222,0.7128008758579849
2024-01-30 19:30:00,0.7406103735939504,0.4518143051571924,0.5062543379572063,0.63643813,0.7065663948914563
2024-01-30 20:30:00,0.7649568903401297,0.45181430515719245,0.5039494879503157,0.47842798,0.7038866823796885
2024-01-31 14:30:00,0.38101176225426686,0.45181430515719245,0.5117024981682687,0.39390653,0.8425281444256129
2024-01-31 15:30:00,0.5245844254946449,0.4518143051571924,0.5396551735259666,0.570114,0.8256972453108764
2024-01-31 16:30:00,0.8507804863808951,0.4518143051571924,0.5390544854611954,0.47248232,0.8104920908554502
2024-01-31 17:30:00,0.9127139528186198,0.4518143051571924,0.5403787807467596,0.44900006,0.7957163012886466
2024-01-31 18:30:00,0.9697128484608771,0.4518143051571924,0.5335901646586441,0.46074447,0.7945897197298015
2024-01-31 19:30:00,0.9288734548989904,0.4518143051571924,0.5218399517423115,0.42984095,0.804708527387563
2024-01-31 20:30:00,0.8585725378519695,0.45181430515719245,0.5272688941650214,0.66248465,0.8247816164079906
2024-02-01 14:30:00,0.5916908201613535,0.4518143051571924,0.5361276336813852,0.55281985,0.9185800554030774
2024-02-01 15:30:00,0.5022653311371423,0.45181430515719234,0.5547146150519116,0.6031575,0.9204326951845783
2024-02-01 16:30:00,0.45477552342318783,0.45181430515719234,0.5574137951187836,0.3924837,0.9322144730266807
2024-02-01 17:30:00,0.6095968038313354,0.4518143051571923,0.5679915281039966,0.60604584,0.9104430702725044
2024-02-01 18:30:00,0.6711589216598285,0.4518143051571923,0.5671080166559517,0.6221226,0.8892429073835083
2024-02-01 19:30:00,0.6329358926808889,0.4518143051571923,0.5536394566391826,0.62372833,0.883640354630774
2024-02-01 20:30:00,0.6688319782540951,0.4518143051571923,0.5530095573889253,0.5544814,0.8657222758225838
2024-02-02 14:30:00,0.6119088542032672,0.4518143051571923,0.5449142395628744,0.48987874,0.8729282041187648
2024-02-02 15:30:00,0.5523283685358984,0.45181430515719234,0.5493829636725112,0.6055468,0.8953962490357756
2024-02-02 16:30:00,0.7485075041079727,0.45181430515719234,0.5582285870907181,0.709315,0.894081866917467
2024-02-02 17:30:00,0.7380320335817082,0.4518143051571923,0.5642159095471728,0.7522373,0.8761682705466495
2024-02-02 18:30:00,0.7535807898020217,0.4518143051571923,0.561531513902993,0.76545715,0.8702000490526879
2024-02-02 19:30:00,0.729556205534344,0.4518143051571923,0.5627106053081614,0.77855945,0.8593069667621563
2024-02-02 20:30:00,0.6755556567007337,0.4518143051571923,0.5574762209160989,0.76686513,0.8668289208709242
2024-02-05 14:30:00,0.34114987901359684,0.4518143051571923,0.559063620667038,0.5949074,0.9279854332730737
2024-02-05 15:30:00,0.4062862923306976,0.4518143051571923,0.5718046813194251,0.65825933,0.9037332307192207
2024-02-05 16:30:00,0.28846860283333936,0.4518143051571923,0.5625831561411515,0.6585594,0.9006312130639232
2024-02-05 17:30:00,0.3288661759721133,0.45181430515719223,0.5725758260337263,0.7358169,0.8786106847823223
2024-02-05 18:30:00,0.2884666430010613,0.4518143051571923,0.5653805747145058,0.8061811,0.8658795336670608
2024-02-05 19:30:00,0.2860022982477851,0.4518143051571923,0.5604975903628048,0.5689981,0.8467663656198183
2024-02-05 20:30:00,0.200515526239933,0.4518143051571923,0.5539465305805918,0.68502706,0.841090447915596
2024-02-06 14:30:00,0.24058805776695674,0.4518143051571923,0.5561478811768991,0.65486366,0.8236621455459988
2024-02-06 15:30:00,0.24315796218884483,0.4518143051571923,0.5413590343050596,0.43283257,0.8142332097823219
2024-02-06 16:30:00,0.8343858813970302,0.4518143051571923,0.5407651164464935,0.7343159,0.8007493160657368
2024-02-06 17:30:00,0.8502740117289045,0.4518143051571923,0.5396885298562947,0.54515225,0.7865914662349878
2024-02-06 18:30:00,0.84670890282655,0.4518143051571923,0.5338597175137478,0.5223239,0.775579072437737
2024-02-06 19:30:00,0.8550099741374445,0.4896597088219338,0.5332935010411134,0.5178461,0.7684511336765599
2024-02-06 20:30:00,0.8406121455271716,0.4896597088219338,0.5310481982020336,0.5124653,0.7644510455099887
2024-02-07 14:30:00,0.2534756454421568,0.4896597088219338,0.5374756412357042,0.54844207,0.915308154389963
2024-02-07 15:30:00,0.19447551627834628,0.4896597088219338,0.5625777611089597,0.5959296,0.8982694342634794
2024-02-07 16:30:00,0.1954829514064759,0.4896597088219338,0.5636655288473071,0.6084132,0.8765443294536863
2024-02-07 17:30:00,0.12745324414901857,0.4896597088219338,0.5565940789749929,0.5802424,0.8640433503467075
2024-02-07 18:30:00,0.18074369374265545,0.4896597088219338,0.5611980239066586,0.6108182,0.8453341375897439
2024-02-07 19:30:00,0.17623865663265792,0.4896597088219338,0.5430898947303572,0.6145331,0.8279046929428266
2024-02-07 20:30:00,0.1802852221475503,0.4896597088219338,0.5412894970301496,0.615156,0.8115858246023394
2024-02-08 14:30:00,0.2112616701967824,0.4896597088219338,0.5377105006262383,0.69137317,0.7969316308376315
2024-02-08 15:30:00,0.18585981678910962,0.4896597088219338,0.523741673391521,0.4493942,0.7857770105376886
2024-02-08 16:30:00,0.2796887739440928,0.4896597088219338,0.5243269849575732,0.588758,0.7779900721273529
2024-02-08 17:30:00,0.2804137860099374,0.4896597088219338,0.5272604841841926,0.6387812,0.7657429293042074
2024-02-08 18:30:00,0.2873388643714592,0.4896597088219338,0.5257129235126938,0.5616802,0.7550624905940211
2024-02-08 19:30:00,0.2888542007036639,0.4896597088219338,0.5229499526318437,0.58761144,0.7486603769808908
2024-02-08 20:30:00,0.2960369295256628,0.4896597088219338,0.526905063978522,0.634367,0.7389626335820741
2024-02-09 14:30:00,0.15835517485434872,0.4896597088219338,0.5198134497919012,0.5191252,0.7479010933317068
2024-02-09 15:30:00,0.15786383990033678,0.4896597088219338,0.5293884453536579,0.5718454,0.7383842983891865
2024-02-09 16:30:00,0.14135234099258398,0.4896597088219338,0.5266337225274025,0.5706089,0.7312546561022615
2024-02-09 17:30:00,0.32023200703186844,0.4896597088219338,0.525063163074974,0.71400243,0.7273316552762895
2024-02-09 18:30:00,0.31364515371395146,0.4896597088219338,0.5277309409035669,0.73422843,0.7207604808081619
2024-02-09 19:30:00,0.3216172106857959,0.4896597088219338,0.5258540528254048,0.74076235,0.7135766924343478
2024-02-09 20:30:00,0.4374295699739461,0.4896597088219338,0.5249344718757175,0.7596301,0.7071055532854003
2024-02-12 14:30:00,0.43763866890989156,0.4896597088219338,0.5230575005254423,0.41552818,0.7014046633350061
2024-02-12 15:30:00,0.3072597862559262,0.4896597088219338,0.4937818333158839,0.2692402,0.724685520203145
2024-02-12 16:30:00,1.255249473281812,0.4896597088219338,0.5047558600951455,0.49943304,0.7171371508023155
2024-02-12 17:30:00,1.2607068779585104,0.4896597088219338,0.5024881006722715,0.42685324,0.7117778817046612
2024-02-12 18:30:00,1.24346964247791,0.4896597088219338,0.49961338584792137,0.3516987,0.7311478126408798
2024-02-12 19:30:00,1.244441658267242,0.4896597088219338,0.510541659755963,0.4176316,0.7233023255352407
2024-02-12 20:30:00,1.316579734954123,0.4896597088219338,0.507659241338826,0.525918,0.7158877265987778
2024-02-13 14:30:00,0.5265540176151228,0.4896597088219338,0.5320751724359208,0.30267668,1.0603863899334942
2024-02-13 15:30:00,0.7639416101902355,0.4896597088219338,0.577452958392848,0.40831596,1.030295807375259
2024-02-13 16:30:00,1.0280156741633921,0.4896597088219338,0.5746281673329742,0.47293517,1.007897947996311
2024-02-13 17:30:00,1.0686736455606634,0.4896597088219338,0.5806823542462489,0.37788108,0.9784344741998146
2024-02-13 18:30:00,0.9794906270540644,0.4896597088219338,0.5714094404614647,0.38950872,0.9903370454783423
2024-02-13 19:30:00,0.9666172643893118,0.481708378375731,0.5601769071043784,0.6665867,0.9668839547512346
2024-02-13 20:30:00,0.7945892251495572,0.481708378375731,0.5563755362146876,0.6331651,1.0096810818124395
2024-02-14 14:30:00,0.4265732370440651,0.481708378375731,0.5675975567082854,0.5038587,1.0846991076026646
2024-02-14 15:30:00,0.3305876919198315,0.481708378375731,0.5867703548879396,0.55131114,1.0666521569072869
2024-02-14 16:30:00,0.3907189151501623,0.481708378375731,0.5946451683322205,0.53939784,1.0327114400702126
2024-02-14 17:30:00,0.39284408959354716,0.481708378375731,0.5956756575658544,0.49562868,1.0007522630658237
2024-02-14 18:30:00,0.41104656083252245,0.481708378375731,0.5850330982261441,0.61946374,0.9758591387259089
2024-02-14 19:30:00,0.37633146116549543,0.481708378375731,0.5707679439614867,0.61797625,0.9630982643400912
2024-02-14 20:30:00,0.35456441942219696,0.481708378375731,0.5738921663295775,0.57816446,0.939754617413738
2024-02-15 14:30:00,0.2841931680201382,0.481708378375731,0.572830270106399,0.6287689,0.9249569110018764
2024-02-15 15:30:00,0.28821170054136264,0.481708378375731,0.5800215836399787,0.52591306,0.901305141006997
2024-02-15 16:30:00,0.4033117147064995,0.481708378375731,0.5732669331135734,0.5937442,0.887807616543534
2024-02-15 17:30:00,0.4792039358017231,0.481708378375731,0.5725015180256164,0.644683,0.8765842444977965
2024-02-15 18:30:00,0.48358762643156,0.481708378375731,0.5798201987934793,0.54047513,0.856282972375296
2024-02-15 19:30:00,0.4957133803362052,0.481708378375731,0.5756466637269388,0.5547668,0.8377096639599376
2024-02-15 20:30:00,0.5267724583748634,0.481708378375731,0.5741633145151576,0.61004454,0.8215273116254475
2024-02-16 14:30:00,0.5724652661895681,0.481708378375731,0.568041251022844,0.5070141,0.8354048587585506
2024-02-16 15:30:00,0.5150627658226999,0.481708378375731,0.543257037439618,0.47488198,0.8457142558504896
2024-02-16 16:30:00,0.8321079212555096,0.481708378375731,0.5539852368809358,0.5129524,0.828939631717985
2024-02-16 17:30:00,0.8365608658934933,0.481708378375731,0.5516622667149911,0.5855711,0.815639971397001
2024-02-16 18:30:00,0.897018949591103,0.481708378375731,0.5501087614329793,0.62838626,0.8095633139639137
2024-02-16 19:30:00,0.7992238795289678,0.481708378375731,0.5419168299115407,0.59416455,0.8375046680670227
2024-02-16 20:30:00,0.7870552994419445,0.481708378375731,0.5487847493812198,0.6449436,0.8319851969953078
2024-02-20 14:30:00,0.4559709767042345,0.481708378375731,0.5421157289904528,0.6061407,0.9195820165143258
2024-02-20 15:30:00,0.43365567493426954,0.481708378375731,0.551317347573433,0.5648713,0.9005707105861325
2024-02-20 16:30:00,0.3493347952577716,0.481708378375731,0.544749310794645,0.5440713,0.9113476128316907
2024-02-20 17:30:00,0.35834837064379854,0.481708378375731,0.5562631899341859,0.5906002,0.8885119084539143
2024-02-20 18:30:00,0.35045164588207406,0.481708378375731,0.5509986218184424,0.59707075,0.8736905613505225
2024-02-20 19:30:00,0.3236166179675427,0.481708378375731,0.5422319499415887,0.5971038,0.8584669198530105
2024-02-20 20:30:00,0.3462518111143007,0.481708378375731,0.5454002995402842,0.6233043,0.8395822609057921
2024-02-21 14:30:00,0.21871149471487406,0.481708378375731,0.5333753091200346,0.5180171,0.8410319075312647
2024-02-21 15:30:00,0.5920606808667727,0.481708378375731,0.5404433763663933,0.58590156,0.825367894621812
2024-02-21 16:30:00,1.7242508893677955,0.481708378375731,0.5382134808693377,0.56317085,0.8146087693898286
2024-02-21 17:30:00,1.723757593461713,0.481708378375731,0.5407679863654649,0.6073495,0.7997514325246924
2024-02-21 18:30:00,1.7229093084863745,0.481708378375731,0.5373606962578751,0.5891317,0.7897049579799056
2024-02-21 19:30:00,1.730618324456464,0.5214276169872826,0.5367334147743371,0.56755185,0.7771496732909804
2024-02-21 20:30:00,1.6688719014498796,0.5214276169872826,0.5345205763642025,0.7526325,0.84570206672944
2024-02-22 14:30:00,0.3999408350103354,0.5214276169872826,0.5717245917735765,0.44634473,1.3396235958772784
2024-02-22 15:30:00,0.401756874204442,0.5214276169872826,0.6370664334462794,0.45405906,1.2871643978529395
2024-02-22 16:30:00,0.510848906265315,0.5214276169872826,0.6313989158598928,0.39891443,1.240112068182105
2024-02-22 17:30:00,0.5238254448360111,0.5214276169872826,0.6295070544185386,0.43316716,1.1991465972695479
2024-02-22 18:30:00,0.4179275859889893,0.5214276169872826,0.6229960938566416,0.47300264,1.1737655720028195
2024-02-22 19:30:00,0.4160543351806048,0.5214276169872826,0.5932938086031313,0.28217182,1.135477393272623
2024-02-22 20:30:00,0.4711209240400126,0.5214276169872826,0.5948370018771688,0.31708944,1.0966534904373868
2024-02-23 14:30:00,0.33302727784925074,0.5214276169872826,0.5867717369038903,0.41792637,1.0820925213975456
2024-02-23 15:30:00,0.26208733328019773,0.5214276169872826,0.5863871783820315,0.5543855,1.055143624893175
2024-02-23 16:30:00,0.2628715089793354,0.5214276169872826,0.5909117106555949,0.3745163,1.021624346018421
2024-02-23 17:30:00,0.25376764124989215,0.5214276169872826,0.5841037806102687,0.3546218,0.9940045241072908
2024-02-23 18:30:00,0.1421409929116918,0.5214276169872826,0.5825875342275916,0.5822819,0.9757103687008623
2024-02-23 19:30:00,0.26952235968986527,0.5214276169872826,0.5863123862169209,0.3866773,0.9480260796228034
2024-02-23 20:30:00,0.28950858229446114,0.5214276169872826,0.5842670976004556,0.44133776,0.9223121195192114
2024-02-26 14:30:00,0.293802146544222,0.5214276169872826,0.5840550138292159,0.42992666,0.8986030596742682
2024-02-26 15:30:00,0.3240858443232102,0.5214276169872826,0.579246157428663,0.30871722,0.8794688433404597
2024-02-26 16:30:00,0.31821054802912774,0.5214276169872826,0.5772895085526791,0.25643778,0.8604330477675257
2024-02-26 17:30:00,0.24555121019124374,0.5214276169872826,0.5752207443098059,0.42552623,0.8545512192099893
2024-02-26 18:30:00,0.22279969886048936,0.5214276169872826,0.5810760339196005,0.4714515,0.8388693503053523
2024-02-26 19:30:00,0.22403500420249417,0.5214276169872826,0.5831337576659462,0.42939663,0.8223601914789999
2024-02-26 20:30:00,0.25642387787217513,0.5214276169872826,0.579517083708736,0.26228222,0.81438753142755
2024-02-27 14:30:00,0.26684457303253734,0.5214276169872826,0.5794423516206484,0.5597652,0.7997168312410615
2024-02-27 15:30:00,0.24437421084156596,0.5214276169872826,0.5105622758221138,0.3984962,0.7888925055772967
2024-02-27 16:30:00,0.34328783150944947,0.5214276169872826,0.5132805380441927,0.43850356,0.7759605798202713
2024-02-27 17:30:00,0.3764192645918047,0.5214276169872826,0.5116729279294217,0.42192602,0.764904980551992
2024-02-27 18:30:00,0.32285372438003035,0.5214276169872826,0.5069272285761713,0.50263727,0.7666027577939768
2024-02-27 19:30:00,0.32375072438917546,0.5214276169872826,0.5084437010472013,0.46957502,0.7575239377956391
2024-02-27 20:30:00,0.354240555477744,0.5214276169872826,0.5095072386897446,0.4421883,0.7472597936588705
2024-02-28 14:30:00,0.26769011174444485,0.5214276169872826,0.5060663676456776,0.47280258,0.7542856812183696
2024-02-28 15:30:00,0.2104582835299618,0.5214276169872826,0.5063215579542202,0.4675672,0.7518204527501335
2024-02-28 16:30:00,0.3538380989576512,0.5214276169872826,0.5060437572103775,0.42316386,0.7443799541158622
2024-02-28 17:30:00,0.3569763781964295,0.5214276169872826,0.5066016562235122,0.42316386,0.737472335289645
2024-02-28 18:30:00,0.3467622852609287,0.5214276169872826,0.5054610980091636,0.47836554,0.734909442025818
2024-02-28 19:30:00,0.4101960109058462,0.5047086248640421,0.5036883121257141,0.389652,0.7279322325095218
2024-02-28 20:30:00,0.40999231358993266,0.5047086248640421,0.5044124184806096,0.4120463,0.7201360392966204
2024-02-29 14:30:00,0.2907852581886914,0.5047086248640421,0.5012074952510996,0.30062148,0.7389703128875436
2024-02-29 15:30:00,0.27296196295487973,0.5047086248640421,0.5099248115309801,0.47714946,0.7331981478475221
2024-02-29 16:30:00,0.5262175513737771,0.5047086248640421,0.509064224245892,0.45365715,0.7289844994241167
2024-02-29 17:30:00,0.48109417394263804,0.5047086248640421,0.5084239806203481,0.5022753,0.7363608781449843
2024-02-29 18:30:00,0.5007184080379475,0.5047086248640421,0.5153661907691265,0.52035135,0.7277593133823218
2024-02-29 19:30:00,0.5080360313166083,0.5047086248640421,0.508544734671096,0.60835123,0.7217742479604004
2024-02-29 20:30:00,0.5453665029800964,0.5047086248640421,0.5101554941711843,0.39966372,0.71467211252367
2024-03-01 14:30:00,0.2888768179851776,0.5047086248640421,0.5072594705857296,0.59454596,0.7695482682631647
2024-03-01 15:30:00,0.2752144762452382,0.5047086248640421,0.5218210879944747,0.5699057,0.7601725666913529
2024-03-01 16:30:00,0.2477538889161835,0.5047086248640421,0.5205600489677613,0.5993006,0.7548442314751553
2024-03-01 17:30:00,0.21848299841426919,0.5047086248640421,0.5221703528398232,0.6449198,0.7484624567583408
2024-03-01 18:30:00,0.16081501875616797,0.5047086248640421,0.5212015506047906,0.5945735,0.75004736732099
2024-03-01 19:30:00,0.18188335137489653,0.5047086248640421,0.5182237894289542,0.6349292,0.7409807761816861
2024-03-01 20:30:00,0.19090115886371753,0.5047086248640421,0.5193418513331467,0.5307943,0.7319779198637854
2024-03-04 14:30:00,0.2135135713649654,0.5047086248640421,0.5161139475559642,0.46330234,0.7251897935738899
2024-03-04 15:30:00,0.3281256196512131,0.5047086248640421,0.5154200509904722,0.41142413,0.7176133914006644
2024-03-04 16:30:00,0.8079559250418641,0.5047086248640421,0.5081712985845597,0.5059277,0.7160226779271174
2024-03-04 17:30:00,0.8032023104567904,0.5047086248640421,0.5102796515756393,0.38620692,0.7121711798707904
2024-03-04 18:30:00,0.8028281848352583,0.5047086248640421,0.5120328727323814,0.38444215,0.7067701317487161
2024-03-04 19:30:00,0.807618882243845,0.5047086248640421,0.5098880181231855,0.4245595,0.7050507549847447
2024-03-04 20:30:00,0.7794317906625904,0.5047086248640421,0.5101148586766544,0.3958208,0.7177006414220877
2024-03-05 14:30:00,0.45125992704449225,0.5047086248640421,0.5218971560843909,0.52071464,0.8611272409130425
2024-03-05 15:30:00,0.615266050376077,0.5047086248640421,0.5484218850398328,0.9295628,0.8425797149171663
2024-03-05 16:30:00,0.7526713407266196,0.5047086248640421,0.5479330367805936,0.7036163,0.825681175176395
2024-03-05 17:30:00,0.8338139399228164,0.5047086248640421,0.5443721762673758,0.86410475,0.8150685561418349
2024-03-05 18:30:00,0.8273741027085156,0.5047086248640421,0.5431328019332384,1.115017,0.8042633426042054
2024-03-05 19:30:00,0.7249656329836155,0.5047086248640421,0.5271015581782988,0.4164593,0.8310479084612818
2024-03-05 20:30:00,0.6766071068915076,0.5047086248640421,0.5355841581925362,0.54588366,0.8587941379517975
2024-03-06 14:30:00,0.5527297084908696,0.5047086248640421,0.5437258188123073,0.51546234,0.8862548490036022
2024-03-06 15:30:00,0.4132392214011884,0.5047086248640421,0.5464791932534405,0.48308662,0.9009338824135765
2024-03-06 16:30:00,0.9447410407965675,0.5047086248640421,0.5589651830743876,0.5439393,0.8803188381926571
2024-03-06 17:30:00,0.9457395481040458,0.5047086248640421,0.5581081936350817,0.63860834,0.8597930454514694
2024-03-06 18:30:00,0.8860593182186259,0.5047086248640421,0.5461499718478665,0.70608675,0.8676579669061556
2024-03-06 19:30:00,0.8699477705086216,0.5318261454599638,0.5480928883286376,0.7467355,0.857507781429957
2024-03-06 20:30:00,0.8620912314578745,0.5318261454599638,0.547283252853375,0.6665109,0.8426311601244948
2024-03-07 14:30:00,0.17084820095514544,0.5318261454599638,0.5485445722160003,0.52443534,0.9931422787837817
2024-03-07 15:30:00,0.17167273625727994,0.5318261454599638,0.5819795900240939,0.5477712,0.9645047704928139
2024-03-07 16:30:00,0.6224767062450469,0.5318261454599638,0.58193673454772,0.45434847,0.9374864315004797
2024-03-07 17:30:00,0.8711731425755445,0.5318261454599638,0.577397604388073,0.49895808,0.9148188275803831
2024-03-07 18:30:00,0.8702930087350871,0.5318261454599638,0.5792732308234237,0.5436075,0.8920391418653004
2024-03-07 19:30:00,0.9713630310260376,0.5318261454599638,0.5563136347721167,0.29746914,0.87399247000686
2024-03-07 20:30:00,0.9947537221786167,0.5318261454599638,0.5590075433178842,0.23819655,0.8544975626474489
2024-03-08 14:30:00,0.848847877419173,0.5318261454599638,0.5551637888740227,0.73650557,0.9214171452692896
2024-03-08 15:30:00,0.5830742946962264,0.5318261454599638,0.5580892599739303,0.64289135,0.9827913878406567
2024-03-08 16:30:00,0.7955134106468682,0.5318261454599638,0.5826335133681732,0.6231993,0.9545562168577665
2024-03-08 17:30:00,0.664571627770351,0.5318261454599638,0.5718418392981609,0.4247347,0.9725565795275937
2024-03-08 18:30:00,0.6602730997510791,0.5318261454599638,0.5824769090467812,0.537608,0.9556497501668656
2024-03-08 19:30:00,0.6044581381186888,0.5318261454599638,0.5763258701005535,0.665482,0.9491726905208728
2024-03-08 20:30:00,0.6036243542378843,0.5318261454599638,0.5766203714049537,0.7078803,0.923535348847132
2024-03-11 13:30:00,0.27345873995133657,0.5318261454599638,0.5638902217732584,0.71862406,0.9656091334788419
2024-03-11 14:30:00,0.26619589178692993,0.5318261454599638,0.575084033556277,0.7196992,0.9406084762687138
2024-03-11 15:30:00,0.7554257194007563,0.5318261454599638,0.5682901003655674,0.7600408,0.9251308211087446
2024-03-11 16:30:00,0.7758494303503481,0.5318261454599638,0.5698494547775982,0.7406194,0.905344612890816
2024-03-11 17:30:00,0.804070655001567,0.5318261454599638,0.5750559355810436,0.8901085,0.882804023126733
2024-03-11 18:30:00,0.8023219774066954,0.5318261454599638,0.5611440786576752,0.35659474,0.862944311641039
2024-03-11 19:30:00,0.8509873930285659,0.5318261454599638,0.5597760594311035,0.6063711,0.8450706375449882
2024-03-12 13:30:00,0.4458913340709068,0.5318261454599638,0.5566852169345425,0.55688643,0.955013110132683
2024-03-12 14:30:00,0.39043978418804154,0.5318261454599638,0.5652861401661805,0.6882538,0.9398598311489174
2024-03-12 15:30:00,0.33662193099711835,0.5318261454599638,0.5674819703984547,0.7579417,0.9248626694794589
2024-03-12 16:30:00,0.3423533396229007,0.5318261454599638,0.5748450273085375,0.6027369,0.9010656994674788
2024-03-12 17:30:00,0.18176393077281125,0.5318261454599638,0.5670407095461083,0.72172827,0.8991259152754206
2024-03-12 18:30:00,0.2092101225855876,0.5318261454599638,0.5622757681875905,0.8364059,0.8811695274372389
2024-03-12 19:30:00,0.2089457516091492,0.5318261454599638,0.563484401151576,0.6641382,0.8613045831523058
2024-03-13 13:30:00,0.38796314922520775,0.5318261454599638,0.5612947734278375,0.626679,0.8435700110530281
2024-03-13 14:30:00,0.4171187226989477,0.5318261454599638,0.5540668184979638,0.42173374,0.8271443376400348
2024-03-13 15:30:00,0.45321888815432226,0.5318261454599638,0.5415753566419808,0.59606767,0.811254319317717
2024-03-13 16:30:00,0.44026142706418225,0.5318261454599638,0.5378790561179343,0.28576472,0.8035533452852562
2024-03-13 17:30:00,0.44068466685793634,0.5318261454599638,0.5373725881304275,0.610226,0.7900086179772238
2024-03-13 18:30:00,0.41141818828083915,0.5256563089341175,0.5327153516127002,0.43121448,0.8065293490746082
2024-03-13 19:30:00,0.4724067617236321,0.5256579158590275,0.5388820367243026,0.5057893,0.7993799733226046
2024-03-14 13:30:00,0.5876737262363837,0.5256565872614903,0.5402204079994797,0.6456298,0.79414978194035
2024-03-14 14:30:00,0.7287375195330379,0.5256565790756854,0.5343726861496892,0.8542233,0.7849371707247115
2024-03-14 15:30:00,1.1422463852669913,0.5256568617491584,0.5370358644981178,0.72968316,0.7730818925358551
2024-03-14 16:30:00,1.1046544139253398,0.5256564907543304,0.5277152930801431,0.4023001,0.7849924854139281
2024-03-14 17:30:00,1.1081086432463711,0.5256567826830231,0.5316826726654672,0.5814425,0.7942151925807225
2024-03-14 18:30:00,1.036021509952781,0.525656378565552,0.5348325340080401,0.5989065,0.8213033028126528
2024-03-14 19:30:00,0.934376335938111,0.5256581747767153,0.5417106711759595,0.46703812,0.8564609035173089
2024-03-15 13:30:00,0.33108375843800775,0.5256548551868373,0.5529271564545439,0.38573763,1.0138794210533437
2024-03-15 14:30:00,0.3353480531545865,0.525657002874701,0.5745741868274633,0.41062286,0.9838888050575942
2024-03-15 15:30:00,1.070127475432417,0.525655825423421,0.5654163448492415,0.47078088,0.9750008075475693
2024-03-15 16:30:00,1.0741200069034023,0.5256573569336278,0.5735493334717003,0.4073565,0.947389459741792
2024-03-15 17:30:00,1.077821845014785,0.525656501384013,0.5700392500394434,0.49242872,0.9220589215862912
2024-03-15 18:30:00,1.071390962518891,0.5256570136369976,0.5477069627882247,0.42997953,0.901446656523366
2024-03-15 19:30:00,1.0690053002210858,0.5256559834995101,0.5492730855391246,0.4173319,0.8805786626020102
2024-03-18 13:30:00,0.17012752906461723,0.5256580926175191,0.552881917679804,0.47643238,1.1002747158874628
2024-03-18 14:30:00,0.237336741052396,0.5256566766940314,0.5930300131000602,0.55233556,1.0654196936039027
2024-03-18 15:30:00,0.3498379363667535,0.5256565238104234,0.5931409569623121,0.55233556,1.033126519979702
2024-03-18 16:30:00,0.42276826116865374,0.5256563588527776,0.5967949873909649,0.5384954,1.0011236283175369
2024-03-18 17:30:00,0.49358381553059666,0.5256562763486495,0.595337772652299,0.5202993,0.9715731349834917
2024-03-18 18:30:00,0.5125000548851284,0.5256564010691608,0.5664936366729559,0.42778596,0.9459999060882869
2024-03-18 19:30:00,0.4761225383231422,0.525657670311138,0.5630095634485999,0.46928945,0.9287036390762909
2024-03-19 13:30:00,0.3989303329187908,0.5256565745501396,0.5636882417542368,0.51024705,0.9217933336700231
2024-03-19 14:30:00,0.3997163345093019,0.5256563785199032,0.567814400767385,0.6310437,0.9110483918369655
2024-03-19 15:30:00,0.3274256621870447,0.5256567497256662,0.569993818276762,0.76412183,0.9034202158309547
2024-03-19 16:30:00,0.28284733609009505,0.5256572701063835,0.5746815412075399,0.70376647,0.8876338543128386
2024-03-19 17:30:00,0.2951287666240731,0.5256567888541228,0.5777743495050952,0.75995755,0.8666487653942512
2024-03-19 18:30:00,0.28763694305278675,0.5256562763398752,0.5715784800581666,0.53668153,0.849170361673052
2024-03-19 19:30:00,0.45605332067299953,0.5256566512096131,0.5636310772857732,0.7080927,0.8452935545086426
2024-03-20 13:30:00,0.6893714532167264,0.5256565028195753,0.5630404176334011,0.6896306,0.830765916493933
2024-03-20 14:30:00,0.6888855237050338,0.5256565471217354,0.5485669144595302,0.53923005,0.8142984689373386
2024-03-20 15:30:00,0.9345828486523412,0.5256567139949136,0.5464666651509082,0.70338786,0.8010792311495997
2024-03-20 16:30:00,0.9348472879917448,0.5256563111106387,0.5452442508431056,0.3636622,0.7879348794291517
2024-03-20 17:30:00,0.8397904447990777,0.5256563533125722,0.5393771226106732,0.34426567,0.822710641335007
2024-03-20 18:30:00,0.6625297191972731,0.5521498012876779,0.5481456051743979,0.7195998,0.8765898656719079
2024-03-20 19:30:00,0.6658500392142992,0.5521498012876779,0.5694803345340557,0.68492985,0.8562797304086753
2024-03-21 13:30:00,0.19747683700220742,0.5521498012876779,0.5587659033709793,0.60122174,0.9339278912278756
2024-03-21 14:30:00,0.22676258160240964,0.5521498012876779,0.5569215465211298,0.595068,0.9102158214922336
2024-03-21 15:30:00,0.2029344391214893,0.5521498012876779,0.5522065987420841,0.573897,0.8904801901801777
2024-03-21 16:30:00,0.16593225152302593,0.5521498012876779,0.5470815621492785,0.5786124,0.8724444724578212
2024-03-21 17:30:00,0.1592331809321924,0.5521498012876779,0.5494358554307972,0.5940402,0.8535457362696683
2024-03-21 18:30:00,0.18918050248476825,0.5521498012876779,0.5365647351699974,0.72903603,0.8356686538695213
2024-03-21 19:30:00,0.16400580597053072,0.5521498012876779,0.5342999342820718,0.6707992,0.8229306322150247
2024-03-22 13:30:00,0.21961488806271703,0.5521498012876779,0.535700993762034,0.5395392,0.8077799489742723
2024-03-22 14:30:00,0.2331311757920623,0.5521498012876779,0.5341335387065445,0.6176225,0.7931143175680544
2024-03-22 15:30:00,0.2786229090068215,0.5521498012876779,0.5312047850781589,0.8978759,0.7801987937952279
2024-03-22 16:30:00,0.256829032477798,0.5521498012876779,0.5278132431241126,0.78812605,0.7712802051462085
2024-03-22 17:30:00,0.24185047451132208,0.5521498012876779,0.5274924718808663,1.0885111,0.7618148710721998
2024-03-22 18:30:00,0.18395552314517266,0.5521498012876779,0.5270097528654497,0.73274577,0.7578206946597758
2024-03-22 19:30:00,0.1774597553992927,0.5521498012876779,0.5305246667132888,0.7594887,0.7491351464883749
2024-03-25 13:30:00,0.13145360673302964,0.5521498012876779,0.5276191310197127,0.9048641,0.7466154894988226
2024-03-25 14:30:00,0.15729322753186128,0.5521498012876779,0.5318104213182778,0.87615067,0.7374473513486658
2024-03-25 15:30:00,0.28779255023001465,0.5521498012876779,0.5318708320833994,0.9162196,0.7288947378833625
2024-03-25 16:30:00,0.2905858603396754,0.5521498012876779,0.5307837684939741,0.672096,0.7209584719616144
2024-03-25 17:30:00,0.2846459009670149,0.5521498012876779,0.5280485291983896,0.6564362,0.714953418295613
2024-03-25 18:30:00,0.2693437653050921,0.5521498012876779,0.5195546426098951,0.37770763,0.7116394438900505
2024-03-25 19:30:00,0.2534873131071288,0.5521498012876779,0.510993885882557,0.50034314,0.7078529077203025
2024-03-26 13:30:00,0.16332360255919567,0.5521498012876779,0.5109095122664743,0.77274865,0.7191412775771302
2024-03-26 14:30:00,0.33608271109638205,0.5521498012876779,0.4999434178121951,0.6582639,0.7125643872489935
2024-03-26 15:30:00,0.41475662563991805,0.5521498012876779,0.5000873715378314,0.4737441,0.7063248919682857
2024-03-26 16:30:00,0.414057743639782,0.5521498012876779,0.49782769568537355,0.3829811,0.7013104946315045
2024-03-26 17:30:00,0.4203154810413385,0.5521498012876779,0.4978446983644488,0.37444773,0.6960188450625088
2024-03-26 18:30:00,0.39730292842135906,0.5521498012876779,0.4911467838426684,0.5606981,0.6974544225929947
2024-03-26 19:30:00,0.2822812355295084,0.5521498012876779,0.4950327043481901,0.3154801,0.7185409499541998
2024-03-27 13:30:00,0.1415222509389254,0.5521498012876779,0.5017843871904105,0.46475825,0.728957782451304
2024-03-27 14:30:00,0.45474781040101014,0.5521498012876779,0.5098681203683639,0.5321672,0.721685174564605
2024-03-27 15:30:00,0.4485334026982593,0.5521498012876779,0.5092037603675723,0.40949944,0.7160495067415477
2024-03-27 16:30:00,0.4532149813890536,0.5521498012876779,0.5096892381139155,0.4819126,0.7099322186318598
2024-03-27 17:30:00,0.442758368500377,0.5521498012876779,0.5040365237364148,0.45733318,0.7066163522367082
2024-03-27 18:30:00,0.44748383697247446,0.48943657165260335,0.5031362329657314,0.3652898,0.7007518489611491
2024-03-27 19:30:00,0.12985682393934708,0.48943719987594303,0.5024652940185789,0.41788483,0.7502696936085689
2024-03-28 13:30:00,0.22111656112269334,0.4894363914768611,0.5199001343816441,0.62428737,0.7404316987861121
2024-03-28 14:30:00,0.3267003572364716,0.48943669310361065,0.5160259820732558,0.4911159,0.733304953847095
2024-03-28 15:30:00,0.32723773597886097,0.4894362813250518,0.5182215758183538,0.43969598,0.7250755781947178
2024-03-28 16:30:00,0.3647926893264184,0.4894365800444297,0.5165837691089814,0.52833366,0.7187513440372418
2024-03-28 17:30:00,0.35731305479544057,0.4894362025687434,0.5071924847101271,0.27960956,0.7134092626035841
2024-03-28 18:30:00,0.3176978438991987,0.4894356440803528,0.5067547132168925,0.455866,0.7163255936095564
2024-03-28 19:30:00,0.19788529296233998,0.48943717815838134,0.5089301942049045,0.37037063,0.7282866283609725
2024-04-01 13:30:00,0.19606656550908516,0.48943660614212453,0.5180363542337735,0.3978896,0.7206113940402692
2024-04-01 14:30:00,0.11225608614748826,0.48943696660600633,0.5118403660252077,0.38620767,0.7222882429392835
2024-04-01 15:30:00,0.9780400575552566,0.48943698054272033,0.5180832608239394,0.4156837,0.7150339650439257
2024-04-01 16:30:00,0.9791954237892491,0.4894370761136408,0.5148134766776346,0.42005208,0.7099228704144055
2024-04-01 17:30:00,0.9785676147028084,0.4894359536347486,0.5122553502497349,0.4304469,0.7044587937762801
2024-04-01 18:30:00,0.9796203202051856,0.4894363389659684,0.514254509602659,0.45756638,0.6987523435284866
2024-04-01 19:30:00,0.97837740441596,0.48943589326740067,0.508344993446518,0.2137534,0.6949345478750608
2024-04-02 13:30:00,0.15241013449974414,0.4894396427014438,0.5235973307239742,0.46012762,0.9340646214909103
2024-04-02 14:30:00,0.14906819119774997,0.4894362484045493,0.5589935609987068,0.5146919,0.9110555312561334
2024-04-02 15:30:00,0.33155300731973036,0.4894367001535491,0.561074928986486,0.4341507,0.8883552113374613
2024-04-02 16:30:00,0.3377386711528276,0.4894366402785701,0.5606099937558577,0.52335125,0.8676066645074322
2024-04-02 17:30:00,0.33617037927369897,0.4894361208395874,0.5605700068962988,0.52335125,0.8484990847167903
2024-04-02 18:30:00,0.32057698139095125,0.4894359915002344,0.534223719759356,0.8400044,0.8329953948682729
2024-04-02 19:30:00,0.3202666211156449,0.4894370724166435,0.5351408857209886,0.7851518,0.8178407953925936
2024-04-03 13:30:00,0.342923723675388,0.4894357987431701,0.5287256811792624,0.3557052,0.8251874497117597
2024-04-03 14:30:00,0.3700990178743916,0.48943626182847383,0.5381914206820454,0.42721304,0.8105935570758616
2024-04-03 15:30:00,0.7762876010235206,0.489436515711747,0.539950385201253,0.45766822,0.795861640728231
2024-04-03 16:30:00,0.7769532494805418,0.48943665865259006,0.5406029748380211,0.54531044,0.7821027502142006
2024-04-03 17:30:00,0.7863934515749965,0.4894363843666496,0.5375382295179142,0.46195734,0.7712348251641676
2024-04-03 18:30:00,0.7201602447175606,0.48943666185135076,0.5307719226447165,0.46048367,0.7877721517396375
2024-04-03 19:30:00,1.2147026325989403,0.48943683984461955,0.5381412287058575,0.53636503,0.7815868787639866
2024-04-04 13:30:00,1.3077412704568434,0.48943436084272124,0.5382092367627533,0.4899912,0.8872541966089723
2024-04-04 14:30:00,1.3132679266918084,0.48943690947052915,0.5652487798059054,0.48316288,0.8663488797028194
2024-04-04 15:30:00,1.385481940976064,0.48943628422033036,0.5606256940213692,0.56146073,0.852046918108628
2024-04-04 16:30:00,1.46045388412545,0.4894370800559277,0.5621238024194685,0.577763,0.8347320787917728
2024-04-04 17:30:00,1.125277588515601,0.48943963054175665,0.5582352915162943,0.48190677,1.0396930876455333
2024-04-04 18:30:00,0.7547067383039707,0.5317990916425736,0.5795457206634839,0.38306203,1.1440151738779232
2024-04-04 19:30:00,0.7965008786127169,0.5317990916425736,0.6095571763107154,0.31812268,1.1072642883744508
2024-04-05 13:30:00,0.6505697994624238,0.5317990916425736,0.6009749613129056,0.48988238,1.1116144181917655
2024-04-05 14:30:00,0.45604447215426014,0.5317990916425736,0.5908039882291772,0.57220805,1.1158134579001069
2024-04-05 15:30:00,0.37443201369632484,0.5317990916425736,0.5882089349001419,0.49112257,1.1003336309265697
2024-04-05 16:30:00,0.3681499166072038,0.5317990916425736,0.588773091715746,0.643248,1.0645370879712526
2024-04-05 17:30:00,0.2995324737405249,0.5317990916425736,0.5824232459619234,0.666265,1.0465464948506764
2024-04-05 18:30:00,0.3222857007775622,0.5317990916425736,0.5871087642533519,0.6694467,1.014583610839493
2024-04-05 19:30:00,0.3191805963208052,0.5317990916425736,0.582192917456852,0.7227084,0.984396819236475
2024-04-08 13:30:00,0.23256896649993253,0.5317990916425736,0.5734414247096329,0.63694555,0.9663808613636782
2024-04-08 14:30:00,0.2584393245410317,0.5317990916425736,0.580713519887872,0.5034771,0.939214479662639
2024-04-08 15:30:00,0.27509314999162743,0.5317990916425736,0.5715887302868397,0.5980523,0.9219715667901162
2024-04-08 16:30:00,0.3967528224506829,0.5317990916425736,0.574561894769173,0.4989601,0.9025582889662919
2024-04-08 17:30:00,0.4705101268519366,0.5317990916425736,0.579436984427907,0.5757539,0.8802895666842565
2024-04-08 18:30:00,0.4706858356666822,0.5317990916425736,0.5769695039650634,0.4867134,0.8597238925705558
2024-04-08 19:30:00,0.46751465792550995,0.5317990916425736,0.5720431771204613,0.5022697,0.8438979834962265
2024-04-09 13:30:00,0.5566573500027765,0.5317990916425736,0.568869127317539,0.52846235,0.8371355329679281
2024-04-09 14:30:00,0.47962432037255714,0.5317990916425736,0.5612404269888082,0.53559357,0.8453381641385678
2024-04-09 15:30:00,0.9855435175745558,0.5317990916425736,0.5672155786086577,0.8074112,0.8436452793523052
2024-04-09 16:30:00,0.9859403461544052,0.5317990916425736,0.5765602289637131,0.89916515,0.8260383993132088
2024-04-09 17:30:00,1.0036552287380742,0.5317990916425736,0.5732775119304578,0.6970506,0.8122858056818318
2024-04-09 18:30:00,0.9385051121578033,0.5317990916425736,0.5474552118937819,0.4772043,0.831856327037078
2024-04-09 19:30:00,0.9361842960263378,0.5317990916425736,0.5373557022502633,0.53734916,0.8204696136089928
2024-04-10 13:30:00,0.3368324796486677,0.5317990916425736,0.5403446149373312,0.48009104,0.992718657268768
2024-04-10 14:30:00,0.3356756709169556,0.5317990916425736,0.5713717944865023,0.29853654,0.9638700071679892
2024-04-10 15:30:00,0.4045037304492052,0.5317990916425736,0.5603848176812827,0.5438735,0.9469069825778494
2024-04-10 16:30:00,0.4397741727409224,0.5317990916425736,0.5608545784945811,0.6143251,0.9230565343719086
2024-04-10 17:30:00,0.48770304347297966,0.5317990916425736,0.5595099040309349,0.63422084,0.9029885553225581
2024-04-10 18:30:00,0.6803436767518563,0.5317990916425736,0.5378786093827256,0.61233675,0.8906921577769001
2024-04-10 19:30:00,0.7436960061792078,0.5317990916425736,0.545489882661245,0.5962719,0.8693543123549857
2024-04-11 13:30:00,0.6768392453398022,0.5317990916425736,0.5378012333930903,0.45525366,0.8729651459176248
2024-04-11 14:30:00,0.6690553558086102,0.5317990916425736,0.5433457307577655,0.48976025,0.8622182049601254
2024-04-11 15:30:00,1.032103466763589,0.5317990916425736,0.5440821611166743,0.689233,0.8580730058330491
2024-04-11 16:30:00,0.8946579195205574,0.5317990916425736,0.543952641221675,0.5900129,0.9036374053091081
2024-04-11 17:30:00,0.9061308810082377,0.5317990916425736,0.5563903570449318,0.51033765,0.9025173331244191
2024-04-11 18:30:00,0.9961943878584321,0.5416845439137894,0.5656746892998304,0.55842954,0.8803985484081378
2024-04-11 19:30:00,1.0005198303185616,0.5416845439137894,0.5604487317687276,0.5309504,0.86646085686238
2024-04-12 13:30:00,0.612054169869891,0.5416845439137894,0.5573349491058472,0.5082549,1.0010197306508188
2024-04-12 14:30:00,0.6620342109872079,0.5416845439137894,0.5845765741515164,0.5179502,0.971912689253845
2024-04-12 15:30:00,0.6663323863255505,0.5416845439137894,0.5734461137337762,0.64960635,0.9687389352649851
2024-04-12 16:30:00,0.5559561004020431,0.5416845439137894,0.5747294357573566,0.46823665,0.9790397183095896
2024-04-12 17:30:00,0.5565189991276913,0.5416845439137894,0.584863264014807,0.5468646,0.9588815754759781
2024-04-12 18:30:00,0.9409808438565435,0.5416845439137894,0.5727561102849649,0.73702234,0.9439362456468366
2024-04-12 19:30:00,0.9499016319096634,0.5416845439137894,0.5717208197032376,0.75721276,0.9334945415593373
2024-04-15 13:30:00,0.9020648214414595,0.5416845439137894,0.570131132170453,0.6869845,0.9353977225060277
2024-04-15 14:30:00,0.8823933129455483,0.5416845439137894,0.5578037639011965,0.7110703,0.9191143901454353
2024-04-15 15:30:00,0.9002676473188979,0.5416845439137894,0.5586531119224537,0.6942697,0.9040707280311361
2024-04-15 16:30:00,0.471349300206962,0.5416845439137894,0.5566336632900152,0.61257565,1.0201459423223773
2024-04-15 17:30:00,0.3776120687575933,0.5416845439137894,0.579219213888929,0.63243645,1.0065803287494357
2024-04-15 18:30:00,0.3394497875661251,0.5416845439137894,0.5830376020359375,0.6375787,0.982551625653073
2024-04-15 19:30:00,0.42255331680562974,0.5416845439137894,0.5867292306402491,0.68141514,0.9546919480876542
2024-04-16 13:30:00,0.6096022217931619,0.5416845439137894,0.5796200350235928,0.6717529,0.9437759808686592
2024-04-16 14:30:00,0.7131424144626106,0.5416845439137894,0.568705656166638,0.7689065,0.9272918795131333
2024-04-16 15:30:00,0.731666629186044,0.5416845439137894,0.5710593747231661,0.5596134,0.9039176697353319
2024-04-16 16:30:00,0.8610495527706316,0.5416845439137894,0.5700304945243886,0.59233844,0.8817041119924602
2024-04-16 17:30:00,0.8825906850177568,0.5416845439137894,0.5592071934165815,0.82723665,0.8768143491747712
2024-04-16 18:30:00,0.7638897313317153,0.5416845439137894,0.5573813082983219,0.757277,0.9183430628922785
2024-04-16 19:30:00,0.6382070536558985,0.5416845439137894,0.5674977976075045,0.66045207,0.93526213559694
2024-04-17 13:30:00,0.654643023553854,0.5416845439137894,0.5782867238228617,0.7166066,0.9174192226929524
2024-04-17 14:30:00,0.47247632066164746,0.5416845439137894,0.561258521734537,0.7144027,0.9412770585207105
2024-04-17 15:30:00,0.4617821266777529,0.5416845439137894,0.5694680113561218,0.6981859,0.9393104740929104
2024-04-17 16:30:00,0.4485125092568536,0.5416845439137894,0.5677588840206903,0.60614705,0.9292454699180122
2024-04-17 17:30:00,0.4626363772619509,0.5416845439137894,0.5705137733529527,0.7791453,0.9049316166576209
2024-04-17 18:30:00,0.6200026255747904,0.5416845439137894,0.5626184035468528,0.77384156,0.8946182079362951
2024-04-17 19:30:00,0.6360099773513899,0.5416845439137894,0.5639639323872783,0.72478527,0.8733055430175702
2024-04-18 13:30:00,0.5604072684842609,0.5416845439137894,0.5532817272248811,0.67069125,0.8758458058089446
2024-04-18 14:30:00,0.5130704269904615,0.5416845439137894,0.554576350257868,0.7061566,0.8687635674963239
2024-04-18 15:30:00,0.5417494687401656,0.5416845439137894,0.5593669183431533,0.72345823,0.8523079414169592
2024-04-18 16:30:00,0.2914325625652504,0.5416845439137894,0.5530320172093307,0.8317912,0.8880345738701415
2024-04-18 17:30:00,0.5953262490707666,0.5416845439137894,0.5535017850664513,0.89225733,0.8720872987876329
2024-04-18 18:30:00,0.6510982489473855,0.5573794858152289,0.5533129927230627,0.5056256,0.8527823407235909
2024-04-18 19:30:00,0.6829694474474511,0.5573794858152289,0.5510653621692779,0.5273505,0.8351924561541963
2024-04-19 13:30:00,0.6551385855617812,0.5573794858152289,0.5466756004130457,0.56869,0.8292400922458277
2024-04-19 14:30:00,0.6447235843754544,0.5573794858152289,0.5418435166830685,0.64107054,0.8161994793605148
2024-04-19 15:30:00,0.44244431795968364,0.5573794858152289,0.5391680873980127,0.5091812,0.8737452380246225
2024-04-19 16:30:00,0.35147658501245405,0.557379485815229,0.5536133484959853,0.5883366,0.871212945886316
2024-04-19 17:30:00,0.3859615433671913,0.5573794858152289,0.5578174713491134,0.59437364,0.8625452379727726
2024-04-19 18:30:00,0.5929752526359963,0.5573794858152289,0.5612892605059158,0.5874809,0.8448708355508577
2024-04-19 19:30:00,0.7170318095298285,0.557379485815229,0.5578865239698961,0.647553,0.8270742158486747
2024-04-22 13:30:00,0.7271078713550885,0.5573794858152289,0.5384308142043043,0.57080364,0.8289978489828611
2024-04-22 14:30:00,0.7520177666841501,0.5573794858152289,0.5460327164606041,0.54181397,0.8124859947034132
2024-04-22 15:30:00,1.170838209331896,0.5573794858152289,0.5324107413953235,0.41018265,0.8158826282898991
2024-04-22 16:30:00,1.082509565374059,0.5573794858152289,0.5333684140163356,0.6290381,0.8534363981180586
2024-04-22 17:30:00,1.0091223722067273,0.5573794858152289,0.541688257452951,0.6089827,0.8748351095584257
2024-04-22 18:30:00,0.9656430070934425,0.5573794858152289,0.5486782138360946,0.584682,0.875499559280783
2024-04-22 19:30:00,0.9527160264901283,0.5573794858152289,0.5532411339078046,0.5833362,0.8642509486588955
2024-04-23 13:30:00,0.20805180370954765,0.557379485815229,0.5536662798068382,0.4298798,1.0400499509364245
2024-04-23 14:30:00,0.19114140383594097,0.5573794858152289,0.5842024598317211,0.44611597,1.009590311168167
2024-04-23 15:30:00,0.20160487130989954,0.5573794858152289,0.5813271921094744,0.34491622,0.9812003896815451
2024-04-23 16:30:00,0.3751567431250851,0.5573794858152289,0.5832913277170446,0.53154284,0.9529676375977156
2024-04-23 17:30:00,0.37409413568424016,0.557379485815229,0.5744492367603521,0.6238449,0.9295198176566121
2024-04-23 18:30:00,0.42116071776272274,0.5573794858152289,0.5525312287088704,0.4810875,0.9079496282589814
2024-04-23 19:30:00,0.4188290277399114,0.5573794858152289,0.5543452231165324,0.40887028,0.8859129727558304
2024-04-24 13:30:00,0.4326915817312439,0.5573794858152289,0.5523983036917902,0.4696344,0.8680385097466992
2024-04-24 14:30:00,0.30390719547342,0.5573794858152289,0.5502649822827982,0.6329012,0.8728185197890115
2024-04-24 15:30:00,1.2023068541990352,0.5573794858152289,0.5589250645334974,0.6047002,0.8555532609345777
2024-04-24 16:30:00,1.1816638381128013,0.5573794858152289,0.5502147238720831,0.51106817,0.8492621835166759
2024-04-24 17:30:00,1.226330288006975,0.5573794858152289,0.556416405057263,0.45527297,0.8313881827689262
2024-04-24 18:30:00,1.217789519501992,0.5573794858152289,0.5511676452812748,0.4758749,0.8210798173579916
2024-04-24 19:30:00,1.216962211908848,0.5573794858152289,0.5509197329954275,0.5128681,0.8066103796639431
2024-04-25 13:30:00,0.5516812252830459,0.5573794858152288,0.5584099782813338,0.50994617,1.095309860216699
2024-04-25 14:30:00,0.568971461337136,0.5573794858152289,0.604165431116767,0.4775157,1.0590351641427223
2024-04-25 15:30:00,1.0279824219654945,0.5573794858152289,0.5945668708555725,0.5595166,1.0471944006613763
2024-04-25 16:30:00,1.02637014556013,0.5573794858152289,0.6041996911378639,0.53994566,1.0150279456140359
2024-04-25 17:30:00,1.032927459391238,0.5573794858152289,0.6008130834770621,0.49817,0.9850247672543693
2024-04-25 18:30:00,0.9479389308481403,0.5833433091332333,0.5663090972007575,0.5532987,0.9968265550423024
2024-04-25 19:30:00,0.9455318938179071,0.5718620589066364,0.5777690146627348,0.71136755,0.9717250004207859
2024-04-26 13:30:00,0.2649007401077772,0.5980422589796077,0.5724856314344504,0.42961025,1.1156257883222653
2024-04-26 14:30:00,0.3809012715838357,0.5854047247426939,0.5945004172141247,0.5103518,1.0780056688970985
2024-04-26 15:30:00,0.5286089456160679,0.5662726347634602,0.5905749553099643,0.5555787,1.0462184207912517
2024-04-26 16:30:00,0.5255841889242605,0.5796145446489465,0.5878905553973508,0.66131794,1.0172960218086313
2024-04-26 17:30:00,0.5229094412128801,0.5688182367044139,0.5887487729194478,0.6662156,0.9896677551046447
2024-04-26 18:30:00,0.5075819692679407,0.5735430706379214,0.5686370829326441,0.5727814,0.9646748656254114
2024-04-26 19:30:00,0.4475204579723536,0.5553477604381232,0.5672777762218277,0.6604041,0.954415759124628
2024-04-29 13:30:00,0.3067319936516246,0.5805281223980118,0.5694746560212767,0.6168075,0.9617045282441994
2024-04-29 14:30:00,0.39859895960216213,0.5593522927122915,0.5802917296054414,0.68472046,0.9385230726720888
2024-04-29 15:30:00,0.5116794874934707,0.5606881199552928,0.5793217680453054,0.68741053,0.9163003990797979
2024-04-29 16:30:00,0.580937808624185,0.5603399971832277,0.5814818057861753,0.6607428,0.8933743409462245
2024-04-29 17:30:00,0.5664071031587328,0.5743139379974073,0.5754295320872063,0.6879241,0.8761317386066328
2024-04-29 18:30:00,0.597814665464812,0.569490494115822,0.5689230152005361,0.6425108,0.8668016709056805
2024-04-29 19:30:00,0.5258859819817792,0.5523867939735475,0.5695727362217721,0.5802907,0.8670855016276836
2024-04-30 13:30:00,0.4097264948127911,0.5581479111162726,0.5724914735948179,0.601199,0.8756192830377164
2024-04-30 14:30:00,0.6207725672902725,0.5599096593712688,0.5519330040608326,0.5223588,0.8742213780801336
2024-04-30 15:30:00,0.6669934746616426,0.5686433693625468,0.561430293281396,0.5523411,0.8544834810779415
2024-04-30 16:30:00,0.6028430351429785,0.5593260746158734,0.5515549111617081,0.5945367,0.8561366156095586
2024-04-30 17:30:00,0.6041162839778286,0.572631530332625,0.5606149653161402,0.58791417,0.8374868701133794
2024-04-30 18:30:00,0.6021158292342139,0.5663075783975297,0.5545161645506321,0.5212154,0.822008758273862
2024-04-30 19:30:00,0.5336032299321863,0.5522150310041297,0.5439102496025583,0.68520755,0.8795514199743779
2024-05-01 13:30:00,0.8237893261178668,0.5719101757308857,0.5584492912350953,0.7675158,0.8738024225441194
2024-05-01 14:30:00,1.4809527510335967,0.5731775640219862,0.5455488764980089,0.5854205,0.8537202421365466
2024-05-01 15:30:00,1.520988154876295,0.5651312728960931,0.5442887175586564,0.57479906,0.8356498103272443
2024-05-01 16:30:00,1.5197186732022268,0.569151751836575,0.5428739926282717,0.5585243,0.8197070173300649
2024-05-01 17:30:00,1.4468765259080376,0.5783847840412566,0.5297621795777756,0.5643041,0.8588129561156497
2024-05-01 18:30:00,1.3295711017465752,0.590288993972901,0.5404463454459884,0.5333545,0.9467663658605929
2024-05-01 19:30:00,0.508672851547459,0.5683433550221753,0.5657074142801953,0.5027514,1.2181643273357814
2024-05-02 13:30:00,0.4031666815166262,0.57890479597915,0.6042522691881675,0.49912322,1.1951226341803216
2024-05-02 14:30:00,0.4069272301625547,0.5617078297512873,0.6152424945451658,0.53076196,1.1520879368193044
2024-05-02 15:30:00,1.0039872686300566,0.5692848370147586,0.6122865910074001,0.5088667,1.112085322474693
2024-05-02 16:30:00,0.9374386191693941,0.5782193218937384,0.5974237279751605,0.56339484,1.0995273321952599
2024-05-02 17:30:00,0.9614256912477132,0.5603470374071713,0.5853978811042186,0.6503302,1.0639862650020464
2024-05-02 18:30:00,0.9489246767440377,0.6538693892473134,0.5789214371357931,0.52563614,1.03502566485193
2024-05-02 19:30:00,0.9552937197208105,0.6538692889945447,0.5825230617689717,0.5260405,1.0036179148769215
2024-05-03 13:30:00,0.2633685032799979,0.6538697261104436,0.5765061859489393,0.4399056,1.1411219131564658
2024-05-03 14:30:00,0.2718150668806634,0.6538693206252527,0.6104012513668453,0.4328713,1.101648910014227
2024-05-03 15:30:00,0.6059673844963942,0.6538694165637567,0.6018200573646216,0.4753081,1.0748870138783406
2024-05-03 16:30:00,0.6056850631974204,0.6538693340688913,0.6090685978277978,0.35571456,1.0403081959592075
2024-05-03 17:30:00,0.5927775409161873,0.6538693703495531,0.6048173768823535,0.41142672,1.0110413689540447
2024-05-03 18:30:00,0.5985315992260826,0.6538693052641107,0.588985843248813,0.43605703,0.9807124386864898
2024-05-03 19:30:00,0.6240100005907961,0.6538692833526283,0.5872503819451017,0.30100286,0.9535203403122233
2024-05-06 13:30:00,0.23057593001520765,0.6538695697312829,0.5762187024898989,0.46130127,1.0022335067215438
2024-05-06 14:30:00,0.36526004712860227,0.6538692898025764,0.5980317707776103,0.45204204,0.9727684841610751
2024-05-06 15:30:00,0.39067429970604095,0.6538693130879359,0.5987070997893669,0.53536105,0.9451705202727487
2024-05-06 16:30:00,0.4025685284188169,0.6538693449095719,0.5959758502621995,0.48672605,0.9212500384386056
2024-05-06 17:30:00,0.35717656599899217,0.6538693913476411,0.5929034470516853,0.54605263,0.9058064947201938
2024-05-06 18:30:00,0.3486860967505575,0.6538692658301457,0.5822079060921981,0.35401642,0.8851814776315963
2024-05-06 19:30:00,0.36466000424793066,0.6538694318165947,0.5718678511111219,0.43636966,0.8838091836222017
2024-05-07 13:30:00,0.3430059483474564,0.6538693671022889,0.5492892907722614,0.44975275,0.8676201548512581
2024-05-07 14:30:00,0.3177025560185744,0.6538693612203963,0.5475535516605996,0.7220414,0.8521363216907653
2024-05-07 15:30:00,0.32086772545448433,0.6538693220073897,0.5501043005059632,0.51840544,0.8340898675559013
2024-05-07 16:30:00,0.31821850562725007,0.6538693256744695,0.5494027518493311,0.61005855,0.8177591023082622
2024-05-07 17:30:00,0.09799240230585181,0.6538691768353179,0.5383221060441076,0.37348795,0.8261751608463528
2024-05-07 18:30:00,0.12829321497903592,0.6538693346694177,0.5476752032524913,0.4827424,0.8109480817921333
2024-05-07 19:30:00,0.22728840940319114,0.653869305881467,0.5487193757678314,0.33447257,0.7959309644633291
2024-05-08 13:30:00,0.2199708784972435,0.6538692788318419,0.5466397636019495,0.35656172,0.783062462804044
2024-05-08 14:30:00,0.21975658843409984,0.6538693132152275,0.5231830161894774,0.41485882,0.7705532707312331
2024-05-08 15:30:00,0.27453699057832376,0.653869286836331,0.5162599576493788,0.24541163,0.7593577170777152
2024-05-08 16:30:00,0.35336047742815446,0.6538692595895361,0.5129158624510182,0.52021474,0.7517757361967543
2024-05-08 17:30:00,0.3169437022449351,0.653869379248813,0.5135829970985042,0.66069084,0.7517004782470817
2024-05-08 18:30:00,0.34429821002318606,0.6538693394237663,0.5201884945064631,0.5431494,0.7417589055873397
2024-05-08 19:30:00,0.34353737800098416,0.6538692343836351,0.5196231222213523,0.5400482,0.7328235202296585
2024-05-09 13:30:00,0.30129804547592964,0.6538692650777974,0.5160404277334796,0.41693833,0.7327593538466541
2024-05-09 14:30:00,0.1954147684419256,0.653869276705638,0.5034483344420074,0.45383045,0.7417650034485233
2024-05-09 15:30:00,0.20727163353496245,0.6538692224646812,0.508712835137011,0.4652661,0.7357680143825963
2024-05-09 16:30:00,0.16403014457848478,0.653869260755003,0.50906381167987,0.46083084,0.7324390572365314
2024-05-09 17:30:00,0.16983483983626088,0.6538692398160538,0.5141438104959705,0.53288555,0.7241859903198884
2024-05-09 18:30:00,0.17024943626660047,0.6045544325711553,0.5099286115027492,0.5272601,0.7170640049367111
2024-05-09 19:30:00,0.18093044302669523,0.6045522865265159,0.5046680316434586,0.444173,0.7125073615932932
2024-05-10 13:30:00,0.1480387060243582,0.6045544722095214,0.5001665662348205,0.44420043,0.7106787634379097
2024-05-10 14:30:00,0.14532747572576013,0.604553580437003,0.501255278316875,0.66583,0.7050309710719602
2024-05-10 15:30:00,0.21099550742910536,0.6045540098727514,0.5006915451480135,0.4986281,0.6998571773303266
2024-05-10 16:30:00,0.23102379882295518,0.6045538329452335,0.5009494333052356,0.5262997,0.6950246030994234
2024-05-10 17:30:00,0.20631367571616752,0.6045545115968691,0.49889881165547134,0.48370773,0.6937083237656193
2024-05-10 18:30:00,0.2103234340507639,0.6045545311994853,0.4942997402305891,0.5870418,0.690457854882666
2024-05-10 19:30:00,0.20759161051272804,0.6045527670761853,0.4953985026861469,0.61717683,0.6864662349544348
2024-05-13 13:30:00,0.13320411379525615,0.6045546725398048,0.49381679797872474,0.43431294,0.6901948775672455
2024-05-13 14:30:00,0.08912313153886597,0.6045539457932925,0.4972166585343095,0.5097663,0.6889745613674028
2024-05-13 15:30:00,0.266872144333878,0.6045540791849895,0.49957140760977947,0.45684466,0.6849531060795006
2024-05-13 16:30:00,0.26133765792312225,0.6045535878983297,0.4978080402459205,0.4145341,0.6830590151945101
2024-05-13 17:30:00,0.3204871381321822,0.6045543927721174,0.4998392548629072,0.4120463,0.6794193481944181
2024-05-13 18:30:00,0.32096007218915307,0.6045535480271045,0.49595453814142343,0.45573843,0.6760686465661646
2024-05-13 19:30:00,0.40324101262667766,0.6045539437954396,0.49378404306082246,0.2728269,0.6732038975626673
2024-05-14 13:30:00,0.3801940461064087,0.6045544999913021,0.49334364304753897,0.4447852,0.6902016870946082
2024-05-14 14:30:00,0.3767163107736073,0.6045539904261586,0.49973307040667275,0.43704316,0.6869052346317909
2024-05-14 15:30:00,0.6762600886414436,0.604553669972971,0.4945778555063823,0.46052265,0.6933927773881162
2024-05-14 16:30:00,0.7481777149413384,0.6045549614304383,0.5009043115286516,0.41691607,0.6888110855490287
2024-05-14 17:30:00,0.7068829609653349,0.6045546338988802,0.4964880041196616,0.46475825,0.7027515392118056
2024-05-14 18:30:00,0.6879671089688626,0.6045546971800488,0.4997524423479864,0.58783,0.7109097262907688
2024-05-14 19:30:00,0.6881595485757486,0.6045542784962068,0.5072898685759126,0.5234964,0.7048738172030161
2024-05-15 13:30:00,0.3519053464537707,0.6045555263896297,0.5081252613581614,0.6388478,0.7972768515063317
2024-05-15 14:30:00,0.197680524536754,0.6045550457446413,0.5246775324708992,0.38065636,0.8104426819631512
2024-05-15 15:30:00,0.2556445973375459,0.6045544418572405,0.5364733166015745,0.53122246,0.7954671694783237
2024-05-15 16:30:00,0.2344620788538558,0.6045541021587143,0.5309710925112554,0.496009,0.7869808505161456
2024-05-15 17:30:00,0.26057657880805024,0.6045542692294713,0.5353665937249025,0.44618255,0.7742801929665301
2024-05-15 18:30:00,0.29335422891700175,0.6045543059771217,0.5258870371559331,0.40287834,0.7624297988391574
2024-05-15 19:30:00,0.2680194214054693,0.6045541317629202,0.5170041534146451,0.4859329,0.75652856121494
2024-05-16 13:30:00,0.2279543571695618,0.6045540188797238,0.5183976402146616,0.37779114,0.753498617533998
2024-05-16 14:30:00,0.3110378268902577,0.604554676909203,0.5199652837619517,0.50824714,0.7459728947424243
2024-05-16 15:30:00,0.3032433358105886,0.6045536250405434,0.5199176358668984,0.44912946,0.7405115787604178
2024-05-16 16:30:00,0.2819882182642729,0.6045539069334044,0.5207740191434164,0.5653995,0.7368043432607917
2024-05-16 17:30:00,0.2778207286727422,0.6045539858594855,0.5230354448180221,0.41878548,0.7292400051813714
2024-05-16 18:30:00,0.2672058106175615,0.5509980491165154,0.5213012272141548,0.48563904,0.7231403931846451
2024-05-16 19:30:00,0.19866864171488402,0.5509980491165154,0.5192311009352636,0.4062499,0.7313828054122175
2024-05-17 13:30:00,0.3026487205098912,0.5509980491165154,0.5249410842097216,0.5279953,0.7259125558565496
2024-05-17 14:30:00,0.2952347315432235,0.5509980491165154,0.5231499640276919,0.4069506,0.7199955231211352
2024-05-17 15:30:00,0.4554280018973056,0.5509980491165154,0.5246037705331995,0.44389328,0.7132837192745966
2024-05-17 16:30:00,0.4551822403656096,0.5509980491165154,0.5236246579763468,0.4961399,0.7069574519324282
2024-05-17 17:30:00,0.4448316231461626,0.5509980491165154,0.5172811245786366,0.4345352,0.7075973423750831
2024-05-17 18:30:00,0.37858638901840785,0.5509980491165154,0.5162320982878561,0.4966447,0.7197345224498983
2024-05-17 19:30:00,0.3777847731461913,0.5509980491165154,0.5230976620648247,0.6664445,0.7130886547897621
2024-05-20 13:30:00,0.1457630220856802,0.5509980491165154,0.519068173307186,0.30371672,0.7418379792671068
2024-05-20 14:30:00,0.15130355581150962,0.5509980491165154,0.5196098066177381,0.5108422,0.7328641515817278
2024-05-20 15:30:00,0.10064144500470393,0.5509980491165154,0.5114071647658569,0.5118797,0.7282554413395605
2024-05-20 16:30:00,0.10780000819067077,0.5509980491165154,0.5110513427530068,0.512507,0.7223745851463188
2024-05-20 17:30:00,0.11816385990972243,0.5509980491165154,0.5122893138084436,0.48939958,0.7153094060145551
2024-05-20 18:30:00,0.1178249892483581,0.5509980491165154,0.5061835719034702,0.5423332,0.7086655967893898
2024-05-20 19:30:00,0.11883188300720755,0.5509980491165154,0.5051388981200774,0.6274231,0.7031895233807726
2024-05-21 13:30:00,0.14436417990086747,0.5509980491165154,0.5046383843054136,0.3271228,0.6976010113809157
2024-05-21 14:30:00,0.1454611781068559,0.5509980491165154,0.5001910778906142,0.30354065,0.6950634643070456
2024-05-21 15:30:00,0.13855212060396574,0.5509980491165154,0.5016017588001588,0.30298284,0.6912377060815333
2024-05-21 16:30:00,0.13910625426504358,0.5509980491165154,0.5027915871612247,0.29765248,0.6868050598173148
2024-05-21 17:30:00,0.13054505262310995,0.5509980491165154,0.5004444316897887,0.39239722,0.6834620173760727
2024-05-21 18:30:00,0.10368542316109214,0.5509980491165154,0.49993768008881306,0.587321,0.6817970904272547
2024-05-21 19:30:00,0.5883086915453172,0.5509980491165154,0.49962272688272036,0.58388084,0.6809014023605036
2024-05-22 13:30:00,0.6140832317384891,0.5509980491165154,0.49886148741107966,0.4383292,0.6778261845138444
2024-05-22 14:30:00,0.6456961457688802,0.5509980491165154,0.49918031686311004,0.42095578,0.6747152317720297
2024-05-22 15:30:00,0.6565337118084587,0.5509980491165154,0.4991898680539175,0.45573843,0.6718163126503257
2024-05-22 16:30:00,0.6563593257899893,0.5509980491165154,0.49757265983752996,0.36027783,0.6693299076351497
2024-05-22 17:30:00,0.3242770760411221,0.5509980491165154,0.504378976518404,0.6997167,0.7675834984058094
2024-05-22 18:30:00,0.4283868863832684,0.5509980491165154,0.5224150138319982,0.702425,0.7651498945556082
2024-05-22 19:30:00,0.8087648439887398,0.5509980491165154,0.5216527222858812,0.57112414,0.7650863007212767
2024-05-23 13:30:00,0.8060893881037559,0.5509980491165154,0.5258422632769871,0.6183975,0.7578679557796816
2024-05-23 14:30:00,0.8188349202242209,0.5509980491165154,0.5251738908010775,0.5269952,0.7474158604931413
2024-05-23 15:30:00,0.9521504113441699,0.5509980491165154,0.5112436456854862,0.39259753,0.7430367939387658
2024-05-23 16:30:00,0.9156011937895737,0.5509980491165154,0.5101030108065869,0.41796058,0.7648280730507092
2024-05-23 17:30:00,0.5726442950475551,0.5509980491165154,0.5220987844855205,0.52715284,0.8845195660932155
2024-05-23 18:30:00,0.5648464775777485,0.49917498617563993,0.5478367502913273,0.521345,0.8659485962158031
2024-05-23 19:30:00,0.5473121830623696,0.49917498617563993,0.5469073110906668,0.5492131,0.8516299510047992
2024-05-24 13:30:00,0.23234040485823215,0.49917498617563993,0.5426942314361196,0.6236894,0.8950707447915907
2024-05-24 14:30:00,0.15214990262839345,0.49917498617563993,0.5551107933298133,0.63391256,0.8834368793515801
2024-05-24 15:30:00,0.15162305951060887,0.49917498617563993,0.5527709693238105,0.6368048,0.8626439077176383
2024-05-24 16:30:00,0.15896560509348273,0.49917498617563993,0.5519243725325854,0.6236658,0.8436508532571416
2024-05-24 17:30:00,0.15481468728523418,0.49917498617563993,0.5511515787779298,0.5984477,0.8263066379599312
2024-05-24 18:30:00,0.13714944619351177,0.49917498617563993,0.5397904602495489,0.6140422,0.8123222759677762
2024-05-24 19:30:00,0.24402732027248375,0.49917498617563993,0.5370308809859607,0.8456625,0.8002296237886387
2024-05-28 13:30:00,0.24412405360990366,0.49917498617563993,0.540799046820319,0.7284919,0.7861319324302786
2024-05-28 14:30:00,0.372712873555374,0.49917498617563993,0.5391792799462918,0.7742149,0.7740592319113778
2024-05-28 15:30:00,0.6998809971354127,0.49917498617563993,0.5409743952545326,0.75206584,0.7621777815069283
2024-05-28 16:30:00,0.6988001049491881,0.49917498617563993,0.5384392519951717,0.43702945,0.7523445929351057
2024-05-28 17:30:00,0.6634378003479164,0.49917498617563993,0.535908539189809,0.53215975,0.7569685570172235
2024-05-28 18:30:00,0.6636345776723651,0.49917498617563993,0.535694371011586,0.5371343,0.7465880927422603
2024-05-28 19:30:00,0.6017088685693741,0.49917498617563993,0.5294765178233201,0.35219222,0.7601983729554146
2024-05-29 13:30:00,0.1168507778611514,0.49917498617563993,0.5345053334495488,0.572851,0.842035268534289
2024-05-29 14:30:00,0.17802679286946185,0.49917498617563993,0.5568059650147817,0.71170825,0.8250367234600421
2024-05-29 15:30:00,0.4347606364541873,0.49917498617563993,0.5551662003523232,0.52287936,0.8099290215301951
2024-05-29 16:30:00,0.4343628550008822,0.49917498617563993,0.5565359591677469,0.59253365,0.795102896956325
2024-05-29 17:30:00,0.42988090646212845,0.49917498617563993,0.5501991510160006,0.65346116,0.7825200548348392
2024-05-29 18:30:00,0.46181825442527064,0.49917498617563993,0.5218803069390748,0.36033726,0.7706003739335509
2024-05-29 19:30:00,0.46347683222351793,0.49917498617563993,0.5202180182788134,0.503907,0.764576000310988
2024-05-30 13:30:00,0.27785723214641983,0.49917498617563993,0.5213385351368022,0.5152731,0.7731597609012033
2024-05-30 14:30:00,0.31346114897032845,0.49917498617563993,0.5293492366823579,0.3936475,0.7583209130497531
2024-05-30 15:30:00,0.4275525865318792,0.49917498617563993,0.5274045545957674,0.41064975,0.7447705968505459
2024-05-30 16:30:00,0.4301033604786109,0.49917498617563993,0.522823749480583,0.40739307,0.7411348924794802
2024-05-30 17:30:00,0.47927246224405484,0.49917498617563993,0.5247931468078308,0.46994382,0.7352047163287142
2024-05-30 18:30:00,0.5954782602561691,0.49917498617563993,0.519885065633775,0.3436779,0.730417672690796
2024-05-30 19:30:00,0.5774906968668433,0.49917498617563993,0.5217184367270752,0.38018116,0.7252897815455653
2024-05-31 13:30:00,0.5728166012838112,0.49917498617563993,0.5214220316008694,0.37782055,0.7389542763195134
2024-05-31 14:30:00,1.1132046566893194,0.49917498617563993,0.5270844003375915,0.49797633,0.736499871235414
2024-05-31 15:30:00,1.0939949494800616,0.49917498617563993,0.5273725726888098,0.5369974,0.7437230469508943
2024-05-31 16:30:00,1.0978373854522883,0.49917498617563993,0.5298831276291099,0.44817144,0.7728220144872888
2024-05-31 17:30:00,1.1703834360043683,0.49917498617563993,0.544987045222748,0.5478252,0.757998375325381
2024-05-31 18:30:00,1.1437490263256145,0.4534193352899881,0.5342046062421928,0.46115583,0.7664606877243303
2024-05-31 19:30:00,0.6094607479781976,0.4534193352899881,0.5441653267136676,0.48822296,0.9808191968408214
2024-06-03 13:30:00,0.6279580785228485,0.4534193352899881,0.576263873325687,0.53753304,0.9554839515883371
2024-06-03 14:30:00,0.5650036065948701,0.4534193352899881,0.5621177997124307,0.40647054,0.9615772655541026
2024-06-03 15:30:00,0.4188090675570734,0.4534193352899881,0.5871716844602565,0.56163895,0.9686316997131985
2024-06-03 16:30:00,0.45218533539557276,0.4534193352899881,0.5937267077165113,0.58049905,0.9428236919033033
2024-06-03 17:30:00,0.4445289240228494,0.4534193352899881,0.5472933257126549,0.6663245,0.9166576007438078
2024-06-03 18:30:00,0.42914788089619516,0.4534193352899881,0.5453262463422149,0.71160614,0.9016558777719091
2024-06-03 19:30:00,0.4890745792111891,0.4534193352899881,0.5384059555371631,0.67331153,0.896185108980412
2024-06-04 13:30:00,0.5264297338951223,0.4534193352899881,0.5298681186435045,0.63698524,0.8766762854857321
2024-06-04 14:30:00,0.4978008648073457,0.4534193352899881,0.5291096222790456,0.6377445,0.8650995715641221
2024-06-04 15:30:00,0.6147293359761471,0.4534193352899881,0.5344928222701186,0.58076787,0.8431565545635028
2024-06-04 16:30:00,0.6639419499157284,0.4534193352899881,0.5285386715793763,0.6472805,0.8312227448907017
2024-06-04 17:30:00,0.5525698181931419,0.4534193352899881,0.5291993617465575,0.5901265,0.8463983747912721
2024-06-04 18:30:00,0.50923131347781,0.4534193352899881,0.5371294771712283,0.68623817,0.8404742928109167
2024-06-04 19:30:00,0.5114112111863275,0.4534193352899881,0.5380183570590409,0.67617404,0.8247093212478718
2024-06-05 13:30:00,0.36378538990418763,0.4534193352899881,0.5424432486261064,0.6412972,0.8390897238822724
2024-06-05 14:30:00,0.25971174419235354,0.4534193352899881,0.5486506437369606,0.63206977,0.8433139995131876
2024-06-05 15:30:00,0.2677451113768957,0.4534193352899881,0.5469818704282452,0.5951943,0.8232630438448744
2024-06-05 16:30:00,0.26563831711173697,0.4534193352899881,0.540120350557059,0.6421989,0.8076649510107878
2024-06-05 17:30:00,0.26499131248631325,0.4534193352899881,0.5378424574438093,0.6123318,0.7952434342057624
2024-06-05 18:30:00,0.27227702121767683,0.4534193352899881,0.5278068537331833,0.5555787,0.7790363444250985
2024-06-05 19:30:00,0.22605595920151608,0.4534193352899881,0.5134575694919125,0.49031216,0.7723301142424891
2024-06-06 13:30:00,0.2650615535383641,0.4534193352899881,0.5039539269067557,0.52255636,0.7591599272329447
2024-06-06 14:30:00,0.24368447543199104,0.4534193352899881,0.5025556671695014,0.66946733,0.7487033647801622
2024-06-06 15:30:00,0.1998253431858094,0.4534193352899881,0.49904331418683856,0.3978454,0.7414032033824215
2024-06-06 16:30:00,0.1941063557807269,0.4534193352899881,0.4987554533800143,0.45187652,0.7308078129764017
2024-06-06 17:30:00,0.24742956219573745,0.4534193352899881,0.4938446061930854,0.39614123,0.7220062200355959
2024-06-06 18:30:00,0.19633072839993923,0.4534193352899881,0.49558313590694575,0.4020725,0.7188053895293113
2024-06-06 19:30:00,0.33804543649459523,0.4534193352899881,0.4969870339073728,0.36978254,0.708741802394829
2024-06-07 13:30:00,0.3381229229731132,0.4534193352899881,0.4921082573421838,0.4078406,0.6993560766634994
2024-06-07 14:30:00,0.3629464797459189,0.4534193352899881,0.48940779240909305,0.35078505,0.6918185609343529
2024-06-07 15:30:00,0.32310196805273506,0.4534193352899881,0.48996322820746785,0.57215923,0.6937231693702695
2024-06-07 16:30:00,0.3520299018547847,0.4534193352899881,0.48962114436798926,0.61120117,0.6863885908340229
2024-06-07 17:30:00,0.2364043002433241,0.4534193352899881,0.49593740296617866,0.4688364,0.7022069913394742
2024-06-07 18:30:00,0.258414291475716,0.3924485834182795,0.5015224857995566,0.49404022,0.6934137663960517
2024-06-07 19:30:00,0.2174372965978843,0.39244851082653914,0.4984271007700355,0.49536195,0.6917128862291012
2024-06-10 13:30:00,0.2884877064762446,0.3924484785625393,0.4969404797629564,0.51203966,0.6853102784689553
2024-06-10 14:30:00,0.24811563853478993,0.392448489874674,0.4941140754241209,0.36985192,0.6847501773528135
2024-06-10 15:30:00,0.42991688466424044,0.39244851670230313,0.4829048945680267,0.3798482,0.6800908443682789
2024-06-10 16:30:00,0.43767094270924944,0.3924485032333435,0.4847549390442454,0.40320197,0.6766672607342474
2024-06-10 17:30:00,0.4499905972714935,0.3924485188533317,0.48293774139714246,0.4346307,0.6705483926760483
2024-06-10 18:30:00,0.4094310810513099,0.39244853257932266,0.484619505554587,0.55173767,0.6773367257668456
2024-06-10 19:30:00,0.5478609520919341,0.3924484990310322,0.48697365877602844,0.48156935,0.6708307540924208
2024-06-11 13:30:00,0.4152979601030342,0.3924484736858115,0.4949942212354548,0.28405648,0.7051704253763682
2024-06-11 14:30:00,0.43924335803612435,0.39244852030742877,0.5034213810978412,0.44734627,0.7014050265868549
2024-06-11 15:30:00,1.3633111675796286,0.39244851494043526,0.5052705224582864,0.388908,0.6963513660886704
2024-06-11 16:30:00,1.3668845909296043,0.3924485402576395,0.5023454232725885,0.42485356,0.6898561857800813
2024-06-11 17:30:00,1.324278996731209,0.3924485181010293,0.5087545609896447,0.5290766,0.72182005643471
2024-06-11 18:30:00,1.325042871802763,0.3924485139653385,0.5064489947263766,0.49416122,0.7124601533446527
2024-06-11 19:30:00,1.3113822602220568,0.3924485424125309,0.5046479908360355,0.5052809,0.7140419316899023
2024-06-12 13:30:00,0.3714536182830314,0.39244861174111195,0.578882493869015,0.5647286,1.0954158201859046
2024-06-12 14:30:00,0.35551851143978636,0.39244832512069067,0.6171179004624012,0.684807,1.0599636033776787
2024-06-12 15:30:00,0.33359245259845055,0.39244833614083224,0.6131628239807124,0.675055,1.0275075499618904
2024-06-12 16:30:00,0.32567463931999446,0.3924483779917691,0.6147604973271471,0.6138552,0.9948474580464557
2024-06-12 17:30:00,0.4181028433943852,0.3924483391475265,0.6145403460030947,0.670183,0.9636666678989495
2024-06-12 18:30:00,0.4596189286351739,0.39244831888270704,0.5218146170558794,0.5223403,0.9555845194378254
2024-06-12 19:30:00,0.4597326747584615,0.3924483682615157,0.5283711746952574,0.5927216,0.9276568929709336
2024-06-13 13:30:00,0.46348293203382535,0.3924483135667751,0.5264874024722223,0.595774,0.9015285569755774
2024-06-13 14:30:00,0.4629845096124855,0.39244832257033757,0.5265916643116713,0.6390741,0.8768209116225336
2024-06-13 15:30:00,0.47362848154481807,0.3924483086718167,0.5277887023845956,0.6401238,0.8710246104183611
2024-06-13 16:30:00,0.32008800604924426,0.39244839670215625,0.5298092726691239,0.62666625,0.8806017618880534
2024-06-13 17:30:00,0.31869545015290096,0.39244838679457195,0.5393984687354788,0.66648626,0.858298963562231
2024-06-13 18:30:00,0.35759057441382797,0.3924483639555586,0.5392905950361292,0.6493528,0.8382859674238691
2024-06-13 19:30:00,0.3596730067000606,0.3924483399749165,0.5407999984425673,0.71578956,0.8182871194553117
2024-06-14 13:30:00,0.23811232157566647,0.3924482990567044,0.5340820837724811,0.7262857,0.8207119248078274
2024-06-14 14:30:00,0.22559797648961424,0.3924484031278255,0.524720127846175,0.6845953,0.8048097355898045
2024-06-14 15:30:00,0.23215549690377407,0.3924483437423034,0.5259161915376424,0.56892544,0.7882494373481376
2024-06-14 16:30:00,0.3138011270130204,0.3924483244393311,0.5256643118366993,0.66587377,0.7809960724166818
2024-06-14 17:30:00,0.42649909237956163,0.39244833644534305,0.5302689228790157,0.65348065,0.7659823164428335
2024-06-14 18:30:00,0.45098194319719276,0.4239905668791894,0.516324656619288,0.47829497,0.7539880471302122
2024-06-14 19:30:00,0.5389977264168117,0.4226865785439864,0.515867483256294,0.5158835,0.7421055434248787
2024-06-17 13:30:00,0.5352446557396504,0.41766166875198524,0.51577539882837,0.4698931,0.7316409340785508
2024-06-17 14:30:00,0.5095282466665988,0.4233330372804238,0.491177925908879,0.4433183,0.7424446088944461
2024-06-17 15:30:00,0.4230362418818882,0.42621254694997424,0.5024364305310709,0.49900264,0.7542407402953721
2024-06-17 16:30:00,0.39107845602271474,0.4226492980484633,0.5087511979020205,0.43235022,0.749298113499939
2024-06-17 17:30:00,0.2524100920841927,0.4221676766039903,0.5142578444371095,0.49635336,0.7621924567877659
2024-06-17 18:30:00,0.2789172690647388,0.4212218155601821,0.5221748442581029,0.4320872,0.7488669816077806
2024-06-17 19:30:00,0.17576735792202192,0.42267105858409193,0.5131958693381684,0.50577164,0.7502686463493956
2024-06-18 13:30:00,0.16427823912228182,0.4198808683954582,0.5104968665372411,0.43229392,0.7386101686338635
2024-06-18 14:30:00,0.18849756429281345,0.4214641560174477,0.5078756263266547,0.41435418,0.7276880605251986
2024-06-18 15:30:00,0.20997060795865877,0.4204506455348622,0.49569551857652583,0.3422095,0.7174741704813534
2024-06-18 16:30:00,0.17344824756161703,0.41753424877262985,0.49448470267797556,0.5757635,0.7121517806959248
2024-06-18 17:30:00,0.374902629337629,0.4208239839476181,0.48441220326835827,0.5579526,0.7035238031782276
2024-06-18 18:30:00,0.4116719542870926,0.41845347790243137,0.4843818471031363,0.40863115,0.6947978695854533
2024-06-18 19:30:00,0.5437627126144936,0.4045355547133281,0.48397274136057555,0.4914095,0.6903580393215505
2024-06-20 13:30:00,0.5582333353914871,0.4239596318572399,0.48629360677534245,0.60417867,0.6860884482012465
2024-06-20 14:30:00,0.557342386131615,0.42196482408426433,0.48290724704436283,0.5428546,0.6794391830989664
2024-06-20 15:30:00,0.6549430015205419,0.41509355397973713,0.4942598196973145,0.34095156,0.7073390123624014
2024-06-20 16:30:00,0.632193160904557,0.4190565765274021,0.5035227852421427,0.43503585,0.7069118368047894
2024-06-20 17:30:00,0.5336422359867669,0.4301329657123162,0.5112996180638457,0.5445684,0.7381277705638364
2024-06-20 18:30:00,0.5502982089354335,0.4176429449529068,0.5198066296930407,0.46368766,0.7340457743375578
2024-06-20 19:30:00,0.5602196787536967,0.42102859299875783,0.523731604113575,0.40551618,0.7228525458443364
2024-06-21 13:30:00,0.29077183109356486,0.413794398323554,0.5226178312307772,0.49895194,0.7776674723433359
2024-06-21 14:30:00,0.2943040018903528,0.42467031295457197,0.535440820845061,0.5258142,0.7625167175050132
2024-06-21 15:30:00,0.3477747594618466,0.4178920637954455,0.5211982878644523,0.547619,0.755088637282573
2024-06-21 16:30:00,0.30336789953467513,0.4169774187280669,0.5200015369523792,0.58137727,0.7544484355477085
2024-06-21 17:30:00,0.28408498666791626,0.42120630168262146,0.5238374699128914,0.51734984,0.7446283241919471
2024-06-21 18:30:00,0.4175588680202049,0.42026712289457924,0.4996342085782129,0.4332475,0.7330154581207765
2024-06-21 19:30:00,0.42477241821536044,0.4240124226291665,0.5001603228773006,0.44663042,0.7222114423419307
2024-06-24 13:30:00,0.3602205652417293,0.4226602278427905,0.4989352378102137,0.4103459,0.7284962929352718
2024-06-24 14:30:00,0.44720611492617524,0.4233258092680376,0.4988081365370487,0.4344803,0.7221859970389738
2024-06-24 15:30:00,0.5114918685445639,0.41786280635105105,0.5001237233580186,0.3863542,0.7119285559495487
2024-06-24 16:30:00,0.4063293394217185,0.4171015708266882,0.5050018749337736,0.51509553,0.7305766108028713
2024-06-24 17:30:00,0.4039829928278238,0.4182834237900226,0.5125579776053857,0.47650182,0.7217523498085647
2024-06-24 18:30:00,0.3952456180305471,0.43865617135152274,0.5070656662723277,0.46046266,0.7133355282301599
2024-06-24 19:30:00,0.33859583957452927,0.43865600815241923,0.5097498462222342,0.51934063,0.7289376865324734
2024-06-25 13:30:00,0.23348894970451448,0.43865614117209717,0.5178720051451474,0.5857186,0.7358809036480355
2024-06-25 14:30:00,0.24087099795918987,0.43865596262781353,0.5158757004875508,0.46860355,0.7241906668636566
2024-06-25 15:30:00,0.2902087799862137,0.4386559810750281,0.513547906095182,0.5249325,0.7153793471468777
2024-06-25 16:30:00,0.29132079143395145,0.4386559545194106,0.5128270750667006,0.5010272,0.7054604396825018
2024-06-25 17:30:00,0.30127824854293644,0.43865627803077734,0.5016032016193122,0.5303718,0.709824224315369
2024-06-25 18:30:00,0.32220649287300274,0.43865635612884507,0.4946781466437395,0.3945129,0.7010991029081137
2024-06-25 19:30:00,0.31914898641295175,0.43865606990045386,0.4945137660951687,0.3826185,0.6934975152196011
2024-06-26 13:30:00,0.2634643650287276,0.4386560752291024,0.49572208608520885,0.4923576,0.6954137593976037
2024-06-26 14:30:00,0.3086680789993663,0.4386561435260674,0.49550070183171235,0.5450791,0.6874555957317386
2024-06-26 15:30:00,0.27893232395539486,0.4386562305439355,0.4912668195440629,0.53403884,0.6955250726699399
2024-06-26 16:30:00,0.33738085813624175,0.4386561144933612,0.49621633450155256,0.5428411,0.6920472522981472
2024-06-26 17:30:00,0.35076368096152594,0.43865617186249,0.4975666409029652,0.5254854,0.6846652306686748
2024-06-26 18:30:00,0.35968089788698904,0.43865607003688717,0.49302944226450607,0.50592864,0.6775190430533816
2024-06-26 19:30:00,0.4264550829739023,0.43865620110426745,0.49297873043557366,0.46904975,0.6792171031764441
2024-06-27 13:30:00,0.42617130614868515,0.43865632520029596,0.49042603885567976,0.47088617,0.6828543387834491
2024-06-27 14:30:00,0.3756491008330552,0.43865623926882025,0.4941089086939221,0.48360294,0.6916112865345538
2024-06-27 15:30:00,0.6842672739671616,0.4386563571127473,0.49913256436741377,0.6006844,0.6870865073414631
2024-06-27 16:30:00,0.7541210547110975,0.43865595457383233,0.5008104921291078,0.45944488,0.6816741126027853
2024-06-27 17:30:00,0.7133135499799473,0.43865607853218386,0.4999403568877586,0.5981186,0.6988886528487837
2024-06-27 18:30:00,0.7010342000229092,0.4386563164602158,0.5037048062771747,0.5195346,0.7004191958607243
2024-06-27 19:30:00,0.7120022989154489,0.43865657815598236,0.5017478026597606,0.46404794,0.695122504994842
2024-06-28 13:30:00,0.4259638072119252,0.43865656157730226,0.5195714332707224,0.4389979,0.7834076607931909
2024-06-28 14:30:00,0.3006491262086899,0.4386558192267358,0.5349101266291464,0.5609579,0.7964396622448717
2024-06-28 15:30:00,0.27027459852368496,0.4386562132326937,0.5376853445452958,0.6024194,0.784851050928639
2024-06-28 16:30:00,0.23984592973000815,0.43865599206058103,0.5371689380555096,0.57710606,0.7733633420254921
2024-06-28 17:30:00,0.2529310681510999,0.4386560839848982,0.5374651434123545,0.56078655,0.7658014972829588
2024-06-28 18:30:00,0.2287201439256189,0.43865611576865093,0.5127988113794553,0.52257705,0.7550334484101305
2024-06-28 19:30:00,0.1958451619224007,0.43865589991511866,0.5013186810950778,0.50678515,0.7462049587971495
2024-07-01 13:30:00,0.2094246017183284,0.4386561009327035,0.5012212446562566,0.3512642,0.7341455388621191
2024-07-01 14:30:00,0.2826355215498468,0.43865616911941807,0.4986389930765776,0.47359267,0.7226743698625893
2024-07-01 15:30:00,0.21656725737972193,0.43865651069685,0.49522278354362054,0.34735236,0.7217397253042903
2024-07-01 16:30:00,0.25285206456494347,0.43865620517084863,0.4969970251346856,0.48387957,0.7114724478275725
2024-07-01 17:30:00,0.2520466418096428,0.4386560681229145,0.49324696748497143,0.42719057,0.7024748558338979
2024-07-01 18:30:00,0.2808202244846661,0.43252326000236974,0.49327644524320896,0.420409,0.6958901393647491
2024-07-01 19:30:00,0.28344802242420003,0.4325228067844535,0.49718303866748664,0.45869136,0.6986689631614876
2024-07-02 13:30:00,0.2870041925631589,0.4325228732877955,0.4966498724404417,0.5097675,0.6901891337541134
2024-07-02 14:30:00,0.3120691059175283,0.43252327126471646,0.49552739567018644,0.41539976,0.6879299771467199
2024-07-02 15:30:00,0.31169228084669837,0.4325228158478514,0.4974428530810565,0.3613769,0.6809180827450829
2024-07-02 16:30:00,0.31351595948544003,0.43252280334691673,0.4967303447670998,0.36418417,0.6810707524372103
2024-07-02 17:30:00,0.31782163098920846,0.43252315226374505,0.496178180223847,0.4564733,0.6858537466991752
2024-07-02 18:30:00,0.35903507192981,0.432523087438177,0.4997448568185014,0.3987737,0.6791491762908958
2024-07-02 19:30:00,0.3431550179852042,0.4325235215293315,0.4976113528895338,0.48876646,0.6825999302272087
2024-07-03 13:30:00,0.3637318703779294,0.4325229240302126,0.501992637052294,0.41263726,0.6760002347242691
2024-07-03 14:30:00,0.3324121951555512,0.4325227868943121,0.49093607693805696,0.40336174,0.677000731792302
2024-07-03 15:30:00,0.26620241561195573,0.4325234606519663,0.4878966727723187,0.45060378,0.6830529646862136
2024-07-05 13:30:00,0.20979672504974003,0.43252313101445367,0.4928355669091947,0.34046933,0.6851993776966457
2024-07-05 14:30:00,0.16198683642921055,0.4325231872021842,0.4924071425398716,0.41035527,0.6846114424050268
2024-07-05 15:30:00,0.17484880253463284,0.43252284530050267,0.49461922154732196,0.44534686,0.6823158087937408
2024-07-05 16:30:00,0.17010149858650042,0.4325226753087533,0.49408808874937576,0.41770434,0.6759452519392991
2024-07-05 17:30:00,0.21895321137992302,0.43252334624321237,0.4881425488060043,0.5296163,0.6698099544466718
2024-07-05 18:30:00,0.2191711235125598,0.43252282558578103,0.482327413542,0.37031478,0.6649118351665555
2024-07-05 19:30:00,0.2176555826197813,0.4325228767147232,0.47791031016426866,0.482601,0.660744234519791
2024-07-08 13:30:00,0.19687786546656627,0.432523626352085,0.47610917623522364,0.38629,0.6621735880448038
2024-07-08 14:30:00,0.23485952544650296,0.43252256172275966,0.47956232082258515,0.41238543,0.657146817396841
2024-07-08 15:30:00,0.22389235434362012,0.4325224899490799,0.48065132351471385,0.38243872,0.6588371462080775
2024-07-08 16:30:00,0.21663901759171753,0.4325220192525123,0.4832709993080717,0.39745232,0.6550013119613181
2024-07-08 17:30:00,0.23841710540953875,0.4325235609608755,0.48206467388847596,0.37147945,0.651561374348273
2024-07-08 18:30:00,0.245961037377781,0.43252296053664024,0.4789385266284264,0.36909884,0.651163660113571
2024-07-08 19:30:00,0.21382959870801296,0.4325233426896158,0.48162174224169785,0.39813483,0.6524637368881737
2024-07-09 13:30:00,0.17549960399257156,0.4325233923249899,0.4812970492379992,0.43134397,0.653020323307145
2024-07-09 14:30:00,0.1758062402700378,0.4325231074282603,0.4836961067521145,0.59277475,0.6487050023583711
2024-07-09 15:30:00,0.30211419382373755,0.4325233183372798,0.4813052322170544,0.4085922,0.6490785414466744
2024-07-09 16:30:00,0.28139927428732125,0.432522623779134,0.4821352880855248,0.44103426,0.6501084994862205
2024-07-09 17:30:00,0.3577902216350513,0.43252286517753247,0.4807277150836886,0.47693545,0.6467410738036179
2024-07-09 18:30:00,0.3658949772058913,0.43252261289198174,0.4784819019773358,0.7159332,0.6430259170033078
2024-07-09 19:30:00,0.36727954145083924,0.43252297826448227,0.47751689048776547,0.54447925,0.6396917148415165
2024-07-10 13:30:00,0.2638107137604025,0.43252344608289495,0.48166028630834257,0.4556784,0.6604401442609898
2024-07-10 14:30:00,0.33369287202950315,0.43252315212185066,0.48575830819012533,0.45551524,0.6564750525674403
2024-07-10 15:30:00,0.3620514883235617,0.3889859245998659,0.4882179303504151,0.4951901,0.6680189436744931
2024-07-10 16:30:00,0.563534859911022,0.3889859245998659,0.4933951038676388,0.63028985,0.6641695655725798
2024-07-10 17:30:00,0.562890252619664,0.3889859245998659,0.494871690826772,0.62379205,0.6591710236587882
2024-07-10 18:30:00,0.5559217569942705,0.3889859245998659,0.48398453326265023,0.4496105,0.6569265225972056
2024-07-10 19:30:00,0.5350065325257332,0.3889859245998659,0.48774396145794335,0.59011143,0.6665690293048644
2024-07-11 13:30:00,0.46758182117874736,0.3889859245998659,0.49059123433576174,0.35562503,0.6830429001350713
2024-07-11 14:30:00,0.1638304838109696,0.3889859245998659,0.5076483894249816,0.46847603,0.7332409775893419
2024-07-11 15:30:00,0.6236041744744713,0.3889859245998659,0.5210655260386247,0.51408595,0.7218523175263584
2024-07-11 16:30:00,0.7128333709825252,0.3889859245998659,0.51990774838905,0.6461336,0.7114695440306348
2024-07-11 17:30:00,0.723167544250946,0.3889859245998659,0.5144065393289815,0.5676138,0.7084581142074154
2024-07-11 18:30:00,0.7883646414059778,0.3889859245998659,0.5113649763260878,0.424674,0.7000151753615333
2024-07-11 19:30:00,0.7943458963026893,0.3889859245998659,0.484789991964227,0.5140651,0.6915859790485857
2024-07-12 13:30:00,0.5191187078686902,0.3889859245998659,0.5148640931137582,0.4220969,0.7871277147459915
2024-07-12 14:30:00,0.6483067211836865,0.3889859245998659,0.53307015803027,0.65556765,0.8030417790157721
2024-07-12 15:30:00,0.7950292332103277,0.3889859245998659,0.5396074701291785,0.7910069,0.7955867577308343
2024-07-12 16:30:00,0.7505040640404081,0.3889859245998659,0.5429232837034853,0.68492573,0.8057998144989295
2024-07-12 17:30:00,0.7582103666507929,0.3889859245998659,0.5504105813935958,0.7037211,0.7909654250685707
2024-07-12 18:30:00,0.7880334315488844,0.3889859245998659,0.5278978987564632,0.7711101,0.7749084914399704
2024-07-12 19:30:00,0.5924939211718686,0.3889859245998659,0.5280814965853702,0.63333404,0.8312532533662066
2024-07-15 13:30:00,0.32302288153772146,0.3889859245998659,0.5455822687257322,0.5518938,0.8736782810087087
2024-07-15 14:30:00,0.28671034680403906,0.3889859245998659,0.55125010557233,0.7246699,0.8589283563027693
2024-07-15 15:30:00,0.32221557271224177,0.3889859245998659,0.5532915897256874,0.74020225,0.8426773018551061
2024-07-15 16:30:00,0.2848961183703057,0.3889859245998659,0.5536714306387235,0.6589301,0.8341844406392382
2024-07-15 17:30:00,0.32571116663359045,0.3889859245998659,0.5422190193082593,0.7716653,0.8145872926631075
2024-07-15 18:30:00,0.3229033127788309,0.3889859245998659,0.5173358673282018,0.5017089,0.7969365543352059
2024-07-15 19:30:00,0.327014583836063,0.3889859245998659,0.5122690463070735,0.54151314,0.7829956162950978
2024-07-16 13:30:00,0.3119227352865209,0.3889859245998659,0.5120518401006023,0.54775095,0.7790819963975762
2024-07-16 14:30:00,0.2800095629292229,0.3889859245998659,0.5097121973638759,0.41388738,0.7704115512243647
2024-07-16 15:30:00,1.1195175164574296,0.3889859245998659,0.5108010015089968,0.55957144,0.7628323165125632
2024-07-16 16:30:00,1.119492670987414,0.3889859245998659,0.5151269453280257,0.5689782,0.7489114059935534
2024-07-16 17:30:00,1.135135197446816,0.3889859245998659,0.5125417418819562,0.59180385,0.739856540792014
2024-07-16 18:30:00,1.1202007618506145,0.3889859245998659,0.5091634525671832,0.57700485,0.7374263360072474
2024-07-16 19:30:00,1.1239753735298295,0.3889859245998659,0.5098524365603039,0.57325476,0.7271542850598274
2024-07-17 13:30:00,0.25078111628568345,0.3889859245998659,0.5676623527717393,0.47752437,1.0082722935022674
2024-07-17 14:30:00,0.3209188223182089,0.3889859245998659,0.5983041796046047,0.51998645,0.9757432238272018
2024-07-17 15:30:00,0.4112942166495193,0.42559124831915746,0.5922669186319709,0.557187,0.9561758885486463
2024-07-17 16:30:00,0.993229072185165,0.42559124831915746,0.5975222448426543,0.5050931,0.9272866257240557
2024-07-17 17:30:00,0.9991983680388011,0.42559124831915746,0.5930226295516584,0.5373258,0.903750186073061
2024-07-17 18:30:00,1.0329383443360212,0.42559124831915746,0.5180850959324436,0.42750478,0.8787002400720134
2024-07-17 19:30:00,1.0635771004716637,0.42559124831915746,0.518574143564249,0.5703074,0.8653618412734151
2024-07-18 13:30:00,1.028752244116482,0.42559124831915746,0.52028002469461,0.55270123,0.8712853056938273
2024-07-18 14:30:00,0.537609610481718,0.42559124831915746,0.5611935336737044,0.4534348,1.0311167998684634
2024-07-18 15:30:00,0.5848127677628261,0.42559124831915746,0.585610319954263,0.5252246,1.0023782630529898
2024-07-18 16:30:00,0.5867383083503639,0.42559124831915746,0.585915483489401,0.53070503,0.9849274934900433
2024-07-18 17:30:00,0.49562412077161977,0.42559124831915746,0.5873279438642124,0.5122389,0.9767167846659524
2024-07-18 18:30:00,0.5256650440217616,0.42559124831915746,0.5884827771275407,0.53233165,0.9556021565527671
2024-07-18 19:30:00,0.47814069137040094,0.42559124831915746,0.5443926021273351,0.7006358,0.9375653164675081
2024-07-19 13:30:00,0.4535866757824608,0.42559124831915746,0.5473859879016248,0.7093881,0.9280290627624014
2024-07-19 14:30:00,0.41317634541605885,0.42559124831915746,0.5483284789234104,0.70958114,0.9175276178644326
2024-07-19 15:30:00,0.8715083772631764,0.42559124831915746,0.5460332822717184,0.6437849,0.892856035532621
2024-07-19 16:30:00,0.869931980164629,0.42559124831915746,0.5430429996283114,0.6986974,0.8859705569879909
2024-07-19 17:30:00,0.8728313622940569,0.42559124831915746,0.5468716201687253,0.66470176,0.862324058315183
2024-07-19 18:30:00,0.913927138189626,0.42559124831915746,0.5380778430877413,0.6202328,0.8542569686400058
2024-07-19 19:30:00,0.8977103703130922,0.42559124831915746,0.5359971551892373,0.6099817,0.8419174643274207
2024-07-22 13:30:00,0.4595813059549433,0.42559124831915746,0.5643670302800478,0.41485426,0.9615263898603317
2024-07-22 14:30:00,0.37672917743936535,0.42559124831915746,0.5685774098100702,0.5636792,0.9478390738523618
2024-07-22 15:30:00,0.44231946961775453,0.42559124831915746,0.575052402978374,0.569866,0.9207782600058845
2024-07-22 16:30:00,0.268682262590476,0.42559124831915746,0.5704546193653885,0.58778405,0.9243228988005648
2024-07-22 17:30:00,0.35505121612499735,0.42559124831915746,0.5780825861198207,0.6071192,0.8992516245629133
2024-07-22 18:30:00,0.3591205713066612,0.42559124831915746,0.5407968193636317,0.7324315,0.8745577484447121
2024-07-22 19:30:00,0.35910349139737646,0.42559124831915746,0.5329519189756786,0.6972683,0.8518278670098532
2024-07-23 13:30:00,0.27055845498823416,0.42559124831915746,0.5319793865030439,0.6971566,0.8454970227592135
2024-07-23 14:30:00,0.3721291622771063,0.42559124831915746,0.5204557001793001,0.49785793,0.8263770304361031
2024-07-23 15:30:00,1.4261697735363201,0.42559124831915746,0.5129640748683083,0.5097622,0.822758645333389
2024-07-23 16:30:00,1.4449055900025403,0.42559124831915746,0.5191438438924002,0.48000246,0.8046870195329947
2024-07-23 17:30:00,1.4481258216881863,0.42559124831915746,0.5191680645401548,0.54704136,0.7874061958383207
2024-07-23 18:30:00,1.4470949560791015,0.42559124831915746,0.5085614774180932,0.49276543,0.772287959785499
2024-07-23 19:30:00,1.4328173829551716,0.42559124831915746,0.511398169656221,0.57701015,0.7769796288250943
2024-07-24 13:30:00,0.4433055733144686,0.42559124831915746,0.5924782929758738,0.47525132,1.1836415829097495
2024-07-24 14:30:00,0.3825034625525535,0.42559124831915746,0.6313457465031246,0.5542547,1.149678534423013
2024-07-24 15:30:00,0.3862322084200167,0.46884657637836835,0.6355124170923874,0.5612407,1.1093841781795213
2024-07-24 16:30:00,0.6199516998632854,0.46884657637860944,0.637944998992481,0.6487655,1.069966636814143
2024-07-24 17:30:00,0.8010018387747126,0.46884657643254296,0.6312585149181953,0.5573075,1.0392323070983482
2024-07-24 18:30:00,0.7816623282923122,0.4688465763841246,0.5387787286939498,0.5749702,1.0250391061561652
2024-07-24 19:30:00,0.8413893948596214,0.4688465763096743,0.5403657850701301,0.56265205,0.9926831614362248
2024-07-25 13:30:00,0.8343840129821435,0.4688465750863817,0.5394533848188242,0.49642166,0.9639653723427763
2024-07-25 14:30:00,1.1174220041769038,0.4688465746177423,0.5447298127717468,0.7032275,0.9859776005026718
2024-07-25 15:30:00,1.3848301038576527,0.46884657401019175,0.5616339151512634,0.42876953,1.0161419425358469
2024-07-25 16:30:00,1.3619882302096729,0.4688465742598053,0.56937389876111,0.6000989,0.9975712737817517
2024-07-25 17:30:00,1.3926927602944625,0.4688465742596625,0.5725552923773869,0.53451204,0.9879754955158173
2024-07-25 18:30:00,1.4184079177309428,0.4688465742231936,0.5812347547547276,0.49856272,0.9570326208171085
2024-07-25 19:30:00,1.2016372064994092,0.4688465752949138,0.5866413831017896,0.489172,1.0917745260450848
2024-07-26 13:30:00,0.6999076309517607,0.4688465806620078,0.6159808593433826,0.5001463,1.229288763680077
2024-07-26 14:30:00,0.6991001277824215,0.46884657998264373,0.6425280734500833,0.49252874,1.1830329778350732
2024-07-26 15:30:00,0.5776046526587366,0.4688465807030619,0.6352800789626051,0.5340278,1.1728440545024315
2024-07-26 16:30:00,0.5572349789131006,0.4688465801270626,0.6429514225033052,0.5031553,1.1427006588518613
2024-07-26 17:30:00,0.45301243387255097,0.46884658121130857,0.618804927828523,0.5636195,1.1421576648794511
2024-07-26 18:30:00,0.4675262664267952,0.46884658078702157,0.5872652954699739,0.48663676,1.1009619191289177
2024-07-26 19:30:00,0.4667259097640281,0.4688465805268221,0.5865533740391179,0.50097734,1.062997012991189
2024-07-29 13:30:00,0.43846571534554596,0.4688465787732008,0.571728206768345,0.44932383,1.0333597376556463
2024-07-29 14:30:00,0.3964937586659379,0.4688465786991395,0.5517598962759055,0.64992976,1.0095084340999638
2024-07-29 15:30:00,0.20934610194095835,0.4688465788624701,0.5392694346638951,0.48766798,1.0011751548358088
2024-07-29 16:30:00,0.5451377329473399,0.46884657906834815,0.5474974874659964,0.60201824,0.9725061086287989
2024-07-29 17:30:00,0.5944635968477624,0.468846579016129,0.5494476082559105,0.6037416,0.9433635461546709
2024-07-29 18:30:00,0.5907472909861222,0.4688465790420453,0.5459752196636865,0.53865707,0.9171005063965162
2024-07-29 19:30:00,0.6347909235257811,0.46884657919142925,0.5401828047031356,0.560314,0.8946055475614475
2024-07-30 13:30:00,0.6349714150881028,0.4688465790318448,0.5260947006420912,0.42087078,0.8705553511565318
2024-07-30 14:30:00,0.36776414868863666,0.46884657935037394,0.543241466392982,0.48362178,0.9121615980649113
2024-07-30 15:30:00,1.5605583191485246,0.4688465793489099,0.5547696809697671,0.6700491,0.9006471280046832
2024-07-30 16:30:00,1.5666803312091095,0.46884657934766616,0.5577035284493934,0.57526624,0.8765458096735631
2024-07-30 17:30:00,1.548439325226902,0.4688465795043894,0.5549639839284669,0.6104809,0.8703456693827727
2024-07-30 18:30:00,1.5482434672039236,0.4688465794992922,0.5611088680808771,0.6370151,0.8481904469070002
2024-07-30 19:30:00,1.5518887366579621,0.46884658042936506,0.5372534377379725,0.5259327,0.8276559339950699
2024-07-31 13:30:00,0.31876825256684777,0.46884658276661034,0.6107922833365081,0.43360174,1.2821771833093527
2024-07-31 14:30:00,0.31310270173438876,0.4688465812624094,0.6476891063574177,0.44683477,1.2352723203365332
2024-07-31 15:30:00,0.31251193152747136,0.5529685878613605,0.6473404338449589,0.47433165,1.189733967582736
2024-07-31 16:30:00,0.7367414418758332,0.5529685877062749,0.6480815976619648,0.59791446,1.1451381290735838
2024-07-31 17:30:00,0.7575695196001129,0.5529685877252971,0.6452071922095249,0.59232986,1.1056577769403004
2024-07-31 18:30:00,0.878858685192226,0.5529685880280119,0.5288903831631547,0.43988544,1.0769260109440375
2024-07-31 19:30:00,0.9464884595746353,0.5529685887098839,0.5316183900105231,0.482671,1.0433636605339731
2024-08-01 13:30:00,0.9664337130361059,0.5529685872407101,0.5325164377450262,0.5005083,1.0108169218872685
2024-08-01 14:30:00,0.756127741044479,0.552968588916343,0.5566585048334887,0.46385777,1.0694738022680137
2024-08-01 15:30:00,2.4503086668427527,0.5529685866150331,0.5732649794568394,0.4975475,1.0415029562444893
2024-08-01 16:30:00,2.4066281731301826,0.5529685870336062,0.576002886192164,0.46428335,1.0578648558777366
2024-08-01 17:30:00,2.456815316328483,0.552968586498284,0.5872851221296573,0.41723174,1.0506116781317234
2024-08-01 18:30:00,2.479498356426778,0.5529685841708272,0.5944351641917337,0.40833917,1.0253876716445987
2024-08-01 19:30:00,2.47236735331691,0.5529685665678915,0.5741106698293519,0.51354206,1.009191435615326
2024-08-02 13:30:00,0.8050721181873184,0.5529685962920973,0.698941235174936,0.46060997,1.8031576320073062
2024-08-02 14:30:00,0.7899080839551643,0.5529686175682632,0.764236467469615,0.51175517,1.7262795527826844
2024-08-02 15:30:00,3.5372782483245135,0.5529686208061181,0.7558403336647803,0.4811174,1.6973715973684413
2024-08-02 16:30:00,3.6469277760470273,0.552968623319746,0.7655220679316257,0.48892298,1.6425469382591407
2024-08-02 17:30:00,3.7158729267584047,0.5529686239215598,0.7710186203118283,0.5018833,1.5765585277690546
2024-08-02 18:30:00,3.7892137722878623,0.5529686239144671,0.6245335520381284,0.4635975,1.509573954945249
2024-08-02 19:30:00,3.7895924039029625,0.5529686235945581,0.6226521049321366,0.5480299,1.4472680491192953
2024-08-05 13:30:00,1.5242912181467272,0.5529686902802299,0.8169936705598946,0.46060997,2.6594380216502373
2024-08-05 14:30:00,1.1872841468718067,0.5529687886851888,0.9028961535549431,0.46202838,2.6078516171797737
2024-08-05 15:30:00,1.407001479080968,0.552968787898428,0.9185633913945057,0.4784287,2.5280780040278925
2024-08-05 16:30:00,1.1946826447338768,0.5529687991204572,0.9271587682351579,0.4784287,2.454558026944
2024-08-05 17:30:00,1.367405071232875,0.552968800856127,0.9470203206431111,0.502863,2.338210068525235
2024-08-05 18:30:00,1.3262000462208512,0.5529688012619696,0.7330663524215094,0.48831007,2.2487655849312413
2024-08-05 19:30:00,1.3272622182475404,0.552968803428163,0.7123011202189441,0.5304302,2.145541198983447
2024-08-06 13:30:00,0.8969335523747259,0.5529688059598321,0.7081316095587604,0.44400275,2.1569816344704265
2024-08-06 14:30:00,1.2414419752444954,0.5529688120940968,0.7201135306703681,0.45661294,2.05628839878245
2024-08-06 15:30:00,1.6243505979293977,0.5529688150058562,0.7169395143129,0.5771133,2.0089886223407616
2024-08-06 16:30:00,1.5915961752111085,0.552968814971257,0.7239971291880422,0.5414672,1.9293269524636008
2024-08-06 17:30:00,1.6176890632947485,0.5529688146405926,0.7283901242140083,0.5556588,1.844817042866053
2024-08-06 18:30:00,1.7406433274758295,0.5529688164906851,0.6829203787849258,0.45006663,1.7807165833276988
2024-08-06 19:30:00,1.616027282671051,0.5529688067433639,0.7018653752640183,0.5496926,1.7899679679422038
2024-08-07 13:30:00,1.0291666377875672,0.55296881905395,0.7292268552647231,0.44754794,1.8906566765998594
2024-08-07 14:30:00,1.120379622166101,0.5529688247470826,0.7411810428299309,0.49012077,1.8063208989628767
2024-08-07 15:30:00,2.058553728004611,0.8212824055074305,0.7372057975209534,0.48450157,1.7392328934414614
2024-08-07 16:30:00,1.9120121325400177,0.8212821391933263,0.7357314726230976,0.4715895,1.7331010694074183
2024-08-07 17:30:00,1.8274423644439546,0.8212823972419332,0.7313327961657625,0.47959936,1.696432939253003
2024-08-07 18:30:00,1.8493787205121397,0.8212825475238129,0.6943595585333722,0.39632243,1.6216382470268076
2024-08-07 19:30:00,1.7914229391786471,0.8212824100378087,0.6909049497856617,0.5662014,1.579456000902621
2024-08-08 13:30:00,0.3779316049577367,0.8212839637695124,0.7452690912142335,0.46060997,1.8934260131343659
2024-08-08 14:30:00,0.45252577931547455,0.8212829765925901,0.7346018436510531,0.48337364,1.8065457357703867
2024-08-08 15:30:00,0.4394587663619324,0.8212831756147512,0.7186457293562905,0.4825487,1.7260236047667092
2024-08-08 16:30:00,0.32886106573585333,0.8212832066326248,0.7119156143509764,0.5253836,1.6597288803202301
2024-08-08 17:30:00,0.3358839288278866,0.8212827918911261,0.7105114496351878,0.5163537,1.5870199264903198
2024-08-08 18:30:00,0.7677750274351797,0.8212826291478053,0.579736412904353,0.37255904,1.5231380819881633
2024-08-08 19:30:00,0.8262146159110119,0.8212838836119903,0.5836899503625055,0.43683758,1.4666287245966212
2024-08-09 13:30:00,0.8368993562044285,0.821282527871425,0.590208003093437,0.37536433,1.4046066388785305
2024-08-09 14:30:00,0.8364585640432751,0.821282122352163,0.5719904547541919,0.35789746,1.3466366164307921
2024-08-09 15:30:00,0.8642098844835553,0.8212825132218828,0.5707427714711484,0.40688378,1.293618315152049
2024-08-09 16:30:00,0.5394787418281949,0.8212826211782415,0.5900352528490747,0.4322725,1.3263839085246039
2024-08-09 17:30:00,0.4308189320619339,0.8212821784603146,0.6059134803480426,0.44091824,1.29826703619811
2024-08-09 18:30:00,0.42737799508944674,0.8212824386309193,0.6151398808338667,0.43835023,1.2495695012213044
2024-08-09 19:30:00,0.45108220281775474,0.8212836723201598,0.6172261809013835,0.4204584,1.201155439034799
2024-08-12 13:30:00,0.3819983828239366,0.8212807883070059,0.608495155020284,0.47329944,1.1660453813606793
2024-08-12 14:30:00,0.3170644356363192,0.8212806707531329,0.5683631751203303,0.46051016,1.1338520474083675
2024-08-12 15:30:00,0.8198128588486252,0.8212815550498666,0.5594882286924565,0.386481,1.1022480180513774
2024-08-12 16:30:00,0.8417736575343078,0.8212810742304842,0.5616135119219077,0.3783614,1.0661580061616152
2024-08-12 17:30:00,0.8487639174102387,0.8212812283927861,0.5584285022159126,0.3785125,1.0340473948136786
2024-08-12 18:30:00,0.8709391500524903,0.8212809513979086,0.5542030285460101,0.34979898,0.9996719952394694
2024-08-12 19:30:00,0.8634858361629081,0.8212805547096083,0.5446844641717451,0.3664595,0.9707148471456656
2024-08-13 13:30:00,0.3565934921782601,0.8212814171948463,0.5716128404434468,0.43643606,1.0704124989659916
2024-08-13 14:30:00,0.31250850338420516,0.8212807487722374,0.5608449552706648,0.53479016,1.0439124796307797
2024-08-13 15:30:00,0.2541573678283444,0.8212808826639137,0.5632987747510882,0.5428822,1.0158577516104084
2024-08-13 16:30:00,0.288509169915406,0.8212809648431296,0.5652694961268552,0.5771835,0.9908518568669783
2024-08-13 17:30:00,0.3018424610005847,0.8212811700594806,0.5687125424550329,0.62198544,0.959719717560929
2024-08-13 18:30:00,0.3153601469194193,0.8212813953033637,0.5224476992920735,0.54099214,0.9312220360625997
2024-08-13 19:30:00,0.2801234901570767,0.8212802329472249,0.515226265920201,0.613071,0.9091910521783718
2024-08-14 13:30:00,0.2831573972950096,0.8212806419623756,0.5130469887006648,0.33126745,0.8839004484735546
2024-08-14 14:30:00,0.19646884492460984,0.821281007792499,0.510088848690154,0.5520807,0.874065940783649
2024-08-14 15:30:00,1.2222555285841996,0.9101287058431721,0.5160196434487099,0.5943289,0.853433232874515
2024-08-14 16:30:00,1.2307164994193258,0.9101286428369564,0.5168761986386143,0.60103965,0.8350048135698445
2024-08-14 17:30:00,1.2492765598949471,0.9101331759688399,0.5086398517028875,0.47992098,0.8153996050025654
2024-08-14 18:30:00,1.2519888986789158,0.9101302613871449,0.5057243287549628,0.55995744,0.797759624801815
2024-08-14 19:30:00,1.2532783161235048,0.910142958677595,0.4955039456242397,0.5130109,0.7849657135424428
2024-08-15 13:30:00,0.32994623894805697,0.9101250772636308,0.5724818712663616,0.64464116,1.098165809565234
2024-08-15 14:30:00,0.27730110163391053,0.9101322705943513,0.6062016065484458,0.6957444,1.0657390218758074
2024-08-15 15:30:00,0.17421816830889453,0.9101331992670072,0.6065128867729678,0.7461108,1.0387013536754894
2024-08-15 16:30:00,0.15445762626396373,0.9101337819032181,0.610182499748378,0.5741905,1.0059268060104227
2024-08-15 17:30:00,0.2316242654020863,0.9101306403864371,0.6090562092955184,0.6885271,0.9774702713816035
2024-08-15 18:30:00,0.25882356685588326,0.9101339564930657,0.5286773605737238,0.65269846,0.9475853407233276
2024-08-15 19:30:00,0.26442046097836003,0.9101326846280263,0.5255089083207608,0.62658644,0.9193150979193037
2024-08-16 13:30:00,0.2660225101361327,0.910133088642128,0.5155221556258074,0.75166523,0.8931835542857651
2024-08-16 14:30:00,0.2624641249819455,0.9101323951632421,0.5050443831102371,0.46834117,0.8695701195524902
2024-08-16 15:30:00,0.2441593853877792,0.9101357981341964,0.5065363248909465,0.54316247,0.8589449614697008
2024-08-16 16:30:00,0.2956852467346821,0.9101294192902811,0.5117769216961916,0.5603867,0.8412014943098264
2024-08-16 17:30:00,0.29427833147190596,0.9101338228600001,0.514105869556907,0.622887,0.8216452183203116
2024-08-16 18:30:00,0.29895315109807863,0.9101330776475262,0.5148909476407321,0.619474,0.8031799275494245
2024-08-16 19:30:00,0.3152247866176438,0.9101339686208616,0.5147181008235192,0.5815661,0.7860993052176241
2024-08-19 13:30:00,0.2616220777902416,0.9101298954418535,0.5078719650462775,0.5149727,0.7807144837237825
2024-08-19 14:30:00,0.29003546100764444,0.9101327312656423,0.5127079652401062,0.578273,0.7770762660981749
2024-08-19 15:30:00,0.29748089685569734,0.9101315935080054,0.5171015540484577,0.5942703,0.7624679607168093
2024-08-19 16:30:00,0.35525424376422804,0.9101313224322568,0.5169056962190776,0.6408368,0.7495949209072937
2024-08-19 17:30:00,0.35709283151004706,0.9101319776939885,0.517033610554142,0.60103965,0.739770661769698
2024-08-19 18:30:00,0.3531987154898463,0.9101328166731875,0.5127800018250112,0.5648651,0.7300125209901046
2024-08-19 19:30:00,0.3376224706235616,0.9101360271023209,0.5111345891609334,0.5700684,0.7358583399398244
2024-08-20 13:30:00,0.3529352385298031,0.9101345376015924,0.5169392049454309,0.5833881,0.7259950834110347
2024-08-20 14:30:00,0.28813063076239764,0.9101350427011075,0.4923936748741382,0.41037935,0.7272252381184204
2024-08-20 15:30:00,0.38291242359783884,0.9101331561822427,0.49501579455615663,0.3858851,0.7197762139758374
2024-08-20 16:30:00,0.3770518556648429,0.9101332798273413,0.4946281858706683,0.6631823,0.7109803897570518
2024-08-20 17:30:00,0.322621533151458,0.9101315884056373,0.48965257063997636,0.42279306,0.7157441621348688
2024-08-20 18:30:00,0.31328799643812594,0.9101343665088537,0.49387509942561414,0.39803854,0.7107938679563708
2024-08-20 19:30:00,0.3825855433759925,0.9101325299404052,0.49184905762118253,0.45952183,0.7012613861246054
2024-08-21 13:30:00,0.3359995027092575,0.9101323998254929,0.49396391254787225,0.45250186,0.7151124526355956
2024-08-21 14:30:00,0.3514959886405376,0.9101322181889201,0.5014049348404374,0.42099208,0.7054087313550312
2024-08-21 15:30:00,0.3442682461489097,0.879021118742581,0.49435367136509584,0.5091981,0.6994334449829004
2024-08-21 16:30:00,0.4770309821285922,0.8790186302778223,0.4923926471001128,0.43881562,0.6942356436715256
2024-08-21 17:30:00,0.43310979745630457,0.8790169423432316,0.49581648313674903,0.50305164,0.7007593407838799
2024-08-21 18:30:00,0.548112639497361,0.8790221856760109,0.4931195254613133,0.4888249,0.7047734002546187
2024-08-21 19:30:00,0.5430670173824637,0.8790289368263577,0.4979498099714648,0.47997507,0.6991849738251567
2024-08-22 13:30:00,0.5845235000187604,0.8790201690254515,0.49850996114238644,0.5262731,0.6922639350144527
2024-08-22 14:30:00,0.4769683729270025,0.8790241815262966,0.5035914403451983,0.4124034,0.7202334488228952
2024-08-22 15:30:00,1.249308241415891,0.8790176086339847,0.5070357711157218,0.4443633,0.7123102306764887
2024-08-22 16:30:00,1.2000903633839273,0.8790238957652894,0.5110876042328035,0.553205,0.7474927594138712
2024-08-22 17:30:00,1.318194093839753,0.879020362625196,0.5208855680386423,0.46266872,0.7364681230613705
2024-08-22 18:30:00,1.3337871003798152,0.87902125512457,0.5206083549020556,0.48856366,0.7396062391526314
2024-08-22 19:30:00,1.3356958562533097,0.8790184260595824,0.5157670408904538,0.38816255,0.7292731733973584
2024-08-23 13:30:00,0.7048939580978038,0.8790086908444498,0.5703917320693189,0.67391026,1.0385708085799397
2024-08-23 14:30:00,0.6800916834509164,0.8790228972862721,0.5976713656855597,0.5789508,1.0110782009361206
2024-08-23 15:30:00,0.40036233155568285,0.8790252725776719,0.5996880029789864,0.60224736,1.041328331179248
2024-08-23 16:30:00,0.3424125132202738,0.8790162161500099,0.6099392893436145,0.68233293,1.0257439223497853
2024-08-23 17:30:00,0.33828645008777086,0.8790181470844896,0.6166398696009074,0.6355602,0.994282308505252
2024-08-23 18:30:00,0.247299493402062,0.8790175789368939,0.5559050578585903,0.6705911,0.9744689663747064
2024-08-23 19:30:00,0.2766699951771743,0.8790212245556517,0.5605449029333328,0.76176983,0.9443143998180934
2024-08-26 13:30:00,0.2766821039855543,0.8790214951785721,0.5347926668888532,0.6652723,0.9165426007465043
2024-08-26 14:30:00,0.16926365079958852,0.879021739282297,0.5231445538776746,0.6912781,0.9023337756851322
2024-08-26 15:30:00,0.15545494977900534,0.8790191278575868,0.5271665639859909,0.63259774,0.8793570838931677
2024-08-26 16:30:00,0.16000464703202907,0.8790205826976941,0.5207241535656052,0.55635405,0.8564094950522739
2024-08-26 17:30:00,0.10014907113736864,0.8790212536723243,0.5204812588392694,0.61410403,0.8388383846282467
2024-08-26 18:30:00,0.19761426803335258,0.8790212095232082,0.5228635609484905,0.5806421,0.8190123841392536
2024-08-26 19:30:00,0.1912179623618061,0.8790182291978123,0.5122264951768002,0.38936958,0.8011015750313272
2024-08-27 13:30:00,0.18665961028504688,0.8790170440473775,0.5105217193012949,0.5932849,0.7849771514679398
2024-08-27 14:30:00,0.17962213967780435,0.8790207791362558,0.5112426808958432,0.5356748,0.7698491314698662
2024-08-27 15:30:00,0.1946566826239539,0.8790186930646294,0.5059139361600989,0.344331,0.7552637119991312
2024-08-27 16:30:00,0.5079152896377582,0.8790197729816427,0.5094800620364464,0.4003584,0.7503699334887277
2024-08-27 17:30:00,0.5282515628403106,0.8790182430013416,0.5125025160701692,0.3968828,0.7374052544408537
2024-08-27 18:30:00,0.5324459514000747,0.8790196669217053,0.5106659051877502,0.40541238,0.7261328070850337
2024-08-27 19:30:00,0.6651643480667506,0.8790217537498652,0.5107689419203009,0.4159798,0.7152327017620003
2024-08-28 13:30:00,0.8324622334784115,0.8790197673779007,0.5097604187762483,0.44485757,0.706955140124916
2024-08-28 14:30:00,0.6665485427374355,0.8790228541113528,0.5074705195648503,0.4678816,0.7693055788205615
2024-08-28 15:30:00,0.8874028343961889,0.8393635497047013,0.5204857651211026,0.59529483,0.7605963511703888
2024-08-28 16:30:00,0.886733635561723,0.8393625579617415,0.5166015717516177,0.55342656,0.7485999910732454
2024-08-28 17:30:00,0.8184418933070604,0.83936304022089,0.519795151025404,0.5866112,0.7797897366117054
2024-08-28 18:30:00,0.6590612510728782,0.8393577873879391,0.5364452136305502,0.511804,0.8317336393671663
2024-08-28 19:30:00,0.7389811851496207,0.8393623565381214,0.535557728653299,0.47220886,0.8125686573468811
2024-08-29 13:30:00,0.49936150746660146,0.8393528944513936,0.5437508780177353,0.43524486,0.8854985849465902
2024-08-29 14:30:00,0.515599800479908,0.8393615300644494,0.5608654991995554,0.5531044,0.8631017373645309
2024-08-29 15:30:00,0.7118574211563158,0.8393560107711934,0.5503056748941862,0.507587,0.8516439513779553
2024-08-29 16:30:00,0.7906994183287102,0.8393619531793368,0.5381969704603888,0.51845944,0.8357465681182908
2024-08-29 17:30:00,0.7411461290255804,0.8393623246227181,0.5409629058818557,0.49819684,0.844495990943941
2024-08-29 18:30:00,0.7087099227068927,0.8393643614946694,0.5227122688654282,0.6016845,0.8409591279067752
2024-08-29 19:30:00,0.7063504769238136,0.8393729557136765,0.5281056661993452,0.66721153,0.8262289727259642
2024-08-30 13:30:00,0.6021185007270813,0.8393548698638956,0.5374220621032425,0.7532071,0.8776779708054
2024-08-30 14:30:00,0.5657684401460015,0.8393597100994217,0.5514860397441281,0.60308135,0.8880878322727964
2024-08-30 15:30:00,1.256567159784808,0.8393657173454973,0.5532912139135961,0.6792163,0.8732278317805868
2024-08-30 16:30:00,1.2568246458872396,0.8393609340624631,0.5522623620259006,0.64090866,0.8555098302160512
2024-08-30 17:30:00,1.2563355714005042,0.8393621401951743,0.5521329377927828,0.6510642,0.8387309948194449
2024-08-30 18:30:00,1.1964023282399119,0.8393577282967344,0.5366914646233698,0.6866693,0.8554674822469595
2024-08-30 19:30:00,1.2488940406243403,0.8393581993142258,0.5369490702634964,0.66417974,0.8580453992815323
2024-09-03 13:30:00,0.5215403905192246,0.8393694888320192,0.5864862850023899,0.5080963,1.1151431565617824
2024-09-03 14:30:00,0.5053011683408638,0.8393634800202524,0.6186757973888343,0.5790465,1.07939070596751
2024-09-03 15:30:00,0.4915921859688725,0.8393622408605469,0.6167841899956478,0.6588793,1.0453814791189753
2024-09-03 16:30:00,0.4956461707368053,0.8393602281547593,0.6153037270509882,0.6111871,1.0102275038811461
2024-09-03 17:30:00,0.1435175108039011,0.8393659102390724,0.6070119865140973,0.64724845,1.024677148195754
2024-09-03 18:30:00,0.19747647786307918,0.8393626521356115,0.5524961765719287,0.6203777,0.9927496577749552
2024-09-03 19:30:00,0.1876158988594046,0.8393625302243407,0.5492834052081793,0.4986097,0.9622339433613408
2024-09-04 13:30:00,0.21241387531567,0.8393603996978987,0.5483063512642742,0.52010125,0.9337113038367176
2024-09-04 14:30:00,0.20391084774458892,0.8393619899375115,0.5446813730435448,0.6660802,0.9073774892605736
2024-09-04 15:30:00,0.4364694593062813,0.8393629649437412,0.5149107600880493,0.55687696,0.8820544408629503
2024-09-04 16:30:00,1.0028803318913189,0.8393628226396284,0.5144133842546579,0.45456013,0.8651725974289006
2024-09-04 17:30:00,1.0093288970317371,0.839360746628993,0.517744591907972,0.5588775,0.8431935610641714
2024-09-04 18:30:00,1.011661256945054,0.8393624400045749,0.515947052703426,0.5484217,0.8261672773594463
2024-09-04 19:30:00,1.086613598820032,0.8393605226927527,0.5174532854696726,0.56032366,0.8071620060658179
2024-09-05 13:30:00,1.024180332751006,0.8393534875279332,0.52806221158476,0.569581,0.8281723103589675
2024-09-05 14:30:00,0.45777338914884375,0.8393683235149199,0.5677991268809587,0.41406247,1.0038318616677042
2024-09-05 15:30:00,0.9940624935798663,0.817376192588325,0.5929009112335935,0.42047545,0.9745047211103176
2024-09-05 16:30:00,1.1476627074948613,0.8173761883088367,0.5923295159645167,0.46202582,0.9483385080084722
2024-09-05 17:30:00,1.1166672408491392,0.8173761795921428,0.5920277127690712,0.5778751,0.9553096805395836
2024-09-05 18:30:00,1.1222345421292488,0.8173761793150792,0.5949868571655852,0.4982981,0.9303587670233272
2024-09-05 19:30:00,1.1317192044243065,0.8173761670115104,0.5451262152074889,0.52764094,0.9039873040216265
2024-09-06 13:30:00,0.741584187928913,0.8173761667078432,0.5732110435688936,0.382266,1.0511566821670029
2024-09-06 14:30:00,0.48071067141398266,0.8173761734133455,0.58710001346516,0.5617699,1.0849551609629526
2024-09-06 15:30:00,0.8800767593326814,0.8173761838638798,0.5944944827659686,0.60159117,1.0645048086088311
2024-09-06 16:30:00,0.8685560985977148,0.8173761828838213,0.5991199769705656,0.50005764,1.0340677927422204
2024-09-06 17:30:00,0.9865908188459144,0.8173761892537025,0.6007696090301408,0.5400555,1.004748372724215
2024-09-06 18:30:00,0.9583316375613333,0.8173761893362977,0.5609512916411034,0.71116483,0.9855748292716874
2024-09-06 19:30:00,1.037714635726478,0.8173761779610116,0.5402980048027312,0.60264087,0.9607885084592586
2024-09-09 13:30:00,0.677329980629435,0.817376164005091,0.5625445119642645,0.4462544,1.0642345498198191
2024-09-09 14:30:00,0.6877260933326879,0.8173762026070897,0.5840397793279886,0.53170043,1.0297209637623155
2024-09-09 15:30:00,0.4939304975714456,0.8173762048348394,0.5842150397905804,0.46046185,1.0456230537658904
2024-09-09 16:30:00,0.492006421611226,0.8173762101159371,0.5950418536756013,0.42983228,1.011791865318796
2024-09-09 17:30:00,0.6248479089476603,0.8173762017146635,0.5923457482168426,0.3991299,1.0181997576628563
2024-09-09 18:30:00,0.7222095246415188,0.8173762184765313,0.5703462739084737,0.4840216,0.9876743939166583
2024-09-09 19:30:00,0.758365524007615,0.8173761504314807,0.5700827684288611,0.4499784,0.9617146163599667
2024-09-10 13:30:00,0.7659857951056598,0.8173761616553434,0.5539248651805044,0.41844463,0.9356016002581946
2024-09-10 14:30:00,0.7630746461498319,0.8173761622527985,0.5540485227488857,0.39681676,0.909256444560142
2024-09-10 15:30:00,1.4765248927632386,0.8173761640774441,0.5445020806153849,0.58025175,0.9600560657351973
2024-09-10 16:30:00,1.4436300735851881,0.8173761695518391,0.560998283062888,0.5844324,0.9628146827019874
2024-09-10 17:30:00,1.6263086461233822,0.8173761778809028,0.5681165640582847,0.6187029,0.9506405955391702
2024-09-10 18:30:00,1.6635715405996536,0.8173761796750162,0.5712587484071558,0.58251774,0.927989646415661
2024-09-10 19:30:00,1.7075136043992127,0.8173761806900632,0.5756449083320193,0.5856957,0.901172825507905
2024-09-11 13:30:00,1.0768252396574705,0.8173761841540271,0.6125579152359282,0.44754794,1.2565837288962927
2024-09-11 14:30:00,1.0705625656222308,0.8173762625434957,0.6411756942087528,0.47110736,1.2158416896888138
2024-09-11 15:30:00,0.7585478057895005,0.8173762521994646,0.6413791280887639,0.44458127,1.2787381725844689
2024-09-11 16:30:00,0.6720075783870979,0.8173762692168637,0.6585688895428352,0.45006204,1.2533606892459261
2024-09-11 17:30:00,0.5566983486768408,0.8173762666143009,0.6635015237124627,0.45904317,1.2300582542699197
2024-09-11 18:30:00,0.5729996069811853,0.8173762679705957,0.6069343382247872,0.5202662,1.2136676500780677
2024-09-11 19:30:00,0.5863819377355217,0.8173762687282928,0.6137192412760405,0.46569625,1.1735483887005969
2024-09-12 13:30:00,0.5291785806971584,0.8173762132887339,0.5836331719541579,0.5201155,1.142255599247603
2024-09-12 14:30:00,0.5074355011377554,0.8173762208302157,0.5741111357195976,0.46804866,1.105253041389773
2024-09-12 15:30:00,0.6267797433449401,0.6584789646985891,0.5661629969577971,0.41458148,1.067331732276856
2024-09-12 16:30:00,0.4630565701295988,0.6584789633529868,0.5555785151844886,0.3734948,1.0696984558581264
2024-09-12 17:30:00,0.4084197578664829,0.6584789626118988,0.5641912291796949,0.4289298,1.043007756979381
2024-09-12 18:30:00,0.45621235858860565,0.6584789621532497,0.5627644614691384,0.44893846,1.0087395828082568
2024-09-12 19:30:00,0.5136363177509233,0.6584789620297326,0.5611757791870159,0.3541853,0.9765518957271069
2024-09-13 13:30:00,0.3559686752336866,0.6584789625727869,0.562232346830241,0.47795776,0.9771685158774482
2024-09-13 14:30:00,0.3325997558904145,0.6584789572585857,0.5555009736399641,0.385907,0.9505150263889284
2024-09-13 15:30:00,0.3398190416303089,0.6584789550800005,0.5531584058506717,0.3663999,0.9225981471699066
2024-09-13 16:30:00,0.289888802578077,0.6584789553971457,0.5496606751562831,0.41531518,0.906578692400936
2024-09-13 17:30:00,0.19052052762212607,0.6584789563912407,0.5531165232871822,0.4023791,0.8949408035241118
2024-09-13 18:30:00,0.18661743949765464,0.6584789546166275,0.543791334619522,0.33746547,0.8717026207992101
2024-09-13 19:30:00,0.23680660287024552,0.6584789519219828,0.5427825385745066,0.3417196,0.8492545611214649
2024-09-16 13:30:00,0.22670954017501652,0.6584789425494825,0.5416543041162,0.3468863,0.8301827028814435
2024-09-16 14:30:00,0.22226961211040275,0.6584789427087216,0.5153290310234176,0.5922834,0.8141905442674894
2024-09-16 15:30:00,0.5823984191109489,0.6584789393254696,0.5064059539044528,0.4020847,0.798628355933028
2024-09-16 16:30:00,0.5969495738291977,0.6584789391769422,0.49800921409917515,0.45014367,0.7825900487174671
2024-09-16 17:30:00,0.6291335914761508,0.6584789355620237,0.4974387753289479,0.3909081,0.7729644623632286
2024-09-16 18:30:00,0.6526472850743545,0.6584789361052845,0.49699942536343816,0.38919917,0.7588518764085685
2024-09-16 19:30:00,0.6440727426103906,0.6584789359806584,0.49152078147085354,0.40125453,0.7483697934793102
2024-09-17 13:30:00,0.3484749830451682,0.6584789388680806,0.5148088855905019,0.55819845,0.8166019567244396
2024-09-17 14:30:00,0.3579440181085585,0.6584789389898936,0.5282971588926841,0.58655304,0.8036021188373627
2024-09-17 15:30:00,0.2580964137671365,0.6584789341803723,0.5284850200935699,0.65074205,0.802513639411552
2024-09-17 16:30:00,0.1952835117384571,0.6584789328853657,0.5332268845041545,0.6405792,0.7939783081948775
2024-09-17 17:30:00,0.19936456919965248,0.658478931748922,0.5341097778133773,0.5372188,0.7774848374639447
2024-09-17 18:30:00,0.22268778232376443,0.6584789314657548,0.5046166219609509,0.38663015,0.7640097794239067
2024-09-17 19:30:00,0.41396677786523706,0.6584789349263128,0.5031993483611925,0.39868453,0.7574748386170974
2024-09-18 13:30:00,0.44741952568774435,0.6584789011482434,0.49939100913218487,0.3664844,0.7439157373193076
2024-09-18 14:30:00,0.7775160496681947,0.6584789036797428,0.4888358647406134,0.654976,0.7327319898608893
2024-09-18 15:30:00,1.9304816949584451,0.6584788982752414,0.4895931189923241,0.6818749,0.7218058171326772
2024-09-18 16:30:00,1.9279011278279605,0.6584788979782212,0.48928540787325336,0.62078375,0.7160378930018569
2024-09-18 17:30:00,1.8938071205042757,0.6584788979813196,0.50035729288882,0.32398346,0.7489771131218613
2024-09-18 18:30:00,1.8864430404716723,0.6584789005755972,0.5097317906668405,0.40304422,0.7442987585471678
2024-09-18 19:30:00,1.7749930847624489,0.6584789067083211,0.5318087055380214,0.54974365,0.8408781635757859
2024-09-19 13:30:00,0.21815762323599136,0.6584789649702404,0.634806759080365,0.44666377,1.408642984109698
2024-09-19 14:30:00,0.20803191844152918,0.6584789627515221,0.6890038612789069,0.4584844,1.3511019908721817
2024-09-19 15:30:00,0.6688334960677581,0.6363573411005505,0.6841251128342009,0.4872854,1.2991469137665967
2024-09-19 16:30:00,0.7024750993163221,0.6363573411005505,0.6867778571826229,0.50659996,1.247571231823706
2024-09-19 17:30:00,0.7825477375588197,0.6363573411005505,0.6769655057403176,0.48130998,1.1991898445299254
2024-09-19 18:30:00,0.7704234515896325,0.6363573411005505,0.5331887080545678,0.32722566,1.1576324415457846
2024-09-19 19:30:00,0.8192343858703001,0.6363573411005505,0.5355426805928863,0.27328825,1.1153115346924234
2024-09-20 13:30:00,0.574377070032561,0.6363573411005505,0.5608853089441606,0.45278916,1.1549582242684744
2024-09-20 14:30:00,0.5323466614716739,0.6363573411005505,0.5757462655838296,0.49917915,1.1213041256466545
2024-09-20 15:30:00,0.5021127181221687,0.6363573411005505,0.579633571511904,0.5119523,1.1039708850239036
2024-09-20 16:30:00,0.4999521118974599,0.6363573411005505,0.5876558309242751,0.5116906,1.0652878081533605
2024-09-20 17:30:00,0.4358212598763135,0.6363573411005505,0.5848783132720995,0.45370224,1.0448593150252357
2024-09-20 18:30:00,0.3304899544118887,0.6363573411005505,0.5634484681743455,0.42518482,1.0265346983011254
2024-09-20 19:30:00,0.3393436964675778,0.6363573411005505,0.568033927664749,0.38150558,0.9928066080014041
2024-09-23 13:30:00,0.17079054290487727,0.6363573411005505,0.5570451157769533,0.42183602,0.9803754315528823
2024-09-23 14:30:00,0.17160752659089556,0.6363573411005505,0.5661169667741921,0.3669599,0.9497765426256858
2024-09-23 15:30:00,0.25603921029275994,0.6363573411005505,0.5562907081485973,0.36569926,0.9257770653818834
2024-09-23 16:30:00,0.3756170918079561,0.6363573411005505,0.55041250318108,0.34494108,0.899279269749665
2024-09-23 17:30:00,0.3843514539424983,0.6363573411005505,0.5494282850283391,0.35274747,0.8761222529762173
2024-09-23 18:30:00,0.381858043191298,0.6363573411005505,0.5341318711770489,0.47616452,0.8536913320280839
2024-09-23 19:30:00,0.38706900126381355,0.6363573411005505,0.5348707170221715,0.5074302,0.832514547859659
2024-09-24 13:30:00,0.31514920718083866,0.6363573411005505,0.5324211014812493,0.34730294,0.8271145002334259
2024-09-24 14:30:00,0.18450566105743713,0.6363573411005505,0.5061051308171776,0.56704587,0.8274942457384707
2024-09-24 15:30:00,0.1465200518608386,0.6363573411005505,0.5122169360598073,0.5751062,0.8116739846505001
2024-09-24 16:30:00,0.15642341839226848,0.6363573411005505,0.5147799908475276,0.5821943,0.7937816141732249
2024-09-24 17:30:00,0.14355299324944015,0.6363573411005505,0.5137671736330026,0.56831175,0.7784164043891241
2024-09-24 18:30:00,0.19967596090610515,0.6363573411005505,0.5072151860983602,0.5755614,0.7645215985288628
2024-09-24 19:30:00,0.18723403867379632,0.6363573411005505,0.4942154464606838,0.41649976,0.7534544118294881
2024-09-25 13:30:00,0.194703212412639,0.6363573411005505,0.4933774156237674,0.4758522,0.7403989252494487
2024-09-25 14:30:00,0.18743476253687483,0.6363573411005505,0.48487823093945354,0.40181604,0.7292369024252768
2024-09-25 15:30:00,0.4955482581090815,0.6363573411005505,0.48376880282543216,0.39327803,0.718219713652593
2024-09-25 16:30:00,0.5211582514960851,0.6363573411005505,0.4821588971115673,0.39758116,0.715187312668457
2024-09-25 17:30:00,0.5153840096502149,0.6363573411005505,0.48363072740560054,0.48155212,0.7070878712822807
2024-09-25 18:30:00,0.5127862403516388,0.6363573411005505,0.48290425844684093,0.42589545,0.6988843549801469
2024-09-25 19:30:00,0.5625795658002447,0.6363573411005505,0.4809772226910206,0.5016588,0.6905395538279153
2024-09-26 13:30:00,0.3290721723323418,0.6363573411005505,0.5004105856058199,0.50652975,0.7447769539658685
2024-09-26 14:30:00,0.24166698845658705,0.6363573411005505,0.5093375436175905,0.5099597,0.7465831493314197
2024-09-26 15:30:00,0.3689299373694823,0.6291817018303293,0.5155525267442335,0.4963359,0.7340067857589295
2024-09-26 16:30:00,0.38092963303873173,0.6291817018303293,0.5144448492544883,0.44611403,0.7226562292057559
2024-09-26 17:30:00,0.3532466216219686,0.6291817018303293,0.5136660135083668,0.68188053,0.7278231890728487
2024-09-26 18:30:00,0.35827566316414444,0.6291817018303293,0.49840210908603805,0.4684359,0.7175799523786385
2024-09-26 19:30:00,0.37120533027165215,0.6291817018303293,0.4914638093248324,0.45121408,0.707572969752362
2024-09-27 13:30:00,0.27943661458421337,0.6291817018303293,0.4964788970673576,0.420268,0.7213306519922417
2024-09-27 14:30:00,0.2795438690399039,0.6291817018303293,0.5022928160050211,0.4340624,0.7137257461313614
2024-09-27 15:30:00,0.22742327806060922,0.6291817018303293,0.4960280562635815,0.49805167,0.7139002615809793
2024-09-27 16:30:00,0.2407239201806037,0.6291817018303293,0.49966984379918117,0.4895144,0.7059438703555624
2024-09-27 17:30:00,0.22612556881253437,0.6291817018303293,0.5004204446097155,0.49078056,0.6997924007531465
2024-09-27 18:30:00,0.2302317274973967,0.6291817018303293,0.49137885065797415,0.5932226,0.6967127588885871
2024-09-27 19:30:00,0.3747968880562907,0.6291817018303293,0.49266122971124116,0.58030236,0.6913835986397778
2024-09-30 13:30:00,0.46022520697530256,0.6291817018303293,0.4883205590147303,0.59977084,0.6857931750992982
2024-09-30 14:30:00,0.7058412615666048,0.6291817018303293,0.488960814303115,0.5846662,0.682321276761748
2024-09-30 15:30:00,1.3476619928991975,0.6291817018303293,0.4894517759153702,0.54101294,0.676265260347972
2024-09-30 16:30:00,1.3426234111929622,0.6291817018303293,0.4875236696297399,0.41482386,0.6760604473089923
2024-09-30 17:30:00,1.3144198421757647,0.6291817018303293,0.4967146669268844,0.48769417,0.6994260663706587
2024-09-30 18:30:00,1.3481527874516888,0.6291817018303293,0.5069846633792411,0.47343525,0.7143610785007579
2024-09-30 19:30:00,1.4225471479323244,0.6291817018303293,0.5262040813614847,0.5329259,0.7885044701973941
2024-10-01 13:30:00,0.8390548347226388,0.6291817018303292,0.5831451394828349,0.5235829,1.0728132532421693
2024-10-01 14:30:00,0.8794664971995039,0.6291817018303292,0.6146822639838965,0.62300754,1.0371133380409399
2024-10-01 15:30:00,0.8685975121449218,0.6291817018303292,0.6095929231928386,0.6726123,1.0071960920457925
2024-10-01 16:30:00,0.79216405875593,0.6291817018303292,0.6062526060465026,0.6222732,1.0103077730804715
2024-10-01 17:30:00,0.34995677339166803,0.6291817018303292,0.6089589165958762,0.5749498,1.0805552477419758
2024-10-01 18:30:00,0.39457896711122586,0.6291817018303292,0.5776344275043866,0.53786343,1.0433012234849894
2024-10-01 19:30:00,0.28236075997976295,0.6291817018303292,0.5744104943578731,0.59422433,1.0239820965571238
2024-10-02 13:30:00,0.30546483256405055,0.6291817018303292,0.5804816833843937,0.5889936,0.9910162950268047
2024-10-02 14:30:00,0.23609226891820861,0.6291817018303292,0.5685212274501171,0.69007355,0.9686899413291391
2024-10-02 15:30:00,0.3784138677157236,0.6291817018303292,0.5350885610133057,0.55646425,0.9389088621899465
2024-10-02 16:30:00,0.33373319022473763,0.6291817018303292,0.5332713537867101,0.55600774,0.9192242184320142
2024-10-02 17:30:00,0.39728577119525643,0.6291817018303292,0.528903806509506,0.5237213,0.8930341750566336
2024-10-02 18:30:00,0.5433747064851984,0.6291817018303292,0.5270815237697646,0.5771729,0.872860633221462
2024-10-02 19:30:00,0.5480259512487919,0.6291817018303292,0.5228520816558802,0.47439587,0.8511116513460966
2024-10-03 13:30:00,0.4690618629549272,0.6291817018303292,0.5289784114476942,0.6334985,0.8518658361220867
2024-10-03 14:30:00,0.5154651660852929,0.6291817018303292,0.5327188271080557,0.5603822,0.8314653264512375
2024-10-03 15:30:00,0.5033225058769656,0.6371082851039818,0.5335712886094498,0.6033005,0.8238504058742356
2024-10-03 16:30:00,0.3147061492751272,0.6371082851039818,0.5425685075366542,0.5753496,0.8441834225601403
2024-10-03 17:30:00,0.349821416742634,0.6371082851039818,0.5524668660411239,0.5005371,0.8259570778320534
2024-10-03 18:30:00,0.40353324191791706,0.6371082851039818,0.544771978125408,0.6666614,0.8087075882531799
2024-10-03 19:30:00,0.3412013509217568,0.6371082851039818,0.5442478408176631,0.68200225,0.8037436014370727
2024-10-04 13:30:00,0.36127714327771576,0.6371082851039818,0.541433898472947,0.67563313,0.7954501157624522
2024-10-04 14:30:00,0.3925215664457847,0.6371082851039818,0.5128881288036391,0.5552961,0.7787895789371585
2024-10-04 15:30:00,0.42806596325241314,0.6371082851039818,0.5109302536368151,0.6041459,0.7723195300485205
2024-10-04 16:30:00,0.369179443833469,0.6371082851039818,0.5149191802577601,0.5974089,0.770605020310918
2024-10-04 17:30:00,0.3856028768952082,0.6371082851039818,0.5121827495734749,0.63494354,0.7565494241469986
2024-10-04 18:30:00,0.33342519533841625,0.6371082851039818,0.49984638840421985,0.51112187,0.7565616016791379
2024-10-04 19:30:00,0.3290015250084402,0.6371082851039818,0.5052489123202131,0.41554055,0.7497172219254412
2024-10-07 13:30:00,0.36453413706722443,0.6371082851039818,0.505092107246317,0.5142959,0.7541370531360977
2024-10-07 14:30:00,0.3637969182457535,0.6371082851039818,0.5068985099832444,0.42019352,0.7410489253926448
2024-10-07 15:30:00,0.6362268065488884,0.6371082851039818,0.504749365784124,0.41798195,0.7330469304896384
2024-10-07 16:30:00,0.6507582813718339,0.6371082851039818,0.500843844523279,0.45175797,0.7246617531994829
2024-10-07 17:30:00,0.6355242665887826,0.6371082851039818,0.4988423085461978,0.43869644,0.7199448543172907
2024-10-07 18:30:00,0.581160770455104,0.6371082851039818,0.4990287403161288,0.39703065,0.7346314337869029
2024-10-07 19:30:00,0.5949046675790506,0.6371082851039818,0.5076850853999525,0.37782472,0.7230441134123929
2024-10-08 13:30:00,0.30363399739584324,0.6371082851039818,0.5206904416827807,0.6515501,0.7924325891190384
2024-10-08 14:30:00,0.25431169217285826,0.6371082851039818,0.5326963040306313,0.50060296,0.7839097577008791
2024-10-08 15:30:00,0.30653438668738436,0.6371082851039818,0.5357541114198598,0.57349426,0.7684661039647847
2024-10-08 16:30:00,0.3890220601107666,0.6371082851039818,0.5268876322796223,0.5209589,0.7595569514647471
2024-10-08 17:30:00,0.3795276950842907,0.6371082851039818,0.5259233652379445,0.589624,0.7503960829433574
2024-10-08 18:30:00,0.34679981025588424,0.6371082851039818,0.49906881541087994,0.46569625,0.7445817693604962
2024-10-08 19:30:00,0.34432457555915585,0.6371082851039818,0.4982511996121798,0.39166254,0.7326490361055064
2024-10-09 13:30:00,0.30186020218381643,0.6371082851039818,0.49836640220014045,0.41826096,0.7299753935071331
2024-10-09 14:30:00,0.13649774419722854,0.6371082851039818,0.5032837631475348,0.51242244,0.7410082221903607
2024-10-09 15:30:00,0.22537715182223253,0.6371082851039818,0.5085159931833649,0.46520415,0.7314247968752212
2024-10-09 16:30:00,0.22991714799169252,0.6371082851039818,0.5067824940157948,0.47320664,0.7205044185701543
2024-10-09 17:30:00,0.27514766789334016,0.6371082851039818,0.5064059598916748,0.36807373,0.7101471224126444
2024-10-09 18:30:00,0.30325285142338415,0.6371082851039818,0.5013029821491563,0.4058941,0.7015205036905826
2024-10-09 19:30:00,0.34138909155541247,0.6371082851039818,0.4850292494495289,0.42308873,0.6942744188435701
2024-10-10 13:30:00,0.27453828523683516,0.6371082851039818,0.4891113909401983,0.52120787,0.698648380614642
2024-10-10 14:30:00,0.2949774105171829,0.6371082851039818,0.49290814543469513,0.40444383,0.6912369733359967
2024-10-10 15:30:00,0.684343928377209,0.5685968453456842,0.4944828164520415,0.38470092,0.690440677558326
2024-10-10 16:30:00,0.6781149864493012,0.5685968453456842,0.49753196745794565,0.43749094,0.6885576433447359
2024-10-10 17:30:00,0.6601534492958699,0.5685968453456842,0.5002810083629116,0.38768005,0.690011039244659
2024-10-10 18:30:00,0.6604730744770861,0.5685968453456842,0.4992967277809798,0.40049815,0.6822906792590243
2024-10-10 19:30:00,0.656812050721141,0.5685968453456842,0.4956942914261038,0.7502813,0.679972690759597
2024-10-11 13:30:00,0.1942728111897488,0.5685968453456842,0.5220954584859551,0.45313737,0.7891829308944109
2024-10-11 14:30:00,0.1863931824072567,0.5685968453456842,0.5334875830050821,0.407853,0.7759135193668677
2024-10-11 15:30:00,0.6888071833439239,0.5685968453456842,0.5323254800620288,0.44657975,0.7623425286330934
2024-10-11 16:30:00,0.6973303592334487,0.5685968453456842,0.5340669046401012,0.4211321,0.7484941526297809
2024-10-11 17:30:00,0.7086217368923873,0.5685968453456842,0.5309185190528444,0.45235273,0.7386405691424678
2024-10-11 18:30:00,0.701089132212233,0.5685968453456842,0.4891946371460859,0.39104274,0.7297474875866385
2024-10-11 19:30:00,0.6969843454905575,0.5685968453456842,0.4886167941465404,0.42507684,0.7207861696998501
2024-10-14 13:30:00,0.2188178402146682,0.5685968453456842,0.5233572727755135,0.5080156,0.8315134739403246
2024-10-14 14:30:00,0.19394988216650763,0.5685968453456842,0.5417641042310087,0.62300485,0.815122403746651
2024-10-14 15:30:00,0.2050165453564374,0.5685968453456842,0.5402517876372492,0.62304693,0.803750051105351
2024-10-14 16:30:00,0.2604660758101003,0.5685968453456842,0.5443690545200083,0.6608178,0.7864206900918994
2024-10-14 17:30:00,0.25891882941284966,0.5685968453456842,0.5428487746651405,0.67131054,0.7710111276412784
2024-10-14 18:30:00,0.3028040021576747,0.5685968453456842,0.4986870576633642,0.45389965,0.7583528783244194
2024-10-14 19:30:00,0.3136193369009029,0.5685968453456842,0.4977608293188624,0.4998463,0.7452740319958508
2024-10-15 13:30:00,0.3356595137255335,0.5685968453456842,0.4949824961279368,0.39711174,0.7414679834086885
2024-10-15 14:30:00,0.3069627132128412,0.5685968453456842,0.5001628762588786,0.5336975,0.7366630569044719
2024-10-15 15:30:00,0.3503437353497597,0.5685968453456842,0.5040623277044316,0.6258567,0.7251995708455998
2024-10-15 16:30:00,0.3034379013535259,0.5685968453456842,0.5035008387032569,0.57674676,0.7237082182586507
2024-10-15 17:30:00,0.29154207415936606,0.5685968453456842,0.5070589818298207,0.5502362,0.7155556427122314
2024-10-15 18:30:00,0.208421765876025,0.5685968453456842,0.5054628717398656,0.64759696,0.7188235441000501
2024-10-15 19:30:00,0.31308714382490677,0.5685968453456842,0.5070674286145931,0.60670877,0.7107556991030797
2024-10-16 13:30:00,0.2651587426599217,0.5685968453456842,0.5084360874838997,0.530787,0.7100214388566892
2024-10-16 14:30:00,0.26348772120490743,0.5685968453456842,0.5010617843482904,0.4213442,0.7009138761532646
2024-10-16 15:30:00,0.38211736116625367,0.5685968453456842,0.49968917102626986,0.45931613,0.6926932941564249
2024-10-16 16:30:00,0.3784803754566753,0.5685968453456842,0.4915660900460745,0.42063963,0.6857793513244773
2024-10-16 17:30:00,0.288714802384216,0.5685968453456842,0.4961078017734489,0.43789688,0.6973556485138783
2024-10-16 18:30:00,0.2855528497553548,0.5685968453456842,0.49822467641831797,0.35373545,0.6895791431197916
2024-10-16 19:30:00,0.3923767681105267,0.5685968453456842,0.49863400005734626,0.41639248,0.682026132376215
2024-10-17 13:30:00,0.2755202605053797,0.5685968453456842,0.5023629815944979,0.55749124,0.6988936101391984
2024-10-17 14:30:00,0.2791133314923041,0.5685968453456842,0.49978267615478567,0.39651355,0.6905780311285069
2024-10-17 15:30:00,0.34282856935040357,0.46681051677602614,0.4907604846225548,0.45457825,0.6834605828629609
2024-10-17 16:30:00,0.3676481854113023,0.46681051677602614,0.4907707673172965,0.4634372,0.6763797675306696
2024-10-17 17:30:00,0.2502299271121562,0.46681051677602614,0.4941955768963743,0.37749645,0.6923296872170306
2024-10-17 18:30:00,0.26263143895199076,0.46681051677602614,0.4920116035193143,0.41630235,0.6844321758639399
2024-10-17 19:30:00,0.2747453427604,0.46681051677602614,0.49087776252350857,0.4156529,0.678033803543188
2024-10-18 13:30:00,0.2210724506808768,0.46681051677602614,0.49276070408383127,0.48532027,0.6843207260786336
2024-10-18 14:30:00,0.17728157683952836,0.46681051677602614,0.49693195533456935,0.41855952,0.6826036050879271
2024-10-18 15:30:00,0.20859942177435045,0.46681051677602614,0.4894276611956006,0.42336583,0.6756405139858753
2024-10-18 16:30:00,0.5644135633025842,0.46681051677602614,0.4886486249923207,0.37914097,0.6712443297200682
2024-10-18 17:30:00,0.6020871707112148,0.46681051677602614,0.4886023128642958,0.3975172,0.6681098418052142
2024-10-18 18:30:00,0.6029004239779148,0.46681051677602614,0.4830824584753234,0.4591129,0.6671619816127942
2024-10-18 19:30:00,0.6043549582665986,0.46681051677602614,0.4812099220031913,0.47199056,0.6616322001286092
2024-10-21 13:30:00,0.5960736047504963,0.46681051677602614,0.4811910364419736,0.39509323,0.6604464995582965
2024-10-21 14:30:00,0.2998021679116133,0.46681051677602614,0.5061581162662515,0.4802374,0.7400749941909306
2024-10-21 15:30:00,0.4327633560463477,0.46681051677602614,0.5203795076811608,0.64016664,0.7431277028465718
2024-10-21 16:30:00,0.42934802249825965,0.46681051677602614,0.5241056971749276,0.5947158,0.7353893715837041
2024-10-21 17:30:00,0.430367065655085,0.46681051677602614,0.5268214946401685,0.55032784,0.7243046130114197
2024-10-21 18:30:00,0.4546125129516374,0.46681051677602614,0.524641235943526,0.53529525,0.7142773933694411
2024-10-21 19:30:00,0.47028897637766626,0.46681051677602614,0.49584345046727135,0.7023229,0.7091827698327096
2024-10-22 13:30:00,0.26590776796149895,0.46681051677602614,0.5025708807992069,0.3385991,0.7435159546844711
2024-10-22 14:30:00,0.2460252441349685,0.46681051677602614,0.5097262146421583,0.42473668,0.7349023814098754
2024-10-22 15:30:00,0.4663052235842895,0.46681051677602614,0.5118072790051745,0.38981616,0.7241135055182623
2024-10-22 16:30:00,0.5689427761632333,0.46681051677602614,0.511219575138739,0.4073591,0.7203793917243145
2024-10-22 17:30:00,0.5547935226720093,0.46681051677602614,0.512598716200993,0.38843858,0.7189596714344716
2024-10-22 18:30:00,0.5922935698022449,0.46681051677602614,0.49813408605140247,0.4334921,0.7086934439413296
2024-10-22 19:30:00,0.6439404938251463,0.46681051677602614,0.4948624046770771,0.34744257,0.7002127606503707
2024-10-23 13:30:00,0.5908147679558854,0.46681051677602614,0.5067199703335319,0.44199878,0.7384961695468861
2024-10-23 14:30:00,0.48122247937225887,0.46681051677602614,0.5188674265440764,0.51639366,0.7631936626097587
2024-10-23 15:30:00,0.49675938494124744,0.46681051677602614,0.5252618801014834,0.4967943,0.7532579445293462
2024-10-23 16:30:00,0.4539239288928437,0.46681051677602614,0.5266278220641181,0.70445013,0.7521577060834207
2024-10-23 17:30:00,0.38915071566714965,0.46681051677602614,0.5306939728901019,0.7048475,0.7577824190752728
2024-10-23 18:30:00,0.2990848003946897,0.46681051677602614,0.525816218162917,0.6976241,0.7703208176185906
2024-10-23 19:30:00,0.27865985908286506,0.46681051677602614,0.5222002899669592,0.6285073,0.7591982495305841
2024-10-24 13:30:00,0.23898203428792036,0.46681051677602614,0.5221444194598904,0.6297471,0.753856125076523
2024-10-24 14:30:00,0.2383004059414683,0.46681051677602614,0.522142761263704,0.61496025,0.7412590263966966
2024-10-24 15:30:00,0.8842812930454892,0.4289938316965527,0.5095208336961914,0.4985891,0.7325785739372966
2024-10-24 16:30:00,0.9121884175720164,0.4289938317053629,0.49880208236394785,0.5601283,0.7304639688269357
2024-10-24 17:30:00,0.9123619495873478,0.4289938316961292,0.5015198039952516,0.45514426,0.7194411386137577
2024-10-24 18:30:00,0.9862717492827248,0.42899383169711625,0.495924851760367,0.41710278,0.7118799042570931
2024-10-24 19:30:00,0.9910291064304353,0.42899383169898314,0.497525692528102,0.4515345,0.702819308511491
2024-10-25 13:30:00,0.4977680236832504,0.42899383172024264,0.5411890664834591,0.51450497,0.8893803501633207
2024-10-25 14:30:00,0.41548333827706296,0.42899383169943245,0.5611420408997003,0.5079758,0.8851597374138002
2024-10-25 15:30:00,0.7164005160860953,0.4289938316962031,0.5691324761642113,0.43824527,0.8617804493988147
2024-10-25 16:30:00,0.6191940107477356,0.42899383170679734,0.566505581079158,0.45384032,0.8764807334960965
2024-10-25 17:30:00,0.6099751288681373,0.42899383169608196,0.5757857407191267,0.4368846,0.8562727607439056
2024-10-25 18:30:00,0.6084937404175265,0.4289938316963482,0.5327453979901321,0.62219304,0.8355689888588641
2024-10-25 19:30:00,0.6024661336694354,0.4289938316961028,0.5244797988876574,0.6312973,0.8175793669206174
2024-10-28 13:30:00,0.1473193460037417,0.42899383175301575,0.5399781847584593,0.6123281,0.8843192700311515
2024-10-28 14:30:00,0.1250931973796936,0.42899383170245353,0.5437196892505772,0.635248,0.8655408936664202
2024-10-28 15:30:00,0.13534397222025682,0.428993831696961,0.54536340065256,0.6051019,0.8433839817637294
2024-10-28 16:30:00,0.15987990870162158,0.42899383169607763,0.5442126783681085,0.5931332,0.8232267508268531
2024-10-28 17:30:00,0.1733833556244013,0.42899383169621086,0.544150292787311,0.71875584,0.8043303437746965
2024-10-28 18:30:00,0.202232201919273,0.4289938316966032,0.5016346988723943,0.49394575,0.7870734037031335
2024-10-28 19:30:00,0.17527236734889295,0.42899383169936384,0.49541424951289464,0.5036639,0.7748148326684908
2024-10-29 13:30:00,0.18641425531295525,0.428993831697384,0.498281812228986,0.42130396,0.760576128003788
2024-10-29 14:30:00,0.25349732111671597,0.4289938316970572,0.49889190406572975,0.5090628,0.7491350364453113
2024-10-29 15:30:00,0.2991492016243836,0.4289938316964567,0.5009438544650093,0.6167649,0.7375544298545341
2024-10-29 16:30:00,0.28057176361421843,0.42899383169632355,0.5022504748264974,0.46354708,0.7289490720563182
2024-10-29 17:30:00,0.2809293511767792,0.4289938316962835,0.5008951039429,0.6027319,0.7188612350804483
2024-10-29 18:30:00,0.3160818973109193,0.4289938316969334,0.5012676185701449,0.48417887,0.7105970131177826
2024-10-29 19:30:00,0.2577055143206204,0.4289938316979362,0.5040951201694877,0.52134144,0.7123278963481696
2024-10-30 13:30:00,0.21440720463614996,0.4289938317090544,0.5093324160508402,0.5394616,0.7114491628216445
2024-10-30 14:30:00,0.23757035599103796,0.4289938316970259,0.4997247274277577,0.38119623,0.7019998078083306
2024-10-30 15:30:00,1.4026535768661652,0.4289938316970149,0.4968614426522015,0.61486185,0.6943623037971525
2024-10-30 16:30:00,1.401788519758311,0.4289938316964191,0.4972188374807333,0.41811335,0.6946898352989782
2024-10-30 17:30:00,1.4021106703348298,0.4289938317025524,0.49186144172732205,0.62541115,0.6879224447134933
2024-10-30 18:30:00,1.3999390027939917,0.42899383169809946,0.48697478902698554,0.59249806,0.6832467097000948
2024-10-30 19:30:00,1.4011542268859476,0.4289938316996532,0.48896818880096354,0.5846662,0.6795559077109234
2024-10-31 13:30:00,0.2506263627741008,0.4289938317779747,0.5820289836446539,0.6007175,1.1207589016664652
2024-10-31 14:30:00,0.49640713511562556,0.4289938316962525,0.6176910039074284,0.701026,1.0854222013514412
2024-10-31 15:30:00,1.300734580409051,0.46314673918956484,0.6203058216762922,0.66433924,1.04862241102717
2024-10-31 16:30:00,1.3002873343957024,0.46314673918956484,0.6206936696920317,0.6535772,1.0139069039633113
2024-10-31 17:30:00,1.3325237633231488,0.46314673918956484,0.6189135025151895,0.6905511,0.984016049340988
2024-10-31 18:30:00,1.3282116200399823,0.46314673918956484,0.5157269053529596,0.4691754,0.9563017279821159
2024-10-31 19:30:00,1.2852022681084767,0.46314673918956484,0.5294229999478084,0.5982469,0.9735271864763764
2024-11-01 13:30:00,0.4491547821378228,0.46314673918956484,0.5923459190352706,0.47126484,1.2242547050966504
2024-11-01 14:30:00,0.4647552749335036,0.46314673918956484,0.6296756254000497,0.5239843,1.17762075477757
2024-11-01 15:30:00,0.39118783330080376,0.46314673918956484,0.624697227300635,0.55792165,1.1518705464903265
2024-11-01 16:30:00,0.42509814343959906,0.46314673918956484,0.6327138031976911,0.54994845,1.1101193615491558
2024-11-01 17:30:00,0.3483117834886126,0.46314673918956484,0.6213432372085891,0.54782903,1.0893381551556423
2024-11-01 18:30:00,0.3597174496651657,0.46314673918956484,0.5552588431838731,0.36898544,1.0513702019465438
2024-11-01 19:30:00,0.33849859104320956,0.46314673918956484,0.553591595671033,0.41814747,1.0191638319212668
2024-11-04 14:30:00,0.28012434930303326,0.46314673918956484,0.5449355124844399,0.35120037,0.9935276184033685
2024-11-04 15:30:00,0.23319357467733787,0.46314673918956484,0.548497938755613,0.30112123,0.9686290176115541
2024-11-04 16:30:00,0.7511911911626655,0.46314673918956484,0.5413507250246524,0.34543678,0.9471154750639307
2024-11-04 17:30:00,0.7551004299534667,0.46314673918956484,0.5455842157345233,0.3174174,0.92092396782821
2024-11-04 18:30:00,0.7723638729236876,0.46314673918956484,0.5452532402700859,0.30719092,0.8949456841387038
2024-11-04 19:30:00,0.7738438955148587,0.46314673918956484,0.5407026388049786,0.30995786,0.8706055349574114
2024-11-04 20:30:00,0.7696742210926459,0.46314673918956484,0.5343696267946446,0.31945634,0.8496498380724851
2024-11-05 14:30:00,0.21762533436285622,0.46314673918956484,0.5643176505799541,0.38692576,0.9572280813907725
2024-11-05 15:30:00,0.2490694095248361,0.46314673918956484,0.5664364729553777,0.6599861,0.9316135900003124
2024-11-05 16:30:00,2.0914915906713674,0.46314673918956484,0.5665638440735604,0.64757067,0.9109419062327034
2024-11-05 17:30:00,2.093981846467899,0.46314673918956484,0.5704213790883765,0.66865593,0.8859530896691522
2024-11-05 18:30:00,2.0965279986084067,0.46314673918956484,0.5713564624256027,0.71990246,0.8622454757638939
2024-11-05 19:30:00,2.110033063170794,0.46314673918956484,0.5204436395863157,0.46895584,0.8408270115841929
2024-11-05 20:30:00,2.1039079970710426,0.46314673918956484,0.5193519632597009,0.37774053,0.8280673544795045
2024-11-06 14:30:00,0.3088985210828456,0.46314673918956484,0.6583122687806177,0.46060997,1.5733087425541041
2024-11-06 15:30:00,0.28743313663602577,0.46314673918956484,0.7115372482858033,0.5213442,1.5067259602573355
2024-11-06 16:30:00,0.6073815358391103,0.46314673918956484,0.7121620471250483,0.4825487,1.4438571782380312
2024-11-06 17:30:00,0.559762790196758,0.46314673918956484,0.7085818985161167,0.5330323,1.392105800215611
2024-11-06 18:30:00,0.5662622921590302,0.46314673918956484,0.7138928449371855,0.57730424,1.3351916895044893
2024-11-06 19:30:00,0.5618671521361844,0.46314673918956484,0.550817013658032,0.3548419,1.282698082162817
2024-11-06 20:30:00,0.5620280862034146,0.46314673918956484,0.551556562682744,0.3513078,1.2320164430026657
2024-11-07 14:30:00,0.2737002303523292,0.46314673918956484,0.5653157384729602,0.43483856,1.236014583224698
2024-11-07 15:30:00,0.28597558216481844,0.46314673918956484,0.5765111186171862,0.41164485,1.18884199984637
2024-11-07 16:30:00,0.4003924180055317,0.5084090895536424,0.5754017588157099,0.42323503,1.1461482684781115
2024-11-07 17:30:00,0.4100426639059368,0.512111192241367,0.5760540489939305,0.4465379,1.105016263310149
2024-11-07 18:30:00,0.4137862761170236,0.5188765175702764,0.5774918643077279,0.39258277,1.0658857004534181
2024-11-07 19:30:00,0.35092564225316897,0.4898359632585486,0.5449682938916101,0.32344002,1.0406944576810575
2024-11-07 20:30:00,0.379550899695556,0.559503848290749,0.5505348816544574,0.37048674,1.0079730686782116
2024-11-08 14:30:00,0.28509516174312016,0.50197255867928,0.5550471635984696,0.40746742,0.9944880264008393
2024-11-08 15:30:00,0.2632008489497907,0.49917156181664935,0.5578552648657272,0.3836129,0.9654833869015818
2024-11-08 16:30:00,0.27735740969088174,0.5179122040713272,0.5597457638459616,0.40309924,0.9366930877962777
2024-11-08 17:30:00,0.26556875419875753,0.5000246769643873,0.5529411517487605,0.34078875,0.9110586004067395
2024-11-08 18:30:00,0.2049377628308998,0.5067968996527042,0.5529452728906611,0.2858119,0.8927867965329291
2024-11-08 19:30:00,0.20225137386861206,0.5152405680823977,0.5450766569603461,0.2836259,0.874995056846153
2024-11-08 20:30:00,0.20812260897578316,0.5206921294585944,0.5483160843195933,0.40946963,0.8520973489835068
2024-11-11 14:30:00,0.18098385936066888,0.504209351379299,0.5461010725672019,0.36555213,0.8337418735155783
2024-11-11 15:30:00,0.1911968006441543,0.5058605430048452,0.4962180147330133,0.517597,0.8144326528955993
2024-11-11 16:30:00,0.2245997702639281,0.5190353013908264,0.4902119699469991,0.5957659,0.7968961720046193
2024-11-11 17:30:00,0.20425445598829728,0.5182277183318589,0.4867520974997426,0.5064272,0.7869784462447501
2024-11-11 18:30:00,0.2288759694897348,0.5117171594657555,0.4895988744793246,0.47297668,0.7716396486929729
2024-11-11 19:30:00,0.25389200770003295,0.5103731200467528,0.48793633004812736,0.49463835,0.7570446399600188
2024-11-11 20:30:00,0.43541550477542096,0.5371974869254711,0.4871315519270829,0.56477463,0.7450419220593896
2024-11-12 14:30:00,0.4276883970062638,0.5226854324367123,0.488745160496154,0.42175916,0.7372106848415059
2024-11-12 15:30:00,0.41588268655315386,0.5243302975729464,0.47952204888702354,0.35640886,0.7302509195083957
2024-11-12 16:30:00,0.41110840742138244,0.5161979733418347,0.48254679340449924,0.4232912,0.7228006455215199
2024-11-12 17:30:00,0.483413906286828,0.5181839333711032,0.484910048183211,0.386414,0.7158881769529611
2024-11-12 18:30:00,0.331053504219325,0.5029431725523051,0.49671803763101186,0.3247902,0.7436614792776146
2024-11-12 19:30:00,0.3199444871928105,0.5234073385814455,0.5047319445297326,0.43281165,0.73405146005058
2024-11-12 20:30:00,0.337668606459846,0.589431937598096,0.5028605666712772,0.39304924,0.7245028038518695
2024-11-13 14:30:00,0.32919419618213747,0.5132174084740287,0.5020234397733985,0.4078764,0.7164203796802516
2024-11-13 15:30:00,0.18983808185836187,0.5077770438917377,0.5023022827705305,0.39927554,0.7289521622674455
2024-11-13 16:30:00,0.21305520293206395,0.5195188643096383,0.49483452597116034,0.40108636,0.7196874952854496
2024-11-13 17:30:00,0.20718630427053333,0.5142358085399593,0.4947824861501403,0.4361482,0.7100865399843198
2024-11-13 18:30:00,0.31489223990678117,0.5219567142467497,0.4938794818121686,0.4221819,0.7061496337801543
2024-11-13 19:30:00,0.3136793625967427,0.5154712163827174,0.49485448651676717,0.42256215,0.6980369191739024
2024-11-13 20:30:00,0.3057017021204372,0.5353076400798983,0.4813410589597322,0.44025332,0.6910995395123909
2024-11-14 14:30:00,0.3263580623614618,0.5202268128483724,0.4820972513649766,0.4587217,0.6881116861900861
2024-11-14 15:30:00,0.35111691675353357,0.5172796850941587,0.4850882391535201,0.45366985,0.680573901685389
2024-11-14 16:30:00,1.1324220622320929,0.5001889422198247,0.48818569954474894,0.4187132,0.696637902532104
2024-11-14 17:30:00,1.133537118305842,0.5001878325869527,0.49522517372618796,0.45551997,0.6891494729428196
2024-11-14 18:30:00,1.1731684179331026,0.5001890459917171,0.49544272647384957,0.48755905,0.6815053304551918
2024-11-14 19:30:00,1.1608251296156575,0.5001883871318451,0.4925878606014234,0.4329005,0.6834646696842119
2024-11-14 20:30:00,1.1760974708323912,0.5001898152456757,0.4965349455729533,0.4611896,0.681529716620928
2024-11-15 14:30:00,0.43902774638101383,0.5001929578591585,0.5571685460345157,0.46269277,0.9863272203731135
2024-11-15 15:30:00,0.43864198637274643,0.5001875954534377,0.5905945494531599,0.49926028,0.9564363659895487
2024-11-15 16:30:00,0.4232813211897634,0.5001896707290925,0.5877550338321074,0.5800784,0.9479811337093788
2024-11-15 17:30:00,0.47671796692832763,0.5001888400875732,0.5960136465464246,0.5341549,0.9196913986729641
2024-11-15 18:30:00,0.42073185142455133,0.5001883752603695,0.5907391123920392,0.57173914,0.9057020124723124
2024-11-15 19:30:00,0.36743612205654463,0.5001872806412768,0.5239993596554258,0.5958271,0.8908130482707339
2024-11-15 20:30:00,0.38925383993673507,0.50018825543094,0.528367669355656,0.5621178,0.8679080060789498
2024-11-18 14:30:00,0.33062798614904515,0.5001871647009465,0.5211972529955001,0.6186227,0.8647295278701413
2024-11-18 15:30:00,0.2508309746123135,0.5001870452550926,0.5284612760781875,0.5766975,0.8545129886126147
2024-11-18 16:30:00,0.3787550587811904,0.5001876682349806,0.5279619813610736,0.6007013,0.8337489109060088
2024-11-18 17:30:00,0.5606201111291789,0.5001884657779808,0.5233804140855359,0.4753739,0.8144193467962165
2024-11-18 18:30:00,0.5413574093769187,0.5001887868949279,0.5221399482579151,0.61673355,0.8018413766216684
2024-11-18 19:30:00,0.5162089944674976,0.5001876546955494,0.5157087198133818,0.59815675,0.7942071161343324
2024-11-18 20:30:00,0.5238154057238409,0.5001877725435707,0.5132881827783664,0.42022252,0.7780939742686073
2024-11-19 14:30:00,0.43974387342940796,0.5001887410081003,0.517884753086573,0.59542555,0.7852681631131443
2024-11-19 15:30:00,0.1600075215745238,0.5001860143625745,0.5321388514982384,0.61569166,0.815059703119466
2024-11-19 16:30:00,0.7927523414891202,0.5001876171451547,0.5433565175126224,0.63037014,0.7968573691665853
2024-11-19 17:30:00,0.7872642232400954,0.5001891660709618,0.5375767345402377,0.6171973,0.7825815527275392
2024-11-19 18:30:00,0.8136008442800498,0.5001873344198062,0.5383055886184903,0.62029624,0.7695789321379439
2024-11-19 19:30:00,0.8152741076310664,0.5001879519621731,0.5325752559858536,0.56747836,0.7555090588577791
2024-11-19 20:30:00,0.8294239474644666,0.500187467782123,0.5063100342182895,0.503265,0.7434089950048896
2024-11-20 14:30:00,0.4302707445904787,0.5001923027033306,0.547379644625894,0.6100241,0.887380775858957
2024-11-20 15:30:00,0.547298523062467,0.5001883303517728,0.5547766010379456,0.53501177,0.863719871514249
2024-11-20 16:30:00,0.6813073209563882,0.500187413013989,0.5513961107049453,0.4852541,0.8906601631881456
2024-11-20 17:30:00,1.0831484524097263,0.500187308329523,0.5553390969399855,0.44418317,0.8691612604845477
2024-11-20 18:30:00,1.0712117543193396,0.5001885462635017,0.5538424932233589,0.4482733,0.8550947520148844
2024-11-20 19:30:00,1.0513221526546026,0.5001865820528464,0.5139092996468213,0.53312695,0.8600702505828541
2024-11-20 20:30:00,0.9950721313708237,0.5001862721970275,0.5247978201979127,0.5758298,0.8681285058208033
2024-11-21 14:30:00,0.8833088231742916,0.5001899921218194,0.5358868292564022,0.67840284,0.8992791213148764
2024-11-21 15:30:00,0.33735527606979837,0.5001836807466039,0.5680183596741322,0.47864267,1.0328796821094322
2024-11-21 16:30:00,0.33430340459957897,0.5555580462723252,0.5921291663896434,0.5024073,1.000327778889459
2024-11-21 17:30:00,0.2787971131590089,0.5492280137767055,0.5847442072767779,0.5005931,0.9821040256814737
2024-11-21 18:30:00,0.32726212285211737,0.5510630679777409,0.587382831874456,0.4530479,0.952718724488657
2024-11-21 19:30:00,0.3175092134619291,0.5499709781508068,0.5746143609417048,0.6043858,0.9269500366155571
2024-11-21 20:30:00,0.2482230293981324,0.5323035686546473,0.5212999190148708,0.6186826,0.9125148903186754
2024-11-22 14:30:00,0.2507585470443199,0.5570217602550783,0.5689545550118502,0.5244884,0.8882872487496136
2024-11-22 15:30:00,0.23137634495038872,0.5435917619680263,0.5509123819331706,0.5288039,0.8716693212154205
2024-11-22 16:30:00,0.6256758278472516,0.5508171908078555,0.5478311974646892,0.59074074,0.857758200086382
2024-11-22 17:30:00,0.652882255679101,0.5498784828377883,0.5569227495648063,0.5808926,0.837774587599336
2024-11-22 18:30:00,0.7245771774699418,0.5631068249449922,0.5447945665404729,0.5560708,0.8213420738942964
2024-11-22 19:30:00,0.7471837008185067,0.5581776429010268,0.548011048858734,0.550032,0.8045573646800551
2024-11-22 20:30:00,0.7378137908244032,0.5595123901518808,0.5411906462654315,0.61897075,0.7926655853740027
2024-11-25 14:30:00,0.42153270833160933,0.5454157052172577,0.568726838146496,0.5015594,0.8713262167972302
2024-11-25 15:30:00,0.3812745351457619,0.5590182833365862,0.5705076299968188,0.5959448,0.8588227505547401
2024-11-25 16:30:00,0.3012708382712104,0.5628437474938033,0.5745638834433597,0.68886846,0.8649746339331783
2024-11-25 17:30:00,0.2675526146998749,0.5468170872442487,0.5851380652033509,0.6645213,0.8529325612581677
2024-11-25 18:30:00,0.26883411761915704,0.5610084351864346,0.5942624707833729,0.6647966,0.8334527303413277
2024-11-25 19:30:00,0.2821426773504959,0.5536851581937049,0.5597629403203955,0.5398314,0.8155000467974618
2024-11-25 20:30:00,0.2791315296138193,0.5466306960155456,0.5486278867277024,0.51394826,0.7995391516562369
2024-11-26 14:30:00,0.197770044201444,0.5602445121334876,0.5254021751132961,0.4770852,0.79798852549586
2024-11-26 15:30:00,0.16558498785727288,0.5525490531961993,0.5172327600379448,0.52804554,0.7868863447536211
2024-11-26 16:30:00,0.2822630466762137,0.5588855002633398,0.4749676663231319,0.3996081,0.7729543536014548
2024-11-26 17:30:00,0.30626039856424075,0.5556435003349832,0.4734820248858378,0.41336432,0.762004372912763
2024-11-26 18:30:00,0.30724553293995055,0.5551352129554064,0.47226667624478985,0.41583815,0.7500686566544369
2024-11-26 19:30:00,0.28805991281158444,0.554185369863993,0.45941452977517505,0.41929168,0.7426374975364297
2024-11-26 20:30:00,0.2841115093531766,0.5337491566792574,0.4592975974971523,0.34982795,0.733167968237775
2024-11-27 14:30:00,0.16664767522264834,0.562089016347637,0.4610571765483328,0.3532356,0.7388472364469784
2024-11-27 15:30:00,0.08538944303617169,0.5651373687758783,0.47073179334306464,0.41655794,0.7349625187704285
2024-11-27 16:30:00,0.44428493206644076,0.5581870229861559,0.4760418314445101,0.44110882,0.7255507632226371
2024-11-27 17:30:00,0.4674612172732178,0.5499830793240229,0.47156605924801387,0.41935903,0.7170472924534511
2024-11-27 18:30:00,0.4730356938076284,0.5625931670768658,0.47153553415335575,0.41499588,0.7092031010335542
2024-11-27 19:30:00,0.4769143044283722,0.5648735895742651,0.4593886979477643,0.40447336,0.7018321095516726
2024-11-27 20:30:00,0.4753141634660748,0.5423490468878285,0.45001768443560836,0.21718761,0.6954006576259509
2024-11-29 14:30:00,0.18764020931463238,0.5659310314390316,0.4759400953486814,0.4576427,0.7451585368617941
2024-11-29 15:30:00,0.1154104943205744,0.5526939562423169,0.46803037694540794,0.55950093,0.7409298847890741
2024-11-29 16:30:00,0.0925867163665434,0.5440115474746091,0.4703930510243076,0.6534799,0.7324665132166508
2024-12-02 14:30:00,0.15638767281905291,0.544011240585868,0.4613465832353101,0.5051135,0.7240847228923659
2024-12-02 15:30:00,0.18416728914344205,0.5440112959489998,0.46107060622306084,0.4175056,0.7151923220851516
2024-12-02 16:30:00,0.27052012660608665,0.5440109620195974,0.42946703922730695,0.41335118,0.7073628252523175
2024-12-02 17:30:00,0.3121408308167637,0.5440112172055984,0.4218326907049559,0.31241453,0.7002735393995592
2024-12-02 18:30:00,0.3164867644652235,0.5440113240477262,0.41860967521286224,0.2694262,0.6941041286831633
2024-12-02 19:30:00,0.29774312116646434,0.5440114796729792,0.4153332969393523,0.35302904,0.6940533680494448
2024-12-02 20:30:00,0.28138131617758033,0.5440110943027536,0.420446822623669,0.40504232,0.69075321081842
2024-12-03 14:30:00,0.20450108536827338,0.5440109348265122,0.4273209131147728,0.33315173,0.6970748745317402
2024-12-03 15:30:00,0.12930363025974811,0.5440112738938963,0.43630178409725856,0.39396384,0.6982513271636633
2024-12-03 16:30:00,0.3140486332185899,0.5440112872024695,0.44301801569436094,0.49748603,0.6930956605288425
2024-12-03 17:30:00,0.3212471817355413,0.54401200971073,0.4389474581896865,0.42512673,0.6896521785686269
2024-12-03 18:30:00,0.32115780388485987,0.5440113491935896,0.4423479578649042,0.4255913,0.6838735600506104
2024-12-03 19:30:00,0.3263692048239872,0.5440112650705041,0.42553484271658226,0.3968202,0.6795055565314083
2024-12-03 20:30:00,0.35889463137119315,0.5440115311815127,0.4174950651786784,0.40569437,0.6747260354949817
2024-12-04 14:30:00,0.22312683848902548,0.5440115223826815,0.42862945623336407,0.48016354,0.6969079466221049
2024-12-04 15:30:00,0.1960032427677677,0.5440114821553216,0.44220067966075716,0.49243218,0.6944841686947423
2024-12-04 16:30:00,0.21070320042783527,0.5440114546975292,0.4492920884501282,0.5370745,0.68824288844153
2024-12-04 17:30:00,0.21319480234469435,0.5440115324768324,0.4455239815268805,0.49377903,0.6844994375855836
2024-12-04 18:30:00,0.1664028732077018,0.5440115640757556,0.44656550682250656,0.4564197,0.6861035987477634
2024-12-04 19:30:00,0.18897684214584015,0.5440114401794105,0.41472798229883995,0.41710424,0.6829773454672534
2024-12-04 20:30:00,0.18632088855244486,0.5440114992736068,0.41178081035665026,0.4203193,0.6784081849055137
2024-12-05 14:30:00,0.17929581077215365,0.544011381621671,0.4110861483268008,0.45194995,0.675517126163867
2024-12-05 15:30:00,0.15909664265193882,0.5440115326479192,0.4112233115120997,0.42759722,0.6733225569812233
2024-12-05 16:30:00,0.40006448960054297,0.5440114941681101,0.4080306856985456,0.38300073,0.6705419056062508
2024-12-05 17:30:00,0.4066053599901926,0.5440112511972397,0.40876752318646636,0.4027503,0.6714341003891395
2024-12-05 18:30:00,0.40839487012423076,0.544011331364134,0.41454090635970026,0.42590308,0.6676440212733662
2024-12-05 19:30:00,0.40862331673337154,0.5440113824317917,0.4122341125714447,0.4119836,0.6649852773181841
2024-12-05 20:30:00,0.4363628919117983,0.5440114419652592,0.4097650794492943,0.48581252,0.6616562366355
2024-12-06 14:30:00,0.23959758740250436,0.5440115878576068,0.42856627647651835,0.3622624,0.7015321792098961
2024-12-06 15:30:00,0.19630615306841467,0.5440112547519663,0.4418351309525483,0.42154375,0.7009326575398932
2024-12-06 16:30:00,0.3133065652443025,0.5440113607333328,0.4454724193656952,0.4313881,0.6948345638110718
2024-12-06 17:30:00,0.32266274119383187,0.5440117342645756,0.44466911720567326,0.441716,0.6896561573579102
2024-12-06 18:30:00,0.2846244834112584,0.5440114506829096,0.4432645818261186,0.41010162,0.6911602994985848
2024-12-06 19:30:00,0.27361148282377334,0.5440115156986449,0.4281642385284198,0.40969443,0.6872114157562772
2024-12-06 20:30:00,0.2761374774414124,0.4831328328844261,0.42581361859205413,0.40838596,0.6822676484013592
2024-12-09 14:30:00,0.191881595646991,0.4832244378826154,0.4318670277375167,0.46766987,0.6961166609952032
2024-12-09 15:30:00,0.16748533632171145,0.4831746239263738,0.43386781638931105,0.39609653,0.6926235488343058
2024-12-09 16:30:00,0.18378120855470864,0.48314866816489627,0.4328231726893236,0.40999305,0.6868050376679734
2024-12-09 17:30:00,0.19797901342293828,0.4831001085930958,0.4323509564648546,0.40610495,0.6813799136437152
2024-12-09 18:30:00,0.1905126603673453,0.4832023456512263,0.4297052902557829,0.4097413,0.6774134543265732
2024-12-09 19:30:00,0.12023874050907472,0.4831450657738716,0.41493451829403716,0.3470049,0.6797733032586767
2024-12-09 20:30:00,0.1290318006787292,0.48303636470807,0.41945036684538217,0.3552895,0.6751374680456107
2024-12-10 14:30:00,0.2359414179415245,0.4831548902456345,0.4183030195546932,0.39694035,0.672739155540728
2024-12-10 15:30:00,0.2245278720349929,0.48312747061557704,0.4200880002955407,0.47866443,0.6703298099666369
2024-12-10 16:30:00,0.645919165103844,0.4831697780408696,0.4218890826844432,0.41222435,0.6665050558146168
2024-12-10 17:30:00,0.6638202454617449,0.48313872537002084,0.4136976141586629,0.32958013,0.66312478534389
2024-12-10 18:30:00,0.6627480449692642,0.48316655541315223,0.41131453556814324,0.34784403,0.6607637857514337
2024-12-10 19:30:00,0.6351347128661848,0.4832010409511892,0.41773290078488556,0.40096956,0.6720632769104314
2024-12-10 20:30:00,0.6379531659695501,0.4832294863876856,0.42852148461495265,0.42279437,0.6680709101114133
2024-12-11 14:30:00,0.2004492649487549,0.48293527573385786,0.47124132410623015,0.42132407,0.7716342559598717
2024-12-11 15:30:00,0.15728387380507775,0.48306590566835234,0.492140551244245,0.53657335,0.7652737278589427
2024-12-11 16:30:00,0.21684942877294622,0.48307891437649886,0.49775533449146014,0.5314384,0.7532133902831685
2024-12-11 17:30:00,0.19941986201400366,0.4831446101608938,0.49170652690369354,0.5644293,0.7445000127933343
2024-12-11 18:30:00,0.19828219305494102,0.4831832286863921,0.4942849454831075,0.5791371,0.734965610391774
2024-12-11 19:30:00,0.1969647504919693,0.4831330259596576,0.44884493757167415,0.5037738,0.72524190668556
2024-12-11 20:30:00,0.31403952829616233,0.4831310833467359,0.43995286680490053,0.48416197,0.718794262880226
2024-12-12 14:30:00,0.27357551020405807,0.48321744434097486,0.44431671140986,0.49666467,0.7173567677267318
2024-12-12 15:30:00,0.28191309377400114,0.4831321927169493,0.44359516956833644,0.6106565,0.7097740081005519
2024-12-12 16:30:00,0.29498604125743166,0.4830998179025698,0.44220883640907854,0.63411355,0.7032308169996005
2024-12-12 17:30:00,0.3680345834448989,0.4831114696440295,0.44570408730410216,0.59450233,0.6961900225924843
2024-12-12 18:30:00,0.2687352051784701,0.48320333632743095,0.44773848056078774,0.5422864,0.7103539566658498
2024-12-12 19:30:00,0.2954008701147209,0.48311937153243406,0.45959616273753,0.4742629,0.7026858591955949
2024-12-12 20:30:00,0.2907845739830828,0.48330156069606445,0.45410022322464355,0.48536292,0.6978341788062474
2024-12-13 14:30:00,0.27144873109772,0.483027978712428,0.4550550088009816,0.5520127,0.6946741844270811
2024-12-13 15:30:00,0.15888631331452446,0.48319065206826445,0.4591602480700997,0.64020145,0.7030206464710389
2024-12-13 16:30:00,0.3897825185867289,0.4831762722263436,0.4581959742860238,0.7018994,0.6976190651869025
2024-12-13 17:30:00,0.37236478538426226,0.4830175067632335,0.45909515232884834,0.6056092,0.6956595785119595
2024-12-13 18:30:00,0.3683523095866247,0.4831302263171545,0.46258992110553376,0.6171177,0.6906478342120068
2024-12-13 19:30:00,0.3891330092568405,0.4831492192306024,0.463444318756155,0.5332897,0.6848578440411867
2024-12-13 20:30:00,0.39386633740845767,0.38046538498951327,0.44857640679002886,0.45133394,0.6795032626199623
2024-12-16 14:30:00,0.15689589573475887,0.38046538498951327,0.4609334386428905,0.4666759,0.7145407743916692
2024-12-16 15:30:00,0.20198198102074783,0.38046538498951327,0.4441306784095925,0.38691244,0.7070209028015378
2024-12-16 16:30:00,0.6202036720816086,0.38046538498951327,0.44130640495897133,0.3778979,0.7000642752209837
2024-12-16 17:30:00,0.6372836113548414,0.38046538498951327,0.43947990112373725,0.36893418,0.6981556685682421
2024-12-16 18:30:00,0.6348519232801163,0.38046538498951327,0.44351912384315384,0.37992588,0.6926989194543217
2024-12-16 19:30:00,0.6358979606602924,0.38046538498951327,0.41972949348028693,0.3833267,0.6870954428867453
2024-12-16 20:30:00,0.6279689698600507,0.38046538498951327,0.4204113760398578,0.37971058,0.6870563551236035
2024-12-17 14:30:00,0.24176603939896688,0.38046538498951327,0.46821003353406165,0.46110603,0.780593030534243
2024-12-17 15:30:00,0.23914391903598842,0.38046538498951327,0.49664906113534985,0.5798518,0.7770106309458066
2024-12-17 16:30:00,0.30555016697319953,0.38046538498951327,0.5071694607048229,0.5086557,0.7636920383298441
2024-12-17 17:30:00,0.3031709877968396,0.38046538498951327,0.5053404036335412,0.522167,0.752138467336143
2024-12-17 18:30:00,0.28980180186183085,0.38046538498951327,0.5028751678420579,0.5077847,0.7430291957567522
2024-12-17 19:30:00,0.2838095104660934,0.38046538498951327,0.45677322707172974,0.48134252,0.7351348224711427
2024-12-17 20:30:00,0.8772657002030435,0.38046538498951327,0.4535820750328146,0.49699578,0.7356659224382482
2024-12-18 14:30:00,1.4442869551224136,0.38046538498951327,0.4629768987702718,0.43848214,0.7362853558706004
2024-12-18 15:30:00,1.851990051972416,0.38046538498951327,0.47186010240253506,0.48146388,0.7267090968118252
2024-12-18 16:30:00,1.8964925080740744,0.38046538498951327,0.4682319662730299,0.4761026,0.7175795263689021
2024-12-18 17:30:00,1.9277736173614002,0.38046538498951327,0.46319100459738793,0.5215288,0.7110035905816904
2024-12-18 18:30:00,1.7926068736008844,0.38046538498951327,0.5263345160255136,0.4744342,0.8938266901472052
2024-12-18 19:30:00,1.3913940327326217,0.38046538498951327,0.6341023818897312,0.46754104,1.1517048005950643
2024-12-18 20:30:00,0.771516878274323,0.38046538498951327,0.7297079962368581,0.4177445,1.340855789127556
2024-12-19 14:30:00,0.662900191238931,0.38046538498951327,0.7888733128614295,0.6057148,1.3144303628143452
2024-12-19 15:30:00,0.7025391919548332,0.38046538498951327,0.7954321797942416,0.57526386,1.2834518682331801
2024-12-19 16:30:00,0.5406885191455779,0.38046538498951327,0.7812599941057735,0.48985064,1.2710105796542115
2024-12-19 17:30:00,1.0218082084423323,0.38046538498951327,0.7543909239450624,0.55329967,1.235021961505925
2024-12-19 18:30:00,1.158797211819528,0.38046538498951327,0.7023671713164665,0.75212747,1.1892351558140521
2024-12-19 19:30:00,1.2913134791995236,0.38046538498951327,0.6887976270719994,0.47962138,1.1476493807726613
2024-12-19 20:30:00,1.234071093833225,0.38046538498951327,0.6782937190044542,0.50361365,1.1403484213729296
2024-12-20 14:30:00,1.2516505802728348,0.38046538498951327,0.6794155055400843,0.42070606,1.1040230670311717
2024-12-20 15:30:00,0.8719746945821897,0.38046538498951327,0.6960445101446253,0.51893586,1.2181039473307669
2024-12-20 16:30:00,0.7290072343260962,0.38046538498951327,0.7419163118287364,0.54685956,1.2256724952894427
2024-12-20 17:30:00,0.49858558533949493,0.38046538498951327,0.7641169562705318,0.5508804,1.2379541570115409
2024-12-20 18:30:00,0.524859555048141,0.38046538498951327,0.7844338968089248,0.5077294,1.197340705120333
2024-12-20 19:30:00,0.499476199018734,0.38046538498951327,0.7836116784791234,0.49486712,1.164950653097311
2024-12-20 20:30:00,0.487066520142333,0.5032640356531042,0.7511969194338507,0.5627327,1.1268856254177244
2024-12-23 14:30:00,0.4141730885787549,0.49541146639604894,0.7290784011392091,0.54383594,1.1016871002386583
2024-12-23 15:30:00,0.42461276217645977,0.4747759681179126,0.7081452709893215,0.40515685,1.0743072194271275
2024-12-23 16:30:00,0.6685694458737313,0.4776119443012049,0.7114476585236147,0.45031226,1.0508819837762617
2024-12-23 17:30:00,0.6624167311719196,0.4720868128865521,0.7132697176564216,0.38798416,1.0246243926103704
2024-12-23 18:30:00,0.6729903172494874,0.48035236223006694,0.7187150804315964,0.42571044,0.9940848587677884
2024-12-23 19:30:00,0.6668149533410616,0.4809274838897094,0.6895368994372654,0.42119136,0.9657374115385022
2024-12-23 20:30:00,0.6253581939981347,0.4486075510916728,0.6376691891008043,0.54949963,0.9512366731665284
2024-12-24 14:30:00,0.2741051860201581,0.4671497272755554,0.6033000498214582,0.6940547,0.995942417082963
2024-12-24 15:30:00,0.2123344070220477,0.4764588654186112,0.6227225923228084,0.66026914,0.9722203591268658
2024-12-24 16:30:00,0.1960944300367837,0.47422495399256626,0.6209891030040929,0.6688824,0.9486575410057299
2024-12-26 14:30:00,0.24471813515041071,0.47806454069477206,0.6190154600202452,0.68820083,0.9218181976794716
2024-12-26 15:30:00,0.24590292813958217,0.474983312698515,0.6071959514497373,0.6724557,0.8987564615795387
2024-12-26 16:30:00,1.3605365354267909,0.48572284994862963,0.5692078884243212,0.6039897,0.878607819501286
2024-12-26 17:30:00,1.3780184595895373,0.4892923471825311,0.5678532177358006,0.7008847,0.8571169905936475
2024-12-26 18:30:00,1.4617021370068701,0.48932594063187584,0.55203636891957,0.5580017,0.8412260849694625
2024-12-26 19:30:00,1.4641624548633914,0.4768988255072068,0.555879186242569,0.5197068,0.8280590567511331
2024-12-26 20:30:00,1.4809475210940626,0.48322466295286065,0.5169413695447317,0.44226253,0.812617252494814
2024-12-27 14:30:00,0.6266761550867233,0.5025544054731176,0.6256277987687625,0.4697392,1.1792463714275325
2024-12-27 15:30:00,0.6284694366782281,0.4263759945938886,0.6879201466086718,0.6472397,1.1452255638886326
2024-12-27 16:30:00,1.7728002257472717,0.4559600576184149,0.6876840093536496,0.5525777,1.151772070410192
2024-12-27 17:30:00,1.8480427027968156,0.4922673263125644,0.7080131571744946,0.5850377,1.1161219405967149
2024-12-27 18:30:00,1.8788450405825958,0.4872037539579668,0.7067661300781699,0.52909315,1.0886373828500453
2024-12-27 19:30:00,1.8782441413551225,0.4656110131596092,0.6262220354137711,0.7104406,1.0523462655012483
2024-12-27 20:30:00,1.8651435678663268,0.48460493157146994,0.6152202460104979,0.68902975,1.0284044188088317
2024-12-30 14:30:00,0.7021674771477759,0.5502873169367403,0.7406268280069208,0.3432907,1.5003539082098136
2024-12-30 15:30:00,0.49244301489310843,0.4560774512072579,0.8328384620615905,0.48842254,1.4805678382688992
2024-12-30 16:30:00,0.34949300705390635,0.44854430873318923,0.8494449375168799,0.469364,1.4439593421065615
2024-12-30 17:30:00,0.5709205232964382,0.4875639643006761,0.8744107187315423,0.34868887,1.3843351657639744
2024-12-30 18:30:00,0.5974226067285122,0.5213595471436562,0.870213355749502,0.36054716,1.3285683877204435
2024-12-30 19:30:00,0.6027252508323333,0.5102172215451437,0.7335323537871542,0.4968743,1.2786563880131314
2024-12-30 20:30:00,0.5589436990405973,0.46828051781752444,0.7057376875497068,0.41539156,1.237927064071231
2024-12-31 14:30:00,0.6423060486940191,0.48095285072297905,0.6913912684124728,0.38073403,1.2003586633940095
2024-12-31 15:30:00,0.502074458698987,0.4906713308484116,0.7061786544108731,0.40948015,1.1925434799817933
2024-12-31 16:30:00,0.5626221718391989,0.48409684386059876,0.7272226278135304,0.45284683,1.1546795962952263
2024-12-31 17:30:00,0.5446313674377697,0.5137397569622214,0.7300607731463724,0.48304194,1.1175886672093034
2024-12-31 18:30:00,0.7520728058396648,0.5137413737509424,0.7343871657197232,0.43361017,1.0787772597273224
2024-12-31 19:30:00,0.7390666495049134,0.5137396729407634,0.72255281889054,0.5912336,1.0728686921747719
2024-12-31 20:30:00,0.7260630147487948,0.5137421072411879,0.7201845760836153,0.42817363,1.0459396644469074
2025-01-02 14:30:00,0.6866448520410252,0.5137393385938438,0.7224558979737099,0.4145577,1.0319795407301735
2025-01-02 15:30:00,0.68495942052166,0.513740114481286,0.6820610210625864,0.40172914,0.9995863222501101
2025-01-02 16:30:00,0.7664668433965569,0.5137437059272593,0.680868444997464,0.52139527,1.025564302716494
2025-01-02 17:30:00,0.7151975426773323,0.5137444662686411,0.6854702708893186,0.58415926,1.0208471767462102
2025-01-02 18:30:00,0.7030007556857159,0.5137403807411458,0.6973759589124968,0.5774339,0.9939662849304985
2025-01-02 19:30:00,0.7105518110373291,0.5137400723287239,0.6897168847036861,0.47059244,0.9727264026325501
2025-01-02 20:30:00,0.7176638933280413,0.5137403232068276,0.7015331257393118,0.5001027,0.9440848396529646
2025-01-03 14:30:00,0.3583719594786966,0.5137379433322913,0.6819119619681747,0.6132067,1.0021644314032059
2025-01-03 15:30:00,0.2669193259664855,0.5137397442879038,0.5861831152877807,0.6706223,0.9836413106867747
2025-01-03 16:30:00,1.2074276192670237,0.5137400351784193,0.5794894571113066,0.54785264,0.9558190093503804
2025-01-03 17:30:00,1.1901021967463914,0.5137387236695578,0.5645169814826226,0.6145292,0.940071468648775
2025-01-03 18:30:00,1.1960191373547928,0.5137405071935924,0.573980865835657,0.62478656,0.9161562759388815
2025-01-03 19:30:00,1.2118483539842806,0.5137400186505595,0.540980962613618,0.49379435,0.8918241487019875
2025-01-03 20:30:00,1.2591476512943425,0.5137344022558958,0.5315812321488816,0.42100617,0.8691779299516311
2025-01-06 14:30:00,0.4400578623713915,0.513736041563626,0.618755476502573,0.46624857,1.142173484039596
2025-01-06 15:30:00,0.4316719427513316,0.5137376073232421,0.6849111107919199,0.4860252,1.1037109637214695
2025-01-06 16:30:00,0.503437902926294,0.5137417502978997,0.6744232891206953,0.5792563,1.0706380036852325
2025-01-06 17:30:00,0.47045727257863457,0.513742242868172,0.6737252630072534,0.5341056,1.0428684327037612
2025-01-06 18:30:00,0.5303817594704816,0.513741576521777,0.6733668784713993,0.5782204,1.0332058226988847
2025-01-06 19:30:00,0.5980179302948173,0.5137415181046106,0.6064403884191593,0.62883985,1.0006946476867369
2025-01-06 20:30:00,0.6271907463657893,0.5137323570058521,0.5985964278922581,0.6461446,0.9706992400409777
2025-01-07 14:30:00,0.7818582866523474,0.5137440563909725,0.5923558036855643,0.6284299,0.9623390196065755
2025-01-07 15:30:00,0.7920664181661362,0.5137424876890412,0.5992058916255504,0.60884374,0.9359190716804683
2025-01-07 16:30:00,0.7722376604021698,0.51374225564841,0.5911540249906205,0.5988468,0.9498489680006759
2025-01-07 17:30:00,0.771414053528714,0.5137388460734048,0.5990712519077487,0.6847046,0.940554823628881
2025-01-07 18:30:00,0.8570583515327052,0.5137405918449073,0.6033118729583987,0.6735438,0.923137684178011
2025-01-07 19:30:00,0.8808844510132162,0.5137417451762356,0.6087671622015977,0.70709276,0.9677172511014822
2025-01-07 20:30:00,0.8898738989523107,0.5137406253120195,0.6352590857326884,0.76654875,0.94447261838366
2025-01-08 14:30:00,0.8282833746093577,0.5137399684248001,0.6243873786697476,0.7924291,0.9506172813448033
2025-01-08 15:30:00,0.7821018894069535,0.5137382435733271,0.6177489127749276,0.895232,0.9409697347735824
2025-01-08 16:30:00,1.4443925392063863,0.5137414898039779,0.6226813429352105,0.6332009,0.9546769803587142
2025-01-08 17:30:00,1.3628588246349207,0.596054696410513,0.6285345946456805,0.7241986,1.003570823376697
2025-01-08 18:30:00,1.3487634021377541,0.5962973755727584,0.654523429794039,0.70996386,0.9809780020431547
2025-01-08 19:30:00,1.4454525141614283,0.5962354782272214,0.6490466458541831,0.6999079,0.9604841685411981
2025-01-08 20:30:00,1.4485345473802969,0.5963159372667702,0.6536364865577755,0.9022693,0.9333749630937993
2025-01-10 14:30:00,0.7716800726248174,0.5966148497843164,0.7034484337850818,0.5119634,1.231804985590553
2025-01-10 15:30:00,0.6885954061747359,0.5961884180588375,0.7105676571795045,0.6040074,1.2068364373053486
2025-01-10 16:30:00,1.0375332424608192,0.596121638518629,0.7297538887547901,0.5234059,1.1621745352516446
2025-01-10 17:30:00,0.8913262533497345,0.5961186142191345,0.7161447200482629,0.7921138,1.177027548815506
2025-01-10 18:30:00,0.9102161670513019,0.5963356689986218,0.7444176940973499,0.54142696,1.1364458027348767
2025-01-10 19:30:00,0.8627432389536372,0.5963634704418261,0.6566324342645673,1.069179,1.1247497074743855
2025-01-10 20:30:00,0.8682543465627194,0.596420821574076,0.6711071982458687,0.58902913,1.085583371788112
2025-01-13 14:30:00,0.39023249422874867,0.5965494818038087,0.680580341662604,0.5075976,1.1632786830732675
2025-01-13 15:30:00,0.4306280499303722,0.5962166182628756,0.7024174832529023,0.632226,1.1266632839002997
2025-01-13 16:30:00,0.4645362928301738,0.596245416212167,0.7027457312260794,0.6514128,1.096069058590178
2025-01-13 17:30:00,0.551713076688676,0.5961940407211002,0.6911788149783884,0.6489359,1.0717355416638052
2025-01-13 18:30:00,0.5767444025215591,0.5962015507779814,0.6994397818717027,0.63611233,1.038120339778591
2025-01-13 19:30:00,0.6986511698884883,0.5962486339168719,0.652191194377908,0.49739185,1.005022663670374
2025-01-13 20:30:00,0.6762419175400737,0.596523877490587,0.6338648898118093,0.81744665,0.9871432995161394
2025-01-14 14:30:00,0.7569598442927726,0.5961867031244111,0.6375120822647028,0.5496293,0.9740007555969695
2025-01-14 15:30:00,0.7097050912900931,0.5963116203664491,0.639408277896727,0.64544207,0.978964024291734
2025-01-14 16:30:00,1.8565040898152547,0.5962394038673396,0.6533793180519298,0.5626951,0.9582925104327704
2025-01-14 17:30:00,1.8272474926542364,0.596015526179405,0.6524730790661694,0.8860279,0.9653385082097744
2025-01-14 18:30:00,1.818917869843191,0.5961715844765195,0.6525456519823982,0.5687853,0.9440078135434571
2025-01-14 19:30:00,1.7759825683146633,0.5963910611443928,0.6497261202219347,0.90232235,0.9603378230204497
2025-01-14 20:30:00,1.7573297948503468,0.5960594952038678,0.6558840774924195,0.83824646,0.9515792281738202
2025-01-15 14:30:00,0.34142890293668227,0.5956919187579702,0.7774122117055111,0.3432907,1.4510743383648814
2025-01-15 15:30:00,0.30353683494725403,0.5961841084227717,0.8244945031977111,0.35645586,1.3982913337894507
2025-01-15 16:30:00,0.3135857510682221,0.5963245825470426,0.8329810100000723,0.34400827,1.3414220000628412
2025-01-15 17:30:00,0.3059173604186061,0.5961250191953207,0.8181794589769109,0.24557549,1.2941866764596697
2025-01-15 18:30:00,0.2810355621524942,0.5960323932913308,0.8103438402397624,0.29821077,1.2470973263285385
2025-01-15 19:30:00,0.3671421896552265,0.5962595338518124,0.6643202262092597,0.37793186,1.2014455599385254
2025-01-15 20:30:00,0.33378844711109856,0.5961751059163963,0.6524793946921266,0.3608139,1.1614788272621976
2025-01-16 14:30:00,0.32527032440636316,0.5963524229553567,0.6586549308796328,0.38840124,1.1209139621967523
2025-01-16 15:30:00,0.28758774963584227,0.5960592377309921,0.6317575381485119,0.44796345,1.0882359057406956
2025-01-16 16:30:00,0.9294870024891964,0.5964008454266346,0.6355007373574708,0.4723267,1.052391572159031
2025-01-16 17:30:00,0.9428119428458543,0.7128943292177988,0.6332250233293166,0.5338484,1.031474367181523
2025-01-16 18:30:00,0.942836138090365,0.7128943292177988,0.641755564573575,0.5025417,0.9988214831366777
2025-01-16 19:30:00,0.9424082000348656,0.7128943292177988,0.6408501990880997,0.49327198,0.9684227484185118
2025-01-16 20:30:00,0.942169354487631,0.7128943292177988,0.6326679209991795,0.47000533,0.9422430719216406
2025-01-17 14:30:00,0.32373409210996174,0.7128943292177988,0.6739434122615335,0.5399601,1.0809948395702749
2025-01-17 15:30:00,0.15039928245224274,0.7128943292177988,0.7137030521626155,0.53173536,1.062698209449884
2025-01-17 16:30:00,0.4906093252484148,0.7128943292177988,0.7258158333241562,0.51329803,1.0278680858986837
2025-01-17 17:30:00,0.4956209207333741,0.7128943292177988,0.7262351582525952,0.444272,0.9952314787179513
2025-01-17 18:30:00,0.5038513428823338,0.7128943292177988,0.7154538712079975,0.6042433,0.9669601339615116
2025-01-17 19:30:00,0.5278655237970846,0.7128943292177988,0.6521723778124423,0.4649895,0.939424795547664
2025-01-17 20:30:00,0.5210682662226904,0.7128943292177988,0.6254339185095605,0.4006581,0.9151036857842797
2025-01-21 14:30:00,0.2353203984069614,0.7128943292177988,0.6414235103857492,0.48324075,0.9409028974311012
2025-01-21 15:30:00,0.22711184423251904,0.7128943292177988,0.5367009925538401,0.624349,0.9156781943866841
2025-01-21 16:30:00,0.651531236918296,0.7128943292177988,0.5316123754259298,0.61428285,0.895347081292057
2025-01-21 17:30:00,0.6357620960528645,0.7128943292177988,0.5335986915103488,0.6384572,0.8791394150822228
2025-01-21 18:30:00,0.6367940739932095,0.7128943292177988,0.5391355173127279,0.5849518,0.8577607229545711
2025-01-21 19:30:00,0.639269710796631,0.7128943292177988,0.5068416350144838,0.54025114,0.8385169557585406
2025-01-21 20:30:00,0.6388727635667056,0.7128943292177988,0.5068368120991411,0.54703087,0.8203078380081659
2025-01-22 14:30:00,0.13708339413705548,0.7128943292177987,0.5346691910926417,0.5040348,0.8995098649205735
2025-01-22 15:30:00,0.16576017294849796,0.7128943292177988,0.5678009309810135,0.5717762,0.8781188596647944
2025-01-22 16:30:00,0.18698187738606123,0.7128943292177988,0.5686226184758976,0.5935159,0.8571408667449492
2025-01-22 17:30:00,0.3387066393656622,0.7128943292177988,0.5671325005531053,0.5851171,0.8387368840346399
2025-01-22 18:30:00,0.342273089834108,0.7128943292177988,0.5668644265330542,0.5641469,0.8203804283569082
2025-01-22 19:30:00,0.3659100873626411,0.7128943292177987,0.5136391445946696,0.32607678,0.8036443107979097
2025-01-22 20:30:00,0.3467327217917634,0.7128943292177986,0.5115100817999013,0.3617399,0.7923322574499735
2025-01-23 14:30:00,0.33942834838305413,0.7128943292177986,0.5155531329667352,0.4189512,0.7802944718609536
2025-01-23 15:30:00,0.31537304993194615,0.7128943292177986,0.47375084942996176,0.4191469,0.7897464869569905
2025-01-23 16:30:00,0.315934974573217,0.7128943292177986,0.4827348117922786,0.43496603,0.7760419426526631
2025-01-23 17:30:00,0.29943592442751654,0.7128943292177986,0.4814777986864887,0.46724954,0.767569842866916
2025-01-23 18:30:00,0.3041219443102444,0.7128943292177986,0.4849039036223571,0.4408818,0.7556739736415227
2025-01-23 19:30:00,0.3369479548584945,0.7128943292177986,0.482625254745571,0.46307606,0.745442066663403
2025-01-23 20:30:00,0.2665661430604555,0.7128943292177986,0.472723776045992,0.47245827,0.7544746950883959
2025-01-24 14:30:00,0.2666131418281832,0.7128943292177986,0.4857472116749742,0.4505173,0.7438879270804643
2025-01-24 15:30:00,0.2885858197461153,0.7128943292177986,0.4650268612088834,0.5041558,0.7354716263432343
2025-01-24 16:30:00,1.50580273001491,0.7128943292177986,0.4664269454784529,0.57255226,0.727192868063994
2025-01-24 17:30:00,1.5539618640091224,0.7466115613490827,0.4650142468718966,0.5014647,0.7256057280534087
2025-01-24 18:30:00,1.5567198243404348,0.7466115613490827,0.45726900387298774,0.4540941,0.7246699068282313
2025-01-24 19:30:00,1.576432898051842,0.7466115613490827,0.4644288691760319,0.4679439,0.7167305842479332
2025-01-24 20:30:00,1.6426169185600696,0.7466115613490827,0.4628492020414626,0.44922796,0.7143791169414917
2025-01-27 14:30:00,0.7597498551215688,0.7466115613490827,0.6272739582696074,0.46129137,1.1907039379148563
2025-01-27 15:30:00,0.7155889694405514,0.7466115613490827,0.691796699015942,0.57849,1.1783059486913061
2025-01-27 16:30:00,0.8562834334317908,0.7466115613490827,0.7079363997785515,0.51984626,1.14212847521197
2025-01-27 17:30:00,0.8353420461811298,0.7466115613490827,0.7085422922999673,0.5558512,1.1140014636215607
2025-01-27 18:30:00,0.781290574861912,0.7466115613490827,0.7103618559555496,0.5508337,1.11995605739898
2025-01-27 19:30:00,0.739819859987434,0.7466115613490827,0.6347845810339395,1.0520327,1.0942435856358612
2025-01-27 20:30:00,0.6629492495294637,0.7466115613490827,0.6301838947521496,0.7910835,1.0782858567728975
2025-01-28 14:30:00,0.46049986448583496,0.7466115613490827,0.6429426102885297,0.70267504,1.0927584770682093
2025-01-28 15:30:00,0.4382353258698751,0.7466115613490827,0.6631719068299575,0.5952559,1.0615234120761605
2025-01-28 16:30:00,0.3299970306055408,0.7466115613490827,0.6462791586263527,0.74557656,1.0558812159138664
2025-01-28 17:30:00,0.33248275193974125,0.7466115613490827,0.6618031574835935,0.70734906,1.0224601567660765
2025-01-28 18:30:00,0.3460517885354842,0.7466115613490827,0.6564932660579417,0.5780447,0.9903047999405747
2025-01-28 19:30:00,0.3238286468031224,0.7466115613490827,0.6265575111464917,0.45544037,0.9668959879204972
2025-01-28 20:30:00,0.57408551849408,0.7466115613490827,0.6292210003951624,0.46771476,0.9408112096176805
2025-01-29 14:30:00,0.8357236494076596,0.7466115613490827,0.6077999532238909,0.45528293,0.9286863286640049
2025-01-29 15:30:00,0.8701481074617157,0.7466115613490827,0.6188140779017406,0.39505303,0.9049483938981444
2025-01-29 16:30:00,0.8754489254080942,0.7466115613490827,0.6195059736374453,0.40320998,0.8835853589383118
2025-01-29 17:30:00,0.8668700881857401,0.7466115613490827,0.6159297626617418,0.44826168,0.8652506941482557
2025-01-29 18:30:00,0.7193964628470654,0.7466115613490827,0.6267114773527716,0.6671796,0.9010045208419707
2025-01-29 19:30:00,0.3989256061548075,0.7466115613490827,0.6576244803736471,0.7346171,0.9753202611358505
2025-01-29 20:30:00,0.3435491229824543,0.7466115613490827,0.68929817729765,0.68630636,0.9609810979125742
2025-01-30 14:30:00,0.3859512327454584,0.7466115613490827,0.6975438304301279,0.66285217,0.9373918700284503
2025-01-30 15:30:00,0.4445000970448081,0.7466115613490827,0.6136279418994088,0.5440201,0.9113557227500101
2025-01-30 16:30:00,0.7931469735888451,0.7466115613490827,0.588763858124094,0.6234471,0.8873380615328045
2025-01-30 17:30:00,0.7459977789104271,0.7466115613490827,0.5411890989781266,0.5510352,0.8825363805672933
2025-01-30 18:30:00,0.732912482392197,0.7466115613490827,0.5404998796108172,0.5233413,0.8666550746881826
2025-01-30 19:30:00,0.827376589725831,0.7466115613490827,0.5307589897148318,0.521884,0.8582124850905521
2025-01-30 20:30:00,0.8843628844511042,0.7466115613490827,0.5359271447516482,0.5657617,0.8503023129895624
2025-01-31 14:30:00,0.7583129118355539,0.7466115613490827,0.5616852929039533,0.67046124,0.9336114733882837
2025-01-31 15:30:00,0.7583248955331089,0.7466115613490827,0.5842091595708052,0.5970571,0.9078850139683614
2025-01-31 16:30:00,1.1780731186996518,0.7466115613490827,0.5779972025919758,0.6725765,0.8853344287335866
2025-01-31 17:30:00,1.1192855674148412,0.7374216539726661,0.5668962486606844,0.57205343,0.9098508420952264
2025-01-31 18:30:00,1.0547432646061072,0.7374216539726661,0.5843992622194514,0.6091007,0.9198449836139796
2025-01-31 19:30:00,0.9443456447717834,0.7374216539726661,0.5767171469006704,0.6698811,0.9463284470223482
2025-01-31 20:30:00,0.985160215980375,0.7374216539726661,0.60452495570453,0.87633723,0.9196625776232253
2025-02-03 14:30:00,0.4196979364693504,0.7374216539726661,0.6285782116036253,0.51888734,1.0696940103384283
2025-02-03 15:30:00,0.3701764141162052,0.7374216539726661,0.6647914676686467,0.60468507,1.0466821147673702
2025-02-03 16:30:00,0.6016281456089847,0.7374216539726661,0.6690228977204091,0.5388952,1.013992232899946
2025-02-03 17:30:00,0.6454072105453498,0.7374216539726661,0.6580218546349417,0.5972045,0.983255496847753
2025-02-03 18:30:00,0.6883490213334192,0.7374216539726661,0.6510692711132067,0.5702117,0.9710574657061066
2025-02-03 19:30:00,0.7083637496082901,0.7374216539726661,0.5908934708030682,0.63801795,0.9478226223848566
2025-02-03 20:30:00,0.7023955554591113,0.7374216539726661,0.5673713677682489,0.5255292,0.9261967336440109
2025-02-04 14:30:00,0.528063007731866,0.7374216539726661,0.578064699102209,0.66282594,0.9532198062637093
2025-02-04 15:30:00,0.48197351646973646,0.7374216539726661,0.5998726552004229,0.6851475,0.9392030667312105
2025-02-04 16:30:00,0.36168335333865204,0.7374216539726661,0.6022760609199276,0.6628176,0.9438035130401277
2025-02-04 17:30:00,0.30016440137791905,0.7374216539726661,0.6157794423526388,0.6837501,0.9290473575146116
2025-02-04 18:30:00,0.3412547233642935,0.7374216539726661,0.6195006480691727,0.7093418,0.9069688919193972
2025-02-04 19:30:00,0.31624826838602954,0.7374216539726661,0.6003487225134426,0.6873673,0.8870712779439258
2025-02-04 20:30:00,0.31818031616755615,0.7374216539726661,0.5949736470199237,0.6522333,0.8677612142303128
2025-02-05 14:30:00,0.26838514728900825,0.7374216539726661,0.5768282277347925,0.5854385,0.8555689479938909
2025-02-05 15:30:00,0.255979531156779,0.7374216539726661,0.5559361130781099,0.63472885,0.838542800597626
2025-02-05 16:30:00,0.20375568350671988,0.7374216539726661,0.5560002981574067,0.5160945,0.8304663269501931
2025-02-05 17:30:00,0.2255240259298798,0.7374216539726661,0.5654073452664848,0.5439796,0.8126314791735252
2025-02-05 18:30:00,0.20341216122901187,0.7374216539726661,0.5497694487825988,0.6165051,0.7997817694970556
2025-02-05 19:30:00,0.20271589438677437,0.7374216539726661,0.5399131761371311,0.54916877,0.7859513364489459
2025-02-05 20:30:00,0.2554119843267181,0.7374216539726661,0.527114971548392,0.441935,0.7730288521035814
2025-02-06 14:30:00,0.22205725258218914,0.7374216539726661,0.5186055657868277,0.43359575,0.7645767008447248
2025-02-06 15:30:00,0.32780356858827203,0.7374216539726661,0.47064078905192047,0.46104088,0.7547873327648948
2025-02-06 16:30:00,0.4330326402560043,0.7374216539726661,0.4658772797751401,0.44010955,0.7443599118168139
2025-02-06 17:30:00,0.6043555291344717,0.7374216539726661,0.4651103018441009,0.4661568,0.7352411638508259
2025-02-06 18:30:00,0.5820294686989078,0.7374216539726661,0.4663960189234484,0.37213552,0.7336740642897879
2025-02-06 19:30:00,0.6398372719480221,0.7374216539726661,0.465389366581296,0.42539427,0.7242434331707825
2025-02-06 20:30:00,0.7393721405955584,0.7374216539726661,0.4654178318794696,0.452051,0.7348865304105326
2025-02-07 14:30:00,0.680772616422918,0.7374216539726661,0.47935422003982164,0.48748472,0.7489894338535475
2025-02-07 15:30:00,0.5329092330819302,0.7374216539726661,0.4846311087121451,0.5556507,0.7882752077362292
2025-02-07 16:30:00,0.8444700072244398,0.7374216539726661,0.502151352769663,0.5040613,0.774520354977017
2025-02-07 17:30:00,0.8038489588556966,0.6750735438805976,0.4886118449671172,0.5885067,0.7807756270957622
2025-02-07 18:30:00,0.6737748106908423,0.6750735438805976,0.49972090020765425,0.5165211,0.8211184292756218
2025-02-07 19:30:00,0.6951722514746055,0.6750735438805976,0.5197403809933884,0.4698087,0.8042543615960824
2025-02-07 20:30:00,0.6975507569328612,0.6750735438805976,0.5012585616380139,0.5205595,0.7895133860708329
2025-02-10 14:30:00,0.2395965507976683,0.6750735438805976,0.5254302517051722,0.61022496,0.8841431575055764
2025-02-10 15:30:00,0.2298987827823014,0.6750735438805976,0.5572140627806904,0.6605384,0.8632263795246167
2025-02-10 16:30:00,0.22656932667384247,0.6750735438805976,0.5408507175880783,0.5085661,0.8459201970378017
2025-02-10 17:30:00,0.1615867060253104,0.6750735438805976,0.5384254978543674,0.5335898,0.8344621928554077
2025-02-10 18:30:00,0.14440485168508463,0.6750735438805976,0.5449377643544435,0.495692,0.8180912193182839
2025-02-10 19:30:00,0.14753517099772132,0.6750735438805976,0.49839252732149997,0.49491808,0.8018564345041679
2025-02-10 20:30:00,0.1923398649921453,0.6750735438805976,0.49914706584086677,0.4858441,0.7863761463991181
2025-02-11 14:30:00,0.18439824147433057,0.6750735438805976,0.4934384191472824,0.5166458,0.7751439607558799
2025-02-11 15:30:00,0.17040822580775802,0.6750735438805976,0.48807129062687393,0.48206645,0.7632061941835768
2025-02-11 16:30:00,0.6470695445207064,0.6750735438805976,0.4875801145295525,0.3964021,0.7514040500772998
2025-02-11 17:30:00,0.6572339044336275,0.6750735438805976,0.48688261559490514,0.4125466,0.7410523119896281
2025-02-11 18:30:00,0.8286111522026587,0.6750735438805976,0.48794816793994156,0.5183882,0.7350806279255557
2025-02-11 19:30:00,0.8244438133540709,0.6750735438805976,0.48792332698874646,0.46927822,0.7275666356663313
2025-02-11 20:30:00,0.8283750392718469,0.6750735438805976,0.49160885480989,0.50779706,0.7183699707911897
2025-02-12 14:30:00,0.5443140121587419,0.6750735438805976,0.5221135712460369,0.48477474,0.8175125371549292
2025-02-12 15:30:00,0.5288591975292486,0.6750735438805976,0.551280615093276,0.58928216,0.8050268724493621
2025-02-12 16:30:00,0.46029486626667315,0.6750735438805976,0.5491576398190255,0.64861023,0.8580274378649654
2025-02-12 17:30:00,0.46974750282510874,0.6750735438805976,0.5799255360334052,0.54132324,0.8382979193205017
2025-02-12 18:30:00,0.4633340982326342,0.6750735438805976,0.5735672099084533,0.52059865,0.821482214931716
2025-02-12 19:30:00,0.465014960850293,0.6750735438805976,0.5337522296061852,0.56772673,0.8047423389743937
2025-02-12 20:30:00,0.5775173663511866,0.6750735438805976,0.5342145156951131,0.59544575,0.7889638296935964
2025-02-13 14:30:00,0.42044463440158375,0.6750735438805976,0.5107451367951413,0.5355295,0.8274715276520977
2025-02-13 15:30:00,0.40863283739687156,0.6750735438805976,0.5067331960872269,0.5417169,0.8124534182147561
2025-02-13 16:30:00,0.41773108779912016,0.6750735438805976,0.5106662329427619,0.50819707,0.7961943501771682
2025-02-13 17:30:00,0.41597465957141766,0.6750735438805976,0.508124203112602,0.51379514,0.7819515145189215
2025-02-13 18:30:00,0.260338663725391,0.6750735438805976,0.5075500387848995,0.60828716,0.7994577565466391
2025-02-13 19:30:00,0.17947633700610094,0.6750735438805976,0.5020598160941597,0.57619804,0.7962012964153171
2025-02-13 20:30:00,0.1815540320277209,0.6750735438805976,0.5133192091921162,0.5642833,0.7812016547832528
2025-02-14 14:30:00,0.1747020624196986,0.6750735438805976,0.5101425451068705,0.5401766,0.7695818133657789
2025-02-14 15:30:00,0.16990010888388907,0.6750735438805976,0.5124928821248268,0.57665867,0.7571864852439426
2025-02-14 16:30:00,0.13009727848294153,0.6750735438805976,0.4921799743520129,0.50528044,0.7487725152444774
2025-02-14 17:30:00,0.1525435451782691,0.6052633159855224,0.48488550084092596,0.47991917,0.740532387417348
2025-02-14 18:30:00,0.161151128259738,0.6052633159855224,0.4892970182145307,0.4831263,0.7304774593175365
2025-02-14 19:30:00,0.14437941695670675,0.6052633159855224,0.4851536437575419,0.523647,0.7226486329104418
2025-02-14 20:30:00,0.18149268026305912,0.6052633159855224,0.48865276047982925,0.38695675,0.713866523924022
2025-02-18 14:30:00,0.2031764334528966,0.6052633159855224,0.48405397077988266,0.3778784,0.7059011924338433
2025-02-18 15:30:00,0.3017425541057033,0.6052633159855224,0.4505949534981558,0.43772995,0.703507565300383
2025-02-18 16:30:00,0.36316561986880885,0.6052633159855224,0.4547098191700262,0.4769644,0.6975754669185056
2025-02-18 17:30:00,0.40616148933429097,0.6052633159855224,0.4298456666077248,0.42840117,0.6912189654242848
2025-02-18 18:30:00,0.39153706885802203,0.6052633159855224,0.429306014525752,0.46823066,0.6889750126332082
2025-02-18 19:30:00,0.393425462189444,0.6052633159855224,0.43294729985560154,0.45684126,0.6858348964452122
2025-02-18 20:30:00,0.35295257712254535,0.6052633159855224,0.4392150935855063,0.44900566,0.7004795332084535
2025-02-19 14:30:00,0.30624606211182165,0.6052633159855224,0.4529594249323763,0.528154,0.7070519053628663
2025-02-19 15:30:00,0.27786369179680137,0.6052633159855224,0.44181258589849665,0.42579755,0.7096782062056463
2025-02-19 16:30:00,0.6793564299649855,0.6052633159855224,0.44966684193449313,0.37001055,0.7021858938852763
2025-02-19 17:30:00,0.6863451098341294,0.6052633159855224,0.44585176288305817,0.369632,0.6982349975986891
2025-02-19 18:30:00,0.6653919970761648,0.6052633159855224,0.43944396588472057,0.4116626,0.7024545521180301
2025-02-19 19:30:00,0.6689761740152126,0.6052633159855224,0.42713545671281244,0.529218,0.6996405535491311
2025-02-19 20:30:00,0.6855618666258915,0.6052633159855224,0.419669733329333,0.37920824,0.6980714783287311
2025-02-20 14:30:00,0.3119466939508319,0.6052633159855224,0.47021683054018487,0.41693577,0.7997635573348341
2025-02-20 15:30:00,0.29315039490383454,0.6052633159855224,0.5030341096778764,0.5425922,0.7895809511420655
2025-02-20 16:30:00,0.658891719384857,0.6052633159855224,0.5047427891844795,0.49961486,0.7770927815008859
2025-02-20 17:30:00,0.6452961434944046,0.6052633159855224,0.5024857245917239,0.55426073,0.7686946314190904
2025-02-20 18:30:00,0.6460408588633031,0.6052633159855224,0.5026808466666709,0.4774363,0.7668022840382879
2025-02-20 19:30:00,0.8676055565255995,0.6052633159855224,0.4701432483673021,0.47358656,0.7575318328556637
2025-02-20 20:30:00,0.9406140160806092,0.6052633159855224,0.46965319855444493,0.40974244,0.7479806796085197
2025-02-21 14:30:00,0.7353207540491989,0.6052633159855224,0.5018907506873928,0.46419162,0.8321143033503823
2025-02-21 15:30:00,0.740621224474448,0.6052633159855224,0.5371919956036365,0.5705347,0.8143329933191568
2025-02-21 16:30:00,0.7906723292717502,0.6052633159855224,0.5278070586553514,0.5220479,0.8083386535996666
2025-02-21 17:30:00,0.6372375624657619,0.6052633159855224,0.5476000187678065,0.569604,0.8794665838359957
2025-02-21 18:30:00,0.539097474607582,0.6052633159855224,0.5772461389195085,0.52941465,0.8913562546199546
2025-02-21 19:30:00,0.5316817449158613,0.6052633159855224,0.5728971421675441,0.64580715,0.8715398672563144
2025-02-21 20:30:00,0.5689771909994029,0.6052633159855224,0.5744373164983668,0.616078,0.8525676883599193
2025-02-24 14:30:00,0.4824668457324679,0.6052633159855224,0.5664413320924868,0.6442978,0.8619346848660396
2025-02-24 15:30:00,0.45428234601870904,0.6052633159855224,0.5539065614827058,0.63233215,0.8729818569792398
2025-02-24 16:30:00,1.149280673688017,0.6052633159855224,0.556136155755022,0.6067887,0.85781491213057
2025-02-24 17:30:00,1.1476368541687425,0.5383977190794614,0.5617259589762749,0.60729325,0.8387175979834997
2025-02-24 18:30:00,1.2216436973879774,0.5383977190794614,0.5573410585351569,0.5925241,0.8328116705600453
2025-02-24 19:30:00,1.2108883786650804,0.5383977190794614,0.5517032558402858,0.5896795,0.8214601962931859
2025-02-24 20:30:00,1.172842738787615,0.5383977190794614,0.543247634568986,0.60925233,0.8304804886642094
2025-02-25 14:30:00,0.6792746220788142,0.5383977190794614,0.6199169601516995,0.4809362,1.066924571659004
2025-02-25 15:30:00,0.7356029666100986,0.5383977190794614,0.6720345301258799,0.5507124,1.0315504578540504
2025-02-25 16:30:00,0.8411839961373336,0.5383977190794614,0.6583070854378938,0.56133443,1.0448610801157767
2025-02-25 17:30:00,0.8495073394047299,0.5383977190794614,0.6873347521852499,0.49787512,1.0110204117138748
2025-02-25 18:30:00,0.8428880482707164,0.5383977190794614,0.6763751512052067,0.5468604,0.9819736761879184
2025-02-25 19:30:00,1.0488924902907613,0.5383977190794614,0.6086070220846654,0.61382407,1.0009309571733094
2025-02-25 20:30:00,1.0142083039894545,0.5383977190794614,0.6297447340422772,0.70351523,0.9872787581226621
2025-02-26 14:30:00,0.7988690858100074,0.5383977190794614,0.6339256939858036,0.6810229,1.0397841481661056
2025-02-26 15:30:00,0.8025608425043393,0.5383977190794614,0.6540003676972619,0.7871394,1.0092283336079149
2025-02-26 16:30:00,0.8206270947006014,0.5383977190794614,0.6604106598255722,0.6934296,0.9779127106362887
2025-02-26 17:30:00,0.32954013274661764,0.5383977190794614,0.6543265318409444,0.54671746,1.0762095304168773
2025-02-26 18:30:00,0.3182384147252058,0.5383977190794614,0.6825223280084736,0.5073569,1.0418355344095902
2025-02-26 19:30:00,0.3342557285922302,0.5383977190794614,0.6580357081427706,0.7811848,1.0084428472565012
2025-02-26 20:30:00,0.7121945587515691,0.5383977190794614,0.6517980762110716,0.85327524,0.9814519325938187
2025-02-27 14:30:00,1.0256857483821034,0.5383977190794614,0.6525811152678926,0.79727596,0.958568556852892
2025-02-27 15:30:00,1.0242790451711532,0.5383977190794614,0.5949762200869978,0.58942086,0.9420752063427617
2025-02-27 16:30:00,1.1698445215895585,0.5383977190794614,0.6011571829957751,0.49535295,0.9158057648927149
2025-02-27 17:30:00,1.2289636015092316,0.5383977190794614,0.597192209962346,0.5471398,0.8940321039046687
2025-02-27 18:30:00,1.0592125176311866,0.5383977190794614,0.6186372394897899,0.6409267,0.9660760278546365
2025-02-27 19:30:00,0.838165373892891,0.5383977190794614,0.6638789704222925,0.75592095,1.0585411850596527
2025-02-27 20:30:00,0.8257439843469374,0.5383977190794614,0.6994861555232781,0.84076756,1.0333372452963947
2025-02-28 14:30:00,0.9012866714936344,0.5383977190794614,0.6999531402793546,0.6280116,1.065349765705799
2025-02-28 15:30:00,1.1070328818584951,0.5383977190794614,0.6804428862599055,0.7088436,1.0608690152067795
2025-02-28 16:30:00,1.0947646534094142,0.5383977190794614,0.6784141430597637,0.68519396,1.0314327919701258
2025-02-28 17:30:00,1.061734310108041,0.5383977190794614,0.6375748758635179,0.7986324,1.0305424022009448
2025-02-28 18:30:00,1.0758436034688024,0.5383977190794614,0.6522896489866371,0.7744647,1.0032301705911546
2025-02-28 19:30:00,1.2820194896356443,0.5383977190794614,0.6444288157999355,0.67824227,1.065143372123922
2025-02-28 20:30:00,1.0400426292859213,0.5383977190794614,0.6733717123294205,0.7634303,1.1394870553013052
2025-03-03 14:30:00,1.6227175500690971,0.5383977190794614,0.7174092450554664,0.5696625,1.099185163306576
2025-03-03 15:30:00,1.6655555883342048,0.5383977190794614,0.684253194489624,0.5704853,1.0779833211057472
2025-03-03 16:30:00,2.3205423172443562,0.5383977190794614,0.690665750833955,0.54911757,1.0531635040422918
2025-03-03 17:30:00,2.1262824640911586,0.6449919776750079,0.6984399645474451,0.48135382,1.1962149787564225
2025-03-03 18:30:00,2.2894300176508913,0.6449919776750079,0.7099290157320134,0.61863345,1.1530045611096704
2025-03-03 19:30:00,1.9217120806555836,0.6449919776750079,0.7462093715787838,0.4800399,1.3737279112889889
2025-03-03 20:30:00,1.9779501367355425,0.6449919776750079,0.8074363182318143,0.50902945,1.353581751006365
2025-03-04 14:30:00,1.1917733114764304,0.6449919776750079,0.8732332575463302,0.85509104,1.6756500531183607
2025-03-04 15:30:00,1.6690122254453508,0.6449919776750079,0.9421296473847471,1.0696584,1.611596026537587
2025-03-04 16:30:00,1.445638218600059,0.6449919776750079,0.9380533437031155,0.95331013,1.6374950981793417
2025-03-04 17:30:00,1.4558735074845304,0.6449919776750079,0.951036651202982,0.33139828,1.5665679052132078
2025-03-04 18:30:00,1.4565041087931256,0.6449919776750079,0.9276097040730837,1.6844529,1.560292707591771
2025-03-04 19:30:00,1.3979952767507253,0.6449919776750079,0.8554827497589048,0.48262697,1.5179770224305547
2025-03-04 20:30:00,0.9453444433124106,0.6449919776750079,0.8750071990012963,1.4713333,1.6483107505363328
2025-03-05 14:30:00,0.9571960901965039,0.6449919776750079,0.9176728386634807,1.598959,1.5802449123780655
2025-03-05 15:30:00,0.9586374150905806,0.6449919776750079,0.9115878376674603,1.5693108,1.5168394195301433
2025-03-05 16:30:00,1.045178241975774,0.6449919776750079,0.8868243228835134,1.9942997,1.5156794196980028
2025-03-05 17:30:00,1.041174153342378,0.6449919776750079,0.9175315886175348,1.8693854,1.4528137865468562
2025-03-05 18:30:00,1.3310791904128019,0.6449919776750079,0.8412067825642692,2.5030699,1.448315265980083
2025-03-05 19:30:00,1.3114198569363962,0.6449919776750079,0.8680316829138348,2.3552675,1.396157329133151
2025-03-05 20:30:00,1.339318320442805,0.6449919776750079,0.8613653242978477,2.1233528,1.3449288740653498
2025-03-06 14:30:00,1.1592490340160435,0.6449919776750079,0.8329273560472372,2.1496716,1.3882642529179214
2025-03-06 15:30:00,1.1596178400262045,0.6449919776750079,0.8830905539544818,2.1178951,1.3319747386644432
2025-03-06 16:30:00,0.5346934348293588,0.6449919776750079,0.8688581014036889,1.7828994,1.4433754656263051
2025-03-06 17:30:00,0.9871717323901423,0.6449919776750079,0.9321266537177442,1.8456693,1.3836910250890824
2025-03-06 18:30:00,0.9334394134763341,0.6449919776750079,0.8955117602937618,2.0635307,1.3448699847891679
2025-03-06 19:30:00,1.1566233815999014,0.6449919776750079,0.8751244392633861,2.2323437,1.3184640315996767
2025-03-06 20:30:00,1.3449967602398647,0.6449919776750079,0.8636034193807802,0.49415043,1.2666800494166874
2025-03-07 14:30:00,1.3465646223054035,0.6449919776750079,0.7894008746470645,0.67001957,1.2191534785413802
2025-03-07 15:30:00,1.060681214045656,0.6449919776750079,0.7362995651231203,0.5169764,1.2908327506779884
2025-03-07 16:30:00,2.0987855785132234,0.6449919776750079,0.7773436283242084,0.54379493,1.241714855488728
2025-03-07 17:30:00,1.9426784921338054,0.6449919776750079,0.7517587205947176,0.53858745,1.3015158092019754
2025-03-07 18:30:00,1.8330119618870477,0.6449919776750079,0.7917974341451599,0.5859551,1.327497597284567
2025-03-07 19:30:00,1.8619493146396233,0.6449919776750079,0.8176153282022836,0.50681394,1.2767538197448591
2025-03-07 20:30:00,1.8963534792407322,0.6449919776750079,0.7879433231455759,0.4420668,1.2275453654102144
2025-03-10 13:30:00,0.557439153845612,0.6449919776750079,0.8307768462252596,0.37124154,1.6657321716748936
2025-03-10 14:30:00,0.585890256344688,0.6449919776750079,0.9266589864208457,0.30121604,1.5933423431198408
2025-03-10 15:30:00,1.0065999939449843,0.6449919776750079,0.9046083182852958,0.23692185,1.5325864446077948
2025-03-10 16:30:00,0.9700080498653759,0.7616915339823441,0.892652212731861,0.42047763,1.4842102039014275
2025-03-10 17:30:00,0.933224308016978,0.7616914987937444,0.8982717142876242,0.42634368,1.441049970881517
2025-03-10 18:30:00,1.1378908939238244,0.7616914395684266,0.7695544222707331,0.42169946,1.3816150836055205
2025-03-10 19:30:00,1.5875452163103698,0.7616913515134455,0.7614103137030358,0.48226464,1.3316028431119742
2025-03-11 13:30:00,1.3539329731694114,0.7616913330703167,0.7806477928873734,0.47778067,1.393173250282632
2025-03-11 14:30:00,1.473211681012476,0.7616913306614503,0.8035403145577849,0.52867895,1.3436629244577303
2025-03-11 15:30:00,1.542495667631135,0.761691317624516,0.7991904556453269,0.5219631,1.299824706396598
2025-03-11 16:30:00,1.4483421015226834,0.7616913118001247,0.7772839923852068,0.57768416,1.3184665529241508
2025-03-11 17:30:00,1.094992136474824,0.7616913746225693,0.8268209287283865,0.46758175,1.4608014630341664
2025-03-11 18:30:00,1.0955303613367626,0.7616913393045653,0.8602161770643818,0.4589384,1.406161262676424
2025-03-11 19:30:00,0.9300656101303179,0.7616913298227744,0.8511216332146032,0.5037571,1.4070007939635252
2025-03-12 13:30:00,0.7786911168190043,0.7616913568164752,0.8714598484885349,0.50132656,1.3906890926082929
2025-03-12 14:30:00,0.6927670062392044,0.761691359071202,0.8739700520153796,0.5632641,1.3565464174448094
2025-03-12 15:30:00,0.46965073825195947,0.7616913714056907,0.8143844331727697,0.4665097,1.3596040132124187
2025-03-12 16:30:00,0.6619087711355781,0.7616913689472348,0.8410934036786912,0.44340584,1.31183388940332
2025-03-12 17:30:00,0.697627234842419,0.7616913695587537,0.8081737409343313,0.55471337,1.268176048863068
2025-03-12 18:30:00,0.7361814174650027,0.7616913660871073,0.7879191126882554,0.8032702,1.2211621388746683
2025-03-12 19:30:00,0.802384026795297,0.7616913590714565,0.7771987798394763,0.4968743,1.1784160618516029
2025-03-13 13:30:00,0.7887220890263438,0.7616913466192134,0.7439164868844381,0.43737927,1.1546851289555624
2025-03-13 14:30:00,0.602139152293382,0.7616913252275934,0.6629877029372488,0.49430862,1.1612456655120125
2025-03-13 15:30:00,1.1162499404621515,0.7616913040477223,0.6827277115766669,0.4971407,1.137309038910913
2025-03-13 16:30:00,1.3054873073876598,0.7616913018113296,0.690518249444781,0.5938524,1.1095556738514185
2025-03-13 17:30:00,1.2679842457531647,0.7616912978876945,0.6917578437847638,0.63165367,1.0942090780092117
2025-03-13 18:30:00,1.2541907399681682,0.7616913021597284,0.6923968978909345,0.56742316,1.0732859260617924
2025-03-13 19:30:00,1.2614518283251597,0.7616913038842362,0.690838723031852,0.41323683,1.0374869935041364
2025-03-14 13:30:00,0.8068761320060575,0.7616913150803802,0.7114453803009438,0.4484661,1.1913310272194229
2025-03-14 14:30:00,0.3980977475901284,0.7616912969063357,0.7422159942327607,0.5340917,1.239609093164378
2025-03-14 15:30:00,0.49423653114986316,0.7616913023678055,0.7747938401414124,0.50083303,1.1965622216537566
2025-03-14 16:30:00,0.451336015107222,0.7616913043167527,0.7683719432677045,0.53054345,1.1611914472848015
2025-03-14 17:30:00,0.433805192924167,0.7616912937919744,0.7616272444378971,0.50752115,1.1228644362637719
2025-03-14 18:30:00,0.5191315107342551,0.7616912959969552,0.6672966052373523,0.6798166,1.091215288202859
2025-03-14 19:30:00,0.6997169804879555,0.7616912330687252,0.6254353533143404,0.39201748,1.0603202345593021
2025-03-17 13:30:00,0.6218199325089243,0.761691167293616,0.6151594160974866,0.53647584,1.0472066894259633
2025-03-17 14:30:00,0.7114817458981513,0.7616911701086612,0.6158743560990829,0.63867325,1.0147593855269172
2025-03-17 15:30:00,1.2366117894827675,0.7616911699697924,0.6104460088024356,0.5678574,0.9836398330063718
2025-03-17 16:30:00,1.2106099013310667,0.8462242275010425,0.5900429615091475,0.61853176,0.9802651736911389
2025-03-17 17:30:00,1.143339342954008,0.8462049861099714,0.6079292955360134,0.61382407,1.0048827314074225
2025-03-17 18:30:00,1.158515959573982,0.8462328056632223,0.625927293474762,0.66196936,0.974887252177991
2025-03-17 19:30:00,1.1023972052823274,0.8460420939231109,0.6216194656709741,0.7089086,0.9737997995018678
2025-03-18 13:30:00,0.4495178952686952,0.845899683587727,0.6729572930244602,0.53885436,1.1504351367790835
2025-03-18 14:30:00,0.381252846553924,0.8459751054147421,0.7186289691866838,0.6063572,1.1200792466354632
2025-03-18 15:30:00,0.649545120466615,0.8460062341225858,0.7012144706551529,0.7866361,1.0989248474648945
2025-03-18 16:30:00,0.6184383934608952,0.845402270269105,0.7075478966954285,0.5919799,1.0691705825848625
2025-03-18 17:30:00,0.6426085450927934,0.845223734006801,0.7112063541663565,0.5168557,1.0336803014610538
2025-03-18 18:30:00,0.744041335622942,0.845087966120446,0.6323674827319145,0.49867755,1.003263401285415
2025-03-18 19:30:00,0.7760481717116126,0.8448189480203587,0.6287387697673922,0.35456795,0.9723750845397501
2025-03-19 13:30:00,0.6706466518718149,0.8447332015919088,0.6319547523924912,0.7222016,1.0225079712103244
2025-03-19 14:30:00,0.6714795861676939,0.8446018331426383,0.6286657365485963,0.68525016,0.9902895043895005
2025-03-19 15:30:00,0.7794904508597741,0.8445723490383846,0.59913392577545,0.5602766,0.9669939381259886
2025-03-19 16:30:00,0.6806851503561653,0.844602299954589,0.6017825145609497,0.684701,0.9723579719916591
2025-03-19 17:30:00,0.8005552710517443,0.8446784100303487,0.6162179746742247,0.8766403,0.9544510869029301
2025-03-19 18:30:00,0.7025320569969298,0.844691946628331,0.5980934859347015,0.65876573,0.9749135614980016
2025-03-19 19:30:00,0.7103596847382827,0.8447357282985144,0.6242693742808809,0.6440683,0.9463524151819879
2025-03-20 13:30:00,0.5715792588830771,0.8447783966357753,0.6167327625317179,0.7063776,0.9613828426222687
2025-03-20 14:30:00,0.5918407915964765,0.84482466368797,0.6240039505361807,0.61946523,0.9355232351600438
2025-03-20 15:30:00,1.0907720394375855,0.844854441391605,0.6212256370925207,0.6014747,0.9603292025313146
2025-03-20 16:30:00,1.0584784708478043,0.84478994864802,0.6274244125098715,0.66527873,0.9480307840711689
2025-03-20 17:30:00,1.1452842355985777,0.8447094899447664,0.633599196683443,0.7005937,0.9239582789113432
2025-03-20 18:30:00,1.1423172178969336,0.844700083613081,0.6095934428817164,0.6104321,0.9010604230189734
2025-03-20 19:30:00,1.1279925843843077,0.8445028176820193,0.6075615513858678,0.7167509,0.8854279254691939
2025-03-21 13:30:00,0.4550009425248712,0.844807150056564,0.6426623044645228,0.49351883,1.0919692418067999
2025-03-21 14:30:00,0.5996630162197942,0.8448539806325499,0.6638068128765505,0.5687218,1.05488714418155
2025-03-21 15:30:00,1.6209624652819166,0.8448703388827088,0.6507047004558734,0.55260277,1.0614101632632573
2025-03-21 16:30:00,1.6232812779200283,0.8448968027765295,0.672320226360021,0.5366527,1.0269689544964609
2025-03-21 17:30:00,1.625246475907474,0.8448744076961296,0.6719813262112588,0.5792004,0.9943923918792946
2025-03-21 18:30:00,1.6254808844294484,0.8448744857175966,0.6004498359939341,0.67898655,0.9642210104419245
2025-03-21 19:30:00,1.5818406741892597,0.844905143852783,0.5978302534975413,0.6818345,0.9697417715218841
2025-03-24 13:30:00,0.3212800975412343,0.8451740515788461,0.7181445544676103,0.46064177,1.3867514508484675
2025-03-24 14:30:00,0.3051855826118545,0.84561534242565,0.8021246695388127,0.46337342,1.3321640658439604
2025-03-24 15:30:00,0.4272715963355935,0.8455893599516152,0.8038859930548903,0.4725357,1.2804262102139514
2025-03-24 16:30:00,0.42627238424440195,0.9357003680127527,0.8058859925324364,0.5172124,1.2311171522656577
2025-03-24 17:30:00,0.45718345860313114,0.9357003654771227,0.7916712682907916,0.49393886,1.1870139012740637
2025-03-24 18:30:00,0.37455035827980965,0.9357003649873277,0.6500263540274424,0.3629888,1.1567994387486704
2025-03-24 19:30:00,0.3764875422198077,0.9357003598683703,0.6577728786926056,0.3863118,1.1153587587212255
2025-03-25 13:30:00,0.22048678290511686,0.93570035271305,0.6545073554638523,0.39455906,1.0951901098876486
2025-03-25 14:30:00,0.3078934290555299,0.9357003500982639,0.6668973769460258,0.45848566,1.0579445443363529
2025-03-25 15:30:00,0.41598684177019585,0.935700346994506,0.6594907929463627,0.3527764,1.0313575367818772
2025-03-25 16:30:00,0.4491761825336783,0.9357003467823153,0.6520638717003896,0.47140956,0.9992860431640082
2025-03-25 17:30:00,0.4995042015905828,0.9357003467076579,0.6513587789717126,0.4992147,0.969012144236805
2025-03-25 18:30:00,0.620565991402204,0.9357003466189981,0.6338590126161263,0.4995686,0.9411840666300643
2025-03-25 19:30:00,0.5840895056189368,0.9357003423052551,0.6337493665548353,0.48678306,0.9254043639781981
2025-03-26 13:30:00,0.5443970974328743,0.93570034177615,0.639783770565834,0.52074456,0.9273322827631613
2025-03-26 14:30:00,0.5457766440185591,0.9357003417971094,0.6156106780509766,0.64799964,0.9095292142668446
2025-03-26 15:30:00,0.5165543731539187,0.9357003373174696,0.620156988327008,0.5275864,0.8971189904800647
2025-03-26 16:30:00,0.36340470261608093,0.9357003323813611,0.6205788480304908,0.72897685,0.9066307802639585
2025-03-26 17:30:00,0.4183406143626391,0.9357003340546609,0.6375089692780456,0.69331336,0.8834431264272326
2025-03-26 18:30:00,0.4602352938544183,0.935700331960844,0.6220169939965476,0.5445197,0.8791124151875341
2025-03-26 19:30:00,0.4716006227878446,0.9357003317852695,0.6290636973444708,0.5068438,0.865724313069106
2025-03-27 13:30:00,0.5535881154710095,0.9357003279126965,0.6238841166133753,0.6656324,0.8495928365572171
2025-03-27 14:30:00,0.7339501779619606,0.9357003259568367,0.47996870518892587,0.4290026,0.8310943246586272
2025-03-27 15:30:00,1.497461691553644,0.9357003263707802,0.4786541429812357,0.46093994,0.8248373943832847
2025-03-27 16:30:00,1.4645237231127732,0.9357003262434084,0.4834618310625089,0.50065374,0.8355715819272117
2025-03-27 17:30:00,1.4972580944562064,0.9357003297784366,0.4957044830882865,0.51502454,0.828691495260104
2025-03-27 18:30:00,1.4857352513021163,0.9357003298482218,0.503763220905651,0.55933034,0.8370203066978711
2025-03-27 19:30:00,1.4082905984587977,0.9357003183107354,0.5230628637227609,0.57225686,0.8769696402870768
2025-03-28 13:30:00,0.48537254141498903,0.93570031344715,0.6383982872730024,0.44788694,1.2106887776112938
2025-03-28 14:30:00,0.47220462038490746,0.9357003310100607,0.7097281637688194,0.5474402,1.1679519565232483
2025-03-28 15:30:00,1.176812656567318,0.9357003284284665,0.7020230481915062,0.57880473,1.1518463841675515
2025-03-28 16:30:00,1.2717286677766118,0.935700328568566,0.7094562800152258,0.5940634,1.1234760642583743
2025-03-28 17:30:00,1.318885967027934,0.9357003304658433,0.7115334459383801,0.5025368,1.0864927270975129
2025-03-28 18:30:00,1.3285940015240698,0.9357003283926565,0.6191099182608498,0.5695537,1.0500824550175194
2025-03-28 19:30:00,1.4561571125300907,0.9357003088721879,0.6195975862065088,0.5112204,1.0158917663907356
2025-03-31 13:30:00,0.9075294567635004,0.9357002970971663,0.6675796960537683,0.49637866,1.2310272599548726
2025-03-31 14:30:00,0.7924864294305352,0.935700336664416,0.7222039016790283,0.5270987,1.2367408066979657
2025-03-31 15:30:00,1.0147748912561985,0.9357003370998574,0.7423624557351111,0.55615914,1.2133939025454534
2025-03-31 16:30:00,1.4251824385688807,0.9865756794307559,0.7556247946646812,0.50575364,1.173085810541519
2025-03-31 17:30:00,1.2945690260366924,0.986575679430756,0.7483443118449415,0.5748049,1.1946569475993811
2025-03-31 18:30:00,1.3135771130769982,0.986575679430756,0.7241403626193902,0.5363376,1.1519290418677237
2025-03-31 19:30:00,1.3638430686319614,0.986575679430756,0.6974903883663459,0.605648,1.1304089166050435
2025-04-01 13:30:00,1.1924259950353668,0.9865756794307559,0.7104337729383391,0.48777542,1.1892694435369096
2025-04-01 14:30:00,0.7825863339793747,0.986575679430756,0.7653599141619317,0.5090384,1.3206621886114807
2025-04-01 15:30:00,0.7832702249364578,0.9865756794307559,0.8166155238674141,0.39291322,1.2686063611554494
2025-04-01 16:30:00,0.8643569801583351,0.9865756794307559,0.8041196938847881,0.48271647,1.229505631651899
2025-04-01 17:30:00,0.7330187316907562,0.9865756794307559,0.7967706029780367,0.51891893,1.2249757434410742
2025-04-01 18:30:00,0.7355457079446885,0.986575679430756,0.7917369129498073,0.47850287,1.1962282519414302
2025-04-01 19:30:00,1.0495995034048282,0.986575679430756,0.7419017351814371,0.5617128,1.1914036446119878
2025-04-02 13:30:00,1.1135836020622705,0.9865756794307559,0.7634684793959581,0.67320913,1.1478571651779126
2025-04-02 14:30:00,1.056930179467057,0.986575679430756,0.6985565554898457,0.5504576,1.142425711723059
2025-04-02 15:30:00,4.035614727587519,0.9865756794307559,0.7023979658914431,0.5806536,1.1075380835796713
2025-04-02 16:30:00,4.030650383099142,0.986575679430756,0.6918962372552475,0.54399663,1.0890301812532701
2025-04-02 17:30:00,4.007484603330256,0.9865756794307557,0.7108021270428644,0.5072455,1.1975850472108316
2025-04-02 18:30:00,4.046340967950825,0.986575679430756,0.7543740262229758,0.5956347,1.1785347639333192
2025-04-02 19:30:00,4.04716472462657,0.986575679430756,0.7578229882461774,0.50769454,1.147941618923041
2025-04-03 13:30:00,1.1345095948476622,0.9865756794307555,1.1485812142502732,1.3385864,2.757366112892013
2025-04-03 14:30:00,1.1369900064774812,0.9865756794307565,1.3645100779532708,1.9106339,2.628301476172301
2025-04-03 15:30:00,4.137431450087334,0.9865756794307569,1.3329445782215066,1.6794481,2.5506584938679366
2025-04-03 16:30:00,4.08239820061026,0.9865756794307565,1.3484552951127182,1.8948212,2.4667267769868406
2025-04-03 17:30:00,4.145477478704369,0.9865756794307567,1.3752436567635657,1.8703744,2.355161276258214
2025-04-03 18:30:00,4.139624475850507,0.9865756794307564,1.0620907223484741,1.837312,2.2530620763014313
2025-04-03 19:30:00,4.157399876267997,0.9865756794307562,1.067695085669368,1.7529255,2.1531910222778823
2025-04-04 13:30:00,0.9892653012919004,0.9865756794307554,1.3598541796970278,1.3282562,3.3319405750078164
2025-04-04 14:30:00,1.3968149129298009,0.9865756794307573,1.6091258963440946,1.7336178,3.167222465800983
2025-04-04 15:30:00,1.8686520287654922,0.986575679430757,1.5614377077988868,1.6487987,3.052288610462509
2025-04-04 16:30:00,2.053659100679957,0.9865756794307574,1.5957832218333161,1.7907292,2.9066568141124782
2025-04-04 17:30:00,2.313653714817849,0.9865756794307572,1.5851559201577592,2.0179842,2.7808712809423337
2025-04-04 18:30:00,2.587078991224796,0.9865756794307576,1.259298916702409,1.8797355,2.654676479831853
2025-04-04 19:30:00,2.393247797705537,0.9865756794307564,1.270571720523418,1.1955146,2.6058155749845957
2025-04-07 13:30:00,2.103663992780168,0.986575679430757,1.31188142702696,0.5884955,2.654441996232634
2025-04-07 14:30:00,2.0627730177024346,0.9865756794307572,1.3775673734837013,0.85159814,2.590324480667777
2025-04-07 15:30:00,4.041214208212152,0.986575679430758,1.4001743549856391,1.3372893,2.577734298679431
2025-04-07 16:30:00,4.246134209912704,1.234562980974985,1.4420011484911468,1.3372893,2.5748585115936686
2025-04-07 17:30:00,4.245459957997944,1.2345517381066924,1.4931326138003223,1.6957772,2.4514363749130688
2025-04-07 18:30:00,4.724681471071333,1.2345362111138567,1.4098277477329044,0.85159814,2.407690799394666
2025-04-07 19:30:00,4.659359225216524,1.2345764115480522,1.4191232861899006,0.85640913,2.3482150628389786
2025-04-08 13:30:00,3.0404249698708337,1.2345932892301665,1.578010681371485,1.3282562,3.2612803825414685
2025-04-08 14:30:00,2.473066037068701,1.2345307073166423,1.5984351298690922,1.3282562,3.3067512132912307
2025-04-08 15:30:00,2.5130020065450798,1.234559543047752,1.7100800468053547,1.7563572,3.1434653424199657
2025-04-08 16:30:00,1.0974552819479997,1.2345310711861937,1.6645804983533532,1.3282562,3.329472134830932
2025-04-08 17:30:00,1.1148772500076038,1.2345525734614715,1.7990597961247805,1.6842332,3.1648805864732235
2025-04-08 18:30:00,4.857987991250712,1.234536183679336,1.5754776667676018,1.3580561,3.075301478335821
2025-04-08 19:30:00,5.542265085690003,1.2345555587187402,1.5684859836917782,1.4781635,2.9259861434779504
2025-04-09 13:30:00,5.541147224557066,1.2345575081122797,1.5551001366849007,2.0173604,2.7980422064577812
2025-04-09 14:30:00,5.556383116867402,1.2345528241211141,1.2397858627058334,1.5434858,2.6634127832818586
2025-04-09 15:30:00,6.19700268355439,1.234555585039716,1.238342671014065,1.4820359,2.537752310009065
2025-04-09 16:30:00,3.9730457492282887,1.2346418672321908,1.5813868543635263,1.3282562,3.952217539707692
2025-04-09 17:30:00,3.7259576607355043,1.2345923163708457,1.8594184409050447,1.3282562,4.134475108098924
2025-04-09 18:30:00,3.9734215207363004,1.2345616759220592,2.003898947762612,2.0173604,3.937395323317254
2025-04-09 19:30:00,4.31250879518685,1.234621176938272,2.0061780886823986,2.0173604,3.7511801787985553
2025-04-10 13:30:00,3.5094826712374196,1.2345213296479023,1.982178136543244,1.3282562,3.9848995363579043
2025-04-10 14:30:00,3.4360146794796527,1.2345345724014,1.8601664114712757,1.5470967,3.8242341306632714
2025-04-10 15:30:00,2.6757022941555335,1.2345344411767258,1.7787362137733869,1.3282562,3.9242733200532056
2025-04-10 16:30:00,2.296855316390239,1.2345839186530019,1.86548034739352,1.3282562,3.84421645072522
2025-04-10 17:30:00,1.7178554467008413,1.2345888652266979,1.8956348799882146,1.3282562,3.8206975729853294
2025-04-10 18:30:00,1.3701459428391707,1.2345466200503596,1.8606590269397603,1.3401139,3.703714410913447
2025-04-10 19:30:00,1.4414790203886156,1.2346240434771283,1.8928405263575616,2.0173604,3.530569571775077
2025-04-11 13:30:00,1.2550027655566185,1.2345463098949256,1.7912895639118531,1.6487987,3.392082513694607
2025-04-11 14:30:00,1.177315235725065,1.2345756440890157,1.6562087843362234,2.0179842,3.237777073877393
2025-04-11 15:30:00,1.7341433399518866,1.2345732026549074,1.5489849273304626,1.1584558,3.1236238748852
2025-04-11 16:30:00,1.7994732404942055,1.2345712165568712,1.5377089604942862,1.5283275,2.9850164539942603
2025-04-11 17:30:00,1.7592482167931294,1.2345618909435532,1.4893529428795693,1.4726578,2.8675109791267737
2025-04-11 18:30:00,1.7547962545922533,1.2345763153615281,1.4918008591713625,1.4411954,2.734439743205625
2025-04-11 19:30:00,1.83991148951549,1.234576787505428,1.4843876608329616,1.309415,2.6034120523981557
2025-04-14 13:30:00,1.0590461180592237,1.2345927316541478,1.4762309150454689,0.92214245,2.66502988174781
2025-04-14 14:30:00,0.9311000125201927,1.2345311396808172,1.540331764026735,1.1222683,2.572549754427662
2025-04-14 15:30:00,0.791178022530125,1.2345329665831177,1.5492494049309773,1.0474886,2.4697110554640593
2025-04-14 16:30:00,0.7571584035287805,1.5489688635168368,1.5637885079431588,0.7712884,2.3579152535918397
2025-04-14 17:30:00,0.518656094085913,1.5489686869879318,1.3038478362573869,1.1129299,2.2760673203798354
2025-04-14 18:30:00,0.7710688735393256,1.548967815363081,1.1534490577258558,1.5040227,2.171399691479759
2025-04-14 19:30:00,0.6384372668339308,1.548965429154358,1.1232513994624411,1.8955548,2.0886598971342365
2025-04-15 13:30:00,0.6801552646331197,1.548955948358173,1.129110055060237,1.9624761,1.9920825715156236
2025-04-15 14:30:00,0.6957166754302125,1.548954969281451,1.0055291280694139,2.490151,1.902548364156129
2025-04-15 15:30:00,1.3052908378962635,1.5489534247401604,0.9685573657715136,2.3195848,1.818443217823986
2025-04-15 16:30:00,1.2794946130346783,1.548951942181768,0.8758401558566344,2.7912111,1.7791022436282968
2025-04-15 17:30:00,1.4073497949442024,1.548951738719616,0.8534756787978994,2.518597,1.6997829353694212
2025-04-15 18:30:00,1.3854879164758096,1.5489515478722382,0.7752023487705116,0.75160444,1.6326545367252667
2025-04-15 19:30:00,1.7237736433130078,1.5489515000332557,0.7460252046621437,0.46547464,1.5672030370999612
2025-04-16 13:30:00,1.6638655739390267,1.5489516539469077,0.7796710215965156,0.5002307,1.6647367433783904
2025-04-16 14:30:00,1.8472284479466548,1.5489524888372614,0.806277127060764,0.54001015,1.629532990502691
2025-04-16 15:30:00,1.7531103401304353,1.5489462922674977,0.8200868368254076,0.51759756,1.6045448255707517
2025-04-16 16:30:00,1.7740588906734425,1.5489447453825318,0.8373083928084295,0.5004021,1.5351589094980025
2025-04-16 17:30:00,1.5241123000320496,1.5489434535120157,0.8291219852620726,0.5255856,1.6184909446155713
2025-04-16 18:30:00,1.1814386888495125,1.5489434531875201,0.8411258660190206,0.49725443,1.6832228773326339
2025-04-16 19:30:00,0.8112084562059023,1.5489415617592412,0.8844549128101693,0.38701186,1.7266222598085137
2025-04-17 13:30:00,0.9559428700814012,1.5489406437821671,0.9313520186766341,0.21009907,1.6509510062314454
2025-04-17 14:30:00,0.932956844465032,1.5489400554587767,0.8646564361443607,0.27941358,1.5886109918173195
2025-04-17 15:30:00,2.2060450997195074,1.5489355881865365,0.8176160137540016,0.53889513,1.5568807167148844
2025-04-17 16:30:00,2.234842522086829,1.5489358206577026,0.7897890715774067,0.52464885,1.5060347958957092
2025-04-17 17:30:00,2.20880472571392,1.548933377173274,0.7474105995024687,0.54139227,1.4707398000821041
2025-04-17 18:30:00,2.1740845033568474,1.5489328709201806,0.7562744269052598,0.5597695,1.4479734713887926
2025-04-17 19:30:00,2.1670838200219924,1.5489324393088484,0.7757229523257898,0.52484816,1.3926074132018136
2025-04-21 13:30:00,0.6623931428359878,1.548933145666297,0.8873947603259986,2.037876,1.8907211432937976
2025-04-21 14:30:00,0.8331699866220507,1.548933861332309,0.9974730403970336,2.7485282,1.8323909870462007
2025-04-21 15:30:00,1.9203040215161493,1.5489338246198783,1.0094291150757966,2.507224,1.7592868356469087
2025-04-21 16:30:00,1.9250166361494137,1.5489338198944198,1.0044870317610852,2.7298045,1.6945756533295364
2025-04-21 17:30:00,2.059692579766358,1.5489338125200043,1.0168565524140063,2.398845,1.6198970918415991
2025-04-21 18:30:00,2.3670353714998544,1.5489337525966786,0.85396167333499,2.503553,1.5506753570589231
2025-04-21 19:30:00,2.319660860488933,1.5489330029972948,0.8415559429740265,2.5519114,1.5529386449978781
2025-04-22 13:30:00,1.5248361486827897,1.5489318756647488,0.9491088151605214,1.0021528,1.8707500956382377
2025-04-22 14:30:00,1.5441524349099287,1.5489324456310285,1.0181316162729512,1.4374838,1.8009288542156943
2025-04-22 15:30:00,3.4385800711360464,1.548932299613478,1.0129642080203591,1.4665011,1.7843286567690704
2025-04-22 16:30:00,3.377967157935232,1.6678827303169261,1.036704939488731,2.0469084,1.8652788599401169
2025-04-22 17:30:00,3.3643451112547305,1.6678834226849644,1.078761767313924,2.8004339,1.8126381656332684
2025-04-22 18:30:00,3.38025385962036,1.6678834361170431,0.9999383675660981,1.566691,1.7332473883370512
2025-04-22 19:30:00,3.3660237356074902,1.6678834526673534,0.965627871223461,1.9097519,1.6799452955314986
2025-04-23 13:30:00,1.2186637941856782,1.6678854323533472,1.1462418592072687,1.3385864,2.601089045375306
2025-04-23 14:30:00,0.7412736552408546,1.6678898408599176,1.2954836930130842,1.3580561,2.5552979689377566
2025-04-23 15:30:00,1.4093330034197877,1.6678897682959808,1.331350341342516,2.0407956,2.4479323751994406
2025-04-23 16:30:00,1.364990647383818,1.6678898515134704,1.3355326224211308,2.0567176,2.342053327849884
2025-04-23 17:30:00,1.378864923640966,1.6678899411444377,1.3369921190100742,1.9666706,2.239395968632933
2025-04-23 18:30:00,1.334128312789051,1.6678898865815857,1.106868149119346,1.6597614,2.1466374703636926
2025-04-23 19:30:00,1.3302992184194482,1.6678897434122693,1.0674486308644997,1.7463263,2.0481917888073027
2025-04-24 13:30:00,0.4064292254386114,1.6678893659166143,1.088060115231108,1.0195681,2.1199585080040615
2025-04-24 14:30:00,0.505638573652691,1.667889422195134,1.0970132522969416,1.8632649,2.0212025478043834
2025-04-24 15:30:00,0.5059642300564657,1.6678893569980953,1.0762782137946552,2.1175163,1.9418830265693081
2025-04-24 16:30:00,0.6062075470358143,1.667889090853308,1.0873620195763292,1.9414992,1.8540600039601385
2025-04-24 17:30:00,0.689014085578809,1.6678890904040755,1.0854336415599473,1.9080021,1.7712555119970064
2025-04-24 18:30:00,0.8321196222937048,1.6678880786676016,0.9874034978851354,2.548336,1.6938094417416474
2025-04-24 19:30:00,0.8063454185687803,1.667887831807053,0.987106666064354,2.6258779,1.6311094029390527
2025-04-25 13:30:00,0.7211718542501119,1.6678879148464951,0.9774797306130233,2.6741297,1.577586844753953
2025-04-25 14:30:00,0.6516579784983613,1.6678880298393919,0.9382045869494153,2.7219741,1.5265657810870221
2025-04-25 15:30:00,0.5599081277286507,1.6678878406803606,0.9471113894525656,2.706101,1.4784885089533006
2025-04-25 16:30:00,0.7372337297436696,1.6678876877104423,0.9476098026674746,2.5249882,1.4505363139296434
2025-04-25 17:30:00,0.7352545960069866,1.6678875773390542,0.9371729331730129,2.675509,1.3979830016572372
2025-04-25 18:30:00,0.7446409036601516,1.6678875593772053,0.9364490486533856,2.5705957,1.3411347320947682
2025-04-25 19:30:00,0.9355036967914852,1.6678866582867196,0.9200166529716753,2.3766065,1.2919889981098887
2025-04-28 13:30:00,1.0011840909847254,1.667885993187936,0.9124935809695712,2.5066614,1.242671939828282
2025-04-28 14:30:00,0.7381547153872131,1.6678861283776223,0.6591215834259045,0.4988777,1.2739885837209735
2025-04-28 15:30:00,0.7292587667657867,1.6678861831289906,0.6563894343104548,0.6994089,1.2329743769333266
2025-04-28 16:30:00,0.8335686425165285,1.667886159194922,0.6573529680768951,0.6711062,1.1890136405017
2025-04-28 17:30:00,0.60176567713469,1.6678862894585857,0.6554350351531476,0.6210706,1.2072257235440917
2025-04-28 18:30:00,0.48123866516849456,1.6678862041055524,0.678368625408756,0.85168695,1.1861497116923636
2025-04-28 19:30:00,0.6301741443283094,1.6678859556697276,0.6654712813721145,0.66376644,1.143469992291349
2025-04-29 13:30:00,0.6048975351564712,1.6678854506301009,0.6571875742379145,0.6690267,1.109404023698498
2025-04-29 14:30:00,0.44224141615081664,1.6678855103437982,0.5913422980925167,0.61950004,1.1052843205677225
2025-04-29 15:30:00,1.4855609948509432,1.6678845964898614,0.5872187928637755,0.7123453,1.0699974000126344
2025-04-29 16:30:00,1.5645247040968602,1.7161430709772194,0.5728075254851127,0.5942662,1.0348573402852377
2025-04-29 17:30:00,1.5186681580217698,1.7161430275942464,0.5727203350980075,0.62502444,1.0366105427622136
2025-04-29 18:30:00,1.5582277918153082,1.7161430069044856,0.5927862644217542,0.6375992,1.003997921826978
2025-04-29 19:30:00,1.5581644284447846,1.7161415916967253,0.5736299441149281,0.55294347,0.9745232290135162
2025-04-30 13:30:00,0.6468749522880639,1.7161385310967412,0.6755644103473194,0.476319,1.3206415678864765
2025-04-30 14:30:00,0.9260897402796796,1.7161391984877452,0.7479942304550078,0.58862996,1.3081552685907292
2025-04-30 15:30:00,1.6503034710646334,1.716139162141672,0.760957821774541,0.5756656,1.2615632662351026
2025-04-30 16:30:00,1.6267481298379078,1.7161391313683274,0.7533856326002122,0.61624986,1.2346534714921518
2025-04-30 17:30:00,1.707445164876651,1.7161391439631248,0.7629083150279382,0.55077684,1.1892578765662218
2025-04-30 18:30:00,1.712708367954895,1.7161391022658583,0.6631987382803355,0.65892947,1.1485199605422092
2025-04-30 19:30:00,1.5035645904611952,1.7161390300953798,0.6710185576636605,0.5099178,1.230066317327434
2025-05-01 13:30:00,0.6060863527490818,1.7161387998231226,0.7688447846486262,0.4800399,1.481918866459318
2025-05-01 14:30:00,0.8519064086921105,1.7161390360829585,0.8424895150122041,0.50390494,1.4269079626741425
2025-05-01 15:30:00,1.5470908297358317,1.716139132300223,0.8258223598436998,0.54754823,1.4098797929157592
2025-05-01 16:30:00,1.563616203494965,1.71613923018664,0.8480772946802255,0.4348874,1.3574739383772998
2025-05-01 17:30:00,1.6233197220925464,1.7161392225458123,0.8315461101846007,0.47006726,1.3046387866174085
2025-05-01 18:30:00,1.6246607106067825,1.7161391888898396,0.7320278626063951,0.48785192,1.2536869236696877
2025-05-01 19:30:00,1.5023290724222287,1.7161391871788914,0.7261778653194151,0.57730687,1.2745735805372869
2025-05-02 13:30:00,0.5599226937855541,1.7161399070762673,0.8023168858846862,0.42623997,1.5222297389770403
2025-05-02 14:30:00,0.5124947526492395,1.7161404619165135,0.8766549877061935,0.4099913,1.4699611438955167
2025-05-02 15:30:00,0.5758221651257333,1.7161405648955468,0.8734411191232463,0.4674865,1.4381122381735338
2025-05-02 16:30:00,0.6046773784213191,1.7161405185795364,0.8977224741975849,0.439364,1.3795051667284908
2025-05-02 17:30:00,0.6064248919153735,1.716140520467871,0.8800595945207471,0.4653819,1.3274783630911777
2025-05-02 18:30:00,0.6141677048153329,1.7161405185771499,0.7865953989433896,0.6428755,1.2749825111315898
2025-05-02 19:30:00,0.6111966413955221,1.7161405239986949,0.7706543440569501,0.633575,1.231665861669018
2025-05-05 13:30:00,0.4053886575658045,1.716140432841688,0.7622971299162002,0.66352063,1.231941471148455
2025-05-05 14:30:00,0.4166668893611592,1.7161404936565743,0.7333501010956458,0.43368834,1.1924300832376427
2025-05-05 15:30:00,0.6449926747968385,1.716140491648096,0.7297105765728955,0.48900402,1.1532806974267023
2025-05-05 16:30:00,0.6635113466798815,1.716140407936818,0.7340486882962811,0.47329015,1.11383025733219
2025-05-05 17:30:00,0.6673286648704906,1.7161404109468363,0.7259609689951867,0.44308716,1.0812062026676048
2025-05-05 18:30:00,0.640210162132737,1.7161404271905194,0.7014412575235507,0.4376689,1.0567376436356115
2025-05-05 19:30:00,0.6168127743524776,1.7161404146018768,0.7051416280264114,0.43465728,1.0319365361752013
2025-05-06 13:30:00,0.3393821728613509,1.7161403635289876,0.6975809514640054,0.5142858,1.053790347616023
2025-05-06 14:30:00,0.45521624617233136,1.7161404391698865,0.6596858321477647,0.62384856,1.0262366288207607
2025-05-06 15:30:00,0.6797201695048115,1.7161404606560209,0.6592978868017028,0.62384856,1.0012132422364963
2025-05-06 16:30:00,0.8142541715629821,1.7617877923337661,0.6492440414804825,0.63042575,0.975650962709893
2025-05-06 17:30:00,0.8025717879543673,1.7617877696244093,0.6473750071842076,0.5716698,0.9509112699647186
2025-05-06 18:30:00,0.8814866751050396,1.761787770465466,0.6234939245345342,0.40619603,0.9244279062548462
2025-05-06 19:30:00,0.9956701084706636,1.7617875048064289,0.6208322011430172,0.71087766,0.9281521941981666
2025-05-07 13:30:00,0.837397786209784,1.7617870310531605,0.6281002710141346,0.6357858,0.9678932200779626
2025-05-07 14:30:00,0.9135547426195785,1.7617871267578729,0.5704288293765166,0.59837204,0.9885252618676815
2025-05-07 15:30:00,1.0769685279423669,1.761787120703788,0.5951341475148955,0.65271395,0.9586788804302726
2025-05-07 16:30:00,1.0593532532986183,1.7617871306328772,0.5763023222691634,0.583139,0.9610833822891055
2025-05-07 17:30:00,0.9959630869092119,1.7617872714197507,0.5920035276656951,0.5833404,1.0067810443858147
2025-05-07 18:30:00,0.9982549714435228,1.7617871779936856,0.6106861096376629,0.5144325,0.9757082667933817
2025-05-07 19:30:00,0.8248701347278978,1.7617871918822186,0.5986131921301031,0.49393284,1.0231354003366395
2025-05-08 13:30:00,0.6208400764818766,1.7617869693092627,0.6307762734926778,0.5961125,1.0574573512632464
2025-05-08 14:30:00,0.9016225219996201,1.7617868906297123,0.6379323959279685,0.52329373,1.0426535485639545
2025-05-08 15:30:00,0.780515674100367,1.7617868098731309,0.6295434235476008,0.5623985,1.0516840840938106
2025-05-08 16:30:00,0.7774615784076357,1.7617868326093886,0.6539524881492531,0.58839965,1.0183872795742646
2025-05-08 17:30:00,0.7590848930577792,1.7617868440949875,0.6284489887694811,0.6615189,0.9953706320636044
2025-05-08 18:30:00,0.7389782568790338,1.7617867979344142,0.609071559203893,0.6824284,0.9715998121311947
2025-05-08 19:30:00,0.15558283325882047,1.7617862662568984,0.6225408701992274,0.61448437,1.0534284794820972
2025-05-09 13:30:00,0.17716761761640598,1.761785852767742,0.6499798434927669,0.9446345,1.0202373783244105
2025-05-09 14:30:00,0.21276300176647106,1.7617857652369817,0.6426063477836871,1.0348231,0.9881682433745407
2025-05-09 15:30:00,2.4536571974793753,1.7617857232487046,0.6330734468282584,0.9257054,0.9614269837000314
2025-05-09 16:30:00,2.455734239260041,1.7617857181152126,0.6362026537565139,0.7068502,0.9335890085467269
2025-05-09 17:30:00,2.456224364826689,1.7617857147031937,0.5711176279837819,0.48502916,0.9085977002331157
2025-05-09 18:30:00,2.478091777036993,1.761785709630897,0.5695882882399701,0.6102426,0.8877795165722355
2025-05-09 19:30:00,2.477618847693465,1.7617857003639077,0.5735842388379421,0.66671294,0.8688163543684123
2025-05-12 13:30:00,0.393436772099678,1.7617867170496075,0.8412977709800052,0.85509104,1.797802312521773
2025-05-12 14:30:00,0.44161884719427474,1.7617875999096024,0.9863631491347522,1.1030873,1.7183839370375602
2025-05-12 15:30:00,0.8089880852757553,1.7617875889937809,0.982498872323977,1.0818199,1.6430731577453268
2025-05-12 16:30:00,0.7454944987877935,1.7617875894163888,0.9703420983258333,1.2484764,1.587499306959337
2025-05-12 17:30:00,0.737581923504645,1.7617875696677696,0.9826920567078097,1.0968108,1.5207431885161484
2025-05-12 18:30:00,0.7418540438221021,1.7617875744150768,0.7576870804657962,0.6527428,1.4571488193044893
2025-05-12 19:30:00,0.7108528997157312,1.7617875765930067,0.7542575018036821,0.65144265,1.404206788209034
2025-05-13 13:30:00,0.22114047276159737,1.7617875302193264,0.7659594917005423,0.60758394,1.417578726297706
2025-05-13 14:30:00,0.32007316749944525,1.7617875524694435,0.7859516537332284,0.5520319,1.3629361669077804
2025-05-13 15:30:00,0.3409603559256105,1.7617875555231541,0.7921697769228471,0.5235631,1.3082173463346325
2025-05-13 16:30:00,0.32835422278175036,1.501719734447501,0.7804707201371059,0.6174132,1.2589004085935784
2025-05-13 17:30:00,0.31985389117217333,1.5017171977375494,0.7794175039033455,0.5911844,1.2117310977001174
2025-05-13 18:30:00,0.4075743035960617,1.5017320679936572,0.7258261181325805,0.4400301,1.16827353340302
2025-05-13 19:30:00,0.3134976431682297,1.5016992939674618,0.7257420462157395,0.35869104,1.1401151565491996
2025-05-14 13:30:00,0.2916884175576443,1.5017354048310163,0.7243699323547326,0.48783106,1.1023914979367688
2025-05-14 14:30:00,0.3005782247420979,1.5017214790461562,0.7268329378187954,0.40683085,1.0652421164660497
2025-05-14 15:30:00,0.41268147858358517,1.5017107825907001,0.729075682220888,0.35092852,1.0299998540616737
2025-05-14 16:30:00,0.5224767812967496,1.5017279503276124,0.723029033558643,0.4403751,1.0124154345492502
2025-05-14 17:30:00,0.5331206078792476,1.5017226659800338,0.724996435031275,0.4130168,0.9826025881506482
2025-05-14 18:30:00,0.5912363715848808,1.501704932379854,0.7268725122445994,0.40647683,0.9533150156738777
2025-05-14 19:30:00,0.6169319407382484,1.5017074213817663,0.7232725561206617,0.42507157,0.9279753820577896
2025-05-15 13:30:00,0.5624324325779515,1.5017043806899977,0.7245335744772587,0.43817067,0.9209824906889442
2025-05-15 14:30:00,0.4660609257135671,1.5017188556189975,0.5024295633087222,0.53342026,0.9362941514138564
2025-05-15 15:30:00,0.45243431173033216,1.5017216243640774,0.5222453605793587,0.5977143,0.9147228740276966
2025-05-15 16:30:00,0.3724866764755669,1.5017317746237604,0.5246731676888212,0.6599359,0.9057134957443537
2025-05-15 17:30:00,0.3708784721327815,1.5017102147750767,0.5257246468499432,0.5508562,0.8913593614585159
2025-05-15 18:30:00,0.3898636875124007,1.5017351447390925,0.525035677342386,0.59171456,0.8725155987115635
2025-05-15 19:30:00,0.27637127575768516,1.50172876476561,0.5098442833722576,0.5769519,0.8699560852500252
2025-05-16 13:30:00,0.282040148834575,1.5017213984482574,0.5180643602098931,0.5318912,0.8506616883499144
2025-05-16 14:30:00,0.29181308750781787,1.5017227292579913,0.4802481726553065,0.5128245,0.8311800490507344
2025-05-16 15:30:00,0.40754227843527185,1.5017243208894075,0.46885479988587636,0.51844305,0.8231092769332249
2025-05-16 16:30:00,0.36905248878456054,1.5017225558497629,0.47480830323331813,0.42734042,0.8136537524259558
2025-05-16 17:30:00,0.45679307158105564,1.5017173970436433,0.4713839463329471,0.41349703,0.7973519026820451
2025-05-16 18:30:00,0.4856763113143928,1.5017252680576663,0.4677164344070985,0.42904532,0.7848601283363952
2025-05-16 19:30:00,0.5316149339989418,1.5016570168396361,0.47009442159023596,0.48315546,0.772240655739744
2025-05-19 13:30:00,0.40547587972183,1.5017054814043163,0.4682817867100692,0.5170201,0.7914644398946896
2025-05-19 14:30:00,0.46818559044981894,1.5017155164209925,0.48434390960546336,0.4137385,0.7768567004786716
2025-05-19 15:30:00,0.5137051627586064,1.501715059297474,0.48277320370303395,0.5086959,0.7832632888645145
2025-05-19 16:30:00,0.48467585263808743,1.5017192313846068,0.4936992508772546,0.5158011,0.7793497148576211
2025-05-19 17:30:00,0.4460820488885065,1.5017130792933444,0.49463012545513707,0.5135838,0.7798766681188606
2025-05-19 18:30:00,0.46378344131121185,1.5017103668145009,0.49342326355690397,0.47549912,0.766474790322201
2025-05-19 19:30:00,0.6002290308862247,1.5017054877555798,0.49121208373329595,0.46479473,0.7690619331848769
2025-05-20 13:30:00,0.4997435881574405,1.5017043164223112,0.49694994525200603,0.607695,0.7882961110227465
2025-05-20 14:30:00,0.5536249740750057,1.5017194686062039,0.505043402701485,0.4469897,0.8447924228642805
2025-05-20 15:30:00,0.7647665713525675,1.5017109816920757,0.4863202652663287,0.4966014,0.8314274988717237
2025-05-20 16:30:00,0.838164167551401,1.0057717328605418,0.48778971190315396,0.49058008,0.8189226069354567
2025-05-20 17:30:00,0.7086811446655528,1.0057867104752038,0.49210369175975655,0.54763484,0.8551744663785489
2025-05-20 18:30:00,1.39696463810654,1.0057686238984862,0.5025035345361805,0.45507312,0.8389903927310146
2025-05-20 19:30:00,1.376939039822467,1.005773111249768,0.5009397865065074,0.52345455,0.8386747695260941
2025-05-21 13:30:00,1.3663987834419764,1.005787875194418,0.5198077213392819,0.62619346,0.8963178980966013
2025-05-21 14:30:00,1.3218801138578862,1.005768712635726,0.5471991515598327,0.5173848,0.9095612720210393
2025-05-21 15:30:00,1.3220680717754192,1.0057704748506948,0.5857981664979662,0.59211504,0.8892163649010201
2025-05-21 16:30:00,0.5418625029670898,1.005801807307272,0.7228795802790415,0.61411285,1.180526634159242
2025-05-21 17:30:00,0.6137422807180128,1.0057744389763366,0.8109482718703496,0.67296267,1.1516364895620583
2025-05-21 18:30:00,0.33806592203664304,1.0057880581105465,0.7933005023060283,0.8358744,1.1726912727398893
2025-05-21 19:30:00,0.35025357459391715,1.0057677690230464,0.8190975563111111,0.6457937,1.1452041991831439
2025-05-22 13:30:00,0.3845887025209182,1.0057847159980773,0.8272516884769159,0.61401385,1.115906449495795
2025-05-22 14:30:00,0.7068096215987066,1.00577967352681,0.6867799543740538,0.6788196,1.0880967403764066
2025-05-22 15:30:00,1.1154100569858147,1.0057749465122818,0.6840136049750548,0.74528307,1.0797457211388664
2025-05-22 16:30:00,1.1215791384332743,1.005770731534539,0.6537016353561553,0.63497156,1.053515840514523
2025-05-22 17:30:00,1.111416828178604,1.005770306715127,0.6468130632822304,0.6433371,1.0325787001842623
2025-05-22 18:30:00,1.1769178286182818,1.0057782130622004,0.6500589733922917,0.62836826,1.0129859898741433
2025-05-22 19:30:00,1.016915281089505,1.0057894501482072,0.6920008029927406,0.72068965,1.0640533013249227
2025-05-23 13:30:00,0.46820258082224847,1.005794218143144,0.7834945348134867,0.74633855,1.2012581101862043
2025-05-23 14:30:00,0.46668899896008237,1.0057771969796296,0.8439673248145818,0.93793154,1.1730328328472335
2025-05-23 15:30:00,1.5620037626037369,1.0057787577724286,0.8502297557476154,0.876363,1.142797933391572
2025-05-23 16:30:00,1.513197536066003,1.0057680985521862,0.8383732500106541,0.827073,1.1474714981335883
2025-05-23 17:30:00,1.5151479748616712,1.0057790295858327,0.8413011938378824,0.78214407,1.1186047814526556
2025-05-23 18:30:00,1.5138897445975141,1.0057803845030335,0.7312617143026525,0.62423134,1.0946447352817206
2025-05-23 19:30:00,1.5110134968242288,1.0057715154240723,0.7334654670241176,0.6268652,1.0703792338614173
2025-05-27 13:30:00,0.2533180139191016,1.0057464570148669,0.9202695913339599,0.9206948,1.4359611201169626
2025-05-27 14:30:00,0.23540816377944648,1.0057781534116486,1.0101512806796868,1.5856088,1.4001412193319114
2025-05-27 15:30:00,0.2580847828478434,1.0057778946421236,1.009475957094757,1.4376808,1.363032967576869
2025-05-27 16:30:00,0.25986351057097573,1.0057686464216293,1.0068086179045854,1.5128242,1.3288135758235033
2025-05-27 17:30:00,0.25855335105605165,1.0057735505954668,0.9308520417758288,0.88488466,1.293985442553655
2025-05-27 18:30:00,0.2603091596453914,1.0057818964525516,0.7229951252046294,0.5194521,1.2598866444201646
2025-05-27 19:30:00,0.22773935219204006,1.00576647293513,0.6994341996959909,0.59899515,1.2292989304229607
2025-05-28 13:30:00,0.20490310435353348,1.0057805940062616,0.7024476813872822,0.57962775,1.2005184887340021
2025-05-28 14:30:00,0.3416061080540402,1.0057761476343146,0.7041656278309207,0.5754722,1.1727032058309652
2025-05-28 15:30:00,0.5230093077431098,1.0057769493022564,0.7090898786529061,0.5733512,1.143537018613158
2025-05-28 16:30:00,0.5291301875624496,0.8628580251819319,0.704851024165929,0.5721452,1.1151736983301472
2025-05-28 17:30:00,0.6042507332549376,0.8628580251819319,0.7026766393517595,0.57178307,1.0870698904467992
2025-05-28 18:30:00,0.5982550973536934,0.8628580251819319,0.6920142074431226,0.70821106,1.061974424685247
2025-05-28 19:30:00,0.5584734305867965,0.8628580251819319,0.7018147255001724,0.6146036,1.0553654690540375
2025-05-29 13:30:00,0.41220995570632835,0.8628580251819319,0.7119676646906058,0.6492129,1.0634761851842471
2025-05-29 14:30:00,0.4397243411275586,0.8628580251819319,0.682593981236518,0.67849475,1.0395353186954128
2025-05-29 15:30:00,0.33423295363634664,0.8628580251819319,0.6843517400238273,0.7386519,1.0324930166597275
2025-05-29 16:30:00,0.3392008899487876,0.8628580251819319,0.7033808052808644,0.7499747,1.0080139142645008
2025-05-29 17:30:00,0.7328966886849949,0.8628580251819319,0.6739866769740386,0.6870039,0.9944132351920271
2025-05-29 18:30:00,0.7309028281843712,0.8628580251819319,0.6570732813666303,0.6523163,0.9755201311308307
2025-05-29 19:30:00,0.8134345416354615,0.8628580251819319,0.6591688332991961,0.6525543,0.9605252144560837
2025-05-30 13:30:00,0.9057213811273733,0.8628580251819319,0.6508783843245105,0.6296088,0.9391734505009388
2025-05-30 14:30:00,0.9240349970876838,0.8628580251819319,0.4329503051721649,0.48222035,0.9191899468239095
2025-05-30 15:30:00,0.6368334538745533,0.8628580251819319,0.5071227689174644,0.6441702,1.0064208772686891
2025-05-30 16:30:00,0.622246231330842,0.8628580251819319,0.5539483437246796,0.6790368,0.9863599940820608
2025-05-30 17:30:00,0.49671737193659166,0.8628580251819319,0.561629443540867,0.61058056,0.9991606872772523
2025-05-30 18:30:00,0.29920677634700926,0.8628580251819319,0.5935256329261199,0.6204471,1.011185961228304
2025-05-30 19:30:00,0.3564987414293665,0.8628580251819319,0.6173390590708572,0.56798875,0.995668773890639
2025-06-02 13:30:00,0.3579617263681534,0.8628580251819319,0.574436794874838,0.58215433,0.9768236570811912
2025-06-02 14:30:00,0.35978128101619633,0.8628580251819319,0.5816055521623112,0.6215258,0.9538309467833727
2025-06-02 15:30:00,0.3921907865601204,0.8628580251819319,0.5493111879254593,0.5972064,0.9368320971047019
2025-06-02 16:30:00,0.4250772527302953,0.8628580251819319,0.5223532906782306,0.5989215,0.9167882209087395
2025-06-02 17:30:00,0.37089509633785256,0.8628580251819319,0.5223122014638099,0.5377746,0.9148882556759218
2025-06-02 18:30:00,0.35708665085003083,0.8628580251819319,0.5354091544316714,0.5338798,0.8999033289900021
2025-06-02 19:30:00,0.3691221520986136,0.8628580251819319,0.5443743070381437,0.5295059,0.8802902753887786
2025-06-03 13:30:00,0.30066787145188567,0.8628580251819319,0.5300707336792344,0.54283553,0.8727849736922776
2025-06-03 14:30:00,0.24152127534195497,0.8628580251819319,0.5248526023409568,0.5595455,0.8622685486298995
2025-06-03 15:30:00,0.2915095905938384,0.8628580251819319,0.517877966875171,0.5602098,0.8527267166186375
2025-06-03 16:30:00,0.2865204125371645,0.8628580251819319,0.5138233144327122,0.5928642,0.8380503869376966
2025-06-03 17:30:00,0.32226875226540586,0.8628580251819319,0.5176355397723434,0.56498456,0.8233273553190091
2025-06-03 18:30:00,0.3972370805264543,0.8628580251819319,0.5079222114335193,0.48977378,0.806621681148458
2025-06-03 19:30:00,0.3991028576073935,0.8628580251819319,0.4952237364771318,0.46147442,0.7907065848562027
2025-06-04 13:30:00,0.32710172845793917,0.8628580251819319,0.4878517638833547,0.5105959,0.7923420273899909
2025-06-04 14:30:00,0.3655156198519329,0.8628580251819319,0.49998657013916337,0.480931,0.7796520880054161
2025-06-04 15:30:00,0.3222547436605077,0.8628580251819319,0.5020953293301829,0.5168484,0.773786146513231
2025-06-04 16:30:00,0.4732895569867953,0.7312481152488464,0.46031389718542676,0.48473063,0.7745924698198198
2025-06-04 17:30:00,0.4883154751480693,0.7312487210649629,0.4741018052788919,0.4721255,0.760490530825582
2025-06-04 18:30:00,0.5349833973297482,0.7312483774824692,0.43642964021721986,0.52703017,0.7489671113740363
2025-06-04 19:30:00,0.5345178683988427,0.7312526392209606,0.41479984996024444,0.54434615,0.7461678621405905
2025-06-05 13:30:00,0.7200980700491592,0.7312498194074674,0.41334884303823294,0.4680827,0.7333411734171489
2025-06-05 14:30:00,0.5936371995261336,0.7312457503346897,0.431869859375245,0.5213886,0.7715970933259334
2025-06-05 15:30:00,1.18773617907217,0.731250474318865,0.4610377249287945,0.5803803,0.761788115978266
2025-06-05 16:30:00,1.1746849834771225,0.7312495984574691,0.46476230504061833,0.58796686,0.7640004685381717
2025-06-05 17:30:00,1.1608945660952033,0.7312512717447869,0.4730319189709593,0.5778874,0.7601911907701118
2025-06-05 18:30:00,1.0569697393731727,0.7312530403346783,0.50044802591329,0.6194803,0.8120761447370173
2025-06-05 19:30:00,1.078311849029482,0.7312486709768581,0.5104912990266677,0.53751284,0.7980320005412127
2025-06-06 13:30:00,0.29891288931850146,0.7312436076892637,0.641814171681368,0.49198025,1.0403056095651406
2025-06-06 14:30:00,0.25751312777662433,0.7312467308643441,0.711265997668723,0.57379144,1.0203738951533925
2025-06-06 15:30:00,0.2738354950564382,0.7312498909248701,0.7146918552354715,0.5658456,0.9965179760230953
2025-06-06 16:30:00,0.2780921911138017,0.7312519778663281,0.6943314557047114,0.59546506,0.9737470024250032
2025-06-06 17:30:00,0.1807272182012272,0.7312504062833318,0.687662663485063,0.6741799,0.9631706240931627
2025-06-06 18:30:00,0.24739729189694432,0.731248648481253,0.5734230682296543,0.5396686,0.9410382940346685
2025-06-06 19:30:00,0.24468086315769275,0.7312489946744662,0.5656195438919415,0.4975721,0.9200732843163505
2025-06-09 13:30:00,0.23361889661976096,0.7312488663719556,0.5643463285070263,0.5627261,0.9023411925567165
2025-06-09 14:30:00,0.27382449817654697,0.7312507152628512,0.5627164376460834,0.5097461,0.8839759277743389
2025-06-09 15:30:00,0.37470337527327413,0.7312493975285116,0.5453318730556768,0.47576597,0.8669900743498039
2025-06-09 16:30:00,0.33225466823617184,0.7312500558309514,0.5497828655181859,0.5387624,0.8560794298925726
2025-06-09 17:30:00,0.35036343502461925,0.7312501051344277,0.5560356274783588,0.494254,0.8382642781468909
2025-06-09 18:30:00,0.3399627858725304,0.7312501442698947,0.5506089850225085,0.4874034,0.8227577254114308
2025-06-09 19:30:00,0.33937784308636987,0.7312515042638781,0.5522469861705898,0.50811684,0.8133375544901503
2025-06-10 13:30:00,0.3478827793638045,0.731249013948819,0.5633697220249172,0.5360191,0.8171857486038225
2025-06-10 14:30:00,0.35408374138380866,0.73125049268928,0.5787879593042304,0.5432875,0.8006487951526657
2025-06-10 15:30:00,0.4374765552475418,0.7312494804871899,0.5576211694766597,0.55963826,0.7886227968152258
2025-06-10 16:30:00,0.4456662927886888,0.7312489433499096,0.5637251592334498,0.5293073,0.773310993641149
2025-06-10 17:30:00,0.4463540656740275,0.7312504619312264,0.5475547858509172,0.54758376,0.7663497175141654
2025-06-10 18:30:00,0.39216428738498904,0.7312478722802561,0.5430832333418318,0.5222603,0.7750497383399463
2025-06-10 19:30:00,0.7172076181173708,0.7312504561754517,0.5401441726741654,0.54958904,0.7615712126803061
2025-06-11 13:30:00,0.6604105797759333,0.731247486541456,0.5429549000873839,0.59195733,0.7704034532943651
2025-06-11 14:30:00,0.6729281027265978,0.7312490087105381,0.4267867394445999,0.5148917,0.7579720721932038
2025-06-11 15:30:00,0.6760131252681086,0.7312516031435377,0.4204669672129505,0.52807665,0.752011237613014
2025-06-11 16:30:00,0.6496091326322191,0.6356645031677103,0.4150427103883938,0.4677032,0.7485958350429847
2025-06-11 17:30:00,0.2559388623092124,0.6356645031677103,0.4873761481865926,0.5490058,0.8366122593510553
2025-06-11 18:30:00,0.25308946492497014,0.6356645031677103,0.5183915026445532,0.4894507,0.819648296112167
2025-06-11 19:30:00,0.20223765791759124,0.6356645031677103,0.5137169731751068,0.51262945,0.8095029138780121
2025-06-12 13:30:00,0.12553855567287744,0.6356645031677103,0.5161003632231201,0.50882846,0.8019553101087222
2025-06-12 14:30:00,0.14075884445519235,0.6356645031677103,0.5245488594536857,0.5278904,0.7860709287675876
2025-06-12 15:30:00,1.1561609737016114,0.6356645031677103,0.45196075605520647,0.43508655,0.773260205675972
2025-06-12 16:30:00,1.3197369338467582,0.6356645031677103,0.45764551852747115,0.4252904,0.758611342120613
2025-06-12 17:30:00,1.3203803893193864,0.6356645031677103,0.4432807471390999,0.43107757,0.7448326468824332
2025-06-12 18:30:00,1.336987325325545,0.6356645031677103,0.42683214119836177,0.35655242,0.7333589704260537
2025-06-12 19:30:00,1.3953695706681224,0.6356645031677103,0.43032893080976853,0.40344664,0.7217063616712096
2025-06-13 13:30:00,0.8009677306823193,0.6356645031677103,0.6414996217442331,0.5214547,1.0406603300971642
2025-06-13 14:30:00,0.4991756364903925,0.6356645031677103,0.7383510876689616,0.52534837,1.0989945488033217
2025-06-13 15:30:00,1.2870429818219646,0.6356645031677103,0.78777221378088,0.44739562,1.0718273937187701
2025-06-13 16:30:00,1.2724110261352775,0.6356645031677103,0.7787236640786803,0.5539886,1.0557068098703146
2025-06-13 17:30:00,1.2078711459464684,0.6356645031677103,0.7857641951416914,0.7785153,1.0638487403279964
2025-06-13 18:30:00,1.2011079835781904,0.6356645031677103,0.7084017747075224,0.76123244,1.0416729753572054
2025-06-13 19:30:00,1.2035422420027138,0.6356645031677103,0.6554769504351248,0.6382189,1.0188796406299263
2025-06-16 13:30:00,0.21421242790632508,0.6356645031677103,0.7911293839136581,0.65139484,1.266989152523407
2025-06-16 14:30:00,0.21069592755786318,0.6356645031677103,0.8744851704472458,0.72143835,1.2354859923313972
2025-06-16 15:30:00,0.324778453783785,0.6356645031677103,0.8681457567389022,0.7345956,1.2034307424345863
2025-06-16 16:30:00,0.33984391989581053,0.6356645031677103,0.865527752965084,0.7345956,1.1725635665721366
2025-06-16 17:30:00,0.33137770478930567,0.6356645031677103,0.8585241030480288,0.75940657,1.145697057710068
2025-06-16 18:30:00,0.480640166234627,0.6356645031677103,0.6756176832356865,0.5642859,1.1176877689273266
2025-06-16 19:30:00,0.5401916958298874,0.6356645031677103,0.6737437126268438,0.68446106,1.091649278756729
2025-06-17 13:30:00,0.4978863004982903,0.6356645031677103,0.6830939579959092,0.61731994,1.077445957944991
2025-06-17 14:30:00,0.49724282627211663,0.6356645031677103,0.6959746402540405,0.5921342,1.0534017165845935
2025-06-17 15:30:00,0.7209828163996671,0.6356645031677103,0.6956655947438878,0.5921342,1.0301685819494564
2025-06-17 16:30:00,0.6355508378298436,0.6356645031677103,0.7076119563201426,0.6410973,1.0326570034108526
2025-06-17 17:30:00,0.5845183620289427,0.6356645031677103,0.7295411050394298,0.68077654,1.0230963494711327
2025-06-17 18:30:00,0.5759119208182747,0.6356645031677103,0.7342373732361089,0.59698623,1.0028200924725663
2025-06-17 19:30:00,0.5698818071626875,0.6356645031677103,0.7370573182421781,0.63348484,0.9816869848776123
2025-06-18 13:30:00,0.4506557133295957,0.6356645031677103,0.7562903005726881,0.9029824,1.021539865712616
2025-06-18 14:30:00,0.4458538420092133,0.6356645031677103,0.6908325260659316,0.7536613,0.9995347799474777
2025-06-18 15:30:00,0.48661395275590325,0.6356645031677103,0.6532650642887904,0.6106944,0.9779208018812214
2025-06-18 16:30:00,0.49740806385868636,0.5809620655804296,0.6522625823954218,0.62182647,0.95731815646485
2025-06-18 17:30:00,0.49482283485541445,0.5809620663126229,0.6498930031953158,0.6155895,0.9364818512019064
2025-06-18 18:30:00,0.3669968486116431,0.5809620656272838,0.6026724641943617,0.56896067,0.9533898125635755
2025-06-18 19:30:00,0.4197989656728388,0.5809620657137334,0.6272568691849993,0.5855055,0.9332186750380783
2025-06-20 13:30:00,0.42937861925255066,0.5809620655707808,0.6260554380525258,0.6040502,0.9234120509538084
2025-06-20 14:30:00,0.42307003827054873,0.5809620655628009,0.4996431480278574,0.53776,0.9076664224144279
2025-06-20 15:30:00,0.6971067911004023,0.5809620656388684,0.5053121543114629,0.52749413,0.8882501306096989
2025-06-20 16:30:00,0.6769553313317596,0.580962065544445,0.4757546421096329,0.47482413,0.8821439043975726
2025-06-20 17:30:00,0.744233626331468,0.5809620653068481,0.4908020110824995,0.51411015,0.875422206955213
2025-06-20 18:30:00,0.9071929776704899,0.5809620649141792,0.49565726154714274,0.529365,0.8707258712352238
2025-06-20 19:30:00,0.9049091401093239,0.580962064631304,0.5049300329238897,0.55604964,0.8560433540698632
2025-06-23 13:30:00,0.7280308255905473,0.5809620710643049,0.5471141621574185,0.58632916,0.9153397078734837
2025-06-23 14:30:00,0.7250603846031587,0.5809620707687305,0.5729375411293888,0.5914875,0.9010600783032837
2025-06-23 15:30:00,0.9661840929305471,0.5809620708315069,0.5791214428841451,0.66464114,0.9164298285090219
2025-06-23 16:30:00,0.8028144443251009,0.5809620683405455,0.6200786440030873,0.59094524,0.9720292459359228
2025-06-23 17:30:00,0.8046637124488067,0.5809620693718459,0.6476367003322436,0.52643645,0.9519254254965729
2025-06-23 18:30:00,0.7915804336926384,0.5809620695451433,0.6101933097840889,0.67761266,0.9349598803619648
2025-06-23 19:30:00,0.7856599802473454,0.5809620696542229,0.609797020341086,0.67761266,0.9187409126588745
2025-06-24 13:30:00,0.26653551572603923,0.5809620719825084,0.6476331915225422,0.50503695,1.0239310982154262
2025-06-24 14:30:00,0.22286230088172856,0.5809620724960827,0.6456105012841263,0.6449652,1.0070431346656306
2025-06-24 15:30:00,0.24153516694583438,0.5809620725908664,0.6519222703227501,0.7043481,0.9861455703979174
2025-06-24 16:30:00,0.25431312721657157,0.5809620726009455,0.6568626363290234,0.64881516,0.962935042295499
2025-06-24 17:30:00,0.23155844680840962,0.5809620725429004,0.648995484978938,0.69207317,0.9433019845715124
2025-06-24 18:30:00,0.21623695469531962,0.5809620726459611,0.5649660777796568,0.5097461,0.9232507252675036
2025-06-24 19:30:00,0.20696374990064179,0.5809620727436146,0.5410828878341268,0.52204436,0.9059996123453689
2025-06-25 13:30:00,0.17219529131479666,0.5809620725889266,0.5430328511148106,0.5064614,0.8915714628656471
2025-06-25 14:30:00,0.15099254387638633,0.5809620726315721,0.54719183287701,0.48511404,0.8737198327473502
2025-06-25 15:30:00,0.4932841498898678,0.580962072841865,0.545745572732473,0.48187712,0.8551209713936702
2025-06-25 16:30:00,0.493800911928412,0.5809620728909336,0.5450875239259064,0.4938527,0.8370101457417087
2025-06-25 17:30:00,0.49945121921511537,0.5809620731308858,0.5313742688147193,0.49725547,0.8226035316381177
2025-06-25 18:30:00,0.49168265149904194,0.5809620731848523,0.52221226154246,0.49741605,0.8086199139095266
2025-06-25 19:30:00,0.4990662056756489,0.58096207344758,0.5206216673073538,0.42970145,0.7924989634187678
2025-06-26 13:30:00,0.16603297194574196,0.5809620736394969,0.5585963626509949,0.5485245,0.8370924106944551
2025-06-26 14:30:00,0.1689400585776582,0.5809620738105485,0.5666182988462787,0.56622297,0.8198675691308014
2025-06-26 15:30:00,0.5049817651419163,0.5809620737416948,0.5577992094985056,0.5983072,0.8077627174267205
2025-06-26 16:30:00,0.5073791994951913,0.5917789339369912,0.5484029185057202,0.58116126,0.7923347248168736
2025-06-26 17:30:00,0.5243915439773797,0.591778494179278,0.51071604085107,0.52680725,0.7789680272030773
2025-06-26 18:30:00,0.5453206106903923,0.5917788764992695,0.46004128997029575,0.3620399,0.7641151535514343
2025-06-26 19:30:00,0.7377828463223671,0.5917786388025014,0.45587362298689205,0.38419074,0.7503099350066526
2025-06-27 13:30:00,0.5488110161406605,0.5917789054309881,0.49969754531229105,0.52016264,0.8056500902509381
2025-06-27 14:30:00,0.6764350340677804,0.5917787486590933,0.46516472582055246,0.57911575,0.7909853361399631
2025-06-27 15:30:00,0.7230240658120619,0.5917786372110878,0.4589279431584357,0.6122353,0.7826016382842534
2025-06-27 16:30:00,0.7117952827722038,0.5917788878349725,0.4642767378549164,0.62602013,0.773944597474141
2025-06-27 17:30:00,0.5081640849695412,0.5917783218892856,0.50170271223688,0.6569444,0.8277582834819294
2025-06-27 18:30:00,0.5098311720260899,0.5917789103596174,0.5096868333584197,0.5447756,0.8107956041200136
2025-06-27 19:30:00,0.32306820270238734,0.591779505336796,0.5172637395524902,0.552567,0.8377767760462205
2025-06-30 13:30:00,0.3232803026970611,0.5917788305543026,0.5423372699114128,0.653366,0.8440967074373683
2025-06-30 14:30:00,0.31314930435154903,0.5917784699820957,0.5569356633996834,0.5801813,0.8281337111137113
2025-06-30 15:30:00,0.3375688474916658,0.5917792330448991,0.5282780562563338,0.56442297,0.8111513286900194
2025-06-30 16:30:00,0.3359275327789492,0.5917789822336526,0.5257794695041024,0.5442833,0.7953574764991462
2025-06-30 17:30:00,0.32721897879815065,0.5917789654023494,0.49251357469609636,0.5216982,0.7813787294005258
2025-06-30 18:30:00,0.17779350603547522,0.591779090016843,0.48281801942773633,0.48937976,0.7917542790127508
2025-06-30 19:30:00,0.17810431769971385,0.5917793539100153,0.5051584650783515,0.4623338,0.7763002175878133
2025-07-01 13:30:00,0.1380657814048544,0.5917790573824683,0.500414791428845,0.54158384,0.7660838380754051
2025-07-01 14:30:00,0.18803983702526955,0.591779068004612,0.4824772733750753,0.47119993,0.7519391780595709
2025-07-01 15:30:00,0.25224649915752195,0.5917789926691418,0.48259218045395125,0.48216316,0.7382339154182826
2025-07-01 16:30:00,0.22278129262080867,0.5917790885367106,0.44780488812316965,0.45502532,0.7296186123835052
2025-07-01 17:30:00,0.2302154884761425,0.5917790395673244,0.4569060691989224,0.41365522,0.7169309549789953
2025-07-01 18:30:00,0.22903016374716567,0.591778961212279,0.445787518550067,0.39494264,0.7058065548843176
2025-07-01 19:30:00,0.18921203498652786,0.5917790395553202,0.4500951208193792,0.47053555,0.6994948706714417
2025-07-02 13:30:00,0.09078763435824137,0.591779009497518,0.460894686488449,0.46975532,0.697088397508315
2025-07-02 14:30:00,0.1302950747856471,0.5917789947602956,0.43578718866288985,0.48188782,0.6861529930137706
2025-07-02 15:30:00,0.752580576123223,0.5917790215761521,0.43444211885888295,0.4887124,0.6765513590145338
2025-07-02 16:30:00,0.7537485938029962,0.5917789672627357,0.4316181136965117,0.50266457,0.6671786551473521
2025-07-02 17:30:00,0.7552197955407175,0.5917790528910433,0.4246868405598221,0.48215613,0.6574522865247171
2025-07-02 18:30:00,0.86942767901279,0.5917790159519607,0.3674670699409379,0.3222028,0.648340604406804
2025-07-02 19:30:00,0.8777824978503549,0.5917792396860512,0.36983331466448427,0.37613606,0.642717625747919
2025-07-03 13:30:00,0.5248987935942907,0.5917791743621192,0.47885672568727977,0.38851216,0.8024395090323002
2025-07-03 14:30:00,0.5242687811580289,0.5917790089734496,0.5241094700113926,0.5345236,0.7877814864331177
2025-07-03 15:30:00,0.6313516019030516,0.5917789602979411,0.5252190196083408,0.527699,0.7732161091866115
2025-07-07 13:30:00,0.5184150157902626,0.5303639906967711,0.5368025195493527,0.5686225,0.810506503909351
2025-07-07 14:30:00,0.5383212346518903,0.5230648663499393,0.5640852015548966,0.5242657,0.8009084247170919
2025-07-07 15:30:00,0.49729197474620257,0.5257296138083737,0.504591848542058,0.55266,0.8010304894468094
2025-07-07 16:30:00,0.493460185724741,0.5310812848343074,0.5088169338658547,0.5396294,0.7862509462232367
2025-07-07 17:30:00,0.4603732731623502,0.5285706707289827,0.5174225915340742,0.5780069,0.8060635374860461
2025-07-07 18:30:00,0.42837817300017045,0.5187509743340478,0.5132180804285579,0.5652264,0.8054751616150478
2025-07-07 19:30:00,0.3729413892166954,0.5132362697067238,0.5237117295578153,0.5830376,0.8018901132840213
2025-07-08 13:30:00,0.35240478385104645,0.5130165179530836,0.5260522977025603,0.5808686,0.7902770976586084
2025-07-08 14:30:00,0.3537984852325045,0.5206086501567515,0.5335074946091518,0.5694926,0.7749021467223776
2025-07-08 15:30:00,0.5221124023618726,0.522115203776522,0.5133525714213356,0.56264645,0.7869610871284065
2025-07-08 16:30:00,0.5346519587379894,0.5293825350464076,0.5224656929392028,0.6140481,0.7796132725883388
2025-07-08 17:30:00,0.5362179742226343,0.5193087886388675,0.5230230642373404,0.51933384,0.7649375224363697
2025-07-08 18:30:00,0.5425274460412158,0.5208864732491764,0.517177771388952,0.49745673,0.7507957928214816
2025-07-08 19:30:00,0.548167645772049,0.5217358693017364,0.5166097595231174,0.500002,0.737437065388211
2025-07-09 13:30:00,0.26984944657363596,0.5092477258326984,0.5311265869762017,0.57562935,0.7941274213492836
2025-07-09 14:30:00,0.18831590407539556,0.5300842044247461,0.561254882374425,0.5981705,0.7900795098379243
2025-07-09 15:30:00,0.18593242092736367,0.521276604551915,0.5745104943460231,0.57935107,0.775421456004964
2025-07-09 16:30:00,0.3300609106991699,0.5161757378733525,0.5732877251748868,0.58418703,0.762774391285963
2025-07-09 17:30:00,0.31908147743476833,0.5191482462238731,0.5740418073981973,0.58418703,0.7506775089899586
2025-07-09 18:30:00,0.30741153029352364,0.518079590697366,0.4656468054283298,0.47038072,0.7413013042673994
2025-07-09 19:30:00,0.31098908137888753,0.521452506198323,0.45684641035590606,0.43496108,0.7292297524645229
2025-07-10 13:30:00,0.31435468361595686,0.5208827109832604,0.45815397856005635,0.42813644,0.7170364535762573
2025-07-10 14:30:00,0.14395305230352923,0.5158547393370709,0.4483340659241345,0.4690231,0.7297924621034709
2025-07-10 15:30:00,0.32549408174390876,0.5176061865834001,0.46658566801288265,0.4803153,0.7170827050886328
2025-07-10 16:30:00,0.32939053880115066,0.5219166555617963,0.45138204889455774,0.45681605,0.7071503963401246
2025-07-10 17:30:00,0.332107841517904,0.5193687533324023,0.45282766083800563,0.44762692,0.6973730693499841
2025-07-10 18:30:00,0.33624893202065004,0.5226330515038671,0.43732803072658816,0.53564614,0.6873270815701645
2025-07-10 19:30:00,0.3321941875971589,0.5224762312638064,0.4010669618366254,0.4337442,0.6777042050145018
2025-07-11 13:30:00,0.16092324852916132,0.5263135059131965,0.41794159505121264,0.5189462,0.694765342030631
2025-07-11 14:30:00,0.1846053622206667,0.5227421585630398,0.4339356470141935,0.52703017,0.6867407472054256
2025-07-11 15:30:00,0.21882359627063822,0.5204753908657042,0.4363771816402514,0.52703017,0.6785437055507215
2025-07-11 16:30:00,0.3075395422373587,0.5331703903855042,0.42402653954841407,0.49862188,0.6703131877929414
2025-07-11 17:30:00,0.3086164280264633,0.5221704341802851,0.4232117811531627,0.5438652,0.6606234637761963
2025-07-11 18:30:00,0.33385002908304856,0.5207075088310216,0.39476676171271163,0.49229103,0.6513846470222375
2025-07-11 19:30:00,0.30846580771110355,0.514501313466246,0.3927704654764911,0.50666773,0.6483809488286851
2025-07-14 13:30:00,0.2732537232701689,0.49929270803229686,0.40066538908047344,0.48626962,0.6468422064940161
2025-07-14 14:30:00,0.1463823616750279,0.49929270803229686,0.3752373978951702,0.3936868,0.655990336414966
2025-07-14 15:30:00,0.18619489613251028,0.49929270803229686,0.383488424864424,0.41782197,0.6472163215577632
2025-07-14 16:30:00,0.14596160404821135,0.49929270803229686,0.38299579168093933,0.42033228,0.6441593969299969
2025-07-14 17:30:00,0.19283301267773617,0.49929270803229686,0.3851958330126263,0.41808861,0.6359888330771764
2025-07-14 18:30:00,0.20090375001150795,0.49929270803229686,0.37852097886048625,0.40562594,0.6280999780272704
2025-07-14 19:30:00,0.2332649747329011,0.49929270803229686,0.3572178956371399,0.40157333,0.6201702514700062
2025-07-15 13:30:00,0.28932863154966343,0.49929270803229686,0.356056331122689,0.42646402,0.6178907233324465
2025-07-15 14:30:00,0.3405008089143245,0.49929270803229686,0.3548772550965542,0.37116987,0.6117871639900746
2025-07-15 15:30:00,0.31967015333019627,0.49929270803229686,0.3427943412222228,0.42498076,0.6109655378812163
2025-07-15 16:30:00,0.36533198588033766,0.49929270803229686,0.3506333342141464,0.42060706,0.605492833400821
2025-07-15 17:30:00,0.3502528524723073,0.49929270803229686,0.35320481239618823,0.43363354,0.6038128427306648
2025-07-15 18:30:00,0.3624722223193985,0.49929270803229686,0.3631082682416371,0.44576403,0.6130415956845812
2025-07-15 19:30:00,0.31158693073358723,0.49929270803229686,0.37994190923031756,0.3971851,0.6186940768212922
2025-07-16 13:30:00,0.3307611186420858,0.49929270803229686,0.38726070272973695,0.4214446,0.6125662890375726
2025-07-16 14:30:00,0.27156506825079263,0.49929270803229686,0.3738240932157323,0.43465465,0.618176958141003
2025-07-16 15:30:00,0.33534213236575444,0.49929270803229686,0.3809518372334525,0.45939845,0.6119094948610444
2025-07-16 16:30:00,0.3114734878049668,0.49929270803229686,0.37799090695079834,0.38954854,0.6235912636348435
2025-07-16 17:30:00,0.3102117466701565,0.49929270803229686,0.38439637496952817,0.41808861,0.616456455560027
2025-07-16 18:30:00,0.2845444408414185,0.49929270803229686,0.38342049681055157,0.43088493,0.6148432784974284
2025-07-16 19:30:00,0.3122108098602473,0.49929270803229686,0.383484147485661,0.447398,0.6075911242635262
2025-07-17 13:30:00,0.23677043741951206,0.49929270803229686,0.38224138030368704,0.39753598,0.6157848205507004
2025-07-17 14:30:00,0.13678113236480804,0.49929270803229686,0.3822571747417523,0.4061464,0.6217526481322084
2025-07-17 15:30:00,0.1653137781207281,0.49929270803229686,0.3854607777197231,0.41782197,0.6144322067239362
2025-07-17 16:30:00,0.16718686309837144,0.49929270803229686,0.3810997395556738,0.4155918,0.6074668571647063
2025-07-17 17:30:00,0.1482295924697671,0.49929270803229686,0.3771661049249585,0.41999385,0.6065719518683483
2025-07-17 18:30:00,0.146384421964058,0.49929270803229686,0.37320065052651513,0.41102403,0.5999265043935742
2025-07-17 19:30:00,0.14902089920768022,0.49929270803229686,0.35827640111467723,0.34686363,0.5934192270288164
2025-07-18 13:30:00,0.12118333992201166,0.49929270803229686,0.3568170817217838,0.3450267,0.590755072294468
2025-07-18 14:30:00,0.11957849543948235,0.49929270803229686,0.35938622749891397,0.35399437,0.5852463063381921
2025-07-18 15:30:00,0.5846814490194853,0.49929270803229686,0.3521771788407425,0.3692706,0.5834772976785134
2025-07-18 16:30:00,0.5846803134652143,0.49929270803229686,0.35658445947340955,0.45176822,0.5778282895242483
2025-07-18 17:30:00,0.5893386987262408,0.49929270803229686,0.3541851349368177,0.43051007,0.5727706556611526
2025-07-18 18:30:00,0.5959914479283063,0.49929270803229686,0.3456258453762403,0.35899886,0.5684242965601585
2025-07-18 19:30:00,0.5960086684432596,0.49929270803229686,0.3367322125924143,0.40515807,0.5639641376914504
2025-07-21 13:30:00,0.30571117636137496,0.45378588461085695,0.4253039447712704,0.44707572,0.6788165393000744
2025-07-21 14:30:00,0.32642097304310513,0.45378588478528536,0.4731629050796249,0.58059305,0.6684367158469748
2025-07-21 15:30:00,0.41050706602303866,0.45378588481316595,0.4627835656202097,0.5915347,0.660617422255308
2025-07-21 16:30:00,0.40791331068639813,0.45378588478935855,0.4632904608619165,0.59724927,0.6543864929306066
2025-07-21 17:30:00,0.4116083454806262,0.4537858847995802,0.46021333416675925,0.5480957,0.6455200018306535
2025-07-21 18:30:00,0.41963540898136886,0.45378588497550454,0.40385676018729094,0.49016482,0.6624442102853871
2025-07-21 19:30:00,0.4157825707048701,0.4537858849632721,0.4203886966593161,0.5389479,0.657213600268035
2025-07-22 13:30:00,0.34619786320557666,0.4537858849275624,0.43273913307081224,0.60001266,0.670494789360102
2025-07-22 14:30:00,0.34004048006614807,0.4537858850881964,0.44156192799622895,0.48714355,0.6630459217528117
2025-07-22 15:30:00,0.4510217700639935,0.45378588504754147,0.4389088378556176,0.54766643,0.654771191164437
2025-07-22 16:30:00,0.34724233185062586,0.4537858852010629,0.4342089244705196,0.55926555,0.6730813932646221
2025-07-22 17:30:00,0.35982224151034703,0.4537858852333261,0.450738394268422,0.5374122,0.6662218443728484
2025-07-22 18:30:00,0.3442243124075091,0.45378588541079035,0.43695799179231753,0.56757164,0.6614786651058754
2025-07-22 19:30:00,0.3836861313629993,0.45378588526127794,0.4417631551001142,0.53564614,0.6530795743102136
2025-07-23 13:30:00,0.23610765410966464,0.4537858856533737,0.45300946690269717,0.5517707,0.6744067137600334
2025-07-23 14:30:00,0.2673828949581063,0.45378588536240627,0.4586829719280858,0.48057672,0.6642937312766958
2025-07-23 15:30:00,0.2520689111623699,0.4537858853526139,0.4528701300671537,0.4756726,0.6608443875312394
2025-07-23 16:30:00,0.26767420043706897,0.45378588530243624,0.4554322390609852,0.4933071,0.6527279770073969
2025-07-23 17:30:00,0.24963652907119555,0.4537858853125471,0.4568453966346633,0.47644082,0.6544374033328585
2025-07-23 18:30:00,0.2800056293315027,0.45378588532324926,0.4456054456230415,0.43683222,0.6453491860946912
2025-07-23 19:30:00,0.25774150620455377,0.45378588529521907,0.4437955015191486,0.4993922,0.6420214942265049
2025-07-24 13:30:00,0.24075040432852035,0.4537858852980584,0.4444297078795198,0.4476984,0.6371305871178209
2025-07-24 14:30:00,0.26746288577670946,0.4537858852617453,0.39701241326570724,0.4712534,0.6330250711256865
2025-07-24 15:30:00,0.2729212140986622,0.4537858853838627,0.3945735324205725,0.47975415,0.6327999781842317
2025-07-24 16:30:00,0.2559246355021297,0.45378588542836096,0.4032687552958246,0.46903625,0.6303790480953707
2025-07-24 17:30:00,0.2739654336501373,0.45378588542174286,0.40405566031413487,0.46048167,0.6237260565555626
2025-07-24 18:30:00,0.2733331460894132,0.45378588543805715,0.40266045928693267,0.454852,0.616847691512669
2025-07-24 19:30:00,0.22541705909353377,0.4537858854444582,0.3889379364222527,0.45804214,0.6187037046143956
2025-07-25 13:30:00,0.15815240388452922,0.4537858855688395,0.39211655803971396,0.45804214,0.6204075164813758
2025-07-25 14:30:00,0.14104375273720765,0.45378588557824057,0.3844658526093909,0.40939632,0.6155267274045652
2025-07-25 15:30:00,0.13640085022641407,0.45378588553780486,0.38606914404685094,0.43474272,0.6130685999178417
2025-07-25 16:30:00,0.1657821942651208,0.4537858855244482,0.39156737901749206,0.4131878,0.60661492380004
2025-07-25 17:30:00,0.16783384072488902,0.45378588552374177,0.36761634248420477,0.40691766,0.600493428466586
2025-07-25 18:30:00,0.23858900354546672,0.4537858855271751,0.3579595933870932,0.42441505,0.5939579329603698
2025-07-25 19:30:00,0.23798204642868284,0.45378588567138567,0.3484286520532878,0.38803813,0.5886387737863285
2025-07-28 13:30:00,0.21072531119852383,0.3772214470186564,0.34434766357505253,0.35276455,0.5872897195149978
2025-07-28 14:30:00,0.22662386900100567,0.37722145812518687,0.33128491996259685,0.37124285,0.5855174006448044
2025-07-28 15:30:00,0.25944273544248975,0.3772214599511799,0.33663867519909074,0.3695073,0.5807686032133534
2025-07-28 16:30:00,0.4348957408204297,0.3772214675130619,0.3409648492485988,0.43925878,0.5860914927917786
2025-07-28 17:30:00,0.4364018762296976,0.3772214368139516,0.3507378780244895,0.42372033,0.5810842247632814
2025-07-28 18:30:00,0.4439945928954251,0.3772214463165248,0.34187615822977313,0.43492195,0.5755581357010779
2025-07-28 19:30:00,0.4445135090003158,0.37722142321962837,0.3378780076526766,0.41961563,0.5771238265603726
2025-07-29 13:30:00,0.42501014047049135,0.377221451789028,0.34376064719456856,0.4179531,0.5788903364437313
2025-07-29 14:30:00,0.17517207064826132,0.37722148323748733,0.38244712786430457,0.43015334,0.6282943899792908
2025-07-29 15:30:00,0.24037376219880519,0.37722147538694684,0.40856010442023416,0.43676335,0.6215482448580707
2025-07-29 16:30:00,0.27672516221246807,0.3772214409521197,0.40460429470617687,0.4608586,0.6163222185217463
2025-07-29 17:30:00,0.31180747160980465,0.37722147764353986,0.40057983142308945,0.45382306,0.6155181091424685
2025-07-29 18:30:00,0.31424209438580886,0.3772214545085398,0.4047718088031549,0.4239991,0.6088194982321711
2025-07-29 19:30:00,0.32535298351880554,0.3772214791284285,0.3641636314457523,0.4000088,0.6020882086484689
2025-07-30 13:30:00,0.7872112465177047,0.3772214424336952,0.36343185357670715,0.38497877,0.6065644925692912
2025-07-30 14:30:00,0.8597210917210327,0.37722148073703315,0.37066982591360464,0.3948072,0.6089414581649797
2025-07-30 15:30:00,1.07731062694973,0.3772214450017947,0.3795861384924635,0.40167427,0.6159622576604504
2025-07-30 16:30:00,1.1522124465294132,0.37722147580558335,0.3897654456274632,0.41842705,0.6097878271098519
2025-07-30 17:30:00,1.1865284228575614,0.3772214503866758,0.39010752967461615,0.40869412,0.6055793190911306
2025-07-30 18:30:00,1.0595593223458746,0.3772215294872618,0.49553359327185165,0.4743048,0.7724440328116998
2025-07-30 19:30:00,0.993791158677708,0.3772214348750885,0.555079277868322,0.6100817,0.7985556291072685
2025-07-31 13:30:00,0.7603631306897501,0.37722141095180367,0.6151717556668785,0.6065153,0.9023375053386067
2025-07-31 14:30:00,0.651433811441642,0.37722148085025897,0.6650038050537121,0.5536851,0.9235149425093847
2025-07-31 15:30:00,1.4878572609601863,0.3772214453831292,0.6875310268150147,0.536808,0.9236894980943514
2025-07-31 16:30:00,1.4296384962956816,0.37722150800704496,0.6711967974897699,0.646302,0.9635238662654524
2025-07-31 17:30:00,1.4906103002967246,0.37722146436888665,0.6929599982133388,0.50275415,0.9433239453774761
2025-07-31 18:30:00,1.5852475785133053,0.37722146554204233,0.6476805472988482,0.7462331,0.9336467861194471
2025-07-31 19:30:00,1.5891642655124365,0.3772214842036086,0.6391147887463339,0.62159115,0.916264374150275
2025-08-01 13:30:00,0.8054803212699458,0.3772215850739992,0.8059923065357213,0.71172255,1.274157058106777
2025-08-01 14:30:00,0.748110569970421,0.37722149733042937,0.8903361641817638,0.79153514,1.2557199906924206
2025-08-01 15:30:00,1.372223211162672,0.377221430787982,0.8914595530436517,1.0135804,1.2554712943417081
2025-08-01 16:30:00,1.2429776064536706,0.37722151689692124,0.914538163874667,0.9385694,1.2818157058591457
2025-08-01 17:30:00,1.2366235631171352,0.3772214505383491,0.9512322723182645,0.9602022,1.2524992532215784
2025-08-01 18:30:00,1.2396443529865986,0.377221458289533,0.8317948267198537,0.8232964,1.2193159149423503
2025-08-01 19:30:00,1.2404914866212247,0.37722147484140095,0.8233079798076502,0.83794075,1.1872368549089807
2025-08-04 13:30:00,0.17171516515848442,0.4405082417200169,0.9062627894778545,0.99143934,1.4135572815196153
2025-08-04 14:30:00,0.20330770633924883,0.4405082464804247,0.9810731499378897,1.3003818,1.3751705687816096
2025-08-04 15:30:00,0.25403807611857665,0.4405082464342782,0.9751385495194107,1.266834,1.3396283460792198
2025-08-04 16:30:00,0.37786114843729307,0.4405082463850567,0.9761023603563459,1.2270162,1.3045773626062185
2025-08-04 17:30:00,0.40974423334729304,0.4405082464337826,0.9797871800321492,1.2472245,1.269790305443087
2025-08-04 18:30:00,0.42010568540368515,0.4405082464076308,0.8019613406081159,0.8817266,1.2361952651461015
2025-08-04 19:30:00,0.43023857207606714,0.4405082464273418,0.7731343001792013,0.5563262,1.2063586405147442
2025-08-05 13:30:00,0.38814849735577805,0.4405082459069158,0.7704264059228274,0.37809604,1.1814578257330772
2025-08-05 14:30:00,0.29589795133812774,0.4405082453529341,0.7620778756937727,0.51126224,1.1670420745360133
2025-08-05 15:30:00,0.2745654641642849,0.4405082459718601,0.7701944952137643,0.5698615,1.142097447114907
2025-08-05 16:30:00,0.5583500957038894,0.4405082458467641,0.7728263165622574,0.50691766,1.1148798112004903
2025-08-05 17:30:00,0.540517631111439,0.44050824601642163,0.7565309894753409,0.5307274,1.0915321920093812
2025-08-05 18:30:00,0.5389595098410718,0.4405082461214739,0.7585774943089427,0.5172542,1.0645143101498906
2025-08-05 19:30:00,0.5263736816083645,0.44050824617820866,0.7324185858345152,0.5069091,1.0430391849070348
2025-08-06 13:30:00,0.5119675395613799,0.4405082460696712,0.7312614626744076,0.52643794,1.0207405564346803
2025-08-06 14:30:00,0.1352704294129638,0.44050824610811923,0.6408070911515757,0.65246934,1.048845427259827
2025-08-06 15:30:00,0.21533411329962296,0.44050824645141134,0.6672907486752169,0.6404885,1.024110946180993
2025-08-06 16:30:00,0.3628519231784992,0.4405082464091936,0.6574560250622905,0.60426354,0.9993068558154825
2025-08-06 17:30:00,0.35162115224347396,0.440508244470047,0.6211832575865814,0.6254955,0.9776450239764773
2025-08-06 18:30:00,0.4965405915788231,0.44050824071315714,0.6233903006026225,0.60947555,0.9546608946007344
2025-08-06 19:30:00,0.4937593859477998,0.4405082404987535,0.5575910566426692,0.45985982,0.9332382918434049
2025-08-07 13:30:00,0.46249641517017426,0.44050823709736353,0.5631034286965347,0.5546237,0.9198232513850813
2025-08-07 14:30:00,0.48045426375985845,0.44050823626719177,0.42497236154536666,0.5189462,0.919621670724743
2025-08-07 15:30:00,0.8105090325189203,0.4405082346626756,0.4436208342725604,0.5288216,0.8993338878070843
2025-08-07 16:30:00,0.7337082005043591,0.44050823460541133,0.4578522766860067,0.5302544,0.9095206147144552
2025-08-07 17:30:00,0.745985365514987,0.44050823488797003,0.4842250483963325,0.50700384,0.8892524036052258
2025-08-07 18:30:00,0.7477246742662284,0.44050823487488333,0.47594668316804495,0.50977963,0.8705041089095427
2025-08-07 19:30:00,0.6881045126341037,0.44050823072129763,0.47035309047924634,0.5629271,0.8776451532423933
2025-08-08 13:30:00,0.21341232963151996,0.44050822746554,0.5459528702557972,0.54261667,0.9614642845027223
2025-08-08 14:30:00,0.2036171314126008,0.4405082273638472,0.5788722756155856,0.63898426,0.9401199908847768
2025-08-08 15:30:00,0.15298828283580865,0.44050822441594917,0.5676852332174211,0.57899153,0.9229430064656412
2025-08-08 16:30:00,0.13547166322050141,0.44050822281151875,0.5706011942332542,0.56709737,0.9034389079257683
2025-08-08 17:30:00,0.23230434777768397,0.4405082228713545,0.5568528514388358,0.56510246,0.8874864299579759
2025-08-08 18:30:00,0.31578278364520096,0.4405082229110264,0.4854045887421026,0.4754285,0.8680440368046233
2025-08-08 19:30:00,0.33338594720867876,0.44050821844573923,0.4823052495510479,0.4475538,0.8495104952952318
2025-08-11 13:30:00,0.3346825099739107,0.43218886609467827,0.4713825813011855,0.4235383,0.8317274116538221
2025-08-11 14:30:00,0.34089678917248406,0.43218886609467827,0.46638771742890583,0.40059435,0.8147458671184286
2025-08-11 15:30:00,0.6000323313007322,0.43218886609467827,0.4417607591510294,0.43634716,0.8125397131753458
2025-08-11 16:30:00,0.5906193439799086,0.43218886609467827,0.4620769117895532,0.47446883,0.808680499804997
2025-08-11 17:30:00,0.5971666445120115,0.43218886609467827,0.4752555958264625,0.49072123,0.795783111260409
2025-08-11 18:30:00,0.5966174672110619,0.43218886609467827,0.4805350563471394,0.47374526,0.7805157339894725
2025-08-11 19:30:00,0.6019515267764539,0.43218886609467827,0.4793206052971658,0.47520712,0.7669255185874089
2025-08-12 13:30:00,0.25761493133690816,0.43218886609467827,0.5167634537966822,0.5867444,0.8342170361334438
2025-08-12 14:30:00,0.18468410895243328,0.43218886609467827,0.5453813708157745,0.5782372,0.8261697621456949
2025-08-12 15:30:00,0.27754260143615583,0.43218886609467827,0.5430401236248524,0.56735677,0.8145560235733218
2025-08-12 16:30:00,0.29023685880034755,0.43218886609467827,0.552460796822473,0.5539009,0.7983006971993867
2025-08-12 17:30:00,0.2772691272838667,0.43218886609467827,0.5337322213088525,0.6167395,0.7856963540759517
2025-08-12 18:30:00,0.2827652162563309,0.43218886609467827,0.4839893352989031,0.44560802,0.770572214051627
2025-08-12 19:30:00,0.281294468552456,0.43218886609467827,0.4690262677379644,0.44518524,0.7567090194813084
2025-08-13 13:30:00,0.1427372859584614,0.43218886609467827,0.4628360664428912,0.45796588,0.7609944933729256
2025-08-13 14:30:00,0.14462905436415363,0.43218886609467827,0.42141593956536316,0.48768243,0.7491686404843508
2025-08-13 15:30:00,0.16405334095690138,0.43218886609467827,0.4213554071217571,0.4694927,0.7367216624628347
2025-08-13 16:30:00,0.20821303631168328,0.43218886609467827,0.4202614346039788,0.48387906,0.7246842656683683
2025-08-13 17:30:00,0.20809838836469047,0.43218886609467827,0.42093561262247586,0.48007205,0.7126456174644289
2025-08-13 18:30:00,0.35701251732038264,0.43218886609467827,0.39384858290832525,0.45014572,0.7018967069265134
2025-08-13 19:30:00,0.3731764767025743,0.43218886609467827,0.3930356818408969,0.43207455,0.6930877714000943
2025-08-14 13:30:00,0.38845424523588784,0.43218886609467827,0.39711122519898834,0.4142053,0.6851919877811438
2025-08-14 14:30:00,0.3623972431408991,0.43218886609467827,0.40404525880873166,0.46622744,0.6808875400384875
2025-08-14 15:30:00,0.37776514779893006,0.43218886609467827,0.41273749898351175,0.4582397,0.6708805356441512
2025-08-14 16:30:00,0.2600444783596218,0.43218886609467827,0.42133457484937326,0.5442255,0.6893872042949983
2025-08-14 17:30:00,0.21976315340631888,0.43218886609467827,0.43305410642960124,0.5105222,0.6849841731664866
2025-08-14 18:30:00,0.212825227930669,0.43218886609467827,0.43669171167804277,0.5738413,0.6812488453343815
2025-08-14 19:30:00,0.21977707772125268,0.43218886609467827,0.4432992097392948,0.53434706,0.6708151996623112
2025-08-15 13:30:00,0.21981911488738745,0.43218886609467827,0.43876417948521085,0.58765167,0.665042723558522
2025-08-15 14:30:00,0.19540903045212557,0.43218886609467827,0.36950402367793483,0.43338898,0.659613598064722
2025-08-15 15:30:00,0.20602222175382442,0.43218886609467827,0.3627598084736292,0.44623882,0.6504314614196837
2025-08-15 16:30:00,0.16035945400809554,0.43218886609467827,0.35240430406270173,0.40853313,0.6476812743570474
2025-08-15 17:30:00,0.161842168523204,0.43218886609467827,0.3607692886037473,0.42153776,0.6398838840073985
2025-08-15 18:30:00,0.11578834834287371,0.43218886609467827,0.3563733080236077,0.44232383,0.6358058170562366
2025-08-15 19:30:00,0.12108733113653457,0.43218886609467827,0.35792702833438744,0.4134815,0.6284657745834662
2025-08-18 13:30:00,0.12438665036598139,0.4195338845098124,0.35872385880250657,0.4177986,0.6223173378826511
2025-08-18 14:30:00,0.11714503947356993,0.4195338845098124,0.33991607365998927,0.38799226,0.6153024594234964
2025-08-18 15:30:00,0.10748935302182269,0.4195338845098124,0.3376099465090941,0.37252483,0.6093348570751851
2025-08-18 16:30:00,0.24570814400653912,0.4195338845098124,0.3334747322107885,0.3956797,0.6023679537634187
2025-08-18 17:30:00,0.3081708845600539,0.4195338845098124,0.329842223781995,0.37748614,0.5972188018214666
2025-08-18 18:30:00,0.31421915785648685,0.4195338845098124,0.330331984671033,0.39129496,0.593040200124152
2025-08-18 19:30:00,0.32904858831310096,0.4195338845098124,0.33432819389777507,0.376678,0.586894037283596
2025-08-19 13:30:00,0.3271979135541431,0.4195338845098124,0.32812920429975456,0.34287506,0.5816306860021168
2025-08-19 14:30:00,0.255821925791731,0.4195338845098124,0.3450297146890238,0.42337614,0.5943436637323655
2025-08-19 15:30:00,0.9299974535062013,0.4195338845098124,0.3616849709478138,0.4394777,0.6023246459869592
2025-08-19 16:30:00,1.0023022445642225,0.4195338845098124,0.37270667308856875,0.44257838,0.5992415000680297
2025-08-19 17:30:00,1.0109467618717216,0.4195338845098124,0.3570295057801223,0.4620263,0.5962846639869626
2025-08-19 18:30:00,1.0197916576189316,0.4195338845098124,0.35838500257845407,0.48849416,0.5900748909004474
2025-08-19 19:30:00,1.0226816124863647,0.4195338845098124,0.33702765471414153,0.44011807,0.5867907997627546
2025-08-20 13:30:00,0.6014777983667879,0.4195338845098124,0.5180450749660289,0.3901331,0.8391429291709916
2025-08-20 14:30:00,0.4630739208682854,0.4195338845098124,0.5901124386115068,0.530688,0.8605349980439487
2025-08-20 15:30:00,0.43362658921788305,0.4195338845098124,0.6117368421832858,0.49162441,0.8491589294514925
2025-08-20 16:30:00,0.45302375834067987,0.4195338845098124,0.6175693265140414,0.49217376,0.83607121525786
2025-08-20 17:30:00,0.49328869024656813,0.4195338845098124,0.6191691341241149,0.45254952,0.822248106859364
2025-08-20 18:30:00,0.3253069218755113,0.4195338845098124,0.5419863780715618,0.6360977,0.8462798107104306
2025-08-20 19:30:00,0.3631679736611486,0.4195338845098124,0.5468897440111867,0.5790012,0.8290663398641014
2025-08-21 13:30:00,0.3689564936273454,0.4195338845098124,0.5435927962044964,0.5498867,0.8121757781122346
2025-08-21 14:30:00,0.32202880017202995,0.4195338845098124,0.5361762084149126,0.5906497,0.8055355323603721
2025-08-21 15:30:00,1.3511204140247206,0.4195338845098124,0.5447619837318092,0.5908762,0.8035704685927147
2025-08-21 16:30:00,1.3765517516330328,0.4195338845098124,0.5263176315978878,0.573155,0.7921741627249067
2025-08-21 17:30:00,1.3793094797037089,0.4195338845098124,0.5321507914159004,0.588839,0.7845845702249773
2025-08-21 18:30:00,1.3938270961446277,0.4195338845098124,0.5414400008467908,0.54958904,0.7708002197849972
2025-08-21 19:30:00,1.397768894652459,0.4195338845098124,0.5345265851592741,0.55193424,0.7571297641889831
2025-08-22 13:30:00,0.42766755064902895,0.4195338845098124,0.7418093588978859,0.4729435,1.1523878524346922
2025-08-22 14:30:00,0.31251388335359,0.4195338845098124,0.8386768835181786,0.65977144,1.139330269589961
2025-08-22 15:30:00,0.300860069406359,0.4195338845098124,0.84696904442381,0.6820304,1.1171705243048276
2025-08-22 16:30:00,0.24365783151262047,0.4195338845098124,0.847867011639243,0.6955998,1.0978284426338452
2025-08-22 17:30:00,0.2129709698446948,0.4195338845098124,0.8566673492491148,0.6793493,1.0730605157528543
2025-08-22 18:30:00,0.2118393761594758,0.4195338845098124,0.7007002215668187,0.5426225,1.0468261601750093
2025-08-22 19:30:00,0.22423461461421013,0.4195338845098124,0.6834399707591112,0.547418,1.021250782567966
2025-08-25 13:30:00,0.1650867405972044,0.47413950745434613,0.6708347171289725,0.5445301,1.0027758676453873
2025-08-25 14:30:00,0.21947986677925904,0.47413950745434613,0.6069842507039979,0.6641008,0.9818602758884434
2025-08-25 15:30:00,0.23785615551720332,0.47413950745434613,0.5997506113558607,0.617661,0.9586594534638799
2025-08-25 16:30:00,0.2544340746058675,0.47413950745434613,0.5944495534603993,0.5719756,0.936771629222861
2025-08-25 17:30:00,0.27907429263412775,0.47413950745434613,0.592548401091625,0.56254494,0.9167768316105567
2025-08-25 18:30:00,0.27038662774165667,0.47413950745434613,0.5823544195356314,0.48083636,0.8974973817014354
2025-08-25 19:30:00,0.1956757117439884,0.47413950745434613,0.5723944709408094,0.53968424,0.8862748061391783
2025-08-26 13:30:00,0.2375770290822812,0.47413950745434613,0.5839138912938424,0.5813104,0.8689952062500218
2025-08-26 14:30:00,0.23311299460531512,0.47413950745434613,0.5867855375949017,0.5402932,0.8528449890235089
2025-08-26 15:30:00,0.24197624345754548,0.47413950745434613,0.5862993895606438,0.5587136,0.8398207433244679
2025-08-26 16:30:00,0.24201382138202587,0.47413950745434613,0.5899486080816536,0.56514144,0.8225393013651243
2025-08-26 17:30:00,0.24766732056964647,0.47413950745434613,0.5784905986404838,0.50631535,0.8057745552695209
2025-08-26 18:30:00,0.2009780222908973,0.47413950745434613,0.5716793896880646,0.5781792,0.7970483549722537
2025-08-26 19:30:00,0.22012121778919375,0.47413950745434613,0.5774394178364453,0.56948054,0.7835513049514584
2025-08-27 13:30:00,0.18390514256057683,0.47413950745434613,0.5751992810447434,0.5989513,0.7750764819572429
2025-08-27 14:30:00,0.1819143663619883,0.47413950745434613,0.3785638941691069,0.41550076,0.7605740817720152
2025-08-27 15:30:00,0.2007078714709224,0.47413950745434613,0.35990310257774855,0.42449674,0.747286325765956
2025-08-27 16:30:00,0.1916646888964367,0.47413950745434613,0.3432730576421409,0.45160913,0.7354520665697637
2025-08-27 17:30:00,0.3271813288828374,0.47413950745434613,0.33502449627344383,0.45198333,0.7272589640827973
2025-08-27 18:30:00,0.3135571788352513,0.47413950745434613,0.33037063153996654,0.4061321,0.7173153911917439
2025-08-27 19:30:00,0.32353983105757217,0.47413950745434613,0.3366032344739181,0.45227206,0.7051733560751539
2025-08-28 13:30:00,0.3115702680290638,0.47413950745434613,0.33446654119873453,0.4061321,0.6966980114566396
2025-08-28 14:30:00,0.3085923541100507,0.47413950745434613,0.3306084576536777,0.43306378,0.6861447935467244
2025-08-28 15:30:00,0.6549617897669714,0.47413950745434613,0.35030932507242496,0.44197264,0.7027758409137574
2025-08-28 16:30:00,0.6561805413983873,0.47413950745434613,0.37230640234383744,0.5410955,0.6912817127875641
2025-08-28 17:30:00,0.6523250491768713,0.47413950745434613,0.36864694500185163,0.45525625,0.6823802423894304
2025-08-28 18:30:00,0.651050873672852,0.47413950745434613,0.36846642116023776,0.4788464,0.6725969545797146
2025-08-28 19:30:00,0.652167402097279,0.47413950745434613,0.3695171818907938,0.5059775,0.6625865752303283
2025-08-29 13:30:00,0.08819843835680172,0.47413950745434613,0.4441955239474854,0.47549552,0.7810789000464337
2025-08-29 14:30:00,0.1010390457983314,0.47413950745434613,0.49429104912715427,0.53521985,0.7665459750734313
2025-08-29 15:30:00,0.8646299254889701,0.47413950745434613,0.4926084136386901,0.5305171,0.7525888537431289
2025-08-29 16:30:00,0.9771972407975424,0.47413950745434613,0.49049321976247084,0.55325115,0.7390485965521049
2025-08-29 17:30:00,0.9876882336130615,0.47413950745434613,0.48958304683642284,0.56049925,0.7264140277042921
2025-08-29 18:30:00,1.036734888640835,0.47413950745434613,0.3954457803289422,0.40305284,0.7145689100773074
2025-08-29 19:30:00,1.0348721596774366,0.47413950745434613,0.3928716752165329,0.37844723,0.7037871075258033
2025-09-02 13:30:00,0.6174272568704552,0.4959059563692741,0.5448934176858568,0.55045307,0.8957601913112033
2025-09-02 14:30:00,0.4558420074376765,0.4959059563692741,0.6161442697815736,0.55759996,0.9264624364010018
2025-09-02 15:30:00,0.5345926862829662,0.4959059563692741,0.6456879603050534,0.5110659,0.9108133424578776
2025-09-02 16:30:00,0.42921256808610697,0.4959059563692741,0.6491511631411022,0.57491493,0.9150555772788121
2025-09-02 17:30:00,0.4289982317425092,0.4959059563692741,0.6738976803737744,0.43546122,0.894534980853168
2025-09-02 18:30:00,0.3682936157696624,0.4959059563692741,0.5901426730699324,0.60415536,0.8869688180413887
2025-09-02 19:30:00,0.3641429369598198,0.4959059563692741,0.5686315361106136,0.5808703,0.8762183193650532
2025-09-03 13:30:00,0.18052888988070223,0.4959059563692741,0.5799843779607178,0.6913096,0.882448551006666
2025-09-03 14:30:00,0.44592614594492225,0.4959059563692741,0.5871856249441841,0.52903473,0.8632303517535379
2025-09-03 15:30:00,0.4856890314751948,0.4959059563692741,0.5878577576051226,0.4903924,0.8447704447021325
2025-09-03 16:30:00,0.5270414159869763,0.4959059563692741,0.5678105935438231,0.5261635,0.8272386423445743
2025-09-03 17:30:00,0.4978360117331794,0.4959059563692741,0.5572456801361774,0.5298542,0.818751794932001
2025-09-03 18:30:00,0.5170440949409532,0.4959059563692741,0.5395658829061223,0.45405808,0.8022271826625832
2025-09-03 19:30:00,0.322865584907555,0.4959059563692741,0.565800357070995,0.5747443,0.8313181062710855
2025-09-04 13:30:00,0.2799781029669912,0.4959059563692741,0.5936913914507148,0.6244506,0.8240761471936573
2025-09-04 14:30:00,0.2517381692124059,0.4959059563692741,0.5646600594292132,0.5984326,0.8186814032109274
2025-09-04 15:30:00,0.4499608909277478,0.4959059563692741,0.5736872404824176,0.5674779,0.8025237637154251
2025-09-04 16:30:00,0.43092058312776493,0.4959059563692741,0.5702701012590309,0.5891661,0.7920917112562122
2025-09-04 17:30:00,0.4335128647011023,0.4959059563692741,0.545189560790192,0.5325159,0.7775468790516412
2025-09-04 18:30:00,0.4208548526134211,0.4959059563692741,0.5349082367928739,0.5189957,0.7659090074506075
2025-09-04 19:30:00,0.387435013727705,0.4959059563692741,0.5275945593226337,0.4957778,0.7595329440406546
2025-09-05 13:30:00,0.23726928966894886,0.4959059563692741,0.5558636438939488,0.5852618,0.7856860975094536
2025-09-05 14:30:00,0.23145097776248075,0.4959059563692741,0.5026638508765634,0.5069102,0.7713492685272271
2025-09-05 15:30:00,0.32444877459352617,0.4959059563692741,0.47558391028957264,0.5428874,0.7583734330811157
2025-09-05 16:30:00,0.3606330494280971,0.4959059563692741,0.47508866858176335,0.47489288,0.7444818172305829
2025-09-05 17:30:00,0.40257070116411925,0.4959059563692741,0.4549432755046406,0.51175934,0.7312358015868587
2025-09-05 18:30:00,0.3401253389177779,0.4959059563692741,0.4203962126046593,0.5082756,0.7325854543546713
2025-09-05 19:30:00,0.3399530718400215,0.4959059563692741,0.4290828787648855,0.49564078,0.7198183737522775
2025-09-08 13:30:00,0.2723367289385167,0.4959059563692741,0.42925645959158487,0.51699936,0.7250138553086675
2025-09-08 14:30:00,0.29056355796614275,0.4959059563692741,0.43081326592271896,0.5713043,0.7201840102239381
2025-09-08 15:30:00,0.22803022796942626,0.4959059563692741,0.44089317167083647,0.53101873,0.7178544310484919
2025-09-08 16:30:00,0.22686570226122496,0.4959059563692741,0.44373815806742245,0.5153924,0.705831235620029
2025-09-08 17:30:00,0.2269110938651241,0.4959059563692741,0.4444823914679227,0.50901747,0.6942458919118766
2025-09-08 18:30:00,0.21785884394413202,0.4959059563692741,0.4214206511671066,0.5740231,0.688188105115084
2025-09-08 19:30:00,0.11705810031153417,0.4959059563692741,0.4244784765001347,0.5332894,0.6887099318201116
2025-09-09 13:30:00,0.12231792334427094,0.4051884410744406,0.4029692373400896,0.47670385,0.6778788361078566
2025-09-09 14:30:00,0.12843098977466239,0.4051884410744406,0.39674336894284634,0.4698355,0.667542060232527
2025-09-09 15:30:00,0.569599415616284,0.4051884410744406,0.38813346925457487,0.42024913,0.6577573398084545
2025-09-09 16:30:00,0.5848365352752131,0.4051884410744406,0.3805637430859127,0.42584616,0.6523434181132779
2025-09-09 17:30:00,0.5841003278481534,0.4051884410744406,0.3661155902167331,0.3269514,0.6437899052985881
2025-09-09 18:30:00,0.5853738069760313,0.4051884410744406,0.3670096782974835,0.3675685,0.6355365904788597
2025-09-09 19:30:00,0.5912633769253303,0.4051884410744406,0.36595133005846814,0.36318976,0.6277742072831177
2025-09-10 13:30:00,0.2418354508155719,0.4051884410744406,0.4424451747364689,0.5491269,0.720436710443779
2025-09-10 14:30:00,0.2725549516477514,0.4051884410744406,0.46015450088187293,0.5924955,0.7171491964555889
2025-09-10 15:30:00,0.6321050608637612,0.4051884410744406,0.4716625143340495,0.53797835,0.705241425838384
2025-09-10 16:30:00,0.6679723829608786,0.4051884410744406,0.46938325559929656,0.54522645,0.694510399972741
2025-09-10 17:30:00,0.6616890700170112,0.4051884410744406,0.46837596908616397,0.54416585,0.6860988589700198
2025-09-10 18:30:00,0.6496334533463534,0.4051884410744406,0.4096148785808814,0.5267298,0.6808685230797595
2025-09-10 19:30:00,0.6147029119395827,0.4051884410744406,0.40758330260564607,0.46605244,0.6849736547973142
2025-09-11 13:30:00,0.23677438837021378,0.4051884410744406,0.4829716713609336,0.50903666,0.7728717592666948
2025-09-11 14:30:00,0.08545982898413841,0.4051884410744406,0.517162204147724,0.51435536,0.7723620428738442
2025-09-11 15:30:00,0.10259809414911313,0.4051884410744406,0.5306492278960239,0.49701467,0.7577802536919588
2025-09-11 16:30:00,0.10871045173425113,0.4051884410744406,0.5225521957366973,0.5016537,0.7441646709651571
2025-09-11 17:30:00,0.12116371452881257,0.4051884410744406,0.517056987240015,0.52111477,0.731097605136592
2025-09-11 18:30:00,0.10228399830733279,0.4051884410744406,0.45189807477100513,0.46285167,0.7196106589779843
2025-09-11 19:30:00,0.11653105643177242,0.4051884410744406,0.42804338982532386,0.32145852,0.7075483566890259
2025-09-12 13:30:00,0.11328191109952848,0.4051884410744406,0.4239578439136389,0.34513205,0.6968780907590991
2025-09-12 14:30:00,0.15497808773434626,0.4051884410744406,0.4259426791938671,0.34557322,0.686453904064957
2025-09-12 15:30:00,0.517522466644415,0.4051884410744406,0.4275156903103387,0.38465458,0.6769687767734818
2025-09-12 16:30:00,0.5197366271980821,0.4051884410744406,0.4289393769206616,0.35620967,0.6666921069297689
2025-09-12 17:30:00,0.5173863480595406,0.4051884410744406,0.425720113255888,0.3481497,0.6581432690759448
2025-09-12 18:30:00,0.5308051582246115,0.4051884410744406,0.42619469498437956,0.34557322,0.6496170094126519
2025-09-12 19:30:00,0.5182370392529856,0.4051884410744406,0.42924985563783813,0.4380576,0.6452912725307068
2025-09-15 13:30:00,0.14675769626866125,0.4051884410744406,0.4883695815109266,0.54736143,0.7165964149075705
2025-09-15 14:30:00,0.18201600219142797,0.4051884410744406,0.48759748624817867,0.51904523,0.7051952633032841
2025-09-15 15:30:00,0.22485585062586375,0.4051884410744406,0.48428056338609593,0.55372274,0.69401003588996
2025-09-15 16:30:00,0.19022188728322204,0.4051884410744406,0.4810019077692233,0.56159276,0.6882305956667214
2025-09-15 17:30:00,0.19340382260334346,0.4051884410744406,0.48749717192292685,0.5213199,0.6775732735306366
2025-09-15 18:30:00,0.19908235384461034,0.4051884410744406,0.4243302655162594,0.42885205,0.6674665743576602
2025-09-15 19:30:00,0.1606233389351729,0.4051884410744406,0.4220299208922399,0.50690085,0.6622440479090133
2025-09-16 13:30:00,0.08407138295375124,0.39224975357959363,0.4238239941382315,0.5234241,0.6589119220334456
2025-09-16 14:30:00,0.07648481189390628,0.3922497544522224,0.3722030409144158,0.4026835,0.6502433557094729
2025-09-16 15:30:00,0.13320238626962408,0.3922497611617556,0.3637007188367621,0.39820677,0.6418184661661565
2025-09-16 16:30:00,0.1263518944287874,0.3922497563815996,0.36420618204745125,0.39820677,0.6342097173805794
2025-09-16 17:30:00,0.1259153423931822,0.39224975605413676,0.3611929257400322,0.36202917,0.6260158597178879
2025-09-16 18:30:00,0.1329640238800707,0.39224975627074227,0.3485694716414751,0.310373,0.6182053287765789
2025-09-16 19:30:00,0.2888816105524414,0.39224978746284855,0.34448336991575024,0.28325257,0.6111491111932804
2025-09-17 13:30:00,0.2654172558042406,0.392249753182849,0.3495370097379241,0.35899648,0.6089847463881047
2025-09-17 14:30:00,0.3034492866501741,0.39224975951822005,0.35492675976349647,0.35589454,0.6024191751509074
2025-09-17 15:30:00,0.843716668449145,0.3922497584343947,0.3570079237548876,0.34686363,0.5957848352662883
2025-09-17 16:30:00,0.8580261789424414,0.39224975670053397,0.3542717476352118,0.34666198,0.5901848890759043
2025-09-17 17:30:00,0.8184061498390898,0.39224975508176496,0.37531769014939087,0.42635497,0.6086921007585033
2025-09-17 18:30:00,0.8182968648879219,0.39224976971154496,0.3903769117926511,0.41498983,0.601963677782452
2025-09-17 19:30:00,0.8084654506982857,0.39224978150401757,0.3899312550577986,0.4114355,0.6036521463257996
2025-09-18 13:30:00,0.18421164217564742,0.3922497756049063,0.5142146709620873,0.45813334,0.7921421638230475
2025-09-18 14:30:00,0.1083123166534839,0.3922497438393645,0.5410466409275232,0.5270605,0.7840216829344712
2025-09-18 15:30:00,0.12016711535162841,0.39224974163288806,0.5460512921903654,0.5474782,0.7690188500444629
2025-09-18 16:30:00,0.21156308319481054,0.3922497480755961,0.545848669214825,0.5474782,0.7546793416892529
2025-09-18 17:30:00,0.3261473889204344,0.3922497512733279,0.5377616562856418,0.560435,0.7428325230731044
2025-09-18 18:30:00,0.32600337949795005,0.3922497425393284,0.4398800667210774,0.40743673,0.7295480426260373
2025-09-18 19:30:00,0.3198677082392817,0.3922497505627521,0.42321346375196867,0.3481497,0.7180554168698289
2025-09-19 13:30:00,0.3685983197211993,0.39224974023651416,0.4243506573484667,0.370948,0.7068242759976053
2025-09-19 14:30:00,0.32532431207896995,0.39224975090043956,0.43117270706244804,0.4225676,0.7047531681346639
2025-09-19 15:30:00,0.20559396149491344,0.3922497462259949,0.45176921203304077,0.49785864,0.7144122158921413
2025-09-19 16:30:00,0.24293048316835283,0.3922497512837489,0.47329416223705595,0.44755164,0.7023806566238829
2025-09-19 17:30:00,0.27830839844516814,0.39224973960703846,0.4713986511381022,0.48627582,0.6909180911911198
2025-09-19 18:30:00,0.22527602910439956,0.39224973286061776,0.4688048747331889,0.4815807,0.6916648090815872
2025-09-19 19:30:00,0.22378987993397653,0.392249790818208,0.47545915753923307,0.47119993,0.6809167807137416
2025-09-22 13:30:00,0.22971146020773028,0.3922497447483734,0.45247677600099107,0.4295983,0.672000066379515
2025-09-22 14:30:00,0.1973945528691731,0.392249751903164,0.45405044673048955,0.49304196,0.6674511035097896
2025-09-22 15:30:00,0.1450633750471914,0.3922497382480648,0.46158010396348825,0.4565409,0.6637309359980432
2025-09-22 16:30:00,0.1266939717965158,0.39224975060393913,0.4570328159928312,0.43228668,0.6573885423528424
2025-09-22 17:30:00,0.18620253195612618,0.3922497508359009,0.464230520381016,0.44390008,0.6480489918971589
2025-09-22 18:30:00,0.28344303211141425,0.39224975848218546,0.4511156421628044,0.44625667,0.6416954886081736
2025-09-22 19:30:00,0.3188366464931643,0.39224973763104964,0.44873881510813685,0.4360151,0.6341114951863178
2025-09-23 13:30:00,0.321249970120686,0.38960306992966487,0.43968566395228265,0.41648284,0.6260845329497149
2025-09-23 14:30:00,0.3403823794026104,0.4097045166271304,0.3278773471378996,0.36442733,0.6200113771165088
2025-09-23 15:30:00,0.31178262802945017,0.4212690672948983,0.3303748894492558,0.40994757,0.6191225852209842
2025-09-23 16:30:00,0.22569173824993194,0.4256208537782527,0.3511783219519867,0.404904,0.6303634496133905
2025-09-23 17:30:00,0.3108065127133215,0.41512891552211006,0.3685928690618288,0.43459153,0.6307908172503431
2025-09-23 18:30:00,0.31515259278490654,0.39509919222753964,0.37717620972420546,0.44915134,0.6234712348261069
2025-09-23 19:30:00,0.32233870833786005,0.3561749234121443,0.3768687839272306,0.46836695,0.6220030992329793
2025-09-24 13:30:00,0.32820353317982137,0.3890487276103627,0.3818783186155267,0.53220904,0.6143893923136411
2025-09-24 14:30:00,0.3195278359761957,0.40513400626517704,0.3619074187904386,0.40713677,0.6096205824487533
2025-09-24 15:30:00,0.4261046988141892,0.4257698333995182,0.3689511684011936,0.40653676,0.6274866145894934
2025-09-24 16:30:00,0.44805555231161387,0.4210006423377251,0.37264362737764267,0.45705327,0.621293297689803
2025-09-24 17:30:00,0.4307345858087992,0.411423955123213,0.3719993341738208,0.43459153,0.6215691085529519
2025-09-24 18:30:00,0.4398881317962261,0.36157696872608364,0.3810665697749626,0.47893846,0.6153348751310759
2025-09-24 19:30:00,0.44089777251007517,0.5043447615190781,0.37412926432666005,0.45056257,0.608498019572112
2025-09-25 13:30:00,0.22337485334705515,0.4268392045737616,0.3923873769449145,0.41344866,0.6536214401784964
2025-09-25 14:30:00,0.17789263537680455,0.4195613881601545,0.41890221701881125,0.523434,0.6525458318414171
2025-09-25 15:30:00,0.20145822807090774,0.37812996912922653,0.4202473557545665,0.49721995,0.6457895972140882
2025-09-25 16:30:00,0.24316809813562473,0.39753111920571566,0.4184577016044302,0.47646573,0.6410350458331886
2025-09-25 17:30:00,0.25152112099125523,0.3990210110479912,0.4224172676939769,0.46219283,0.63321092919551
2025-09-25 18:30:00,0.29962406938338354,0.3738721724997476,0.3851264929828642,0.41261253,0.6267393240252452
2025-09-25 19:30:00,0.2902127802067029,0.37409322749715623,0.3767404561962353,0.43555832,0.6209156670926249
2025-09-26 13:30:00,0.26200894082818454,0.34897453527234934,0.3788156156241221,0.49262154,0.6189990795881828
2025-09-26 14:30:00,0.196643059467358,0.4065708487375537,0.3870175010493271,0.46548977,0.6222899245716993
2025-09-26 15:30:00,0.4910134098996443,0.38174774282128404,0.3965913540373238,0.44096112,0.6168819584197037
2025-09-26 16:30:00,0.49394463573741565,0.3685931395483278,0.39859670565743244,0.4592442,0.6206824476383779
2025-09-26 17:30:00,0.4937964579580402,0.41976998368836893,0.40124335301365555,0.43076673,0.6132033771626961
2025-09-26 18:30:00,0.5121669573109007,0.3924972340641936,0.3918190567690591,0.41847923,0.6061481371051542
2025-09-26 19:30:00,0.5294870468046576,0.40105754178612657,0.3805524302484426,0.40730402,0.5994632228916925
2025-09-29 13:30:00,0.29453889704512554,0.345191975943276,0.42540023317310705,0.4885917,0.6655301995617156
2025-09-29 14:30:00,0.2705431552355592,0.44096362893666574,0.4538908690945129,0.5671926,0.6671195859637564
2025-09-29 15:30:00,0.29267236992496176,0.40958840188004125,0.4675888783906348,0.5696642,0.657318317309898
2025-09-29 16:30:00,0.27528148652498335,0.41499696655358803,0.451982310898556,0.54330844,0.6542871772645675
2025-09-29 17:30:00,0.29796113866193735,0.38618541569498466,0.4571308788279021,0.56154597,0.6512927160757537
2025-09-29 18:30:00,0.3326889738330047,0.4035962108584896,0.417989470283301,0.50908285,0.6473498689354963
2025-09-29 19:30:00,0.3995158348106715,0.36856740880177347,0.4148720216081182,0.4778799,0.6455388004126579
2025-09-30 13:30:00,0.44421442148069173,0.3529560911255127,0.42298003229062786,0.58046526,0.6410452411484839
2025-09-30 14:30:00,0.44728581362297504,0.3429894351597242,0.3985274909279527,0.4417897,0.6355671694655957
2025-09-30 15:30:00,0.419177973084053,0.2993683541009772,0.3966719307989365,0.4592442,0.6381324995355191
2025-09-30 16:30:00,0.39040893431851553,0.3523177112959668,0.4063248570199861,0.47074,0.6424333189695676
2025-09-30 17:30:00,0.3018654267876837,0.3109243253640565,0.4209480133489066,0.5149185,0.6574010174255487
2025-09-30 18:30:00,0.25614761173228967,0.33699415655658543,0.4392550687368826,0.6046199,0.6647856603100114
2025-09-30 19:30:00,0.2612320241088649,0.3342780803516403,0.4505259431947262,0.62736374,0.6589629675602903
2025-10-01 13:30:00,0.25295061253859474,0.3480264915962093,0.4480602526290355,0.5688834,0.6519026707894827
2025-10-01 14:30:00,0.24232325476568445,0.30239893092486986,0.4401689264922506,0.58765167,0.6474562990268233
2025-10-01 15:30:00,0.2263930258286246,0.34530562671334125,0.4241873220283342,0.48899043,0.6414359825625446
2025-10-01 16:30:00,0.22537221561525297,0.31140426351491346,0.41391859587905366,0.5440151,0.6413444382870324
2025-10-01 17:30:00,0.20345411186210913,0.34107036777614147,0.4152779774423129,0.5052974,0.6376945244584272
2025-10-01 18:30:00,0.20410471336264097,0.34585818385759753,0.4198829226819113,0.46623498,0.6302678018730904
2025-10-01 19:30:00,0.2424607517197611,0.3128682466467368,0.41610938533265684,0.47857267,0.6251948113752349
2025-10-02 13:30:00,0.24109535101292925,0.32592409694862495,0.41871852303608426,0.4774051,0.6177297957141177
2025-10-02 14:30:00,0.19025606846165788,0.3766046515004323,0.377098782449749,0.4005021,0.618960575729212
2025-10-02 15:30:00,0.3771911006367527,0.3266644001074815,0.37512820832905014,0.4031568,0.6132472042734486
2025-10-02 16:30:00,0.37753412279356136,0.3358493939807342,0.3770380289415345,0.405502,0.6071719382710665
2025-10-02 17:30:00,0.35699944179766335,0.33727744819402516,0.3759483602695134,0.42186576,0.6095448684699017
2025-10-02 18:30:00,0.4773369737605882,0.3589470734747391,0.384343899986906,0.4091258,0.6026355574875322
2025-10-02 19:30:00,0.47570649980903196,0.36886588828152234,0.3706565370958364,0.4026835,0.5968537450112286
2025-10-03 13:30:00,0.365147711587138,0.32900150854839144,0.39465395207560844,0.46289805,0.6302835515892116
2025-10-03 14:30:00,0.36596321056438275,0.3505028627758098,0.4161481987521908,0.4680827,0.6234175555574539
2025-10-03 15:30:00,0.4024509863991533,0.3568633337833758,0.40926230981256045,0.4825985,0.619439185310713
2025-10-03 16:30:00,0.2651022035351683,0.38759010792876186,0.42315728764058835,0.5989716,0.6469176727446412
2025-10-03 17:30:00,0.2818709868248689,0.34222423683758246,0.4409844463719498,0.49053365,0.6383371385173209
2025-10-03 18:30:00,0.25035661967954914,0.3662329265231052,0.4046138390027646,0.4560436,0.6361348751947062
2025-10-03 19:30:00,0.2438428130065924,0.409993312167275,0.4021259786337754,0.41762385,0.629176770599378
2025-10-06 13:30:00,0.16164772157611101,0.3025280682416136,0.40206158631308514,0.4121506,0.6346176607519163
2025-10-06 14:30:00,0.13359724037018614,0.3356444338066954,0.38806719311387006,0.4048543,0.6294857547143164
2025-10-06 15:30:00,0.10002317728143939,0.3197423665251136,0.38972771077041496,0.4106258,0.6249873140786647
2025-10-06 16:30:00,0.30983939118994885,0.3599955959867563,0.3885413064463118,0.42062935,0.6176609975828314
2025-10-06 17:30:00,0.33613667136681996,0.3302064531058979,0.38363342359952557,0.41550076,0.6105091494967679
2025-10-06 18:30:00,0.3399458141704029,0.37389329379784086,0.3643843305918883,0.3592364,0.605346560280084
2025-10-06 19:30:00,0.34320314475510055,0.33784581564278265,0.36316152890478604,0.36243987,0.5988096503197913
2025-10-07 13:30:00,0.3402000939462973,0.32888468583343106,0.35464728166906995,0.27849665,0.593146437881912
2025-10-07 14:30:00,0.18836595978381038,0.32888468583343106,0.3848432591150713,0.44205475,0.6186532651668676
2025-10-07 15:30:00,0.4326842506732502,0.32888468583343106,0.40164233027131113,0.48833865,0.6174981857510676
2025-10-07 16:30:00,0.43465519255939955,0.32888468583343106,0.4065419246198319,0.45834976,0.6128819248438587
2025-10-07 17:30:00,0.4315330608189232,0.32888468583343106,0.409928427856149,0.4680827,0.6067619177239845
2025-10-07 18:30:00,0.43310287754758975,0.32888468583343106,0.4085746049017974,0.43450114,0.5999337772469525
2025-10-07 19:30:00,0.42516777379789233,0.32888468583343106,0.378278693759563,0.39958757,0.5960043774927274
2025-10-08 13:30:00,0.10737170296408077,0.32888468583343106,0.4195072626643408,0.49583986,0.6495148653325351
2025-10-08 14:30:00,0.049992805367151893,0.32888468583343106,0.4296636981346834,0.49374542,0.6437665732663811
2025-10-08 15:30:00,0.27426155571867605,0.32888468583343106,0.4355862616993936,0.46215257,0.6351331069297088
2025-10-08 16:30:00,0.28070193321536124,0.32888468583343106,0.43230182378408505,0.48241657,0.6273555480134261
2025-10-08 17:30:00,0.2821727455394593,0.32888468583343106,0.41468585055883855,0.4065032,0.6195323530973723
2025-10-08 18:30:00,0.3595270301040414,0.32888468583343106,0.3616820524036787,0.31227928,0.6121008056239264
2025-10-08 19:30:00,0.362692988145037,0.32888468583343106,0.3480779803790357,0.28979787,0.6051402789069021
2025-10-09 13:30:00,0.2631106804638195,0.32888468583343106,0.3776453532144106,0.4051198,0.624453409841909
2025-10-09 14:30:00,0.2723796420716654,0.32888468583343106,0.3891964666331794,0.4166141,0.6184790655217323
2025-10-09 15:30:00,0.34053650446926487,0.32888468583343106,0.3911796718852627,0.41869262,0.6113967812912653
2025-10-09 16:30:00,1.5392538278514223,0.32888468583343106,0.3954639247232691,0.39508623,0.6220820714368692
2025-10-09 17:30:00,1.5439632763948974,0.32888468583343106,0.41056597546196016,0.45362625,0.6154298350374968
2025-10-09 18:30:00,1.5641693935860612,0.32888468583343106,0.3915482648979944,0.46603844,0.6119344163739803
2025-10-09 19:30:00,1.564380560156165,0.32888468583343106,0.3942035625479209,0.4417897,0.6084111704952251
2025-10-10 13:30:00,1.6211679258565912,0.32888468583343106,0.4039469691324341,0.46626782,0.6168394220424951
2025-10-10 14:30:00,0.7201451926033318,0.32888468583343106,0.7276495717626971,0.4504817,1.1743205653918045
2025-10-10 15:30:00,1.374528715017605,0.32888468583343106,0.8394427435017526,0.88358974,1.1471510288954923
2025-10-10 16:30:00,1.3768696794193747,0.32888468583343106,0.8351806228907875,0.92100906,1.131958263524749
2025-10-10 17:30:00,1.377904126325152,0.32888468583343106,0.8494775885909415,0.75203574,1.1051604998529967
2025-10-10 18:30:00,1.2953881799902593,0.32888468583343106,0.8436534245582834,0.9237487,1.121756673234806
2025-10-10 19:30:00,1.2246242644588465,0.32888468583343106,0.7097634421388698,0.8376037,1.1313035793354869
2025-10-13 13:30:00,0.37450660573792716,0.32888468583343106,0.8419191514454524,0.6831193,1.350015911996092
2025-10-13 14:30:00,0.248236502073181,0.32888468583343106,0.9122271555381665,0.79718554,1.3264562969691605
2025-10-13 15:30:00,0.53950797052879,0.32888468583343106,0.9265683264568589,0.7463137,1.2927832359037936
2025-10-13 16:30:00,0.536899599717025,0.32888468583343106,0.9180565212278806,0.6804059,1.2585678875769926
2025-10-13 17:30:00,0.7944784183140208,0.32888468583343106,0.9013901592681004,0.68852043,1.227763277433355
2025-10-13 18:30:00,0.8180851146526391,0.32888468583343106,0.7577279203018015,0.5951147,1.2005587595942497
2025-10-13 19:30:00,0.8180753439007984,0.32888468583343106,0.7480069908728207,0.49222636,1.169358253923674
2025-10-14 13:30:00,0.6548116416374261,0.3972545434351742,0.7717056045852962,0.59629756,1.1848051159134005
2025-10-14 14:30:00,0.7621348560602783,0.39725454343350075,0.8070601748913784,0.55845356,1.1540110851090637
2025-10-14 15:30:00,1.20868471991686,0.3972545434507198,0.820598076621762,0.77093697,1.191945943045729
2025-10-14 16:30:00,1.214515724503379,0.39725454343934513,0.8565556600285973,0.7835025,1.1733171602194992
2025-10-14 17:30:00,1.2549828775531433,0.397254543432686,0.8726692919832404,0.677905,1.1431152851037674
2025-10-14 18:30:00,1.4426227493540382,0.39725454343393185,0.8442224307732156,0.5908699,1.1142809815433912
2025-10-14 19:30:00,1.4832590826208156,0.39725454347743394,0.8411060972273157,0.83527476,1.1163014163171068
2025-10-15 13:30:00,0.9933161670219481,0.3972545435039497,0.9165443299527094,1.0543073,1.313547980120777
2025-10-15 14:30:00,0.9527380790072164,0.3972545434387105,0.9887249538949032,1.0866721,1.291794938057102
2025-10-15 15:30:00,0.9400736622556919,0.3972545434413416,0.8771737270991518,0.83126503,1.2745493703093171
2025-10-15 16:30:00,0.6348966593007318,0.3972545434663544,0.9032475785896439,0.7848157,1.3271108298373981
2025-10-15 17:30:00,0.6208847302968961,0.39725454345031347,0.936967271595669,0.91748273,1.3362981822641717
2025-10-15 18:30:00,0.6204258252881742,0.3972545434338406,0.886613437721358,0.6540984,1.3041743373022323
2025-10-15 19:30:00,0.9914705922890841,0.39725454343584954,0.8773889242779167,0.6721447,1.2693164648241502
2025-10-16 13:30:00,0.9550964063158921,0.39725454344086364,0.8490463842746457,0.77373946,1.248987826797709
2025-10-16 14:30:00,0.977430111001559,0.39725454343531585,0.724613930158078,0.76039916,1.2208310208169475
2025-10-16 15:30:00,0.8735911045151673,0.39725454343774086,0.7055560505411106,0.65255994,1.2344651015319401
2025-10-16 16:30:00,0.9644032898329274,0.3972545434333334,0.735305979422133,0.6544749,1.206225916710312
2025-10-16 17:30:00,0.8010034868308064,0.3972545434859649,0.7824481952956255,0.72283,1.2814395550621203
2025-10-16 18:30:00,0.8481344341939083,0.3972545434327162,0.8340547262639861,0.74652284,1.248203155868473
2025-10-16 19:30:00,0.9578405936019765,0.3972545434330617,0.82465632005298,0.820274,1.2277912049185384
2025-10-17 13:30:00,0.9282488015645941,0.39725454364645724,0.8125379797934775,0.83804893,1.2065695658385172
2025-10-17 14:30:00,0.8280247989321072,0.3972545434386826,0.8087142205083623,0.8045896,1.2100027399952722
2025-10-17 15:30:00,1.0819712845805642,0.39725454347958544,0.7896325941302624,0.8654458,1.2346878272243835
2025-10-17 16:30:00,1.0469590575681282,0.3972545434346232,0.8039062701903887,0.830663,1.2172249430377602
2025-10-17 17:30:00,0.9094548924827679,0.3972545434998622,0.8148805776169161,0.84006745,1.2338891611400775
2025-10-17 18:30:00,0.9141422480536194,0.3972545434501971,0.8473799690229163,0.74250567,1.2022807093608725
2025-10-17 19:30:00,0.9064354374135558,0.39725454355068757,0.8274058927856074,0.7965003,1.1736305503248718
2025-10-20 13:30:00,0.1599400250616404,0.39725454345837696,0.8412536705478029,0.77817506,1.286582136107875
2025-10-20 14:30:00,0.14329237604616335,0.3972545434325124,0.830936117569304,0.7770822,1.2537132496499104
2025-10-20 15:30:00,0.17303688933499087,0.39725454343243555,0.809829454273618,0.72884244,1.220407719378997
2025-10-20 16:30:00,0.23075741572863231,0.3972545434324969,0.7965045626677778,0.7870156,1.190870207885307
2025-10-20 17:30:00,0.2526906566523811,0.39725454343508554,0.7688256737604953,0.68726575,1.1600206619066906
2025-10-20 18:30:00,0.29411195734866175,0.39725454343261646,0.626842133868918,0.69170517,1.1301528583372535
2025-10-20 19:30:00,0.303239181021307,0.39725454344447386,0.6186289239730232,0.65416396,1.1022068614337763
2025-10-21 13:30:00,0.2922145456532655,0.49083046045693435,0.6215215657862565,0.7111298,1.076378924080537
2025-10-21 14:30:00,0.24017780286571208,0.49083045993233637,0.6202833363488268,0.637994,1.0573410014272098
2025-10-21 15:30:00,0.34467696622647814,0.49083045896888733,0.6298847937470445,0.6284661,1.0337323282811353
2025-10-21 16:30:00,0.3893711024693232,0.4908304588660121,0.6160424666079232,0.6029113,1.0135076622911285
2025-10-21 17:30:00,0.3779584641000414,0.4908304591418915,0.6208278128068205,0.59027463,0.9912726151542215
2025-10-21 18:30:00,0.4986870376230572,0.49083045913223644,0.5742276584379429,0.56473875,0.9684041520115781
2025-10-21 19:30:00,0.49023334056390616,0.4908304556675309,0.5622471961057673,0.55411017,0.9479895817320612
2025-10-22 13:30:00,0.48671929335896136,0.4908304426189779,0.5654684433024412,0.5431263,0.9431755319135929
2025-10-22 14:30:00,0.42929741334680227,0.4908304426438581,0.575240456102229,0.5496982,0.9346499775874485
2025-10-22 15:30:00,0.4895558238753556,0.49083044394658015,0.5732828953363646,0.53280336,0.9135860704041405
2025-10-22 16:30:00,0.3739604229225848,0.4908304394373303,0.5494913252511336,0.6002433,0.9193764836792171
2025-10-22 17:30:00,0.3794264181344456,0.4908304367205174,0.5643819333494158,0.56876826,0.898989749755855
2025-10-22 18:30:00,0.2817802232238465,0.4908304370669266,0.5241553835765067,0.6267867,0.8961914188759937
2025-10-22 19:30:00,0.35312882877483887,0.4908304366658485,0.531648255175343,0.5671976,0.877194183907835
2025-10-23 13:30:00,0.2611105666217241,0.4908304364730734,0.530949902057719,0.58497214,0.8724575193824352
2025-10-23 14:30:00,0.2733291557752618,0.4908304368652568,0.4209496623964091,0.460136,0.8559551179698546
2025-10-23 15:30:00,0.8106815066049677,0.49083043383694663,0.42294190102678086,0.4967396,0.8392469151138022
2025-10-23 16:30:00,0.8325795801693304,0.49083043322399417,0.4078560702170059,0.45931298,0.8230872172090793
2025-10-23 17:30:00,0.8038512551729031,0.49083042783493536,0.41285063482840967,0.5277557,0.8193615784816283
2025-10-23 18:30:00,0.8042446040983489,0.49083042810679123,0.41531589860766066,0.5352653,0.8027401075888414
2025-10-23 19:30:00,0.7946140656275229,0.4908304284098687,0.4098368908089548,0.52710557,0.7911571064935793
2025-10-24 13:30:00,0.20848082746196325,0.4908304347089373,0.5231450626126096,0.48584807,0.9268302988805968
2025-10-24 14:30:00,0.17456687433375,0.49083042703116125,0.577588739144152,0.58866847,0.9156158700006416
2025-10-24 15:30:00,0.8869805435152428,0.49083042424256224,0.5824247052383651,0.5811509,0.8954011157555504
2025-10-24 16:30:00,0.8879193721226244,0.4908304224349517,0.5823380538168093,0.5869497,0.8757940305640767
2025-10-24 17:30:00,0.888007581991549,0.49083042075511485,0.5789319269370664,0.61482245,0.8568856535306636
2025-10-24 18:30:00,0.887987650558451,0.4908304206591096,0.48072358911046,0.4415677,0.8387168882132702
2025-10-24 19:30:00,0.8741948583401639,0.4908304210607453,0.46482737727328494,0.48181304,0.8286718861747635
2025-10-27 13:30:00,0.09754039153243305,0.4908304207517981,0.5991097497516675,0.5231374,0.9951306097642516
2025-10-27 14:30:00,0.16258088235017426,0.4908304210204371,0.6618233226775074,0.5293247,0.9719340993572725
2025-10-27 15:30:00,0.21262745914223105,0.4908304209741138,0.6591253313700969,0.5385983,0.9492126495364032
2025-10-27 16:30:00,0.22975227318447747,0.49083042091945805,0.6599995202204496,0.54251945,0.9273059023260954
2025-10-27 17:30:00,0.24129691209885712,0.4908304209435925,0.6436028990357708,0.5424187,0.9071184590193981
2025-10-27 18:30:00,0.2639721685362815,0.4908304209684409,0.514879485620783,0.3118226,0.887632678904501
2025-10-27 19:30:00,0.27084407213901973,0.4908304211498719,0.5139482005202688,0.41418418,0.8730111676401209
2025-10-28 13:30:00,0.25055000162799723,0.5248218158487008,0.5238220929842472,0.49471736,0.85905171833442
2025-10-28 14:30:00,0.3419487127764308,0.5287826871852106,0.5262394978012644,0.48492682,0.842752770898755
2025-10-28 15:30:00,0.4386372241492341,0.5163444475171928,0.5275168041426831,0.49073267,0.8275329577464708
2025-10-28 16:30:00,0.43281026007240525,0.5226857260464844,0.5300220145900538,0.5577296,0.8144731475470903
2025-10-28 17:30:00,0.4061263753380901,0.5174535772853569,0.5303232367905109,0.5040494,0.8043085614514309
2025-10-28 18:30:00,0.40308630951498836,0.5178847235867774,0.527986305061437,0.49073267,0.7907040467659701
2025-10-28 19:30:00,0.31750147627348535,0.5226730203565422,0.5361111885416873,0.5460419,0.7925409965614084
2025-10-29 13:30:00,0.39679835381913797,0.508492400017584,0.5551880554606983,0.5947714,0.8004887927824066
2025-10-29 14:30:00,0.4722370976538907,0.5250519099195846,0.5105419149319769,0.5298044,0.7872943830964872
2025-10-29 15:30:00,0.732373339676653,0.5133663882967622,0.5075905687023056,0.49504176,0.7721853989962422
2025-10-29 16:30:00,0.7536637735546156,0.5265525125256223,0.5030043251865988,0.48579186,0.7593540135804533
2025-10-29 17:30:00,0.7538130691530411,0.5303569487862622,0.4942966046120875,0.48572284,0.745348847426008
2025-10-29 18:30:00,0.6580834533166836,0.535438454972984,0.49306015927097024,0.4950977,0.7729566099921804
2025-10-29 19:30:00,0.6353392515792199,0.5222813027720534,0.5222967716499446,0.52894795,0.7796565844395239
2025-10-30 13:30:00,0.3859747956391323,0.5417487941460865,0.570726395602397,0.6645831,0.8497809680255853
2025-10-30 14:30:00,0.3850063913679297,0.5199699630033662,0.5244198450473744,0.5547462,0.841756138491179
2025-10-30 15:30:00,0.6159879467257596,0.5247701468377798,0.5388774365709129,0.5780195,0.8242814771839644
2025-10-30 16:30:00,0.615295736885621,0.5316989675153214,0.5187882616530619,0.5215974,0.8090648101806285
2025-10-30 17:30:00,0.6451616759065724,0.5291698250990446,0.509520037218328,0.53418845,0.8053540994329309
2025-10-30 18:30:00,0.6645324459695178,0.5266537535784747,0.4725565543971795,0.4865785,0.8055626398275114
2025-10-30 19:30:00,0.7358465935536521,0.5502809195570052,0.4808487832037613,0.4991655,0.7997157667177298
2025-10-31 13:30:00,0.6158815686717403,0.5154800140874031,0.5198084835711116,0.56462044,0.8460714070458673
2025-10-31 14:30:00,0.6869302393852424,0.5202054548229342,0.5524306907483928,0.5571779,0.8296775100425421
2025-10-31 15:30:00,0.6618753241345666,0.5321512277931544,0.5475426267282412,0.6071143,0.8347209110529851
2025-10-31 16:30:00,0.6387205677279086,0.531946768766735,0.558625203844337,0.5978359,0.8397752978363097
2025-10-31 17:30:00,0.5305730651960621,0.513244935835203,0.5764335623316096,0.717425,0.8579354722074417
2025-10-31 18:30:00,0.4782927571510401,0.511249339596051,0.5700302243608537,0.5957537,0.857584635004272
2025-10-31 19:30:00,0.3660497269652829,0.5565823457387122,0.5864280506124645,0.5873804,0.8644438165833991
2025-11-03 14:30:00,0.29137182694295666,0.5308927520626701,0.5886225993239818,0.5731919,0.8586269589526122
2025-11-03 15:30:00,0.17791301643303348,0.5173170242833665,0.580934232039429,0.580774,0.8544192870916156
2025-11-03 16:30:00,0.6119807908374256,0.5201768597370758,0.5740170633228383,0.59065884,0.8390540693359753
2025-11-03 17:30:00,0.6205480247477208,0.5213545163763709,0.5646358863259057,0.59715515,0.8260220432000508
2025-11-03 18:30:00,0.6459739734780249,0.5263773512933926,0.5519228378250117,0.5287089,0.8099025398249822
2025-11-03 19:30:00,0.6918568493590214,0.5277280597707538,0.5424575935999264,0.5184806,0.7937724689647108
2025-11-03 20:30:00,0.7080566627719879,0.5262014404303259,0.5083368895470688,0.50004894,0.7785783649188139
2025-11-04 14:30:00,0.38790767111231955,0.5801462633126545,0.5607577291030513,0.51210356,0.8589515591490184
2025-11-04 15:30:00,0.36285776297555966,0.5718644378943224,0.5702684564007499,0.6111155,0.8477227259754543
2025-11-04 16:30:00,0.43923008848072537,0.5734749868683308,0.5723493824489594,0.58869064,0.8391130744308734
2025-11-04 17:30:00,0.3832755210210959,0.5765596218582857,0.5810704137588276,0.5784668,0.8379293804472462
2025-11-04 18:30:00,0.43569600946670833,0.561064757788028,0.5934121893314798,0.6472016,0.8268687365056941
2025-11-04 19:30:00,0.4361666499210972,0.5564529701063547,0.5446189943251878,0.5310689,0.8105842625469586
2025-11-04 20:30:00,0.42741640445548396,0.5759649498958087,0.5317480471482657,0.54472876,0.7966408146196603
2025-11-05 14:30:00,0.3011210887284678,0.5494337025690162,0.5321646217702186,0.59434164,0.8075228332922967
2025-11-05 15:30:00,0.43111170205336785,0.5596950644583301,0.5157935675250178,0.5535708,0.795727948759817
2025-11-05 16:30:00,0.5574444801529089,0.5518104801454627,0.5200026221578073,0.62095284,0.7986256477630616
2025-11-05 17:30:00,0.7240095503977866,0.561720159431026,0.5285728555018409,0.517152,0.7836767374686707
2025-11-05 18:30:00,0.7729212813763192,0.5514929520301327,0.5197866459406064,0.5150424,0.7688168131969687
2025-11-05 19:30:00,0.7969380029853087,0.5745193265841985,0.4801492900185498,0.48506197,0.7556259098970652
2025-11-05 20:30:00,0.8099211113055856,0.5554425217530696,0.4844013847411537,0.54106945,0.7737598645475148
2025-11-06 14:30:00,0.7000043598234618,0.5842758904832359,0.5075518668172749,0.5482727,0.8124564965623646
2025-11-06 15:30:00,0.6080364436027812,0.5792982860848903,0.5512908063217936,0.67079407,0.8534832349782754
2025-11-06 16:30:00,0.8436936072207014,0.569585996973676,0.5776596858116577,0.70065963,0.8546020726609903
2025-11-06 17:30:00,0.942419656437614,0.5489986307277694,0.5905805467568531,0.64435023,0.8474310497378091
2025-11-06 18:30:00,0.8770265806964099,0.5426993857335533,0.5912485385212063,0.6399284,0.8636676157202969
2025-11-06 19:30:00,0.9008856132033979,0.5619962918336034,0.5921878030006346,0.5975541,0.8518313278770157
2025-11-06 20:30:00,0.8630720938239245,0.5896111923033132,0.5737057896158908,0.62018,0.8586592106619961
2025-11-07 14:30:00,0.6624152582028253,0.5871152210196054,0.622399341678343,0.63161427,0.9425092043430147
2025-11-07 15:30:00,0.5776883271719049,0.5690466705646161,0.6419766884033207,0.59466636,0.9713471967015346
2025-11-07 16:30:00,1.3057916377631409,0.5494963448777643,0.6594850292155009,0.562062,0.9514965340476806
2025-11-07 17:30:00,1.3693375350498254,0.5666955544652214,0.6539829959728987,0.6093848,0.9453908184678577
2025-11-07 18:30:00,1.3876196704174677,0.5661365512257016,0.6523497496135645,0.6197294,0.9305325643901956
2025-11-07 19:30:00,1.3795500972732593,0.5413908732760251,0.6130811427629405,0.6264801,0.9354554106477869
2025-11-07 20:30:00,1.3515591364146644,0.5442547310784929,0.6080780542094751,0.64560676,0.9408084509836628
2025-11-10 14:30:00,0.6697590779207336,0.5313846176836015,0.7603744622439302,0.5325483,1.2043616079915147
2025-11-10 15:30:00,0.45869675070524374,0.5829936150599919,0.8377950101008549,0.7991924,1.2164068928217258
2025-11-10 16:30:00,0.45367777412036725,0.5580561642345303,0.862149893640699,0.7679076,1.1990342209184066
2025-11-10 17:30:00,0.34417418228767305,0.5514354812030178,0.8609690094348206,0.7415573,1.183988960056519
2025-11-10 18:30:00,0.3805273269556717,0.5561113056221499,0.8671853729959818,0.8199297,1.1601457624751286
2025-11-10 19:30:00,0.4633844316953961,0.5617741342594336,0.7636362382420212,0.7252035,1.1313642459313296
2025-11-10 20:30:00,0.4645005377350098,0.5431763141868374,0.7346122753810885,0.569993,1.1024820466084364
2025-11-11 14:30:00,0.3765099382644354,0.6415214268273315,0.7086804871226142,0.6492768,1.089860719306811
2025-11-11 15:30:00,0.3760108555643727,0.6415214268273315,0.6994652822253622,0.4940048,1.0626082940991455
2025-11-11 16:30:00,0.2835510559241548,0.6415214268273315,0.6760403477804028,0.5154718,1.0495669740433358
2025-11-11 17:30:00,0.13294258918288182,0.6415214268273316,0.6879354500942642,0.5568995,0.980637662934674
2025-11-11 18:30:00,0.1292797283386439,0.6415214268273315,0.7057649436350864,0.58582604,0.9652352356939925
2025-11-11 19:30:00,0.19520166856679996,0.6415214268273315,0.6821615762650319,0.5981544,0.9502237224032919
2025-11-11 20:30:00,0.22500226137682494,0.6415214268273315,0.6827671414501358,0.62078065,0.93542421149181
2025-11-12 14:30:00,0.237357984641751,0.6415214268273315,0.6430387845756256,0.5939399,0.921313085584251
2025-11-12 15:30:00,0.20781019797205466,0.6415214268273315,0.583724740501123,0.8429987,0.9091584650246455
2025-11-12 16:30:00,0.6708620045390656,0.6415214268273315,0.5752589114319053,0.50480014,0.895384805922648
2025-11-12 17:30:00,0.8075469459457809,0.6415214268273315,0.5759212388873898,0.51207274,0.8853306448912478
2025-11-12 18:30:00,0.8002379719804195,0.6415214268273315,0.5797467594041213,0.5274168,0.8740518721669085
2025-11-12 19:30:00,0.9177957318662838,0.6415214268273315,0.5820010550287564,0.50368625,0.862380069414695
2025-11-12 20:30:00,0.9238000506298529,0.6415214268273315,0.574842232455529,0.486099,0.8497858791686379
2025-11-13 14:30:00,0.7260167986822057,0.6415214268273315,0.6257457524800532,0.5093727,0.8997349219785965
2025-11-13 15:30:00,0.5535410917389239,0.6415214268273315,0.5622859894347396,0.6497218,0.9192347483556289
2025-11-13 16:30:00,0.6473693372635436,0.6415214268273315,0.5713075307644532,0.5982316,0.9053144446375689
2025-11-13 17:30:00,0.823781999698322,0.6415214268273315,0.5711301527654472,0.61160684,0.9223719716025099
2025-11-13 18:30:00,0.8227498788511718,0.6415214268273315,0.592021179734652,0.51325256,0.9098828830840534
2025-11-13 19:30:00,0.8230439631435736,0.6415214268273315,0.5489851763096387,0.61779875,0.9079549236339434
2025-11-13 20:30:00,0.8312327667558144,0.6415214268273315,0.5371570113124381,0.5501688,0.894780169674162
2025-11-14 14:30:00,0.7868747021279402,0.6415214268273315,0.5431137987888678,0.6073618,0.8982937344251901
2025-11-14 15:30:00,0.40047955581484757,0.6415214268273316,0.5831225093941013,0.5988987,0.9526582627482685
2025-11-14 16:30:00,0.38888137438991704,0.6415214268273316,0.6306306243254416,0.5535839,0.9391299598043136
2025-11-14 17:30:00,0.35476372035316067,0.6415214268273315,0.617320190057825,0.59587747,0.9361830259670627
2025-11-14 18:30:00,0.42791882456930597,0.6415214268273316,0.6256039191029756,0.6071593,0.9242385800712635
2025-11-14 19:30:00,0.655518558355711,0.6415214268273315,0.6160132268199997,0.6456634,0.9161431423370607
2025-11-14 20:30:00,0.7772264575509615,0.6415214268273316,0.5593741417927262,0.5582259,0.9037559055780813
2025-11-17 14:30:00,0.8387792488955048,0.6415214268273315,0.5643639326232469,0.51490074,0.8901458594474194
2025-11-17 15:30:00,0.8566543891961865,0.6415214268273315,0.5458223595051224,0.53718716,0.8852434560528295
2025-11-17 16:30:00,1.2858712138272599,0.6415214268273316,0.5606473101519364,0.5394521,0.8833654582155571
2025-11-17 17:30:00,1.2277511178280087,0.6415214268273315,0.6023589075305149,0.60989547,0.913171864182947
2025-11-17 18:30:00,1.2339825376310516,0.6415214268273315,0.6443946700460761,0.72982025,0.9262183303374513
2025-11-17 19:30:00,1.389517866735599,0.6415214268273315,0.6706763998313757,0.5826312,0.9264210794203557
2025-11-17 20:30:00,1.3595360445326232,0.6415214268273315,0.6814180803198288,0.6259093,0.9246530578441118
2025-11-18 14:30:00,0.9273304964888424,0.6351486207642753,0.7666045098047036,0.5241242,1.0455282455406452
2025-11-18 15:30:00,0.9146717308013107,0.6351486207642753,0.7890134684651791,0.7703347,1.0466275574389814
2025-11-18 16:30:00,1.2186132222930088,0.6351486207642753,0.7828428060941334,0.7544266,1.055036635877194
2025-11-18 17:30:00,1.1767864770886298,0.6351486207642753,0.820500662008479,0.586824,1.1007868429732097
2025-11-18 18:30:00,1.1820782897816275,0.6351486207642753,0.854505094106439,0.5254255,1.0828239326781524
2025-11-18 19:30:00,1.1797881332893605,0.6351486207642753,0.7795488641821786,0.60529107,1.0655750297450055
2025-11-18 20:30:00,1.143309919876108,0.6351486207642753,0.7584773110527054,0.6835744,1.0629547302652942
2025-11-19 14:30:00,0.8781102503803958,0.6351486207642753,0.8145309821917662,0.67111784,1.1482286147787886
2025-11-19 15:30:00,0.6163738721409199,0.6351486207642753,0.8463751434586598,0.85819453,1.1757027733074754
2025-11-19 16:30:00,1.9186552293022514,0.6351486207642753,0.8625338935229698,0.78138286,1.1574056545240403
2025-11-19 17:30:00,2.178584311467799,0.6351486207642753,0.8699429872161255,0.7529421,1.137738909447321
2025-11-19 18:30:00,2.58671434018191,0.6351486207642753,0.8481162627357568,0.90924793,1.122513910026488
2025-11-19 19:30:00,2.530189372869742,0.6351486207642753,0.7901602399440556,0.8686098,1.140615038334291
2025-11-19 20:30:00,2.556920356835623,0.6351486207642753,0.778701605716204,0.6814128,1.1232219749823524
2025-11-20 14:30:00,1.79878209085918,0.6351486207642753,1.0249468128738515,0.40761945,1.4494022052992437
2025-11-20 15:30:00,1.5762809153416033,0.6351486207642753,1.1758027539358022,1.5472995,1.5193053315087224
2025-11-20 16:30:00,0.7160770522179164,0.6351486207642753,1.2881181279054696,1.3887228,1.6583837448637775
2025-11-20 17:30:00,0.8239479880301411,0.6351486207642753,1.3765796708816942,2.0865445,1.6294508280752567
2025-11-20 18:30:00,0.991784312185404,0.6351486207642753,1.3572743586795144,2.2724836,1.6118367392944422
2025-11-20 19:30:00,1.0306659068768522,0.6351486207642753,1.2437615144334873,1.3305696,1.5832711599058398
2025-11-20 20:30:00,1.2392164637406091,0.6351486207642753,1.1790157870528652,1.4198645,1.5807047141448967
2025-11-21 14:30:00,1.4182723066198382,0.6351486207642753,1.0682336013555909,1.214646,1.5521443642685153
2025-11-21 15:30:00,1.3523481823433365,0.6351486207642753,1.0285640509033929,1.7278262,1.5400391063783754
2025-11-21 16:30:00,1.5246344216128935,0.6351486207642753,1.0497213549359723,1.4956055,1.5514043211084838
2025-11-21 17:30:00,1.537183449827616,0.6351486207642753,1.0817897407817407,1.660168,1.5310378390707016
2025-11-21 18:30:00,1.2554039873949574,0.6351486207642753,1.0812929379070055,1.0128251,1.5710457337878012
2025-11-21 19:30:00,1.0562496956472769,0.6351486207642753,1.144588985978844,1.2669207,1.583139779045398
2025-11-21 20:30:00,1.053843351022819,0.6351486207642753,1.1821825020340315,1.1734084,1.5545136470799703
2025-11-24 14:30:00,0.39723551196105034,0.6351486207642753,1.169906149567208,1.5606338,1.6067187315712639
2025-11-24 15:30:00,0.16092495227977366,0.6351486207642753,1.1954357285772867,1.3908371,1.5880893904338271
2025-11-24 16:30:00,0.16136250508364575,0.6351486207642753,1.1592672818235206,1.09774,1.5588499866525551
2025-11-24 17:30:00,0.28108106265603966,0.6351486207642753,1.1163296806449545,1.6044837,1.5321143011671352
2025-11-24 18:30:00,0.5132597652566884,0.6351486207642753,1.124486831560725,1.4383073,1.5041698616115877
2025-11-24 19:30:00,0.5237860805965674,0.6351486207642753,1.0148534053298088,1.0047057,1.4766731281417502
2025-11-24 20:30:00,0.5337848772666408,0.6351486207642753,0.9621266356649635,0.98122585,1.4498103209813926
2025-11-25 14:30:00,0.5607158352096088,0.7073180672566353,0.9604390322141529,0.97182286,1.4236137656879293
2025-11-25 15:30:00,0.49433125132564415,0.70731806629335,0.8285572352207565,0.6087613,1.4050432383831415
2025-11-25 16:30:00,0.5216159462710324,0.7073180583336296,0.8140687461831655,0.65739167,1.3975461502326865
2025-11-25 17:30:00,0.6212463987668367,0.7073180559049901,0.7362426640488502,0.61433285,1.3734533167487741
2025-11-25 18:30:00,0.6153226297506076,0.7073180559758462,0.737188954122588,0.6245978,1.349913841271306
2025-11-25 19:30:00,0.5904118405806547,0.707318057261283,0.72879725534252,0.6339537,1.3288886515913878
2025-11-25 20:30:00,0.5860540571190473,0.7073180522433677,0.7249958266960744,0.61678886,1.305823936745623
2025-11-26 14:30:00,0.359812239612613,0.7073180443719252,0.6924969475859079,0.56425273,1.3046930262821352
2025-11-26 15:30:00,0.240605370137515,0.7073180386824239,0.7253152639225064,0.76444596,1.2944839440071396
2025-11-26 16:30:00,0.381915270267326,0.7073180379738234,0.7362273604940881,0.7131793,1.2720115651006376
2025-11-26 17:30:00,0.38702339168460315,0.7073180380351793,0.7054104765560933,0.7366425,1.2497333371226487
2025-11-26 18:30:00,0.38730818067377976,0.7073180367217321,0.6988605434778419,0.7384031,1.227932623018785
2025-11-26 19:30:00,0.532070383940912,0.7073180333268824,0.6042533174091335,0.5307541,1.2065918071990525
2025-11-26 20:30:00,0.5134160529292038,0.7073180361613882,0.5305823970833983,0.4567731,1.1916837281465928
2025-11-28 14:30:00,0.43660638529113727,0.7073179897872491,0.5561210563562392,0.5149094,1.1815104803151835
2025-11-28 15:30:00,0.4368290036173296,0.7073179912329982,0.481172758996133,0.48858476,1.1617485101891525
2025-11-28 16:30:00,0.5160680678089666,0.7073179703338127,0.46830124123269923,0.45791644,1.1419894315272865
2025-12-01 14:30:00,0.3654659240492068,0.7073179696160684,0.48211695897087903,0.56480205,1.1382622751749452
2025-12-01 15:30:00,0.3231015642497318,0.7073179710764854,0.494729369792017,0.5311923,1.1229768686126187
2025-12-01 16:30:00,0.35040283757610574,0.7073179720600014,0.48745328752985545,0.51735055,1.106287491167737
2025-12-01 17:30:00,0.413786969200987,0.7073179679587491,0.4934335087254266,0.5203495,1.0883286198059363
2025-12-01 18:30:00,0.47156121163624526,0.707317970295991,0.4991461351728463,0.5375824,1.0796144580130986
2025-12-01 19:30:00,0.5139826149680173,0.7073179700795637,0.4939734731221843,0.49253464,1.0617481667890218
2025-12-01 20:30:00,0.5121033431373073,0.7073179640612182,0.4747125304735377,0.50259674,1.0448392199968006
2025-12-02 14:30:00,0.5019665102714823,0.7073179599917496,0.45111910495962776,0.4822522,1.0325231706726012
2025-12-02 15:30:00,0.47050743349167834,0.7073179483707387,0.46414314403396667,0.49432832,1.0226595016125346
2025-12-02 16:30:00,0.30821523371767345,0.7073179481393137,0.47793214676945567,0.54536515,1.0227616643541677
2025-12-02 17:30:00,0.2520100031714861,0.7073179501454517,0.498534164213325,0.539422,1.0117522648923232
2025-12-02 18:30:00,0.30077663011806477,0.7073179427142614,0.5101544647473404,0.5459821,0.9958073313889532
2025-12-02 19:30:00,0.2575927417664121,0.7073179419060163,0.47654553638426383,0.5165659,0.9835115683064125
2025-12-02 20:30:00,0.21802347019154253,0.7073179426238443,0.4586423691865198,0.5422226,0.9709916946122472
2025-12-03 14:30:00,0.21786621054418728,0.7073179422043745,0.44037660818260427,0.48828328,0.955800882134476
2025-12-03 15:30:00,0.21824771026115686,0.7073179422375084,0.4263283786934934,0.46921915,0.9423690986149372
2025-12-03 16:30:00,0.13792503778655202,0.7073179423823615,0.4330933836521421,0.47259623,0.931988088002973
2025-12-03 17:30:00,0.13294429679609499,0.7073179423097398,0.4357485251807613,0.43122968,0.9180145980320049
2025-12-03 18:30:00,0.15320179255861135,0.695052111220482,0.42147590788751627,0.47740322,0.9045624261220385
2025-12-03 19:30:00,0.17862360641206032,0.695052111220482,0.4110866422617915,0.460888,0.8910103850964493
2025-12-03 20:30:00,0.39318216684809376,0.695052111220482,0.40602468161112204,0.49256238,0.8793211667167348
2025-12-04 14:30:00,0.40072681099753504,0.695052111220482,0.39825757135628204,0.4632428,0.8664379096274621
2025-12-04 15:30:00,0.46644144926708403,0.695052111220482,0.3765193938658734,0.4416291,0.8539278282406618
2025-12-04 16:30:00,0.6826233796385823,0.695052111220482,0.37095450019150444,0.4407025,0.8430482784310193
2025-12-04 17:30:00,0.7318414743651901,0.695052111220482,0.3738049907657284,0.44303507,0.8324135461888007
2025-12-04 18:30:00,0.6394311776285904,0.695052111220482,0.4094499741013048,0.4551743,0.8419185323963235
2025-12-04 19:30:00,0.6561158922894452,0.695052111220482,0.42238240492985485,0.49699312,0.8309553914453314
2025-12-04 20:30:00,0.6167609580756357,0.695052111220482,0.43005004104580324,0.5048398,0.8285521091687281
2025-12-05 14:30:00,0.35005734608297395,0.695052111220482,0.48087769302106953,0.49378267,0.8577446338377633
2025-12-05 15:30:00,0.2153455669183077,0.695052111220482,0.5126309482828585,0.62431365,0.8575595908566097
2025-12-05 16:30:00,0.25515292439914267,0.695052111220482,0.5068682826857054,0.4771167,0.8461493755255766
2025-12-05 17:30:00,0.20279269435572672,0.695052111220482,0.489710058171966,0.5251052,0.8385030152564305
2025-12-05 18:30:00,0.2737369114564018,0.695052111220482,0.484599264999961,0.52857864,0.8278224554719092
2025-12-05 19:30:00,0.27428609252296404,0.695052111220482,0.4453424940029621,0.47555673,0.8161272572257208
2025-12-05 20:30:00,0.2826667739483651,0.695052111220482,0.4158348073349837,0.47975776,0.8051594976405353
2025-12-08 14:30:00,0.24021619043389153,0.695052111220482,0.41439488454134743,0.47932377,0.7982995316531226
2025-12-08 15:30:00,0.27376266330177823,0.695052111220482,0.4133728457854833,0.47936645,0.7881366723955676
2025-12-08 16:30:00,0.199501887318698,0.695052111220482,0.4188921684579714,0.47380933,0.7846024331058147
2025-12-08 17:30:00,0.21664568932983816,0.695052111220482,0.4295778969984191,0.45695376,0.774096651534692
2025-12-08 18:30:00,0.20033596315653118,0.695052111220482,0.4264725328577623,0.48792145,0.7650760757850157
2025-12-08 19:30:00,0.2009302052595609,0.695052111220482,0.4214316573521587,0.47343498,0.7556107536928011
2025-12-08 20:30:00,0.15515814296987002,0.695052111220482,0.42291087529194227,0.47320905,0.7496953237171817
2025-12-09 14:30:00,0.14408220536797806,0.695052111220482,0.41495324572172376,0.4700426,0.7412817386215045
2025-12-09 15:30:00,0.12175934376536766,0.695052111220482,0.41843356110269564,0.4647823,0.7332441450285512
2025-12-09 16:30:00,0.11981932940527726,0.695052111220482,0.4206317437111019,0.4412302,0.724157824147816
2025-12-09 17:30:00,0.14892588414585772,0.695052111220482,0.41698573034253666,0.47365502,0.7158890364237445
2025-12-09 18:30:00,0.15433798475772348,0.695052111220482,0.4075411270436545,0.47891483,0.7082278894336345
2025-12-09 19:30:00,0.1471385922524098,0.695052111220482,0.3877307626979333,0.4398119,0.7004039405906374
2025-12-09 20:30:00,0.23941789641448194,0.695052111220482,0.3846252788285177,0.4321182,0.6924455505201526
2025-12-10 14:30:00,0.6180223300297633,0.695052111220482,0.3774963116592157,0.42731902,0.6844170834906669
2025-12-10 15:30:00,0.6162369034291522,0.695052111220482,0.327594205226706,0.38612956,0.6788395862210537
2025-12-10 16:30:00,0.6348781919843487,0.695052111220482,0.3127422964613395,0.46183854,0.6726094909837009
2025-12-10 17:30:00,0.6782569146774327,0.695052111220482,0.31390638126067505,0.4119657,0.665403268490806
2025-12-10 18:30:00,0.7638396502795453,0.655713675540871,0.31939329446347225,0.46238187,0.6656229467774356
2025-12-10 19:30:00,0.5101821182886007,0.6557164318188199,0.4175316981801312,0.46876514,0.720895151510848
2025-12-10 20:30:00,0.5240053981266107,0.655712439508508,0.4564803336346087,0.527165,0.7137664040699698
2025-12-11 14:30:00,0.49530203607584167,0.6557120361188568,0.45783754511450975,0.5809948,0.7108478351704912
2025-12-11 15:30:00,0.44474543692913676,0.6557109526182485,0.46499462433037936,0.5218483,0.7132262881985865
2025-12-11 16:30:00,0.8098937046464012,0.6557144423482928,0.4894451682023044,0.6847129,0.7342683680801446
2025-12-11 17:30:00,0.8868017060434885,0.6557149820667333,0.4696289612019563,0.53652745,0.7253362366453977
2025-12-11 18:30:00,0.8738944587214544,0.6557131675132764,0.4661111766062569,0.5478269,0.7207133798937091
2025-12-11 19:30:00,0.9423839398200327,0.6557112914062718,0.4697809258627745,0.5321009,0.7121103266021397
2025-12-11 20:30:00,1.0007108921578163,0.655710602813542,0.45680032396975634,0.5434147,0.7055431224723989
2025-12-12 14:30:00,0.61876285240903,0.655710053895815,0.5347155162617427,0.50830716,0.8064674477257261
2025-12-12 15:30:00,0.5037683536596161,0.6557112732319421,0.5940627573591925,0.6236771,0.817064930849462
2025-12-12 16:30:00,0.5759498329871388,0.655712029444561,0.617944093798264,0.5388258,0.8057587660615442
2025-12-12 17:30:00,0.6293539668754496,0.6557152014064593,0.6155855421137635,0.5956957,0.8153561749399413
2025-12-12 18:30:00,0.6086968953087463,0.6557108334572872,0.6368182735208641,0.56834984,0.8242169216788867
2025-12-12 19:30:00,0.6163825682816678,0.65571298890132,0.5982929991567945,0.55332124,0.8126425694977004
2025-12-12 20:30:00,0.6267298590098479,0.6557139588225237,0.5757574248983985,0.5744489,0.801812304934632
2025-12-15 14:30:00,0.5614828013415812,0.6557116505677814,0.5769121636498862,0.59339947,0.803891357834492
2025-12-15 15:30:00,0.3578099801553861,0.6557162740945092,0.5900794302420544,0.6696533,0.8240263563383942
2025-12-15 16:30:00,0.47665504486490845,0.6557110017469908,0.6035957346630062,0.6944829,0.8283646329106605
2025-12-15 17:30:00,0.4735102438704795,0.655712742585074,0.6222740278290342,0.6567224,0.8182121796106441
2025-12-15 18:30:00,0.45794164627082323,0.6557131792366832,0.6230530178478573,0.70319384,0.8093467594346584
2025-12-15 19:30:00,0.5277668131693075,0.6557121983153705,0.6162724382322938,0.6429016,0.7983118836311297
2025-12-15 20:30:00,0.5677515104240648,0.6557120789186867,0.5523098361653382,0.5326892,0.7878416638350185
2025-12-16 14:30:00,0.4745068684056588,0.6557099372229459,0.5579017390841309,0.51934505,0.8102643212050209
2025-12-16 15:30:00,0.4700553817059836,0.6557124979249904,0.5842187653408476,0.55848527,0.8001231184703428
2025-12-16 16:30:00,0.468774783164466,0.6557133349433797,0.5802473649190848,0.547032,0.7893538969504668
2025-12-16 17:30:00,0.7432894753088002,0.6557117875350017,0.5657987770240736,0.5750488,0.7905029195607126
2025-12-16 18:30:00,0.7148788281766971,0.6557143071089534,0.5805067322952981,0.59254795,0.7876660535773966
2025-12-16 19:30:00,0.6511001753888803,0.6557147520488806,0.5634215976254568,0.62678057,0.7940052691053094
2025-12-16 20:30:00,0.6628066998532114,0.655712596270839,0.5840523596589289,0.59007066,0.7836027300756719
2025-12-17 14:30:00,0.662768264371686,0.6557122973503052,0.5860720659803166,0.5644014,0.7730696936857941
2025-12-17 15:30:00,0.2636082106800039,0.6557098486131989,0.5633726467289188,0.5461634,0.8299739880036009
2025-12-17 16:30:00,1.1697974259715562,0.6557126356018164,0.5913380257761305,0.631569,0.8190426255562333
2025-12-17 17:30:00,1.1690708910236374,0.6557111546928567,0.5782490708194515,0.57258373,0.8097582340932553
2025-12-17 18:30:00,1.3004131610542138,0.6490393901075218,0.5681895731661314,0.582264,0.8014854387590725
2025-12-17 19:30:00,1.3759132884367806,0.6685148910370389,0.5655101007085843,0.5650974,0.7904693485380287
2025-12-17 20:30:00,1.386074482514219,0.6657198425572503,0.487351065694409,0.47046125,0.7853318638051995
2025-12-18 14:30:00,0.7887425572780554,0.7099375080934767,0.6763541601988667,0.5120288,0.9729664759525581
2025-12-18 15:30:00,0.7995387230037038,0.6678639164370928,0.7536731306695192,0.55843204,0.9592299506887849
2025-12-18 16:30:00,0.6759220457532575,0.6605929774338588,0.7490938104220081,0.7196702,0.9911837608036287
2025-12-18 17:30:00,0.5249198738656418,0.689071804896489,0.7800979970416603,0.72422105,1.0025300065208216
2025-12-18 18:30:00,0.469173603357602,0.6774639754152438,0.8015810998744028,0.6575908,0.9946395639787305
2025-12-18 19:30:00,0.46390610810999633,0.6824948584227234,0.7135602367904867,0.78184426,0.9794361038561497
2025-12-18 20:30:00,0.4319937288707646,0.696784434916908,0.7094419432785435,0.84291905,0.9678876682951789
2025-12-19 14:30:00,0.16520466337485534,0.7012862489425495,0.6809936710756304,0.74504155,0.9746856006701794
2025-12-19 15:30:00,0.08211081134152151,0.6837130426408022,0.6635209295607813,0.665527,0.9621593653902921
2025-12-19 16:30:00,0.46735643598792165,0.6728714388421542,0.6595070044186897,0.68161994,0.9478521889257961
2025-12-19 17:30:00,0.4854037025205858,0.6878410363876398,0.6636831783336591,0.6428941,0.9331232776360346
2025-12-19 18:30:00,0.485143460883761,0.6778063273392323,0.6528722097853062,0.6254177,0.9187802776192703
2025-12-19 19:30:00,0.4847013520016823,0.6757344731538617,0.6038065583744286,0.71324986,0.9048314806755385
2025-12-19 20:30:00,0.4844560664095707,0.6851574093035372,0.5830381961515367,0.7270975,0.8911900485192888
2025-12-22 14:30:00,0.1352622479764683,0.6768745541416586,0.6278438579739917,0.60351884,0.9101416537685423
2025-12-22 15:30:00,0.037202357150259324,0.6860721007304892,0.6587791974756169,0.6613712,0.8988921325376955
2025-12-22 16:30:00,0.07543997657905711,0.6766746473296963,0.6396975871785088,0.598789,0.8853652916863106
2025-12-22 17:30:00,0.19729104700196787,0.6708831268692227,0.6387139339642305,0.59588,0.8721913227312158
2025-12-22 18:30:00,0.21449088388814538,0.6730251327539105,0.6383557025118314,0.5453221,0.8593372807873433
2025-12-22 19:30:00,0.22335137609739306,0.6760751311270876,0.5755136437105149,0.51805305,0.8469512251664642
2025-12-22 20:30:00,0.22759623162900136,0.684542315712075,0.5597232471600324,0.45654467,0.8348039820181167
2025-12-23 14:30:00,0.2179394576435833,0.6766826358024169,0.5603551600573764,0.4542791,0.8236046120801794
2025-12-23 15:30:00,0.11937747958070323,0.6766487537686119,0.4560302046294239,0.43482617,0.8174325443597494
2025-12-23 16:30:00,0.2009742628191069,0.6816912185982299,0.4662693842536183,0.43504497,0.8071550553056623
2025-12-23 17:30:00,0.22153122176583342,0.6676584141374334,0.4276136856702126,0.43226707,0.7967769624186034
2025-12-23 18:30:00,0.23149777614624584,0.6644035772702582,0.4010683956862002,0.43588543,0.786265028990368
2025-12-23 19:30:00,0.23327388014554845,0.6721820912044146,0.3931375842276805,0.43425208,0.7756450795579642
2025-12-23 20:30:00,0.24288101593898273,0.6708998171685437,0.3751951421152534,0.3861389,0.7653196287533979
2025-12-24 14:30:00,0.16152900996533373,0.6911230572542757,0.37592881466834177,0.43866375,0.7610791147791593
2025-12-24 15:30:00,0.12943020590472748,0.6731041018529557,0.3583641024080462,0.37927637,0.7535092527104944
2025-12-24 16:30:00,0.11149525519265897,0.6733764867498233,0.3599478773313607,0.3604442,0.744984576813632
2025-12-26 14:30:00,0.11008170881175547,0.6724427135031787,0.36356045673797455,0.36384246,0.7356271657525247
2025-12-26 15:30:00,0.08665965772936127,0.5900062929204178,0.3629771072676148,0.36632884,0.7272249912892824
2025-12-26 16:30:00,0.34366226309798925,0.590006292839728,0.3531947221905684,0.3691286,0.7182646926231486
2025-12-26 17:30:00,0.35616667589009665,0.590006290706481,0.34478749152487664,0.38223845,0.7102649293544636
2025-12-26 18:30:00,0.376204915851973,0.590006274073716,0.34332970971523563,0.32628396,0.7021902476729077
2025-12-26 19:30:00,0.40598650749037113,0.5900062733201262,0.2921184903218137,0.4207147,0.693971016096941
2025-12-26 20:30:00,0.4063745325316388,0.590006265071408,0.28375536907710547,0.41352904,0.6858923856604967
2025-12-29 14:30:00,0.25530355752733785,0.5900062613636199,0.3330600221068467,0.46275792,0.6994277791175876
2025-12-29 15:30:00,0.2339847656005771,0.5900062611893302,0.35578559739383864,0.46339393,0.6936555038858596
2025-12-29 16:30:00,0.2339231898303134,0.5900062605915994,0.36182769147450156,0.49618137,0.6888967357711538
2025-12-29 17:30:00,0.258924306898051,0.5900062593687672,0.37021993328221303,0.44580704,0.6855852858587382
2025-12-29 18:30:00,0.28736734057009217,0.5900062587613162,0.3810718898696951,0.4901887,0.6778078742561947
2025-12-29 19:30:00,0.2735465741299194,0.5900062586800698,0.3500822112291211,0.3718183,0.6723520023311391
2025-12-29 20:30:00,0.26911193151268314,0.5900062588276199,0.3439010664829843,0.39577657,0.6653733530653757
2025-12-30 14:30:00,0.23912489114053279,0.590006258930821,0.33970776649544304,0.38576224,0.6615611246109745
2025-12-30 15:30:00,0.16708727898581635,0.5900062598275836,0.34618163588620576,0.35390523,0.6617045038049311
2025-12-30 16:30:00,0.2303265244604112,0.590006260313329,0.35900739796881415,0.40453526,0.6577662187018651
2025-12-30 17:30:00,0.23191035843695473,0.5900062601669069,0.36287147411600795,0.36136153,0.6513792725880418
2025-12-30 18:30:00,0.23249534327298957,0.5900062584330615,0.3661498166331886,0.4005242,0.6445339607361974
2025-12-30 19:30:00,0.23465726794517816,0.5900062582357674,0.3513159776583686,0.36975417,0.6382805558100952
2025-12-30 20:30:00,0.22488315720460075,0.5900062582906936,0.33450168927695845,0.377618,0.6332623027841131
2025-12-31 14:30:00,0.35232728396044466,0.5900062586025373,0.34312455290328886,0.3600957,0.6355830673657689
2025-12-31 15:30:00,0.36990742449376046,0.590006258509409,0.355188086995451,0.37114286,0.6300315028519807
2025-12-31 16:30:00,0.38015907916034597,0.5900062584496727,0.3579760194000053,0.40460446,0.6238819202931527
2025-12-31 17:30:00,0.38782881144865927,0.5900062584360646,0.3559838854607226,0.36802828,0.6184792554874311
2025-12-31 18:30:00,0.3960132452711455,0.590006258769999,0.35436740073863104,0.36375064,0.613132884400214
2025-12-31 19:30:00,0.29788564203949064,0.5900062600922771,0.3747692837567873,0.3696316,0.6319942899929439
2025-12-31 20:30:00,0.394400365553687,0.5900062594571486,0.39734358867104175,0.4138221,0.6292412994346114
2026-01-02 14:30:00,0.38646794178128546,0.5900062595217072,0.40364325508434706,0.47387862,0.6247526810560488
2026-01-02 15:30:00,0.37504555359840264,0.5900062597693686,0.385424679031508,0.40570626,0.6205847481859107
2026-01-02 16:30:00,0.8611751195296221,0.5900062599960509,0.3859939191085012,0.40570626,0.6165560262634545
2026-01-02 17:30:00,0.8339060660022849,0.5900062614339056,0.3654410223345244,0.42083994,0.6207816092190044
2026-01-02 18:30:00,0.7834057928541348,0.5900062622412233,0.3870946166598335,0.3800432,0.6326187666837335
2026-01-02 19:30:00,0.7822669698662212,0.5900062624491209,0.40564818164974376,0.41996565,0.6267078991367313
2026-01-02 20:30:00,0.7827128088747285,0.5900062624479967,0.4043167618506908,0.41447285,0.6206159984955035
2026-01-05 14:30:00,0.062334432376992835,0.5900062713099627,0.5115963143405906,0.52801156,0.7347318472615981
2026-01-05 15:30:00,0.06918643750977115,0.429087892190697,0.5659071379267231,0.4748437,0.7255549618922137
2026-01-05 16:30:00,0.410716418076676,0.429087892190697,0.5512377388374128,0.56208724,0.7169100670060516
2026-01-05 17:30:00,0.46403419056162953,0.429087892190697,0.5521490295676514,0.59380215,0.7081804325254085
2026-01-05 18:30:00,0.5071543434326438,0.429087892190697,0.5500247311243937,0.57194877,0.6998441752899306
2026-01-05 19:30:00,0.509460664842222,0.429087892190697,0.4276908335663281,0.34267905,0.6917852150315278
2026-01-05 20:30:00,0.5313329842813093,0.429087892190697,0.4285672419198081,0.34267905,0.683989270639515
2026-01-06 14:30:00,0.341720056458011,0.429087892190697,0.4752082122793493,0.4763144,0.7079852351354969
2026-01-06 15:30:00,0.2648255374342042,0.429087892190697,0.5001033474097027,0.5286137,0.7083068384610958
2026-01-06 16:30:00,0.1744617542461671,0.429087892190697,0.5124488066175745,0.5360664,0.7078693974660304
2026-01-06 17:30:00,0.184544721321893,0.429087892190697,0.5250208539715966,0.5357481,0.7000269073572827
2026-01-06 18:30:00,0.22692379311298141,0.429087892190697,0.5233081319784463,0.5332876,0.6963503056434264
2026-01-06 19:30:00,0.31637578641629205,0.429087892190697,0.5023159330570952,0.48044232,0.6882216556999784
2026-01-06 20:30:00,0.322962899684378,0.429087892190697,0.4770947178079641,0.43184474,0.6803023746853468
2026-01-07 14:30:00,0.3712276801335373,0.429087892190697,0.4561960793448482,0.43481365,0.6731957433735652
2026-01-07 15:30:00,0.37853053544364895,0.429087892190697,0.45548592686854594,0.44030523,0.6670958239673754
2026-01-07 16:30:00,0.319279423402761,0.429087892190697,0.4568374329060203,0.44039392,0.6680610411595865
2026-01-07 17:30:00,0.2440731977323675,0.429087892190697,0.4751098815265741,0.49972808,0.6704450136251684
2026-01-07 18:30:00,0.23848644792159307,0.429087892190697,0.48388852160187473,0.51093006,0.6638809813539837
2026-01-07 19:30:00,0.14442817603449992,0.429087892190697,0.4766484867919414,0.5062993,0.6640013439333775
2026-01-07 20:30:00,0.12445496313011664,0.429087892190697,0.4854492719779561,0.51324564,0.6592917222379399
2026-01-08 14:30:00,0.15648374991405153,0.429087892190697,0.48382381119187073,0.47790486,0.6522130601279701
2026-01-08 15:30:00,0.13603398015367654,0.429087892190697,0.38091536589444996,0.45659676,0.6466447297791812
2026-01-08 16:30:00,0.5487555023953192,0.429087892190697,0.38342697993241737,0.45687264,0.6402507965570153
2026-01-08 17:30:00,0.5496564366608726,0.429087892190697,0.3686325203341808,0.4483348,0.6338281764715233
2026-01-08 18:30:00,0.577491028153164,0.429087892190697,0.361516582303423,0.45463514,0.6289962742927616
2026-01-08 19:30:00,0.5718451575300001,0.429087892190697,0.36751894284377207,0.45463514,0.624735914705751
2026-01-08 20:30:00,0.5873256568162311,0.429087892190697,0.36995473904274423,0.45047072,0.6187636682642812
2026-01-09 14:30:00,0.24849007325329955,0.429087892190697,0.4424138543821839,0.4768731,0.6716591156725917
2026-01-09 15:30:00,0.28721864476946907,0.429087892190697,0.458101878921515,0.50807065,0.6645054774485402
2026-01-09 16:30:00,0.21841024367417464,0.429087892190697,0.4489647144179379,0.53874576,0.6649937764871457
2026-01-09 17:30:00,0.232822574201443,0.429087892190697,0.45322946617134974,0.5585583,0.6582547728736236
2026-01-09 18:30:00,0.194441831834566,0.429087892190697,0.45149395194603537,0.5625424,0.6549275195664432
2026-01-09 19:30:00,0.2099071711882152,0.429087892190697,0.39863848430770066,0.4439913,0.648166526095501
2026-01-09 20:30:00,0.150457433303898,0.429087892190697,0.3993638822030738,0.4945498,0.6459922689064441
2026-01-12 14:30:00,0.13774214008837155,0.429087892190697,0.39532941735016613,0.48292103,0.6400602850320289
2026-01-12 15:30:00,0.10225802756798842,0.4080647083482342,0.39598201641935615,0.47235236,0.6354378972335234
2026-01-12 16:30:00,0.36214268701080293,0.4100292651829415,0.3927498900545464,0.48208585,0.6294674310024204
2026-01-12 17:30:00,0.3691594325528526,0.4085471770513485,0.38657503555934,0.4400724,0.6248044360896446
2026-01-12 18:30:00,0.39852052755065626,0.40962065384439816,0.3729458742909362,0.43923166,0.6189166789393535
2026-01-12 19:30:00,0.46336220189847854,0.4101348086350934,0.37229266905801073,0.42626765,0.6130393794585489
2026-01-12 20:30:00,0.46297241454338023,0.4194742843133929,0.3580760269599785,0.37983578,0.6074581226627
2026-01-13 14:30:00,0.3361479986690621,0.4135226501586749,0.3948397634762498,0.47996065,0.6284097545018708
2026-01-13 15:30:00,0.405518615235528,0.4127449860405926,0.4170550294166304,0.5148646,0.6248729933408627
2026-01-13 16:30:00,0.8137722383741122,0.40891781069955124,0.4213976205993755,0.47739512,0.6238013251819001
2026-01-13 17:30:00,0.7807329781395863,0.4186913324598064,0.43405876772248797,0.5384546,0.6296767726819708
2026-01-13 18:30:00,0.8355452189950686,0.41079579177344494,0.4517520855734291,0.51771,0.6235085347645898
2026-01-13 19:30:00,0.8259278486747105,0.41384509763221783,0.4217701911377777,0.51934385,0.6220502928966062
2026-01-13 20:30:00,0.7900572967952256,0.4046460512928094,0.43297997086931295,0.5180064,0.6296811975980757
2026-01-14 14:30:00,0.35389222515953667,0.42702554625098144,0.5285550958575671,0.49357384,0.7260584731832351
2026-01-14 15:30:00,0.3962416024015553,0.4137799545623325,0.5438034497777464,0.5654615,0.7176641139798227
2026-01-14 16:30:00,0.5691407790682115,0.412379231708901,0.5443270244417083,0.54006255,0.7253505296488773
2026-01-14 17:30:00,0.5783661760112486,0.40805588018612227,0.5567230369700354,0.5191754,0.7173631417197639
2026-01-14 18:30:00,0.5757104662779152,0.4054500792363491,0.5507454745503665,0.5807595,0.7097084962230917
2026-01-14 19:30:00,0.5596498530021146,0.4055890487393968,0.47144877331580415,0.4879845,0.7053616172844084
2026-01-14 20:30:00,0.5585382796050506,0.40718253608718147,0.47959404201630185,0.5062993,0.703586037312402
2026-01-15 14:30:00,0.34973669044608663,0.399052882541592,0.5093813929227681,0.55686015,0.7424708318584425
2026-01-15 15:30:00,0.32992461041187005,0.4090809010321183,0.5424851987975235,0.59732044,0.735902538886129
2026-01-15 16:30:00,0.33427025499396507,0.4123221068709337,0.5472300925780006,0.58865213,0.7271473645264269
2026-01-15 17:30:00,0.3626138010259874,0.4078755284868257,0.5439126271410042,0.5780442,0.7188543704634014
2026-01-15 18:30:00,0.31393005747601804,0.4164329689445436,0.5368488654557747,0.5934734,0.7163488006559844
2026-01-15 19:30:00,0.19320288475383865,0.4156019234645928,0.5022936601094097,0.5467753,0.7199182615451972
2026-01-15 20:30:00,0.2326614196741663,0.42056083163954855,0.5157413468580371,0.5352056,0.7115518623016583
2026-01-16 14:30:00,0.2208176032933351,0.4115689484531982,0.5149227176715079,0.54570216,0.7040348540689727
2026-01-16 15:30:00,0.17886962243227914,0.4116764141100652,0.5032602535368083,0.5272205,0.7001685776830353
2026-01-16 16:30:00,1.1336633563994254,0.4103788666345111,0.5038063743145947,0.53137153,0.69205807602408
2026-01-16 17:30:00,1.1315583413992765,0.4121561223159298,0.4780917594339096,0.46223786,0.684957229213617
2026-01-16 18:30:00,1.142782681914832,0.4142373534578425,0.47533068186455196,0.43101323,0.6808871292942678
2026-01-16 19:30:00,1.1836930513262152,0.40749499570416575,0.48305693844127096,0.42099646,0.6732289906100992
2026-01-16 20:30:00,1.2263664433328283,0.4112808318725379,0.46908943856717134,0.4428791,0.6671140729861695
2026-01-20 14:30:00,0.5090986858109015,0.4352646282658573,0.6553768880119936,0.4640748,0.8766253506014544
2026-01-20 15:30:00,0.5101014831248467,0.45366996375072755,0.7013791017205062,0.57666534,0.863663666003038
2026-01-20 16:30:00,0.9207862299649937,0.4536699637557112,0.6904618133214429,0.61014974,0.8579821479055432
2026-01-20 17:30:00,0.8852796783693356,0.4536699637577358,0.6902097091924602,0.5320577,0.860355629827891
2026-01-20 18:30:00,1.0422958082780556,0.45366996375729995,0.7044990523150697,0.6674367,0.8648276525032913
2026-01-20 19:30:00,1.043258309387709,0.453669963740278,0.6018938864699782,0.62574244,0.8535933902632284
2026-01-20 20:30:00,1.1844565003221508,0.4536699637649871,0.6053558994721785,0.62848085,0.8413802152367679
2026-01-21 14:30:00,0.8887202373684951,0.45366996376268715,0.6610043404767674,0.5225853,0.9250749435013902
2026-01-21 15:30:00,0.8709252411618764,0.45366996367109386,0.687390514012077,0.55433714,0.9154502881850017
2026-01-21 16:30:00,0.7423582970086705,0.45366996363348816,0.706260421612119,0.810891,0.9603535728298965
2026-01-21 17:30:00,0.7608141367324743,0.4536699635654481,0.7497687657231468,0.726581,0.9468761202169205
2026-01-21 18:30:00,0.5168346115633244,0.4536699636005552,0.7589378460490769,0.76219714,0.9760934969052146
2026-01-21 19:30:00,0.4988568557223587,0.45366996354503425,0.7415149007816703,0.73018104,0.9633203069616001
2026-01-21 20:30:00,0.49976928541628624,0.4536699636959308,0.7447893934748027,0.68131155,0.9481989506999603
2026-01-22 14:30:00,0.419279821129148,0.45366996369947665,0.7007957212119146,0.8243771,0.9621757845185898
2026-01-22 15:30:00,0.38627495477303503,0.4536699637148421,0.726476269230699,0.9400542,0.9525273660707957
2026-01-22 16:30:00,0.38550068721082736,0.45366996370071827,0.6945572466947447,0.63992673,0.9382184921722326
2026-01-22 17:30:00,0.399077325915889,0.45366996370080453,0.6939492539596404,0.6279846,0.9238579320693059
2026-01-22 18:30:00,0.3982971092887667,0.45366996370275553,0.6939653764334288,0.6279846,0.9098417410748338
2026-01-22 19:30:00,0.2480690932879442,0.4536699637180094,0.661203042832829,0.47637823,0.9152567464577749
2026-01-22 20:30:00,0.23974623209299856,0.4536699636900475,0.6763762258448509,0.4857805,0.9031392192041021
2026-01-23 14:30:00,0.25415613788989666,0.4536699636877987,0.6803024604277722,0.47494367,0.8899951736401397
2026-01-23 15:30:00,0.23514202044990903,0.4536699636930181,0.5887550878791139,0.606692,0.8784567783087183
2026-01-23 16:30:00,0.5412328315909787,0.4536699636909928,0.5958678154960301,0.5919988,0.8654901538236409
2026-01-23 17:30:00,0.5153095513536811,0.4536699636924059,0.5562106376499931,0.5313674,0.8580738413482357
2026-01-23 18:30:00,0.5104117567684006,0.45366996369848284,0.5549945003367515,0.53195995,0.8468823726388289
2026-01-23 19:30:00,0.5017803402410804,0.45366996369377705,0.5481420412370193,0.4907057,0.836328936307698
2026-01-23 20:30:00,0.4994376823181118,0.45366996369218954,0.5485830425277076,0.43814275,0.8247746419554807
2026-01-26 14:30:00,0.11310735258071292,0.45366996368869145,0.5852853916396354,0.6029195,0.8511213916006656
2026-01-26 15:30:00,0.14715223814990397,0.4536699636633074,0.5581146748258703,0.55574805,0.8398390973779836
2026-01-26 16:30:00,0.3277331916688346,0.45366996366304907,0.5564407483225169,0.5704819,0.8283388283020068
2026-01-26 17:30:00,0.38320134274100026,0.45366996367079865,0.512944156178579,0.52696747,0.8168817362773328
2026-01-26 18:30:00,0.3844405896709425,0.4536699636698145,0.5141661789865488,0.52028036,0.8054552494730087
2026-01-26 19:30:00,0.3836035543108782,0.4536699636707575,0.4065793734787652,0.43651983,0.7945424548641854
2026-01-26 20:30:00,0.3669621375859402,0.4536699638895933,0.40480062259936045,0.48217884,0.7863052657384214
2026-01-27 14:30:00,0.2150039553716975,0.4536699639033675,0.43350402303527025,0.45845175,0.7907810993372892
2026-01-27 15:30:00,0.09744433918977262,0.43032366701158864,0.42791721245053727,0.5216678,0.7870066078266436
2026-01-27 16:30:00,0.1676462821515391,0.430323667015649,0.43616904752788255,0.46806127,0.7765306087606935
2026-01-27 17:30:00,0.17487615285800917,0.4303236670159354,0.4359815319501701,0.46285972,0.7662819455269622
2026-01-27 18:30:00,0.24694652058886665,0.4303236670075766,0.4311909203404979,0.47382635,0.7567046736186037
2026-01-27 19:30:00,0.24937439429677616,0.43032366700568697,0.40771660932923437,0.42509186,0.7469827888800011
2026-01-27 20:30:00,0.27806087760788456,0.430323666939971,0.36426103839450424,0.3754396,0.7382058954008188
2026-01-28 14:30:00,0.30190796617690036,0.4303236668748927,0.3715002717628918,0.44078204,0.7324423681261937
2026-01-28 15:30:00,0.296689049743082,0.4303236667918187,0.37939208617584047,0.43772066,0.7238530620800744
2026-01-28 16:30:00,0.9621362987374531,0.43032366670872585,0.38512723117543907,0.44949123,0.7210877198931892
2026-01-28 17:30:00,0.9734531983614261,0.4303236666907245,0.39694634596733624,0.44726452,0.7125740834569955
2026-01-28 18:30:00,1.0643793991574566,0.4303236666654991,0.3916808025171672,0.44849914,0.7076319156720682
2026-01-28 19:30:00,1.048603226029925,0.4303236666765506,0.3964177916908246,0.5076258,0.7054776725756853
2026-01-28 20:30:00,1.0605967000938379,0.43032366665569083,0.40817270915327175,0.47502327,0.697066684916754
2026-01-29 14:30:00,0.5090214729509069,0.4303236667932843,0.5551032671947179,0.38674048,0.8402134818439515
2026-01-29 15:30:00,0.5961625725879482,0.4303236668502375,0.5967214083451775,0.49921623,0.831971636423233
2026-01-29 16:30:00,0.5384093177323003,0.43032366690583124,0.6091470527617106,0.6384658,0.8526722639823074
2026-01-29 17:30:00,0.5403885351606402,0.430323666931886,0.6415206498782681,0.4976561,0.840328229043094
2026-01-29 18:30:00,0.5164464594849836,0.43032366691987806,0.6339497368020289,0.5822542,0.8323379492358041
2026-01-29 19:30:00,0.5614483132979219,0.4303236668903671,0.5478437803730021,0.5767972,0.8213512964764865
2026-01-29 20:30:00,0.5182445343885926,0.43032366691632795,0.5524075626093939,0.60034835,0.8292570238123607
2026-01-30 14:30:00,0.40588099623362306,0.43032366699253055,0.5521444302348054,0.5982332,0.8398286970925412
2026-01-30 15:30:00,0.48476153244811515,0.430323667001681,0.5703477674571062,0.5630377,0.8281578127487357
2026-01-30 16:30:00,0.6295688636806814,0.4303236669968148,0.5659931130244857,0.51848674,0.8164347817790112
2026-01-30 17:30:00,0.5984238481918672,0.43032366699529817,0.5602977278946302,0.5905946,0.8138343281932783
2026-01-30 18:30:00,0.5423580515756476,0.43032366702709085,0.5566531071777897,0.5675853,0.8145379667333106
2026-01-30 19:30:00,0.509199885428667,0.4303236670517182,0.5471738280300904,0.53277475,0.8090077357410724
2026-01-30 20:30:00,0.44474990934675407,0.43032366705462405,0.5606060946607059,0.5687511,0.8097599244497228
2026-02-02 14:30:00,0.2372805838825329,0.43032366703459585,0.5883680773089863,0.6052351,0.824922776331283
2026-02-02 15:30:00,0.2081540728841189,0.43032366704300007,0.6048315246421169,0.5768123,0.8158086581093764
2026-02-02 16:30:00,0.503991430584466,0.4303236670430015,0.5980487079717985,0.55545515,0.8059592248537625
2026-02-02 17:30:00,0.5428910799410017,0.4303236670446955,0.5954476589726185,0.53404367,0.7949097293526111
2026-02-02 18:30:00,0.6044032877288842,0.43032366704733466,0.5788455839400833,0.554712,0.7859165677582041
2026-02-02 19:30:00,0.6888274478632603,0.43032366705410496,0.5408107315226406,0.44606614,0.7786995793219849
2026-02-02 20:30:00,0.6873339655038426,0.4303236670329302,0.5404325931605519,0.45619044,0.7687131608683702
2026-02-03 14:30:00,0.5376596101699673,0.43032366706356595,0.5758219367058143,0.59165174,0.7961675936511714
2026-02-03 15:30:00,0.571290968997818,0.45527284801933393,0.5266605400628345,0.57592285,0.7922350712085757
2026-02-03 16:30:00,0.4988865230972398,0.45527283319421474,0.5366061207901104,0.61559445,0.7951961637378053
2026-02-03 17:30:00,0.4128443726726814,0.4552728435416251,0.5370648481225628,0.518781,0.8058948609179426
2026-02-03 18:30:00,0.7933512556713384,0.45527288876079974,0.5637804925930137,0.5010472,0.7948294817732159
2026-02-03 19:30:00,0.7864549341963823,0.4552729188495906,0.5260431902001472,0.54771197,0.7901798853359517
2026-02-03 20:30:00,0.7390167872846344,0.45527300442708185,0.5323868110668093,0.59805435,0.7927316437047518
2026-02-04 14:30:00,0.8029867567804176,0.4552728948424532,0.5250795956510994,0.5357481,0.7826287885330524
2026-02-04 15:30:00,0.7980811345306071,0.45527279290697603,0.48784036674683057,0.51979554,0.7807595726067893
2026-02-04 16:30:00,1.4537076727120852,0.45527277802373345,0.5633657618317705,0.6402066,0.8458059918692173
2026-02-04 17:30:00,1.5118652977946583,0.4552729082456362,0.6058421762471229,0.63645744,0.8377340247028153
2026-02-04 18:30:00,1.5338246391040462,0.45527301309744767,0.5998259951112185,0.61660206,0.826761543774277
2026-02-04 19:30:00,1.5392273430295482,0.4552729997968752,0.5942029644228383,0.70517844,0.8316447107684761
2026-02-04 20:30:00,1.5337632452939964,0.45527249656551444,0.6031266246631334,0.64225024,0.8267271864246672
2026-02-05 14:30:00,0.7413067400035096,0.45527256686419104,0.7617328927737977,0.5260685,1.0856082873293156
2026-02-05 15:30:00,0.5946380424347384,0.45527352387690756,0.8493395903216134,0.80729306,1.0919515695444937
2026-02-05 16:30:00,1.315918461297342,0.45527317176799215,0.8706486732210821,0.85384536,1.082754093418881
2026-02-05 17:30:00,1.2873462560116913,0.4552730415654497,0.8724475678223409,0.87740886,1.0795501961255225
2026-02-05 18:30:00,1.2927777140861982,0.4552730995918803,0.8877819333443386,0.8060828,1.064881915540977
2026-02-05 19:30:00,1.2421648492464183,0.4552731633361636,0.7446403528157841,0.92508644,1.0640348891758225
2026-02-05 20:30:00,1.2436167411522783,0.455272834050878,0.7438696634770101,0.7022353,1.0467918765359876
2026-02-06 14:30:00,0.31192120537504675,0.4552734699969371,0.8551455072887775,0.70871013,1.2023746073620478
2026-02-06 15:30:00,0.2581614563262372,0.45527298328292304,0.9202669908331207,0.6262761,1.1866540252350357
2026-02-06 16:30:00,0.25349392163936457,0.45527279155240336,0.922079963278712,0.61847705,1.1707964998423006
2026-02-06 17:30:00,0.4658250311256256,0.45527311995070074,0.9199769983165882,0.5285757,1.1512868227652195
2026-02-06 18:30:00,0.4639085262704463,0.45527277053117043,0.9128687600024397,0.71666867,1.1324033678282868
2026-02-06 19:30:00,0.4801221661581767,0.4552730997137645,0.7576633749874204,0.68643534,1.113477400495523
2026-02-06 20:30:00,0.5132623021689081,0.45527323469362735,0.7412445858227021,0.65197366,1.0965031627825832
2026-02-09 14:30:00,0.5039295691020776,0.4552730642289712,0.7323165487768872,0.52136767,1.0828137763095806
2026-02-09 15:30:00,0.3253129276744763,0.45527313852940093,0.7603907314511303,0.53270185,1.084270258241099
2026-02-09 16:30:00,0.4304558719064879,0.45527289072767946,0.7840328992789765,0.48275283,1.066771700952841
2026-02-09 17:30:00,0.4415966004991755,0.4552728943313001,0.7572872803623705,0.5778562,1.051333337587233
2026-02-09 18:30:00,0.39034954725608356,0.4552728741510348,0.7572290271319508,0.59175944,1.0401365742538111
2026-02-09 19:30:00,0.4384525829546563,0.45527275732051253,0.7608285347541391,0.64771086,1.026799600375155
2026-02-09 20:30:00,0.4323273789323703,0.45527247192005227,0.7310084983964362,0.5257926,1.01134745895729
2026-02-10 14:30:00,0.33174899629135723,0.45527285072328033,0.7357258840224765,0.5742649,1.0061661801494148
2026-02-10 15:30:00,0.33551359257042884,0.5349319116681571,0.6254281632123841,0.608802,0.9936028899170319
2026-02-10 16:30:00,0.47713511376192735,0.5349319713182862,0.609710443789964,0.5519801,0.9783643453628132
2026-02-10 17:30:00,0.5038826865799867,0.5349321316217668,0.602084051813358,0.5656275,0.9722033374189617
2026-02-10 18:30:00,0.5607000053773591,0.5349325541329664,0.6078148346556232,0.580696,0.957396596117376
2026-02-10 19:30:00,0.5666783457130158,0.5349325616338059,0.5875938637494252,0.5532783,0.9433782019985086
2026-02-10 20:30:00,0.5572384121959497,0.5349322784709273,0.5727849155320692,0.61601555,0.9329380114742709
2026-02-11 14:30:00,0.4865916515294876,0.534931868493886,0.5923622425795358,0.6167719,0.9357056668527903
2026-02-11 15:30:00,0.3806866286708912,0.5349317526276154,0.4666719462047386,0.51270175,0.9347433883155792
2026-02-11 16:30:00,0.3285311547764704,0.5349325863622176,0.4830285734255579,0.54004043,0.9295608953412997
2026-02-11 17:30:00,1.408987518687022,0.5349322914492657,0.4916009201136624,0.5363306,0.9172331646986595
2026-02-11 18:30:00,1.4043680876241509,0.5349326876790012,0.4901814529258632,0.533637,0.9060040164988674
2026-02-11 19:30:00,1.394862919016642,0.5349319495021435,0.47708835308637104,0.5200216,0.8991072307233929
2026-02-11 20:30:00,1.401374016650983,0.5349308378478723,0.4724081640166441,0.47313094,0.8859251257132587
2026-02-12 14:30:00,1.3982184884544544,0.5349322748022758,0.45586707214731803,0.47004485,0.8768746058409299
2026-02-12 15:30:00,0.3874167826051161,0.5349318782266241,0.7102320947662978,0.5464108,1.1174322404633612
2026-02-12 16:30:00,0.45596211154342486,0.5349321327034783,0.802048494720966,0.8656974,1.0993325569264285
2026-02-12 17:30:00,0.4529603946141352,0.5349324944274179,0.7965259833883871,0.88157815,1.0833275815451184
2026-02-12 18:30:00,0.4853394812609961,0.534932153885627,0.7975276028416322,0.88157815,1.067887387031065
2026-02-12 19:30:00,0.4658992422228879,0.5349322941296675,0.7954770693785331,0.70420474,1.0525901127709247
2026-02-12 20:30:00,0.3932222945070828,0.534933365270306,0.6157452788885028,0.60037315,1.0462856842729935
2026-02-13 14:30:00,0.6217229861917084,0.5349329209579035,0.6345626331085333,0.6573985,1.0373378581563852
2026-02-13 15:30:00,0.6246899499152134,0.5349328646568184,0.639042969729583,0.65032494,1.0225842911663598
2026-02-13 16:30:00,0.8557905100474782,0.5349328113970655,0.6385556789841704,0.668436,1.01272947487042
2026-02-13 17:30:00,1.06086524892629,0.5349327313861976,0.6526235938221897,0.6389685,0.9964105731906622
2026-02-13 18:30:00,1.053410294528525,0.5349326463657172,0.6251378510604516,0.8097576,0.9836623160776206
2026-02-13 19:30:00,0.9027408234802315,0.5349325514821441,0.65352469234617,0.722118,1.0077763711871255
2026-02-13 20:30:00,0.9216867618212573,0.534932899939767,0.6869339117835831,0.7458708,0.99428786144438
2026-02-17 14:30:00,0.6951918191891236,0.534932756728553,0.7119128947178528,0.71078724,1.0303946092211127
2026-02-17 15:30:00,0.30088119024913634,0.5349330819696949,0.7641603294465926,0.77702767,1.0639130243399744
2026-02-17 16:30:00,0.7965353947858834,0.5349325900411831,0.8004010561571451,0.6199668,1.0473543341938363
2026-02-17 17:30:00,0.7979615387396132,0.5349328953475821,0.7755929972664268,0.5841618,1.0303059508583963
2026-02-17 18:30:00,0.7628270680166405,0.5349326361938892,0.7649959117986396,0.65219945,1.020726407235034
2026-02-17 19:30:00,0.7472251852056313,0.5349324867086774,0.7327005919055936,0.7090924,1.0077598597803383
2026-02-17 20:30:00,0.773735720670876,0.5349329401407289,0.6745794269204004,0.46102223,0.9916000895226172
2026-02-18 14:30:00,0.38855402180445114,0.5349328887306849,0.7346751972595935,0.7809772,1.0482005665513325
2026-02-18 15:30:00,0.48106651695002495,0.6160643908006144,0.7882667747219432,0.8511631,1.031424875747267
2026-02-18 16:30:00,0.5857993193505509,0.6160643908006144,0.655647073112495,0.89126563,1.014657298085092
2026-02-18 17:30:00,0.5840780397138718,0.6160643908006144,0.648451082412705,0.6769724,0.9987288325235657
2026-02-18 18:30:00,0.5490946994545128,0.6160643908006144,0.6432150125312259,0.7897359,0.9882218563285257
2026-02-18 19:30:00,0.4976650122961768,0.6160643908006144,0.5750429898303426,0.5790474,0.9865940125438681
2026-02-18 20:30:00,0.42495946247315,0.6160643908006144,0.5986009625438624,0.5813738,0.9822615173861236
2026-02-19 14:30:00,0.2680672561294345,0.6160643908006144,0.6147937149807946,0.6375708,0.9819114689876965
2026-02-19 15:30:00,0.35500404057582746,0.6160643908006144,0.6333363219512816,0.63306427,0.9665115982487831
2026-02-19 16:30:00,0.48640028352859394,0.6160643908006144,0.6265021004027264,0.6212067,0.9514483757487753
2026-02-19 17:30:00,0.44204819646699717,0.6160643908006144,0.6023743913063412,0.61084723,0.9437021802048638
2026-02-19 18:30:00,0.4438517269455939,0.6160643908006144,0.598995364734084,0.58805096,0.931405041193219
2026-02-19 19:30:00,0.4812863110229835,0.6160643908006144,0.576580399744617,0.5336953,0.917503224789257
2026-02-19 20:30:00,0.5123467496149529,0.6160643908006144,0.5570599228621835,0.5184646,0.9116257038759037
2026-02-20 14:30:00,0.3898398131321445,0.6160643908006144,0.5791876453786617,0.652161,0.9141336623589792
2026-02-20 15:30:00,0.40454028421113425,0.6160643908006144,0.5570309363323339,0.54684204,0.9015479025606626
2026-02-20 16:30:00,0.8012931615572002,0.6160643908006144,0.517175544577147,0.5539534,0.8906444630303103
2026-02-20 17:30:00,0.8136128107371637,0.6160643908006144,0.5218976285996182,0.5693249,0.8830050115868953
2026-02-20 18:30:00,0.7781797018693336,0.6160643908006144,0.5279963210449133,0.57750845,0.8829586209993746
2026-02-20 19:30:00,0.8372255868845423,0.6160643908006144,0.5225939169036288,0.52947116,0.86998767489723
2026-02-20 20:30:00,0.9048562967411827,0.6160643908006144,0.5155403775572615,0.539269,0.8603841646770245
2026-02-23 14:30:00,0.5678615076107806,0.6160643908006144,0.5852849201130105,0.56670403,0.9223342788237785
2026-02-23 15:30:00,0.5376719198212304,0.6160643908006144,0.5774588011542753,0.6268852,0.9165978815054376
2026-02-23 16:30:00,0.7668851845573909,0.6160643908006144,0.579542903337677,0.72092205,0.9070182603805468
2026-02-23 17:30:00,0.7021275593636599,0.6160643908006144,0.5882764505667789,0.58151853,0.907508593687237
2026-02-23 18:30:00,0.6312480274096722,0.6160643908006144,0.6078785603755016,0.608348,0.9141126708015014
2026-02-23 19:30:00,0.6353190393026289,0.6160643908006144,0.5756006672916189,0.5659984,0.9002242478171706
2026-02-23 20:30:00,0.616344299885889,0.6160643908006144,0.5512924592545715,0.590802,0.8902755596521501
2026-02-24 14:30:00,0.23139907126570847,0.6160643908006144,0.5800086852497168,0.6607767,0.9254460985147435
2026-02-24 15:30:00,0.2589327261639844,0.6160643908006144,0.6016868683846525,0.59264493,0.9114413063890036
2026-02-24 16:30:00,0.5683740830159763,0.6160643908006144,0.5797834972013999,0.60762686,0.9040816425092338
2026-02-24 17:30:00,0.5655944743455922,0.6160643908006144,0.5917844610876489,0.552608,0.8912128491763962
2026-02-24 18:30:00,0.5698303343127173,0.6160643908006144,0.5881006375521165,0.54524285,0.8779405919266474
2026-02-24 19:30:00,0.5696681958667732,0.6160643908006144,0.5190751054586292,0.45197764,0.8653395605701321
2026-02-24 20:30:00,0.5623914834034216,0.6160643908006144,0.5192281758385575,0.5107576,0.8549584013631556
2026-02-25 14:30:00,0.12794524042033534,0.6160643908006144,0.5599225234395049,0.5484694,0.8885771143150462
2026-02-25 15:30:00,0.12207626452964936,0.613618459624483,0.5896860110353989,0.55441976,0.8756333864108355
2026-02-25 16:30:00,1.0793544035535771,0.613618459624483,0.5879931630453308,0.5887353,0.8634960255240364
2026-02-25 17:30:00,1.1660051671021225,0.613618459624483,0.5883973815547766,0.57484555,0.8512399037806218
2026-02-25 18:30:00,1.216775147738618,0.613618459624483,0.581796604748843,0.57339144,0.8399551422144464
2026-02-25 19:30:00,1.2200521036747813,0.613618459624483,0.5059738543736647,0.44392163,0.8279346609668294
2026-02-25 20:30:00,1.2926399184672916,0.613618459624483,0.5034508778856754,0.42735115,0.8163268575618912
2026-02-26 14:30:00,0.7180901748402583,0.613618459624483,0.6746419904858765,0.52162224,0.9771428686463293
2026-02-26 15:30:00,0.5724651489814903,0.613618459624483,0.7175007184590221,0.625401,0.9885150636713854
2026-02-26 16:30:00,0.8285956351761955,0.613618459624483,0.7383115768461181,0.6200848,0.9900369282335953
2026-02-26 17:30:00,0.8331483716380289,0.613618459624483,0.7585360347746185,0.5063361,0.9753588913105271
2026-02-26 18:30:00,0.7376497898119008,0.613618459624483,0.7503678980208399,0.63539475,0.9849476780401616
2026-02-26 19:30:00,0.7392799832318867,0.613618459624483,0.6759926310472542,0.6433665,0.9693065314161204
2026-02-26 20:30:00,0.7337249431216543,0.613618459624483,0.6450322366065113,0.6269346,0.9552947177295077
2026-02-27 14:30:00,0.36944921794375435,0.613618459624483,0.6740768955409568,0.75555015,1.0067274631622678
2026-02-27 15:30:00,0.3619488595615545,0.613618459624483,0.6980157648576159,0.62365645,0.992641282361352
2026-02-27 16:30:00,0.520704729649723,0.613618459624483,0.6796229504112598,0.7538234,0.9812898669177894
2026-02-27 17:30:00,0.5192365752822165,0.613618459624483,0.6873717892661235,0.70001507,0.9660686462847754
2026-02-27 18:30:00,0.7041743479283062,0.613618459624483,0.6877319166254836,0.69971776,0.9509978196677483
2026-02-27 19:30:00,0.6422923700293185,0.613618459624483,0.6112886319097576,0.60037315,0.9480909678041097
2026-02-27 20:30:00,0.669904999360887,0.613618459624483,0.6257153024572848,0.61396825,0.9347798634414459
2026-03-02 14:30:00,0.6691828909305395,0.613618459624483,0.6388406274231017,0.6204357,0.9450222237240398
2026-03-02 15:30:00,0.684820487976509,0.613618459624483,0.6475933382265144,0.60879743,0.9304827463167099
2026-03-02 16:30:00,2.485449061796438,0.613618459624483,0.6598767160522823,0.8153553,0.9485235730678736
2026-03-02 17:30:00,2.6489552392956064,0.613618459624483,0.6843304039596221,0.71631235,0.9339315277385329
2026-03-02 18:30:00,2.661949249212529,0.613618459624483,0.6777325684043177,0.7362739,0.9262021131167664
2026-03-02 19:30:00,2.638664531590355,0.613618459624483,0.6732973351368774,0.7293672,0.9367399907038557
2026-03-02 20:30:00,2.6363663581656103,0.613618459624483,0.6986904124074045,0.70848244,0.9254499349129551
2026-03-03 14:30:00,1.010626392949077,0.613618459624483,1.1203089962351076,0.6201362,1.5515300648469204
2026-03-03 15:30:00,0.450223127051631,0.613618459624483,1.2565417531267382,1.6091223,1.5946337021682635
2026-03-03 16:30:00,0.9406441260281541,0.613618459624483,1.301446783110051,1.3969208,1.5749234053683172
2026-03-03 17:30:00,0.9247788085691275,0.613618459624483,1.3037612307005761,1.2909911,1.5500678934220724
2026-03-03 18:30:00,0.9195699720367748,0.613618459624483,1.313087802727492,0.9669769,1.5224384168336405
2026-03-03 19:30:00,0.9230493698728172,0.613618459624483,1.0316648679632363,1.0356351,1.4951190954770763
2026-03-03 20:30:00,0.913890192890653,0.613618459624483,0.9321373257274604,0.5654808,1.4698091619828777
2026-03-04 14:30:00,0.20156869513945397,0.613618459624483,0.9876616759473897,1.4591407,1.514690007539798
2026-03-04 15:30:00,0.21343889636865904,0.7138352029062964,1.0264948548778923,1.0124092,1.4886738781807642
2026-03-04 16:30:00,0.6707300301829011,0.7138352029062964,1.034469231674417,1.0138273,1.4615485326768698
2026-03-04 17:30:00,0.687483786512592,0.7138352029062964,1.0267512473000053,1.0305022,1.4361804655795134
2026-03-04 18:30:00,0.7001554715021385,0.7138352029062964,1.028625701867288,0.99342114,1.410663720783112
2026-03-04 19:30:00,0.7705519524483024,0.7138352029062964,0.9093535078917999,0.6168667,1.3854993609648685
2026-03-04 20:30:00,0.7567155636148144,0.7138352029062964,0.9008386784692312,0.51241565,1.3629671281813551
2026-03-05 14:30:00,0.58070328715648,0.7138352029062964,0.9558992153630753,0.8242621,1.3781581443503983
2026-03-05 15:30:00,0.6214444620605905,0.7138352029062964,0.9889099810062195,0.8408209,1.3569344770932248
2026-03-05 16:30:00,1.2303918447162796,0.7138352029062964,0.99495836118779,0.6970449,1.3349537230429138
2026-03-05 17:30:00,1.1869290595569861,0.7138352029062964,0.988092062606968,0.991385,1.3219333534236855
2026-03-05 18:30:00,1.18911608074971,0.7138352029062964,1.0074601705035584,0.89645976,1.2987717103149288
2026-03-05 19:30:00,1.1224275949526379,0.7138352029062964,0.9541001573463983,0.78517133,1.2933312169480082
2026-03-05 20:30:00,1.0848479481467868,0.7138352029062964,0.9671093541111313,0.81294054,1.27932752997413
2026-03-06 14:30:00,0.4311956007036206,0.7138352029062964,1.051973761997326,1.1488932,1.3730338778896638
2026-03-06 15:30:00,0.4313357123325031,0.7138352029062964,0.8521696609530207,0.7446462,1.3485610149439882
2026-03-06 16:30:00,1.330103451206932,0.7138352029062964,0.7953234982621828,0.65255415,1.3253188285229234
2026-03-06 17:30:00,1.577048033979099,0.7138352029062964,0.7745738536552039,0.72535986,1.303320861586753
2026-03-06 18:30:00,1.5850195334200095,0.7138352029062964,0.7714520090237899,0.7120814,1.2804495111014464
2026-03-06 19:30:00,1.563389270867275,0.7138352029062964,0.6423169613237188,0.60612375,1.2746448030184307
2026-03-06 20:30:00,1.5734138753774656,0.7138352029062964,0.6707460748456897,0.6044623,1.2523994973209445
2026-03-09 13:30:00,1.438071684597599,0.7138352029062964,0.821005946546002,0.5773443,1.3917171597041635
2026-03-09 14:30:00,1.1631901358945567,0.7138352029062964,0.8916297653939314,0.95530015,1.4361746634054164
2026-03-09 15:30:00,1.1559167286041598,0.7138352029062964,0.9485674985910736,0.8992288,1.4127023878310083
2026-03-09 16:30:00,1.228273901443662,0.7138352029062964,0.9388978882185539,0.85218924,1.395937761682419
2026-03-09 17:30:00,1.217097859806819,0.7138352029062964,0.9513217502696458,0.86370337,1.3740091440988997
2026-03-09 18:30:00,0.6710634031776321,0.7138352029062964,0.9169746538851561,0.83502215,1.4612648753145672
2026-03-09 19:30:00,0.8732198271805358,0.7138352029062964,0.947105133876679,0.91440403,1.4363734782834117
2026-03-10 13:30:00,0.913364697170961,0.7138352029062964,0.9478898811546276,0.87697107,1.4113097891491
2026-03-10 14:30:00,0.7570718439082215,0.7138352029062964,0.9202885176516303,0.9253488,1.4109202246124497
2026-03-10 15:30:00,0.7650091773052666,0.7138352029062964,0.9518741907853654,0.66612256,1.3860094599697554
2026-03-10 16:30:00,0.693201013783872,0.7138352029062964,0.8405031403518932,1.0044609,1.3759370515251137
2026-03-10 17:30:00,0.3877448946948482,0.7138352029062964,0.8710106781362348,1.1812307,1.3833432073401215
2026-03-10 18:30:00,0.36884653904410025,0.7138352029062964,0.9046049427021741,1.2043648,1.3664788500676832
2026-03-10 19:30:00,0.40524471205041257,0.7138352029062964,0.8886362560649,0.9099424,1.3422960607602625
2026-03-11 13:30:00,0.3852801637689625,0.7138352029062964,0.8803610784321915,0.9064004,1.3201542298046163
2026-03-11 14:30:00,0.3750244542218496,0.7904141621190264,0.8047702043799468,0.77241135,1.3016360173394719
2026-03-11 15:30:00,1.2861937056286241,0.7904141621190264,0.7699434588584788,0.5314709,1.2786267486670466
2026-03-11 16:30:00,1.2597941583312235,0.7904141621190264,0.749647313883292,0.74896884,1.2632488906402501
2026-03-11 17:30:00,1.2514497180893007,0.7904141621190264,0.7633427800222707,0.6891212,1.2444160667729995
2026-03-11 18:30:00,1.2513872952966034,0.7904141621190264,0.7705163609693009,0.69728315,1.222904087876774
2026-03-11 19:30:00,1.236451804334981,0.7904141621190264,0.7498335979399298,0.5377195,1.2061118681458287
2026-03-12 13:30:00,0.12697811579266352,0.7904141621190264,0.8988061995712261,0.8278571,1.3442389785152313
2026-03-12 14:30:00,0.31693315778824555,0.7904141621190264,0.9102538539452806,0.657021,1.3202996584667963
2026-03-12 15:30:00,0.5161456223470923,0.7904141621190264,0.8608569857044512,0.60078806,1.297897201007104
2026-03-12 16:30:00,0.8191546429158179,0.7904141621190264,0.8639930348343907,0.62893665,1.275151896088459
2026-03-12 17:30:00,0.818218259230887,0.7904141621190264,0.8550702323233735,0.650692,1.2530614067886134
2026-03-12 18:30:00,0.8176362780645916,0.7904141621190264,0.666876271785232,0.5491651,1.2312524405171323
2026-03-12 19:30:00,0.7797475884571006,0.7904141621190264,0.605894908995488,0.59372187,1.2190846585389143
2026-03-13 13:30:00,0.6733619836514759,0.7904141621190264,0.6406615247613309,0.6184229,1.2173012041860751
2026-03-13 14:30:00,0.21717826804757062,0.7904141621190264,0.70156511926267,0.7433895,1.2405024405931813
2026-03-13 15:30:00,1.2151291222833582,0.7904141621190264,0.7314917898515031,0.72262007,1.2190387460279366
2026-03-13 16:30:00,1.2155182826037392,0.7904141621190264,0.7336499139453168,0.73558474,1.1979008938508853
2026-03-13 17:30:00,1.267173413850551,0.7904141621190264,0.7064163845142899,0.85890234,1.1799551964170374
2026-03-13 18:30:00,1.285642804469071,0.7904141621190264,0.6667995480062213,0.62499464,1.1621588775830207
2026-03-13 19:30:00,1.2887189897108375,0.7904141621190264,0.59413752701619,0.59183013,1.1423352950215042
2026-03-16 13:30:00,0.48596139754123313,0.7904141621190264,0.7644020608008835,0.5912266,1.2810808434685397
2026-03-16 14:30:00,0.4871578575315012,0.7904141621190264,0.8563000170768419,0.64855635,1.2586353072371321
2026-03-16 15:30:00,0.6107838751104538,0.7904141621190264,0.8426863859139628,0.7904277,1.2528477354265326
2026-03-16 16:30:00,0.5687120129668338,0.7904141621190264,0.8601047784706064,0.7745107,1.2383137112962848
2026-03-16 17:30:00,0.5651627047086242,0.7904141621190264,0.8708410490882307,0.6172878,1.2176093178061131
2026-03-16 18:30:00,0.5616185135184527,0.7904141621190264,0.7340613679911538,0.6010032,1.197195430223752
2026-03-16 19:30:00,0.5675197819547322,0.7904141621190264,0.7368944142124803,0.5889977,1.1767953065106145
2026-03-17 13:30:00,0.1856460195909794,0.7904141621190264,0.7332948594188163,0.69173014,1.1892419084423045
2026-03-17 14:30:00,0.13288473089342442,0.7904141621190264,0.662287569303489,0.7279283,1.1709325513453028
2026-03-17 15:30:00,0.7232009948608923,0.7904141621190264,0.6678779303487662,0.7080053,1.151355921958189
2026-03-17 16:30:00,0.7362846027213306,0.7904141621190264,0.667963835964305,0.67372274,1.1320356836597
2026-03-17 17:30:00,0.7305612814023883,0.7904141621190264,0.6657902669427989,0.70775276,1.1139479853862881
2026-03-17 18:30:00,0.753223422832364,0.7904141621190264,0.606655071986412,0.7516037,1.0952835027443195
2026-03-17 19:30:00,0.75297918471416,0.7904141621190264,0.5957691633486826,0.69909084,1.0772664460213688
2026-03-18 13:30:00,0.5394071224206363,0.7904141621190264,0.6720998749141306,0.6305473,1.1214580710797297
2026-03-18 14:30:00,0.5572554427329043,0.7886141812550576,0.7090865664111323,0.8260794,1.10513680901147
2026-03-18 15:30:00,0.9708107731571273,0.7886141812550576,0.6893078010300959,0.69529766,1.0866762237728846
2026-03-18 16:30:00,0.9763028687670819,0.7886141812550576,0.6824562823008631,0.68563485,1.0728235782699695
2026-03-18 17:30:00,0.9760240353942734,0.7886141812550576,0.6938998391144353,0.65147793,1.0552942725455463
2026-03-18 18:30:00,0.8574422210847834,0.7886141812550576,0.6375634138499675,0.65543973,1.0674021532712423
2026-03-18 19:30:00,0.8332684652681964,0.7886141812550576,0.6643368735052197,0.6887806,1.0549460569730091
2026-03-19 13:30:00,0.5290605497488594,0.7886141812550576,0.7293930070677269,0.5623796,1.11563501133824
2026-03-19 14:30:00,0.4915283339284056,0.7886141812550576,0.6776424846484264,0.60207057,1.1022847602573034
2026-03-19 15:30:00,1.2949668184512049,0.7886141812550576,0.6916880507032606,0.55839294,1.0839901353112993
2026-03-19 16:30:00,1.2888325498372155,0.7886141812550576,0.6529364317180281,0.6155554,1.0679588948092336
2026-03-19 17:30:00,1.3014307825794225,0.7886141812550576,0.6523705451359485,0.52227783,1.0503308940487963
2026-03-19 18:30:00,1.2233333118603527,0.7886141812550576,0.5818784289118949,0.58983696,1.060760839684819
2026-03-19 19:30:00,1.2907602815455717,0.7886141812550576,0.6063320588425901,0.6247513,1.0441151315418666
2026-03-20 13:30:00,0.5970523757441468,0.7886141812550576,0.7556196699334752,0.5729208,1.198522803759969
2026-03-20 14:30:00,0.6343713582102442,0.7886141812550576,0.8308339824120418,0.60184026,1.1778595182514209
2026-03-20 15:30:00,2.0007597593070203,0.7886141812550576,0.8201958452168214,0.6366972,1.1614073385959016
2026-03-20 16:30:00,1.9956259444783346,0.7886141812550576,0.8109812262525095,0.5891459,1.1439994299392748
2026-03-20 17:30:00,2.2082154381620747,0.7886141812550576,0.8116859654033302,0.63312775,1.145178790243762
2026-03-20 18:30:00,2.186843269555526,0.7886141812550576,0.706541782579948,0.75525016,1.1406184991424397
2026-03-20 19:30:00,2.1999074570753954,0.7886141812550576,0.7270196680066172,0.7663705,1.1267213243108836
2026-03-23 13:30:00,1.0983445534242566,0.7886141812550576,1.0111636228637293,0.56673265,1.4806221450622234
2026-03-23 14:30:00,1.1381162870668509,0.7886141812550576,1.1382038170175077,0.73167884,1.4536589827658564
2026-03-23 15:30:00,0.6477767781847455,0.7886141812550576,1.139114500061977,1.5764455,1.5235677020456186
2026-03-23 16:30:00,0.8252167464014606,0.7886141812550576,1.204811966108399,1.1357443,1.498575150586418
2026-03-23 17:30:00,0.7601195396206718,0.7886141812550576,1.1988193904026305,1.2275274,1.480499367307956
2026-03-23 18:30:00,0.8544033483063839,0.7886141812550576,1.0368212587540266,1.1699426,1.4535256036482214
2026-03-23 19:30:00,0.8207674845713019,0.7886141812550576,1.0143897379500597,1.3809116,1.4354129966650333
2026-03-24 13:30:00,0.692929289908861,0.7886141812550576,0.9264073787539084,0.8507943,1.4275865061676898
2026-03-24 14:30:00,0.4714812653007278,0.7886141812550576,0.9339657345043528,1.3095598,1.429395073864617
2026-03-24 15:30:00,0.8887099477137221,0.7886141812550577,0.963273629979886,1.0080452,1.4035522521684372
2026-03-24 16:30:00,0.7997357624954685,0.7886141812550577,0.9556242851010228,1.0892056,1.3928679249261908
2026-03-24 17:30:00,0.7806532194167185,0.7886141812550577,0.9673041706645953,0.94568056,1.3710037214466746
2026-03-24 18:30:00,0.7843546292118272,0.7886141812550577,0.9583755092749598,0.85896623,1.3464857539776143
2026-03-24 19:30:00,0.7645625200903716,0.7886141812550577,0.8994946001603383,0.67002016,1.3261351295263437
2026-03-25 13:30:00,0.20073631285499471,0.7886141812550577,0.9492638736014121,1.0627797,1.3592285140839266
2026-03-25 14:30:00,0.19860312994117094,0.8502845371380406,0.9278532690565463,1.1091292,1.335134371763796
2026-03-25 15:30:00,0.5133629311771631,0.8502845371380406,0.9242490039555482,1.0072418,1.3116419768712224
2026-03-25 16:30:00,0.585602867802594,0.8502845371380406,0.9214789691184011,1.0252037,1.2890493787732102
2026-03-25 17:30:00,0.6749713706628495,0.8502845371380406,0.9176197054018175,0.97175115,1.266938707919442
2026-03-25 18:30:00,0.6703266058004446,0.8502845371380406,0.8088465711580385,0.59648395,1.247203425390916
2026-03-25 19:30:00,0.7385152298875277,0.8502845371380406,0.8119870446580918,0.6328348,1.2255536720411848
2026-03-26 13:30:00,0.5676906440461428,0.8502845371380406,0.8386663238646387,0.75602055,1.22902165086348
2026-03-26 14:30:00,0.5156795165507029,0.8502845371380406,0.6683956143527376,0.7412757,1.217035332170449
2026-03-26 15:30:00,1.0109427469298184,0.8502845371380406,0.6875304138701331,0.7508837,1.2090345837280903
2026-03-26 16:30:00,1.0437023375414354,0.8502845371380406,0.6249055677860619,0.63545716,1.190036986340618
2026-03-26 17:30:00,1.0472144548663826,0.8502845371380406,0.6273866681064874,0.7502298,1.180556947999508
2026-03-26 18:30:00,1.1044056085029943,0.8502845371380406,0.6101452596404907,0.662918,1.1607130097234462
2026-03-26 19:30:00,1.099213012288633,0.8502845371380406,0.5949512749091226,0.6556208,1.1443150909731947
2026-03-27 13:30:00,0.5951482581059214,0.8502845371380406,0.6784641671127056,0.5356679,1.2238199339659372
2026-03-27 14:30:00,0.5336822003607669,0.8502845371380406,0.727537610616655,0.835254,1.211862117305408
2026-03-27 15:30:00,0.5086852046204474,0.8502845371380406,0.7115098785519123,0.75303805,1.2024986235158615
2026-03-27 16:30:00,0.37545211453874816,0.8502845371380406,0.7280179896166451,0.7038015,1.1958905948142569
2026-03-27 17:30:00,0.39841034660002617,0.8502845371380406,0.7348655685228367,0.6088116,1.177293732167302
2026-03-27 18:30:00,0.4734416132729536,0.8502845371380406,0.647672680018102,0.64649045,1.1594663453979466
2026-03-27 19:30:00,0.49029997228564093,0.8502845371380406,0.6399932576696231,0.62708324,1.1414475312676242
2026-03-30 13:30:00,0.5873222756705444,0.8502845371380406,0.6263483982655573,0.6079501,1.1313542714904505
2026-03-30 14:30:00,0.6951498676046459,0.8502845371380406,0.5742485253012511,0.58793914,1.113293402161752
2026-03-30 15:30:00,1.778390176986773,0.8502845371380406,0.5734457010105861,0.5889982,1.0989050312570747
2026-03-30 16:30:00,1.7768406893147934,0.8502845371380406,0.5847630129336394,0.64581233,1.0910578328125595
2026-03-30 17:30:00,1.7822024693243166,0.8502845371380406,0.5989415568149091,0.6015314,1.0767475601720886
2026-03-30 18:30:00,1.8884720272425333,0.8502845371380406,0.6095874656972803,0.6008212,1.0816319385071953
2026-03-30 19:30:00,1.8522972334756496,0.8502845371380406,0.6409905994037626,0.6519316,1.08189636093703
2026-03-31 13:30:00,0.885670881726033,0.8502845371380406,0.8925324676005693,0.4249895,1.3613344710891926
2026-03-31 14:30:00,0.8488664011408579,0.8502845371380406,0.9932714630465884,0.40940726,1.3449575311465432
2026-03-31 15:30:00,1.0994828972690984,0.8502845371380406,0.9970219754442219,0.42460537,1.3260336223173381
2026-03-31 16:30:00,0.8215572747514551,0.8502845371380406,0.9962868691456066,0.86381817,1.3596763250598751
2026-03-31 17:30:00,0.824408016308344,0.8502845371380406,1.0415417475839708,0.44781065,1.336544689953133
2026-03-31 18:30:00,0.8002756665722567,0.8502845371380406,0.8639599908845104,1.226491,1.319659203444383
2026-03-31 19:30:00,1.004207562040994,0.8502845371380406,0.8689572514433941,1.0400401,1.2979456470431738
2026-04-01 13:30:00,0.7424328996113582,0.8502845371380406,0.8886725668488725,1.3951541,1.3299536572993125
2026-04-01 14:30:00,0.7290998409089144,0.9164570599891001,0.8418943659137166,0.84505475,1.3102974520175974
2026-04-01 15:30:00,1.0318934176307546,0.9164566865474135,0.8443341840135542,0.79601765,1.2887979873504307
2026-04-01 16:30:00,1.2690521196842153,0.9164570561254718,0.8328483982110343,0.9088275,1.2691404079970219
2026-04-01 17:30:00,1.1748583996900257,0.9164557206272388,0.8452539957033507,0.8434202,1.2871833678412614
2026-04-01 18:30:00,1.1765229022567552,0.9164570550377142,0.8308421758074815,0.8409706,1.2730255781713173
2026-04-01 19:30:00,1.1806092745298795,0.9164572147173471,0.840100166014628,0.8491734,1.2527476394579562
2026-04-02 13:30:00,0.9283112787095614,0.916455750570718,0.8705640582465374,1.2849058,1.2888046556610269
2026-04-02 14:30:00,0.5824515841882931,0.9164586329279844,0.9334262417724708,1.093399,1.3250290640885298
2026-04-02 15:30:00,0.5730710896694667,0.9164560840086643,0.9534113105967776,1.34556,1.3171580655935369
2026-04-02 16:30:00,0.5397299510027611,0.9164576966692538,0.9640480716877222,1.1504081,1.3025337612013512
2026-04-02 17:30:00,0.5286129056502853,0.9164563632054037,0.9717352591464314,1.2041166,1.282541868787833
2026-04-02 18:30:00,0.5152628238906837,0.9164571365962404,0.9313538971902187,1.2732295,1.2618237389325375
2026-04-02 19:30:00,0.479329571840045,0.9164587420226743,0.8588929093032213,0.77663696,1.2453149260312824
2026-04-06 13:30:00,0.2986054667774439,0.9164567428553267,0.8451816606925941,0.9072743,1.2390641914208511
2026-04-06 14:30:00,0.2519759419049923,0.9164567717221735,0.7083887941083222,0.6455235,1.2227223517025931
2026-04-06 15:30:00,0.7137622331272295,0.9164574874815063,0.7095245170327833,0.5355353,1.2034234912968995
2026-04-06 16:30:00,0.7323709516367265,0.9164567126260642,0.7099439188199177,0.53647107,1.1830604862156513
2026-04-06 17:30:00,0.8279031915687947,0.9164570858421167,0.6614904487121588,0.63327163,1.164647909010431
2026-04-06 18:30:00,0.8262357703923467,0.9164567044955311,0.6361627397763745,0.5913842,1.1451008321852056
2026-04-06 19:30:00,0.813997124267186,0.916456335795777,0.6174285964004828,0.5748398,1.1283231632512738
2026-04-07 13:30:00,0.45300946652756013,0.9164551304703736,0.6836533512054916,0.7109074,1.1634394338718281
2026-04-07 14:30:00,0.5750699463913383,0.9164565999217301,0.6926104485299237,0.84826356,1.1471300869743388
2026-04-07 15:30:00,2.267172719807737,0.9164578786420529,0.6991838816382752,0.7923978,1.1469993959846025
2026-04-07 16:30:00,2.2729952990777855,0.9164568739908039,0.7289999341259351,0.72746474,1.127540794927642
2026-04-07 17:30:00,2.2915373324393826,0.9164574642206927,0.7222679032278335,0.75875163,1.1088098963662523
2026-04-07 18:30:00,2.2902205351665486,0.9164560051889851,0.6314918230273265,0.58790106,1.0909478166731033
2026-04-07 19:30:00,2.255953066858884,0.9164542467641079,0.6324475584478622,0.68152016,1.0919334220299315
2026-04-08 13:30:00,0.39206038706970003,0.9164612692544951,1.0429852823376904,0.84308165,1.5730836810331588
2026-04-08 14:30:00,0.4973204369556619,0.9164558374031652,1.1857566916543765,1.324704,1.5463737004623663
2026-04-08 15:30:00,0.46398946872161356,0.9164556996670769,1.156185275303679,1.208437,1.5255609362690707
2026-04-08 16:30:00,0.5233897599599695,0.9164563562574588,1.1721728237618838,0.93663144,1.4975936650302417
2026-04-08 17:30:00,0.7851898158671058,0.9164560384787814,1.160942890017846,0.93671066,1.4702711568920683
2026-04-08 18:30:00,0.7617802448820239,0.9164559511704509,0.8310096812509552,0.6507821,1.4471448031321301
2026-04-08 19:30:00,0.7105869977404625,0.9164558407003083,0.8418827568991929,0.78063446,1.432097003308909
2026-04-09 13:30:00,0.6889221603459751,0.9164557548769536,0.845284618566558,0.6773254,1.4113781205992162
2026-04-09 14:30:00,0.6449922374208852,0.8972883366262149,0.8507812593312972,0.7169738,1.3915294645993814
2026-04-09 15:30:00,0.36306610226412733,0.8972883366262149,0.8815352236201719,1.2183983,1.3994502236447461
2026-04-09 16:30:00,0.3608549181079132,0.8972883366262149,0.9190142776098587,0.95481944,1.374573502882363
2026-04-09 17:30:00,0.3862811169111725,0.8972883366262149,0.8999081305600942,0.89309007,1.3543427270305655
2026-04-09 18:30:00,0.3742612447939432,0.8972883366262149,0.9009436786952116,0.92333007,1.332625446005051
2026-04-09 19:30:00,0.3893228811989491,0.8972883366262149,0.9053244766705315,0.9419508,1.3089239222196845
2026-04-10 13:30:00,0.3066937431963871,0.8972883366262149,0.8404366951943374,0.6680223,1.2918042499587477
2026-04-10 14:30:00,0.30711883986216926,0.8972883366262149,0.8345725783284127,0.6234594,1.269190161354727
2026-04-10 15:30:00,0.17762275752990503,0.8972883366262149,0.8235893075181928,0.67475605,1.253698712914869
2026-04-10 16:30:00,0.12633737909068396,0.8972883366262149,0.8245718446046462,0.54274166,1.2334566328897512
2026-04-10 17:30:00,0.28415077504629743,0.8972883366262149,0.8290762847144365,0.5378024,1.21325199975701
2026-04-10 18:30:00,0.32409982938656456,0.8972883366262149,0.8207527391705333,0.5321753,1.192381263428159
2026-04-10 19:30:00,0.32144583379021174,0.8972883366262149,0.8199252641309868,0.539399,1.1720702162602672
2026-04-13 13:30:00,0.38212286926408384,0.8972883366262149,0.7913228806039023,0.54379326,1.152135756233495
2026-04-13 14:30:00,0.4995908814181187,0.8972883366262149,0.44016069742150427,0.3899822,1.1325396307503437
2026-04-13 15:30:00,0.833271969484747,0.8972883366262149,0.4515147037220364,0.47203505,1.1224592935167632
2026-04-13 16:30:00,0.8381619975758638,0.8972883366262149,0.4602042909200176,0.4766666,1.1066142436839375
2026-04-13 17:30:00,0.8602058918135347,0.8972883366262149,0.4712949391820939,0.45196548,1.0880973034525516
2026-04-13 18:30:00,0.8346060374642038,0.8972883366262149,0.47134580138711324,0.5090467,1.0754123702547649
2026-04-13 19:30:00,0.7873802518956927,0.8972883366262149,0.4897920780190118,0.5749897,1.0705381374059475
2026-04-14 13:30:00,0.39346999324229487,0.8972883366262149,0.5569363666910292,0.5419233,1.1166489755703224
2026-04-14 14:30:00,0.3487073630011083,0.8972883366262149,0.598555981217531,0.5734015,1.1019409242228164
2026-04-14 15:30:00,0.46439454963568705,0.8972883366262149,0.5993817285356685,0.5758697,1.0881134272758546
2026-04-14 16:30:00,0.46839302508465913,0.8972883366262149,0.572424197500391,0.48330015,1.0700557271357274
2026-04-14 17:30:00,0.4385723571526234,0.8972883366262149,0.5556729881163331,0.6165675,1.05577785421698
2026-04-14 18:30:00,0.36943519660807445,0.8972883366262149,0.4843684344369873,0.51419103,1.045560176351967
2026-04-14 19:30:00,0.3999100070032851,0.8972883366262149,0.49109872071119615,0.49308702,1.028518873036224
2026-04-15 13:30:00,0.2724044928549582,0.8972883366262149,0.4981119646242179,0.5368158,1.0289690734491002
2026-04-15 14:30:00,0.2656309529770805,0.8972883366262149,0.5166452781543649,0.55020404,1.012805720357388
2026-04-15 15:30:00,0.28385322866100404,0.8972883366262149,0.5164318587070262,0.46256253,0.9964834870232053
2026-04-15 16:30:00,0.36796139397080985,0.8972883366262149,0.4970196812790298,0.48135507,0.9805643559724448
2026-04-15 17:30:00,0.37709844707440315,0.8972883366262149,0.49147680216605955,0.50228614,0.9683110771439946
2026-04-15 18:30:00,0.3620406402322896,0.8972883366262149,0.468940692595977,0.44430688,0.9594579839888941
2026-04-15 19:30:00,0.383979793805411,0.8972883366262149,0.4829860980472669,0.44000864,0.9445027294204803
2026-04-16 13:30:00,0.40373917794532194,0.8972883366262149,0.48081579144346487,0.4806307,0.9312707395874892
2026-04-16 14:30:00,0.3412261936963689,0.8017005659889411,0.4902593343182162,0.5075,0.9248542106229293
2026-04-16 15:30:00,1.126750006422814,0.8017005659889411,0.4998002996685244,0.49076828,0.9151527512136237
2026-04-16 16:30:00,1.1284023738782898,0.8017005659889411,0.49187581432536476,0.50122017,0.9063455079460004
2026-04-16 17:30:00,1.127860410573812,0.8017005659889411,0.49918359113332894,0.49984008,0.8951404406135512
2026-04-16 18:30:00,1.139777375398129,0.8017005659889411,0.5028920546003514,0.50241125,0.8855517784723299
2026-04-16 19:30:00,1.136161362981552,0.8017005659889411,0.49390888371491115,0.4899117,0.8736263842069988
2026-04-17 13:30:00,0.3361382494245019,0.8017005659889411,0.6467086474197604,0.41720256,1.0273154357328411
2026-04-17 14:30:00,0.2945628494114851,0.8017005659889411,0.6776967073574395,0.62791234,1.0157073455574361
2026-04-17 15:30:00,0.3084422047744303,0.8017005659889411,0.6816793182516904,0.5504737,1.0013953952471495
2026-04-17 16:30:00,0.22402701381675985,0.8017005659889411,0.676729469466421,0.647856,0.992413486335437
2026-04-17 17:30:00,0.24354790069619708,0.8017005659889411,0.693578709023789,0.54370314,0.9765959508380431
2026-04-17 18:30:00,0.23554245811348032,0.8017005659889411,0.5506264562340493,0.5273178,0.9619789641119781
2026-04-17 19:30:00,0.21305861440455656,0.8017005659889411,0.5369541527808475,0.52708006,0.9486252934151963
2026-04-20 13:30:00,0.15215934611700263,0.8017005659889411,0.5379528336972156,0.5154183,0.937274899311491
2026-04-20 14:30:00,0.1563449703912332,0.8017005659889411,0.5176255426310081,0.4425609,0.9238927438811122
2026-04-20 15:30:00,0.2922424649017934,0.8017005659889411,0.5207273387711573,0.45186624,0.9110866161826524
2026-04-20 16:30:00,0.6188940457219306,0.8017005659889411,0.5235117671246491,0.45297495,0.8975749927795226
2026-04-20 17:30:00,0.6187940666083291,0.8017005659889411,0.5197952684007675,0.45092267,0.8844262692301386
2026-04-20 18:30:00,0.6611648344620599,0.8017005659889411,0.5078440245713842,0.46643993,0.8715358171639682
2026-04-20 19:30:00,0.6569319628086391,0.8017005659889411,0.5008886521438003,0.4599107,0.8600810612457118
2026-04-21 13:30:00,0.7067954130632319,0.8017005659889411,0.5169101492848128,0.5271222,0.8584649844360266
2026-04-21 14:30:00,0.6765045250205562,0.8017005659889411,0.575624178781764,0.5501888,0.8917924367684088
2026-04-21 15:30:00,1.1265269894738794,0.8017005659889411,0.6109755588181796,0.5626781,0.8787725883815476
2026-04-21 16:30:00,1.1022999323795775,0.8017005659889411,0.6052074408333036,0.58551955,0.8743054511196897
2026-04-21 17:30:00,1.1105766064719353,0.8017005659889411,0.6159992050355951,0.5623887,0.8619166423867484
2026-04-21 18:30:00,1.0539196003033757,0.8017005659889411,0.6098382439265378,0.73732656,0.8706677172640237
2026-04-21 19:30:00,0.9272325490885259,0.8017005659889411,0.6128860603965895,0.6017578,0.8968965117411352
2026-04-22 13:30:00,0.25693157457272153,0.8017005659889411,0.716982705805509,0.6706048,0.9982815795153998
2026-04-22 14:30:00,0.2746198347813218,0.8017005659889411,0.6905604831579261,0.508138,0.9825833461629321
2026-04-22 15:30:00,0.2507675157827974,0.8017005659889411,0.6823336093899472,0.6283105,0.9699645868684164
2026-04-22 16:30:00,0.2991066177356308,0.8017005659889411,0.6745108692277698,0.5817895,0.9568406612455387
2026-04-22 17:30:00,0.33753396665250757,0.8017005659889411,0.652295155943678,0.52365714,0.942849976785364
2026-04-22 18:30:00,0.7283908972762018,0.8017005659889411,0.5357676178906103,0.44876572,0.9310639415103003
2026-04-22 19:30:00,0.8000642623540397,0.8017005659889411,0.5419521673413628,0.4818154,0.9183890385364955
2026-04-23 13:30:00,0.7944636614017,0.8017005659889411,0.5385176020426998,0.45303205,0.9057167307527856
2026-04-23 14:30:00,0.7675047430549196,0.7733509323735052,0.5395785389774871,0.5177091,0.8982698034231207
2026-04-23 15:30:00,0.7731653063709755,0.7733479164899987,0.5504206854477404,0.5259869,0.8894550634129764
2026-04-23 16:30:00,0.4895800631686843,0.7733462021609131,0.6135990336499935,0.59315497,0.9400080362761806
2026-04-23 17:30:00,0.4002312133893928,0.7733522016412213,0.6599258067868716,0.6775356,0.9426616769624153
2026-04-23 18:30:00,0.40189526239859213,0.7733501594021347,0.6853545592922264,0.6760846,0.9280769354206201
2026-04-23 19:30:00,0.40186494037685255,0.7733550802731489,0.6814346397686216,0.81138647,0.9138246671502959
2026-04-24 13:30:00,0.3627479153983998,0.7733524347634098,0.6692156492043342,0.7278932,0.9058218661935035
2026-04-24 14:30:00,0.23312649622373904,0.7733524655741879,0.6153924905081941,0.56885785,0.903713296864065
2026-04-24 15:30:00,0.135973956996147,0.7733508150373296,0.5860724104453954,0.5731684,0.8962329366802484
2026-04-24 16:30:00,0.1443166808062304,0.7733507252397932,0.5993927763383214,0.5748282,0.8830054710902963
2026-04-24 17:30:00,0.18803661473496375,0.7733506195386266,0.597979959167611,0.55817944,0.8698773773064628
2026-04-24 18:30:00,0.1894900870662664,0.7733516997002261,0.5838595593155014,0.5725189,0.8586591739177838
2026-04-24 19:30:00,0.19916964122275016,0.7733504606162929,0.5558652388464449,0.5372736,0.846327285043043
2026-04-27 13:30:00,0.1846115721147891,0.7733503091178723,0.5140642806374524,0.4548268,0.8350284755513125
2026-04-27 14:30:00,0.1737706027639046,0.7733503239184011,0.4316109267663246,0.4345364,0.8237549576461409
2026-04-27 15:30:00,0.5623332637575374,0.7733515271579382,0.4359441643244526,0.42611548,0.8145191421688721
2026-04-27 16:30:00,0.5844468446668053,0.7733514696711478,0.436181181351991,0.43265396,0.8049247152451271
2026-04-27 17:30:00,0.5832527611284863,0.7733510101452008,0.43917400499034853,0.4371026,0.7946269343832899
2026-04-27 18:30:00,0.5839054152931412,0.7733512780972491,0.4409698369890991,0.4016846,0.7837880702147532
2026-04-27 19:30:00,0.6090046566729111,0.7733519000901299,0.436846760418248,0.40914574,0.7732331604701748
2026-04-28 13:30:00,0.2673427209619226,0.7733471519985655,0.49340256556293827,0.51025647,0.8136041888899019
2026-04-28 14:30:00,0.1885157432644366,0.7733501162973392,0.5286533466020218,0.56155115,0.8082143097601071
2026-04-28 15:30:00,0.181191386156417,0.7733503135306244,0.5346382354180372,0.5562766,0.7975945816323214
2026-04-28 16:30:00,0.19866130954509595,0.7733510153316513,0.533810729896049,0.5581668,0.7868058045270776
2026-04-28 17:30:00,0.18505924052005554,0.7733527595878484,0.4757459583436413,0.5948925,0.7812777205326356
2026-04-28 18:30:00,0.18334784192011563,0.773349565831248,0.41123586565814657,0.43668044,0.7709845902202905
2026-04-28 19:30:00,0.20715408528892543,0.7733527539300395,0.39953928950941386,0.42338473,0.7607988840503987
2026-04-29 13:30:00,0.31003982070483255,0.7733513772034155,0.3971828825858861,0.4308587,0.7509996430088044
2026-04-29 14:30:00,0.3141047510722031,0.7733511540788203,0.39039592422351693,0.4732628,0.7426565654890978
2026-04-29 15:30:00,0.27853470916543793,0.7733514345017671,0.37367707999006783,0.44562706,0.7376778683505179
2026-04-29 16:30:00,0.4384073425530065,0.7733513986844641,0.37711976135996517,0.45549875,0.7284619580105118
2026-04-29 17:30:00,0.4401747153203938,0.7733515405445233,0.3765777895095682,0.43632415,0.7211514995305837
2026-04-29 18:30:00,0.3840636954703346,0.7733519484112242,0.39235360788604023,0.48865128,0.7223001945396522
2026-04-29 19:30:00,0.470026442886581,0.7733514814940108,0.4035710220471552,0.4895981,0.7152699939726542
2026-04-30 13:30:00,0.4970508490395137,0.773351829712641,0.4010928653389375,0.45908034,0.7072683140616074
2026-04-30 14:30:00,0.37715649770718374,0.6394675628637755,0.42304398765895457,0.53889626,0.7203566407230713
2026-04-30 15:30:00,0.8906223314374717,0.6394675628637755,0.44307867840593496,0.5479897,0.7135795683764272
2026-04-30 16:30:00,0.8963103931875237,0.6394675628637755,0.43390191588619487,0.508027,0.7063988631253159
2026-04-30 17:30:00,0.8633101750219783,0.6394675628637755,0.4429951740416415,0.5475661,0.7136533228015204
2026-04-30 18:30:00,0.8538349865341313,0.6394675628637755,0.46031348224349644,0.5584063,0.7106005782720173
2026-04-30 19:30:00,0.8549717472167736,0.6394675628637755,0.4470582925482832,0.51549363,0.703992882361348
2026-05-01 13:30:00,0.2647839536585284,0.6394675628637755,0.5539703540689171,0.49932295,0.8122497081464201
2026-05-01 14:30:00,0.33319155703282965,0.6394675628637755,0.5792968267029032,0.53627723,0.8039073130003875
2026-05-01 15:30:00,0.30323138170760794,0.6394675628637755,0.5704795965598782,0.54191715,0.7970486841024865
2026-05-01 16:30:00,0.479308253917299,0.6394675628637755,0.5734114500371985,0.5353057,0.7884204771445222
2026-05-01 17:30:00,0.5076748994882295,0.6394675628637755,0.5753239047977311,0.53056896,0.7798315517723707
2026-05-01 18:30:00,0.5517902370700809,0.6394675628637755,0.47817653419438577,0.45072868,0.7695714583943792
2026-05-01 19:30:00,0.508301148782304,0.6394675628637755,0.4795140112524785,0.5047201,0.7696161918994173
2026-05-04 13:30:00,0.5021224031934788,0.6394675628637755,0.4881293018367466,0.48985198,0.760531905329822
2026-05-04 14:30:00,0.32084144075640914,0.6394675628637755,0.5092807732930406,0.5645879,0.7769139216502559
2026-05-04 15:30:00,0.7663659644977019,0.6394675628637755,0.5324650040878894,0.57665694,0.7734853815631513
2026-05-04 16:30:00,0.7349585445680172,0.6394675628637755,0.5408484900608945,0.59841233,0.7714863582121669
2026-05-04 17:30:00,0.7263843960525093,0.6394675628637755,0.543146643514158,0.5767482,0.7634756855002877
2026-05-04 18:30:00,0.7273719776208756,0.6394675628637755,0.5499137929435579,0.5658127,0.75346571403573
2026-05-04 19:30:00,0.7309492192937651,0.6394675628637755,0.5104434667591236,0.5269468,0.7441029113449701
2026-05-05 13:30:00,0.10391194366950818,0.6394675628637755,0.5805250002389182,0.56345034,0.8240376002921433
2026-05-05 14:30:00,0.16857501066773278,0.6394675628637755,0.6305724401748625,0.62700784,0.8125341562090368
2026-05-05 15:30:00,0.8801595294045592,0.6394675628637755,0.6199115477216379,0.61697584,0.8012500415169768
2026-05-05 16:30:00,0.9225546861699071,0.6394675628637755,0.6172891086961495,0.62163365,0.7904734501092394
2026-05-05 17:30:00,0.9194274640829917,0.6394675628637755,0.6140622031859444,0.6337561,0.7809870594522833
2026-05-05 18:30:00,0.9188879351005016,0.6394675628637755,0.5043171102099486,0.373863,0.7707025879365224
2026-05-05 19:30:00,0.9277841847721455,0.6394675628637755,0.5061286521119717,0.44371504,0.7636878848179393
2026-05-06 13:30:00,0.35591631351589903,0.6394675628637755,0.6308169872491463,0.5554512,0.8753988981607773
2026-05-06 14:30:00,0.22126205214310196,0.6394675628637755,0.6363725006650047,0.56889004,0.874374066934155
2026-05-06 15:30:00,0.2422273049446519,0.6394675628637755,0.6534667212885923,0.51118207,0.8617065290933192
2026-05-06 16:30:00,0.24679510771635024,0.6394675628637755,0.6532951339363013,0.49322617,0.849143062969508
2026-05-06 17:30:00,0.26531479596881996,0.6394675628637755,0.6428349650045484,0.56077296,0.8423732891335083
2026-05-06 18:30:00,0.44515053825176293,0.6394675628637755,0.5518547249186835,0.5403536,0.8322550935378951
2026-05-06 19:30:00,0.45418595637530546,0.6394675628637755,0.5368112903544092,0.43705744,0.8204497503685448
2026-05-07 13:30:00,0.45462085140253095,0.6394675628637755,0.5285939763024364,0.46572924,0.8107782559018218
2026-05-07 14:30:00,0.47594893228125323,0.5776808695958239,0.5335924652846133,0.45700532,0.7999046462291802
2026-05-07 15:30:00,0.828168668794745,0.5776808695958239,0.5139814190933573,0.45753872,0.7963318358658107
2026-05-07 16:30:00,0.7388989938779983,0.5776808695958239,0.54063658670911,0.56664675,0.8087909910658415
2026-05-07 17:30:00,0.7383983389005587,0.5776808695958239,0.5611278060690871,0.54684204,0.7989505168342069
2026-05-07 18:30:00,0.7306916875450432,0.5776808695958239,0.5597422373014136,0.560705,0.7899587840785913
2026-05-07 19:30:00,0.7153372012702832,0.5776808695958239,0.5621309952264155,0.5647923,0.7830189818828797
2026-05-08 13:30:00,0.17323451446811544,0.5776808695958239,0.6200797565494411,0.5527672,0.8546964064940276
2026-05-08 14:30:00,0.210635845920979,0.5776808695958239,0.6153108623531588,0.6595537,0.8423236615171658
