timestamp,y_true,SIG,HAR_RV,XGBOOST,GARCH
2026-02-27 16:10:00,0.1688293332630246,0.14305212053494282,0.19757754442455958,0.19122796,0.3058774267125798
2026-02-27 16:15:00,0.2027375489054422,0.14305193378287248,0.17776395557092695,0.16982406,0.2957107754656153
2026-02-27 16:20:00,0.2017314757678272,0.14305193602532476,0.16723404057231855,0.16451252,0.286477700030297
2026-02-27 16:25:00,0.23853880502669572,0.14305194012720499,0.17318889265564366,0.18211728,0.2801464714703017
2026-02-27 16:30:00,0.23240234390244238,0.14305256356363702,0.18075950835219431,0.21501021,0.28141286214383876
2026-02-27 16:35:00,0.23564709905720813,0.14305193088402168,0.17695935440788518,0.15413177,0.27976332826041655
2026-02-27 16:40:00,0.22006110100525425,0.1430522358542573,0.18995171987522483,0.3092386,0.2804933677542574
2026-02-27 16:45:00,0.28626458534045424,0.14305205172552588,0.17137185602418728,0.16739544,0.27205995531346716
2026-02-27 16:50:00,0.2650045020185679,0.14305217861751873,0.20580344525383734,0.23367162,0.2786756572640681
2026-02-27 16:55:00,0.2451734172750908,0.1430521254672601,0.19693032817437583,0.1983382,0.27804238053373176
2026-02-27 17:00:00,0.22121156873401437,0.14305202803414738,0.19844642268587143,0.18935953,0.27779964713267596
2026-02-27 17:05:00,0.23334005032185226,0.14305206648696925,0.18817538851035448,0.18480994,0.2736326095068412
2026-02-27 17:10:00,0.16830397330915853,0.14305225938179836,0.22845643631561507,0.23971984,0.2896317697903448
2026-02-27 17:15:00,0.14965587060680963,0.1430520219572866,0.2047658861847899,0.2002383,0.28617454068672954
2026-02-27 17:20:00,0.14785541779373643,0.14305193469008318,0.186903115247775,0.18999787,0.27768329383946055
2026-02-27 17:25:00,0.14960168969162826,0.14305197180867235,0.17690806193404476,0.14569534,0.2693729363867297
2026-02-27 17:30:00,0.11770142547085803,0.143052434769495,0.19817053327667017,0.1830317,0.27002044180089624
2026-02-27 17:35:00,0.08453347093461566,0.14305195121917325,0.1751942648847748,0.1566243,0.2678835268706922
2026-02-27 17:40:00,0.0733225015089594,0.14305193308822894,0.1623008715400184,0.17723209,0.26197765880907736
2026-02-27 17:45:00,0.07399045620781078,0.14305202629735952,0.15532436867046961,0.1396165,0.2548693746623724
2026-02-27 17:50:00,0.07927356518240697,0.14305198856601867,0.1578622815848193,0.15770058,0.24866261164002185
2026-02-27 17:55:00,0.06080616987116272,0.14305203106993827,0.15326432542915486,0.13967629,0.24469184152709025
2026-02-27 18:00:00,0.06913767412997719,0.14305193907558297,0.13908343947273805,0.16471289,0.23951744179525367
2026-02-27 18:05:00,0.06906181784960227,0.14305196720932856,0.1345868272898535,0.15780483,0.23447150608717401
2026-02-27 18:10:00,0.0673821286758073,0.14525978188614644,0.13350263633853793,0.15277027,0.22958124702781108
2026-02-27 18:15:00,0.05932127061678686,0.14525978188612607,0.13890593864135253,0.13437693,0.22611588857965131
2026-02-27 18:20:00,0.06017962881368712,0.14525978188612707,0.12895233376961812,0.09923144,0.22184253899055545
2026-02-27 18:25:00,0.043584609350979006,0.14525978188582334,0.13684202328422163,0.115116626,0.2195538651769738
2026-02-27 18:30:00,0.038954106362317824,0.14525978188575495,0.13279200855037956,0.120006956,0.21615849661726588
2026-02-27 18:35:00,0.11034700996136813,0.1452597818857288,0.129535675706196,0.10230352,0.21257827089470557
2026-02-27 18:40:00,0.15501412759133207,0.14525978188572888,0.12904005032937454,0.14081553,0.20965970299976988
2026-02-27 18:45:00,0.15385072429458926,0.14525978188573638,0.12857883188077512,0.15887688,0.2068833032806558
2026-02-27 18:50:00,0.15282363658744605,0.14525978188573685,0.12330192195245576,0.15240441,0.2043258128184724
2026-02-27 18:55:00,0.1558848189175467,0.14525978188570865,0.12127003712457848,0.09204057,0.20189990684112238
2026-02-27 19:00:00,0.11700789816761925,0.14525978188577462,0.1587629712911946,0.11259732,0.20988375989819932
2026-02-27 19:05:00,0.04528123158599602,0.14525978188610947,0.17355537710779953,0.22292174,0.21824892098342105
2026-02-27 19:10:00,0.07513838195598936,0.1452597818861913,0.15256113310661715,0.21213739,0.21439701255343221
2026-02-27 19:15:00,0.09980014309954269,0.14525978188618344,0.15280071052909341,0.16836432,0.2108861824910131
2026-02-27 19:20:00,0.09560922164678048,0.14525978188607191,0.15913318843315583,0.18296823,0.2087817924356501
2026-02-27 19:25:00,0.09479690876939417,0.14525978188582359,0.14321918752996618,0.16435292,0.20588365539461786
2026-02-27 19:30:00,0.09223378352862488,0.14525978188572364,0.12438388874008197,0.068276264,0.2037649069676429
2026-02-27 19:35:00,0.08268405882601304,0.1452597818857799,0.13971435693492362,0.11162101,0.20467170306985946
2026-02-27 19:40:00,0.06751555504013487,0.1452597818858839,0.148264847120238,0.16379155,0.20619326181459047
2026-02-27 19:45:00,0.19511199937713455,0.14525978188585953,0.1381432422641324,0.20468886,0.20372413098663938
2026-02-27 19:50:00,0.2024443305358494,0.1452597818858334,0.13429522320250215,0.2533097,0.20111953307813554
2026-02-27 19:55:00,0.20544108767722463,0.14525978188565747,0.13627420899221052,0.16999425,0.19895964808169833
2026-02-27 20:00:00,0.20424167638676288,0.14525978188549352,0.13897296396127742,0.14575903,0.198712050959271
2026-02-27 20:05:00,0.20127430787850467,0.14525978188548835,0.13472947563295598,0.14987828,0.19861683846659073
2026-02-27 20:10:00,0.1382439844761933,0.14525978188561486,0.19962254098282414,0.27939412,0.22810231758382576
2026-02-27 20:15:00,0.14033641590517704,0.14525978188571267,0.17734424540371987,0.2459642,0.22600741984877293
2026-02-27 20:20:00,0.14837234699363766,0.14525978188571406,0.175224310674109,0.24303159,0.2227933514576247
2026-02-27 20:25:00,0.14470063711183387,0.14525978188561367,0.17488844510981685,0.24303159,0.21985991261088236
2026-02-27 20:30:00,0.17464597766333484,0.14525978188551372,0.17237085796080132,0.2360572,0.2166523112771321
2026-02-27 20:35:00,0.7550137130144736,0.14525978188556593,0.16929530606127835,0.20287535,0.22424499679373647
2026-02-27 20:40:00,0.753217108707618,0.14525978188580624,0.16008180900593177,0.14570124,0.2230249414631104
2026-02-27 20:45:00,0.7669967674382465,0.145259781885806,0.16294100888910923,0.14253493,0.2221519984160108
2026-02-27 20:50:00,0.7847355498651235,0.14525978188578612,0.15370680276877596,0.21552362,0.2182999451134833
2026-02-27 20:55:00,0.7849868841230531,0.1452597818796853,0.17825289354058016,0.24781571,0.22386366474561453
2026-03-02 14:30:00,0.26332109609265747,0.14525978187973815,0.4771744120745038,0.2830804,0.5168017209093643
2026-03-02 14:35:00,0.3185131533978488,0.14525978188353775,0.34206430178763914,0.20615439,0.4937449361129396
2026-03-02 14:40:00,0.2770655735052202,0.14525978188284247,0.3706256153205767,0.24140814,0.4819723295889293
2026-03-02 14:45:00,0.24418500888973765,0.14525978188248295,0.37793562401414543,0.260034,0.4724622683898044
2026-03-02 14:50:00,0.22442724472463518,0.1452597818830817,0.36620759230478794,0.23290896,0.456377620857499
2026-03-02 14:55:00,0.22532274499837765,0.1452597818830599,0.20445891428506058,0.21356489,0.43885148174343014
2026-03-02 15:00:00,0.16926785821079912,0.14525978188314786,0.24173569910259513,0.21926032,0.43528524499464555
2026-03-02 15:05:00,0.1821159394572864,0.14525978188327765,0.19604231872562533,0.19839872,0.4166886413282209
2026-03-02 15:10:00,0.2053064267371207,0.1452597818833542,0.2049816167386792,0.19396119,0.4045040835439842
2026-03-02 15:15:00,0.2086268673212132,0.14525978188336072,0.18699052771657154,0.17923214,0.38855107944711936
2026-03-02 15:20:00,0.1966316577984037,0.14525978188327981,0.19389418763323382,0.1910963,0.375729409085992
2026-03-02 15:25:00,0.20059229925709593,0.1452597818832845,0.18273329803258104,0.17089303,0.3666422457150715
2026-03-02 15:30:00,0.22617982553059418,0.14525978188320463,0.17952583966138108,0.21731375,0.3547922069023156
2026-03-02 15:35:00,0.19010820670618733,0.14525978188356706,0.20031255552903257,0.1939854,0.3524334737816839
2026-03-02 15:40:00,0.2180426193207965,0.14525978188338848,0.185050757541889,0.18297566,0.3406525383590338
2026-03-02 15:45:00,0.21840815724642115,0.14525978188344318,0.17623738997546415,0.16728552,0.3283443924598554
2026-03-02 15:50:00,0.20559861887186925,0.14525978188322813,0.19345835207940798,0.24908996,0.32407417230944163
2026-03-02 15:55:00,0.16417468402182256,0.1452597818836877,0.20358940570979694,0.1686018,0.3220951478816704
2026-03-02 16:00:00,0.25682295689971574,0.14525978188337668,0.1823546924406731,0.20800321,0.31358597194781307
2026-03-02 16:05:00,0.24412516546497634,0.14525978188297667,0.20035845895650345,0.1647988,0.31189607583091145
2026-03-02 16:10:00,0.3088260506863028,0.14525978188309985,0.18343178068941776,0.15550679,0.3016368835037073
2026-03-02 16:15:00,0.3526793451458495,0.14525978188312105,0.18975959954032084,0.19741969,0.2961886908252549
2026-03-02 16:20:00,0.352522776621844,0.14525978188309982,0.15980834154405574,0.16219012,0.28653958953723724
2026-03-02 16:25:00,0.28849291537929994,0.1452597818831383,0.22506551030188235,0.203283,0.3071252511527554
2026-03-02 16:30:00,0.27485163926199585,0.1452597818834975,0.19854794587136695,0.21034327,0.3019068045524843
2026-03-02 16:35:00,0.19765853279339277,0.14525978188357247,0.2371734427604436,0.23856333,0.3156778637050102
2026-03-02 16:40:00,0.0638150749468489,0.14525978188350633,0.25016414635740714,0.23395945,0.3271564511710867
2026-03-02 16:45:00,0.07366995782021525,0.14525978188358518,0.2153430119698253,0.20987129,0.3153322034114472
2026-03-02 16:50:00,0.11141640811882754,0.14525978188310978,0.20471058305999182,0.2495889,0.30601909929663956
2026-03-02 16:55:00,0.11015842841086047,0.1452597818827873,0.1940596449784252,0.22214323,0.29578737802570665
2026-03-02 17:00:00,0.13531387252946514,0.14525978188278,0.1700886040485488,0.15443026,0.28617811243949076
2026-03-02 17:05:00,0.14261275713292848,0.14525978188222674,0.13356463042845423,0.10254683,0.2778046864972131
2026-03-02 17:10:00,0.13952770376144957,0.14525978188219826,0.1376957913643708,0.11634523,0.27037257758513
2026-03-02 17:15:00,0.11678576679226091,0.14525978188219826,0.16045808536931036,0.12603733,0.2696630186960936
2026-03-02 17:20:00,0.11830120556459468,0.14525978188226865,0.14180334006927914,0.18591242,0.26180729160886357
2026-03-02 17:25:00,0.09952373340151363,0.14525978188224167,0.16386823235312722,0.11711025,0.2594108590073912
2026-03-02 17:30:00,0.08401470248955441,0.14525978188193814,0.16132260727001269,0.15747431,0.25462968391841784
2026-03-02 17:35:00,0.08091992054698931,0.14525978188197597,0.15440199333574123,0.15684539,0.24829607921128868
2026-03-02 17:40:00,0.06705677638020986,0.14525978188198052,0.1549202812212685,0.120067045,0.24515600130955653
2026-03-02 17:45:00,0.06537527333033714,0.1452597818819828,0.14710811707524066,0.2170628,0.23943539971409927
2026-03-02 17:50:00,0.07955586342115226,0.14525978188198443,0.14681700847009352,0.1575555,0.2357536472320567
2026-03-02 17:55:00,0.081049331728001,0.14525978188193378,0.13516201061600353,0.16535108,0.23057492369068963
2026-03-02 18:00:00,0.09139380347456559,0.14525978188193464,0.13217794194892352,0.18524921,0.2257082477816885
2026-03-02 18:05:00,0.084346811491884,0.1452597818819485,0.13591946100753186,0.1320567,0.22282724712699536
2026-03-02 18:10:00,0.09863769552737485,0.15598308260786245,0.1296653336782715,0.14076693,0.21871551710029422
2026-03-02 18:15:00,0.07408780185542424,0.15598298475806718,0.14350838828577814,0.10005702,0.21874907970502241
2026-03-02 18:20:00,0.09422351220512286,0.15598297020577884,0.1350719378748235,0.1475137,0.2151839763965056
2026-03-02 18:25:00,0.08574230920169053,0.1559830989643945,0.1419726630737695,0.14807986,0.21325325010259272
2026-03-02 18:30:00,0.10453605665209842,0.15598300033712859,0.13556227817967093,0.16597317,0.2103339704404676
2026-03-02 18:35:00,0.10606315583398898,0.1559829603110063,0.14538135942544334,0.1905743,0.20976876248649712
2026-03-02 18:40:00,0.15531808088592175,0.15598305897878945,0.12948842025195406,0.13261385,0.20668715036259022
2026-03-02 18:45:00,0.15958594682382712,0.1559829552930978,0.1457353296203989,0.16635795,0.20743564514135046
2026-03-02 18:50:00,0.1926596761666961,0.1559830024270124,0.1347031024698132,0.15932426,0.2047549642643555
2026-03-02 18:55:00,0.18167935144733008,0.15598286862750563,0.14944723804618937,0.1428407,0.20606122185956202
2026-03-02 19:00:00,0.1876630963227436,0.15598319636785365,0.14829437962355516,0.12111764,0.20622613679912347
2026-03-02 19:05:00,0.15132740194423272,0.1559831460673753,0.17403677204814702,0.24444118,0.21563425873403622
2026-03-02 19:10:00,0.13448945046841482,0.1559830988408307,0.16744830402302957,0.1488629,0.21670983931090987
2026-03-02 19:15:00,0.08356344269571499,0.15598317382633578,0.18454252247230066,0.32196128,0.22379523757489947
2026-03-02 19:20:00,0.08842587786353447,0.15598304824552048,0.16121183207686912,0.2806193,0.21948834838300071
2026-03-02 19:25:00,0.058151377797221036,0.15598313024216054,0.17622699060926078,0.30818394,0.2203362472270295
2026-03-02 19:30:00,0.06522798301811135,0.15598299862483242,0.15628546760852963,0.15700053,0.21686631307713183
2026-03-02 19:35:00,0.06771873745354454,0.1559830813458561,0.14975423580059014,0.1125941,0.21338805265649774
2026-03-02 19:40:00,0.27434165285119644,0.15598302407625445,0.13671538396305805,0.1526771,0.21070197892211084
2026-03-02 19:45:00,0.30451983636567626,0.15598306168773024,0.13831827708716266,0.16453055,0.20829462782463862
2026-03-02 19:50:00,0.3237714989038597,0.15598304734871943,0.12929971154371767,0.12648758,0.20610399540367244
2026-03-02 19:55:00,0.32698359620028866,0.15598295243762494,0.1331837603792462,0.09765065,0.20473132651981382
2026-03-02 20:00:00,0.3285982990191945,0.15598296456284838,0.13133753046546873,0.11362718,0.20263585458018976
2026-03-02 20:05:00,0.21458167543998713,0.15598259079947194,0.2397901543216942,0.30911222,0.2615231988853841
2026-03-02 20:10:00,0.16684026483008108,0.15598284766228604,0.22418436978880377,0.25501883,0.26816520219488177
2026-03-02 20:15:00,0.12373866930435308,0.15598310755461048,0.2260120048919792,0.31725317,0.2700894916187981
2026-03-02 20:20:00,0.10931797560180719,0.1559830117644094,0.21684719566953534,0.24575897,0.2648891886410381
2026-03-02 20:25:00,0.1176760472836953,0.1559830217826259,0.21375281242491845,0.24592398,0.2586643796119169
2026-03-02 20:30:00,0.08487027293442076,0.15598323843499323,0.19054556895981745,0.17220147,0.2590343199776716
2026-03-02 20:35:00,1.740629284264129,0.15598298525042906,0.159777847312446,0.15488462,0.2520438196228518
2026-03-02 20:40:00,1.749865337930552,0.15598299313565017,0.14883438735995158,0.14765067,0.2458339606071356
2026-03-02 20:45:00,1.7832805637522642,0.1559830289127265,0.14338662839480354,0.16232498,0.23993968284279743
2026-03-02 20:50:00,1.7880999290966613,0.1559829917203871,0.15438471783611196,0.15444581,0.2373264428181164
2026-03-02 20:55:00,1.7913375600367973,0.15598370847323326,0.14337091883128456,0.14372501,0.23439061582204826
2026-03-03 14:30:00,0.45176586267403096,0.15598135683731373,0.9685679611416049,0.2599763,1.1185226141679223
2026-03-03 14:35:00,0.41511819676383194,0.15598305672949075,0.6781149041629433,0.23191997,1.0686568765562592
2026-03-03 14:40:00,0.23385702257937924,0.1559825329755685,0.7191382222954518,0.2599763,1.0381802289132953
2026-03-03 14:45:00,0.18913323254512027,0.1559829943151933,0.6830140511204204,0.22069348,0.9906417356191628
2026-03-03 14:50:00,0.27674010038281704,0.15598308134552194,0.679546049359876,0.19486858,0.9444980971503432
2026-03-03 14:55:00,0.2587693513211991,0.15598272482831418,0.2823048281211554,0.29458055,0.9016984128896522
2026-03-03 15:00:00,0.2722010826788576,0.1559830088315249,0.2517865137228453,0.28220767,0.8574385673541706
2026-03-03 15:05:00,0.32316291991262297,0.15598295687924987,0.19684607773097018,0.14884003,0.8154938459737341
2026-03-03 15:10:00,0.33545946061745224,0.15598311455495417,0.18685963679260453,0.18454644,0.7761189661770437
2026-03-03 15:15:00,0.24925143936289856,0.15598287625013538,0.2493048977148032,0.28703198,0.7530940637380455
2026-03-03 15:20:00,0.232456530389865,0.1559830463423658,0.21681034624074902,0.19889553,0.7188955038771161
2026-03-03 15:25:00,0.23920103333953074,0.1559830119412712,0.22038298362002628,0.23566365,0.6865889972862386
2026-03-03 15:30:00,0.26055061265745477,0.15598306854076394,0.25190607872259774,0.21101362,0.6630566381097995
2026-03-03 15:35:00,0.3260851896735393,0.15598307850336132,0.24122018508326742,0.23314103,0.634605755217656
2026-03-03 15:40:00,0.35651839034713606,0.1559829908839983,0.20988569433346466,0.20473294,0.6062102817790282
2026-03-03 15:45:00,0.36359269256455606,0.15598315578746572,0.19421618768778823,0.14931771,0.5778486233595572
2026-03-03 15:50:00,0.3498180511854052,0.1559828081570773,0.213629534760413,0.18803841,0.5550263693627223
2026-03-03 15:55:00,0.325250743213454,0.15598316642728363,0.23861171191726552,0.20164603,0.544848224510036
2026-03-03 16:00:00,0.24446955890639635,0.1559831320248887,0.2612985237273042,0.2758047,0.538017201365214
2026-03-03 16:05:00,0.18774923809600613,0.15598321934238166,0.2591968517775052,0.22563694,0.5232516966483357
2026-03-03 16:10:00,0.17837275178952033,0.15598318643459796,0.2448209048723753,0.22969216,0.5015977433972899
2026-03-03 16:15:00,0.19641468665612394,0.15598308144409312,0.2340049988435654,0.22861238,0.47966637841616894
2026-03-03 16:20:00,0.1776870703231365,0.15598339378439433,0.2378186978127275,0.2422195,0.4691550831850363
2026-03-03 16:25:00,0.17725933838729355,0.15598289840952392,0.1928705669432596,0.20864962,0.4495952590641736
2026-03-03 16:30:00,0.18188947700286254,0.1559828127778803,0.1722298191942768,0.16457306,0.4306710027026188
2026-03-03 16:35:00,0.17764084088922305,0.15598288997611467,0.1709365711944603,0.1546925,0.4132260050762557
2026-03-03 16:40:00,0.1822568906048615,0.15598311709113835,0.18516389207304992,0.18038785,0.4000011726902019
2026-03-03 16:45:00,0.13297564318445804,0.1559832160941791,0.18789660111589387,0.18427542,0.39275624239188417
2026-03-03 16:50:00,0.1423680033610349,0.15598306355020217,0.17137172596075348,0.15335456,0.377904185355892
2026-03-03 16:55:00,0.16675391257105812,0.1559829695033411,0.17388377018160625,0.15980653,0.36434186515953637
2026-03-03 17:00:00,0.16597434448654122,0.15598304633842802,0.16593721078072737,0.14647977,0.3502724346130581
2026-03-03 17:05:00,0.2998960033903424,0.15598290028993794,0.18218893485927745,0.2131565,0.3426386120107579
2026-03-03 17:10:00,0.2985404423961942,0.15598298660645524,0.1582519505127804,0.17925596,0.3312971305487166
2026-03-03 17:15:00,0.36602897726058226,0.15598310313022185,0.1646296003128209,0.1894036,0.3221603790787112
2026-03-03 17:20:00,0.35162089303039346,0.15598321141634436,0.1777982068028163,0.16048832,0.31719425885917596
2026-03-03 17:25:00,0.39296245703398447,0.15598309429303076,0.1596903072064465,0.15333633,0.3060529540765834
2026-03-03 17:30:00,0.2913854849786598,0.1559827482504709,0.2495078328546395,0.21984607,0.3406169449027965
2026-03-03 17:35:00,0.32396292747123534,0.15598301360293648,0.20633122200237713,0.19304958,0.328926956464071
2026-03-03 17:40:00,0.24205120619347942,0.15598323357881871,0.26097753599639917,0.28484452,0.3466455090114428
2026-03-03 17:45:00,0.2654543987717467,0.15598298302719016,0.2151856020149981,0.17447664,0.3335422549211413
2026-03-03 17:50:00,0.21723963161237267,0.15598285094349368,0.259585257062497,0.21896338,0.3397771920707348
2026-03-03 17:55:00,0.2928940160366509,0.15598308436750938,0.20571643349378613,0.23313507,0.3287224723962658
2026-03-03 18:00:00,0.2550967190133124,0.15598321966036524,0.2336409041927351,0.2154,0.3301157955699743
2026-03-03 18:05:00,0.2713059577900713,0.15598307864202687,0.192262697421813,0.18096365,0.3201318640559425
2026-03-03 18:10:00,0.2729422443633769,0.18921786942545177,0.20883350685717905,0.20239611,0.31630547306367185
2026-03-03 18:15:00,0.2612036875464781,0.19024223103165916,0.1903330525411478,0.2101329,0.31006326317358174
2026-03-03 18:20:00,0.17099212940920927,0.19061913779501052,0.23515717857691498,0.237221,0.3255506734368463
2026-03-03 18:25:00,0.16792941998283267,0.1894555442021399,0.19171931441477108,0.16044037,0.31447707319646073
2026-03-03 18:30:00,0.13033443346786225,0.19062245123062732,0.21098018919785125,0.21440761,0.31111924950057
2026-03-03 18:35:00,0.06507141680547328,0.1902425655940803,0.21222827767563615,0.23104508,0.30867777573182037
2026-03-03 18:40:00,0.17604099878768273,0.18969103693933365,0.19419934357989196,0.17206977,0.2989357010168472
2026-03-03 18:45:00,0.18470660094791033,0.1899548076555807,0.16947888044467654,0.15416886,0.2905587158100569
2026-03-03 18:50:00,0.19380285945025166,0.18997788776228725,0.1601357592558054,0.14828041,0.281213887059623
2026-03-03 18:55:00,0.19219037071575526,0.1889673126187809,0.15297424452380348,0.124566875,0.27297585821236375
2026-03-03 19:00:00,0.2046315295663864,0.18869875246160292,0.12988274250636428,0.10275205,0.26490343826502855
2026-03-03 19:05:00,0.17053256495895455,0.18788220980511203,0.19363596542728967,0.17836624,0.2781627667917997
2026-03-03 19:10:00,0.2499522429575239,0.18927495340582368,0.17848503104877103,0.18329915,0.27363240851563936
2026-03-03 19:15:00,0.27937648914557794,0.1899013940267683,0.17845512935097763,0.16647035,0.26805179512888017
2026-03-03 19:20:00,0.27968818601893686,0.18902096562179826,0.166223633825934,0.20352761,0.2603122847246469
2026-03-03 19:25:00,0.2850643872785087,0.18886670236417516,0.1832431648737636,0.21059313,0.2570085819844214
2026-03-03 19:30:00,0.25837608593062916,0.18878720664700238,0.18268141599512622,0.1411926,0.2619038116206242
2026-03-03 19:35:00,0.16733765234680864,0.191063901125041,0.2206193239044966,0.2730392,0.28321987656740144
2026-03-03 19:40:00,0.10385815596245865,0.19026620672038186,0.2181684957466237,0.26062924,0.2878063526714968
2026-03-03 19:45:00,0.14918689253123874,0.18941189821260399,0.1947542635154806,0.20931286,0.27877274059915214
2026-03-03 19:50:00,0.1251111138645491,0.18917146211827274,0.2105741980115689,0.23052295,0.276068666410237
2026-03-03 19:55:00,0.12608552123819117,0.18950190668602335,0.19090300622384443,0.17042023,0.2683042166608191
2026-03-03 20:00:00,0.1357378916689489,0.19130834490199525,0.15962244084862326,0.15143779,0.26057649717766823
2026-03-03 20:05:00,0.13402004442131515,0.19073835317263155,0.14743658312497673,0.15594597,0.2548023561205208
2026-03-03 20:10:00,0.08636224357985449,0.18800071289606593,0.1729203667861821,0.16939682,0.2571866196743633
2026-03-03 20:15:00,0.07978477667534177,0.18967158964694017,0.1524783856532491,0.11217084,0.25136223341754016
2026-03-03 20:20:00,0.0733950686648267,0.19001510435771668,0.15152929313608787,0.12299011,0.24567532435231074
2026-03-03 20:25:00,0.07813869217121915,0.18919621601332667,0.15786931360599923,0.13326521,0.24173226734874065
2026-03-03 20:30:00,0.06936744445721824,0.1891971351372444,0.15473110508735463,0.11903211,0.23711059321107805
2026-03-03 20:35:00,0.4095442882648054,0.18914737269088655,0.13994115558746023,0.13794309,0.23269685622404637
2026-03-03 20:40:00,0.48772140223262656,0.18929789971364339,0.1349411450566348,0.11283506,0.2279303171863296
2026-03-03 20:45:00,0.5009849849526624,0.18913962050292657,0.13053585096557474,0.11818876,0.22329486019809713
2026-03-03 20:50:00,0.5067759425695759,0.1894948962208601,0.14195567912745138,0.102945425,0.22197594577000898
2026-03-03 20:55:00,0.5145745369512694,0.20134442929417545,0.1295507597702934,0.1065417,0.21786087642351254
2026-03-04 14:30:00,0.31832587725175887,0.19096506029961727,0.3077516796728881,0.28325406,0.3329627337760494
2026-03-04 14:35:00,0.1803541149583003,0.18996822938651517,0.3054038601211282,0.38486093,0.3616779864138519
2026-03-04 14:40:00,0.2639507760767486,0.1896328004832572,0.2810783322733296,0.32443732,0.3550117068320002
2026-03-04 14:45:00,0.2468003466070222,0.18925959792946806,0.27924707531533344,0.30051988,0.34661622359325267
2026-03-04 14:50:00,0.2901728964327694,0.19095904891887366,0.2803929282606977,0.22949821,0.3382369057353172
2026-03-04 14:55:00,0.32967733654483133,0.18946507001205204,0.20924793251557872,0.1830983,0.3260334965532655
2026-03-04 15:00:00,0.3388465620224963,0.18953445566811059,0.17095260060659312,0.15435219,0.31530829942019684
2026-03-04 15:05:00,0.2777588261681103,0.1906702814817877,0.23089760658626096,0.27069932,0.33542282275805996
2026-03-04 15:10:00,0.2979528032690665,0.19117068723162872,0.18708706933751423,0.17601532,0.323260124841259
2026-03-04 15:15:00,0.24072187930166972,0.19126447817657757,0.23001393585465557,0.24393974,0.33099538131271095
2026-03-04 15:20:00,0.18186019868385678,0.19112775179776337,0.23851300345750354,0.20599665,0.3341342229524002
2026-03-04 15:25:00,0.1701848549603098,0.1888268701333098,0.22808720020443107,0.23139672,0.32659297753918315
2026-03-04 15:30:00,0.1776358398883139,0.18797600475819973,0.21439337993870006,0.2444313,0.3226330677554733
2026-03-04 15:35:00,0.1521108004414402,0.189157836037245,0.21997619262781432,0.22529751,0.31864126346944777
2026-03-04 15:40:00,0.17264771729595318,0.18918635473286044,0.1864054944034244,0.16511923,0.307677391678758
2026-03-04 15:45:00,0.23731641773081183,0.19025324108908748,0.16744486777355047,0.1426521,0.29728676770858736
2026-03-04 15:50:00,0.22945322713538943,0.188443972474199,0.17263508316514137,0.1639309,0.2899888870680115
2026-03-04 15:55:00,0.19383257124459982,0.18876434256244504,0.18676783703921054,0.19080043,0.2912168245042939
2026-03-04 16:00:00,0.21340444606406814,0.18873865182698002,0.16721522387679902,0.17444189,0.28432107036125687
2026-03-04 16:05:00,0.20212137193135832,0.18835039004878032,0.17806651469236887,0.17464386,0.28050947361654543
2026-03-04 16:10:00,0.13509217074823915,0.18805368244557352,0.21239856582023647,0.20677769,0.2907060688420168
2026-03-04 16:15:00,0.20311719251278798,0.18833286523749906,0.1795503924197851,0.18681094,0.28134631924406345
2026-03-04 16:20:00,0.20283652320321416,0.1896851892812212,0.16939561785331758,0.14630806,0.272735454131303
2026-03-04 16:25:00,0.1721249930163667,0.19039606116269506,0.19281085211618826,0.19787344,0.2731639175787889
2026-03-04 16:30:00,0.17033790649202213,0.18947279538101172,0.17844915900675007,0.18171673,0.26688682105466044
2026-03-04 16:35:00,0.17318834234245414,0.18836945325401497,0.16113822250998774,0.112069584,0.2623664766342802
2026-03-04 16:40:00,0.08781949784693964,0.1895461917721531,0.19806439881386192,0.20603599,0.27234510949835594
2026-03-04 16:45:00,0.08801623419323716,0.18908446280889224,0.16996923899459707,0.20112069,0.2642989703875494
2026-03-04 16:50:00,0.08906892021260628,0.18975669857674857,0.16119677344395733,0.17720045,0.25685550694169773
2026-03-04 16:55:00,0.08062619584688044,0.18925448106685205,0.1672752840034561,0.16983,0.25140903902180345
2026-03-04 17:00:00,0.07873498620848506,0.19059515832251772,0.17352999017361997,0.16531798,0.2490071787806275
2026-03-04 17:05:00,0.07619018108523289,0.18889882711722628,0.1393191204166667,0.18583773,0.24328631978593693
2026-03-04 17:10:00,0.11473223407098743,0.1889073272179422,0.1352163819198406,0.12838168,0.23744978387845275
2026-03-04 17:15:00,0.11863915031893486,0.18863059614277927,0.13693508977446822,0.12745564,0.23221601387164842
2026-03-04 17:20:00,0.11817189095462136,0.18923719583208734,0.13534228823655528,0.14175579,0.22758073475926807
2026-03-04 17:25:00,0.1113357648454901,0.1907924656114988,0.14387138304014407,0.09960289,0.22718474344788336
2026-03-04 17:30:00,0.11145363281803884,0.18926665032146583,0.13350060374881637,0.11697181,0.2228887698378327
2026-03-04 17:35:00,0.07607353872568787,0.18848753769061802,0.15787197169431041,0.13209291,0.22526040082645116
2026-03-04 17:40:00,0.07672336063326503,0.1892248696703511,0.1491170585646991,0.18903196,0.22183252894556857
2026-03-04 17:45:00,0.08692834783583969,0.1907467985340137,0.14573349695789234,0.17347294,0.21795864209242552
2026-03-04 17:50:00,0.0810651168095175,0.18945858821413517,0.1510949653367709,0.1264314,0.21710014784723583
2026-03-04 17:55:00,0.07882051743668171,0.1882829233312246,0.14388704905439567,0.17220217,0.21367598382997172
2026-03-04 18:00:00,0.10322069281996861,0.18883962658851627,0.13451750705941934,0.17370422,0.210930505545861
2026-03-04 18:05:00,0.10346822303063136,0.190409544921957,0.13610604100944446,0.21465349,0.20886246306414907
2026-03-04 18:10:00,0.09357124183070685,0.20643603381244127,0.140970608711396,0.17604268,0.20770327855941276
2026-03-04 18:15:00,0.08377977776620434,0.2050707931974533,0.13959382887222624,0.11015107,0.20691332497273388
2026-03-04 18:20:00,0.08869925024439508,0.2083130882091365,0.12995221906762613,0.19475341,0.20402869611914143
2026-03-04 18:25:00,0.05444413898893126,0.20752231108430663,0.15084300965878886,0.15348032,0.20646113826230414
2026-03-04 18:30:00,0.04253135010249961,0.2070550803070797,0.1435607686852282,0.16527665,0.20485332834957398
2026-03-04 18:35:00,0.058209816241603644,0.20841283566682262,0.13484747243698578,0.1571971,0.2021747400286659
2026-03-04 18:40:00,0.05523639226552436,0.20765394484813168,0.13522616154200134,0.11795062,0.20021272744762683
2026-03-04 18:45:00,0.049360731892419,0.2082422207692363,0.13790281489728556,0.10900246,0.1987686286168341
2026-03-04 18:50:00,0.046530662568186665,0.20802764324850645,0.12535838805153557,0.04583803,0.1969138152688711
2026-03-04 18:55:00,0.04570411197487613,0.20788409380062556,0.12055333794685896,0.049624145,0.1950404401993975
2026-03-04 19:00:00,0.04130257794687337,0.2103214582358662,0.13076153316507821,0.06723687,0.19485689929832786
2026-03-04 19:05:00,0.04085617588009358,0.20694856095358247,0.12480113920009597,0.050446592,0.1932265727524961
2026-03-04 19:10:00,0.06292066973513039,0.2074433651975865,0.1234507339540772,0.06720907,0.19181113553444168
2026-03-04 19:15:00,0.06819560502470776,0.20787468774240325,0.12069052578433273,0.05231989,0.19032008153490473
2026-03-04 19:20:00,0.07158738074778391,0.2088251317502866,0.1205742156358909,0.050511308,0.1889776669114969
2026-03-04 19:25:00,0.06686506695345999,0.20895672056645012,0.12441441417942867,0.068764165,0.18900255614876071
2026-03-04 19:30:00,0.07141724102692754,0.20554964401177245,0.1198583775674105,0.042923853,0.1878814661115947
2026-03-04 19:35:00,0.05280692490321396,0.20693556733149662,0.13378143187039093,0.2425844,0.18938346164956266
2026-03-04 19:40:00,0.07618039352833088,0.20748074127718327,0.13088689122186076,0.11062575,0.188846770274343
2026-03-04 19:45:00,0.08409066538603717,0.20922750407660518,0.13111500683508243,0.097797215,0.18814299104780668
2026-03-04 19:50:00,0.08819109525542342,0.20852889149934065,0.12990694152775956,0.10405793,0.18756177710710897
2026-03-04 19:55:00,0.08891629151483628,0.2076960328380394,0.13196756257041553,0.109140016,0.18724517659767587
2026-03-04 20:00:00,0.112204766974348,0.20761977430100179,0.12388408976474843,0.04286556,0.1863721667754021
2026-03-04 20:05:00,0.10036694741585588,0.2084766829382539,0.13968594560522807,0.16703314,0.189315075059206
2026-03-04 20:10:00,0.09435461532550618,0.20788586868829012,0.13854761800351453,0.12663728,0.1898943688736236
2026-03-04 20:15:00,0.10077140880955732,0.20716913273543341,0.13840331999564778,0.24921618,0.1898826212438076
2026-03-04 20:20:00,0.09993849832699551,0.2070171924557387,0.13751067465150368,0.27433696,0.18947315022131594
2026-03-04 20:25:00,0.08687815028569898,0.20916378457472729,0.1521749799854373,0.33246824,0.19325419475955666
2026-03-04 20:30:00,0.14302429175308687,0.2079269810595385,0.14207992212263515,0.1922231,0.19285679798623012
2026-03-04 20:35:00,0.2066244262045082,0.20842705894948088,0.13835734502786948,0.1507749,0.19186935037728267
2026-03-04 20:40:00,0.2109409669000579,0.20846660775997305,0.14514089056360235,0.27631974,0.19295196872865858
2026-03-04 20:45:00,0.25449572310324536,0.20828895387094004,0.1405210320516203,0.16541255,0.19207117047839695
2026-03-04 20:50:00,0.25025234684754466,0.20745703547043842,0.14090416878376433,0.2402626,0.19305920582799158
2026-03-04 20:55:00,0.2684405921921049,0.20193534489607048,0.17108996019341788,0.2196127,0.20553408365747416
2026-03-05 14:30:00,0.28640283928113325,0.2092474481026787,0.19664596542740131,0.33398774,0.2240021514053668
2026-03-05 14:35:00,0.3051366326554426,0.2084967673868939,0.18194737562128727,0.3186282,0.22354410331971009
2026-03-05 14:40:00,0.28896969875122624,0.20518132162952551,0.21021245996097393,0.27891055,0.2374803057716557
2026-03-05 14:45:00,0.3095614386659056,0.20711379287556989,0.18498758060108234,0.23655298,0.23233076682941262
2026-03-05 14:50:00,0.34232047602174603,0.209978317394228,0.2163498458845045,0.24734631,0.24702269552208933
2026-03-05 14:55:00,0.3924853513619551,0.20954811753298994,0.22734043951103622,0.2689152,0.26650912483617956
2026-03-05 15:00:00,0.37373367231912663,0.20394466268887898,0.2223886032214043,0.24898972,0.2704278583675871
2026-03-05 15:05:00,0.370309199465565,0.20649562209481412,0.21442232510660855,0.2446057,0.27098288165619144
2026-03-05 15:10:00,0.37628377608137137,0.2071978262299415,0.22178241375094673,0.27857107,0.27238930663340116
2026-03-05 15:15:00,0.3118006999295953,0.2036933488167958,0.2507866057048158,0.28038198,0.29611548400015836
2026-03-05 15:20:00,0.16605582756800016,0.20390130949170393,0.2762356791958605,0.22424284,0.33112096553064774
2026-03-05 15:25:00,0.204239263955088,0.2088550934150236,0.22700384207412233,0.18704237,0.31966651224275566
2026-03-05 15:30:00,0.18129575714089866,0.20811513783756277,0.23767035806531922,0.17452838,0.31396069698382034
2026-03-05 15:35:00,0.2235046618472803,0.2096888557161714,0.246507750560693,0.19241567,0.3139908776466406
2026-03-05 15:40:00,0.24744353679467163,0.208040136934958,0.20706418271516777,0.17119876,0.30339059451431216
2026-03-05 15:45:00,0.25127713546817937,0.20731109158797992,0.16020694262908838,0.13534541,0.2931737735674866
2026-03-05 15:50:00,0.23986507450327862,0.20793766418790524,0.1938164338718898,0.17037582,0.29406103877233275
2026-03-05 15:55:00,0.2548481590813297,0.2072534697077114,0.1637678046722377,0.17963032,0.28446546761497965
2026-03-05 16:00:00,0.17772276512352536,0.2067884108043187,0.21144335771702427,0.18010235,0.2991314201016392
2026-03-05 16:05:00,0.16330111455085006,0.2085660975794271,0.20434602554608133,0.20882484,0.29718106893081264
2026-03-05 16:10:00,0.1723351323418496,0.20744938324929785,0.1933201312015304,0.1807829,0.2887085448070003
2026-03-05 16:15:00,0.15139954204153197,0.2069434660020266,0.19999413210686007,0.18071127,0.2862010107450119
2026-03-05 16:20:00,0.14100825553824664,0.2076940044707562,0.20212004342134623,0.17774166,0.28240916589320114
2026-03-05 16:25:00,0.14213318755100837,0.2070409995725712,0.16826554729362989,0.16159485,0.27422944852238973
2026-03-05 16:30:00,0.11767019843149035,0.2096276335193345,0.17408341046950795,0.157801,0.27113912816155805
2026-03-05 16:35:00,0.20875007121508646,0.20700839831379594,0.17445747991323116,0.15646857,0.26689844310425165
2026-03-05 16:40:00,0.2797750739144352,0.20736518316984612,0.1647047757119213,0.14664395,0.26137621616117057
2026-03-05 16:45:00,0.2801184319956146,0.20875508159533188,0.16383049935675228,0.17384614,0.2575188856626939
2026-03-05 16:50:00,0.33335130866620827,0.20881886098029873,0.15794150148153763,0.19020382,0.25146177222855687
2026-03-05 16:55:00,0.33284842668487385,0.20738887264291508,0.14859575433661304,0.18677586,0.24540667986650877
2026-03-05 17:00:00,0.3053894381890831,0.21038360760024402,0.2066413748787823,0.19889559,0.2665719379570047
2026-03-05 17:05:00,0.292489143252846,0.20579479655275051,0.2291504960930644,0.2473522,0.28621486733349166
2026-03-05 17:10:00,0.3012608392498386,0.20733176955147692,0.20485342185457456,0.24825263,0.28041662967753894
2026-03-05 17:15:00,0.2624583905702606,0.2060660073295178,0.24297601882919656,0.26384777,0.2954112009918679
2026-03-05 17:20:00,0.2877702434476056,0.20890272707806826,0.21090081594008725,0.2218542,0.28587213294234637
2026-03-05 17:25:00,0.25618102071253634,0.20622796840312468,0.22461089605410217,0.23485132,0.28889456086743576
2026-03-05 17:30:00,0.1893303811794561,0.20497530069568243,0.22886747262433094,0.23783803,0.30003367107769346
2026-03-05 17:35:00,0.18637953230343487,0.20945787118982104,0.21770281186385682,0.21060508,0.2966306755373797
2026-03-05 17:40:00,0.18299751492743946,0.20648786532340832,0.2080361647994847,0.20065202,0.2949832358043404
2026-03-05 17:45:00,0.14316241513247155,0.2059253417135307,0.2175571676545609,0.1973636,0.2949879725500931
2026-03-05 17:50:00,0.2813256576772132,0.20816581604227388,0.18554554906303486,0.25212264,0.28532827153163
2026-03-05 17:55:00,0.29282838755139706,0.20824088047188058,0.16561211472892134,0.19024324,0.2763471641267366
2026-03-05 18:00:00,0.29283538763831063,0.20860649929747882,0.18204722015997488,0.21037705,0.2743409354452989
2026-03-05 18:05:00,0.27419645242685,0.20963451018998275,0.18297545349447294,0.2038201,0.27398108578723906
2026-03-05 18:10:00,0.27642985241749224,0.22601700287590049,0.15796004928267646,0.16862173,0.266667528884164
2026-03-05 18:15:00,0.208964931444878,0.1972664944421747,0.2389593135260598,0.28050306,0.3005857173885017
2026-03-05 18:20:00,0.2326564957356482,0.21959746044705847,0.21210145100798578,0.20353013,0.2950120182133348
2026-03-05 18:25:00,0.24636461154203612,0.20733965034998855,0.214364606262402,0.19219564,0.2913116486817303
2026-03-05 18:30:00,0.2592321576420185,0.21925258646892964,0.19319408201320049,0.16463569,0.2819830885877575
2026-03-05 18:35:00,0.2553215933372718,0.2211187403948253,0.20108334313014156,0.20765503,0.27496025300812693
2026-03-05 18:40:00,0.2006236743876952,0.23050497358191702,0.2022824185702492,0.16178498,0.2853232556661495
2026-03-05 18:45:00,0.16226495283130782,0.20872939396082157,0.2037956180101542,0.17064306,0.28832719231125875
2026-03-05 18:50:00,0.10536822172258749,0.20878848894713267,0.2063579852887135,0.17166646,0.2897527128507294
2026-03-05 18:55:00,0.06894656283630393,0.22245429124723268,0.2019876368583324,0.18101928,0.28509448921656294
2026-03-05 19:00:00,0.10367650553024167,0.22166227051672566,0.18908973314880317,0.17717783,0.27639325926251135
2026-03-05 19:05:00,0.14104828553504056,0.22018638702718804,0.1746690132169949,0.21776526,0.2687593292347932
2026-03-05 19:10:00,0.13804303709876373,0.22429426210041573,0.16797289049447148,0.22857079,0.26334968257011004
2026-03-05 19:15:00,0.17458317244012528,0.2179414220072386,0.14080887928565497,0.16723189,0.2559631045898706
2026-03-05 19:20:00,0.17744753349512216,0.220452253154763,0.132122631772475,0.10581479,0.24933084249148824
2026-03-05 19:25:00,0.17811365325037035,0.21273248094571717,0.15441076093979583,0.14024329,0.2481304816682484
2026-03-05 19:30:00,0.15634900666000762,0.2053877440152863,0.16945331480535472,0.16063347,0.2500320072533801
2026-03-05 19:35:00,0.19653339466198344,0.22545495506263974,0.1585431865427633,0.16872294,0.24551265761848481
2026-03-05 19:40:00,0.170355919830513,0.22627039605048077,0.18065854558539313,0.18540762,0.2487524193301853
2026-03-05 19:45:00,0.18623286598344346,0.2198382578969205,0.16811411604884563,0.17911397,0.2434959650076971
2026-03-05 19:50:00,0.17349165877963577,0.21402506886077707,0.17687026757022456,0.18760952,0.24305271887297134
2026-03-05 19:55:00,0.1946381447422326,0.222221895288135,0.16500319478575698,0.15740897,0.23955138441327986
2026-03-05 20:00:00,0.15555909553693223,0.23564057023632637,0.1913310784451186,0.20710891,0.2475504206778242
2026-03-05 20:05:00,0.17292598964373693,0.22634376576732418,0.16671187749992625,0.14108744,0.24284518515721873
2026-03-05 20:10:00,0.15156501836785455,0.22936399906849342,0.1790814840603924,0.18038672,0.2427377277642787
2026-03-05 20:15:00,0.14502409484745113,0.22543782021309128,0.16797213385143514,0.16263036,0.23859052895138502
2026-03-05 20:20:00,0.1284815143039396,0.22172589834239245,0.1853588399827192,0.21635889,0.2419449437314125
2026-03-05 20:25:00,0.17103836867734212,0.21718976139140794,0.16427781885448844,0.15679398,0.23852034052146123
2026-03-05 20:30:00,0.14784908796416166,0.22429941527979233,0.17558487738645728,0.1611081,0.23934388369131082
2026-03-05 20:35:00,1.3421649783792124,0.21418886689973052,0.15290653451230263,0.20832779,0.2337813112123615
2026-03-05 20:40:00,1.3560158092114167,0.22039917621093566,0.15210789912111972,0.15640387,0.22872493499178131
2026-03-05 20:45:00,1.353907271557607,0.23012960646168346,0.16019115466680356,0.110855564,0.2293338266226511
2026-03-05 20:50:00,1.348797424235017,0.2404428797166173,0.18191013874508755,0.14325453,0.23790166748519953
2026-03-05 20:55:00,1.3487537049278626,0.2332698709871858,0.1537115130487744,0.13792975,0.23256839792570289
2026-03-06 14:30:00,0.20005645909555136,0.10617832584021931,0.7694309210743104,0.2599763,0.8702866153789559
2026-03-06 14:35:00,0.2961117308001047,0.21446723610918936,0.5590079798491947,0.2315108,0.8364235593784677
2026-03-06 14:40:00,0.40388133670385085,0.21549109272338657,0.5255964681286529,0.20669937,0.7955429950049511
2026-03-06 14:45:00,0.5229235018181515,0.20143623601972174,0.528264061816782,0.2206533,0.7572227638568748
2026-03-06 14:50:00,0.5235872714255994,0.2030852034744506,0.5211994393366521,0.1985985,0.7205216832025911
2026-03-06 14:55:00,0.5309493317275147,0.2316788180262148,0.18144119336159545,0.17988096,0.6859336672574661
2026-03-06 15:00:00,0.4441763649159911,0.25421682714371197,0.2613625285678737,0.22580755,0.6784525300857852
2026-03-06 15:05:00,0.3649559162906373,0.1843324942533018,0.2907031288526841,0.284759,0.6688985712115602
2026-03-06 15:10:00,0.1785139763459793,0.26740275204879094,0.33778174909678693,0.25705302,0.6709818770506185
2026-03-06 15:15:00,0.21941104617043206,0.24463228469857198,0.27998541707186586,0.1941736,0.6391981404956538
2026-03-06 15:20:00,0.24452459949931268,0.22970859851538353,0.29416800906986573,0.21481214,0.6116076184231513
2026-03-06 15:25:00,0.2493079802924254,0.2291256973550276,0.25540738595649476,0.2747148,0.5830519958717957
2026-03-06 15:30:00,0.3171893191070989,0.21678484784736077,0.24796548641465427,0.23074302,0.5600849701077995
2026-03-06 15:35:00,0.33304505712595234,0.22591429128245816,0.19148930722094792,0.20072052,0.5382212743530064
2026-03-06 15:40:00,0.34101865302301043,0.20668165015702314,0.2087398768770117,0.1817349,0.5201404619893512
2026-03-06 15:45:00,0.3274338440083556,0.1953177564368138,0.2182790468071507,0.20611624,0.5044386917291515
2026-03-06 15:50:00,0.3402173708310751,0.21403705506664933,0.2032306875669339,0.1917802,0.4829506641599586
2026-03-06 15:55:00,0.2659835414993127,0.2551418032986619,0.25576090400552864,0.27169096,0.4826030039433946
2026-03-06 16:00:00,0.22291893162015067,0.2413552920296866,0.24571428019358899,0.2410568,0.470169817654384
2026-03-06 16:05:00,0.19682015156611932,0.20941806467537577,0.2489839504216771,0.24298611,0.45925704804590883
2026-03-06 16:10:00,0.24856246119092587,0.2182625317364344,0.2362979995720732,0.21752411,0.44406253471338564
2026-03-06 16:15:00,0.23335078900804945,0.22062230515019782,0.24070732029647762,0.23257482,0.43021555993948746
2026-03-06 16:20:00,0.2545063842581442,0.21494891461519838,0.20401334017273753,0.19442567,0.4143932632952139
2026-03-06 16:25:00,0.27653004830641326,0.21133518636810655,0.17749975600643245,0.19012432,0.39704623730595645
2026-03-06 16:30:00,0.26028855884741603,0.2030247615326811,0.18975760252924054,0.22310399,0.3866532807173319
2026-03-06 16:35:00,0.18915915283453535,0.23983976545564198,0.21993765346102026,0.19569366,0.3886575547924534
2026-03-06 16:40:00,0.2602334357304411,0.20724629262231498,0.19280612365164027,0.20362833,0.3750406836571005
2026-03-06 16:45:00,0.22855036814861474,0.22684674532233104,0.21065525658889253,0.17995185,0.3685475296196328
2026-03-06 16:50:00,0.212119444385506,0.2070884943629155,0.2136370053347132,0.24773706,0.3605247482151152
2026-03-06 16:55:00,0.2061139286105715,0.2068396747314721,0.19763060535382299,0.18960148,0.34805569284267773
2026-03-06 17:00:00,0.226757402611988,0.23982200165089307,0.17376199312580695,0.19955389,0.3359408182176281
2026-03-06 17:05:00,0.13093422643061364,0.20793016126425204,0.22293233080485067,0.2072709,0.344879382666507
2026-03-06 17:10:00,0.22110866927242345,0.23499884327090736,0.17796340754213308,0.16291353,0.33188007103673045
2026-03-06 17:15:00,0.21431011421750812,0.22341199622958388,0.18538097061852696,0.18683183,0.32247860440144227
2026-03-06 17:20:00,0.2391640773818404,0.23162708768267157,0.1734307390946621,0.13858898,0.3110622905246149
2026-03-06 17:25:00,0.21631144753823517,0.22489875849347687,0.19662624303825438,0.16348375,0.30733498232282247
2026-03-06 17:30:00,0.21329899546527806,0.21369376201250018,0.15615939197680256,0.16503406,0.2979761303681496
2026-03-06 17:35:00,0.13722472975730507,0.21265724804382377,0.20890417517924445,0.17607029,0.30918464316460187
2026-03-06 17:40:00,0.1606356742038424,0.22592233052025731,0.18059967125233667,0.155808,0.2995402408209044
2026-03-06 17:45:00,0.27221351740263816,0.22823412370327828,0.20050801725413053,0.19530937,0.29730030731078894
2026-03-06 17:50:00,0.2716093861620517,0.21720233149320547,0.17696883997951593,0.17070082,0.2877367896395215
2026-03-06 17:55:00,0.2829978142095723,0.2086666859103457,0.17611406506609575,0.17282712,0.27889157392807506
2026-03-06 18:00:00,0.29181364111260055,0.21594032459777834,0.16285163903705854,0.12840526,0.27406809285375094
2026-03-06 18:05:00,0.2800149370570035,0.22395124086064902,0.17371000792406263,0.150582,0.2721317908815949
2026-03-06 18:10:00,0.1575878008356911,0.293886751334328,0.23627604344970993,0.30947986,0.30567316104689
2026-03-06 18:15:00,0.161096759880882,0.23126634280083505,0.1913360779917887,0.2089715,0.2953065114191664
2026-03-06 18:20:00,0.1397144440466218,0.24081314761570435,0.2088999000989112,0.23369041,0.29027071443003954
2026-03-06 18:25:00,0.15775758286299646,0.2272007566598638,0.21478833442721515,0.22269042,0.28801314276100176
2026-03-06 18:30:00,0.15361386005757527,0.2387750245497329,0.20008807924762365,0.22551171,0.28006230512296404
2026-03-06 18:35:00,0.13363270559414892,0.2128788333165232,0.17042595759986587,0.15294065,0.275924096679044
2026-03-06 18:40:00,0.15945749915755966,0.257969266345654,0.1629887738745987,0.21093348,0.2684726534406446
2026-03-06 18:45:00,0.18466974289945254,0.2553445933802566,0.15351015493626627,0.13581753,0.2609427796981026
2026-03-06 18:50:00,0.13768563982524898,0.21662724183948892,0.17914632671657635,0.13455194,0.265575705750725
2026-03-06 18:55:00,0.17667566377625607,0.2397635402044475,0.15796803870469203,0.18035777,0.25834916106290323
2026-03-06 19:00:00,0.19945498649295065,0.2338128024317098,0.15200954420573723,0.15220782,0.251667914532475
2026-03-06 19:05:00,0.1772617026954239,0.24375383919872162,0.17344871637846826,0.15240556,0.2521134221776701
2026-03-06 19:10:00,0.15709062952071368,0.25049866780538405,0.18133621002773273,0.19978267,0.2527185456176872
2026-03-06 19:15:00,0.15630112862722353,0.2392536639474506,0.1529667368339429,0.1595573,0.24642024185298864
2026-03-06 19:20:00,0.10909040954222872,0.23592424361740408,0.1823097798169059,0.22499228,0.25055463580570586
2026-03-06 19:25:00,0.07079819777473595,0.261390158782226,0.1854947194201352,0.1902392,0.2513247097136074
2026-03-06 19:30:00,0.0707985081404909,0.23637686481377876,0.16462504877056938,0.18471119,0.24513402385659522
2026-03-06 19:35:00,0.11886346251762482,0.2223757494908616,0.1637915458956045,0.18141852,0.24097512061883933
2026-03-06 19:40:00,0.16639843280914599,0.2343727026087236,0.1567180330668344,0.18429598,0.23538678548416317
2026-03-06 19:45:00,0.22251729152767125,0.24724775901066715,0.14290538827685173,0.1681423,0.23027184829146197
2026-03-06 19:50:00,0.21790440475820452,0.2387820319010125,0.1377156992223047,0.12671392,0.22727848529369332
2026-03-06 19:55:00,0.2588701223600449,0.22741493380839256,0.13258900801089954,0.14487539,0.22300889494839618
2026-03-06 20:00:00,0.25784048692501665,0.24671290622434336,0.16268545865219045,0.17512415,0.2288269101882089
2026-03-06 20:05:00,0.2343628575251863,0.2172560493027754,0.17903442461683686,0.19128178,0.2358965074986539
2026-03-06 20:10:00,0.18690642662644688,0.218042586516439,0.20189419347592139,0.19749784,0.24878812999359742
2026-03-06 20:15:00,0.19161305795462358,0.22710588659477898,0.17413834834583153,0.14334477,0.24255577946818455
2026-03-06 20:20:00,0.1386396753388919,0.22976234850533134,0.21150096855909895,0.2465066,0.2528587386201576
2026-03-06 20:25:00,0.09829834076599202,0.21830150037582927,0.20429155500254684,0.20453209,0.2548233012927133
2026-03-06 20:30:00,0.08833146489459166,0.2346093392124526,0.18638769809836558,0.16446361,0.2497617569842766
2026-03-06 20:35:00,0.9203823063956031,0.24555377732273895,0.17196572032223362,0.16416085,0.24500768273068235
2026-03-06 20:40:00,0.9502812828560409,0.23569762751242376,0.17290375349364,0.16525835,0.24054029081916106
2026-03-06 20:45:00,0.9507346730694123,0.23115323665861862,0.15823737374438313,0.16239963,0.23690569269386524
2026-03-06 20:50:00,0.9557301796427753,0.23429899704316307,0.14369055429952377,0.15841186,0.23262185395071533
2026-03-06 20:55:00,0.9587997143372854,0.3866921262810872,0.13695736515606538,0.123329654,0.22782356418315505
2026-03-09 13:30:00,0.3118083507616648,0.1588986118172677,0.5611237035743788,0.2599763,0.6191907906772691
2026-03-09 13:35:00,0.3308893783385565,0.21493849564004308,0.44292624736138986,0.2877715,0.6091542331933413
2026-03-09 13:40:00,0.4780954111559582,0.2378671189966273,0.40852447791582314,0.21191324,0.5816823793655804
2026-03-09 13:45:00,0.4700781743768501,0.22750137843550033,0.41882132866528904,0.21392187,0.5584768071713089
2026-03-09 13:50:00,0.4785432694717683,0.22851888192905154,0.4149606726850967,0.22329356,0.535012968179661
2026-03-09 13:55:00,0.501652916257383,0.2225143053540627,0.23328678696935268,0.21082497,0.5180081097962554
2026-03-09 14:00:00,0.46459021101009174,0.29984916987409765,0.26304676669893323,0.23538439,0.5218938237281041
2026-03-09 14:05:00,0.33563885351777617,0.16326030777374256,0.323571471468587,0.37334156,0.5447463368288336
2026-03-09 14:10:00,0.3671869974295358,0.2303025874015737,0.2659775719123751,0.3333165,0.5209960486313145
2026-03-09 14:15:00,0.3705463363500508,0.24277015036938712,0.2803359891210583,0.32036018,0.5030004660461287
2026-03-09 14:20:00,0.327221354266717,0.25993709693600814,0.3034783962803339,0.29390913,0.497401104085482
2026-03-09 14:25:00,0.2800626270001751,0.20688131598843623,0.2888217907151498,0.28479114,0.4892250328993194
2026-03-09 14:30:00,0.25652637480813134,0.2434705710267509,0.24154902539298678,0.2410568,0.47550267500925364
2026-03-09 14:35:00,0.2445744520154841,0.27190239147391965,0.2549974606631321,0.20241855,0.46545420791575315
2026-03-09 14:40:00,0.2188664715946669,0.2697063404489495,0.2502949941894034,0.21087657,0.45241775104509313
2026-03-09 14:45:00,0.2187795078437007,0.2575906039013835,0.23338719831794724,0.21623792,0.4380935141880262
2026-03-09 14:50:00,0.2061144541606668,0.22295791915476987,0.21310869997296364,0.23769847,0.42196162876604126
2026-03-09 14:55:00,0.20218973046184563,0.21438862526785432,0.20723117194338855,0.19032015,0.4073505680163194
2026-03-09 15:00:00,0.16007888680096485,0.27180625246270407,0.21472575792290663,0.20611624,0.4001516562690096
2026-03-09 15:05:00,0.19945536464186225,0.24348779122443376,0.1938152380116414,0.19572797,0.3861139840988801
2026-03-09 15:10:00,0.17197612695295267,0.23970063208429992,0.20115409699365555,0.1943263,0.37666006489733767
2026-03-09 15:15:00,0.17185292603007676,0.24927689878856937,0.1799092342305339,0.13973957,0.36175961765814424
2026-03-09 15:20:00,0.18142993841516414,0.24750943364568806,0.18468967040950438,0.19692878,0.3504791532103318
2026-03-09 15:25:00,0.18480738052411225,0.2586706524655945,0.17060064082505605,0.18098603,0.33953398578814536
2026-03-09 15:30:00,0.12596093868154443,0.20375130355406515,0.1962549934856387,0.20899315,0.3381469699895706
2026-03-09 15:35:00,0.12485590012280051,0.24252893498028144,0.1691455693329441,0.18430471,0.3264339282076252
2026-03-09 15:40:00,0.12703152745712148,0.22420797840070664,0.16456047885024494,0.1626515,0.31475530009192587
2026-03-09 15:45:00,0.08862608548043556,0.26183042121089284,0.18197339658318104,0.20424417,0.30912457700740137
2026-03-09 15:50:00,0.05028873564002331,0.24197256769402356,0.17909267211933322,0.21435669,0.30203299367603215
2026-03-09 15:55:00,0.09435258181391318,0.23204756525706943,0.1513067743487426,0.14116232,0.29229872838154314
2026-03-09 16:00:00,0.10484407748873739,0.2644929310458271,0.1526157152114508,0.14870472,0.28361041164894035
2026-03-09 16:05:00,0.10140581220629036,0.24276799010488756,0.15191243137702842,0.13963066,0.2752750925476096
2026-03-09 16:10:00,0.10786891471404672,0.23281157785435985,0.13604807050467516,0.13796473,0.26703708018884
2026-03-09 16:15:00,0.15623410735520427,0.23876699487246364,0.12420528331669539,0.09877808,0.2593991912273151
2026-03-09 16:20:00,0.1334238688199787,0.260495832914716,0.1518104279794796,0.14095713,0.25772727060814254
2026-03-09 16:25:00,0.13741127008549237,0.24127567255423407,0.14958624780648033,0.14300197,0.2532782199281934
2026-03-09 16:30:00,0.14310851544842437,0.25896958889297916,0.1384989974784112,0.16072133,0.2466549837107573
2026-03-09 16:35:00,0.15558548362715138,0.24806011143667187,0.14644707893309958,0.14746109,0.24166338630031486
2026-03-09 16:40:00,0.10702043581100702,0.24027937750434844,0.1752822884809835,0.21535732,0.24644669446143977
2026-03-09 16:45:00,0.10610816731162237,0.24390254041683126,0.15071840387097196,0.15817001,0.24063813917569712
2026-03-09 16:50:00,0.15812344158487923,0.23460313928396126,0.16035668483015073,0.13273542,0.23856466428743353
2026-03-09 16:55:00,0.18782254132587722,0.22715210132813818,0.15724737217219795,0.15812822,0.23443402140072864
2026-03-09 17:00:00,0.17563315650345449,0.22134906940039678,0.16675105416468894,0.19738236,0.23363968116614975
2026-03-09 17:05:00,0.17555287163939254,0.21149767079196335,0.14019287765289745,0.1965068,0.22857530359595069
2026-03-09 17:10:00,0.1826979587065293,0.24709183799060852,0.14095848074941802,0.15202963,0.22402956365625468
2026-03-09 17:15:00,0.12897399142367483,0.24356013683903466,0.1794780549803363,0.1846381,0.23540848242690712
2026-03-09 17:20:00,0.0902578935110807,0.24838676350495043,0.1834723619381011,0.39819697,0.2401809716642894
2026-03-09 17:25:00,0.11959228775099055,0.24185180329590053,0.1642192860464172,0.27400717,0.23512897699313026
2026-03-09 17:30:00,0.13032315394958413,0.2573765839521112,0.16025087634277885,0.2670658,0.22992131545958236
2026-03-09 17:35:00,0.12484316428476205,0.23978412019150824,0.1711538315870834,0.2376971,0.22750748054556671
2026-03-09 17:40:00,0.11990060014614924,0.24338842100827787,0.15195348216538046,0.23249301,0.22403375068916775
2026-03-09 17:45:00,0.12287608785912014,0.269446545539103,0.14467210632069066,0.1352013,0.2227507635291618
2026-03-09 17:50:00,0.13403777315718185,0.2561230473871429,0.15811441721883643,0.27801582,0.22464290812814977
2026-03-09 17:55:00,0.12460587134594071,0.24585698692476327,0.1555801316720072,0.18626322,0.22268389589527396
2026-03-09 18:00:00,0.11925126018850667,0.2430454136369982,0.15106329935171564,0.13836466,0.21967492922834045
2026-03-09 18:05:00,0.1907352825554147,0.23984753948687224,0.1443824593352315,0.28157556,0.21577568772516506
2026-03-09 18:10:00,0.18033749338679655,0.258497027500046,0.15562657784169975,0.1821915,0.21595268553645264
2026-03-09 18:15:00,0.15163678252001137,0.2725591455362679,0.16552358849522375,0.11334577,0.2211727422914567
2026-03-09 18:20:00,0.15121683027559193,0.23704842200326054,0.14725587952402613,0.07519935,0.21732110388501108
2026-03-09 18:25:00,0.15121653573837185,0.24652398102388667,0.14366691194826936,0.22874013,0.21357815254394558
2026-03-09 18:30:00,0.12483657221618581,0.2709480099326617,0.19210706805877822,0.24464065,0.2301484805564515
2026-03-09 18:35:00,0.127303564414156,0.24872014761294647,0.16401445917174057,0.15800251,0.22555247783860508
2026-03-09 18:40:00,0.1268726861194481,0.24921098865916902,0.15482400442955274,0.1396252,0.22125532790283076
2026-03-09 18:45:00,0.12725141412320723,0.24555699868268815,0.1543935433756127,0.13866712,0.21728073036438814
2026-03-09 18:50:00,0.45992417134100005,0.24652467794172606,0.15318315094616436,0.1684433,0.21354109711618985
2026-03-09 18:55:00,0.511514179867068,0.22409992564964562,0.16745391627139578,0.094353296,0.2237555060815981
2026-03-09 19:00:00,0.6102793195031178,0.26547101868683887,0.15079689294273033,0.1033244,0.22024747122192087
2026-03-09 19:05:00,0.6288513444669748,0.2665575066676143,0.14633937483807363,0.12456571,0.21629151471217864
2026-03-09 19:10:00,0.6546460743590267,0.25198355473237,0.14756872057884574,0.20197415,0.21282473430312632
2026-03-09 19:15:00,0.5498575935228108,0.31353766789210413,0.32963173169854604,0.30058992,0.3483241162488282
2026-03-09 19:20:00,0.48757277611317973,0.2888637077142989,0.310437402945898,0.33359343,0.371612071561584
2026-03-09 19:25:00,0.37906009789220524,0.2911933150148578,0.35568180552336126,0.32218713,0.41432706392378826
2026-03-09 19:30:00,0.38848236360337696,0.26111806787946,0.32707694221256745,0.2898159,0.4083495152637884
2026-03-09 19:35:00,0.3585235984591244,0.26466169583527055,0.3407664941139974,0.28768274,0.40791255785500147
2026-03-09 19:40:00,0.24858374562364013,0.2149486481339762,0.3250496571017839,0.2572501,0.42458259935277376
2026-03-09 19:45:00,0.24792603061248303,0.25558797154200896,0.2609678653818899,0.34709936,0.40684232654843316
2026-03-09 19:50:00,0.20996888143370737,0.23647674525792306,0.2496682640325933,0.23507906,0.3988241801751337
2026-03-09 19:55:00,0.18695395875881451,0.3695749946419315,0.26044947692978265,0.24663877,0.39783334559641026
2026-03-10 13:30:00,0.16886268698354764,0.26424364921331295,0.23848907123711938,0.2549326,0.3871545776271484
2026-03-10 13:35:00,0.16836281089621583,0.2501932679805939,0.19515607354803624,0.20891325,0.3727614226803406
2026-03-10 13:40:00,0.2510066660345333,0.25948461531874845,0.18787326542649965,0.18417606,0.35805560470872605
2026-03-10 13:45:00,0.26678341706665243,0.2597223830049864,0.17744858511839434,0.13739581,0.3443601500293325
2026-03-10 13:50:00,0.24895572559621362,0.21801578721120263,0.19491235747521418,0.20994161,0.34383133477172295
2026-03-10 13:55:00,0.2755548341691337,0.21275404290328603,0.17481300676673675,0.18631633,0.3336015057525164
2026-03-10 14:00:00,0.2787810481004596,0.2930460549394202,0.17091872834520574,0.18431637,0.32271567160192155
2026-03-10 14:05:00,0.28729857080755455,0.23498953867417363,0.2220045547151705,0.20404202,0.3325978911547245
2026-03-10 14:10:00,0.28620069558117245,0.24630384712498904,0.20894064530284104,0.21296355,0.32557468304271675
2026-03-10 14:15:00,0.2729537290419019,0.23882524493830282,0.2069242814687357,0.23496704,0.321321786914133
2026-03-10 14:20:00,0.24191036554431147,0.28465741154492663,0.21995334306010336,0.25923622,0.3214761667121055
2026-03-10 14:25:00,0.24072016989216882,0.24104714198797164,0.2072984032749496,0.27201623,0.3125792781270377
2026-03-10 14:30:00,0.1459025226221319,0.2536789719423075,0.23559465629162318,0.25299618,0.32670715887529933
2026-03-10 14:35:00,0.12092976831921437,0.2448191263988257,0.21322871390760717,0.23335214,0.31977148670385747
2026-03-10 14:40:00,0.15219489284822937,0.24487199445112404,0.20495197524064246,0.26037306,0.3113520163328471
2026-03-10 14:45:00,0.14644060776780393,0.24656163628886074,0.1914954568718904,0.18137771,0.30221264149193644
2026-03-10 14:50:00,0.20216412335989434,0.264679189108872,0.19262779109972003,0.15508762,0.2943892571422141
2026-03-10 14:55:00,0.19871805584334573,0.23995605917915533,0.1632208775597551,0.1572894,0.28681885305264404
2026-03-10 15:00:00,0.19596708578553107,0.2606001515349353,0.15123163821062433,0.1878267,0.27854322593226977
2026-03-10 15:05:00,0.1783541323261166,0.2248313390556543,0.17589930809634768,0.18177974,0.2795090844358636
2026-03-10 15:10:00,0.18867047802960665,0.24458131707261652,0.1577027883498736,0.15693203,0.2715102498213838
2026-03-10 15:15:00,0.13219418838615876,0.258223442413737,0.197473876423802,0.20045663,0.2802041954794506
2026-03-10 15:20:00,0.1331008276560587,0.23786659852581915,0.17532993480064019,0.17305426,0.2727300837357139
2026-03-10 15:25:00,0.13868607958114199,0.2636319433878514,0.16840373678646728,0.15573375,0.26468997362988356
2026-03-10 15:30:00,0.12992679285067635,0.2445232311430457,0.17704206962920085,0.18760952,0.262179578381797
2026-03-10 15:35:00,0.16592395138056662,0.2582249805402899,0.17768073124278277,0.19660364,0.25840026295054935
2026-03-10 15:40:00,0.1665863125262616,0.246855277075766,0.16091168516749796,0.11671655,0.25510111981344175
2026-03-10 15:45:00,0.1741140402787665,0.23655353740647986,0.1561771885167,0.13484323,0.249765976435621
2026-03-10 15:50:00,0.1836172899301257,0.24765144751777957,0.15728828587189744,0.14703867,0.24467101571025918
2026-03-10 15:55:00,0.17700694087960733,0.2527291675972925,0.1590122793304956,0.12642471,0.24213217935161083
2026-03-10 16:00:00,0.12766591127368423,0.23274713647234313,0.18089857132282777,0.14344138,0.2487858591492777
2026-03-10 16:05:00,0.1563312901210234,0.24087377180726507,0.17107424049397188,0.15249361,0.24652636422746252
2026-03-10 16:10:00,0.1452766754880363,0.25592937829949103,0.17231389549746862,0.1834483,0.24398523109489845
2026-03-10 16:15:00,0.127323739558075,0.2478651321983349,0.17598247795260746,0.19269893,0.242163349593042
2026-03-10 16:20:00,0.15430045718124547,0.23840594395193312,0.16818229071308843,0.15149768,0.23787394888623362
2026-03-10 16:25:00,0.18992440302639854,0.2483046554957859,0.1479257117456864,0.09174381,0.2325812089297172
2026-03-10 16:30:00,0.15403983970219004,0.2578125571844359,0.17562541272764648,0.21535732,0.2387109360218844
2026-03-10 16:35:00,0.1624577316565244,0.24039398333731385,0.1568184054520592,0.170162,0.23408040225417892
2026-03-10 16:40:00,0.16447459813211773,0.24620193536921586,0.14699097037650788,0.09555949,0.2289997700238658
2026-03-10 16:45:00,0.13749257881623278,0.24584613207626238,0.17171799313822617,0.13831705,0.23241021321277422
2026-03-10 16:50:00,0.1494777620569579,0.2660179091057059,0.18527371073452503,0.2880797,0.2379996281899278
2026-03-10 16:55:00,0.1468623762016388,0.2541076552735084,0.15863524411429317,0.14273271,0.23320272143516055
2026-03-10 17:00:00,0.15874438736594054,0.25682651248984706,0.16740218094361095,0.13691714,0.23132356886695496
2026-03-10 17:05:00,0.2369420419639542,0.25376819960638813,0.16131863137166402,0.16285758,0.2270409946155925
2026-03-10 17:10:00,0.25641660878627176,0.24046807260627556,0.15477519728095973,0.14803818,0.22356173568228563
2026-03-10 17:15:00,0.223424571641189,0.25711876915350834,0.17569678491055435,0.1481992,0.23318750492834944
2026-03-10 17:20:00,0.25223230790673884,0.23171904706739638,0.1513681985871141,0.20875959,0.22811295640652238
2026-03-10 17:25:00,0.24107177106441796,0.23946268847553176,0.17080549174270374,0.1398091,0.22986354557045752
2026-03-10 17:30:00,0.16976357958655586,0.21295689299536408,0.21190833817002658,0.2065044,0.25141711931652344
2026-03-10 17:35:00,0.13406486009317345,0.21998429696415378,0.20394094453643233,0.2009125,0.25354729999749476
2026-03-10 17:40:00,0.1593987549637815,0.2202944417351071,0.17585178277216298,0.136389,0.24693097071330355
2026-03-10 17:45:00,0.4328391875144828,0.23254227421494866,0.20522789843403313,0.25797665,0.25180844233010424
2026-03-10 17:50:00,0.437485162885481,0.23994771810118876,0.18774176975521684,0.1797145,0.24675692017544754
2026-03-10 17:55:00,0.43754942889099435,0.21787795126901247,0.16755638400655223,0.16063002,0.24257114073216343
2026-03-10 18:00:00,0.45827232423536185,0.2272920973951837,0.14773602910502653,0.21165626,0.23675442111766104
2026-03-10 18:05:00,0.45367278770700115,0.2098805767840809,0.17153915246832221,0.14140607,0.2377238496950591
2026-03-10 18:10:00,0.20985654279479385,0.1649925646390651,0.3176320282301033,0.31645843,0.35157402918863656
2026-03-10 18:15:00,0.19779198451326443,0.22096345936633013,0.25460384846468204,0.27191216,0.341569065494097
2026-03-10 18:20:00,0.1942507053015107,0.23511219820977078,0.24939466749116618,0.2672664,0.33025060252161037
2026-03-10 18:25:00,0.13887227208897754,0.22675960078598267,0.27208804713868945,0.27654013,0.3295692005514034
2026-03-10 18:30:00,0.13810628718519705,0.2373688539569778,0.2558988539700453,0.2879309,0.3196190005636521
2026-03-10 18:35:00,0.0721678994859579,0.2155653016185493,0.19453243286420657,0.19044556,0.3170728850666931
2026-03-10 18:40:00,0.07348119570125868,0.22308780382046733,0.17448704970904272,0.17064399,0.3065242826762083
2026-03-10 18:45:00,0.07222884977129344,0.233033461818906,0.17371007575466246,0.17064399,0.2967724715706362
2026-03-10 18:50:00,0.09164395657006474,0.2419877473499366,0.15307920563762184,0.13061188,0.2870689037713804
2026-03-10 18:55:00,0.12748410732947854,0.21788754442725303,0.16129102537912168,0.14212736,0.28015282881413994
2026-03-10 19:00:00,0.21931695691635375,0.22748677089541272,0.13142737816535513,0.11668382,0.2715396967759438
2026-03-10 19:05:00,0.22382816879783096,0.2305933256054286,0.13778875553836312,0.11088816,0.2644082359639316
2026-03-10 19:10:00,0.2324784788528151,0.1778485617347178,0.13658978795457208,0.11422758,0.25760563841292977
2026-03-10 19:15:00,0.22537155412155763,0.20414200351250258,0.14761181800590648,0.13085793,0.2532354817906643
2026-03-10 19:20:00,0.22448297543252396,0.1746407929295392,0.166990406298972,0.11016794,0.2552398550143185
2026-03-10 19:25:00,0.13617961506769558,0.18789946862036438,0.2085043850335132,0.17854671,0.2726859122952125
2026-03-10 19:30:00,0.13176253134599675,0.19911892956356186,0.18684466374493572,0.14597861,0.26695659381343695
2026-03-10 19:35:00,0.1554353684763593,0.26903148316898695,0.19184661903403444,0.16295524,0.26295340986354643
2026-03-10 19:40:00,0.17946682444828563,0.22490480914209304,0.1778959293367146,0.14145154,0.25562359918542277
2026-03-10 19:45:00,0.2126326578744787,0.23203158372519078,0.1957781607930271,0.16733393,0.25706531592795845
2026-03-10 19:50:00,0.2339085639297508,0.2068434465108661,0.15037923533971798,0.17551471,0.250142126877119
2026-03-10 19:55:00,0.2347901779765358,0.2465826189326778,0.15707453789663517,0.12613541,0.24533378063220843
2026-03-11 13:30:00,0.24495776914605616,0.2475393901623888,0.17426758956242655,0.155538,0.2487386088601847
2026-03-11 13:35:00,0.23768827182246663,0.24075014744260187,0.17811763615169582,0.17735982,0.2489747701954015
2026-03-11 13:40:00,0.18870002803291958,0.20756869629680896,0.2002439957844347,0.20732789,0.26118868650274935
2026-03-11 13:45:00,0.1616791142105921,0.2342188141258591,0.1959448844568627,0.17105155,0.2612689977927214
2026-03-11 13:50:00,0.15813855518257053,0.24254461763732457,0.18702362221737306,0.171655,0.25587863280893297
2026-03-11 13:55:00,0.26350881044967117,0.238262425475732,0.20508924619978436,0.25769,0.2618429937282916
2026-03-11 14:00:00,0.25468015270165545,0.2594618289224224,0.19153672579221653,0.1785526,0.25810654229060703
2026-03-11 14:05:00,0.26732196061771274,0.21079242417721508,0.1738857575124715,0.1669185,0.25318876404122775
2026-03-11 14:10:00,0.32496982021692333,0.21566099686803433,0.15724252067817504,0.20312397,0.24658456305374127
2026-03-11 14:15:00,0.33498246584158087,0.20737760675924055,0.16168746600540637,0.1534294,0.24148104654750852
2026-03-11 14:20:00,0.23262878081720448,0.1903590660347516,0.23367886406218363,0.29482707,0.2823720788313607
2026-03-11 14:25:00,0.23298837847829348,0.2043382221273414,0.18512517697362935,0.18781447,0.2736054918115268
2026-03-11 14:30:00,0.21591420359943167,0.2057512783468009,0.20653771700739026,0.19826137,0.27228307577972416
2026-03-11 14:35:00,0.11615818128493816,0.24268504631128585,0.24075988733299428,0.2282687,0.28874378203508216
2026-03-11 14:40:00,0.13255344043552672,0.23306581589850084,0.22559635316144686,0.29284674,0.2850357129949172
2026-03-11 14:45:00,0.22858089130355502,0.2276460823382904,0.18806760991260701,0.16141099,0.27809436132770154
2026-03-11 14:50:00,0.23574945565107622,0.22330983492313475,0.1806380274832009,0.14715709,0.26975653968598196
2026-03-11 14:55:00,0.2635128242057467,0.2290793318802507,0.18050601779056705,0.165909,0.26309060682280794
2026-03-11 15:00:00,0.34987525200363306,0.2383845766449142,0.1493556050900008,0.14733683,0.2565317922167244
2026-03-11 15:05:00,0.33398421407449813,0.21838367153225866,0.16871620322477662,0.13435517,0.25894838489721295
2026-03-11 15:10:00,0.2721240097903289,0.18612290714026086,0.2136603435412586,0.22086494,0.2798486499384884
2026-03-11 15:15:00,0.28130292303481724,0.22594074378512086,0.19050440517836573,0.18397917,0.27380530941296655
2026-03-11 15:20:00,0.2551757836864947,0.24445060427103468,0.21108121507909092,0.18428524,0.2769360327268689
2026-03-11 15:25:00,0.18184817177412657,0.20977316563114848,0.25765119554800725,0.28877097,0.3058476640909386
2026-03-11 15:30:00,0.21367597455973036,0.22405613002699423,0.21508238575705882,0.24165733,0.296152021579561
2026-03-11 15:35:00,0.2275550859050326,0.21952852837321005,0.19094902488371507,0.21630023,0.28641718563217416
2026-03-11 15:40:00,0.20795003064828532,0.22220412852790514,0.21063135155217483,0.20962484,0.2834275685978702
2026-03-11 15:45:00,0.22608014695359185,0.22855874344858554,0.1923672815286327,0.1887405,0.27561089330727195
2026-03-11 15:50:00,0.1866949591179699,0.2385782592315887,0.1914381888145557,0.21103807,0.28315547603769325
2026-03-11 15:55:00,0.16548390631430698,0.22913309569600288,0.19512629900782327,0.18817069,0.28402193612153254
2026-03-11 16:00:00,0.15307829085324412,0.22738773535277468,0.19207188096062935,0.16669464,0.2795160741694302
2026-03-11 16:05:00,0.2218179987649371,0.2210736119501491,0.17275179677351357,0.1298124,0.2709809274818056
2026-03-11 16:10:00,0.210107689928968,0.23151008861226638,0.19453354115309965,0.18987292,0.26994647837542735
2026-03-11 16:15:00,0.19695652290224147,0.22425238735140374,0.1789245635771073,0.2316078,0.2663634784075666
2026-03-11 16:20:00,0.18194232486062603,0.23961696785619557,0.17312183780448842,0.19309543,0.2634419624962458
2026-03-11 16:25:00,0.19869415270004778,0.22003127288747149,0.16307452958241514,0.15648139,0.2577248507024734
2026-03-11 16:30:00,0.12695243810757392,0.2440552423832061,0.2052373317701023,0.1668018,0.2703934444478277
2026-03-11 16:35:00,0.11151054378999185,0.2214410504646296,0.1837708059394028,0.2010209,0.26566760409680223
2026-03-11 16:40:00,0.10992613309376172,0.24255327387500727,0.17121048172176692,0.17784606,0.2583876002448668
2026-03-11 16:45:00,0.12229610163457952,0.211963083271174,0.16727433099391428,0.17306584,0.2517520905979316
2026-03-11 16:50:00,0.08800234750165031,0.24307387496312163,0.18558545804702073,0.21509159,0.2520518642857048
2026-03-11 16:55:00,0.12898567657510224,0.22694838860305394,0.15598783568989044,0.1147857,0.24747974030598788
2026-03-11 17:00:00,0.1309044769313392,0.2221173480022281,0.14610375344140747,0.14874637,0.2417424572332583
2026-03-11 17:05:00,0.1391232196599308,0.23318690712735893,0.14197187576637743,0.1546837,0.23600669631196852
2026-03-11 17:10:00,0.29638315141407706,0.2132167936201136,0.15560903817600455,0.17307441,0.23358007971701322
2026-03-11 17:15:00,0.29559653501936534,0.22876924283118832,0.14067494452905588,0.1316952,0.22963660168934524
2026-03-11 17:20:00,0.28003876814222745,0.23505993666055378,0.16619850334131905,0.13063607,0.23463793006550482
2026-03-11 17:25:00,0.27928138251671575,0.25528162655551817,0.1528568199167692,0.13487501,0.23035844447091114
2026-03-11 17:30:00,0.2753077224062692,0.23889417064678328,0.15800572559269618,0.14307514,0.22746908846926378
2026-03-11 17:35:00,0.06340398270690122,0.20504668782925664,0.24736882926247625,0.26718235,0.2795621399474831
2026-03-11 17:40:00,0.11531593204822058,0.223517319292177,0.2020133510169827,0.23097326,0.2716323409613589
2026-03-11 17:45:00,0.10452686449034863,0.23348634206094876,0.20085786977154807,0.25287715,0.26542408449993404
2026-03-11 17:50:00,0.12391052210119613,0.24072561286865768,0.1961005085221069,0.23154859,0.258365104638941
2026-03-11 17:55:00,0.12380401678069122,0.2321563779009152,0.19128834358259486,0.2356432,0.2513704893613786
2026-03-11 18:00:00,0.14176343321336743,0.24300921739571313,0.12848382379138026,0.124469,0.2449400605123575
2026-03-11 18:05:00,0.1068723334231114,0.2667783863324148,0.16133278751210864,0.15932584,0.2472235488978774
2026-03-11 18:10:00,0.13079051387501514,0.2405336807520684,0.13989849991167888,0.16041444,0.241062777842865
2026-03-11 18:15:00,0.10989288509814939,0.23515606386051768,0.1582784111396098,0.113549754,0.23959022694211948
2026-03-11 18:20:00,0.11597585116475706,0.2179951666833312,0.14506616153910584,0.15554221,0.2340139231197765
2026-03-11 18:25:00,0.13716879972399082,0.23414008765633812,0.16298413980812412,0.14375497,0.23303359215505934
2026-03-11 18:30:00,0.13637171122924233,0.24949555380492616,0.1467252331873513,0.14731242,0.22925474637835436
2026-03-11 18:35:00,0.12608345604946336,0.2280821996752879,0.16090622985154715,0.12613754,0.22947698211335588
2026-03-11 18:40:00,0.12632043311912614,0.22999213479005987,0.14141420043427733,0.14807753,0.22472802470562034
2026-03-11 18:45:00,0.12998040659465873,0.23002135889948794,0.1491338247926529,0.12993333,0.22157752686345797
2026-03-11 18:50:00,0.10364921740795882,0.24952954041454567,0.16761753012520397,0.12596962,0.2265669955900163
2026-03-11 18:55:00,0.09754103769760583,0.2288880827839644,0.15506478574843569,0.14626393,0.22315115302242192
2026-03-11 19:00:00,0.08190389374305493,0.22338009623820915,0.15561416431660902,0.09290705,0.22159384783179945
2026-03-11 19:05:00,0.1400541218550524,0.2286676284104009,0.14716344489548625,0.10784634,0.21754570936900625
2026-03-11 19:10:00,0.13233746794308865,0.22157813157526762,0.1553859824745363,0.14667612,0.21589270814040634
2026-03-11 19:15:00,0.12091684677385701,0.2507800878668899,0.15049771274222,0.13516721,0.21599786999610057
2026-03-11 19:20:00,0.13763224331037593,0.25123207537769715,0.13776174003066857,0.13652153,0.21236615137078876
2026-03-11 19:25:00,0.173459476453882,0.2403170558483313,0.13340853235672515,0.090287805,0.20919811609958966
2026-03-11 19:30:00,0.13075630090201204,0.23759290093715738,0.16982583756518274,0.27886784,0.21826125475652794
2026-03-11 19:35:00,0.8238697455789071,0.23512050981380067,0.14880178618461495,0.21759169,0.2146086094755659
2026-03-11 19:40:00,0.827229968437373,0.24742492628996116,0.14905583797450184,0.37002274,0.2121572445944776
2026-03-11 19:45:00,0.8410308399843993,0.22595662677978529,0.16011689592808706,0.27783704,0.21291568636318842
2026-03-11 19:50:00,0.8344211199151794,0.23946556189139817,0.17864027710922245,0.22767666,0.21998546046732184
2026-03-11 19:55:00,0.8516073973629674,0.2210327241854902,0.14621585495184125,0.31606525,0.21599442739345742
2026-03-12 13:30:00,0.25297793408000696,0.13657242761682659,0.5115806345290952,0.2633429,0.5545563280372794
2026-03-12 13:35:00,0.3197726260690255,0.25793379205459055,0.3748707813839687,0.22253731,0.5315438673940167
2026-03-12 13:40:00,0.27366824839397347,0.22558775701518316,0.3948685867571954,0.24008854,0.5179166663161384
2026-03-12 13:45:00,0.28985818408994135,0.22588844070614528,0.36480943450797143,0.18631801,0.4945872828089635
2026-03-12 13:50:00,0.31113949499481935,0.20100111914975977,0.3990554660786399,0.2361875,0.48450387045239246
2026-03-12 13:55:00,0.3125216794264117,0.22290951816112103,0.19309439135098924,0.15722215,0.4632726206905928
2026-03-12 14:00:00,0.29889402900625894,0.2609392353144686,0.24841901946258438,0.22778447,0.46269674296072255
2026-03-12 14:05:00,0.29899537425346573,0.23268069029766003,0.19557277000858747,0.19246963,0.442474071136601
2026-03-12 14:10:00,0.282915728154521,0.24693045322156057,0.2178011809096987,0.21362744,0.427814519821241
2026-03-12 14:15:00,0.24580924660540762,0.2373592080201977,0.24460497585405225,0.21452539,0.42939875295760643
2026-03-12 14:20:00,0.2565214467941897,0.2283804897624046,0.21384300523240765,0.22593747,0.411872170995338
2026-03-12 14:25:00,0.17118551277204508,0.2226829519954302,0.23869538275538493,0.21279429,0.4126740501018795
2026-03-12 14:30:00,0.17097597809733,0.21217134806006746,0.20437005687908963,0.1863304,0.39547157427708196
2026-03-12 14:35:00,0.17871533780907067,0.2227509119696364,0.19898560306939816,0.17437907,0.37929947219453214
2026-03-12 14:40:00,0.10473214351095245,0.24303954009732612,0.21492102939446914,0.20611624,0.37598204091070403
2026-03-12 14:45:00,0.10305929036430335,0.22257271381188018,0.20575682372494997,0.19032015,0.3647652136925524
2026-03-12 14:50:00,0.10269392520202013,0.2298646067795614,0.1668477892629297,0.16163029,0.35057228337446955
2026-03-12 14:55:00,0.1293084603439258,0.23661484979256475,0.16509616343975933,0.17285204,0.3372095589317502
2026-03-12 15:00:00,0.1275669235655152,0.23889758476525558,0.17670832676148723,0.17296164,0.32637783243613194
2026-03-12 15:05:00,0.1307828451384981,0.24981163661593686,0.15123533054713956,0.18127193,0.3153352686268646
2026-03-12 15:10:00,0.32750100280497507,0.2305246745097466,0.15945337692784686,0.16460657,0.30851625973433167
2026-03-12 15:15:00,0.3281624259162277,0.21870812449265614,0.14567090803573404,0.16201627,0.2979712685141582
2026-03-12 15:20:00,0.3326350861159928,0.26600560308003723,0.16232856965725115,0.16970679,0.29232857765605563
2026-03-12 15:25:00,0.334155311740504,0.2344662979055336,0.1559788222224949,0.13372573,0.2844578063645098
2026-03-12 15:30:00,0.33314143053913686,0.22836441928794754,0.1561086002832894,0.14067149,0.2769840256902515
2026-03-12 15:35:00,0.16078632757559622,0.2758756832417688,0.2658473489634817,0.24592985,0.33239271689442834
2026-03-12 15:40:00,0.3627075507985478,0.23448071930692854,0.21146279923982336,0.20317121,0.32051709375684984
2026-03-12 15:45:00,0.385389609180791,0.2068424472360289,0.22665716676579095,0.20954044,0.31492509116911166
2026-03-12 15:50:00,0.39678824906917154,0.2514261230446921,0.21954207118335256,0.23751694,0.30605198414104284
2026-03-12 15:55:00,0.3953782465108766,0.2372816783102346,0.21531589868260212,0.24231076,0.29652706184663175
2026-03-12 16:00:00,0.40454265409953616,0.24357271867032898,0.17724774563509568,0.17327018,0.2946460268105069
2026-03-12 16:05:00,0.2477682619682817,0.18782469272302274,0.27922262028729955,0.25619507,0.351202492903844
2026-03-12 16:10:00,0.22261418593829221,0.25813084351812254,0.25527447506862033,0.21911459,0.35278445185800006
2026-03-12 16:15:00,0.2009214947870533,0.2362405541265388,0.2488607383015372,0.21401009,0.3463440911416204
2026-03-12 16:20:00,0.23763609896712196,0.22944960883053664,0.23043978067715004,0.14956053,0.3333814272732391
2026-03-12 16:25:00,0.2021753271014166,0.20105878998482257,0.25640321594781906,0.27241516,0.3325905385620684
2026-03-12 16:30:00,0.20075794957821694,0.24647232262122776,0.1953948196606335,0.19667086,0.3228206585996551
2026-03-12 16:35:00,0.20718556910577854,0.24352183884837728,0.19862730208391643,0.15753287,0.32023154285783345
2026-03-12 16:40:00,0.2297440301447651,0.22932792099286275,0.1800598978761976,0.16496255,0.31079479211529565
2026-03-12 16:45:00,0.19460383988466523,0.20935618344574108,0.20483654733827797,0.18361656,0.3106492487120734
2026-03-12 16:50:00,0.20447359228915513,0.22143277572331999,0.18101591658486366,0.17624967,0.3020863302068019
2026-03-12 16:55:00,0.23867237228978397,0.2415462851457647,0.18072822339701167,0.1754639,0.2942149534529174
2026-03-12 17:00:00,0.21264403014421113,0.24622228684087957,0.19627707527625451,0.18378808,0.29614572175690546
2026-03-12 17:05:00,0.18530204834006933,0.22691530534220136,0.20002063239030649,0.22234486,0.2951953760748984
2026-03-12 17:10:00,0.20373561045964622,0.24537070120315557,0.17519438024919298,0.18575014,0.286500309304502
2026-03-12 17:15:00,0.23240867966128936,0.24537070120315557,0.18711848204002876,0.19818947,0.28255880615714724
2026-03-12 17:20:00,0.19401162857386223,0.24537070120315557,0.20706685022431,0.19137596,0.2868739901532358
2026-03-12 17:25:00,0.18164168211059734,0.24537070120315557,0.18640342878120733,0.1616081,0.2814341948328827
2026-03-12 17:30:00,0.176422433684714,0.24537070120315557,0.1731916770106087,0.15777452,0.2741871027709517
2026-03-12 17:35:00,0.16001345436684647,0.24537070120315557,0.18768474710299984,0.183406,0.27232412450303456
2026-03-12 17:40:00,0.07937498379487402,0.24537070120315557,0.20539968385193424,0.17990768,0.2786904649596473
2026-03-12 17:45:00,0.0744616913179089,0.24537070120315557,0.17622788323479685,0.16462141,0.27175428260932494
2026-03-12 17:50:00,0.12278912680282815,0.24537070120315557,0.16793070866457102,0.15622188,0.26412306737834984
2026-03-12 17:55:00,0.12386640678843655,0.24537070120315557,0.16333888707012229,0.1560869,0.25678347686732517
2026-03-12 18:00:00,0.11138149368460505,0.24537070120315557,0.1663375370335781,0.14312603,0.2522988130162981
2026-03-12 18:05:00,0.12097688994353618,0.24537070120315557,0.1356474457110672,0.18283129,0.2460870955787833
2026-03-12 18:10:00,0.11515362231090363,0.24537070120315557,0.13728673943145506,0.1504286,0.24114750481142225
2026-03-12 18:15:00,0.06263503257058112,0.24537070120315557,0.16342685224620537,0.12925996,0.2437466094170521
2026-03-12 18:20:00,0.0692032899571006,0.24537070120315557,0.1486530916746895,0.1654928,0.23817932112664172
2026-03-12 18:25:00,0.08517872974772545,0.24537070120315557,0.14305029880903627,0.13381863,0.23281445239656925
2026-03-12 18:30:00,0.0978052339759507,0.24537070120315557,0.15351357817450317,0.1793117,0.23007827830560615
2026-03-12 18:35:00,0.09770363401180122,0.24537070120315557,0.14267154229347181,0.18520479,0.22526945284418187
2026-03-12 18:40:00,0.10329408703533857,0.24537070120315557,0.13109039792591548,0.120238386,0.22146065936261
2026-03-12 18:45:00,0.09775645271885294,0.24537070120315557,0.13476513898314713,0.1209866,0.21849925793985328
2026-03-12 18:50:00,0.0890190764194701,0.24537070120315557,0.1421791319618256,0.20852242,0.21700643553209376
2026-03-12 18:55:00,0.05756349193821969,0.24537070120315557,0.1495170283139106,0.13263422,0.21783583256833877
2026-03-12 19:00:00,0.06029893122200825,0.24537070120315557,0.13629338863920742,0.20709634,0.214016920576245
2026-03-12 19:05:00,0.06408650501786757,0.24537070120315557,0.14579657642623847,0.15034494,0.21223007041445446
2026-03-12 19:10:00,0.08373729242422653,0.24537070120315557,0.13817181654434418,0.23204832,0.20903962723858016
2026-03-12 19:15:00,0.1354201183309434,0.24537070120315557,0.1389225672167587,0.19878578,0.20689316101188465
2026-03-12 19:20:00,0.15145260749092393,0.24537070120315557,0.12727376733777102,0.119889475,0.20436696554049205
2026-03-12 19:25:00,0.15057051522143844,0.24537070120315557,0.12769279727383298,0.11134336,0.20202264204311407
2026-03-12 19:30:00,0.17994043381188987,0.24537070120315557,0.1340455327356718,0.19552594,0.20183489552267664
2026-03-12 19:35:00,0.58625892274875,0.24537070120315557,0.1413430913432033,0.072220996,0.20242416601245905
2026-03-12 19:40:00,0.5824922327466788,0.24537070120315557,0.16749421664613048,0.2014903,0.2117691926301473
2026-03-12 19:45:00,0.6231819479472273,0.24537070120315557,0.16478473163864066,0.16479059,0.21313569782543365
2026-03-12 19:50:00,0.6349884437263918,0.24537070120315557,0.15260235246373122,0.1554328,0.2097674493085256
2026-03-12 19:55:00,0.6312284407565963,0.24537070120315557,0.1808200934451826,0.30507442,0.3117237398162509
2026-03-13 13:30:00,0.33764271403195373,0.24537070120315557,0.3906407360447317,0.32284448,0.4556881119057188
2026-03-13 13:35:00,0.3326024182491361,0.24537070120315557,0.30066437798422385,0.23876947,0.4332644563615954
2026-03-13 13:40:00,0.2629465323744799,0.24537070120315557,0.3402706541314173,0.3641072,0.43363383247195325
2026-03-13 13:45:00,0.24322509308489876,0.24537070120315557,0.32313842366271195,0.2598651,0.41750475271764026
2026-03-13 13:50:00,0.24954728523971045,0.24537070120315557,0.31508121159428415,0.27335086,0.40052934985056243
2026-03-13 13:55:00,0.19307445988252275,0.24537070120315557,0.24423342183381494,0.26926345,0.39657320889001146
2026-03-13 14:00:00,0.18324390395563786,0.24537070120315557,0.22282129574457024,0.28971806,0.38159531084902654
2026-03-13 14:05:00,0.175390623519768,0.24537070120315557,0.21055623857350012,0.23165026,0.37286397114558756
2026-03-13 14:10:00,0.1855185613146258,0.24537070120315557,0.19682062496167968,0.19679712,0.3618809732797502
2026-03-13 14:15:00,0.28408561008164,0.24537070120315557,0.2046864636380778,0.21133074,0.3554551656940526
2026-03-13 14:20:00,0.2775853429212467,0.24537070120315557,0.18194770390486037,0.19785747,0.34737865660460737
2026-03-13 14:25:00,0.28692621575751515,0.24537070120315557,0.1711190741438087,0.16601893,0.33850371934325824
2026-03-13 14:30:00,0.32415094551981,0.24537070120315557,0.18205634487322256,0.17830987,0.33590597088733637
2026-03-13 14:35:00,0.312547523797735,0.24537070120315557,0.18400864518389123,0.20192534,0.33317044399520296
2026-03-13 14:40:00,0.25861850286460825,0.24537070120315557,0.24116813277029092,0.30272028,0.3559547474866934
2026-03-13 14:45:00,0.27567781886836756,0.24537070120315557,0.22183540832765944,0.21304508,0.345911472426875
2026-03-13 14:50:00,0.3051524053602355,0.24537070120315557,0.22493913587098668,0.2427679,0.3400659456902158
2026-03-13 14:55:00,0.2920930711111032,0.24537070120315557,0.23503598495083972,0.23846819,0.34903886041585774
2026-03-13 15:00:00,0.29159457981045406,0.24537070120315557,0.22726144204696944,0.24191907,0.3400912609760253
2026-03-13 15:05:00,0.256962551931864,0.24537070120315557,0.22526245890004606,0.21170492,0.3456449316804405
2026-03-13 15:10:00,0.24800194578286075,0.24537070120315557,0.22555356272658872,0.21849222,0.3421154242598148
2026-03-13 15:15:00,0.24152829713093715,0.24537070120315557,0.23200238921871036,0.23348188,0.3459005405437858
2026-03-13 15:20:00,0.20654730551156805,0.24537070120315557,0.22232204633350325,0.21310398,0.34969638476264314
2026-03-13 15:25:00,0.21426052240036977,0.24537070120315557,0.21690904251900836,0.19814163,0.34048632806143825
2026-03-13 15:30:00,0.21217322810268288,0.24537070120315557,0.21254092103703276,0.18342286,0.335998129901293
2026-03-13 15:35:00,0.21333253121343193,0.24537070120315557,0.2107142943434939,0.20103812,0.33179402968242966
2026-03-13 15:40:00,0.1791381681912744,0.24537070120315557,0.2128680616119492,0.18834637,0.3359581524900147
2026-03-13 15:45:00,0.1682711019734366,0.24537070120315557,0.2053106499708218,0.19468255,0.33343570745156365
2026-03-13 15:50:00,0.15779586813784433,0.24537070120315557,0.2051584940873141,0.20021416,0.32874773973934407
2026-03-13 15:55:00,0.14686527356944468,0.24537070120315557,0.20513510881115765,0.2052045,0.32588303871387087
2026-03-13 16:00:00,0.1268816869549126,0.24537070120315557,0.20546070743487102,0.19368117,0.3237735419551386
2026-03-13 16:05:00,0.10288410473014468,0.24537070120315557,0.20056394608703074,0.20631313,0.32218098349246843
2026-03-13 16:10:00,0.08525459260758267,0.24537070120315557,0.1986795560216288,0.21130736,0.3201081706388583
2026-03-13 16:15:00,0.12694324587319636,0.24537070120315557,0.19538258385080362,0.16739479,0.31588525160262576
2026-03-13 16:20:00,0.1235762212160704,0.24537070120315557,0.19454825084391042,0.18548527,0.3134939946884888
2026-03-13 16:25:00,0.1709556993433127,0.24537070120315557,0.19059292057429825,0.1628592,0.31055306210396433
2026-03-13 16:30:00,0.2819371559884877,0.24537070120315557,0.18508698223276998,0.16714402,0.3082558406280957
2026-03-13 16:35:00,0.27927732554583307,0.24537070120315557,0.1830543146670367,0.30156937,0.306850390363335
2026-03-13 16:40:00,0.27020714574628596,0.24537070120315557,0.1912602447125865,0.12312227,0.3101613930053653
2026-03-13 16:45:00,0.2928040619524912,0.24537070120315557,0.18718113393972152,0.14342622,0.30833123642187604
2026-03-13 16:50:00,0.2663257598264121,0.24537070120315557,0.1976858633695962,0.1976717,0.31436895728839404
2026-03-13 16:55:00,0.1469949043420963,0.24537070120315557,0.21863666143078106,0.22539859,0.3390165240689641
2026-03-13 17:00:00,0.14635614871595723,0.24537070120315557,0.20953193208547197,0.22628711,0.3313380360565669
2026-03-13 17:05:00,0.14000386481847274,0.24537070120315557,0.20935052494778555,0.17746931,0.3272658132332908
2026-03-13 17:10:00,0.07331112991514056,0.22623937579469958,0.21418966025364877,0.21212451,0.32934452244822315
2026-03-13 17:15:00,0.07833618228117072,0.22623714065785375,0.20587418602053748,0.17101578,0.32312533728398485
2026-03-13 17:20:00,0.2307156218734293,0.22623576052281646,0.190355529494554,0.114424124,0.3191000112438632
2026-03-13 17:25:00,0.23173543112924563,0.2262360134149051,0.18878564236737078,0.606524,0.31476737648782604
2026-03-13 17:30:00,0.22567253297717582,0.226237537985712,0.18856108938490973,0.19809592,0.3126690174094103
2026-03-13 17:35:00,0.2384365903802957,0.22623784572014766,0.17726440238025748,0.20844825,0.3095124426003123
2026-03-13 17:40:00,0.2367365699652886,0.22623572726185254,0.17828240043456653,0.19959329,0.30724300168520136
2026-03-13 17:45:00,0.09128889675441507,0.22623914458084624,0.20963811049750763,0.21348009,0.3324749984256033
2026-03-13 17:50:00,0.1097172527321396,0.22623572072282852,0.20165688902110632,0.13562216,0.3260690809225303
2026-03-13 17:55:00,0.11624510742846277,0.22623599086056487,0.19951933450172035,0.43407342,0.3203888202748372
2026-03-13 18:00:00,0.13067030698981885,0.2262359949507791,0.2044430641169501,0.4492759,0.31919170687738085
2026-03-13 18:05:00,0.16147349997108124,0.2262358456708494,0.20113162877392698,0.5489642,0.31472042201963774
2026-03-13 18:10:00,0.15933646763868042,0.22623735439138756,0.18197077612584633,0.20752,0.311853201802489
2026-03-13 18:15:00,0.1508711825333654,0.22623588400842304,0.18588640727593742,0.17999083,0.31122403575991664
2026-03-13 18:20:00,0.14718932789533304,0.22623591543083876,0.18570137793014138,0.14747374,0.3090262323343316
2026-03-13 18:25:00,0.1091473242815519,0.2262376722060521,0.19052834992489506,0.13332582,0.3120127378496576
2026-03-13 18:30:00,0.07641533703665923,0.22623641571331723,0.19468506085901682,0.16841857,0.31398880576498167
2026-03-13 18:35:00,0.1128584413425861,0.22623595148912196,0.1916051523910433,0.14710967,0.3108599001969973
2026-03-13 18:40:00,0.1053857874736422,0.22623622954576816,0.19040112189644573,0.14831321,0.3089000126387988
2026-03-13 18:45:00,0.1058345818219518,0.22623578833632121,0.18629073850201022,0.2212606,0.3064880661039131
2026-03-13 18:50:00,0.10611653320882408,0.22623609721000632,0.1802418167837299,0.10784665,0.3042967120833563
2026-03-13 18:55:00,0.15733553292215469,0.22623594945448014,0.1775947390364364,0.25756258,0.30423149310964087
2026-03-13 19:00:00,0.142267670742898,0.22623717003409122,0.18365513397663163,0.1950119,0.3069271427502042
2026-03-13 19:05:00,0.14272378921524753,0.2262357551939599,0.17957505002450244,0.13336703,0.3047357156352679
2026-03-13 19:10:00,0.17401837956393626,0.2262359441237823,0.17993787013840956,0.19353333,0.30314126306743444
2026-03-13 19:15:00,0.17468689982868052,0.22623571234344284,0.17942202213477168,0.2128502,0.301598612488299
2026-03-13 19:20:00,0.12247097940263613,0.22623755460064554,0.19227221009528173,0.19093947,0.30992817194737177
2026-03-13 19:25:00,0.1116451069345095,0.2262366360672225,0.18739858104916698,0.30337125,0.30891705036086453
2026-03-13 19:30:00,0.11668184949035401,0.22623615183612816,0.18585140160423816,0.37662822,0.30643934251566096
2026-03-13 19:35:00,0.9439603572072377,0.2262357036345209,0.19127585465820499,0.3484622,0.3102976358974865
2026-03-13 19:40:00,0.9460907128382959,0.2262359452324642,0.18793733773782392,0.24471322,0.3075849314368284
2026-03-13 19:45:00,0.9502809089082462,0.2262357475763489,0.18116235545426773,0.18409763,0.3057231305240866
2026-03-13 19:50:00,0.9514093856946775,0.22623725562091324,0.17899717587972558,0.23954439,0.3040098195938193
2026-03-13 19:55:00,0.9510830076739956,0.2262594877336431,0.1803551342192024,0.26343635,0.3031087341486699
2026-03-16 13:30:00,0.19743164855288942,0.22629906710387945,0.36070798102934964,0.31216758,0.6390840537441387
2026-03-16 13:35:00,0.199435162431826,0.2262381083774405,0.3257102052655796,0.3097291,0.5911161841606165
2026-03-16 13:40:00,0.18983769752486526,0.22623975430115936,0.3275868708432337,0.29754925,0.5505812946892927
2026-03-16 13:45:00,0.18405759946018646,0.22623578414504622,0.3259209785764298,0.3833647,0.5132085077918143
2026-03-16 13:50:00,0.18215850439300402,0.2262375019816809,0.3247508252628481,0.39638707,0.4800243905335488
2026-03-16 13:55:00,0.12222554259019008,0.22623976084379882,0.22387705406507127,0.22662765,0.4597190443381296
2026-03-16 14:00:00,0.1466350542193615,0.22623582294069366,0.22109941642300435,0.24029107,0.4355749795210589
2026-03-16 14:05:00,0.2195938458502722,0.2262374362426433,0.21984007917643889,0.2418063,0.41494533747809786
2026-03-16 14:10:00,0.2405002948233077,0.22623621110529976,0.21711469813999923,0.24387081,0.3953588246930767
2026-03-16 14:15:00,0.24177936727103494,0.22623625412482853,0.2162518910470549,0.25961718,0.37849897928111553
2026-03-16 14:20:00,0.23516719048816037,0.22623579581424139,0.20986971321469278,0.2544459,0.36615237403021705
2026-03-16 14:25:00,0.27184655837801536,0.2262393986096155,0.21533538039519223,0.225297,0.35965053153188536
2026-03-16 14:30:00,0.22642286740938766,0.22623631645313982,0.2290510910178201,0.23545574,0.3643164636012413
2026-03-16 14:35:00,0.23304492284153505,0.22623731083312026,0.22906790924844486,0.25065336,0.35738500915740384
2026-03-16 14:40:00,0.2340197147487953,0.22623569131874272,0.22596780313483414,0.24441618,0.34681370191552374
2026-03-16 14:45:00,0.232655135845156,0.22623588914032428,0.22508930514001957,0.24027184,0.33806105327280844
2026-03-16 14:50:00,0.15962149456017743,0.226246600746123,0.23665574433868647,0.24272391,0.3463259616605867
2026-03-16 14:55:00,0.1477275578770558,0.22623717159870033,0.22709144876884174,0.24428998,0.3420479436159003
2026-03-16 15:00:00,0.09389138529097786,0.22624229612111732,0.22903601846497068,0.24836992,0.34065263114507954
2026-03-16 15:05:00,0.1025631736846825,0.226236087364381,0.22593024132348788,0.26585814,0.33310950574850745
2026-03-16 15:10:00,0.10759854158838018,0.22623811686895096,0.22494943355745733,0.28243423,0.3263344856614088
2026-03-16 15:15:00,0.10992802979875362,0.22623907656901118,0.21569100696150142,0.25668174,0.32151518066610363
2026-03-16 15:20:00,0.08869585007767783,0.22623664025939907,0.1916818952404625,0.14329782,0.3197495045894834
2026-03-16 15:25:00,0.13683869173481047,0.2262365156723365,0.18150431746227952,0.53352785,0.3152997514291314
2026-03-16 15:30:00,0.1886432739027581,0.22623716590313958,0.1840022939750054,0.25780207,0.3131648757640123
2026-03-16 15:35:00,0.18866312804133786,0.22623665391588677,0.18392042815029602,0.22826234,0.31049952813955173
2026-03-16 15:40:00,0.19817282336189895,0.22623741723818508,0.18473458690019215,0.26540422,0.3088167079962061
2026-03-16 15:45:00,0.19574935620905856,0.22623657323654262,0.18030775453006478,0.20364217,0.30697632609211234
2026-03-16 15:50:00,0.16891730531255314,0.22623574874664004,0.19016116603589733,0.17513141,0.31112531153290623
2026-03-16 15:55:00,0.20661257973608624,0.22623990404275873,0.19960221413059645,0.20863535,0.3193424848268891
2026-03-16 16:00:00,0.20360618325631755,0.2262368804038123,0.19542685262556428,0.19266132,0.3155697920861436
2026-03-16 16:05:00,0.18892399801616258,0.22623760690996447,0.1986654367313365,0.42775968,0.31505549888953516
2026-03-16 16:10:00,0.21516540261351014,0.22623587568746636,0.1958665052713867,0.43735263,0.3115323434960353
2026-03-16 16:15:00,0.22211184567331024,0.22623634650560542,0.19224272754791488,0.24615279,0.30917161491741757
2026-03-16 16:20:00,0.1253091179741467,0.22623966927410752,0.20361968778034165,0.20963624,0.32566591170458065
2026-03-16 16:25:00,0.12522794552571112,0.22623582927845254,0.19557597627214382,0.23789205,0.32008426456635813
2026-03-16 16:30:00,0.12687219366199293,0.22623580092814347,0.19347361554537088,0.25055254,0.31548098315141043
2026-03-16 16:35:00,0.0817405327097433,0.22623926152113663,0.20159732241380554,0.19868484,0.31790300042733993
2026-03-16 16:40:00,0.06029834930560469,0.22623573820773205,0.1996673329609877,0.18960597,0.31611429657763207
2026-03-16 16:45:00,0.08546733900411271,0.226237351856051,0.18355055585379532,0.17512536,0.3123377144892026
2026-03-16 16:50:00,0.08599016406054324,0.226240387242964,0.1823559190752491,0.12340573,0.3091024864805376
2026-03-16 16:55:00,0.08974008583677073,0.2262358389302399,0.1831780238605282,0.10336526,0.3067049301315233
2026-03-16 17:00:00,0.09214447817814052,0.22623575745879992,0.17762340533416576,0.07269423,0.3053901034537396
2026-03-16 17:05:00,0.08674437114948137,0.22623631057348517,0.17443110941792955,0.11575655,0.3041519241353748
2026-03-16 17:10:00,0.06564357809806741,0.21856529322056487,0.17896284476374444,0.30064285,0.30470331382457116
2026-03-16 17:15:00,0.07397331614396842,0.21856529322056487,0.17695401826637444,0.16525322,0.3029070098341951
2026-03-16 17:20:00,0.07972552611730961,0.21856529322056487,0.1782792537835595,0.13326903,0.30203613555854464
2026-03-16 17:25:00,0.07580327555286075,0.21856529322056487,0.17911313983462646,0.16000912,0.3018485757124367
2026-03-16 17:30:00,0.07677821831462583,0.21856529322056487,0.1771598216433791,0.18162167,0.30069470119300634
2026-03-16 17:35:00,0.09448215960443443,0.21856529322056487,0.17451149633080165,0.1607173,0.2999947108151303
2026-03-16 17:40:00,0.1022355132100752,0.21856529322056487,0.17543544078611004,0.12123791,0.2997622271914966
2026-03-16 17:45:00,0.09196983330133647,0.21856529322056487,0.17540965984545293,0.1578886,0.3000059977850423
2026-03-16 17:50:00,0.09319642160026227,0.21856529322056487,0.17456387269944293,0.13027498,0.29983714415288676
2026-03-16 17:55:00,0.09269231419759258,0.21856529322056487,0.17367963097306496,0.18401438,0.299145669708679
2026-03-16 18:00:00,0.0730586792102078,0.21856529322056487,0.17801513402749097,0.22977701,0.3005443481238301
2026-03-16 18:05:00,0.05333730867123017,0.21856529322056487,0.17888462123929763,0.2094484,0.3011158733641815
2026-03-16 18:10:00,0.05767347719874194,0.21856529322056487,0.1726819776788053,0.12526585,0.29991808223687483
2026-03-16 18:15:00,0.04438324477309484,0.21856529322056487,0.1744502768161995,0.13153379,0.2999011917113828
2026-03-16 18:20:00,0.0428795360819696,0.21856529322056487,0.17356773160257183,0.16358674,0.299141770983527
2026-03-16 18:25:00,0.061952382287898185,0.21856529322056487,0.1698469962148126,0.08048861,0.298598750267772
2026-03-16 18:30:00,0.06263907701118306,0.21856529322056487,0.1664284357317737,0.06500049,0.29804886995878105
2026-03-16 18:35:00,0.05861874400598393,0.21856529322056487,0.16724697001717184,0.051594097,0.2977102133805104
2026-03-16 18:40:00,0.2684719705871997,0.21856529322056487,0.16516162208117155,0.06376782,0.2972955224217163
2026-03-16 18:45:00,0.34814357209612184,0.21856529322056487,0.16489313807681008,0.064008564,0.2969440607893654
2026-03-16 18:50:00,0.3507427954986723,0.21856529322056487,0.1690719946892142,0.15320224,0.2980149237829452
2026-03-16 18:55:00,0.3523103889934604,0.21856529322056487,0.1678633330305803,0.07109681,0.2976255901862512
2026-03-16 19:00:00,0.3527466894204065,0.21856529322056487,0.1661528893184815,0.07376216,0.297073006388474
2026-03-16 19:05:00,0.23985546054064028,0.21856529322056487,0.21199666579733156,0.32667294,0.33559550629617635
2026-03-16 19:10:00,0.09032429712927412,0.21856529322056487,0.2243531157390266,0.29060984,0.3541469138285035
2026-03-16 19:15:00,0.08303932147690249,0.21856529322056487,0.21853602965565394,0.23404108,0.34596825110067425
2026-03-16 19:20:00,0.07718534505996315,0.21856529322056487,0.21773555959764762,0.20248482,0.3377004851939044
2026-03-16 19:25:00,0.07701795187904258,0.21856529322056487,0.2169344125296561,0.23317708,0.330195392818629
2026-03-16 19:30:00,0.07835363857421618,0.21856529322056487,0.20215258089881688,0.28061473,0.32490666501338994
2026-03-16 19:35:00,0.6720440743981395,0.21856529322056487,0.17918020437802248,0.23810951,0.3194259479784876
2026-03-16 19:40:00,0.6733153483601283,0.21856529322056487,0.18046421017214268,0.37183434,0.3166367920639396
2026-03-16 19:45:00,0.6754412400038241,0.21856529322056487,0.17838092282984125,0.19223432,0.31293846923114954
2026-03-16 19:50:00,0.6840888285268004,0.21856529322056487,0.17791015204083652,0.21540925,0.3097454065815476
2026-03-16 19:55:00,0.683057718830948,0.21856529322056487,0.1792717692175342,0.17683224,0.3082464932028992
2026-03-17 13:30:00,0.14726139354049003,0.21856529322056487,0.303021163073155,0.2989099,0.502783685063273
2026-03-17 13:35:00,0.16650068435390175,0.21856529322056487,0.27917969520079033,0.27783638,0.47248546716930906
2026-03-17 13:40:00,0.15628766814121497,0.21856529322056487,0.27913762443566104,0.27397615,0.44585067193515504
2026-03-17 13:45:00,0.18210380922404337,0.21856529322056487,0.2827047181305965,0.27625257,0.4266255528317652
2026-03-17 13:50:00,0.1853193774465537,0.21856529322056487,0.27929568943688793,0.27122208,0.4054296992935704
2026-03-17 13:55:00,0.18449471853638266,0.21856529322056487,0.20368257260418113,0.16764486,0.38728683046345797
2026-03-17 14:00:00,0.1528969993337594,0.21856529322056487,0.20983482510945456,0.21079783,0.37677227986855244
2026-03-17 14:05:00,0.1676812514749954,0.21856529322056487,0.2046868046803106,0.24609116,0.3628002012066296
2026-03-17 14:10:00,0.11533968299714745,0.21856529322056487,0.2140992104581863,0.22049266,0.36141400780455896
2026-03-17 14:15:00,0.15623120683182634,0.21856529322056487,0.210580811084334,0.23359,0.3508313340218094
2026-03-17 14:20:00,0.15524152660022386,0.21856529322056487,0.20939251247575905,0.19409333,0.34112470580973536
2026-03-17 14:25:00,0.1569549710307852,0.21856529322056487,0.20298410869511843,0.24228963,0.33294310253195214
2026-03-17 14:30:00,0.14125571422491998,0.21856529322056487,0.20623469651376022,0.21622767,0.32873958157326294
2026-03-17 14:35:00,0.14207564702008327,0.21856529322056487,0.1992052632888456,0.1997461,0.32588830407108843
2026-03-17 14:40:00,0.13048204908345076,0.21856529322056487,0.2067693902433198,0.16443944,0.3274668738678787
2026-03-17 14:45:00,0.13129429391559308,0.21856529322056487,0.20213264936784386,0.20540686,0.32154596103563093
2026-03-17 14:50:00,0.14939656943949192,0.21856529322056487,0.2032660487683806,0.16303776,0.3170348387359036
2026-03-17 14:55:00,0.15662066848606881,0.21856529322056487,0.2005812908501295,0.20071065,0.31305329405458965
2026-03-17 15:00:00,0.1527116362701374,0.21856529322056487,0.20338471244104686,0.21604656,0.31323235867212995
2026-03-17 15:05:00,0.12912636909469902,0.21856529322056487,0.20283925412093778,0.16500896,0.3154977866432964
2026-03-17 15:10:00,0.1440548105547885,0.21856529322056487,0.19953688214844217,0.22868992,0.3118031046343188
2026-03-17 15:15:00,0.13619468402236956,0.21856529322056487,0.2046357075471296,0.20269805,0.3119606527051776
2026-03-17 15:20:00,0.13325992804128295,0.21856529322056487,0.18848532358383713,0.1470221,0.3101649086006821
2026-03-17 15:25:00,0.1289918531353821,0.21856529322056487,0.18881859404902346,0.14583927,0.3101949843898424
2026-03-17 15:30:00,0.12664372251575243,0.21856529322056487,0.18494953895878485,0.17096318,0.3092323410497184
2026-03-17 15:35:00,0.1251358017356775,0.21856529322056487,0.18691318669145135,0.2584804,0.3090346362505288
2026-03-17 15:40:00,0.1114680450410163,0.21856529322056487,0.18573486102248196,0.38961005,0.30844212731028264
2026-03-17 15:45:00,0.10395248867606302,0.21856529322056487,0.18460176720743554,0.25944844,0.3068347917126581
2026-03-17 15:50:00,0.1523633873322953,0.21856529322056487,0.18446013348455464,0.21015505,0.3068433452927004
2026-03-17 15:55:00,0.14385068847929178,0.21856529322056487,0.18386836952836083,0.12194099,0.3061556586253948
2026-03-17 16:00:00,0.13561000398673667,0.21856529322056487,0.1829919567079099,0.19546628,0.306316469635966
2026-03-17 16:05:00,0.1345567628905298,0.21856529322056487,0.17915110477208346,0.21098047,0.3043392435999567
2026-03-17 16:10:00,0.14087676093499116,0.21856529322056487,0.17734995208892662,0.19498967,0.30253566291681944
2026-03-17 16:15:00,0.11437261528542111,0.21856529322056487,0.19037360373226053,0.22695741,0.3105863255411017
2026-03-17 16:20:00,0.11891105253012464,0.21856529322056487,0.18425325701569248,0.21506898,0.30774242918013617
2026-03-17 16:25:00,0.11226197231573426,0.21856529322056487,0.183907656826614,0.18953267,0.306262794896175
2026-03-17 16:30:00,0.1206869330841775,0.21856529322056487,0.18147884475537493,0.39550325,0.304128139726484
2026-03-17 16:35:00,0.17321804918498626,0.21856529322056487,0.18393307546467297,0.27340692,0.3033909775604395
2026-03-17 16:40:00,0.14314916100499422,0.21856529322056487,0.18306068420438082,0.19358182,0.3073518940287934
2026-03-17 16:45:00,0.14261586798230488,0.21856529322056487,0.1812485130419229,0.25550506,0.3057150375985632
2026-03-17 16:50:00,0.14483913164301923,0.21856529322056487,0.17884514442674881,0.1872821,0.30370655243057465
2026-03-17 16:55:00,0.13798313046932606,0.21856529322056487,0.18090630237702413,0.371838,0.30319984014408496
2026-03-17 17:00:00,0.044308792578006906,0.21856529322056487,0.19295936162095334,0.39079255,0.31162444849042453
2026-03-17 17:05:00,0.045598024357307594,0.21856529322056487,0.18318106216850896,0.2717021,0.30850199849111665
2026-03-17 17:10:00,0.07479700936654837,0.2090813117070407,0.18421344236989307,0.19693542,0.30656502527969
2026-03-17 17:15:00,0.11574925368122374,0.2090813117070407,0.18399017138723348,0.31429705,0.30477640705058257
2026-03-17 17:20:00,0.11564787033505528,0.2090813117070407,0.18202416160781584,0.48875338,0.30292758509718676
2026-03-17 17:25:00,0.13797708258328667,0.2090813117070407,0.16862242618305484,0.22857131,0.30144504552630974
2026-03-17 17:30:00,0.1390959363379935,0.2090813117070407,0.16858563413793892,0.27817568,0.30024876066956424
2026-03-17 17:35:00,0.12508484550162233,0.2090813117070407,0.17520033766569848,0.08686943,0.3019290222884647
2026-03-17 17:40:00,0.09618540478831802,0.2090813117070407,0.18229930707220932,0.202716,0.30559687879688163
2026-03-17 17:45:00,0.1092195461536227,0.2090813117070407,0.17861496108945762,0.40366596,0.3035839770335617
2026-03-17 17:50:00,0.07918604156870179,0.2090813117070407,0.18471283543801664,0.30616766,0.3053154918749911
2026-03-17 17:55:00,0.14531905152322,0.2090813117070407,0.1826602100289639,0.438313,0.3035892399427391
2026-03-17 18:00:00,0.14251732340926246,0.2090813117070407,0.18110977360962993,0.2621869,0.3024478894379159
2026-03-17 18:05:00,0.1377872632446546,0.2090813117070407,0.17662289237895912,0.11987195,0.30225348691899473
2026-03-17 18:10:00,0.12778104188523623,0.2090813117070407,0.1789011810760638,0.15269649,0.30244182156146276
2026-03-17 18:15:00,0.13015018939871095,0.2090813117070407,0.17287330285549066,0.09020924,0.3010516954625718
2026-03-17 18:20:00,0.0562019155559223,0.2090813117070407,0.18789134224923731,0.2445234,0.3088324074538622
2026-03-17 18:25:00,0.06941896787680192,0.2090813117070407,0.18275995343844034,0.46571574,0.3062560182828095
2026-03-17 18:30:00,0.0784325773135802,0.2090813117070407,0.18222836209385884,0.4228359,0.30457277961899815
2026-03-17 18:35:00,0.07897973036877583,0.2090813117070407,0.17988900314160516,0.35714003,0.30275922237814207
2026-03-17 18:40:00,0.07434403781668214,0.2090813117070407,0.18105198498337144,0.221339,0.3016729660997418
2026-03-17 18:45:00,0.07009809889716191,0.2090813117070407,0.17107718925194407,0.13506848,0.3012528224886576
2026-03-17 18:50:00,0.06593252575632345,0.2090813117070407,0.17178452236939387,0.10924165,0.30105318281944776
2026-03-17 18:55:00,0.059996019363728316,0.2090813117070407,0.17342138510302396,0.12006846,0.3011252028155927
2026-03-17 19:00:00,0.06191151323497299,0.2090813117070407,0.17203616346595502,0.088017836,0.29999824217773374
2026-03-17 19:05:00,0.06228667763449392,0.2090813117070407,0.17096136211620638,0.120166264,0.29900091852622823
2026-03-17 19:10:00,0.05469320748493701,0.2090813117070407,0.1715162627671331,0.12052905,0.29871578699645235
2026-03-17 19:15:00,0.04683112210582182,0.2090813117070407,0.17120202746935265,0.1066509,0.29865505124826947
2026-03-17 19:20:00,0.05486316904640901,0.2090813117070407,0.17059452057852126,0.10753991,0.2987334221000106
2026-03-17 19:25:00,0.05152396564622284,0.2090813117070407,0.16977666178533396,0.109298185,0.29819099706830526
2026-03-17 19:30:00,0.08724498052806248,0.2090813117070407,0.1685557930880634,0.10207366,0.297557884437273
2026-03-17 19:35:00,0.3053692436756623,0.2090813117070407,0.16718260754730155,0.07133232,0.2970095803846422
2026-03-17 19:40:00,0.30848573409889757,0.2090813117070407,0.16630326655013317,0.057725687,0.2967900685359716
2026-03-17 19:45:00,0.309604529693729,0.2090813117070407,0.16873070459966996,0.08606644,0.2977118859497142
2026-03-17 19:50:00,0.31408639768960467,0.2090813117070407,0.16645958398456348,0.049955953,0.2971468671378638
2026-03-17 19:55:00,0.31007455299548536,0.2090813117070407,0.17445920702906934,0.12625524,0.2996812221234493
2026-03-18 13:30:00,0.12955382008303884,0.2090813117070407,0.22008204339098514,0.27794597,0.3462226019669003
2026-03-18 13:35:00,0.1718296088019875,0.2090813117070407,0.21078374795059654,0.21423046,0.3383244980164865
2026-03-18 13:40:00,0.17485734507826978,0.2090813117070407,0.21047739524900821,0.22724363,0.33210214429767415
2026-03-18 13:45:00,0.30668691952957167,0.2090813117070407,0.21123744397528033,0.22724363,0.3269206266779771
2026-03-18 13:50:00,0.30788126461528426,0.2090813117070407,0.21065060707497207,0.19788465,0.3224834459704444
2026-03-18 13:55:00,0.3000520559164733,0.2090813117070407,0.18674658206149305,0.18462935,0.32094268104800505
2026-03-18 14:00:00,0.3379518029646247,0.2090813117070407,0.1952240765488883,0.30264977,0.32454550064592785
2026-03-18 14:05:00,0.3343483328357649,0.2090813117070407,0.19337109582215778,0.21855201,0.3213305558919314
2026-03-18 14:10:00,0.21392592740773025,0.2090813117070407,0.22282953106300737,0.2593369,0.3519462709976717
2026-03-18 14:15:00,0.2077805906508112,0.2090813117070407,0.21496937586497597,0.21624795,0.3435815136206231
2026-03-18 14:20:00,0.20411956300903025,0.2090813117070407,0.2132008583131612,0.21051104,0.3357212466406133
2026-03-18 14:25:00,0.06695755284393405,0.2090813117070407,0.2265499646980525,0.2674894,0.3490764251079862
2026-03-18 14:30:00,0.14834439298388039,0.2090813117070407,0.21966409933223843,0.25352126,0.3402941265417155
2026-03-18 14:35:00,0.14769679251450257,0.2090813117070407,0.2017590265598352,0.184083,0.3323234411063326
2026-03-18 14:40:00,0.18289558041706672,0.2090813117070407,0.20122701359505102,0.18637037,0.3259177972113454
2026-03-18 14:45:00,0.19387802175018012,0.2090813117070407,0.1997905309715902,0.16007866,0.3202660287054219
2026-03-18 14:50:00,0.21239436678498697,0.2090813117070407,0.1822392385724956,0.14934966,0.3167460940100142
2026-03-18 14:55:00,0.16652243586058205,0.2090813117070407,0.1981794720740099,0.20418099,0.3234091889607437
2026-03-18 15:00:00,0.1688505531239572,0.2090813117070407,0.19288165838844235,0.3569223,0.3182354787008599
2026-03-18 15:05:00,0.14051459137134883,0.2090813117070407,0.20231875533913485,0.22086526,0.32084961631318276
2026-03-18 15:10:00,0.12492521299400057,0.2090813117070407,0.20214736854351564,0.20688854,0.31841700805681916
2026-03-18 15:15:00,0.08451037945641487,0.2090813117070407,0.20626420054470154,0.19349161,0.3194679400512187
2026-03-18 15:20:00,0.08365512491179455,0.2090813117070407,0.19417711407649918,0.18003048,0.3158846480725554
2026-03-18 15:25:00,0.10436374997337977,0.2090813117070407,0.19398249947952462,0.15849212,0.3124874493869286
2026-03-18 15:30:00,0.09623105271026207,0.2090813117070407,0.19122582858623605,0.19113562,0.3112342347753408
2026-03-18 15:35:00,0.0991303476406014,0.2090813117070407,0.1866373463411923,0.13283093,0.30818209308349837
2026-03-18 15:40:00,0.09690126411129234,0.2090813117070407,0.18208928700186147,0.12512247,0.30631213608569724
2026-03-18 15:45:00,0.12527434437060372,0.2090813117070407,0.1819999637831095,0.11626477,0.30503961930107115
2026-03-18 15:50:00,0.10485466966027512,0.2090813117070407,0.18565908500801867,0.11888342,0.3059000428505511
2026-03-18 15:55:00,0.09584102490736154,0.2090813117070407,0.18339243244673856,0.16325924,0.3049209477090966
2026-03-18 16:00:00,0.10585939713576618,0.2090813117070407,0.17962480217294188,0.14215998,0.303350033515826
2026-03-18 16:05:00,0.14906326689992846,0.2090813117070407,0.17921907600733483,0.12070444,0.30211303924451394
2026-03-18 16:10:00,0.13008835956169626,0.2090813117070407,0.1861189087625297,0.102883056,0.3053354682308472
2026-03-18 16:15:00,0.13280468056191103,0.2090813117070407,0.1774938108741185,0.25030613,0.3033824384987635
2026-03-18 16:20:00,0.13334628492773484,0.2090813117070407,0.17618152543441293,0.22786161,0.30180249318847796
2026-03-18 16:25:00,0.1383956138049063,0.2090813117070407,0.17944804802820669,0.17117843,0.30200679164582866
2026-03-18 16:30:00,0.11161984032418033,0.2090813117070407,0.1885827050196822,0.3625074,0.3074913755128959
2026-03-18 16:35:00,0.10648818936618977,0.2090813117070407,0.18374965345184616,0.17692576,0.3065889741612965
2026-03-18 16:40:00,0.11685372860071049,0.2090813117070407,0.18314359942816838,0.19725652,0.30482602019727595
2026-03-18 16:45:00,0.12328046299745406,0.2090813117070407,0.1813989487784784,0.46873292,0.3030659572705565
2026-03-18 16:50:00,0.1151523258690597,0.2090813117070407,0.1843265349021521,0.39455453,0.303840630130368
2026-03-18 16:55:00,0.09253982540574537,0.2090813117070407,0.18031623295665344,0.11110998,0.30505531526842866
2026-03-18 17:00:00,0.09081521668788942,0.2090813117070407,0.1780551144295314,0.16802494,0.3039495019196727
2026-03-18 17:05:00,0.07624761498500073,0.2090813117070407,0.1797262992957065,0.12656337,0.3040374054013609
2026-03-18 17:10:00,0.08394713691462018,0.19485995827682837,0.18009673586426211,0.11212057,0.3033333668233654
2026-03-18 17:15:00,0.09840065365896299,0.19485998643136712,0.17916795588944318,0.15134542,0.30291530438730774
2026-03-18 17:20:00,0.1034809375625689,0.19485995526458355,0.17456620247592283,0.1476185,0.3015352007069824
2026-03-18 17:25:00,0.11270053515406635,0.19485996419917087,0.1750782389447985,0.12559241,0.30089699030327205
2026-03-18 17:30:00,0.11340940455047814,0.1948599957587011,0.17268789813287502,0.11262707,0.3001162198631025
2026-03-18 17:35:00,0.11302536674733463,0.19486044483697407,0.1750729643228168,0.27027413,0.3008808568527468
2026-03-18 17:40:00,0.1262507056074139,0.19486007839020691,0.17764603730945766,0.09288214,0.30248535013895134
2026-03-18 17:45:00,0.12145462631675374,0.19485999171635546,0.17701342233868284,0.1199676,0.3017929318699067
2026-03-18 17:50:00,0.1741541107254216,0.19486008697112436,0.1793017577558053,0.13287178,0.30228792509553243
2026-03-18 17:55:00,0.17291376536836167,0.19485995483636495,0.17832561015225137,0.17359419,0.30134379347547385
2026-03-18 18:00:00,0.17201899996574838,0.1948599567811477,0.17889490902306843,0.24852532,0.30182363375774507
2026-03-18 18:05:00,0.26439943658963677,0.19485998211701455,0.1827781636767697,0.09740923,0.3051070327253972
2026-03-18 18:10:00,0.26461903654917607,0.19485996395029445,0.17896429728656915,0.23308685,0.3032278017475921
2026-03-18 18:15:00,0.22925338840180173,0.19485995413885762,0.1926528960516419,0.34891438,0.3124960801712445
2026-03-18 18:20:00,0.2334365084231019,0.19485997260197271,0.18694478903221223,0.35585326,0.30943216342072627
2026-03-18 18:25:00,0.2772741167078132,0.19485996692089733,0.1880941597961604,0.3168874,0.3082160315835936
2026-03-18 18:30:00,0.17244168417624745,0.19486097089705198,0.21098114482523117,0.28991038,0.33267644637873967
2026-03-18 18:35:00,0.23046397827199486,0.19485999399216106,0.20278170831960904,0.2621031,0.3259772689684819
2026-03-18 18:40:00,0.2278982239722394,0.19485995594965497,0.19842641469910327,0.19585492,0.32097733143495205
2026-03-18 18:45:00,0.23561978280659074,0.19486013758216403,0.1994056948114797,0.19338015,0.31749245147699695
2026-03-18 18:50:00,0.19776197615529187,0.1948602353576029,0.2113308798375756,0.2572637,0.3272695237595785
2026-03-18 18:55:00,0.21453852299218484,0.19485996257992308,0.19135985506436087,0.16922574,0.3219349025318781
2026-03-18 19:00:00,0.15179686665226538,0.19486051399756435,0.20557486641072034,0.20369193,0.33002100782866184
2026-03-18 19:05:00,0.15340768595859586,0.19485996946793419,0.19910792725828577,0.17576802,0.3236650733916748
2026-03-18 19:10:00,0.15660103474815196,0.19486023361315108,0.20338501634652467,0.20394991,0.32169519452331685
2026-03-18 19:15:00,0.14670678103254112,0.19486002184273826,0.19905616858331557,0.37629542,0.3215873944539372
2026-03-18 19:20:00,0.11827810339010232,0.1948600625101154,0.20161642160000914,0.1544238,0.32112777085334715
2026-03-18 19:25:00,0.11681726773705486,0.19485997843397515,0.19008461157809214,0.12257226,0.31665890930091833
2026-03-18 19:30:00,0.13137067618245996,0.19485996640476924,0.19002264053535808,0.41814095,0.3129231831614917
2026-03-18 19:35:00,0.8251399378638267,0.1948600444155082,0.19316849774452544,0.12463532,0.31351432612830016
2026-03-18 19:40:00,0.8218074709374183,0.19486029014261927,0.19156045284317802,0.13925725,0.3132525131365428
2026-03-18 19:45:00,0.8384710168756291,0.19485996732150546,0.1853167850561685,0.2413704,0.3100548844299635
2026-03-18 19:50:00,0.8431333701072624,0.1948601269334467,0.18486515610927157,0.19473162,0.30737111259078975
2026-03-18 19:55:00,0.8509475427210015,0.19486113280741243,0.18865636536846797,0.454236,0.3074216610801903
2026-03-19 13:30:00,0.23229286224925086,0.1948769997889637,0.3364336167825803,0.29188704,0.5769196295386011
2026-03-19 13:35:00,0.23808916835797767,0.19486006096129463,0.3029923890690544,0.2927675,0.5353005391295999
2026-03-19 13:40:00,0.16955147809633364,0.1948602751466303,0.3122730787552128,0.2741273,0.5088907347698527
2026-03-19 13:45:00,0.14531638582040968,0.19486041775550617,0.3099287789033651,0.2666495,0.4790157055288696
2026-03-19 13:50:00,0.09527866597051157,0.19486004009006563,0.31205590915531134,0.26518312,0.4569528167230372
2026-03-19 13:55:00,0.14577689212721237,0.1948602127923008,0.22033819850531872,0.19806612,0.43122346231878905
2026-03-19 14:00:00,0.16112812312439473,0.1948602757516525,0.22259620907408603,0.2144494,0.41023871858335625
2026-03-19 14:05:00,0.3603428979669443,0.19486134501062433,0.21118248241938875,0.24265231,0.39114328626351147
2026-03-19 14:10:00,0.39663435486695686,0.19486011220192295,0.20769965965580106,0.19497728,0.37510647580367024
2026-03-19 14:15:00,0.3900808008719587,0.19485999240134083,0.20279560838338495,0.16836001,0.36395114963275427
2026-03-19 14:20:00,0.38414804256962665,0.1948601288810256,0.2112331138518535,0.199465,0.3582410610776642
2026-03-19 14:25:00,0.3750005065536872,0.19486032739010278,0.21255165639675166,0.20234215,0.35101629161568887
2026-03-19 14:30:00,0.19161118939139932,0.19486258798759426,0.25217178366645904,0.26573315,0.3918541462963327
2026-03-19 14:35:00,0.14880426514751913,0.19486041697012008,0.2514248798142267,0.23559088,0.3885628806037144
2026-03-19 14:40:00,0.15265304633026283,0.19485997407366143,0.24413166242026813,0.21955971,0.37277064278045774
2026-03-19 14:45:00,0.15031165330892302,0.19486001650519016,0.24650509118591374,0.22703683,0.36327412529369163
2026-03-19 14:50:00,0.24077232338654636,0.19486057038075974,0.24261568297213282,0.22364508,0.35167694564771046
2026-03-19 14:55:00,0.2562358105923012,0.19485997561492893,0.21604118900917643,0.23246229,0.341710545522909
2026-03-19 15:00:00,0.2304471425906527,0.19485997658862464,0.21445229350866093,0.20403787,0.3404589260405722
2026-03-19 15:05:00,0.26635756438786357,0.19486019790113673,0.21182162706366994,0.22748911,0.3330273175467164
2026-03-19 15:10:00,0.2524809918192294,0.19486072462123002,0.21358201490249742,0.21418548,0.3300687194742305
2026-03-19 15:15:00,0.17322205958210105,0.19486116852979432,0.23118135994917058,0.23275338,0.34298785665984804
2026-03-19 15:20:00,0.16473702695837572,0.19486004233721196,0.21233916720063725,0.1870893,0.33854850944641895
2026-03-19 15:25:00,0.16769282363175605,0.1948599923369762,0.20634556615130575,0.17886531,0.3311764589271069
2026-03-19 15:30:00,0.2103660623270501,0.19486041735772344,0.21549497661783054,0.2005514,0.33500260055204223
2026-03-19 15:35:00,0.22096009745896317,0.1948599940070937,0.20772796242269553,0.23415083,0.32778300344668077
2026-03-19 15:40:00,0.21675937824815594,0.19485996650653833,0.1978347548414576,0.21007209,0.3230383679297375
2026-03-19 15:45:00,0.23002541568080606,0.19485997332518742,0.1977322744195797,0.21327403,0.3206314171462989
2026-03-19 15:50:00,0.22934300720146333,0.1948599649888946,0.19700660612880777,0.21415181,0.3169266203220755
2026-03-19 15:55:00,0.13155420718530364,0.194860993573893,0.21015658553704006,0.18994796,0.33241507835635553
2026-03-19 16:00:00,0.1289220752341043,0.19486016648651058,0.2069500427266819,0.18572606,0.32813723571460635
2026-03-19 16:05:00,0.12849334146901148,0.1948600793242023,0.20425579079660544,0.18988742,0.32231167941577643
2026-03-19 16:10:00,0.07966055613668345,0.19486024705404767,0.20946120960334957,0.19197704,0.32333182884594963
2026-03-19 16:15:00,0.0747696723417018,0.19486001874137,0.20651890792833738,0.18069509,0.31897007916891745
2026-03-19 16:20:00,0.11440141522608897,0.1948600181326722,0.18714018290676693,0.1358207,0.3145370423306182
2026-03-19 16:25:00,0.13033606929501898,0.19486062515467012,0.18803414786177006,0.1972383,0.3131141074954349
2026-03-19 16:30:00,0.13072016559643307,0.19486007116078205,0.18614192506001737,0.22856861,0.3098800913722239
2026-03-19 16:35:00,0.15897571254140003,0.19486003315544512,0.17927606910459906,0.27357295,0.3074557321476148
2026-03-19 16:40:00,0.18905797209998113,0.19485997307514488,0.17865582413192185,0.2800272,0.30552084689426523
2026-03-19 16:45:00,0.1681216942827562,0.194860475567877,0.18698875041231927,0.20350672,0.3078915481092181
2026-03-19 16:50:00,0.2169223216751,0.19485996922577986,0.18902500075823883,0.15998422,0.3099638392347383
2026-03-19 16:55:00,0.2221544818591796,0.1948600411481735,0.18626373634294757,0.20775293,0.3073568880802009
2026-03-19 17:00:00,0.20193980510061346,0.19485999612464033,0.19332954609376957,0.21251732,0.31014860557427576
2026-03-19 17:05:00,0.18000010199064556,0.19486005506419424,0.19677673884770652,0.23067181,0.31374688784563226
2026-03-19 17:10:00,0.19364175284282586,0.19107388385030669,0.18935644076907504,0.25496867,0.3102545221570515
2026-03-19 17:15:00,0.11071314599628737,0.19107431411961484,0.20393333432433344,0.20833857,0.32246398065189075
2026-03-19 17:20:00,0.10185324030065218,0.19107398950156,0.19933763290204187,0.24952896,0.3189149356764393
2026-03-19 17:25:00,0.1829678869300764,0.19107386673071425,0.19509516324759074,0.27137533,0.3146455973621059
2026-03-19 17:30:00,0.1902450532013187,0.19107409160079256,0.19350835967894053,0.2997107,0.3126036477649385
2026-03-19 17:35:00,0.19321711644255565,0.1910738263705726,0.19617943266058685,0.22313336,0.31224901397355825
2026-03-19 17:40:00,0.20557574795259573,0.19107382613127277,0.1830613843512926,0.27771676,0.309781548634942
2026-03-19 17:45:00,0.2644654353509497,0.19107384314535952,0.1795073413994352,0.13393444,0.30744854840553887
2026-03-19 17:50:00,0.21731434730864838,0.1910741780822024,0.1970664948945193,0.222336,0.318487348723717
2026-03-19 17:55:00,0.21114442318804055,0.1910742016021665,0.1952232902044608,0.19231518,0.31728009982014876
2026-03-19 18:00:00,0.21929583989534646,0.19107382810621293,0.1955734052493119,0.19784679,0.3166985994188464
2026-03-19 18:05:00,0.20452550734508756,0.19107393326866448,0.19758000648643104,0.18712181,0.3162258041140133
2026-03-19 18:10:00,0.12992445215763007,0.19107594594060817,0.21097404209459322,0.23974429,0.32817414967478686
2026-03-19 18:15:00,0.13633983774758437,0.19107387288470667,0.19841535979777983,0.1768804,0.32249579113557647
2026-03-19 18:20:00,0.1278628293739642,0.191074076765354,0.19881064742215945,0.2433279,0.31907183209932655
2026-03-19 18:25:00,0.09702614821878659,0.19107415657049437,0.20221509642040325,0.17313744,0.3201222713378723
2026-03-19 18:30:00,0.24085461459124385,0.19107382982942545,0.1962090945922339,0.18176855,0.3154834552101096
2026-03-19 18:35:00,0.372001004088763,0.19107402680993468,0.18780451555108874,0.2341721,0.31367962871583505
2026-03-19 18:40:00,0.4215684510000684,0.1910738261331273,0.1880118298827182,0.1945245,0.3115490226416832
2026-03-19 18:45:00,0.42130326324084766,0.1910745957915005,0.18591266162976494,0.19975999,0.3088236243060146
2026-03-19 18:50:00,0.4179229938901702,0.1910739901354535,0.18236792382322486,0.31601918,0.3078555723495292
2026-03-19 18:55:00,0.40012658858669453,0.19107392764218123,0.2111580809667254,0.23876858,0.3326502911470136
2026-03-19 19:00:00,0.2816771920165958,0.19107567445968843,0.23586850765200224,0.2675567,0.3690115527088109
2026-03-19 19:05:00,0.1995928424648647,0.19107562148252413,0.23997150358953565,0.2651027,0.3765525366181845
2026-03-19 19:10:00,0.2070763923484641,0.1910741206372776,0.23247947935940566,0.24360298,0.3627658190577334
2026-03-19 19:15:00,0.20727019934836952,0.19107400012770254,0.23120199047519097,0.24066325,0.3509506245962331
2026-03-19 19:20:00,0.10231581734000313,0.19107482300032808,0.2371799002862009,0.21431355,0.35846245914571867
2026-03-19 19:25:00,0.09489144507377112,0.19107396676346333,0.21525084096897243,0.1795593,0.3489536371991667
2026-03-19 19:30:00,0.08251128263133675,0.1910738556198451,0.20335341223961026,0.17328449,0.34055078000498823
2026-03-19 19:35:00,0.7111989362118509,0.19107423327832948,0.20498942931895767,0.19724667,0.33426265224466295
2026-03-19 19:40:00,0.711970012204024,0.19107382865693454,0.20217880448990005,0.19563358,0.32721310633908235
2026-03-19 19:45:00,0.7433661462036811,0.19107389742779776,0.18846962304935438,0.17153117,0.3221934160249651
2026-03-19 19:50:00,0.749869857390454,0.19107383846616602,0.18731796815560786,0.1760923,0.3181298348142235
2026-03-19 19:55:00,0.7671262626275712,0.1910889566063628,0.18381777357897075,0.12578605,0.31384551205222155
2026-03-20 13:30:00,0.35864699490465396,0.1910855715187918,0.3140329765393403,0.29620567,0.5253538951852282
2026-03-20 13:35:00,0.3571163967270047,0.19107475229584192,0.2869893988464789,0.28237295,0.4907100766162908
2026-03-20 13:40:00,0.28469130365225154,0.1910741943426477,0.2997595788278003,0.30147997,0.4782228413703982
2026-03-20 13:45:00,0.3148639557326659,0.191075118998051,0.2962547091892078,0.26997358,0.4539303207733067
2026-03-20 13:50:00,0.2766416172662048,0.19107429499178474,0.3014692427339829,0.27844596,0.4392781281330531
2026-03-20 13:55:00,0.1848883086309652,0.19107436059646513,0.24655250082571506,0.2410424,0.43384656318538634
2026-03-20 14:00:00,0.18744871383722714,0.19107382617262378,0.23834397659138226,0.22362906,0.4112879224019457
2026-03-20 14:05:00,0.2744076030089215,0.1910738268227346,0.22888411528732908,0.20151633,0.3923317093703935
2026-03-20 14:10:00,0.23805984068460584,0.19107404772090172,0.23949053225436523,0.22995284,0.38965149455979287
2026-03-20 14:15:00,0.23128155054673005,0.1910744959271918,0.22866241580422567,0.2291391,0.3753205182073633
2026-03-20 14:20:00,0.23828287342410157,0.19107393734779493,0.21219457298858338,0.18842721,0.3616475074506638
2026-03-20 14:25:00,0.3264530806607015,0.19107668643697417,0.21225498016299693,0.19426367,0.35054109683869916
2026-03-20 14:30:00,0.2861286560287318,0.191076930069421,0.23226786121199697,0.22062805,0.3615552887840197
2026-03-20 14:35:00,0.2669373443905966,0.19107413783211075,0.22343640593897926,0.21110244,0.3554344868848715
2026-03-20 14:40:00,0.26832123306377986,0.19107409560234753,0.21833691973664787,0.2131772,0.34501243710182433
2026-03-20 14:45:00,0.29428429843113707,0.1910739868847383,0.22093739939019127,0.22832774,0.3379992057129203
2026-03-20 14:50:00,0.24092667488832278,0.19107488794809535,0.2411119342116856,0.25971156,0.3567293901426377
2026-03-20 14:55:00,0.2081864290853634,0.19107382921943025,0.2317587466890477,0.2166236,0.35417651063687444
2026-03-20 15:00:00,0.22028310521293057,0.1910738870500679,0.22454708528333361,0.2165258,0.34387652420445775
2026-03-20 15:05:00,0.23877918832132572,0.19107388556819496,0.22547400539015414,0.19976047,0.3357644367737658
2026-03-20 15:10:00,0.20105903647083664,0.19107621987990978,0.23355936283589246,0.23177512,0.3381668475283029
2026-03-20 15:15:00,0.14337160360053647,0.1910739109376998,0.22709890677905856,0.21074107,0.34225009469291673
2026-03-20 15:20:00,0.13930922757258718,0.19107382842675436,0.20500943817290265,0.17160444,0.33461538336085733
2026-03-20 15:25:00,0.1357862953708606,0.19107392170835935,0.20825155843914409,0.17813754,0.3304058525792582
2026-03-20 15:30:00,0.09388590777156208,0.1910740382825706,0.21054893027101335,0.19254829,0.3292437818140618
2026-03-20 15:35:00,0.1420368852308186,0.19107382735490916,0.20253796926548823,0.18373366,0.3238886173088617
2026-03-20 15:40:00,0.1551310934274896,0.19107383615994225,0.19390410763295965,0.19989054,0.319931881869309
2026-03-20 15:45:00,0.156385610662177,0.1910738386069206,0.19046742624431814,0.18621412,0.31553250776341996
2026-03-20 15:50:00,0.1573160539440267,0.19107416000150168,0.19206309994719015,0.15867992,0.31424643432840593
2026-03-20 15:55:00,0.16024738931313998,0.19107392311408003,0.18353644962163884,0.15093653,0.310651304265022
2026-03-20 16:00:00,0.13633681251881616,0.1910740272027394,0.1941216478012112,0.17628102,0.31513372992705657
2026-03-20 16:05:00,0.1356255587492764,0.19107384003761307,0.19469365948147235,0.1485118,0.3149711228620343
2026-03-20 16:10:00,0.1338638642828517,0.19107392613793017,0.1928048121318477,0.13295981,0.3116792632128363
2026-03-20 16:15:00,0.11489058929151864,0.1910739436496968,0.1947543063145644,0.15192038,0.31127715238083337
2026-03-20 16:20:00,0.1116745667232907,0.1910740224883226,0.1918723999069802,0.15421906,0.308754761657319
2026-03-20 16:25:00,0.08468504161017953,0.1910739074548208,0.1901213927337492,0.15574126,0.30954752895161347
2026-03-20 16:30:00,0.04482452805154566,0.19107407177766125,0.1903504179719394,0.18256636,0.3103306253778371
2026-03-20 16:35:00,0.0666017592478451,0.19107387057011943,0.18748327229814726,0.15498401,0.3076017485672685
2026-03-20 16:40:00,0.07746071643874246,0.19107401539373187,0.18174292765419253,0.16513583,0.30521459118888217
2026-03-20 16:45:00,0.11130046038070932,0.19107395005659952,0.18076461679273598,0.16932325,0.303372955761333
2026-03-20 16:50:00,0.11031745258312435,0.19107382650957297,0.17735215589054945,0.23859952,0.3020767450478191
2026-03-20 16:55:00,0.10878058433209342,0.19107417985448086,0.17200906070793676,0.07888538,0.3012474086125931
2026-03-20 17:00:00,0.10031231813406186,0.19107439353416703,0.1749821121056827,0.12574181,0.3016247634885203
2026-03-20 17:05:00,0.13799244787352635,0.19107385316352815,0.17459845437689592,0.15802091,0.3012634868147063
2026-03-20 17:10:00,0.1117336531326642,0.19558223052615517,0.18139854412081188,0.114882715,0.3039316127257741
2026-03-20 17:15:00,0.1203516598626266,0.19558069638930675,0.17836484974311648,0.32674438,0.3024034461992953
2026-03-20 17:20:00,0.12737199930467036,0.19558060618727252,0.1777092413811579,0.17814374,0.3013135937268067
2026-03-20 17:25:00,0.14734507097249078,0.19558057274825316,0.1767116858311616,0.16079812,0.3006270935598321
2026-03-20 17:30:00,0.10594845305841893,0.19558058569469056,0.18554931363657398,0.2977218,0.3057501657431651
2026-03-20 17:35:00,0.1392812877194078,0.19558060952303263,0.17793355637446975,0.26931372,0.30371039540016737
2026-03-20 17:40:00,0.13072455112010445,0.19558072263904175,0.18068990097104265,0.34967852,0.3034040413670682
2026-03-20 17:45:00,0.1276024446088008,0.19558169438042228,0.1818548809270212,0.35864073,0.3031564790563707
2026-03-20 17:50:00,0.10045693496360585,0.19558122924158103,0.1854514835690298,0.15255353,0.30535733877829657
2026-03-20 17:55:00,0.25373782634675174,0.19558077581605038,0.17625158292936619,0.13969527,0.3034140348511105
2026-03-20 18:00:00,0.24715064244799148,0.19558136637628637,0.1848325978242088,0.26392782,0.30660744167151915
2026-03-20 18:05:00,0.2579166351150714,0.1955813065848176,0.17982248293613623,0.1573078,0.30440594282960953
2026-03-20 18:10:00,0.2717158742892582,0.19558056342003227,0.18079214443393796,0.18414459,0.30349584030647203
2026-03-20 18:15:00,0.27269858772622374,0.19558060012282855,0.17554836357498674,0.17526372,0.30198720123362754
2026-03-20 18:20:00,0.1454165833097579,0.19558106411056428,0.20932188402019614,0.49803594,0.33138233119461324
2026-03-20 18:25:00,0.12749493387171495,0.19558068729317507,0.20210467297692952,0.22349578,0.3274742720736698
2026-03-20 18:30:00,0.10524691663855901,0.19558056437189766,0.2040960602026486,0.21484809,0.32457278799089845
2026-03-20 18:35:00,0.04925528679675376,0.19558061595873272,0.20734124229255924,0.21298517,0.32406716784206846
2026-03-20 18:40:00,0.05398145269704482,0.1955806391780933,0.2048230760261898,0.19475982,0.31916547467625567
2026-03-20 18:45:00,0.050336239385735185,0.1955807716996018,0.18715370672288473,0.22104692,0.31534660540392545
2026-03-20 18:50:00,0.06420985377111846,0.19558186426864804,0.18329756254787982,0.20303033,0.3115641667073952
2026-03-20 18:55:00,0.18810952302979136,0.19558264255990476,0.180587811278511,0.23013787,0.3086145573499116
2026-03-20 19:00:00,0.19153478909570149,0.19558157410530366,0.17220721206988826,0.10897264,0.30614355031764506
2026-03-20 19:05:00,0.23781750890027542,0.19558064833563743,0.17379671342325845,0.08945127,0.30474957449434903
2026-03-20 19:10:00,0.25437137650632724,0.19558057777942525,0.1729827955769372,0.08469932,0.3033261316606671
2026-03-20 19:15:00,0.3266979131980821,0.1955819730182713,0.17547328449044167,0.066710606,0.30266165841616566
2026-03-20 19:20:00,0.3075074397476444,0.1955809729311177,0.19962645296952278,0.23982626,0.31934995298529484
2026-03-20 19:25:00,0.4118588197878405,0.19558076383337067,0.19458892065789254,0.20856902,0.31569131787569704
2026-03-20 19:30:00,0.40020081663069207,0.19558173010633667,0.20636680411454794,0.23541209,0.3237251782509753
2026-03-20 19:35:00,1.32404833074508,0.1955807626549634,0.20697000395503148,0.18953839,0.3234202806446741
2026-03-20 19:40:00,1.3280089773646122,0.195582286429752,0.22347557117903255,0.25021383,0.34184244070088554
2026-03-20 19:45:00,1.3215049647013004,0.1955808292465567,0.21878813629149585,0.21923584,0.34369947830331116
2026-03-20 19:50:00,1.3011950654205193,0.19558275187915683,0.24167358010777817,0.27234197,0.3736460214659817
2026-03-20 19:55:00,1.2996862684745412,0.19559926318562182,0.2336555435368844,0.21879198,0.3658421245242213
2026-03-23 13:30:00,0.31100834276277806,0.19562793231927103,0.44262951627011016,0.33766702,0.8353692595023348
2026-03-23 13:35:00,0.2542635817006429,0.19558056500508153,0.4023398739356451,0.3434753,0.7759843674709539
2026-03-23 13:40:00,0.2576211579387229,0.19558066056346277,0.39319147840636043,0.4028851,0.7112561669672407
2026-03-23 13:45:00,0.22042908505492642,0.19558333010719658,0.3948679073507836,0.34472942,0.6597780916880104
2026-03-23 13:50:00,0.25525351474761876,0.19558298881093109,0.39208375963438724,0.377876,0.6102917244345301
2026-03-23 13:55:00,0.25516854343087686,0.19558087436063162,0.25318335148772325,0.26576832,0.5674808656312381
2026-03-23 14:00:00,0.24169657638115805,0.19558096862850946,0.24756294373710291,0.26628876,0.5344479032499548
2026-03-23 14:05:00,0.23356165553950328,0.19558209156905176,0.24459555353847917,0.27465308,0.4995799843262328
2026-03-23 14:10:00,0.23258660372663648,0.19558056425913226,0.23991883243734302,0.2729994,0.4700038118261151
2026-03-23 14:15:00,0.17372057375202712,0.19558139512918118,0.24844412928726226,0.25878072,0.452047360806875
2026-03-23 14:20:00,0.20313905829566548,0.1955810246629336,0.2461762596381088,0.26468867,0.4307706002497604
2026-03-23 14:25:00,0.17384931355312533,0.19558354256657845,0.24556846667461413,0.27717957,0.41529006816715247
2026-03-23 14:30:00,0.17532352544119956,0.19558086254257348,0.23941907958006697,0.35081562,0.3953953456426661
2026-03-23 14:35:00,0.2547012762081238,0.19558063190443895,0.2421932779889815,0.2729994,0.380861029324296
2026-03-23 14:40:00,0.25469705574680634,0.19558073536853882,0.23140155188523873,0.30626297,0.36636937814960874
2026-03-23 14:45:00,0.21313903068635492,0.19558436396807932,0.24077221878853172,0.27041513,0.36415770891008303
2026-03-23 14:50:00,0.21997497049890385,0.19558160429623703,0.2333064075131083,0.2751943,0.35430926297769966
2026-03-23 14:55:00,0.23172988231447128,0.19558059894094534,0.23166208940883407,0.27584106,0.3441328636890912
2026-03-23 15:00:00,0.20168269512752973,0.1955813145952069,0.24984129643024233,0.27904966,0.35565476846880395
2026-03-23 15:05:00,0.2037218724197595,0.19558122719490928,0.24239534414806357,0.30962124,0.34519057250032636
2026-03-23 15:10:00,0.29020083256550694,0.19558094564286216,0.235967924876827,0.23114912,0.33678693067611293
2026-03-23 15:15:00,0.27746014075250164,0.195580991714285,0.23903030120808216,0.2268307,0.3331980063768577
2026-03-23 15:20:00,0.27818264001855214,0.19558118852083098,0.20739770659076007,0.20996565,0.329461739815119
2026-03-23 15:25:00,0.3095786645296472,0.19558245190716492,0.20551940381298078,0.18149434,0.33735956625931596
2026-03-23 15:30:00,0.3666391050346749,0.19558055913126463,0.20065635618837652,0.18957,0.33039468363102326
2026-03-23 15:35:00,0.30992615157620307,0.19558242607178336,0.22065810131114402,0.26391378,0.3472563988401001
2026-03-23 15:40:00,0.3173203818420325,0.1955805621922952,0.21045118601584212,0.21362826,0.3380052939910499
2026-03-23 15:45:00,0.30831656960325393,0.19558115272468912,0.2133004084824981,0.2286872,0.33362811535643366
2026-03-23 15:50:00,0.27569782900749285,0.19558183669915247,0.22391884742364526,0.25456387,0.3502188582398254
2026-03-23 15:55:00,0.19848038452151,0.19558330964616105,0.23279036335515682,0.22735201,0.360744272053775
2026-03-23 16:00:00,0.30494241331212146,0.19558121016949342,0.21970725308229502,0.2127283,0.3519820775562663
2026-03-23 16:05:00,0.37518582702024117,0.1955806054764722,0.21985987338426122,0.2212057,0.3443666798803816
2026-03-23 16:10:00,0.37491983239030235,0.19558061394410753,0.21649016734185034,0.2106974,0.33588197320206825
2026-03-23 16:15:00,0.3512289862245638,0.19558102723219178,0.21772952637358142,0.2005514,0.34214839249499324
2026-03-23 16:20:00,0.34892397448833046,0.1955805697621229,0.20279935381763348,0.18730283,0.3354201199346493
2026-03-23 16:25:00,0.25902850948450884,0.19558131857689645,0.22716684024998435,0.2438195,0.3588145583104521
2026-03-23 16:30:00,0.12929995062983857,0.19558225381333524,0.2381755999184731,0.252516,0.37365166478547973
2026-03-23 16:35:00,0.15000427530112337,0.19558057515582744,0.22908432171073964,0.21050406,0.3602960954273398
2026-03-23 16:40:00,0.19761759177221783,0.19558087278859743,0.22876084398851973,0.21250413,0.35314252564210247
2026-03-23 16:45:00,0.22642792783515625,0.19558056560031725,0.22637977367180628,0.20710653,0.3437067213479594
2026-03-23 16:50:00,0.2179484817158938,0.1955808176449377,0.21363396773408244,0.18713424,0.3372999234728847
2026-03-23 16:55:00,0.22209573620654705,0.19558082662301526,0.19461988185409354,0.16268504,0.3308217058600969
2026-03-23 17:00:00,0.22130754158918675,0.19558060055345167,0.1990288797652231,0.18658316,0.32770410192579735
2026-03-23 17:05:00,0.3137975843450396,0.19558216069474052,0.20949893042297746,0.1784805,0.33530219470417244
2026-03-23 17:10:00,0.3125655428211266,0.21345835401102967,0.21218101638497572,0.18819897,0.33546062508062885
2026-03-23 17:15:00,0.3495798623505005,0.21345842549882782,0.2063556912568569,0.16617133,0.3284474794881567
2026-03-23 17:20:00,0.3439339328371434,0.21345844702207092,0.20862663946925775,0.18985623,0.32451786956922124
2026-03-23 17:25:00,0.3500736487339975,0.2134587397236667,0.20779758896844047,0.17813754,0.3223533787190131
2026-03-23 17:30:00,0.23939826686956328,0.21345887816507525,0.23116934523558008,0.24889097,0.3567961107668203
2026-03-23 17:35:00,0.2109143801169589,0.21345871661189048,0.22481405406490995,0.21749924,0.3526085041165313
2026-03-23 17:40:00,0.17543093728277656,0.2134583390271564,0.2311950792775044,0.21945865,0.355274372174137
2026-03-23 17:45:00,0.1777882286607666,0.21345837804822504,0.2227976515692419,0.22931115,0.34467383348500813
2026-03-23 17:50:00,0.15081455672201566,0.21345861827916393,0.2278035976519887,0.2060503,0.34115101445326745
2026-03-23 17:55:00,0.11828947373108643,0.21345874986246016,0.21217382598990325,0.18541609,0.3377813884176339
2026-03-23 18:00:00,0.11983669215195972,0.21345850286008378,0.20484164485753384,0.15921505,0.3301897922535379
2026-03-23 18:05:00,0.22857909169532523,0.2134583980970987,0.20310321926704009,0.19472234,0.3299880712791068
2026-03-23 18:10:00,0.22747545806775024,0.21345855274981618,0.20023418745017194,0.16379702,0.32408753265673723
2026-03-23 18:15:00,0.22680838196048678,0.2134587662068133,0.19463483136512003,0.20651315,0.3194356809993412
2026-03-23 18:20:00,0.2335000125768932,0.2134584225894651,0.18742947871761811,0.2923787,0.31515441716240894
2026-03-23 18:25:00,0.2367252580650908,0.2134585611557513,0.18777641570426315,0.1904079,0.31171285348068245
2026-03-23 18:30:00,0.08374569930662101,0.21345892942881214,0.21269847803307515,0.24145332,0.33587834076624973
2026-03-23 18:35:00,0.09832486981505853,0.2134585551107671,0.20429554915085424,0.20067017,0.3286888542738358
2026-03-23 18:40:00,0.09474813252240663,0.2134584963217356,0.20456141285722065,0.19890155,0.323061692631915
2026-03-23 18:45:00,0.11273573109128218,0.21345856699198168,0.20671900476311508,0.22752611,0.3198669892925194
2026-03-23 18:50:00,0.11186477969633954,0.21345840465959987,0.20646575424778754,0.2102735,0.31644331662601116
2026-03-23 18:55:00,0.12032255455330727,0.21345849103854672,0.1826545107401166,0.13549405,0.3125600205490021
2026-03-23 19:00:00,0.111854215209096,0.21345846477333022,0.18591460745575933,0.18183488,0.31098585456584954
2026-03-23 19:05:00,0.11081949582703927,0.21345855092487423,0.18380916102405492,0.16643217,0.3081070806981286
2026-03-23 19:10:00,0.08204966622195568,0.2134583177380408,0.18929452346656916,0.11711876,0.3098192185774879
2026-03-23 19:15:00,0.08498547999859844,0.21345867759813714,0.18732712665877874,0.2078231,0.308108391431119
2026-03-23 19:20:00,0.07266679012299716,0.21345837342076687,0.1853192700626319,0.20049897,0.3068723343624188
2026-03-23 19:25:00,0.1789314938271047,0.213458648620308,0.1829173470995374,0.23437966,0.3052037133002092
2026-03-23 19:30:00,0.27384193202710216,0.21345862230183302,0.18007521353369102,0.16059087,0.3032417225438634
2026-03-23 19:35:00,0.47842996926588355,0.2134582585193348,0.1777751145715724,0.07269423,0.30263709978799674
2026-03-23 19:40:00,0.5279633801455914,0.21345875179659682,0.17803034594072795,0.318809,0.302548607735518
2026-03-23 19:45:00,0.5349795423399845,0.21345808747796832,0.17435465834460892,0.103695385,0.3011980386530196
2026-03-23 19:50:00,0.5153606457571372,0.21345811039730853,0.1971055360379381,0.23022987,0.3160853088567487
2026-03-23 19:55:00,0.47255370039329503,0.21345644879587897,0.21378905195857814,0.2639554,0.3358736917720469
2026-03-24 13:30:00,0.31281595060708206,0.2134576209322631,0.2565194811290244,0.29615083,0.4044225081640803
2026-03-24 13:35:00,0.24948195649502292,0.2134582378931001,0.25853185591976374,0.29789546,0.4096100123255884
2026-03-24 13:40:00,0.28713721075499105,0.21345815744739163,0.25407749129355184,0.25809693,0.39405051385315776
2026-03-24 13:45:00,0.3005103907170827,0.21345825125304946,0.2514036663925544,0.25809693,0.3807111123467062
2026-03-24 13:50:00,0.2994339569740365,0.21345839228098204,0.24142303740712132,0.23814654,0.36638729894283956
2026-03-24 13:55:00,0.2472064211679457,0.21345893730568377,0.22585482623601916,0.22031966,0.36889946772360416
2026-03-24 14:00:00,0.21276215448246394,0.2134585829712987,0.21563780179206493,0.19548227,0.3643437555626262
2026-03-24 14:05:00,0.18639618930914012,0.21345861905704394,0.22324217600261642,0.19692956,0.3661483977138508
2026-03-24 14:10:00,0.17128606504506275,0.21345810443487193,0.22373306850959204,0.21419793,0.3612950221417494
2026-03-24 14:15:00,0.2331465059585668,0.21345834784677112,0.21889002286829778,0.1850867,0.3497349385727854
2026-03-24 14:20:00,0.275531973469672,0.21345860718269255,0.21284856449144157,0.18203028,0.3408770646578833
2026-03-24 14:25:00,0.3757886485558519,0.21345852876658408,0.20751889555404346,0.16899359,0.33307042784268565
2026-03-24 14:30:00,0.3598315349279438,0.2134587718261608,0.20830437681160002,0.19241716,0.33555513488588995
2026-03-24 14:35:00,0.37752937444973156,0.21345838191385422,0.20504954219602278,0.20413692,0.33343067609065524
2026-03-24 14:40:00,0.34274350007567056,0.21345851174212543,0.21686556434859916,0.19159205,0.33992419060855744
2026-03-24 14:45:00,0.3112270478674651,0.21345837079491695,0.22322353837035702,0.20189431,0.34411563151627705
2026-03-24 14:50:00,0.1884550010817844,0.21345881559221805,0.24337967964268803,0.26481435,0.36890223908559955
2026-03-24 14:55:00,0.20161522561151987,0.2134581122047402,0.2339014521807888,0.22990268,0.3589098154739698
2026-03-24 15:00:00,0.1438070050428012,0.21345872657923728,0.23997037073305152,0.22602151,0.3591767665775161
2026-03-24 15:05:00,0.1509032512565054,0.21345853353756472,0.22903435317862758,0.2735651,0.3479404130072105
2026-03-24 15:10:00,0.16359081162105651,0.21345867890265505,0.22593104493851196,0.22496472,0.3398831611802874
2026-03-24 15:15:00,0.14855796793940648,0.2134584799840117,0.2083379450445227,0.20053194,0.3343652206389746
2026-03-24 15:20:00,0.11705837597848641,0.2134588587211701,0.20726175058712942,0.18748553,0.33307155149176926
2026-03-24 15:25:00,0.10654468843264928,0.21345846701937937,0.19534339495376593,0.16094656,0.32764904073434586
2026-03-24 15:30:00,0.2341866921909614,0.21345871714625217,0.19589972734676642,0.17864165,0.32285235509096627
2026-03-24 15:35:00,0.22657708514853062,0.21345861316707365,0.19907661089958997,0.18227448,0.3213835151288533
2026-03-24 15:40:00,0.23482198868437143,0.2134585936688261,0.1938657394898971,0.23798001,0.3165314858958782
2026-03-24 15:45:00,0.2300719256676922,0.21345885117498933,0.19018733112949626,0.20222396,0.3138825838688782
2026-03-24 15:50:00,0.26809138696788254,0.2134587419082187,0.1868559688570772,0.19436425,0.31054195390674527
2026-03-24 15:55:00,0.1628557957999776,0.21345809307086358,0.21337569951484284,0.24007246,0.33305432429298854
2026-03-24 16:00:00,0.15348690357500594,0.21345831931450768,0.2054636207657334,0.21147397,0.3278186245475113
2026-03-24 16:05:00,0.16207206644797234,0.2134585425880874,0.20704714841776387,0.21715918,0.32395014864166605
2026-03-24 16:10:00,0.25008076928659967,0.21345869436253428,0.20435574281905317,0.19327834,0.31873092673418113
2026-03-24 16:15:00,0.2645299820565414,0.21345876136231048,0.21547613943516816,0.2026434,0.32511412089711683
2026-03-24 16:20:00,0.2653614177715475,0.21345884844853996,0.19503217066270195,0.26927212,0.31972733542079457
2026-03-24 16:25:00,0.26525198135238187,0.21345816228554768,0.19303712442158433,0.26639768,0.3151881845307465
2026-03-24 16:30:00,0.2528607430515309,0.21345840589446463,0.19645995721124163,0.1752757,0.3151511913515301
2026-03-24 16:35:00,0.2903965611675271,0.2134580988907507,0.21382009021402662,0.20600478,0.3316575841923378
2026-03-24 16:40:00,0.255407487514498,0.2134586622594835,0.21313246715085052,0.19822718,0.339385722041253
2026-03-24 16:45:00,0.25438160871217824,0.21345854541795953,0.20749920157659296,0.17702691,0.3317844903521498
2026-03-24 16:50:00,0.2550447087266518,0.21345855398119037,0.2054226242645861,0.23310511,0.32511398984429674
2026-03-24 16:55:00,0.25724353533187116,0.21345861434724156,0.20411273388286336,0.17568618,0.31966101619741544
2026-03-24 17:00:00,0.11088395086608233,0.21345794103177806,0.22091250510551105,0.26130292,0.3458511502290617
2026-03-24 17:05:00,0.09656239220792176,0.2134585323519422,0.2100135827184111,0.188264,0.3408207136539534
2026-03-24 17:10:00,0.11536253907748449,0.22612534037819676,0.20641856916531312,0.18226464,0.3326953878187629
2026-03-24 17:15:00,0.16615281688286138,0.22612542642863176,0.20666192031812186,0.17538857,0.326054007618954
2026-03-24 17:20:00,0.1671891038331932,0.22612520766977756,0.2076147517769388,0.1925683,0.32106518663396244
2026-03-24 17:25:00,0.16464933967975892,0.226124753032108,0.18761950684263043,0.17957734,0.3179231733242801
2026-03-24 17:30:00,0.23111024483634243,0.22612484591657833,0.18634878113843056,0.135929,0.3163051231671658
2026-03-24 17:35:00,0.22206957559731955,0.22612588356301583,0.18891528841251767,0.15388195,0.31469757508813384
2026-03-24 17:40:00,0.19960911259910827,0.22612500678726277,0.19893162152586716,0.20026265,0.3193223888674474
2026-03-24 17:45:00,0.19564975434566886,0.22612515765361288,0.1939645923430631,0.15305611,0.3157213621328747
2026-03-24 17:50:00,0.19312954832562468,0.22612518528776812,0.19381313445581413,0.1637302,0.3130680459031403
2026-03-24 17:55:00,0.08024370270389254,0.22612572899226577,0.20957085983507673,0.17958376,0.3270604212649869
2026-03-24 18:00:00,0.10959247701497149,0.22612557023176544,0.20145382341845347,0.13534275,0.3212258891227022
2026-03-24 18:05:00,0.10019296951035227,0.22612505471628258,0.20034301643130475,0.17581287,0.3192954078816794
2026-03-24 18:10:00,0.2566910716940342,0.22612541452997964,0.19706695363335086,0.13020954,0.3148115761830678
2026-03-24 18:15:00,0.3125288784892271,0.22612534665083436,0.1979276509646395,0.17139271,0.31176203722184437
2026-03-24 18:20:00,0.3157319709155466,0.2261253970038569,0.1807623485177767,0.081664756,0.308658419205578
2026-03-24 18:25:00,0.3085535200156751,0.2261249363011593,0.18614518125139146,0.61160994,0.30932629442239884
2026-03-24 18:30:00,0.3088325657323994,0.22612541121974686,0.18292494064280831,0.21615914,0.3084702051364739
2026-03-24 18:35:00,0.20298831580362522,0.2261259968920035,0.21480441413294063,0.23265424,0.33699234010444334
2026-03-24 18:40:00,0.09509659376726094,0.226124696221878,0.2218310834513809,0.23280793,0.34683918836669153
2026-03-24 18:45:00,0.09817231463989493,0.22612531239282452,0.21689942552915437,0.22033897,0.3387353920234096
2026-03-24 18:50:00,0.1132057464884186,0.22612536413276157,0.21301491655682528,0.19469176,0.3314897122243584
2026-03-24 18:55:00,0.10061512967106437,0.22612530444700704,0.21384223305029879,0.1978034,0.32671687097689733
2026-03-24 19:00:00,0.1296949385184513,0.22612537985621245,0.19832816297156433,0.1223527,0.321866696508114
2026-03-24 19:05:00,0.1370848714369099,0.2261256015733549,0.18259528667761446,0.14062345,0.31734342434168633
2026-03-24 19:10:00,0.1284009798081249,0.2261255571407213,0.18407816340584973,0.11314496,0.3147259225547037
2026-03-24 19:15:00,0.11304951426260434,0.22612526375072334,0.18681115462459247,0.13224219,0.31350715724848166
2026-03-24 19:20:00,0.11752989871500774,0.22612532843790648,0.18325729517666384,0.14877848,0.31042936830523227
2026-03-24 19:25:00,0.1274883406591564,0.22612507812318863,0.19019528127920052,0.13359636,0.3123615742664343
2026-03-24 19:30:00,0.1268110275527227,0.22612507397015438,0.18909412911400997,0.5835323,0.31067437912732554
2026-03-24 19:35:00,0.9950659869146632,0.2261251380088152,0.18650192320917114,0.6283401,0.3079419905879087
2026-03-24 19:40:00,0.9953756946822153,0.2261252873688662,0.18446183837300426,0.48248369,0.30583068869876107
2026-03-24 19:45:00,1.006242845353333,0.22612563431336663,0.1843059285931378,0.25922522,0.30475681050909253
2026-03-24 19:50:00,1.0144459940240647,0.22612557766456848,0.1887957174674902,0.20344475,0.3092082473456544
2026-03-24 19:55:00,1.025702518290964,0.22612645400004133,0.18641018098119375,0.124484725,0.3080032686909613
2026-03-25 13:30:00,0.28159529351365986,0.226128430393498,0.37269734602961324,0.34440878,0.6647066191950144
2026-03-25 13:35:00,0.2900697793811649,0.22612562728799576,0.33439222942469593,0.4114709,0.6127162721543331
2026-03-25 13:40:00,0.24679585985601143,0.22612513754891322,0.34111265578617933,0.35147122,0.573992397645952
2026-03-25 13:45:00,0.2341139833153384,0.2261248219391445,0.34316071275618776,0.34990656,0.5418305118690069
2026-03-25 13:50:00,0.18426865577294743,0.2261244588113358,0.34491034761409606,0.35147122,0.5135885521301913
2026-03-25 13:55:00,0.18245747935821519,0.22612487764291922,0.23434039736931092,0.25529918,0.48068412436606467
2026-03-25 14:00:00,0.19971834166161362,0.22612508498420264,0.23652170759995042,0.27893615,0.45394232564031395
2026-03-25 14:05:00,0.22028976540357084,0.22612566605523882,0.22786188368815563,0.2803648,0.4285905913314367
2026-03-25 14:10:00,0.18422673034045575,0.2261257034417264,0.23171965202520425,0.23453866,0.41601736263324773
2026-03-25 14:15:00,0.1741892505798728,0.2261252405073054,0.2215929020649566,0.24539526,0.3981159825494506
2026-03-25 14:20:00,0.18578228375335187,0.22612516054394594,0.21986555951050463,0.2388512,0.3812683117834888
2026-03-25 14:25:00,0.14982798861532357,0.2261252641751463,0.22575368393600467,0.25247544,0.3726473109530995
2026-03-25 14:30:00,0.11689875570085559,0.2261258060965997,0.22802483861098644,0.24428998,0.3636411415685323
2026-03-25 14:35:00,0.08397822196273086,0.2261246973358971,0.22249937249099555,0.24456571,0.35508727112791627
2026-03-25 14:40:00,0.24506180679681805,0.2261257872330343,0.21910518661842054,0.23506778,0.3450693573843036
2026-03-25 14:45:00,0.2548510786257618,0.22612483929200328,0.22226906002423222,0.24513038,0.3389063931340583
2026-03-25 14:50:00,0.33451267801883144,0.22612544312630872,0.21523946154391557,0.22856657,0.33134145336785403
2026-03-25 14:55:00,0.4301393312739836,0.22612490410558672,0.20998433290341262,0.24258953,0.3247927075074861
2026-03-25 15:00:00,0.4524472052121582,0.22612534253706298,0.20539935245197477,0.20993057,0.3193951020189218
2026-03-25 15:05:00,0.3882291265630834,0.22612458803375945,0.23796537268298043,0.27286154,0.344219209697194
2026-03-25 15:10:00,0.413486806585344,0.22612487974999185,0.23401285706342237,0.24052179,0.34078144759215423
2026-03-25 15:15:00,0.35151466848687635,0.22612448862228682,0.25075924066594474,0.2961707,0.357227856967794
2026-03-25 15:20:00,0.2244069745702104,0.22612613994986153,0.24569697800866722,0.27705067,0.3822410088235787
2026-03-25 15:25:00,0.1751301044914743,0.22612579144829614,0.24422479993448878,0.2621819,0.3768609327365944
2026-03-25 15:30:00,0.17898565999475846,0.2261251296304331,0.22910351017999475,0.19978228,0.362846307298466
2026-03-25 15:35:00,0.09467783431576357,0.2261248785372881,0.2394079108393333,0.26136327,0.36614788689513755
2026-03-25 15:40:00,0.09748734969285286,0.2261251591308005,0.2232528524589398,0.19592702,0.35385483561459935
2026-03-25 15:45:00,0.09767730569874744,0.22612536026813146,0.20482852484407404,0.20668587,0.3434852636506642
2026-03-25 15:50:00,0.10222895437025263,0.22612588813081358,0.19810683813773663,0.1867104,0.3348928234651618
2026-03-25 15:55:00,0.21943690371089578,0.22612555191054376,0.19979660631573756,0.17517869,0.328480107571467
2026-03-25 16:00:00,0.2036494257023723,0.22612493620763188,0.1893195016894619,0.13991636,0.326387042885622
2026-03-25 16:05:00,0.21979972010750817,0.22612541305415268,0.1871787829842623,0.17125498,0.32102225415560176
2026-03-25 16:10:00,0.21976255798354982,0.22612494184475007,0.18637193608644884,0.12729375,0.31624290222346885
2026-03-25 16:15:00,0.21831710619197015,0.22612519226337288,0.18762685748369365,0.19345494,0.31287396914316057
2026-03-25 16:20:00,0.10575032510207087,0.22612584023932752,0.21191714557446978,0.209086,0.33136776477362595
2026-03-25 16:25:00,0.12232634503879945,0.2261254582836592,0.20248653827377835,0.17806567,0.32509450683778224
2026-03-25 16:30:00,0.09872683290451328,0.22612602502764564,0.20750060435840367,0.18460445,0.32375526804270677
2026-03-25 16:35:00,0.10569500815179285,0.22612490605288071,0.20400510115547812,0.1468228,0.31848722655608014
2026-03-25 16:40:00,0.13008224666402468,0.2261253292415588,0.20440661441161168,0.18988742,0.31435645354135566
2026-03-25 16:45:00,0.15074406698848228,0.22612518087072728,0.18992765181136473,0.15344235,0.31227183468411496
2026-03-25 16:50:00,0.14343885766303568,0.22612545551353228,0.19299500477504175,0.19471622,0.3115474672232249
2026-03-25 16:55:00,0.14704355582716053,0.22612580183439576,0.1870236196571814,0.18399939,0.3097598887190529
2026-03-25 17:00:00,0.1522240821142747,0.2261254395925567,0.18726974603216714,0.17661852,0.307809487680091
2026-03-25 17:05:00,0.13434913223484085,0.22612514387855503,0.1906191562513495,0.1909896,0.3089466391056483
2026-03-25 17:10:00,0.11438957998977538,0.24655770089133297,0.19099786111438471,0.21534052,0.3112100529367781
2026-03-25 17:15:00,0.1092115394782545,0.24655708942150775,0.1871995646962344,0.2779302,0.3094445406891489
2026-03-25 17:20:00,0.14566817293568007,0.24655736156282793,0.18831893629126462,0.19839352,0.30865132609507573
2026-03-25 17:25:00,0.16420947617019307,0.2465577403105931,0.18729806986763584,0.15775324,0.30780619798686654
2026-03-25 17:30:00,0.17327981513152613,0.2465572479274026,0.18391708477464536,0.13993719,0.3059648413413306
2026-03-25 17:35:00,0.16329456313841612,0.24655792221456022,0.18242631093965214,0.20087148,0.30592142483956164
2026-03-25 17:40:00,0.1601140244581169,0.24655732790044274,0.1806850485184674,0.1175061,0.3044546407704055
2026-03-25 17:45:00,0.11801971138713095,0.2465568485221768,0.18970521371133614,0.23229362,0.3100034750233531
2026-03-25 17:50:00,0.0728064839802959,0.24655649630878892,0.19164189393321693,0.17408855,0.3122152697456027
2026-03-25 17:55:00,0.03811837367609047,0.2465575726064,0.19192336518042982,0.2078554,0.31133292716005184
2026-03-25 18:00:00,0.08347627591892776,0.2465575400276221,0.18844096764494953,0.29282966,0.30834364686278204
2026-03-25 18:05:00,0.0861236874336358,0.2465573168405946,0.18769119881582277,0.21040213,0.3058308470043265
2026-03-25 18:10:00,0.08149457640994134,0.24655734038987098,0.18031401023181282,0.3577829,0.30429745350070514
2026-03-25 18:15:00,0.09063653085038127,0.2465572878450954,0.17311560851487154,0.19882089,0.3025684546423359
2026-03-25 18:20:00,0.09439288724022529,0.24655716138803277,0.16788291222996474,0.2222799,0.30122773414275134
2026-03-25 18:25:00,0.057964566184257854,0.24655693281455127,0.1771039465859515,0.15954182,0.30335401808927975
2026-03-25 18:30:00,0.11656545902249686,0.2465566709666885,0.17534087282234792,0.20124461,0.30201924712152245
2026-03-25 18:35:00,0.13392050656365911,0.24655788754032024,0.17410802856737995,0.21436729,0.3007304803811781
2026-03-25 18:40:00,0.1276946438675076,0.24655736567796185,0.17636211512282235,0.16205293,0.3005971734234778
2026-03-25 18:45:00,0.13325693111683948,0.24655714771904189,0.17636059446157562,0.19591016,0.30003595939632305
2026-03-25 18:50:00,0.1474283445811511,0.24655756842796495,0.17033102510251938,0.20025404,0.2990939345196457
2026-03-25 18:55:00,0.10690387276363646,0.24655689172517448,0.18266765521372597,0.23360603,0.30461448355736054
2026-03-25 19:00:00,0.11004088495232865,0.24655705097582872,0.1833474493511414,0.24569486,0.3054036392548737
2026-03-25 19:05:00,0.11523250425229466,0.24655721036857992,0.17991204597089794,0.35714003,0.303439273501268
2026-03-25 19:10:00,0.10876558419758607,0.24655771345490707,0.18227814973162507,0.25556073,0.3032064370012609
2026-03-25 19:15:00,0.09017605622883483,0.2465576358516089,0.18497101786573902,0.26478884,0.3040265339230773
2026-03-25 19:20:00,0.08873305311104035,0.2465577053062184,0.17745201370884042,0.18919289,0.3025209285662967
2026-03-25 19:25:00,0.08969649267814342,0.24655728815208944,0.18010669789725592,0.20901012,0.3041102162772922
2026-03-25 19:30:00,0.0849106312554417,0.24655730187412303,0.17936415755438725,0.40532073,0.30307379000155266
2026-03-25 19:35:00,0.785136335935359,0.24655733163968818,0.17733409664918642,0.12408855,0.30205326071627386
2026-03-25 19:40:00,0.7946804583686274,0.24655754456064757,0.17355299578570602,0.15178324,0.300903681432362
2026-03-25 19:45:00,0.8620861144864236,0.246557642193666,0.17267403162034445,0.14434806,0.29982191599581726
2026-03-25 19:50:00,0.8612141501753786,0.2465574223688302,0.1757480578318846,0.12274853,0.30203456805804785
2026-03-25 19:55:00,0.8750010164010077,0.24655428324138087,0.1729582963533536,0.23172824,0.30088807414533786
2026-03-26 13:30:00,0.3943547415136411,0.24655476327546552,0.32525949517191116,0.29188704,0.5550105552149286
2026-03-26 13:35:00,0.38164719271743164,0.24655744213419303,0.3005204177571898,0.2695391,0.5214538594137786
2026-03-26 13:40:00,0.18415919309023732,0.24655893648713093,0.3210066359217412,0.2870777,0.5263563430147007
2026-03-26 13:45:00,0.1901260009813436,0.24655805408895645,0.30987428070249845,0.28653672,0.4925496620715937
2026-03-26 13:50:00,0.1278378045672092,0.2465579759017587,0.31611860132061437,0.27220276,0.47113764510949663
2026-03-26 13:55:00,0.13325162929850648,0.24655712573599264,0.242405247472321,0.20988119,0.443325945672113
2026-03-26 14:00:00,0.14538087226891044,0.24655706561667856,0.24343904633496455,0.2294116,0.42176181447064304
2026-03-26 14:05:00,0.18030273639327027,0.246556858715321,0.2129549465285242,0.20686427,0.4009548115195069
2026-03-26 14:10:00,0.18303584823381067,0.24655781466881377,0.21669377356669325,0.23391065,0.3860223574438126
2026-03-26 14:15:00,0.24053442986575654,0.24655723913993519,0.20735542672698262,0.19784148,0.372717729945841
2026-03-26 14:20:00,0.2385627438810446,0.24655711524359153,0.20688329931968244,0.18620932,0.36004054843671607
2026-03-26 14:25:00,0.27562067676427116,0.24655675151832984,0.21106294288546934,0.1745046,0.35324389979191095
2026-03-26 14:30:00,0.2814289972026504,0.2465579503799604,0.21666891050081855,0.22893213,0.348896762881383
2026-03-26 14:35:00,0.2690100563674224,0.24655698053856667,0.21619316832387217,0.20860657,0.34304908977537363
2026-03-26 14:40:00,0.20934837846552937,0.2465565831893719,0.2283507833157856,0.21131313,0.3495667290334725
2026-03-26 14:45:00,0.2081120766346574,0.24655735576090967,0.2220466985198946,0.19741687,0.3401739271715721
2026-03-26 14:50:00,0.1347136430353569,0.24655684859941818,0.2336543367558393,0.21241009,0.34684857840014516
2026-03-26 14:55:00,0.06311986597442532,0.24655770150519213,0.23289337086988207,0.21456707,0.3453284793848299
2026-03-26 15:00:00,0.07847749672446352,0.24655803959948155,0.22687694649472978,0.2165258,0.3364926157968835
2026-03-26 15:05:00,0.0998849112553197,0.24655772777364812,0.21859979299575222,0.19552755,0.32920218653669464
2026-03-26 15:10:00,0.11341949748750153,0.2465580422852332,0.21757487737412368,0.2320176,0.3229762005119632
2026-03-26 15:15:00,0.11891564441692938,0.2465563225824888,0.2094481855395734,0.20050971,0.31944942456538156
2026-03-26 15:20:00,0.1304478771925478,0.24655697754945846,0.1820681787280029,0.13743219,0.31522691397277636
2026-03-26 15:25:00,0.12634113387912307,0.24655716623516838,0.18479613731884934,0.22254236,0.31283404723719793
2026-03-26 15:30:00,0.11923324376488027,0.24655769881912526,0.18385045488286542,0.22958554,0.31188136169667013
2026-03-26 15:35:00,0.1153787298195923,0.2465575574799865,0.18527745674926122,0.26362854,0.31037521572414184
2026-03-26 15:40:00,0.10072396630180351,0.24655714635758577,0.18546028544057486,0.21646582,0.3098813768321678
2026-03-26 15:45:00,0.08338249723261931,0.24655750210552269,0.1870136651005691,0.18337096,0.30904488475583847
2026-03-26 15:50:00,0.10943755630935818,0.24655734690120998,0.18534492368372285,0.12865104,0.3071732522305488
2026-03-26 15:55:00,0.12068538597512347,0.24655746554890642,0.18496092299097164,0.20405777,0.3062627488559397
2026-03-26 16:00:00,0.17701906195661268,0.24655712752626574,0.18401763817226288,0.32128763,0.3052707286934646
2026-03-26 16:05:00,0.17463262245816935,0.24655746998515862,0.1812387276036428,0.16869555,0.3038800257874602
2026-03-26 16:10:00,0.17857142364363243,0.24655740607384982,0.17804805915145047,0.23736882,0.3022865060279264
2026-03-26 16:15:00,0.16856364374999702,0.2465564700671913,0.18420569387197586,0.1411467,0.30462829746573344
2026-03-26 16:20:00,0.16382715937734998,0.2465572037755049,0.1850633237392521,0.19295698,0.3057101410507777
2026-03-26 16:25:00,0.10729025635072753,0.2465566417578696,0.1963067926677129,0.25738698,0.31450479832490547
2026-03-26 16:30:00,0.1093920382680945,0.24655729737990045,0.18931665063021097,0.31506228,0.3109475978709575
2026-03-26 16:35:00,0.10635342489725909,0.24655728651790348,0.19105427093483945,0.21365662,0.3088718208713671
2026-03-26 16:40:00,0.09272525194718803,0.2465576857129663,0.18857843776927188,0.29051358,0.30793322760793074
2026-03-26 16:45:00,0.10995986518928325,0.24655695555209955,0.18728393463672474,0.2855523,0.3074718693121563
2026-03-26 16:50:00,0.09713305355178688,0.2465576883243925,0.17955676335364684,0.23602058,0.30709687103932826
2026-03-26 16:55:00,0.15997338344722414,0.24655754956468498,0.17850776162136162,0.26610735,0.3051451036196528
2026-03-26 17:00:00,0.16322647880252236,0.2465575017205364,0.17839685833779279,0.20284203,0.3037525325276435
2026-03-26 17:05:00,0.17040596972675603,0.24655710289969934,0.17559769138940687,0.2503917,0.3021703850949327
2026-03-26 17:10:00,0.16410879136252088,0.23777334059462354,0.18128034819679323,0.12605879,0.30485123109909995
2026-03-26 17:15:00,0.1833738247922156,0.2377733138226059,0.17712349161451846,0.17925741,0.3034073145227124
2026-03-26 17:20:00,0.1412471758820546,0.2377755563684547,0.19094111764895652,0.3019902,0.31154951069617254
2026-03-26 17:25:00,0.15166086055612907,0.23777326362563722,0.18792713044911732,0.2646219,0.30959247014505986
2026-03-26 17:30:00,0.1589114661828333,0.2377732572308224,0.18908112812498803,0.23139547,0.30833586912967065
2026-03-26 17:35:00,0.16555682865567947,0.23777395904173879,0.18903329659178814,0.24007808,0.30860375069439283
2026-03-26 17:40:00,0.1422482389693152,0.23777329837682515,0.1928324022106007,0.21755005,0.31035230183978496
2026-03-26 17:45:00,0.13719657000213725,0.23777335010797518,0.18570067505601315,0.23052548,0.309245109081428
2026-03-26 17:50:00,0.12079199540571738,0.23777448860584405,0.18798631955197462,0.18354154,0.3094788002543932
2026-03-26 17:55:00,0.10394813022838248,0.2377734761963418,0.18918757164278488,0.23142263,0.30954674722890324
2026-03-26 18:00:00,0.09666749259543937,0.23777379700283846,0.19109437477792032,0.17647155,0.31082902311959865
2026-03-26 18:05:00,0.1260835742683355,0.23777326467030865,0.18476414371125247,0.27426216,0.3080124617830782
2026-03-26 18:10:00,0.12558834737163097,0.23777331484738357,0.18481090740088163,0.15202104,0.306517958355923
2026-03-26 18:15:00,0.12847929653050807,0.23777338272738274,0.18082034295851782,0.25712785,0.3047958809014485
2026-03-26 18:20:00,0.1329409615627453,0.23777404028173338,0.17866592169379072,0.15746881,0.30353000368856764
2026-03-26 18:25:00,0.11098831591373658,0.23777388157945162,0.17958832374487074,0.15462576,0.30511992423608847
2026-03-26 18:30:00,0.07530294293338138,0.23777386357558836,0.18433673581623056,0.17496814,0.30718166946958225
2026-03-26 18:35:00,0.12911769354986774,0.23777369212541966,0.18239850737682542,0.15462196,0.3057675976671699
2026-03-26 18:40:00,0.14324388559568704,0.2377732579326075,0.1826802130135611,0.24435218,0.30461495632879343
2026-03-26 18:45:00,0.13529245486157956,0.2377733428536148,0.18372784064462014,0.21535268,0.3040692065822944
2026-03-26 18:50:00,0.1432693051436429,0.23777416397315201,0.17918239466293115,0.18651044,0.3024055011537765
2026-03-26 18:55:00,0.1576776561245706,0.2377734442145322,0.1742178947266859,0.14133528,0.30107241206437335
2026-03-26 19:00:00,0.11172452276185943,0.2377742246571073,0.18612229022378113,0.24511537,0.307264776071216
2026-03-26 19:05:00,0.11227307200138141,0.23777426710072075,0.18685607773189025,0.20367216,0.3080765957512828
2026-03-26 19:10:00,0.11353515106406807,0.23777351041931097,0.18175768079324428,0.32690853,0.30559386160425644
2026-03-26 19:15:00,0.11457700750410463,0.23777330786112136,0.18477644872486723,0.21763206,0.30495612412984135
2026-03-26 19:20:00,0.0977660138093475,0.23777325393879756,0.18768839207239285,0.19727007,0.3057004200769477
2026-03-26 19:25:00,0.1460116769401798,0.2377734101850207,0.17871068546063984,0.25866222,0.30374950530426825
2026-03-26 19:30:00,0.1266378986575372,0.23777338292454053,0.1811122150974538,0.13195026,0.3053058744959639
2026-03-26 19:35:00,0.7280712266893786,0.23777325299891952,0.17878045493246225,0.36048618,0.3034963203493437
2026-03-26 19:40:00,0.7301280202855904,0.23777335531197744,0.18011905269963233,0.2863178,0.30339116143273226
2026-03-26 19:45:00,0.7295910273825604,0.2377733730832514,0.1766464215974367,0.17969808,0.3023299102109982
2026-03-26 19:50:00,0.7323343594281259,0.23777438309328303,0.18696896447675662,0.28684273,0.3227237459583832
2026-03-26 19:55:00,0.7875903694059364,0.2378163410270199,0.18046098721631695,0.42463157,0.3202996495919096
2026-03-27 13:30:00,0.3584495050315274,0.23779711207045223,0.31281375509022186,0.2989099,0.5195339963894393
2026-03-27 13:35:00,0.3572279634013982,0.23777782436921766,0.28735984332584874,0.27783638,0.47713434551328815
2026-03-27 13:40:00,0.3707591456167826,0.23777341379395342,0.2847793780600535,0.25608784,0.44095542057966086
2026-03-27 13:45:00,0.37365324247641607,0.2377733123854625,0.2899796085906492,0.26886517,0.41821293917777824
2026-03-27 13:50:00,0.26946192215682846,0.2377792452462863,0.3062455460802856,0.28893664,0.42748629193682786
2026-03-27 13:55:00,0.25518122693943596,0.237773636423099,0.24064216275818606,0.22725385,0.41031531564840384
2026-03-27 14:00:00,0.2668276523112988,0.2377736656028515,0.23727125353902045,0.23313944,0.38965001408049604
2026-03-27 14:05:00,0.2593963766482709,0.23777540602541616,0.2406182719296953,0.22890694,0.37585027833354606
2026-03-27 14:10:00,0.252381254037595,0.2377760172286231,0.2428221272773542,0.23117223,0.3688512478478509
2026-03-27 14:15:00,0.21942305922587343,0.23777383970289775,0.22839661576753728,0.21591644,0.36316025173219396
2026-03-27 14:20:00,0.2545890727472759,0.23777330499335736,0.22701597820475486,0.21331622,0.357870727232111
2026-03-27 14:25:00,0.2557444365329144,0.23777627663217565,0.22689340012081108,0.22603521,0.35192575684752825
2026-03-27 14:30:00,0.2634407024282849,0.23777504086707377,0.22464541290079149,0.20302236,0.3452133320620534
2026-03-27 14:35:00,0.24847382620046232,0.23777341872255747,0.2271105383050811,0.23634109,0.34415407888619076
2026-03-27 14:40:00,0.2597028294485962,0.2377735268040649,0.21885868144076798,0.2050206,0.3371804120305688
2026-03-27 14:45:00,0.19961019396689822,0.2377813584525669,0.23173399374419298,0.2527607,0.3464102986948288
2026-03-27 14:50:00,0.18333510568205483,0.23777678258717613,0.2271812697382387,0.216359,0.3435710319606903
2026-03-27 14:55:00,0.21126039481174727,0.2377741644735505,0.2276262850991525,0.21122068,0.3408217392425856
2026-03-27 15:00:00,0.22532461063332793,0.23777353362965542,0.2252164916573379,0.2115102,0.3371794952944264
2026-03-27 15:05:00,0.2444233342566199,0.23777375319861405,0.22652767465443976,0.20012236,0.33470273239630516
2026-03-27 15:10:00,0.256112940252406,0.23777325980533195,0.21969026331844896,0.20019549,0.33123431563972516
2026-03-27 15:15:00,0.2556359544172231,0.2377738645134077,0.21889916189569467,0.20612372,0.329163764505111
2026-03-27 15:20:00,0.21848257079374422,0.23777581987983373,0.21438055659417593,0.18124336,0.3355012318935683
2026-03-27 15:25:00,0.18954023662075722,0.23777541430350152,0.21372929066978122,0.18222107,0.33619286224826295
2026-03-27 15:30:00,0.1658188699584262,0.23777362550852352,0.2168107755625869,0.20306614,0.33833700424420005
2026-03-27 15:35:00,0.1404919878702016,0.237773337056457,0.2157666740864209,0.18753569,0.33682812162387943
2026-03-27 15:40:00,0.17450800731455407,0.23777437481349198,0.21118535409479303,0.1973337,0.3332395226412669
2026-03-27 15:45:00,0.1722877305313712,0.23777328678734666,0.20655511618770805,0.2282783,0.3298430476177342
2026-03-27 15:50:00,0.1774884400919729,0.2377732673020259,0.20223985884599807,0.21402638,0.32612138780512906
2026-03-27 15:55:00,0.15524163464269747,0.23777338661912067,0.20375942579259462,0.19136734,0.326722326357134
2026-03-27 16:00:00,0.1493882733962664,0.23777366927746915,0.19815198611322876,0.17616348,0.32429133228402035
2026-03-27 16:05:00,0.08263583349393193,0.23777408152919982,0.20628473508860068,0.23060529,0.329233745885352
2026-03-27 16:10:00,0.09985396705329433,0.23777444038425993,0.20075623783624366,0.17162885,0.32645078235272473
2026-03-27 16:15:00,0.09360531451799269,0.2377732697691769,0.20105903784181356,0.17995621,0.32449230752456193
2026-03-27 16:20:00,0.166259729401158,0.23777413892336632,0.19675535185783377,0.1386164,0.32176574224656596
2026-03-27 16:25:00,0.18756504222286466,0.23777325686020548,0.1955137729044263,0.1973501,0.31967098770446634
2026-03-27 16:30:00,0.19001067116795,0.23777330390630477,0.18912456566591818,0.15621822,0.31797138405648
2026-03-27 16:35:00,0.17752126552222244,0.23777441114779563,0.19379679419346585,0.23115635,0.319652732044037
2026-03-27 16:40:00,0.18139295459030003,0.23777394261748272,0.1905061062969836,0.27193394,0.3187975777843122
2026-03-27 16:45:00,0.13592031297596016,0.23777369508673407,0.20373989175763899,0.2630565,0.32710201540500233
2026-03-27 16:50:00,0.12813235230864692,0.23777413198273722,0.2022888797210447,0.2146764,0.3274685637796831
2026-03-27 16:55:00,0.1330430717753206,0.23777325276922814,0.19844527761010075,0.21992186,0.3242869139866454
2026-03-27 17:00:00,0.1977602210449902,0.23777342144011365,0.19744096778828868,0.21958573,0.32201048834359264
2026-03-27 17:05:00,0.20457337581280172,0.23777457479893085,0.19904674438860537,0.23242983,0.32126728546970695
2026-03-27 17:10:00,0.19339679531879253,0.23441824871948497,0.19525747719987022,0.1387844,0.32162530792778654
2026-03-27 17:15:00,0.19315694999356253,0.23441777981998213,0.19464561532961835,0.250324,0.32236452323266473
2026-03-27 17:20:00,0.18710543764722973,0.23441818499663117,0.19244863311729998,0.14632018,0.3211154486319992
2026-03-27 17:25:00,0.1110147313416072,0.23442036426566162,0.20558178786541698,0.19652234,0.3304304914606573
2026-03-27 17:30:00,0.0905860889361072,0.23441905194359883,0.20128816061522592,0.16993655,0.32893375863884544
2026-03-27 17:35:00,0.09641395198147748,0.23441786676106313,0.1965351135058571,0.18145865,0.32510470075472775
2026-03-27 17:40:00,0.0934345501377643,0.23441761923509977,0.2003280074058929,0.18329817,0.32490359034903565
2026-03-27 17:45:00,0.0942972557750407,0.23441786306495935,0.1948219998675935,0.199963,0.32184387144899734
2026-03-27 17:50:00,0.1327647837806903,0.23441787747499057,0.1878822082674066,0.10162552,0.3195286227658679
2026-03-27 17:55:00,0.14319613384672591,0.23441867287240928,0.18787208135628686,0.163641,0.3187113570522369
2026-03-27 18:00:00,0.1383659930813084,0.234417812784479,0.1881570052780697,0.16236414,0.31800242939013534
2026-03-27 18:05:00,0.11819228400895701,0.23441765766644476,0.1901857367722845,0.14208074,0.3193421372064753
2026-03-27 18:10:00,0.11775830155307575,0.23441771975220496,0.1864009038643472,0.15135771,0.3177599218027911
2026-03-27 18:15:00,0.07874833007358743,0.2344178452947493,0.1954697571451292,0.13074893,0.3209642081507538
2026-03-27 18:20:00,0.06002127436406169,0.234417592545399,0.19493466707530788,0.1486966,0.32125424683221726
2026-03-27 18:25:00,0.0747201797352354,0.2344178965558182,0.19068519166988215,0.22783957,0.31920270284766095
2026-03-27 18:30:00,0.07432208423162331,0.23441765815207885,0.18830988657978992,0.25902238,0.3175722019647712
2026-03-27 18:35:00,0.1184647636710564,0.2344176452673986,0.1873680427264885,0.2944708,0.31638467835937767
2026-03-27 18:40:00,0.11430034374827003,0.23441760379819843,0.18502374143212325,0.12422157,0.31600168476323776
2026-03-27 18:45:00,0.11698568891021835,0.23441781976049017,0.1843018867625234,0.16883664,0.3162298645485131
2026-03-27 18:50:00,0.12111555468297588,0.2344176659619018,0.18574445145015064,0.18092966,0.3164757522085481
2026-03-27 18:55:00,0.12640006997972683,0.2344184717116707,0.1824539499464315,0.15102288,0.31550469755475247
2026-03-27 19:00:00,0.09950182156748683,0.2344176160057609,0.19263696321950327,0.24270406,0.31924068625719226
2026-03-27 19:05:00,0.11993380340182172,0.23441760241848703,0.18642575112990126,0.24760151,0.3176314657985986
2026-03-27 19:10:00,0.13372122352510674,0.2344175909648147,0.18942247427597717,0.26868844,0.317762547984423
2026-03-27 19:15:00,0.15562291136991394,0.23441863972377866,0.1887348904061492,0.24340631,0.3181225735246173
2026-03-27 19:20:00,0.15954807289474285,0.23441775660584407,0.18746851617593613,0.14252646,0.31741023475515123
2026-03-27 19:25:00,0.15458328294745377,0.23441762881399847,0.18624976538832613,0.20484154,0.3175222271227006
2026-03-27 19:30:00,0.13897221591985703,0.23441776660731883,0.18909167073427252,0.2162042,0.3186614775034917
2026-03-27 19:35:00,0.7581476848337418,0.2344176423490826,0.19148453837690654,0.14000194,0.32032278014229104
2026-03-27 19:40:00,0.7649263480342209,0.23441872126328953,0.19533621175914975,0.13796753,0.3232553096636584
2026-03-27 19:45:00,0.7730027760509555,0.2344178261043372,0.1925659399086742,0.21996886,0.32187492800725864
2026-03-27 19:50:00,0.7906018634442038,0.23441760783763038,0.19082587620955074,0.18534382,0.3200505668618626
2026-03-27 19:55:00,0.7922884524038488,0.23445317783345831,0.18731004492148418,0.18174124,0.31818605380917403
2026-03-30 13:30:00,0.2793039308398319,0.23444866040102838,0.31014970894819904,0.28925842,0.5333140557941501
2026-03-30 13:35:00,0.28535922971620703,0.23441921466343427,0.2702564074285448,0.26682332,0.49307509525735205
2026-03-30 13:40:00,0.2584902218557794,0.23442181109017934,0.2699396967891011,0.2720957,0.45912300563036135
2026-03-30 13:45:00,0.20329700775354467,0.23441859591753622,0.2752003073227248,0.26631236,0.43724680177968994
2026-03-30 13:50:00,0.21939603482681963,0.2344182488615813,0.2675735671302104,0.26321128,0.4100440660934002
2026-03-30 13:55:00,0.2008110111587734,0.2344197588456254,0.22708458328137288,0.22388422,0.3924662931240044
2026-03-30 14:00:00,0.14770877331496346,0.23442195251955347,0.2309762050692049,0.21845062,0.3837309019167925
2026-03-30 14:05:00,0.14734142785537685,0.23441850386825602,0.21965090033550325,0.18272294,0.36699997711148363
2026-03-30 14:10:00,0.1375901999331646,0.23441798684334586,0.21728942425231437,0.20477381,0.3552758067622981
2026-03-30 14:15:00,0.17304203911255356,0.2344176335016711,0.22172928771907102,0.19702044,0.34934600611364164
2026-03-30 14:20:00,0.2050428835525786,0.2344195280227159,0.21781089795972625,0.20683978,0.3423208459416667
2026-03-30 14:25:00,0.20841753311895184,0.23441907344078655,0.213608725566469,0.19487052,0.33730688007459825
2026-03-30 14:30:00,0.2858521604539255,0.23441885669731702,0.2099480026658045,0.234132,0.33129152819070135
2026-03-30 14:35:00,0.31499461589453787,0.23441780882168686,0.20903821542620774,0.19385271,0.32674516507634005
2026-03-30 14:40:00,0.3661493333679565,0.2344246383767177,0.2210536529735257,0.23240869,0.33343275659410576
2026-03-30 14:45:00,0.3473663873566918,0.23442133854258565,0.22306521667706428,0.22690202,0.33625371461772735
2026-03-30 14:50:00,0.3387949569735737,0.23441762312008424,0.22011939791948448,0.21344773,0.33342278088140853
2026-03-30 14:55:00,0.2822058142343578,0.2344184702151528,0.23538167254037337,0.21904679,0.34692849286092725
2026-03-30 15:00:00,0.25378973835720164,0.234420869297352,0.23386139869873143,0.24464522,0.34697218965692284
2026-03-30 15:05:00,0.19854044605640578,0.23441959191885497,0.24617413388442602,0.23625615,0.36432575372019466
2026-03-30 15:10:00,0.1932987646369354,0.23441761370445147,0.23240255512509128,0.21637404,0.3531413857428288
2026-03-30 15:15:00,0.21428391024137175,0.23441939685788737,0.2292459344972543,0.20611002,0.34337069974474277
2026-03-30 15:20:00,0.20861828141047403,0.23441780310915705,0.21342780865733402,0.21991758,0.3374176481960476
2026-03-30 15:25:00,0.20365826159482983,0.23441975670746965,0.2098460371753326,0.24749641,0.33250058533043025
2026-03-30 15:30:00,0.13822218636165215,0.2344227177164492,0.21386294473459186,0.19716652,0.34238686179674654
2026-03-30 15:35:00,0.21573792272773823,0.23441771057970348,0.20268563660084768,0.20448345,0.3354141392803829
2026-03-30 15:40:00,0.194370267004698,0.2344176729006764,0.20913270023580735,0.18764822,0.33410610902463966
2026-03-30 15:45:00,0.20043784601189557,0.23441759084763056,0.20405618040272586,0.19840321,0.3292363970682686
2026-03-30 15:50:00,0.21842964613966626,0.23441843047582103,0.20216792423663524,0.1747326,0.3253143824929676
2026-03-30 15:55:00,0.2067628200979435,0.23441771369832948,0.20127577381958325,0.19596998,0.32616070074372355
2026-03-30 16:00:00,0.1474286927374282,0.2344177162205772,0.21417611537020725,0.19001712,0.3367866770184051
2026-03-30 16:05:00,0.15427683835089315,0.23441771628245847,0.20137271218410985,0.21997984,0.3308191724925868
2026-03-30 16:10:00,0.1507462823067928,0.23441846027482408,0.20513182135711647,0.19911994,0.3279572142385705
2026-03-30 16:15:00,0.12823502180680074,0.2344178955123426,0.20891302353772062,0.18821396,0.3281370120560537
2026-03-30 16:20:00,0.12065692161031874,0.2344176724780027,0.2056875833591287,0.20393373,0.32577151848843017
2026-03-30 16:25:00,0.09023172639554479,0.2344179485756832,0.20277499944647012,0.18963835,0.3261122535966121
2026-03-30 16:30:00,0.0789572130121896,0.23441862598300375,0.20014463121339796,0.17661169,0.3238130371616874
2026-03-30 16:35:00,0.09113502577236478,0.23441759245035146,0.19943444946177577,0.1703089,0.32216667051246023
2026-03-30 16:40:00,0.11520105162390518,0.2344198261712661,0.19689186483352725,0.21862328,0.32064844774245677
2026-03-30 16:45:00,0.17334364110005274,0.23441779943764465,0.19425159562933708,0.18633015,0.31920989618869616
2026-03-30 16:50:00,0.1860603177432163,0.2344175916486272,0.19053142710734988,0.1947586,0.31795964025594625
2026-03-30 16:55:00,0.1946032019184371,0.2344177731998105,0.18612637682352495,0.18828532,0.31673942042974396
2026-03-30 17:00:00,0.18945026702882503,0.23441861505559963,0.1906367805183736,0.13664742,0.3179619079278617
2026-03-30 17:05:00,0.18659267479517772,0.23441917504344165,0.19410827141780004,0.14949343,0.32006351452777565
2026-03-30 17:10:00,0.1701192969823617,0.21656443220901092,0.20335234840338004,0.26323777,0.32728324300575135
2026-03-30 17:15:00,0.17952908541045068,0.2165633230341679,0.20053788369182093,0.22348262,0.32631061350440843
2026-03-30 17:20:00,0.19185275668695373,0.2165668857655543,0.19900500009282907,0.36542535,0.3246409623270626
2026-03-30 17:25:00,0.18682574835203136,0.2165775668737563,0.19795548296672422,0.19115052,0.3228327471311052
2026-03-30 17:30:00,0.17145572218316069,0.21657614611477885,0.19928569865965776,0.1607026,0.3231256908770533
2026-03-30 17:35:00,0.13894856239562842,0.21657807038010202,0.20074598119040507,0.2675218,0.32657862272625204
2026-03-30 17:40:00,0.11704330907371868,0.21657320586406223,0.2008519588623414,0.22550666,0.3274357271518486
2026-03-30 17:45:00,0.0904301248259766,0.2165667317315611,0.2017126397733676,0.24153233,0.32777860175242296
2026-03-30 17:50:00,0.0931899363692107,0.2165646055882956,0.19531544163210862,0.16487804,0.3242218882550953
2026-03-30 17:55:00,0.11293737452731244,0.21656492410857675,0.1932383507195032,0.20548002,0.3213629040667349
2026-03-30 18:00:00,0.1600361221528937,0.21656415503450305,0.19255415666594386,0.18575989,0.3201587925025465
2026-03-30 18:05:00,0.1592510758004218,0.21656641006247365,0.19111482319602513,0.30064502,0.31982491956944276
2026-03-30 18:10:00,0.15220333416074608,0.21656482995218237,0.18845784320891298,0.21477598,0.3193194585822776
2026-03-30 18:15:00,0.1489938360755565,0.21657119308023856,0.1870709536453093,0.11680991,0.31814168070394144
2026-03-30 18:20:00,0.13842997805314539,0.2165700000682651,0.19112619608040804,0.1562882,0.3189088241047027
2026-03-30 18:25:00,0.0925161739414529,0.2165718271686693,0.1997321695201655,0.19171457,0.3248789067435022
2026-03-30 18:30:00,0.07704088723658804,0.21656367464277407,0.19512039206575388,0.13613738,0.32321913696739374
2026-03-30 18:35:00,0.08307318366086915,0.2165627938293972,0.1921898997435764,0.17794274,0.3207321396647288
2026-03-30 18:40:00,0.18591236988857923,0.21656358109574764,0.19096932139140016,0.24056253,0.31870033811335546
2026-03-30 18:45:00,0.20119398289828166,0.2165631104967073,0.19200641368463756,0.17783208,0.3177615676783851
2026-03-30 18:50:00,0.1909862699964449,0.21656433597412977,0.19007213308535365,0.10337337,0.31863445263568957
2026-03-30 18:55:00,0.19199431345419132,0.2165658624957866,0.18492681869128197,0.14664376,0.3172090549680941
2026-03-30 19:00:00,0.19443620353479252,0.21656562506747717,0.18601804406115813,0.16810101,0.3167373125896047
2026-03-30 19:05:00,0.10266009077731045,0.216574239993182,0.20494483369187985,0.21926859,0.3297593188110727
2026-03-30 19:10:00,0.13568967088374798,0.21656663747125185,0.2009556156420945,0.1642833,0.3290068475980316
2026-03-30 19:15:00,0.15773442847491845,0.21656247144510501,0.19527793294791573,0.1801268,0.32500164451238384
2026-03-30 19:20:00,0.16523857464184677,0.2165618322398646,0.19572636644697852,0.22250842,0.32217469759869927
2026-03-30 19:25:00,0.21831612507356557,0.21656707587669075,0.19697871104813197,0.19051677,0.32092596257925987
2026-03-30 19:30:00,0.2173890925228468,0.21656837376608473,0.18670413611974918,0.21406856,0.3190488477507172
2026-03-30 19:35:00,1.2288972242331822,0.2165752827158492,0.196786510745498,0.19999966,0.3250484119952576
2026-03-30 19:40:00,1.2264642132893222,0.21656825120862253,0.19634412323688002,0.20345977,0.3252999768309941
2026-03-30 19:45:00,1.2293122689646314,0.21656538443512366,0.19535076240023644,0.23026466,0.32362807673751814
2026-03-30 19:50:00,1.283865894263542,0.2165686943745286,0.20747508184659338,0.20394145,0.3322100335768331
2026-03-30 19:55:00,1.2864091156225868,0.21678694600324183,0.19748782226230785,0.13559131,0.32732556525665024
2026-03-31 13:30:00,0.42309645693699593,0.21695964574851598,0.399038460567259,0.28630298,0.767511240112803
2026-03-31 13:35:00,0.4240587939610858,0.21629515146578576,0.31921565841079536,0.28724378,0.6807746301833594
2026-03-31 13:40:00,0.4503217517729564,0.21628874941020093,0.32446392187421347,0.2756564,0.6107821928476771
2026-03-31 13:45:00,0.21221097252410812,0.2162938218480208,0.3512576416104851,0.2817688,0.5957232983240869
2026-03-31 13:50:00,0.2093738750102161,0.21623811976371954,0.33019735065734346,0.2847713,0.5396050116838345
2026-03-31 13:55:00,0.20705142898232945,0.21624409413336015,0.25277527626353985,0.27314678,0.49223831271612367
2026-03-31 14:00:00,0.20937579276009136,0.21624407465225776,0.2524622004606293,0.2705482,0.45362016252846044
2026-03-31 14:05:00,0.1105781929028627,0.2162529144173393,0.264715168049542,0.27542764,0.4346288088704139
2026-03-31 14:10:00,0.2106121909990908,0.21623983376586847,0.23481109559690494,0.2266176,0.4076800061309961
2026-03-31 14:15:00,0.2360396217554444,0.2162396048733849,0.2365612247929208,0.21398094,0.3878514378757824
2026-03-31 14:20:00,0.2682288868104775,0.2162447910499167,0.2336432715711578,0.23451832,0.37052390506740646
2026-03-31 14:25:00,0.2872512440306615,0.21624386255353276,0.23465495570183437,0.2295526,0.3577371784032501
2026-03-31 14:30:00,0.28491254784805076,0.21624257292902535,0.22510400987949317,0.2500913,0.34738193119062455
2026-03-31 14:35:00,0.2962817004085764,0.21624188509701223,0.24416429707936682,0.21399209,0.3549381122761107
2026-03-31 14:40:00,0.2833547384295739,0.21626886724157238,0.242882103589375,0.21320982,0.3524649189080344
2026-03-31 14:45:00,0.3285806917346434,0.2162642553618716,0.24602736470991907,0.23095341,0.3508855646517961
2026-03-31 14:50:00,0.3095801587385093,0.21627865519039272,0.24668796107391044,0.23929045,0.34770735373568457
2026-03-31 14:55:00,0.309595875948791,0.21625893664627516,0.2386420997316283,0.28036267,0.3390760139196881
2026-03-31 15:00:00,0.2862734868845248,0.21631538461963057,0.25358234539713875,0.25776017,0.35200192497242355
2026-03-31 15:05:00,0.26969376469781275,0.2162802654762704,0.24546357057299992,0.23849013,0.34674468738005354
2026-03-31 15:10:00,0.17077743102824333,0.21628514354946604,0.25745088226364293,0.29311928,0.3594654541317196
2026-03-31 15:15:00,0.17039500246811248,0.21626561357859628,0.24364826517384683,0.26848722,0.3485114240664799
2026-03-31 15:20:00,0.178677964911264,0.21626622589631386,0.21570731356074152,0.20469406,0.33969419886499186
2026-03-31 15:25:00,0.07898085012130705,0.21629633322254263,0.22515060183962032,0.2102789,0.34592349890266594
2026-03-31 15:30:00,0.1531162315399336,0.2162724813313613,0.21268551711137212,0.19036601,0.3377208089301318
2026-03-31 15:35:00,0.19454606499801141,0.21627538012299302,0.2015410277320188,0.19789284,0.3321778145789105
2026-03-31 15:40:00,0.22732195464000718,0.2162766233043589,0.20067959770933178,0.19191852,0.3276865262750723
2026-03-31 15:45:00,0.22139828139708198,0.21627832475904576,0.20315082933896278,0.19265181,0.32536893578762605
2026-03-31 15:50:00,0.22175646929729728,0.21628131054938166,0.19311269838478248,0.15780436,0.32273470760847406
2026-03-31 15:55:00,0.23108386647829868,0.21627450200053058,0.20553226174341602,0.17212588,0.3288778256486144
2026-03-31 16:00:00,0.20017747560273713,0.2162713274786858,0.20926160836142566,0.20419902,0.332682568210129
2026-03-31 16:05:00,0.16146871165643556,0.21626952288302015,0.21211038228821194,0.19084616,0.3349023195894305
2026-03-31 16:10:00,0.47997707147341817,0.21627042512072434,0.2045166017431818,0.18638813,0.3294696872903303
2026-03-31 16:15:00,0.5883365524948143,0.21627081746697818,0.20586296198803908,0.19391331,0.32589447145303224
2026-03-31 16:20:00,0.5821317448673463,0.2162793003792469,0.21476010108960808,0.19129686,0.33327077997707927
2026-03-31 16:25:00,0.5799956658489616,0.21626540331297092,0.20451760042349001,0.19766374,0.3293527889463252
2026-03-31 16:30:00,0.581704492175661,0.21626438488845215,0.19890418075639796,0.17281613,0.3254719937088912
2026-03-31 16:35:00,0.4265525946125497,0.21628139203886115,0.2610671214339413,0.316392,0.4133688849965965
2026-03-31 16:40:00,0.3528267325193837,0.21625561674239338,0.2657997409953567,0.29074332,0.4364685767119515
2026-03-31 16:45:00,0.3669869990008569,0.2161880618645739,0.2506742056391312,0.2628636,0.41399812121696605
2026-03-31 16:50:00,0.3876976047195897,0.21618409961281587,0.2415152844399454,0.2551702,0.3905544141320265
2026-03-31 16:55:00,0.3904080552625467,0.21618792002612758,0.24491406104530467,0.24123226,0.3733047523010592
2026-03-31 17:00:00,0.34891537016518914,0.216188000196909,0.2427727518468516,0.29083627,0.38009192285960147
2026-03-31 17:05:00,0.3043110303404263,0.2161572930988681,0.23945856914588975,0.2379544,0.38991403556873655
2026-03-31 17:10:00,0.3257337189863449,0.23204116280253267,0.23537363054800475,0.21499856,0.3822530523070948
2026-03-31 17:15:00,0.30180162587156323,0.2320387161711972,0.2348305397958994,0.22023293,0.3726293461756465
2026-03-31 17:20:00,0.3011888082096247,0.23203433211973193,0.23140446880416343,0.20088913,0.36037702148124784
2026-03-31 17:25:00,0.2708721824224052,0.23203470833786824,0.23241464029340475,0.23362082,0.35687686711491956
2026-03-31 17:30:00,0.24010849302015763,0.23203481736825649,0.23205623092977717,0.21995781,0.3602189799936631
2026-03-31 17:35:00,0.16723553554213383,0.23204508861737086,0.23604210695369862,0.23349911,0.3660208154986235
2026-03-31 17:40:00,0.1942946852036227,0.2320348391065519,0.2225799852813243,0.21637459,0.35340602807463445
2026-03-31 17:45:00,0.18464554902747862,0.2320352931443813,0.22499953576112333,0.22116725,0.34549770499892873
2026-03-31 17:50:00,0.19129577244093454,0.23203427690857287,0.21825788908229604,0.2194615,0.33743849973390205
2026-03-31 17:55:00,0.16900534901948586,0.2320350593106941,0.2230534786883527,0.20705105,0.3384770044903321
2026-03-31 18:00:00,0.15648699604370964,0.2320370584016609,0.21482772284794716,0.19818921,0.33606999743360505
2026-03-31 18:05:00,0.12081039593279748,0.23203461903903966,0.21815172612839204,0.20883365,0.3353504664684207
2026-03-31 18:10:00,0.16203688673566863,0.23203471222635808,0.2117816445240433,0.1959141,0.3300301084483677
2026-03-31 18:15:00,0.1608563515369056,0.23203603269787032,0.21401613002196465,0.20111418,0.3269735522090051
2026-03-31 18:20:00,0.14832058633715972,0.2320344946831769,0.21428324126975007,0.19673465,0.32674546262037235
2026-03-31 18:25:00,0.14485231708112098,0.23203428962841272,0.2070792312082268,0.17856334,0.32527309659821196
2026-03-31 18:30:00,0.1432437268990007,0.23203428058307637,0.19776152304386949,0.21705261,0.32234499107901193
2026-03-31 18:35:00,0.10153577361013098,0.23203605705732047,0.20722672521289778,0.20424506,0.32615753048144325
2026-03-31 18:40:00,0.13355225605567675,0.23203430258542987,0.2029066366298013,0.177356,0.32387735883167174
2026-03-31 18:45:00,0.17059665509859634,0.23203610303917185,0.2022303890259131,0.1660637,0.3224801215050362
2026-03-31 18:50:00,0.16364636735614066,0.23203490214546507,0.2006005272082214,0.25612298,0.32157347346135606
2026-03-31 18:55:00,0.17317026437775643,0.23203440007495785,0.19496338173893568,0.14393736,0.31933416274916837
2026-03-31 19:00:00,0.17021773791019465,0.2320402035445958,0.19312468448571635,0.1546684,0.3187409623298992
2026-03-31 19:05:00,0.14656436076915885,0.23203431217689954,0.19917088747680783,0.12714756,0.3221884792998833
2026-03-31 19:10:00,0.1426454401536986,0.23203570166415985,0.2041211842879904,0.2173207,0.3269162901549016
2026-03-31 19:15:00,0.14604375313962348,0.23203462680793993,0.1967242543851583,0.21994846,0.3237145146964034
2026-03-31 19:20:00,0.17146235457613823,0.23203571194442002,0.1982835157371394,0.23871765,0.32257291168184166
2026-03-31 19:25:00,0.2242446315276314,0.23203430108968456,0.19459771841138943,0.1639497,0.3206399679714581
2026-03-31 19:30:00,0.22514802886424126,0.2320349997502935,0.1935586150452518,0.16781293,0.31977018235513366
2026-03-31 19:35:00,0.7533203398566947,0.23203440618319376,0.19812239934405135,0.39462334,0.32457360862293816
2026-03-31 19:40:00,0.7631284103817614,0.23203549108535887,0.19368438369258129,0.17510638,0.32245512493964407
2026-03-31 19:45:00,0.8075581156536957,0.23203451917094547,0.20003602417192703,0.2801866,0.32571900060263764
2026-03-31 19:50:00,0.8018449467342845,0.23203697427655273,0.20814287105328141,0.19170734,0.33342479068910585
2026-03-31 19:55:00,0.8073237569211701,0.23221136698441525,0.2013477930954316,0.16034369,0.3295545541797942
2026-04-01 13:30:00,0.3536143586238896,0.2320985625446535,0.3088361587411739,0.29149836,0.5286224388454059
2026-04-01 13:35:00,0.3338357565361077,0.2320411072765608,0.2699051144427876,0.26921996,0.48821306645127416
2026-04-01 13:40:00,0.17569703885157603,0.2320954770192515,0.28577721643347354,0.29456174,0.47845409869043054
2026-04-01 13:45:00,0.138129316736873,0.23203918152985145,0.2739754605473795,0.2815874,0.4466799481001059
2026-04-01 13:50:00,0.08980756318199064,0.23203475473300922,0.2742668859127596,0.2924695,0.4209699633718252
2026-04-01 13:55:00,0.07293048352175963,0.23203541045646495,0.23115162660216662,0.20461674,0.397310368275827
2026-04-01 14:00:00,0.07882456995623723,0.2320415770800052,0.2294475790682372,0.23422222,0.37875271601244026
2026-04-01 14:05:00,0.10733017367091403,0.23203431349339892,0.21350471183503883,0.20406808,0.3632090069565182
2026-04-01 14:10:00,0.17880197866140174,0.2320357011489428,0.2108102248061038,0.1736109,0.351435853444438
2026-04-01 14:15:00,0.17918996971663917,0.2320342702414624,0.20590270446970746,0.22289272,0.342142318573645
2026-04-01 14:20:00,0.19584476909084228,0.232034832811604,0.2040909796983395,0.19470826,0.3349766491072344
2026-04-01 14:25:00,0.1927407172971023,0.23203554304238894,0.20755029557937762,0.18958731,0.3313497466999015
2026-04-01 14:30:00,0.17700029105184822,0.23203579726070864,0.21077709014510396,0.18748833,0.32957697567237193
2026-04-01 14:35:00,0.09999387071664013,0.2320442092571503,0.22211589201394025,0.22554088,0.3359725974773953
2026-04-01 14:40:00,0.1137019244292802,0.23203744050527111,0.2139189791030943,0.24143356,0.33045428312232095
2026-04-01 14:45:00,0.09697357966920135,0.23203923267492926,0.2192518591272608,0.20150204,0.32925472837371295
2026-04-01 14:50:00,0.09598960080680317,0.2320346099522317,0.21707073010668412,0.20822062,0.32645092404661497
2026-04-01 14:55:00,0.10407130350607724,0.23203974555620366,0.2121729774301533,0.1710084,0.3229808591825436
2026-04-01 15:00:00,0.11594592261712838,0.23203517007242652,0.2060378720326032,0.20914184,0.320445496931339
2026-04-01 15:05:00,0.10309623393676658,0.23203729334732298,0.21022682298297093,0.2546516,0.32027876862499793
2026-04-01 15:10:00,0.1257860060077462,0.23203433427225306,0.20807009331162507,0.23403095,0.3198878402161769
2026-04-01 15:15:00,0.11652994335571683,0.23203462732013966,0.20767646737978962,0.25137052,0.31935092725938413
2026-04-01 15:20:00,0.10932151353039395,0.23203625312000364,0.192972037292327,0.14638433,0.318489868788825
2026-04-01 15:25:00,0.1055271350433094,0.23203465994214684,0.19423387612486592,0.2514474,0.3184314855364411
2026-04-01 15:30:00,0.11310603155103263,0.23203426863072926,0.18735338517620453,0.15348646,0.3173309759953528
2026-04-01 15:35:00,0.06887319713714153,0.23203609782989582,0.1933221087842568,0.15657474,0.32036243595446096
2026-04-01 15:40:00,0.06775919971413873,0.23203490997092271,0.1868694505325555,0.42316124,0.3185529669197676
2026-04-01 15:45:00,0.09258247146796002,0.2320344007306507,0.18491686472551794,0.32031786,0.31705458875891024
2026-04-01 15:50:00,0.09082525159280562,0.2320382790921684,0.18746681139802507,0.19651112,0.31694307462206606
2026-04-01 15:55:00,0.09836106936262036,0.2320350261747051,0.18855424062536877,0.30880785,0.3170781050809427
2026-04-01 16:00:00,0.10448080791947342,0.23203579561274132,0.1822070897259665,0.2511329,0.31602967838621415
2026-04-01 16:05:00,0.11086734886562881,0.2320343508235722,0.1820365193250723,0.2445276,0.3152380953290169
2026-04-01 16:10:00,0.09435980055135391,0.23203553320961867,0.18790160069170972,0.12523262,0.31664685546197735
2026-04-01 16:15:00,0.09535180299395399,0.23203572092311528,0.18607050852002477,0.1317581,0.31647289484131014
2026-04-01 16:20:00,0.0750426659800967,0.23203427518094263,0.18801367069942382,0.1864265,0.31746530219266916
2026-04-01 16:25:00,0.06688132620317601,0.2320342759563615,0.18543440696794272,0.14915052,0.3169610929719965
2026-04-01 16:30:00,0.05481734284432647,0.23205658520270778,0.1861646868576973,0.14561124,0.31664545582962667
2026-04-01 16:35:00,0.09047448873944378,0.2320474419932333,0.1832709782703238,0.1788696,0.3159374447604739
2026-04-01 16:40:00,0.07985045292101133,0.23203767341416126,0.18449966866001938,0.17559402,0.3160426481016689
2026-04-01 16:45:00,0.07792021288148589,0.2320342972799229,0.1811337617766774,0.13690539,0.3153532573083573
2026-04-01 16:50:00,0.07655904526435754,0.23203441991847176,0.18022771783263913,0.14550771,0.3147865039747046
2026-04-01 16:55:00,0.07846355588798107,0.2320408890380374,0.1782620732657107,0.104167216,0.31426308918556
2026-04-01 17:00:00,0.029472314300324504,0.23204765464730226,0.18628518324125368,0.2531389,0.3168536765560105
2026-04-01 17:05:00,0.06278604940451403,0.2320373730303773,0.18015516203111936,0.12669292,0.315786637544007
2026-04-01 17:10:00,0.0663294275338893,0.22037930075320475,0.18009656132358318,0.120534584,0.31500404955258604
2026-04-01 17:15:00,0.07160421294953612,0.22037763841660646,0.1796722590790141,0.11244467,0.3144167464075897
2026-04-01 17:20:00,0.08089030235037735,0.22038065545158045,0.18071710336188218,0.09440136,0.31414166792536896
2026-04-01 17:25:00,0.078664968669873,0.22038326663220822,0.17593079646184318,0.086882226,0.3140167492044539
2026-04-01 17:30:00,0.12840195678066313,0.2203801322659864,0.18135952606525454,0.20560683,0.3152731353695271
2026-04-01 17:35:00,0.1788568766696654,0.2203773222472728,0.1794802261463187,0.08621328,0.3148593975643855
2026-04-01 17:40:00,0.17822107489057928,0.22037838472581392,0.18017095477170134,0.07935062,0.3146880351169455
2026-04-01 17:45:00,0.1760365787138702,0.2203774014342665,0.1818809729618286,0.08116521,0.31508097876347085
2026-04-01 17:50:00,0.22581782978453405,0.22037894264071153,0.1796503721876868,0.08280122,0.31453107992040946
2026-04-01 17:55:00,0.2329884287088776,0.22038390195134663,0.19221448397916624,0.2693308,0.32095609811363507
2026-04-01 18:00:00,0.1962873389159898,0.22038548304092098,0.1983015569181356,0.292436,0.3269657233524471
2026-04-01 18:05:00,0.1979656255227684,0.2203773583551659,0.19122551928454828,0.23440589,0.32362634428408765
2026-04-01 18:10:00,0.2074925993729456,0.2203780671674184,0.19137556239355158,0.21648607,0.3213509453908687
2026-04-01 18:15:00,0.16325078119215128,0.22037756016393978,0.20448460212941388,0.27220622,0.3293237635041
2026-04-01 18:20:00,0.10518625858586596,0.2203830606376259,0.20522713210482504,0.23417692,0.33343023727960147
2026-04-01 18:25:00,0.10469910679113797,0.22037719688532592,0.19439654191582417,0.21024017,0.3283524636454177
2026-04-01 18:30:00,0.10186687331352098,0.2203804206880082,0.19578298011153886,0.19780996,0.3250028274639812
2026-04-01 18:35:00,0.0963015014170065,0.22037918419126892,0.1992387041096875,0.20410992,0.3243400879801734
2026-04-01 18:40:00,0.09253135154317067,0.2203769722547825,0.19503530461054758,0.18339312,0.3232868349115288
2026-04-01 18:45:00,0.08656484629000327,0.2203782414993035,0.18815722139436367,0.14050718,0.3211494768734342
2026-04-01 18:50:00,0.10313179721327555,0.22037697010647628,0.18634846455128384,0.14755955,0.31906454425054803
2026-04-01 18:55:00,0.10213456507429429,0.2203777810995037,0.1870079399952542,0.20982519,0.3177454841648732
2026-04-01 19:00:00,0.10251503516696531,0.22038113488914202,0.1891989627440621,0.16797708,0.31837907583505304
2026-04-01 19:05:00,0.08739115109591734,0.22037762409968384,0.1886352596464145,0.14429814,0.3184825975968751
2026-04-01 19:10:00,0.0920134967928161,0.22037706369913132,0.1846233848677572,0.15759747,0.3170068244455279
2026-04-01 19:15:00,0.07254456191555908,0.22037696210034072,0.18985012787147906,0.16192994,0.317593486503851
2026-04-01 19:20:00,0.07470895564424515,0.22037743069476182,0.18710577536793244,0.24689539,0.316541377207289
2026-04-01 19:25:00,0.11759535602778233,0.22037699567017,0.1901361588502603,0.15286288,0.31752580275277387
2026-04-01 19:30:00,0.11759794330769842,0.22037955536871937,0.18546999853380666,0.17584534,0.3163641677632147
2026-04-01 19:35:00,1.2469690050463498,0.22037778321542079,0.18694222732967952,0.12672797,0.31585551304831694
2026-04-01 19:40:00,1.2758319796717585,0.2203791128692976,0.1838689452192509,0.17620781,0.3150772631186814
2026-04-01 19:45:00,1.276640113415684,0.22037938618368055,0.18452683905360873,0.12579183,0.31483125938294226
2026-04-01 19:50:00,1.2889420765898674,0.22038121657454748,0.19357364363578056,0.4348864,0.3205031965472534
2026-04-01 19:55:00,1.3120449404979926,0.22046636650636856,0.18701677854840268,0.3494093,0.3185899542017285
2026-04-02 13:30:00,0.4508359240317788,0.22068372222334612,0.40270868566385565,0.28630298,0.7783780295998575
2026-04-02 13:35:00,0.37232236566854826,0.22037696705874893,0.3408967376839248,0.28936636,0.7068291317139731
2026-04-02 13:40:00,0.38861963557351015,0.2203813991687817,0.32623034890155356,0.2924878,0.6305431698317923
2026-04-02 13:45:00,0.3291682732778651,0.22037857879119396,0.33834785799308714,0.34014857,0.578861821856228
2026-04-02 13:50:00,0.24170754565747887,0.22038280720264464,0.34360052476343483,0.28716806,0.5422486488290342
2026-04-02 13:55:00,0.19663058941409178,0.2203784951153288,0.2628735501390629,0.2767403,0.5015336467774921
2026-04-02 14:00:00,0.18341706995062868,0.22037902192164305,0.2518791342921137,0.22548352,0.46352163217168585
2026-04-02 14:05:00,0.3162747292427994,0.22038083452453408,0.2556462990836196,0.23076247,0.43569780644213063
2026-04-02 14:10:00,0.7217803522715647,0.22037734973424777,0.24430355264216524,0.2567653,0.4081159058863156
2026-04-02 14:15:00,0.7171975668214893,0.2203791859476405,0.24156545700493828,0.23547654,0.39027486941115436
2026-04-02 14:20:00,0.772786225124239,0.22037689837983224,0.23507269387862645,0.22575718,0.37368722425665696
2026-04-02 14:25:00,0.7758578248090894,0.22037697345045268,0.2335147856583073,0.23890394,0.3605188302616398
2026-04-02 14:30:00,0.7289217429535798,0.22038003750321228,0.2614367894934602,0.27565745,0.3852950432703266
2026-04-02 14:35:00,0.3358659241293296,0.22044065788390796,0.3261744734924765,0.30376047,0.5231910972880244
2026-04-02 14:40:00,0.331270905617073,0.22038019389898814,0.28641640466356094,0.3043191,0.479450097652731
2026-04-02 14:45:00,0.16371072931772157,0.2203965572272099,0.30784846548158196,0.29922628,0.47379117054743813
2026-04-02 14:50:00,0.13745294833919883,0.2203783104079644,0.29446790212514706,0.28941005,0.4411783300902611
2026-04-02 14:55:00,0.11642635011690121,0.22037829754665575,0.291519111816735,0.30297557,0.41642115906474725
2026-04-02 15:00:00,0.13529310058340627,0.22037916243765893,0.2542722595195227,0.2668895,0.3938678543352311
2026-04-02 15:05:00,0.14178929571451077,0.2203770579388255,0.2516965733715029,0.26049602,0.3750317909792205
2026-04-02 15:10:00,0.13279700699528502,0.2203769281666696,0.23948979777105217,0.2583573,0.3618391593842145
2026-04-02 15:15:00,0.13248963185870555,0.22037707446918672,0.23366056438950905,0.3067554,0.3499411063399975
2026-04-02 15:20:00,0.19537321090185183,0.22037700210660907,0.21431408456249676,0.23981753,0.34346187557448205
2026-04-02 15:25:00,0.17972862969608366,0.22037756087394733,0.21572194758474336,0.17384015,0.3397773124040196
2026-04-02 15:30:00,0.18711640296527476,0.22038011248375783,0.21356429972835184,0.20159575,0.3342456820795642
2026-04-02 15:35:00,0.1867044694842739,0.22037697747794355,0.21112111238264483,0.19135799,0.32954462694619696
2026-04-02 15:40:00,0.18894743333360015,0.22037691286133365,0.20745307290102263,0.24813083,0.3253049937020445
2026-04-02 15:45:00,0.10172787709318087,0.22038385134199906,0.2237080640633955,0.20445329,0.3351842287915951
2026-04-02 15:50:00,0.1631178415353442,0.22037690619534564,0.21455448009328532,0.20629191,0.3306762235207147
2026-04-02 15:55:00,0.14664864966249763,0.22037806899318307,0.21662097936123878,0.2142991,0.32873921397219136
2026-04-02 16:00:00,0.14473138743289543,0.22037726834489257,0.21413710061583702,0.22610958,0.32532076867144977
2026-04-02 16:05:00,0.19245795387463935,0.22037710736987676,0.21372087971512851,0.21740957,0.3225553070611521
2026-04-02 16:10:00,0.19531446540638153,0.22037770419049874,0.20609165903253363,0.23882663,0.3204913530285155
2026-04-02 16:15:00,0.20188698688631376,0.2203778309248484,0.21889538986720414,0.2170789,0.32788576447702766
2026-04-02 16:20:00,0.20183439264127037,0.22037724362234593,0.20708196930009226,0.31862876,0.32408421535285614
2026-04-02 16:25:00,0.20051893984932237,0.2203769345794498,0.19589719389026647,0.19635518,0.32154319453273816
2026-04-02 16:30:00,0.1945777006263888,0.2203787286156818,0.2075418251453012,0.20401609,0.32786931660123336
2026-04-02 16:35:00,0.19327110166835873,0.22037814732024696,0.19827493139379768,0.16335234,0.3250365359233408
2026-04-02 16:40:00,0.12758136711479764,0.22038126906116776,0.2062585840973836,0.22841698,0.332486294253904
2026-04-02 16:45:00,0.1561267801694538,0.22037692456925123,0.19639439915359133,0.13676125,0.32754159246447806
2026-04-02 16:50:00,0.1602671473064334,0.22037696655095942,0.19652310823546099,0.1672805,0.3238709781214734
2026-04-02 16:55:00,0.11103901714702546,0.22038323827424858,0.20397372071090297,0.22863448,0.3283999943434986
2026-04-02 17:00:00,0.10906862190815593,0.22037712953420516,0.19821711886629104,0.26374143,0.3251795374434244
2026-04-02 17:05:00,0.12000542531219652,0.2203769338977543,0.19035393017177304,0.2723567,0.3220387463770994
2026-04-02 17:10:00,0.07916832605882039,0.23832667683964198,0.19858823234660203,0.20757829,0.32380700953852826
2026-04-02 17:15:00,0.06994735826905821,0.23832593481319386,0.1951386045323791,0.16305886,0.3217332557380532
2026-04-02 17:20:00,0.23144889705666397,0.2383261829324518,0.1905934429293374,0.16079298,0.320067020562745
2026-04-02 17:25:00,0.23979399861841283,0.2383259476003961,0.19019923749047793,0.1692429,0.3187162742192465
2026-04-02 17:30:00,0.2344516965250174,0.2383263544971175,0.19250538107728965,0.20012113,0.31848758084627615
2026-04-02 17:35:00,0.257110483805344,0.23832595799688513,0.18430052073071101,0.15458877,0.3170069322335946
2026-04-02 17:40:00,0.25749369074342277,0.23832599246900257,0.18388884036445327,0.15506497,0.31594344830313686
2026-04-02 17:45:00,0.12912717027041665,0.23832978762412127,0.21456328945752803,0.24147962,0.3400718351615744
2026-04-02 17:50:00,0.10909428333102983,0.23832889542092278,0.20522263789164022,0.20603707,0.33569654080292666
2026-04-02 17:55:00,0.11953185618365526,0.2383272177731142,0.200207086592047,0.16958944,0.32995426232680675
2026-04-02 18:00:00,0.0612078370121211,0.2383264921140649,0.20950849424237342,0.22023249,0.33117150088863734
2026-04-02 18:05:00,0.06705963166510102,0.23832609948238448,0.20275614186550958,0.21255009,0.32667160965023223
2026-04-02 18:10:00,0.06886264953051927,0.2383272544851646,0.1916083676869695,0.24450281,0.3232837244127997
2026-04-02 18:15:00,0.1357107733378451,0.23832766526628746,0.18964184998965794,0.22092354,0.3206934031517217
2026-04-02 18:20:00,0.12891312913364042,0.23832625709420266,0.19219008847941985,0.19339596,0.3198850653507484
2026-04-02 18:25:00,0.1298621937805321,0.23832590881929624,0.18541293319183877,0.18124276,0.31835917538353975
2026-04-02 18:30:00,0.13064467541003458,0.23832602146758097,0.18536690568563594,0.110234044,0.31744286820041334
2026-04-02 18:35:00,0.12905843424468852,0.2383265111501752,0.18493626601775123,0.11457908,0.31649793040374397
2026-04-02 18:40:00,0.06993657178234086,0.23832786147359017,0.19783033076914971,0.38145167,0.32264006513065996
2026-04-02 18:45:00,0.06728960115515711,0.23832601169461665,0.1902400906260516,0.2529602,0.3204192669685405
2026-04-02 18:50:00,0.06726469179492373,0.2383261480148518,0.1905985901270417,0.1920434,0.31888475713801695
2026-04-02 18:55:00,0.058976851271005104,0.23832670178364512,0.1911408353939171,0.14520808,0.31794010903883757
2026-04-02 19:00:00,0.058980475004065176,0.2383260697778755,0.18891236231481154,0.20956399,0.3166558787281528
2026-04-02 19:05:00,0.03864068659451583,0.23832605850482244,0.1861613200829827,0.1369104,0.31672597297644756
2026-04-02 19:10:00,0.07737350155834734,0.23832635490037413,0.183828897111301,0.14134791,0.31581126115889063
2026-04-02 19:15:00,0.09142376585050357,0.23832610658108364,0.18473479409113228,0.122638725,0.3154450700729091
2026-04-02 19:20:00,0.0954592808327226,0.23832639343576134,0.182857072366859,0.121280126,0.31483330893973926
2026-04-02 19:25:00,0.16445033658667288,0.23832590049895438,0.18265993993227045,0.12879369,0.3143385788308852
2026-04-02 19:30:00,0.17561498399335268,0.23832603621308807,0.18089121679981016,0.109348744,0.3139696622782327
2026-04-02 19:35:00,0.2785763420565844,0.23832641491015188,0.1850532762719376,0.19729148,0.31609537817151834
2026-04-02 19:40:00,0.2971520218368203,0.23832597816327328,0.1853213819261501,0.22381738,0.31688544620247056
2026-04-02 19:45:00,0.296559940051255,0.2383276085254966,0.18401211789401978,0.23148713,0.3162983871424997
2026-04-02 19:50:00,0.26897830559227276,0.23832775787815333,0.19749847557619044,0.24085161,0.3246122561376602
2026-04-02 19:55:00,0.2722301851183406,0.23847303860634111,0.19393884273265005,0.16587363,0.3235802219435014
2026-04-06 13:30:00,0.20899816009795955,0.23834725539990956,0.21710837911138486,0.21717496,0.34612104886096773
2026-04-06 13:35:00,0.36169308377020165,0.23832841777979102,0.21214753883015225,0.23126172,0.3445455945875588
2026-04-06 13:40:00,0.37738247096092753,0.23832884529948425,0.20573854564491828,0.22752751,0.33695472794213405
2026-04-06 13:45:00,0.3981058265945095,0.23832922172774074,0.2051185103894024,0.19817553,0.3321122664384008
2026-04-06 13:50:00,0.3924104076732541,0.238326436678278,0.2073642159645007,0.18241869,0.33006779057592234
2026-04-06 13:55:00,0.36833618864188694,0.23833071738163897,0.20752939417868782,0.20790175,0.3361276966455014
2026-04-06 14:00:00,0.19021808762991546,0.23834272709978618,0.23593717899039682,0.2706704,0.3770921951517812
2026-04-06 14:05:00,0.15537976458375494,0.2383276243082409,0.22383223871012317,0.21731497,0.3671640758654625
2026-04-06 14:10:00,0.21851551063490032,0.23832600352142716,0.22797478435117882,0.21041292,0.3624745799034151
2026-04-06 14:15:00,0.23316349205426048,0.23832597230854657,0.22065620553754225,0.20705895,0.35093669778440534
2026-04-06 14:20:00,0.26561106972910487,0.2383269335024181,0.21987512546861826,0.19937047,0.3428575322364136
2026-04-06 14:25:00,0.275411501090575,0.23833504160487415,0.2035089452491185,0.21220236,0.33614389150965956
2026-04-06 14:30:00,0.27635550285297567,0.23836103762002017,0.1986468046622773,0.1711829,0.33036158939625937
2026-04-06 14:35:00,0.18521737403204946,0.23832770098219105,0.2184311166753504,0.19698718,0.3464518487643439
2026-04-06 14:40:00,0.16566797999723132,0.23833857777736459,0.21211356918530763,0.17532627,0.34187052394288314
2026-04-06 14:45:00,0.09978961753053331,0.23833035677817455,0.21882536045453202,0.19343588,0.34377747408437964
2026-04-06 14:50:00,0.05982396047874062,0.23832594115392214,0.21621876359094833,0.19009134,0.3394116357698132
2026-04-06 14:55:00,0.07221449266956154,0.23832650849990675,0.21236236345239531,0.17938071,0.33309393737158915
2026-04-06 15:00:00,0.0735715282307867,0.2383259950764958,0.20312131966646524,0.18585421,0.328010675993327
2026-04-06 15:05:00,0.0672021183035233,0.23832598731914417,0.20294835117549329,0.17783059,0.32461581955364277
2026-04-06 15:10:00,0.05691721246908567,0.23832597225560215,0.19721208199578655,0.2034779,0.32233119503755464
2026-04-06 15:15:00,0.05583705704251841,0.23832614162272975,0.1925582725024251,0.12854354,0.3201301569307349
2026-04-06 15:20:00,0.0630940899596384,0.2383275493449179,0.19374836891431158,0.22567628,0.31941851173143065
2026-04-06 15:25:00,0.08725487366244593,0.2383259974370324,0.19124463620253654,0.150437,0.3178335116832512
2026-04-06 15:30:00,0.08721184041426747,0.23832605742483587,0.18995704527412774,0.16063587,0.31653171469557917
2026-04-06 15:35:00,0.10423431405300498,0.23832591158120933,0.18949107698763354,0.12264929,0.31563201255733897
2026-04-06 15:40:00,0.10588634941993112,0.23832873181301603,0.18961426912272766,0.13654383,0.31506236693690937
2026-04-06 15:45:00,0.10272192497468514,0.23832590717019075,0.19208029700155782,0.1963838,0.3160958029638302
2026-04-06 15:50:00,0.08184812884572348,0.2383274577964059,0.19042134161093446,0.21870363,0.3172347248706011
2026-04-06 15:55:00,0.08526409617637706,0.23832598133595187,0.18592561668529772,0.15553051,0.3160806860247927
2026-04-06 16:00:00,0.06252430024915182,0.23832597541145428,0.19019604193850717,0.15361753,0.3169847661117257
2026-04-06 16:05:00,0.06399097361645656,0.2383259009550804,0.1881779858724215,0.15962154,0.3162508947683149
2026-04-06 16:10:00,0.04590239312332133,0.238328895936068,0.18945884712335032,0.18298535,0.31663599989844576
2026-04-06 16:15:00,0.04931719506997468,0.23832591635520528,0.18460446464996033,0.17378722,0.31564141777748156
2026-04-06 16:20:00,0.04480026400629927,0.23832590056799696,0.1861561283810598,0.31964853,0.3151888385708935
2026-04-06 16:25:00,0.06789377021301797,0.23832718880704196,0.1803565173284737,0.10275563,0.3145777801555892
2026-04-06 16:30:00,0.062151693362927675,0.23832637764674688,0.18140475067715348,0.10155366,0.3145547022210885
2026-04-06 16:35:00,0.10801182504763024,0.23832719843920047,0.17768289518415759,0.086257264,0.3143421726446353
2026-04-06 16:40:00,0.10686127406957277,0.23832591464106098,0.1770106211451312,0.08956636,0.3141010107444593
2026-04-06 16:45:00,0.2139464242944207,0.23832590035363302,0.17615150042131916,0.07121669,0.3138201685692202
2026-04-06 16:50:00,0.2181751538200704,0.23832631375738392,0.1810533072504736,0.14683028,0.31491537499633476
2026-04-06 16:55:00,0.24773707775086024,0.2383261200692976,0.17782284451001035,0.07720919,0.31441694947549553
2026-04-06 17:00:00,0.23124109604007329,0.23832652696214984,0.18783699297078416,0.12239304,0.3182829236830259
2026-04-06 17:05:00,0.2310404736670311,0.2383267800193973,0.18230553881959943,0.14179054,0.3169114486141735
2026-04-06 17:10:00,0.14099539263531063,0.2258183973200723,0.206017978805025,0.23538677,0.3332578782752434
2026-04-06 17:15:00,0.12463008966219166,0.2258143276936967,0.19873122919378633,0.20428145,0.3303430625558923
2026-04-06 17:20:00,0.06079874210795241,0.22581610781558634,0.20561633928797796,0.2688113,0.33283149203838114
2026-04-06 17:25:00,0.06669677676127159,0.22581466043159568,0.1976757570223713,0.25064436,0.3279945719374772
2026-04-06 17:30:00,0.06964652449233108,0.22581424644378165,0.1965661017306137,0.17687093,0.3241469008890118
2026-04-06 17:35:00,0.06545941742758246,0.22581428631650202,0.19043785028985033,0.19617991,0.3217643716838386
2026-04-06 17:40:00,0.09017656157462771,0.22581793740040737,0.18745318568572095,0.18209231,0.31953372291795823
2026-04-06 17:45:00,0.11936636601669014,0.22581535934298155,0.18427868217282323,0.16053279,0.31886113186615794
2026-04-06 17:50:00,0.1486800602082834,0.22581432418093025,0.18388386260703948,0.116950646,0.31789077766395785
2026-04-06 17:55:00,0.15901642681249334,0.2258155601333526,0.18320445415824832,0.1659924,0.31677863532668765
2026-04-06 18:00:00,0.15863341267445608,0.22581436352227896,0.18275705606049072,0.16339034,0.3159652789749618
2026-04-06 18:05:00,0.1515890529167686,0.22581477296982658,0.18796648284157202,0.16778488,0.31719324201988786
2026-04-06 18:10:00,0.1220277211282431,0.2258147317683939,0.19281098605069197,0.17449786,0.3202630552875411
2026-04-06 18:15:00,0.07655978831857152,0.22581595963535803,0.19619253681868096,0.18287906,0.32294908527509364
2026-04-06 18:20:00,0.05897723574849022,0.22581483459017537,0.19490390102409358,0.19205894,0.32218359736167884
2026-04-06 18:25:00,0.06054537084188218,0.22581445343409215,0.19206310165803456,0.20057057,0.319942393888115
2026-04-06 18:30:00,0.04310698879349301,0.22581427518693958,0.19315982349546038,0.20410217,0.31902450781730635
2026-04-06 18:35:00,0.043512886270411714,0.22581560789362826,0.18845105896512626,0.2418514,0.3174654133140196
2026-04-06 18:40:00,0.07351647862869118,0.2258142868545597,0.18373553699260325,0.16411883,0.3162433155862594
2026-04-06 18:45:00,0.06858700639164378,0.22581424623575838,0.1845059584347644,0.12744054,0.31596346310926815
2026-04-06 18:50:00,0.06581529837138354,0.22581452155353768,0.18337366172371616,0.11622395,0.3153917156594861
2026-04-06 18:55:00,0.06690885994803944,0.22581425036889985,0.18042533505024744,0.11834813,0.3146960968858109
2026-04-06 19:00:00,0.0671981714713838,0.2258143371249342,0.17885940222305188,0.104373366,0.3142537452770903
2026-04-06 19:05:00,0.04602584069515448,0.2258144036511416,0.1845446642697253,0.16331899,0.31567607991292507
2026-04-06 19:10:00,0.04001169147778868,0.22581446556514997,0.1805572884073931,0.10135763,0.31517726501340504
2026-04-06 19:15:00,0.04521370151703967,0.22581424359755062,0.17957942882588177,0.103174,0.31461205878641646
2026-04-06 19:20:00,0.08231553776677213,0.22581424355239701,0.17968478545896244,0.103174,0.31419075187506884
2026-04-06 19:25:00,0.10417584087376787,0.2258142441262848,0.17973692622414164,0.09801326,0.31389764448698215
2026-04-06 19:30:00,0.13125239162165547,0.22581434678845425,0.1793054675558677,0.09983582,0.31416456314321045
2026-04-06 19:35:00,0.4939436872625078,0.22581452385761813,0.17645779104682724,0.10348987,0.31378172318644637
2026-04-06 19:40:00,0.4992070112450442,0.22581424677982642,0.1783815608550282,0.11535729,0.31380428972364577
2026-04-06 19:45:00,0.49588698321122215,0.22581458767461238,0.18505849155394036,0.19646396,0.3160520303404325
2026-04-06 19:50:00,0.49534974400104076,0.22581559631335082,0.18698178483970748,0.20494074,0.31739622982868354
2026-04-06 19:55:00,0.5178378471932864,0.2258158745981757,0.1910467552200273,0.21462448,0.320049028326039
2026-04-07 13:30:00,0.3262325221949192,0.22582486959119985,0.2591991121302813,0.32855412,0.41898391023973736
2026-04-07 13:35:00,0.3279602680354572,0.2258150814636936,0.2327763095133692,0.27500466,0.3968990805106428
2026-04-07 13:40:00,0.36905286819296,0.22581490160663845,0.22996824409509725,0.25655022,0.37780291208922184
2026-04-07 13:45:00,0.36871666461488656,0.22581578344082784,0.23147113759102195,0.27621278,0.3639191365841893
2026-04-07 13:50:00,0.3345048418178292,0.2258143123941799,0.24194030305027034,0.25071043,0.3653440065017803
2026-04-07 13:55:00,0.2867914189294997,0.22581457071387265,0.23272655011813742,0.26547915,0.38162558303454336
2026-04-07 14:00:00,0.2748343963863602,0.2258173515294634,0.22159176161269276,0.22338796,0.3683083514283464
2026-04-07 14:05:00,0.21601168436451834,0.2258221952375535,0.2320545290631159,0.21111102,0.36857538886433616
2026-04-07 14:10:00,0.2118487615766898,0.22581429445428675,0.22442333414207688,0.21654049,0.35669701258962605
2026-04-07 14:15:00,0.2012313396096344,0.22581430121886623,0.22295105522795122,0.22391886,0.3488845037447116
2026-04-07 14:20:00,0.07716653233266106,0.22581853240003202,0.2270800583350508,0.21514073,0.35662072355589625
2026-04-07 14:25:00,0.10486443461547462,0.22581430567391572,0.21438377147319929,0.17858548,0.34600417962904684
2026-04-07 14:30:00,0.20900810218683047,0.2258190883613361,0.21072454767573193,0.18957987,0.338429130040347
2026-04-07 14:35:00,0.23369968026841093,0.22581563151382034,0.21071155139072476,0.19433989,0.3328586255333409
2026-04-07 14:40:00,0.2393305646509498,0.22581498741969597,0.20993666016704576,0.18981119,0.32871819546759135
2026-04-07 14:45:00,0.2570577412787967,0.2258144829999266,0.19824937505117007,0.18479954,0.32510671408423997
2026-04-07 14:50:00,0.28596515724495797,0.22581504644376363,0.20368560841722663,0.19062565,0.324638718668027
2026-04-07 14:55:00,0.2364636727246463,0.22581729798184974,0.22111401495031568,0.19717324,0.33850920433932835
2026-04-07 15:00:00,0.24381619350049488,0.22581593191498275,0.2187421397655553,0.19522691,0.338256689310922
2026-04-07 15:05:00,0.23441854960068284,0.22581431323363685,0.2161859455482434,0.19669756,0.33410080670440945
2026-04-07 15:10:00,0.21600548826169724,0.22581543942690346,0.21994833430079896,0.19460222,0.33351469377366355
2026-04-07 15:15:00,0.16852122118346313,0.22581732170847782,0.22591922018141264,0.20949969,0.33860586751307453
2026-04-07 15:20:00,0.1499875715571864,0.22581470174476892,0.21178118078302796,0.1826569,0.33616068028097357
2026-04-07 15:25:00,0.09337328060927777,0.22581569608798743,0.2152175764213607,0.20866585,0.3382251443811095
2026-04-07 15:30:00,0.12070980035320282,0.22581425563992238,0.2058903371214892,0.18159737,0.3318653217249789
2026-04-07 15:35:00,0.27287984474626203,0.2258145007930293,0.20662006197798097,0.18938564,0.327729449453553
2026-04-07 15:40:00,0.2856455770496806,0.22581521578068686,0.20260101423431812,0.1843988,0.3253066947919187
2026-04-07 15:45:00,0.2881912271316963,0.2258142613483155,0.19840230852557042,0.16508701,0.32326699926709784
2026-04-07 15:50:00,0.284020148799705,0.22581447963626144,0.19338414355986064,0.16105957,0.3218017708075648
2026-04-07 15:55:00,0.289917158090574,0.22581575309444799,0.19661783948025596,0.17886245,0.32247363384571415
2026-04-07 16:00:00,0.1519578271734154,0.2258204635535261,0.22355171160041598,0.22616076,0.349947970076037
2026-04-07 16:05:00,0.1247107955042054,0.22581608861517663,0.2148694024577202,0.20213388,0.3454870761465558
2026-04-07 16:10:00,0.14559018704242643,0.22581461529804173,0.21134687709278693,0.20544982,0.3391898430257941
2026-04-07 16:15:00,0.16295397536948028,0.22581429237069545,0.20688755967417477,0.22118384,0.3325966162476818
2026-04-07 16:20:00,0.14501994439072996,0.2258148848113169,0.21413876600218584,0.25641313,0.33219439180541666
2026-04-07 16:25:00,0.14433671265102185,0.2258142576806004,0.1967809428095861,0.21521722,0.3274432135654007
2026-04-07 16:30:00,0.15598756675890463,0.22581429602341133,0.19652207369684127,0.16159989,0.32488628946739956
2026-04-07 16:35:00,0.1527003022563784,0.22581535365630492,0.20192765736767695,0.19139357,0.32653719939177905
2026-04-07 16:40:00,0.13663909990527492,0.2258145443110227,0.2018591779509483,0.17968388,0.3257462985679134
2026-04-07 16:45:00,0.1266069877734526,0.22581529301059186,0.19829793374009969,0.23583743,0.3243275297865892
2026-04-07 16:50:00,0.12955429431168247,0.22581428094605416,0.19425414510089875,0.19254985,0.3214225157248178
2026-04-07 16:55:00,0.11049571264854931,0.2258142621295619,0.1998097098416447,0.14791779,0.3221674403907264
2026-04-07 17:00:00,0.062078332012337784,0.22581510597047297,0.2004901160277784,0.14528733,0.324014458079332
2026-04-07 17:05:00,0.14956341019975367,0.22581634022497987,0.19388455656590187,0.16001695,0.32150719715129344
2026-04-07 17:10:00,0.18158229268963014,0.22035408898834646,0.19310220100592473,0.19891371,0.31981539670428694
2026-04-07 17:15:00,0.20775059652308084,0.22035497982028188,0.19238812422229404,0.20718843,0.31843033623412825
2026-04-07 17:20:00,0.205454260436675,0.2203535628844432,0.19119884282067348,0.22337936,0.31759780890740996
2026-04-07 17:25:00,0.20625901699483484,0.22035332886413292,0.18468083415428296,0.23513703,0.3163422065127821
2026-04-07 17:30:00,0.15755664912997014,0.22035555511474483,0.20223484071269204,0.23821074,0.3252388539228388
2026-04-07 17:35:00,0.11539408190331546,0.2203544332018992,0.20338978707595806,0.33144116,0.32795115807683045
2026-04-07 17:40:00,0.06614762065304261,0.22035359578503927,0.2058356220550869,0.2040148,0.3296315496669039
2026-04-07 17:45:00,0.06615026915090128,0.22035352534330344,0.19948692716024313,0.35725778,0.32551052528522256
2026-04-07 17:50:00,0.0870055858333773,0.2203534415177421,0.1967005610880473,0.1729304,0.3224379823413864
2026-04-07 17:55:00,0.12298550550856797,0.22035334949485944,0.19337641523477572,0.16459355,0.3207334367032201
2026-04-07 18:00:00,0.12270165334438043,0.2203537703243474,0.18777447191255636,0.16666612,0.3187718921341894
2026-04-07 18:05:00,0.11408896504447436,0.22035474762637997,0.1858048245145817,0.13776615,0.3182941454352834
2026-04-07 18:10:00,0.11751456041106328,0.2203537953476465,0.18334031380046348,0.15164888,0.31700633370617903
2026-04-07 18:15:00,0.1259585226719129,0.22035332606768124,0.18820213786047532,0.23061368,0.3177240256991159
2026-04-07 18:20:00,0.10830643384347999,0.22035377956196278,0.19412056389402987,0.16014117,0.32109394031211624
2026-04-07 18:25:00,0.16529785928929366,0.22035340761195962,0.18784164924583507,0.26380894,0.31900592145966594
2026-04-07 18:30:00,0.16952066733009988,0.2203533494569145,0.18656354072199133,0.16456397,0.31741743494034763
2026-04-07 18:35:00,0.16733122288962501,0.22035341607200334,0.188430654530361,0.34101394,0.3167624493345334
2026-04-07 18:40:00,0.1557234739317457,0.2203542469820758,0.19231481368597342,0.16448401,0.31860216930777036
2026-04-07 18:45:00,0.17087262842592474,0.22035398855544433,0.19042347083700387,0.12325482,0.31962751364213543
2026-04-07 18:50:00,0.43219196595337606,0.22035455699530618,0.199505148462351,0.22986418,0.32584675543281755
2026-04-07 18:55:00,0.43744298157685396,0.22035352054374546,0.19408975010120358,0.16392997,0.3232623940056859
2026-04-07 19:00:00,0.4370607071470002,0.22035378751252993,0.19252575630290736,0.20181818,0.32075269760629144
2026-04-07 19:05:00,0.43613188139410225,0.22035365583068747,0.19321353591955745,0.14760767,0.3196414339959221
2026-04-07 19:10:00,0.42919805856603943,0.2203542787661743,0.19881117538118606,0.3330387,0.3229188979670949
2026-04-07 19:15:00,0.15468959127909712,0.22036738327049704,0.2500590427411264,0.3481031,0.3992444106839698
2026-04-07 19:20:00,0.19473775773777643,0.22035363937299865,0.2273943931084017,0.27079645,0.38155344826333426
2026-04-07 19:25:00,0.22170946052531681,0.22035341951901766,0.2218560037405502,0.25802806,0.365148715225588
2026-04-07 19:30:00,0.25394085999505517,0.22035341199059305,0.223454534661976,0.23699184,0.35292516268658947
2026-04-07 19:35:00,2.5223581730612734,0.22035389994187984,0.22500803397511432,0.28275687,0.34490842707425073
2026-04-07 19:40:00,2.521286728999288,0.22035347549359302,0.2050623981060411,0.17451702,0.3432075877762728
2026-04-07 19:45:00,2.517846643049231,0.22035660128923132,0.2110213346713517,0.19552161,0.3452844957746051
2026-04-07 19:50:00,2.5201408610629414,0.22035335499063843,0.2113608378620041,0.20548375,0.342644787051714
2026-04-07 19:55:00,2.534269527736482,0.2203812735622389,0.21609615066433385,0.23853071,0.34312134467932554
2026-04-08 13:30:00,0.3563982743449298,0.22086574587505053,0.6444596661783819,0.307933,1.4757466402466746
2026-04-08 13:35:00,0.3512664290285195,0.22035349865770668,0.4821907975254527,0.32276446,1.2835563560859657
2026-04-08 13:40:00,0.348747097008083,0.22035333259725987,0.47948244534203144,0.3409162,1.1186746971644956
2026-04-08 13:45:00,0.31450074056541316,0.22035336664415023,0.48647499325124943,0.3113765,0.9815262897890774
2026-04-08 13:50:00,0.11513375706614455,0.22035345634942044,0.49803033324490265,0.30339885,0.8777401648549643
2026-04-08 13:55:00,0.08599224871818507,0.22035533495894666,0.2941817345059447,0.22785896,0.7746939806098067
2026-04-08 14:00:00,0.10526590852601217,0.22035762099946998,0.29267892167298826,0.23273516,0.6875788719190559
2026-04-08 14:05:00,0.11696802268255932,0.22035393807824394,0.29025024951620626,0.25785387,0.6140119503963571
2026-04-08 14:10:00,0.13155840519775783,0.22035370088310718,0.28572825336210234,0.3195565,0.5527270222464615
2026-04-08 14:15:00,0.12384722897256623,0.2203575214160139,0.2708827567734098,0.29419285,0.5029759337944395
2026-04-08 14:20:00,0.12300273613791905,0.22035340975821138,0.2664647048596885,0.31514892,0.4618741707320276
2026-04-08 14:25:00,0.104912127113414,0.22035450640472806,0.27284499678402774,0.23051576,0.4315470185375239
2026-04-08 14:30:00,0.09099680544634067,0.22035335113250418,0.2719363809247828,0.3558126,0.40586327752341783
2026-04-08 14:35:00,0.1328758965413376,0.2203533510626435,0.2721365579963714,0.26339516,0.3857277745410232
2026-04-08 14:40:00,0.19024534339224727,0.22035334859234332,0.26814627552487086,0.3724508,0.3684583813354507
2026-04-08 14:45:00,0.1986065328009957,0.22035385388304565,0.26797340799064406,0.3961508,0.355052737128956
2026-04-08 14:50:00,0.19434642224996662,0.22035452413361697,0.2696995972332716,0.30335382,0.34636529291473295
2026-04-08 14:55:00,0.19297778119759107,0.22035386856751,0.26638193530175275,0.2680001,0.3384388949442015
2026-04-08 15:00:00,0.1716281448052307,0.22035584669906952,0.27578886335671954,0.24738424,0.3384211190753845
2026-04-08 15:05:00,0.15117288320103253,0.22035755097109558,0.2822590743827909,0.26079008,0.3411076552450647
2026-04-08 15:10:00,0.1554067813791089,0.22035390389488368,0.2776623078622016,0.25687352,0.33569610551707907
2026-04-08 15:15:00,0.14932652478071787,0.22035469033021135,0.27619462234931064,0.2667021,0.33086937354511076
2026-04-08 15:20:00,0.16899553304399323,0.22035426628462784,0.19945574481838088,0.16692413,0.32643662763570996
2026-04-08 15:25:00,0.1529265874590974,0.22035374028032548,0.20128415956279297,0.16478883,0.32564062321089227
2026-04-08 15:30:00,0.1064463296022189,0.22035497259147216,0.20236864165871304,0.21083947,0.3284468867502766
2026-04-08 15:35:00,0.10927496580217402,0.2203544351164907,0.19920960854641198,0.14207616,0.3268203812570223
2026-04-08 15:40:00,0.11282944663200037,0.22035348909147623,0.1899395175594764,0.31034434,0.3232541109058309
2026-04-08 15:45:00,0.08970891238239898,0.22035340418220484,0.1969787849869134,0.17732516,0.3238941194657859
2026-04-08 15:50:00,0.09001159552400627,0.22035365350492797,0.19069148150291476,0.19138652,0.3211176947238466
2026-04-08 15:55:00,0.09068008159577388,0.22035784937757102,0.18615106556621672,0.12376309,0.3189834699988653
2026-04-08 16:00:00,0.05767586992573998,0.2203555863800613,0.19126304568495278,0.11692676,0.32008438694961244
2026-04-08 16:05:00,0.07016419178626263,0.22035393545452428,0.18852034413747035,0.17840157,0.318607230646994
2026-04-08 16:10:00,0.060037928774966706,0.22035346736699757,0.18759170841614356,0.17206469,0.3180472872076072
2026-04-08 16:15:00,0.07965233721433308,0.22035424355172503,0.18519273632429276,0.19208239,0.31676880477154506
2026-04-08 16:20:00,0.080141629392635,0.22035332788532008,0.18494484956812918,0.15623409,0.3157950524079913
2026-04-08 16:25:00,0.07780666500748397,0.22035338935068596,0.18236361602297643,0.19487767,0.31518857899658853
2026-04-08 16:30:00,0.06150042155220294,0.22035495150353876,0.18557170194585992,0.17829362,0.31578515637188076
2026-04-08 16:35:00,0.057196743853680634,0.22035351937000497,0.18298265491236965,0.13247944,0.3152622105586639
2026-04-08 16:40:00,0.04415116627987181,0.22035332971140786,0.18672916153376912,0.22298467,0.31611453457897554
2026-04-08 16:45:00,0.04253657608293594,0.22035332848382827,0.1841098519401241,0.15197256,0.3153476269448174
2026-04-08 16:50:00,0.047958252238349416,0.22035378803329164,0.18216318273252663,0.18712619,0.31466318183922204
2026-04-08 16:55:00,0.08380998845670842,0.2203538238787743,0.18000162829668814,0.09676568,0.31421275765762025
2026-04-08 17:00:00,0.09094903457505563,0.2203533979959676,0.17889984121530494,0.18187752,0.31382476124978953
2026-04-08 17:05:00,0.08549827024522647,0.22035332999236526,0.18015059013418788,0.15145023,0.3143603794758551
2026-04-08 17:10:00,0.08585790250948146,0.20638000661082256,0.17791479164469878,0.1566169,0.31396749776653626
2026-04-08 17:15:00,0.09515184202547856,0.20637762166135304,0.17886591580034095,0.117624134,0.3138911374078018
2026-04-08 17:20:00,0.06934846727852387,0.20638125726541218,0.18448378343479227,0.17595999,0.31609633580639535
2026-04-08 17:25:00,0.06786290114317407,0.20642930273346202,0.18248708940457276,0.11175895,0.3158765334658636
2026-04-08 17:30:00,0.06841728248903767,0.2064007973370317,0.18138384953741224,0.12230536,0.3153859770365862
2026-04-08 17:35:00,0.09065525439015965,0.20645731508916182,0.17983474981296713,0.18159391,0.31476374654347505
2026-04-08 17:40:00,0.08455975832697472,0.2064582403444617,0.1832013478279061,0.20592543,0.31535910867583045
2026-04-08 17:45:00,0.08229840595747227,0.20645376500747506,0.17953368747705223,0.11410301,0.3149808393809783
2026-04-08 17:50:00,0.23925459478688255,0.2064573367824427,0.17947245320483957,0.08337709,0.314940526726626
2026-04-08 17:55:00,0.23940366376428548,0.20645419291181275,0.1791148287981019,0.08540401,0.31472824219901135
2026-04-08 18:00:00,0.23227636258497225,0.20646468108611643,0.18353757397842166,0.1908087,0.3161126934171409
2026-04-08 18:05:00,0.22993947179802163,0.2064561141420493,0.18128041870905395,0.10900829,0.315807512124799
2026-04-08 18:10:00,0.23359137761080934,0.2064612638551597,0.17985532511727528,0.169361,0.31511869869719666
2026-04-08 18:15:00,0.09598399364736251,0.20645119399745437,0.21187505467461873,0.21356945,0.34028267312757227
2026-04-08 18:20:00,0.09608339729838172,0.20637114158791045,0.19845963245942672,0.19326046,0.33380948715773173
2026-04-08 18:25:00,0.09500399663268116,0.206368277464816,0.1971459155596164,0.22803053,0.32868011465974645
2026-04-08 18:30:00,0.17123648315528142,0.20636997935450427,0.19591058384036647,0.183018,0.32466618251473184
2026-04-08 18:35:00,0.17373529176511,0.2063704962547502,0.19891863750634312,0.21636619,0.3226065649578829
2026-04-08 18:40:00,0.16368657522527547,0.20636822880297348,0.18968770095560877,0.19901864,0.32323583854848714
2026-04-08 18:45:00,0.19098155497357414,0.20637891799207495,0.18637130051273498,0.17746817,0.3209694327237856
2026-04-08 18:50:00,0.20683987884651756,0.20637787520228432,0.18509152661606576,0.17636666,0.31891870968842123
2026-04-08 18:55:00,0.14987267567814722,0.20638145964295382,0.201669851478537,0.36646912,0.32765442072536377
2026-04-08 19:00:00,0.14592747345415116,0.2063258789211994,0.19602037277089462,0.23003331,0.3252806283035494
2026-04-08 19:05:00,0.20129190317262055,0.20634030202211373,0.19528214622395842,0.13704541,0.32351032218674725
2026-04-08 19:10:00,0.1772311813017257,0.20655149035370476,0.20127988891475568,0.24095398,0.32607669640437575
2026-04-08 19:15:00,0.1586507723381966,0.20667333429243687,0.20144123137205738,0.34221622,0.32593688022778616
2026-04-08 19:20:00,0.1632556156417251,0.20667239646754565,0.19119272084325556,0.3146084,0.32258988154520823
2026-04-08 19:25:00,0.16653236336411237,0.20667158820661116,0.1935100459450752,0.341081,0.3208977784622885
2026-04-08 19:30:00,0.1133184667176473,0.2066821260607366,0.20656386909352445,0.22830868,0.329927710844058
2026-04-08 19:35:00,0.21002567579326273,0.20666066506650294,0.19705915218746015,0.21089762,0.3262828607014444
2026-04-08 19:40:00,0.22182262994427446,0.20667833973525473,0.19381366033626027,0.21734121,0.3229390420917032
2026-04-08 19:45:00,0.225867923303048,0.20665568070350973,0.1959378555996998,0.20475689,0.32109665605053006
2026-04-08 19:50:00,0.22017958840127488,0.20665734685440243,0.19706584267957333,0.20277637,0.32033508017906576
2026-04-08 19:55:00,0.22345095280257152,0.2192140748430653,0.19490465313569408,0.23491164,0.3220301921950515
2026-04-09 13:30:00,0.1467516270562689,0.2200836834180591,0.21120829727791127,0.15004173,0.33597373171349953
2026-04-09 13:35:00,0.12830253162565244,0.2200226482328089,0.2028796949508961,0.15835008,0.3327659140193929
2026-04-09 13:40:00,0.12780327310925335,0.22005977920425235,0.20233796346623656,0.20342849,0.3293776404881234
2026-04-09 13:45:00,0.13151072015687007,0.22035001444006996,0.19881208667789035,0.20109637,0.3252535335446242
2026-04-09 13:50:00,0.10757813431114055,0.22043988567330874,0.2048875259824352,0.193175,0.3264062219575327
2026-04-09 13:55:00,0.08964202285184972,0.2203812700135763,0.19649770484996393,0.23645979,0.32509014135506664
2026-04-09 14:00:00,0.0980943988426801,0.22039004149026686,0.19118639302043727,0.29243755,0.3220532149696123
2026-04-09 14:05:00,0.08398551760133965,0.2203888090744992,0.19408304491909745,0.29429266,0.32129375608269667
2026-04-09 14:10:00,0.09419178110589668,0.22038706103832148,0.19291719233674215,0.19804987,0.31967529576430287
2026-04-09 14:15:00,0.08335773452566649,0.2203963675746672,0.1913151358635689,0.15932967,0.3193582857593338
2026-04-09 14:20:00,0.10532388490471303,0.22041010603082115,0.18786316713201168,0.18185802,0.3180232883003675
2026-04-09 14:25:00,0.11322527934023287,0.22039196347573942,0.18958884876493348,0.16656002,0.31758093775543
2026-04-09 14:30:00,0.11276009928518288,0.22039274427823047,0.18665006481576027,0.17863923,0.3166384177541824
2026-04-09 14:35:00,0.1103375288456288,0.2203922824868431,0.18933235745125207,0.15240186,0.31714220464990733
2026-04-09 14:40:00,0.10616019142599493,0.22038438854575887,0.18685286135390242,0.15149158,0.3164796794548726
2026-04-09 14:45:00,0.12981790902536103,0.22039509828234388,0.19156832854571662,0.10704452,0.3180182437746602
2026-04-09 14:50:00,0.15710653253407444,0.2203862451069501,0.1905135190028072,0.19096135,0.3184669424630071
2026-04-09 14:55:00,0.1567108182011299,0.22040776454951988,0.18794151661767605,0.18839566,0.31724537608956804
2026-04-09 15:00:00,0.15812595593212345,0.22046990595631297,0.18964647180027466,0.15197258,0.31731410982885555
2026-04-09 15:05:00,0.2650917578052237,0.2205027174446041,0.18622268403861922,0.12090179,0.31613941312377475
2026-04-09 15:10:00,0.2453642006548567,0.22049326466763705,0.19527010862844416,0.25391746,0.32063229467681414
2026-04-09 15:15:00,0.22342248758288438,0.22049905819064633,0.1981692237851285,0.29487234,0.3243902546743786
2026-04-09 15:20:00,0.23496808845718023,0.22048479739970325,0.1903260097103402,0.32769325,0.3216153169677597
2026-04-09 15:25:00,0.24354559499455766,0.22054560472437865,0.19256077263544374,0.16181114,0.32079734670513066
2026-04-09 15:30:00,0.12615366990776158,0.22046435501031314,0.21507101900291084,0.21287067,0.34122353308966785
2026-04-09 15:35:00,0.21260458803502932,0.22038845197297782,0.200407204418018,0.20827094,0.3343210427561524
2026-04-09 15:40:00,0.21097646619812646,0.22039445755221415,0.19897887011967863,0.21078067,0.32943450305766386
2026-04-09 15:45:00,0.20371657326204365,0.22039967983035527,0.20292324310221724,0.17234173,0.32806116682397823
2026-04-09 15:50:00,0.21692499408942226,0.22040194542322597,0.20457480353926508,0.19833256,0.32767532307880287
2026-04-09 15:55:00,0.22325451970294113,0.2203994286158495,0.19163561854986472,0.12637767,0.32485087876303687
2026-04-09 16:00:00,0.14263445602044114,0.22043514032843142,0.20921479227645656,0.20746972,0.3365356476034587
2026-04-09 16:05:00,0.14468414209725794,0.2203525972083429,0.19870647283760193,0.21838957,0.33076609695510634
2026-04-09 16:10:00,0.1417857654858762,0.2203533759394126,0.20033566927315338,0.18986914,0.3275536759895499
2026-04-09 16:15:00,0.0875335785271713,0.22033436496780331,0.20602414541145225,0.21988022,0.3300673595464172
2026-04-09 16:20:00,0.06144584376809463,0.22029664578008112,0.20385626834188358,0.18680684,0.32804193866223824
2026-04-09 16:25:00,0.12840478052019466,0.22028357742903812,0.1929809814513999,0.17346875,0.32425113781729764
2026-04-09 16:30:00,0.12494464451100697,0.2202839744404208,0.1943914960429312,0.19558787,0.32180897785676765
2026-04-09 16:35:00,0.12396368090217384,0.22029188132918914,0.1947875730974051,0.20561586,0.3204236736533866
2026-04-09 16:40:00,0.13373104447656,0.22028257249065053,0.18754663910456426,0.34404212,0.3184816405946102
2026-04-09 16:45:00,0.1313407711511735,0.22028271519738757,0.1866805715011483,0.30701026,0.31740912219963807
2026-04-09 16:50:00,0.08851118237717649,0.2202715371210596,0.19869755082566173,0.33932757,0.32280001417993437
2026-04-09 16:55:00,0.09432543826010628,0.22024407142537358,0.19139653913299615,0.26475623,0.3202737652973755
2026-04-09 17:00:00,0.09493557586102702,0.22025032718271448,0.19297072300594714,0.22023372,0.3191521082289684
2026-04-09 17:05:00,0.08111763807796236,0.22024779246366472,0.1941398057338676,0.22367162,0.3188267359405483
2026-04-09 17:10:00,0.14105462969249166,0.21408869890276394,0.1913632059058658,0.21136369,0.31733973007121674
2026-04-09 17:15:00,0.13842889448738985,0.21408869890276394,0.19076732270369962,0.34125376,0.3179326652317048
2026-04-09 17:20:00,0.13641477332316188,0.21408869890276394,0.18726616584680894,0.12891448,0.3171810825437241
2026-04-09 17:25:00,0.13686379207451194,0.21408869890276394,0.18788916325897342,0.1651958,0.31690604915619885
2026-04-09 17:30:00,0.1363881299602898,0.21408869890276394,0.18466886122502763,0.13645121,0.3158964189046327
2026-04-09 17:35:00,0.22220587261486394,0.21408869890276394,0.19730821145854024,0.32124615,0.32200165282429244
2026-04-09 17:40:00,0.22276352194015434,0.21408869890276394,0.19256091280767218,0.204082,0.32102613873125607
2026-04-09 17:45:00,0.22358744354875043,0.21408869890276394,0.19044291837555766,0.19039404,0.31920639925254796
2026-04-09 17:50:00,0.21957011816422004,0.21408869890276394,0.18996176257646602,0.18700914,0.3184782592081468
2026-04-09 17:55:00,0.22849872326643297,0.21408869890276394,0.18724035813129097,0.230422,0.31700320220875383
2026-04-09 18:00:00,0.0893603092590631,0.21408869890276394,0.21110710667184826,0.29161024,0.3380701307664122
2026-04-09 18:05:00,0.07790299779587902,0.21408869890276394,0.20019395876813978,0.21800253,0.3332096637202611
2026-04-09 18:10:00,0.12426271646989061,0.21408869890276394,0.1984755394640314,0.19438398,0.3285459407267315
2026-04-09 18:15:00,0.13276559136892563,0.21408869890276394,0.19644449344176346,0.16895531,0.3245690283730108
2026-04-09 18:20:00,0.12035332752113001,0.21408869890276394,0.2012402573754351,0.20808502,0.32359782393281056
2026-04-09 18:25:00,0.12202625762294551,0.21408869890276394,0.18510019627746352,0.17808779,0.3208423047618475
2026-04-09 18:30:00,0.11797517452291335,0.21408869890276394,0.18603459269191946,0.13033937,0.3193065550740019
2026-04-09 18:35:00,0.09719463255967006,0.21408869890276394,0.1952294937112876,0.18363033,0.3229020437164826
2026-04-09 18:40:00,0.10339244306535526,0.21408869890276394,0.19172462178373922,0.16925316,0.3214441717316878
2026-04-09 18:45:00,0.09915220117773164,0.21408869890276394,0.1895084098965303,0.20658743,0.31966278714113755
2026-04-09 18:50:00,0.10946144002332457,0.21408869890276394,0.1889962956010378,0.27063355,0.3181034222268241
2026-04-09 18:55:00,0.11368000910176258,0.21408869890276394,0.1877110601712522,0.30461442,0.31675905396409276
2026-04-09 19:00:00,0.08416607566026137,0.21408869890276394,0.19076326742150373,0.17003112,0.31873976430860806
2026-04-09 19:05:00,0.07918110538441267,0.21408869890276394,0.1901194616576501,0.15361753,0.3189783321244957
2026-04-09 19:10:00,0.07915722001513827,0.21408869890276394,0.18594369929571378,0.1513708,0.31737699401986796
2026-04-09 19:15:00,0.06233204211051061,0.21408869890276394,0.19009080888352314,0.17342201,0.31750818814081805
2026-04-09 19:20:00,0.0657788862364972,0.21408869890276394,0.1892472902090107,0.19421937,0.3168017821469961
2026-04-09 19:25:00,0.08813247470698649,0.21408869890276394,0.18403290877051415,0.14006582,0.31575547876966475
2026-04-09 19:30:00,0.11937695388586492,0.21408869890276394,0.18676542498411658,0.14978641,0.3163412994471224
2026-04-09 19:35:00,0.20094875667099718,0.21408869890276394,0.18342977712103056,0.14017344,0.3154056027346421
2026-04-09 19:40:00,0.20328859247742484,0.21408869890276394,0.182655943798287,0.12184045,0.3148068383602197
2026-04-09 19:45:00,0.20043936902394527,0.21408869890276394,0.1846680952096654,0.11877378,0.31501984789566145
2026-04-09 19:50:00,0.19802272079558922,0.21408869890276394,0.18509411355774102,0.28205636,0.31621443432972
2026-04-09 19:55:00,0.1789492024009264,0.21408869890276394,0.19077686107654462,0.19535112,0.32001933809009014
2026-04-10 13:30:00,0.07724057996345764,0.21408869890276394,0.20408770090204456,0.20318499,0.331338211670701
2026-04-10 13:35:00,0.07439029317360468,0.21408869890276394,0.1958020368308909,0.18479267,0.3272281047682684
2026-04-10 13:40:00,0.07239594207284879,0.21408869890276394,0.19423254019321468,0.2460586,0.3237169652879882
2026-04-10 13:45:00,0.11148575116340066,0.21408869890276394,0.19634750326464828,0.19160658,0.3221928384135862
2026-04-10 13:50:00,0.10367069709774855,0.21408869890276394,0.1943540666846608,0.18251282,0.3207725324764867
2026-04-10 13:55:00,0.10413587236834947,0.21408869890276394,0.1824687605870724,0.15272188,0.3187547859045808
2026-04-10 14:00:00,0.10173983570386401,0.21408869890276394,0.18330791940363506,0.12895073,0.31757136182312545
2026-04-10 14:05:00,0.10169417171078628,0.21408869890276394,0.18157609291391488,0.18616083,0.31633053126348043
2026-04-10 14:10:00,0.02765695966008096,0.21408869890276394,0.1919079400405691,0.13885805,0.3203859808751123
2026-04-10 14:15:00,0.08239080599776227,0.21408869890276394,0.1857351717055121,0.2056828,0.31855974651542807
2026-04-10 14:20:00,0.08425850758482524,0.21408869890276394,0.1851968210768576,0.1902738,0.3171497418613139
2026-04-10 14:25:00,0.08360476799036222,0.21408869890276394,0.18486205391596497,0.22362776,0.31611815801652443
2026-04-10 14:30:00,0.11619796868056152,0.21408869890276394,0.18407208470521794,0.17997931,0.3152411141532738
2026-04-10 14:35:00,0.12056571659170902,0.21408869890276394,0.17795213636328186,0.1461694,0.31463760817416087
2026-04-10 14:40:00,0.10094918092498743,0.21408869890276394,0.18769816700925646,0.16312395,0.3173940371080963
2026-04-10 14:45:00,0.1012747244141366,0.21408869890276394,0.18406126249516683,0.14047946,0.31644038357708437
2026-04-10 14:50:00,0.10084756629683675,0.21408869890276394,0.18304181279399134,0.20503977,0.31553194150459596
2026-04-10 14:55:00,0.08319906432609477,0.21408869890276394,0.19103625216132183,0.2103426,0.31817562953442
2026-04-10 15:00:00,0.12897267768110404,0.21408869890276394,0.18833291794034188,0.24946596,0.31736160245048745
2026-04-10 15:05:00,0.1346999093041687,0.21408869890276394,0.1873470195231503,0.16475753,0.31716791882827433
2026-04-10 15:10:00,0.14448537194247468,0.21408869890276394,0.185806200519395,0.22440329,0.3163057991823492
2026-04-10 15:15:00,0.14446476934893016,0.21408869890276394,0.18385754125977974,0.13230105,0.315386692879308
2026-04-10 15:20:00,0.13726489395970823,0.21408869890276394,0.18401241070155072,0.25954148,0.3163906892820103
2026-04-10 15:25:00,0.11344202065971251,0.21408869890276394,0.1919731337547829,0.31129253,0.3210275118539031
2026-04-10 15:30:00,0.1066232553408639,0.21408869890276394,0.1896811095622993,0.21611252,0.32067306438130533
2026-04-10 15:35:00,0.0933360465639154,0.21408869890276394,0.1904982646109058,0.22636588,0.3203244303531886
2026-04-10 15:40:00,0.09409993198757807,0.21408869890276394,0.1867536708841043,0.20874059,0.3183863666643352
2026-04-10 15:45:00,0.12050393459868414,0.21408869890276394,0.18833618137351144,0.22324215,0.31757275899860177
2026-04-10 15:50:00,0.09976839881445157,0.21408869890276394,0.18890270971736758,0.21909569,0.31883969028733505
2026-04-10 15:55:00,0.08977538112366994,0.21408869890276394,0.18673437282433294,0.13915779,0.3182736357538654
2026-04-10 16:00:00,0.10043019386828853,0.21408869890276394,0.18359483798638143,0.120420136,0.31716967392112294
2026-04-10 16:05:00,0.10175213143601321,0.21408869890276394,0.18281506897408817,0.12534826,0.31610252743322703
2026-04-10 16:10:00,0.07345088273358157,0.21408869890276394,0.19036804874767205,0.20237349,0.3187970765301216
2026-04-10 16:15:00,0.0934429058857,0.21408869890276394,0.18418966156144584,0.19923827,0.31739790588011013
2026-04-10 16:20:00,0.12344739705034405,0.21408869890276394,0.1826364426056903,0.2117536,0.3162198757713505
2026-04-10 16:25:00,0.12003684868534888,0.21408869890276394,0.18670895075570876,0.14198546,0.31668826109549536
2026-04-10 16:30:00,0.11829460955469834,0.21408869890276394,0.1843060449030137,0.20804115,0.3158819626186222
2026-04-10 16:35:00,0.14955108603600858,0.21408869890276394,0.1835398151367437,0.123053305,0.3160741675871995
2026-04-10 16:40:00,0.13776887448728684,0.21408869890276394,0.18663311361882878,0.12626278,0.31709462046373793
2026-04-10 16:45:00,0.11489678206048633,0.21408869890276394,0.1906238018597957,0.14114776,0.3193502665513069
2026-04-10 16:50:00,0.10749015674861953,0.21408869890276394,0.18781370865175048,0.18357697,0.31858949686481236
2026-04-10 16:55:00,0.11103459115246915,0.21408869890276394,0.18485657469305836,0.22183995,0.31708637624757924
2026-04-10 17:00:00,0.049923078733271904,0.21408869890276394,0.19488846242144306,0.24304132,0.32126879459495744
2026-04-10 17:05:00,0.05378887586179671,0.21408869890276394,0.18816484588347845,0.26754254,0.31922137734728123
2026-04-10 17:10:00,0.0503541879440403,0.18245495365488917,0.18678941667955032,0.25919253,0.31795805997022863
2026-04-10 17:15:00,0.05606124361801365,0.18245495365488917,0.18436465885936912,0.17252636,0.31670090842437865
2026-04-10 17:20:00,0.049815721283146985,0.18245495365488917,0.18544828630738266,0.16280629,0.3160777272667201
2026-04-10 17:25:00,0.058332934983288946,0.18245495365488917,0.17951354127028324,0.16337278,0.3154599321363616
2026-04-10 17:30:00,0.05295773292265054,0.18245495365488917,0.1801492741287015,0.15079501,0.31509111512488835
2026-04-10 17:35:00,0.07703786815783281,0.18245495365488917,0.1794392059977003,0.21363631,0.3146923811194404
2026-04-10 17:40:00,0.07215571562518357,0.18245495365488917,0.1800807602572805,0.11373785,0.31458173948982443
2026-04-10 17:45:00,0.07443998249598742,0.18245495365488917,0.17824403883159814,0.124909945,0.3141548911752909
2026-04-10 17:50:00,0.08284359807435455,0.18245495365488917,0.18082675507482787,0.11323886,0.3145082126127963
2026-04-10 17:55:00,0.08245060045546626,0.18245495365488917,0.17838069591035086,0.13167815,0.3140706656488418
2026-04-10 18:00:00,0.05846191546575337,0.18245495365488917,0.18362227527942426,0.1888006,0.3155623522206966
2026-04-10 18:05:00,0.058460295915530466,0.18245495365488917,0.17967671708819136,0.12596391,0.31485047095806773
2026-04-10 18:10:00,0.05768062424541394,0.18245495365488917,0.18084900212857896,0.09539494,0.3145295855541044
2026-04-10 18:15:00,0.032924169987895734,0.18245495365488917,0.18365380092299458,0.20547298,0.31547394669469275
2026-04-10 18:20:00,0.034492448956498584,0.18245495365488917,0.18013214286780777,0.20198597,0.3147564953790835
2026-04-10 18:25:00,0.03875412199057899,0.18245495365488917,0.17871836756511816,0.088858664,0.31431288753051506
2026-04-10 18:30:00,0.038161448567262723,0.18245495365488917,0.17797687386554625,0.09911693,0.3139193185993851
2026-04-10 18:35:00,0.05159695832212864,0.18245495365488917,0.17804683997719942,0.09888798,0.3137892159455801
2026-04-10 18:40:00,0.04663780413068091,0.18245495365488917,0.17594168760154133,0.057153597,0.31375575886260804
2026-04-10 18:45:00,0.07264109062651698,0.18245495365488917,0.1753010880744387,0.06766838,0.31353164795939903
2026-04-10 18:50:00,0.07060174993413441,0.18245495365488917,0.1751957387196605,0.056288496,0.3135641130097547
2026-04-10 18:55:00,0.07732292479361182,0.18245495365488917,0.17382589714073884,0.061951444,0.3133379719134743
2026-04-10 19:00:00,0.0663974116591194,0.18245495365488917,0.17756662647634677,0.07530443,0.31398669000016194
2026-04-10 19:05:00,0.07612506641724667,0.18245495365488917,0.17449915942354016,0.075467676,0.31364826943995877
2026-04-10 19:10:00,0.06903249004802675,0.18245495365488917,0.18084749409152856,0.21818493,0.3150689011486431
2026-04-10 19:15:00,0.0678585544363599,0.18245495365488917,0.1777748380400237,0.077895924,0.31455606464405805
2026-04-10 19:20:00,0.07199100723271243,0.18245495365488917,0.17958933600595497,0.11108873,0.314594956109399
2026-04-10 19:25:00,0.07199194132536557,0.18245495365488917,0.17655726675432848,0.116867006,0.3141021626500189
2026-04-10 19:30:00,0.09488637839593327,0.18245495365488917,0.17988245899957178,0.084610954,0.31445754288476274
2026-04-10 19:35:00,0.2835255147133508,0.18245495365488917,0.1801656203047906,0.14263527,0.3151334878249833
2026-04-10 19:40:00,0.28585695824576146,0.18245495365488917,0.17715579126600028,0.083403096,0.3145204746707092
2026-04-10 19:45:00,0.2860834316093117,0.18245495365488917,0.17997789613910714,0.088738814,0.32782919150484663
2026-04-10 19:50:00,0.3923339965743682,0.18245495365488917,0.176942824438128,0.11961118,0.32717754054984993
2026-04-10 19:55:00,0.38611583559807916,0.18245495365488917,0.1843354235470997,0.20621502,0.32945320349353563
2026-04-13 13:30:00,0.315319290030235,0.18245495365488917,0.21977990172007783,0.23408341,0.3658489277824513
2026-04-13 13:35:00,0.318637313732114,0.18245495365488917,0.20421842000370327,0.19914474,0.35866276946293485
2026-04-13 13:40:00,0.3160277187609176,0.18245495365488917,0.20463487985273074,0.21153879,0.3529781951960291
2026-04-13 13:45:00,0.17208090588014321,0.18245495365488917,0.23263551186565187,0.24184793,0.3823311268076183
2026-04-13 13:50:00,0.1712742713694026,0.18245495365488917,0.21541853352628765,0.24381337,0.3716994106297062
2026-04-13 13:55:00,0.10204447403268738,0.18245495365488917,0.22173579406471083,0.25951448,0.37422437279171444
2026-04-13 14:00:00,0.08425875222110434,0.18245495365488917,0.2131908818267436,0.24724051,0.3665286978963771
2026-04-13 14:05:00,0.08812698330818235,0.18245495365488917,0.20817192394964049,0.22471787,0.3585752343858043
2026-04-13 14:10:00,0.08487605998725571,0.18245495365488917,0.19893227191169216,0.17699884,0.352963123416159
2026-04-13 14:15:00,0.10906080775457841,0.18245495365488917,0.19577546282142005,0.24775061,0.34752679216598903
2026-04-13 14:20:00,0.10019195188853773,0.18245495365488917,0.19549501235325417,0.15242401,0.34561717182566576
2026-04-13 14:25:00,0.12499963393348451,0.18245495365488917,0.18853102864061771,0.21276356,0.34159685972250037
2026-04-13 14:30:00,0.13590751869290635,0.18245495365488917,0.1901623132945266,0.15486617,0.3386402341113006
2026-04-13 14:35:00,0.1705538536005907,0.18245495365488917,0.19070721441063473,0.21388204,0.3365372104867044
2026-04-13 14:40:00,0.15866100102688988,0.18245495365488917,0.1960299755777467,0.16011688,0.3366928640642459
2026-04-13 14:45:00,0.14855291141937005,0.18245495365488917,0.19409498405134384,0.16416578,0.33594953958338075
2026-04-13 14:50:00,0.13669609596249604,0.18245495365488917,0.19820131815005027,0.14627224,0.3367249807109363
2026-04-13 14:55:00,0.12303798638878952,0.18245495365488917,0.19769264756709748,0.1722484,0.336207278418421
2026-04-13 15:00:00,0.060702460717743184,0.18245495365488917,0.20555198487009732,0.23241949,0.3401292514233184
2026-04-13 15:05:00,0.05342822926451493,0.18245495365488917,0.19709931168702136,0.17676951,0.337530734961686
2026-04-13 15:10:00,0.08962695501110471,0.18245495365488917,0.19389377379476125,0.19485635,0.3349911085595534
2026-04-13 15:15:00,0.10029729588031037,0.18245495365488917,0.19690187182290503,0.16085464,0.3341795264792482
2026-04-13 15:20:00,0.10037344100438685,0.18245495365488917,0.18986199816169055,0.2300622,0.33229034894827275
2026-04-13 15:25:00,0.10008414289445168,0.18245495365488917,0.18590577824569288,0.27972874,0.3309860191944407
2026-04-13 15:30:00,0.10201561218668796,0.18245495365488917,0.1838587367089131,0.22302924,0.32972967424359495
2026-04-13 15:35:00,0.08239163115612433,0.18245495365488917,0.1911060453284819,0.1518885,0.3314788888046791
2026-04-13 15:40:00,0.08965562956221296,0.18245495365488917,0.19163432371414862,0.13829817,0.332440613500684
2026-04-13 15:45:00,0.09232273890246673,0.18245495365488917,0.18510214794094304,0.14337179,0.3308991297664659
2026-04-13 15:50:00,0.10218213727402425,0.18245495365488917,0.1861745517149521,0.15638685,0.3298372910409923
2026-04-13 15:55:00,0.12591677294674944,0.18245495365488917,0.18649634396674583,0.15439731,0.32901612942215774
2026-04-13 16:00:00,0.1547746213159616,0.18245495365488917,0.18655198894534675,0.14569701,0.32897648628723003
2026-04-13 16:05:00,0.1354879490551264,0.18245495365488917,0.19070737746361377,0.18105115,0.3311108977313535
2026-04-13 16:10:00,0.13491071806378557,0.18245495365488917,0.1858910295892251,0.15230015,0.3300894503690777
2026-04-13 16:15:00,0.1265789271269579,0.18245495365488917,0.1891667354123181,0.14729871,0.3302129343690574
2026-04-13 16:20:00,0.1238881465745833,0.18245495365488917,0.19411227832433922,0.18698624,0.3322042597015258
2026-04-13 16:25:00,0.07620127472021736,0.18245495365488917,0.19900546643576528,0.34666774,0.335812845575502
2026-04-13 16:30:00,0.08091830324823204,0.18245495365488917,0.1885357347261936,0.27520588,0.33361397641036844
2026-04-13 16:35:00,0.08248801221418049,0.18245495365488917,0.1896023178560346,0.1979203,0.33201814617112446
2026-04-13 16:40:00,0.08908268256995923,0.18245495365488917,0.18782256648337858,0.21746628,0.33059714546392116
2026-04-13 16:45:00,0.053628778489884406,0.18245495365488917,0.19338331684978383,0.17887893,0.33215239885230907
2026-04-13 16:50:00,0.0647304648745537,0.18245495365488917,0.18311039100549525,0.16578227,0.33072221202908925
2026-04-13 16:55:00,0.07140144290905659,0.18245495365488917,0.1850166209916139,0.15019919,0.3299140042976207
2026-04-13 17:00:00,0.07247725004801596,0.18245495365488917,0.18490828130170012,0.19827418,0.32918241437696544
2026-04-13 17:05:00,0.06617332344816663,0.18245495365488917,0.1863849456003338,0.20325962,0.3289262412750079
2026-04-13 17:10:00,0.06668944959100476,0.1741270142478133,0.18098008626982412,0.14010683,0.3281132979834405
2026-04-13 17:15:00,0.056664739963583496,0.1741270142478133,0.1845856448784758,0.13887955,0.3281852964710456
2026-04-13 17:20:00,0.04148424415237903,0.1741270142478133,0.185516929906499,0.12558953,0.32836765318748773
2026-04-13 17:25:00,0.03506912253726637,0.1741270142478133,0.18417571476378317,0.16960543,0.32802548121073577
2026-04-13 17:30:00,0.030020982974655545,0.1741270142478133,0.18260919109763257,0.11550381,0.3275293301558413
2026-04-13 17:35:00,0.04549817712680732,0.1741270142478133,0.18211585097283245,0.10442875,0.3270296328234021
2026-04-13 17:40:00,0.0457351160571432,0.1741270142478133,0.18137120057746875,0.09988735,0.3266512567520718
2026-04-13 17:45:00,0.044755523542418504,0.1741270142478133,0.17996644428605357,0.09545733,0.326336578129525
2026-04-13 17:50:00,0.04289128621305584,0.1741270142478133,0.17961332536361474,0.09606108,0.3261332839966753
2026-04-13 17:55:00,0.045442951651465675,0.1741270142478133,0.17784892881839315,0.08226205,0.3258352423031707
2026-04-13 18:00:00,0.02688709302825829,0.1741270142478133,0.18210730095963865,0.1020974,0.32630432817169586
2026-04-13 18:05:00,0.03218307455696589,0.1741270142478133,0.18003575282586315,0.1416967,0.32608173650388117
2026-04-13 18:10:00,0.0326797837077558,0.1741270142478133,0.17912879441110244,0.08770093,0.3258322934574624
2026-04-13 18:15:00,0.03996059843907685,0.1741270142478133,0.178356019208685,0.07153623,0.32564089434214943
2026-04-13 18:20:00,0.05839930429931394,0.1741270142478133,0.1790733773392201,0.078199446,0.32556286459756634
2026-04-13 18:25:00,0.0696958938402856,0.1741270142478133,0.17599505372820085,0.06576422,0.3253599110714677
2026-04-13 18:30:00,0.06632017221560145,0.1741270142478133,0.17860429608778094,0.08761996,0.325494896907954
2026-04-13 18:35:00,0.06619247747730983,0.1741270142478133,0.17711849378873037,0.07116383,0.32537966678699665
2026-04-13 18:40:00,0.06252880787867994,0.1741270142478133,0.17908257823495485,0.083351575,0.3255649874906057
2026-04-13 18:45:00,0.04500004101848422,0.1741270142478133,0.18267418974311436,0.14132592,0.32648323675516006
2026-04-13 18:50:00,0.04562443528773364,0.1741270142478133,0.18303606458389837,0.13032804,0.3268790565173836
2026-04-13 18:55:00,0.0636212354303866,0.1741270142478133,0.17998577366985194,0.1269138,0.32646321589228017
2026-04-13 19:00:00,0.06301139001169848,0.1741270142478133,0.18011305649627343,0.10796441,0.3261462402475651
2026-04-13 19:05:00,0.07518299196099462,0.1741270142478133,0.1798952019392629,0.114462405,0.325923407375303
2026-04-13 19:10:00,0.07483817753993205,0.1741270142478133,0.17825399112053697,0.085884824,0.3257505584848283
2026-04-13 19:15:00,0.06400931924628615,0.1741270142478133,0.18071174852892716,0.08467809,0.32632391203365435
2026-04-13 19:20:00,0.04821639379483086,0.1741270142478133,0.18305334399856363,0.15222214,0.3270800977152356
2026-04-13 19:25:00,0.23702051062738996,0.1741270142478133,0.17938291807963982,0.11274481,0.32659897923649245
2026-04-13 19:30:00,0.23858641728499225,0.1741270142478133,0.1839904513103953,0.15618645,0.3271940489786962
2026-04-13 19:35:00,0.43122684860429195,0.1741270142478133,0.1810323955818377,0.13734667,0.3267408253621853
2026-04-13 19:40:00,0.4385588027502287,0.1741270142478133,0.17904765663960653,0.1269673,0.32630392740149144
2026-04-13 19:45:00,0.45315156072299123,0.1741270142478133,0.17918688645399455,0.09557066,0.3261070408072205
2026-04-13 19:50:00,0.38924908393166463,0.1741270142478133,0.2185107512554268,0.15208635,0.3537700700719741
2026-04-13 19:55:00,0.3866901286040972,0.1741270142478133,0.20189640714991228,0.29617092,0.3494545883498683
2026-04-14 13:30:00,0.14353506143973715,0.1741270142478133,0.25104850090152964,0.41381618,0.4053771476909619
2026-04-14 13:35:00,0.12098550394089862,0.1741270142478133,0.22583322773182546,0.32920602,0.39346414777726185
2026-04-14 13:40:00,0.11468080125394851,0.1741270142478133,0.23068820515031674,0.31715903,0.3868275539801746
2026-04-14 13:45:00,0.13536934348775007,0.1741270142478133,0.2151463456429277,0.19629201,0.3752639132757314
2026-04-14 13:50:00,0.13681764684093478,0.1741270142478133,0.21648509383612052,0.20389602,0.36600968131670253
2026-04-14 13:55:00,0.13722370920580398,0.1741270142478133,0.1944132167483051,0.19613755,0.35824352006065596
2026-04-14 14:00:00,0.1384689836358679,0.1741270142478133,0.19288152458120353,0.2299024,0.351987757401567
2026-04-14 14:05:00,0.08714237292830772,0.1741270142478133,0.20075562429215948,0.22582634,0.35264505403644014
2026-04-14 14:10:00,0.04917614459328615,0.1741270142478133,0.19926452961656071,0.16048758,0.3498732848883878
2026-04-14 14:15:00,0.03792473633878207,0.1741270142478133,0.1956398317255618,0.15895672,0.34548812393456496
2026-04-14 14:20:00,0.07426234399569588,0.1741270142478133,0.19446993723106926,0.17212093,0.3415967223360929
2026-04-14 14:25:00,0.08388283607325178,0.1741270142478133,0.1953977762819602,0.17163944,0.33865853198262064
2026-04-14 14:30:00,0.08401749892267277,0.1741270142478133,0.18977715621415098,0.15802632,0.33601208488398854
2026-04-14 14:35:00,0.09422007600326113,0.1741270142478133,0.18576271494891328,0.0997052,0.33378977921174935
2026-04-14 14:40:00,0.10075937637986279,0.1741270142478133,0.1845367967248454,0.08054727,0.3319840465694224
2026-04-14 14:45:00,0.07564467683565973,0.1741270142478133,0.19344998546983336,0.13187373,0.33286929590247316
2026-04-14 14:50:00,0.10537925491483466,0.1741270142478133,0.19254596401026564,0.19795603,0.3324360438515029
2026-04-14 14:55:00,0.11457073308596129,0.1741270142478133,0.18960251180406862,0.22399524,0.33101202189507517
2026-04-14 15:00:00,0.11626871917716113,0.1741270142478133,0.19308498206929942,0.16240357,0.33073698370906063
2026-04-14 15:05:00,0.11497523085769776,0.1741270142478133,0.19300638571614998,0.1608189,0.3302105658651052
2026-04-14 15:10:00,0.11928161439425895,0.1741270142478133,0.18633406103620626,0.15336946,0.3290883095694761
2026-04-14 15:15:00,0.08318565262017727,0.1741270142478133,0.19711742191771275,0.123576075,0.332277810471471
2026-04-14 15:20:00,0.0699763673020016,0.1741270142478133,0.1904636021434638,0.17546572,0.3319605850972755
2026-04-14 15:25:00,0.06391434143280351,0.1741270142478133,0.19044008477799487,0.15410183,0.3317056950571799
2026-04-14 15:30:00,0.07357015088608244,0.1741270142478133,0.1882966034475757,0.20404087,0.3308281469428495
2026-04-14 15:35:00,0.07387699368060456,0.1741270142478133,0.18871693918822258,0.22842588,0.330123871969642
2026-04-14 15:40:00,0.07151207933240585,0.1741270142478133,0.18434655572664174,0.21858978,0.329207105302162
2026-04-14 15:45:00,0.07002949022070797,0.1741270142478133,0.18292579661943367,0.21564502,0.32841751076834635
2026-04-14 15:50:00,0.06886822938366104,0.1741270142478133,0.18452617858744957,0.13887955,0.32843447761249733
2026-04-14 15:55:00,0.05764410338396931,0.1741270142478133,0.18583859166359945,0.15041468,0.3289174285946993
2026-04-14 16:00:00,0.05042994889667366,0.1741270142478133,0.18416308579110222,0.122694135,0.328616072973106
2026-04-14 16:05:00,0.06408622625025263,0.1741270142478133,0.18114895991507776,0.14325383,0.32781224086921984
2026-04-14 16:10:00,0.06506360729247658,0.1741270142478133,0.18133684598890606,0.11974739,0.32718549417126463
2026-04-14 16:15:00,0.05508475351270642,0.1741270142478133,0.1840169049312206,0.113551825,0.32736168373942454
2026-04-14 16:20:00,0.04968666803657292,0.1741270142478133,0.18253836417381022,0.100037806,0.32729586299967744
2026-04-14 16:25:00,0.08358147707774047,0.1741270142478133,0.18064685299534788,0.11052689,0.32689696832100723
2026-04-14 16:30:00,0.07802674172978599,0.1741270142478133,0.18406827105369006,0.098663084,0.3272770906591725
2026-04-14 16:35:00,0.08295704477711031,0.1741270142478133,0.18143281181827317,0.09594759,0.3268244318352832
2026-04-14 16:40:00,0.08239078358976688,0.1741270142478133,0.1801653997438416,0.11530922,0.32642569678460476
2026-04-14 16:45:00,0.08164691744180248,0.1741270142478133,0.18050479284419102,0.10896538,0.32624100181459964
2026-04-14 16:50:00,0.07740876395733828,0.1741270142478133,0.1883269447249843,0.17340003,0.32848587903927357
2026-04-14 16:55:00,0.07923124640380814,0.1741270142478133,0.1837836182386162,0.12488515,0.3280660694622986
2026-04-14 17:00:00,0.07691394404841481,0.1741270142478133,0.18473827227962583,0.1495128,0.32788428395820746
2026-04-14 17:05:00,0.08550815802696397,0.1741270142478133,0.18160371211171297,0.15950668,0.327225045999195
2026-04-14 17:10:00,0.08467602660695289,0.15779926994956717,0.18254139605126166,0.12539428,0.3268156250683238
2026-04-14 17:15:00,0.05643647490890181,0.15779926994956717,0.1868554576572723,0.15640885,0.32858124276900674
2026-04-14 17:20:00,0.04736884641391287,0.15779926994956717,0.18392500456111685,0.12011695,0.32829590663062436
2026-04-14 17:25:00,0.05874595201722437,0.15779926994956717,0.1830926430148385,0.13808092,0.32787383397180503
2026-04-14 17:30:00,0.04552276746352556,0.15779926994956717,0.1851182344170102,0.1539103,0.32796813786992735
2026-04-14 17:35:00,0.047535122697834636,0.15779926994956717,0.18242128972727756,0.20030046,0.327335120908895
2026-04-14 17:40:00,0.04611551910776893,0.15779926994956717,0.18007076762378085,0.07927221,0.3268518493620917
2026-04-14 17:45:00,0.06258531649617464,0.15779926994956717,0.1784490530966623,0.089983165,0.32640272415363497
2026-04-14 17:50:00,0.0973402893944423,0.15779926994956717,0.18304585291767508,0.122584574,0.3270088462414495
2026-04-14 17:55:00,0.13411983797230534,0.15779926994956717,0.17840892092113209,0.10790874,0.32653220738402644
2026-04-14 18:00:00,0.13952345907857888,0.15779926994956717,0.1796740068512464,0.09772392,0.32628504650673956
2026-04-14 18:05:00,0.13975018760412058,0.15779926994956717,0.1779159973401865,0.10513598,0.32593827438727435
2026-04-14 18:10:00,0.14138040908168523,0.15779926994956717,0.1833712375315073,0.13348085,0.3266385703534067
2026-04-14 18:15:00,0.12616746897751824,0.15779926994956717,0.19089020238519522,0.15855417,0.33017959782912437
2026-04-14 18:20:00,0.08964026929955196,0.15779926994956717,0.1951084822023909,0.20476893,0.3336078623538918
2026-04-14 18:25:00,0.08538858435403124,0.15779926994956717,0.19096604918507862,0.20838602,0.3327505744663781
2026-04-14 18:30:00,0.08706393186880743,0.15779926994956717,0.18782953562527985,0.1895204,0.3311636873298667
2026-04-14 18:35:00,0.09666612247208357,0.15779926994956717,0.19175981935902095,0.21529025,0.3310639112847148
2026-04-14 18:40:00,0.08186018347128005,0.15779926994956717,0.19126530586360613,0.19176583,0.3315314212128556
2026-04-14 18:45:00,0.07991166840809477,0.15779926994956717,0.18512077540699234,0.15132111,0.3304995023690041
2026-04-14 18:50:00,0.07731107586314359,0.15779926994956717,0.18532605032077906,0.14721547,0.3298603225638567
2026-04-14 18:55:00,0.09415814447930757,0.15779926994956717,0.1842809078477445,0.14654323,0.32899557370836835
2026-04-14 19:00:00,0.0737148978192395,0.15779926994956717,0.18947187611492988,0.1636916,0.3302721703319287
2026-04-14 19:05:00,0.07934083617643499,0.15779926994956717,0.18447429328060266,0.14740466,0.32948683160775744
2026-04-14 19:10:00,0.09218190855134892,0.15779926994956717,0.18361248191979326,0.10930579,0.3286894314445613
2026-04-14 19:15:00,0.09588435100940124,0.15779926994956717,0.18394911835232824,0.12647216,0.328189544723434
2026-04-14 19:20:00,0.07720840413025043,0.15779926994956717,0.18852899476613963,0.15013118,0.32920631238956016
2026-04-14 19:25:00,0.10477685393406966,0.15779926994956717,0.18375512609029385,0.12848264,0.3286035207471441
2026-04-14 19:30:00,0.1581178043266805,0.15779926994956717,0.18565597750985166,0.124362744,0.32861086967115694
2026-04-14 19:35:00,0.24588681666317583,0.15779926994956717,0.18797227723771615,0.19419007,0.3291688080885519
2026-04-14 19:40:00,0.25487746364722735,0.15779926994956717,0.1869299561753165,0.15348965,0.3289474873034902
2026-04-14 19:45:00,0.3726082207280648,0.15779926994956717,0.18221939054579422,0.15504697,0.3280782296702277
2026-04-14 19:50:00,0.3760907592687408,0.15779926994956717,0.19157842324818525,0.16128424,0.3303880536058365
2026-04-14 19:55:00,0.3548349700350638,0.15779926994956717,0.20151784186791588,0.30244997,0.3374503782058661
2026-04-15 13:30:00,0.31131052620703825,0.15779926994956717,0.21699416231804466,0.21726125,0.35436238371783285
2026-04-15 13:35:00,0.3076495760435512,0.15779926994956717,0.20668180914709514,0.22379929,0.3515408504970015
2026-04-15 13:40:00,0.1464983135312249,0.15779926994956717,0.2369778310309626,0.33122557,0.3821003572718967
2026-04-15 13:45:00,0.13453159870184137,0.15779926994956717,0.22059752426398382,0.17551166,0.37522072191845635
2026-04-15 13:50:00,0.1346260859980933,0.15779926994956717,0.21030875726562587,0.21700211,0.36567568053797755
2026-04-15 13:55:00,0.14180176556569277,0.15779926994956717,0.21550122147898346,0.213551,0.36226299192818273
2026-04-15 14:00:00,0.13530183000303786,0.15779926994956717,0.21188894081617748,0.22434048,0.35681149186262034
2026-04-15 14:05:00,0.14575387174054621,0.15779926994956717,0.19475941777998806,0.19096072,0.3509636447622316
2026-04-15 14:10:00,0.144781675071602,0.15779926994956717,0.19783709758788903,0.15374991,0.3483258924936559
2026-04-15 14:15:00,0.177098844420129,0.15779926994956717,0.1918230224101011,0.18039078,0.3437275026574454
2026-04-15 14:20:00,0.14827940193253325,0.15779926994956717,0.20189266404038922,0.19178706,0.3456428006691278
2026-04-15 14:25:00,0.14910959453166805,0.15779926994956717,0.19547128520872514,0.1549713,0.34243226673328514
2026-04-15 14:30:00,0.1364114829304446,0.15779926994956717,0.19819448910929785,0.18836898,0.34082560791811745
2026-04-15 14:35:00,0.12092675510940246,0.15779926994956717,0.19888724121736745,0.17107205,0.34002426682540987
2026-04-15 14:40:00,0.07268589682040454,0.15779926994956717,0.20507160398289942,0.20415373,0.3424073373846389
2026-04-15 14:45:00,0.10879943871559693,0.15779926994956717,0.1968211393438494,0.16895066,0.3397591197003479
2026-04-15 14:50:00,0.09966251382308156,0.15779926994956717,0.19730389768512285,0.17551522,0.3378142081504614
2026-04-15 14:55:00,0.0996446000987945,0.15779926994956717,0.19226942645681327,0.1736492,0.3352138480936776
2026-04-15 15:00:00,0.09668569843423308,0.15779926994956717,0.19290265220598343,0.19919012,0.3334272935129457
2026-04-15 15:05:00,0.11231542205645373,0.15779926994956717,0.189519756361604,0.13590762,0.332252321694416
2026-04-15 15:10:00,0.07231000032823316,0.15779926994956717,0.19806457407428812,0.14010839,0.33505679896569956
2026-04-15 15:15:00,0.08482642274864646,0.15779926994956717,0.18931355868985017,0.18881893,0.33302583506975625
2026-04-15 15:20:00,0.0848109437651777,0.15779926994956717,0.1877842586479674,0.23907267,0.33135389780660357
2026-04-15 15:25:00,0.08992259543588156,0.15779926994956717,0.18750862272729485,0.25390878,0.330013672002916
2026-04-15 15:30:00,0.06810955765392175,0.15779926994956717,0.19254580251186137,0.12467526,0.3312562344525554
2026-04-15 15:35:00,0.06251067968118611,0.15779926994956717,0.18524293590166857,0.19048123,0.33034643313291345
2026-04-15 15:40:00,0.06842913994343566,0.15779926994956717,0.1880120073983491,0.21661313,0.3302887595806687
2026-04-15 15:45:00,0.06895105884763902,0.15779926994956717,0.1835883676957012,0.19328846,0.3291519209206294
2026-04-15 15:50:00,0.06894823031092054,0.15779926994956717,0.1865937339654947,0.16821007,0.3287243219966363
2026-04-15 15:55:00,0.06773072403078148,0.15779926994956717,0.18470146452652164,0.13888875,0.3283821685179036
2026-04-15 16:00:00,0.08938777248475556,0.15779926994956717,0.1818757575950582,0.11808269,0.32764772738335524
2026-04-15 16:05:00,0.0733454571468808,0.15779926994956717,0.18677885749231699,0.1407205,0.3285458655882242
2026-04-15 16:10:00,0.07397837364755724,0.15779926994956717,0.18220341745903376,0.18351778,0.327791068577559
2026-04-15 16:15:00,0.13074979358472283,0.15779926994956717,0.18416438874319108,0.16653852,0.32763366593931303
2026-04-15 16:20:00,0.1338400845253987,0.15779926994956717,0.18365136855070152,0.13970868,0.32741876502786016
2026-04-15 16:25:00,0.14004899269093812,0.15779926994956717,0.18841950341548172,0.19176535,0.3287056796428494
2026-04-15 16:30:00,0.14885113040459694,0.15779926994956717,0.18234411883687326,0.12549366,0.3279900802440604
2026-04-15 16:35:00,0.16536204612536812,0.15779926994956717,0.1821845887681496,0.11405189,0.32739539717383825
2026-04-15 16:40:00,0.12443195588117047,0.15779926994956717,0.19691470334450484,0.35011277,0.33352032793618913
2026-04-15 16:45:00,0.11831732357802131,0.15779926994956717,0.1905238049817412,0.20454398,0.3325767762544551
2026-04-15 16:50:00,0.09587470350364695,0.15779926994956717,0.19429000619254874,0.24771369,0.33372538838443033
2026-04-15 16:55:00,0.08027273613995353,0.15779926994956717,0.1933333460707189,0.20117415,0.3333714735522391
2026-04-15 17:00:00,0.03789927791804735,0.15779926994956717,0.1965720458101032,0.27405894,0.3344651525157319
2026-04-15 17:05:00,0.05971282222300349,0.15779926994956717,0.1886267651934178,0.1942098,0.3328636446096811
2026-04-15 17:10:00,0.062350818779753236,0.11965965990844314,0.1864951435296125,0.24334162,0.3312603626578663
2026-04-15 17:15:00,0.06500241809983913,0.11965965990610966,0.1854869685573837,0.19890174,0.3301173949663627
2026-04-15 17:20:00,0.0663439705618914,0.11965965990514613,0.18218281971577827,0.14501545,0.32901318498859916
2026-04-15 17:25:00,0.0686994140866004,0.11965965990355559,0.1801988416062655,0.11979002,0.32831323755848146
2026-04-15 17:30:00,0.05754238952120662,0.11965965990461601,0.18532268199790544,0.14719054,0.3290668207043586
2026-04-15 17:35:00,0.0931816139521333,0.11965965990545628,0.18250528065450916,0.16730389,0.3283823257362014
2026-04-15 17:40:00,0.09035237014047481,0.11965965990515125,0.1833095931324953,0.12734869,0.3279888956585251
2026-04-15 17:45:00,0.09452934474174425,0.11965965990631036,0.18219055561036307,0.12616841,0.3273994314375763
2026-04-15 17:50:00,0.0912217232930398,0.11965965990427678,0.1835910427241565,0.14236784,0.32719066087914866
2026-04-15 17:55:00,0.0851695767753999,0.11965965990695614,0.1836123107893701,0.10994247,0.3274126817929733
2026-04-15 18:00:00,0.03857672342358124,0.11965965991348498,0.19059399176964337,0.18740708,0.3299398120236642
2026-04-15 18:05:00,0.08411677811570424,0.1196596599132673,0.1844486216394891,0.20207731,0.32895960667829804
2026-04-15 18:10:00,0.07832866798737395,0.11965965991707558,0.1864881337887185,0.17909658,0.32859292445229926
2026-04-15 18:15:00,0.08038867536301005,0.11965965991573206,0.18383826459608127,0.1719631,0.32781674054911913
2026-04-15 18:20:00,0.09586292509234083,0.11965965990416469,0.18431464436993536,0.19228405,0.32733901492494955
2026-04-15 18:25:00,0.10195128935831467,0.11965965990356897,0.1787114115016663,0.106094606,0.32678433877107715
2026-04-15 18:30:00,0.070883568731026,0.11965965990556379,0.18925823063111238,0.18869819,0.32943313697097154
2026-04-15 18:35:00,0.07211458035226073,0.11965965990444874,0.18188230861968036,0.128703,0.3284680556760128
2026-04-15 18:40:00,0.0713605477011887,0.11965965990288988,0.18333338663317672,0.11122384,0.3278924435341981
2026-04-15 18:45:00,0.07067199724520469,0.11965965990406599,0.18802600682159923,0.17388307,0.3288655634828105
2026-04-15 18:50:00,0.06617374452526897,0.1196596599040493,0.1864008661401632,0.15862289,0.32865600748591345
2026-04-15 18:55:00,0.0677135093151571,0.11965965990400546,0.18226526943871021,0.15493268,0.32804629936467705
2026-04-15 19:00:00,0.07167871685241053,0.11965965990265601,0.18181962450161054,0.12632802,0.3274497943587852
2026-04-15 19:05:00,0.06982840186350582,0.1196596599025794,0.18201476020852334,0.13499571,0.32701772082181974
2026-04-15 19:10:00,0.07903699053454612,0.11965965990732351,0.18565962916482212,0.16383104,0.3281149774117469
2026-04-15 19:15:00,0.07520634270431274,0.11965965990730874,0.18249159483072125,0.15055996,0.32772376513031554
2026-04-15 19:20:00,0.07130361795694931,0.11965965990641307,0.18248977635441038,0.16490486,0.32740984730685113
2026-04-15 19:25:00,0.08025255367540436,0.11965965990656624,0.18312224150777007,0.12658693,0.3272374445343357
2026-04-15 19:30:00,0.08031673983951933,0.11965965990291436,0.18066012346586377,0.14506839,0.3267061944822602
2026-04-15 19:35:00,0.17880096337595297,0.11965965990060128,0.1875603622559029,0.13158439,0.3286029779375661
2026-04-15 19:40:00,0.18903475776187595,0.1196596599015912,0.18107466717846463,0.14186622,0.3277972426792836
2026-04-15 19:45:00,0.19113223355610717,0.11965965990205954,0.18105100319390283,0.1336163,0.32716064776171966
2026-04-15 19:50:00,0.1879832632893666,0.11965965988585754,0.18545819539306552,0.1353074,0.3277684150123835
2026-04-15 19:55:00,0.32555624911697667,0.11965965989901886,0.18159948242838425,0.1126618,0.32713759575566076
2026-04-16 13:30:00,0.2950417367090802,0.11965965989344492,0.2073636947062209,0.23095112,0.34235469218920733
2026-04-16 13:35:00,0.2891898552744807,0.11965965988019762,0.19805772659992774,0.16258605,0.3408307804411241
2026-04-16 13:40:00,0.29074782410928524,0.11965965981072871,0.19521206273307695,0.15637767,0.338071140011569
2026-04-16 13:45:00,0.2891978773811377,0.1196596598074452,0.19510784879514592,0.16246796,0.3358893997168667
2026-04-16 13:50:00,0.15401209800523655,0.11965965988202966,0.23124535253449252,0.26720503,0.36912462080734937
2026-04-16 13:55:00,0.1140277805084022,0.1196596598862458,0.21387852288495793,0.27088135,0.36596648607194787
2026-04-16 14:00:00,0.11391467539425629,0.1196596598790116,0.20538591448899293,0.20122065,0.3582586648378677
2026-04-16 14:05:00,0.10917835016277463,0.11965965987921962,0.20761256094887232,0.21323596,0.3526539511265272
2026-04-16 14:10:00,0.11533557333718716,0.11965965987723501,0.20365468577786677,0.26586682,0.3472300114972138
2026-04-16 14:15:00,0.08068169294666604,0.11965965989516536,0.20172097174324755,0.20472454,0.3483127750961307
2026-04-16 14:20:00,0.10227694280411032,0.11965965988119187,0.18985592402795437,0.2586289,0.34379876988539554
2026-04-16 14:25:00,0.10215037243620191,0.11965965987905965,0.19024501600710414,0.28075638,0.34021155595781816
2026-04-16 14:30:00,0.10058324851184104,0.11965965988017203,0.19050158513928783,0.22594227,0.3374914347609959
2026-04-16 14:35:00,0.12678881227760802,0.11965965987415016,0.19212430378532758,0.23238401,0.3356764762405706
2026-04-16 14:40:00,0.12672291495012666,0.11965965986876098,0.191584586559107,0.31350458,0.3355730570131714
2026-04-16 14:45:00,0.1259369821640102,0.11965965987052685,0.19368717056239537,0.23414236,0.3355832287023442
2026-04-16 14:50:00,0.12516351126130867,0.119659659865586,0.18929709315900312,0.25905555,0.33356607909956487
2026-04-16 14:55:00,0.12962508573198908,0.11965965986662712,0.18918857996642974,0.27528745,0.33196948236607127
2026-04-16 15:00:00,0.1543079585848111,0.11965965987502913,0.19790747221623417,0.22368073,0.3343961605798434
2026-04-16 15:05:00,0.14860793077067397,0.11965965986314328,0.1958738662092373,0.23299213,0.3345393255369911
2026-04-16 15:10:00,0.15732513495664718,0.11965965986123199,0.19584864176669958,0.18942319,0.33465129020020984
2026-04-16 15:15:00,0.1626111789911354,0.11965965986221365,0.1908761624967164,0.21706833,0.3327127388800319
2026-04-16 15:20:00,0.15930231247053178,0.11965965986368407,0.19316040537908047,0.18211119,0.331887797531966
2026-04-16 15:25:00,0.12456912726960487,0.11965965987297963,0.20316465325432082,0.27967143,0.3380078736707421
2026-04-16 15:30:00,0.13630489078703698,0.11965965987995598,0.19594304461958728,0.20271057,0.3365290309296977
2026-04-16 15:35:00,0.11272308525131514,0.11965965988072133,0.20003485872479906,0.20188387,0.3376404933330256
2026-04-16 15:40:00,0.1052624616883663,0.11965965988665521,0.1947739915561786,0.20020984,0.3360106347462863
2026-04-16 15:45:00,0.10504196227781981,0.11965965988566662,0.19205397534060772,0.24106176,0.33397514366881337
2026-04-16 15:50:00,0.08781114461949056,0.11965965989286327,0.1935167400249768,0.16948754,0.3344911556596498
2026-04-16 15:55:00,0.09074764783163417,0.11965965989010191,0.1951978297900071,0.1743191,0.33531818046111667
2026-04-16 16:00:00,0.08921585345573442,0.11965965988855903,0.18892809292053844,0.17254429,0.3335842916644759
2026-04-16 16:05:00,0.16285585497916846,0.11965965988734811,0.18655050610409596,0.18331029,0.3318882844192147
2026-04-16 16:10:00,0.18163533251076888,0.11965965988718792,0.18713492397537593,0.190642,0.33063391265551806
2026-04-16 16:15:00,0.18178083459764374,0.11965965988724858,0.1870527942727399,0.17453012,0.33005221171909493
2026-04-16 16:20:00,0.16512807923040101,0.1196596598893944,0.19141392262492984,0.14764374,0.3320566348321379
2026-04-16 16:25:00,0.17859124499438897,0.11965965988971758,0.1861482313403586,0.18171641,0.33081511311483863
2026-04-16 16:30:00,0.11581891111101462,0.1196596599018722,0.20384685963724586,0.22001295,0.3394469428991081
2026-04-16 16:35:00,0.08644592001641568,0.11965965992770275,0.2005426431067987,0.20183526,0.3400928047616305
2026-04-16 16:40:00,0.07910624371858954,0.11965965991012809,0.19614389056252807,0.19767788,0.337686656860534
2026-04-16 16:45:00,0.10985430570236521,0.11965965990570872,0.19189566783510195,0.23385201,0.3351196638669926
2026-04-16 16:50:00,0.0841675039680347,0.11965965990562148,0.19916039769248484,0.19603547,0.33571850217098137
2026-04-16 16:55:00,0.11803449185711071,0.11965965990360304,0.18838532527275492,0.22990264,0.33364988656601857
2026-04-16 17:00:00,0.11430797687167829,0.11965965990071341,0.18704325429051263,0.16635272,0.33233073676647884
2026-04-16 17:05:00,0.11536057416201809,0.11965965989937657,0.18381167194009637,0.13484246,0.33079469489015384
2026-04-16 17:10:00,0.09018087368889093,0.11395300907477267,0.19355184850182489,0.15097639,0.33266519607847733
2026-04-16 17:15:00,0.10473636448640751,0.1139529872421686,0.18461675542913622,0.20764755,0.33111454013595215
2026-04-16 17:20:00,0.06402713838820213,0.11395299751248088,0.19465745697507572,0.32804006,0.33358626579678025
2026-04-16 17:25:00,0.08010532861192307,0.11395299538803477,0.1867810799475522,0.19803007,0.33181974211343196
2026-04-16 17:30:00,0.10953603441762895,0.11395299009522403,0.18774151635287462,0.23099484,0.33051278236263826
2026-04-16 17:35:00,0.1069501506617473,0.11395299357209673,0.1864832515477748,0.16471663,0.3296837879016657
2026-04-16 17:40:00,0.11573190056732355,0.11395299109110137,0.19034323112109247,0.17294466,0.33023718954788855
2026-04-16 17:45:00,0.12574510981157278,0.1139529872846227,0.1829395488008324,0.116609246,0.32922943064848986
2026-04-16 17:50:00,0.11798408181705848,0.11395298730560123,0.187524614916968,0.14487827,0.32956003694459496
2026-04-16 17:55:00,0.11485914809675887,0.11395304368749956,0.19290881224480103,0.1289377,0.3316787959463027
2026-04-16 18:00:00,0.11531384445635248,0.11395298701837261,0.18650212939712946,0.1730365,0.3303212007474199
2026-04-16 18:05:00,0.1346004876544249,0.1139530118082092,0.19298809226675903,0.21229741,0.3317878171251312
2026-04-16 18:10:00,0.12611045558615905,0.11395299178252248,0.1920150809242315,0.19165877,0.33176304285154135
2026-04-16 18:15:00,0.1264904732776251,0.11395299077451984,0.18854927347286457,0.29755482,0.33058033353450733
2026-04-16 18:20:00,0.10448984154069571,0.11395299997014592,0.19236551091984122,0.16100693,0.3321045068423529
2026-04-16 18:25:00,0.1055564202911021,0.11395300686284837,0.18679381028397424,0.20744072,0.33071927561144515
2026-04-16 18:30:00,0.039932448203904666,0.11395301214045764,0.19669161513483632,0.18412076,0.3346549342243922
2026-04-16 18:35:00,0.05200620819663904,0.11395299093797456,0.18872873082223907,0.1750018,0.33288996070584426
2026-04-16 18:40:00,0.049939999301469626,0.11395298944821748,0.18882836885528959,0.22485657,0.3315371163152788
2026-04-16 18:45:00,0.050084474201483195,0.11395299071775931,0.18510736238785155,0.12711312,0.3301638474759264
2026-04-16 18:50:00,0.05971099063527591,0.11395299096634592,0.18670626783622085,0.14148411,0.3292800017961929
2026-04-16 18:55:00,0.05858780169898152,0.11395298699902903,0.18025955124731888,0.098314166,0.32842936121020794
2026-04-16 19:00:00,0.04731359012938125,0.11395298826766857,0.18356818879435874,0.12920247,0.3284849879987474
2026-04-16 19:05:00,0.05283384403284092,0.11395299012612076,0.18147581149997669,0.15694124,0.3278874694514859
2026-04-16 19:10:00,0.06597927865325266,0.11395298920210263,0.17995195125923413,0.10272315,0.3272407774621209
2026-04-16 19:15:00,0.055070211919739355,0.11395298749391393,0.1839167286871716,0.117939964,0.3275052536646802
2026-04-16 19:20:00,0.07220698407608736,0.11395298963138957,0.1807520124239287,0.1333741,0.32693393314841884
2026-04-16 19:25:00,0.06979450315661985,0.11395298760058133,0.18095121191198052,0.11507997,0.3266445289281954
2026-04-16 19:30:00,0.06463770644730528,0.11395300937387981,0.1823868106881807,0.09811976,0.3267107196482347
2026-04-16 19:35:00,0.7725981557387084,0.11395299089574545,0.18453260886326553,0.10605249,0.3271402304959707
2026-04-16 19:40:00,0.7726502200129054,0.11395298771423343,0.1809488292140258,0.0827895,0.3267127783988118
2026-04-16 19:45:00,0.7712489839043564,0.11395298700184212,0.18543125505572647,0.13465798,0.327475269618559
2026-04-16 19:50:00,0.7713200270040546,0.11395298707789811,0.1809731862871472,0.14858676,0.32689360168018655
2026-04-16 19:55:00,0.776721335785752,0.11395307248017233,0.1814486013844539,0.110735856,0.32653590062279647
2026-04-17 13:30:00,0.12805034927058273,0.11395468028478033,0.32598766363234477,0.29706684,0.5621347433479631
2026-04-17 13:35:00,0.1471021393099706,0.11395298740465017,0.25575569777138213,0.2836845,0.5235181615180743
2026-04-17 13:40:00,0.15233285889593226,0.11395299035500693,0.2547701206038284,0.2642842,0.49034537743032713
2026-04-17 13:45:00,0.15197259027016266,0.11395314628752247,0.25510022872248256,0.28852645,0.46209802115091264
2026-04-17 13:50:00,0.12348486979502603,0.11395298734211348,0.2631802288569604,0.24836533,0.4415622848714983
2026-04-17 13:55:00,0.09804161722730953,0.11395301382444464,0.20609559881934944,0.18536311,0.4239323899959551
2026-04-17 14:00:00,0.06441422981661314,0.11395298959770353,0.20669555503757792,0.19463415,0.4084352552173762
2026-04-17 14:05:00,0.13841083045695246,0.11395299080930739,0.2040220333861382,0.18602633,0.3938616121753929
2026-04-17 14:10:00,0.14096537830961092,0.11395301400154459,0.2003779489529767,0.2383247,0.3810470698573416
2026-04-17 14:15:00,0.15721309254807836,0.11395299098614882,0.2002598880537155,0.2137724,0.3708091212830532
2026-04-17 14:20:00,0.1605712207761057,0.1139529884549649,0.19948588913334578,0.18813105,0.3629253871889124
2026-04-17 14:25:00,0.16871965997539154,0.11395298929885998,0.19307477809594664,0.16282442,0.3556141373437744
2026-04-17 14:30:00,0.12187485318722927,0.11395305445927126,0.21126894296325036,0.2193092,0.3579256817588162
2026-04-17 14:35:00,0.12323077541654004,0.11395299019585949,0.20197977887998392,0.18522477,0.3518805228893599
2026-04-17 14:40:00,0.10101928856249145,0.1139529872554857,0.20791381500122996,0.1911967,0.3494197793028398
2026-04-17 14:45:00,0.12551394722064368,0.11395299021901482,0.2062723312028949,0.20176882,0.3460608065980447
2026-04-17 14:50:00,0.11477323561617132,0.11395298973499529,0.20687466631796417,0.20232658,0.34327168891704024
2026-04-17 14:55:00,0.11099069703335897,0.11395303529495066,0.20307071138080396,0.20200208,0.34117958090150924
2026-04-17 15:00:00,0.1079778202912174,0.11395298925928501,0.20110702376645936,0.2126581,0.3384737351985484
2026-04-17 15:05:00,0.13668664352454338,0.11395299064714733,0.19838112070874098,0.2129563,0.33604698898315716
2026-04-17 15:10:00,0.10139125222513924,0.11395300331358905,0.20690491369057598,0.14663935,0.33819614371141615
2026-04-17 15:15:00,0.1505492601131777,0.11395299304831151,0.19848863137955863,0.20426089,0.3355843284359895
2026-04-17 15:20:00,0.15213606137438834,0.11395305455526439,0.19039839169937733,0.17806964,0.334550994234221
2026-04-17 15:25:00,0.15556233115714577,0.11395298882869664,0.18765376280086496,0.19944398,0.3327849906872431
2026-04-17 15:30:00,0.13692784980317063,0.11395298708403703,0.1967147241791145,0.2433817,0.3351834632805217
2026-04-17 15:35:00,0.1520458824285226,0.11395299109254058,0.18565159545660542,0.18985833,0.3330896135514856
2026-04-17 15:40:00,0.10322707889235927,0.11395300744011358,0.20035254663429924,0.34481275,0.3379953517916913
2026-04-17 15:45:00,0.09428484995788558,0.11395298759598856,0.19469449515152532,0.19055894,0.33674016468547585
2026-04-17 15:50:00,0.08767077787490771,0.11395298993522769,0.19360021853152726,0.22056624,0.3351032955074312
2026-04-17 15:55:00,0.0810944987449463,0.11395300019495667,0.19277981892154547,0.18520996,0.3341632830071646
2026-04-17 16:00:00,0.04704877967992973,0.11395300222974039,0.19608933518004418,0.24815576,0.3345787362145338
2026-04-17 16:05:00,0.07188259618341904,0.11395298868554975,0.18631351654735123,0.1284169,0.3326277534662801
2026-04-17 16:10:00,0.06928241729954343,0.11395298705016513,0.18759163273123913,0.15789565,0.3314953433723413
2026-04-17 16:15:00,0.06960537464753971,0.11395299600663705,0.18571453251021242,0.18365785,0.33024819493440233
2026-04-17 16:20:00,0.06165808093042387,0.11395299404401389,0.18610972524190006,0.1386142,0.32967783472674383
2026-04-17 16:25:00,0.06274023669025644,0.11395303467825377,0.18036636833980343,0.1467121,0.3286643933061804
2026-04-17 16:30:00,0.0410294527852811,0.11395298890075022,0.18726060351164217,0.1420094,0.3294580021248779
2026-04-17 16:35:00,0.041033975411861774,0.11395299504983744,0.1839275083689266,0.12148729,0.3287545508335561
2026-04-17 16:40:00,0.09804438254416867,0.11395298734234127,0.18332814812372553,0.14411844,0.32807156190687253
2026-04-17 16:45:00,0.10107362173765405,0.1139529999199233,0.18106476423562284,0.11280214,0.32737188591185373
2026-04-17 16:50:00,0.11241138802014036,0.11395298703219527,0.1820975926593419,0.109494865,0.32688649979730616
2026-04-17 16:55:00,0.21791167294128666,0.11395298701407551,0.18164821540869971,0.108535185,0.3268254138777105
2026-04-17 17:00:00,0.22168113480183302,0.11395298800847785,0.18081655579778258,0.10920413,0.32664430030819985
2026-04-17 17:05:00,0.202389211372128,0.11395298749329717,0.19251038183426364,0.13486888,0.33063630293857854
2026-04-17 17:10:00,0.202853349508162,0.12002366102672989,0.18656372241266408,0.1507723,0.3297538773199817
2026-04-17 17:15:00,0.1975668723435401,0.12002366102672989,0.19007213409565432,0.17257433,0.3300933857889844
2026-04-17 17:20:00,0.09767661179751351,0.12002366102672989,0.2132346405432811,0.29044324,0.3475535641491811
2026-04-17 17:25:00,0.08715959286912972,0.12002366102672989,0.20041938479417148,0.19272234,0.3441976408735779
2026-04-17 17:30:00,0.09409312135431289,0.12002366102672989,0.1944733149545476,0.27165273,0.3403851007937392
2026-04-17 17:35:00,0.09722256606213098,0.12002366102672989,0.19653719981824724,0.1558628,0.3376997155803289
2026-04-17 17:40:00,0.11412951807933894,0.12002366102672989,0.19538194931811784,0.22420585,0.33535187774593067
2026-04-17 17:45:00,0.08517000405696995,0.12002366102672989,0.19212607567480178,0.19226311,0.3364410596874623
2026-04-17 17:50:00,0.0884884597364941,0.12002366102672989,0.185153383938901,0.19223563,0.33421731334335836
2026-04-17 17:55:00,0.08324836927526466,0.12002366102672989,0.18777097612039237,0.15476179,0.3329935333530419
2026-04-17 18:00:00,0.07447377122235525,0.12002366102672989,0.18819582364379747,0.15134089,0.3320655248123444
2026-04-17 18:05:00,0.07930241890306614,0.12002366102672989,0.1922425804190328,0.22723576,0.33271637391600084
2026-04-17 18:10:00,0.07999361525478764,0.12002366102672989,0.1854977426758985,0.20387404,0.3312812290276152
2026-04-17 18:15:00,0.07507443965263223,0.12002366102672989,0.1867346103679537,0.18997073,0.33037281912104244
2026-04-17 18:20:00,0.07698396697755656,0.12002366102672989,0.18538883367288833,0.20367791,0.3294264360694427
2026-04-17 18:25:00,0.09413438770459953,0.12002366102672989,0.18303428239038227,0.16262618,0.3284625686279779
2026-04-17 18:30:00,0.06555924343711936,0.12002366102672989,0.1897808826058754,0.11619559,0.3302375180925265
2026-04-17 18:35:00,0.06212958036013052,0.12002366102672989,0.18540423170060252,0.12936649,0.32934850330338666
2026-04-17 18:40:00,0.07051463742471578,0.12002366102672989,0.18353178437090892,0.1322191,0.3284127690616351
2026-04-17 18:45:00,0.07723284007267414,0.12002366102672989,0.1855942989264246,0.14632532,0.3280098116889549
2026-04-17 18:50:00,0.07023061611123439,0.12002366102672989,0.18980272513209534,0.16248876,0.3289029976609272
2026-04-17 18:55:00,0.0702296869249416,0.12002366102672989,0.18327196579589033,0.12780346,0.328144878185962
2026-04-17 19:00:00,0.07107434904814,0.12002366102672989,0.18189992734012309,0.15337633,0.32743390475687784
2026-04-17 19:05:00,0.09632872115153032,0.12002366102672989,0.18545899883783,0.18957295,0.32747600918765996
2026-04-17 19:10:00,0.09406332318045213,0.12002366102672989,0.18509988568602498,0.127453,0.3277936187696422
2026-04-17 19:15:00,0.09155736454984512,0.12002366102672989,0.18473684799753415,0.13235512,0.3281759725257665
2026-04-17 19:20:00,0.10886254510844169,0.12002366102672989,0.18199276166684283,0.1162137,0.32756154557439626
2026-04-17 19:25:00,0.11674756244790475,0.12002366102672989,0.18176597221171975,0.10782899,0.3270303369528429
2026-04-17 19:30:00,0.0927010356825668,0.12002366102672989,0.19001384892146073,0.17865433,0.32942412667908877
2026-04-17 19:35:00,0.15544267457039732,0.12002366102672989,0.18600040104198393,0.14656915,0.3291216276241092
2026-04-17 19:40:00,0.1658166106182819,0.12002366102672989,0.18611333379386172,0.13784303,0.32898908767034135
2026-04-17 19:45:00,0.15655533636765506,0.12002366102672989,0.18985339019593114,0.16997765,0.3300722485821433
2026-04-17 19:50:00,0.15284126520566507,0.12002366102672989,0.18899847551270918,0.2274094,0.32999722064879367
2026-04-17 19:55:00,0.18220349301543948,0.12002366102672989,0.18433470855286788,0.15419456,0.32909631724062727
2026-04-20 13:30:00,0.13596254808183594,0.12002366102672989,0.2010168128018927,0.21675956,0.337104823879667
2026-04-20 13:35:00,0.13056536883206737,0.12002366102672989,0.1964754461079024,0.21250053,0.33714584980658296
2026-04-20 13:40:00,0.1292357718636109,0.12002366102672989,0.19168033817643337,0.19154462,0.3350292475037939
2026-04-20 13:45:00,0.12769918123024437,0.12002366102672989,0.19152112298172771,0.18165615,0.33336511370148747
2026-04-20 13:50:00,0.08300853934065942,0.12002366102672989,0.20113710974999613,0.18051484,0.336990964208031
2026-04-20 13:55:00,0.09202667122636786,0.12002366102672989,0.19205187557173897,0.18558578,0.3356490183826648
2026-04-20 14:00:00,0.10452982616997746,0.12002366102672989,0.19283236614635776,0.20047744,0.3352250740529018
2026-04-20 14:05:00,0.11295349905613128,0.12002366102672989,0.18903316813499402,0.20046245,0.33329990265812337
2026-04-20 14:10:00,0.11272726313245957,0.12002366102672989,0.18885883122218003,0.19990164,0.331764605738131
2026-04-20 14:15:00,0.12208980547928207,0.12002366102672989,0.18577087098657488,0.16053043,0.3307404291700413
2026-04-20 14:20:00,0.1322114377146779,0.12002366102672989,0.18978711750491942,0.13682298,0.3314749585963248
2026-04-20 14:25:00,0.16682577814884303,0.12002366102672989,0.19250340862606524,0.1898637,0.33318668078756136
2026-04-20 14:30:00,0.18328455602060512,0.12002366102672989,0.19050700362565856,0.2532523,0.33263226409108787
2026-04-20 14:35:00,0.19276474476587435,0.12002366102672989,0.18773601217929559,0.20834365,0.3312005495732664
2026-04-20 14:40:00,0.1863216034997748,0.12002366102672989,0.19207326239796957,0.31241408,0.3314593454396199
2026-04-20 14:45:00,0.1710779089363932,0.12002366102672989,0.19548153656553655,0.1888032,0.3334136373285616
2026-04-20 14:50:00,0.11781759479980412,0.12002366102672989,0.20334784171602424,0.33950138,0.34014157342823015
2026-04-20 14:55:00,0.1260419713321766,0.12002366102672989,0.20147256163929494,0.16852604,0.3412122348817186
2026-04-20 15:00:00,0.14665878207855226,0.12002366102672989,0.19988763104083748,0.19991276,0.33997039935269696
2026-04-20 15:05:00,0.18033704995187985,0.12002366102672989,0.19553685300003926,0.16417226,0.33721813400989137
2026-04-20 15:10:00,0.17824197919594442,0.12002366102672989,0.19469814703521796,0.23018503,0.3351505345186158
2026-04-20 15:15:00,0.17665986270956163,0.12002366102672989,0.19000004087682182,0.3442251,0.33346484624753153
2026-04-20 15:20:00,0.1459610734805615,0.12002366102672989,0.19718834516272077,0.17058638,0.3369459677981792
2026-04-20 15:25:00,0.10865841640240316,0.12002366102672989,0.1989412741915269,0.23989247,0.33948000990665245
2026-04-20 15:30:00,0.02328847010364532,0.12002366102672989,0.20315319504199594,0.3999523,0.34254003303901115
2026-04-20 15:35:00,0.0686003587133166,0.12002366102672989,0.19362183761768473,0.18078923,0.3390532337634642
2026-04-20 15:40:00,0.08095272320206351,0.12002366102672989,0.19381453926666395,0.20048119,0.3363142283297925
2026-04-20 15:45:00,0.08281990920328947,0.12002366102672989,0.19027772973057092,0.25165543,0.33401665271677883
2026-04-20 15:50:00,0.08340597930864327,0.12002366102672989,0.18644884755495955,0.17720562,0.3321491499915461
2026-04-20 15:55:00,0.08281139724401529,0.12002366102672989,0.18043643499144169,0.10672727,0.33078511627833407
2026-04-20 16:00:00,0.051731804744740206,0.12002366102672989,0.18905633275833716,0.12456805,0.33179687965756305
2026-04-20 16:05:00,0.04803832823926406,0.12002366102672989,0.18834838900040934,0.13161664,0.331453869780638
2026-04-20 16:10:00,0.07186599856665628,0.12002366102672989,0.18589920562336984,0.1711854,0.3302674926134366
2026-04-20 16:15:00,0.07427197006067907,0.12002366102672989,0.18496277006242579,0.17104398,0.32918621055962527
2026-04-20 16:20:00,0.07323018746356266,0.12002366102672989,0.18510148098907367,0.17743349,0.3283522410682229
2026-04-20 16:25:00,0.07317830790049842,0.12002366102672989,0.18172425464108655,0.14007495,0.3276132632158355
2026-04-20 16:30:00,0.062427188518732864,0.12002366102672989,0.1846395523340753,0.13519813,0.3279071635919736
2026-04-20 16:35:00,0.03978166009256472,0.12002366102672989,0.18805204412366675,0.16192946,0.32895612661670826
2026-04-20 16:40:00,0.061001513248691575,0.12002366102672989,0.18436012391613987,0.1329292,0.3283222306842799
2026-04-20 16:45:00,0.07188897412304154,0.12002366102672989,0.18221700831946502,0.14431271,0.32757625573344873
2026-04-20 16:50:00,0.07760898852932195,0.12002366102672989,0.18223191427820057,0.19183028,0.32698666886073763
2026-04-20 16:55:00,0.07638294488940275,0.12002366102672989,0.18220197170966915,0.1472342,0.3266198145600894
2026-04-20 17:00:00,0.07875250266988675,0.12002366102672989,0.18160807211962351,0.13838333,0.32668205913034665
2026-04-20 17:05:00,0.0752184884174788,0.12002366102672989,0.18551615144221728,0.14018181,0.3276525115787854
2026-04-20 17:10:00,0.07220736853939107,0.11876763713586687,0.18487168189113604,0.11333472,0.32781826945275866
2026-04-20 17:15:00,0.06632229906374655,0.11876763713586687,0.18411568120615976,0.1275222,0.32764139713958734
2026-04-20 17:20:00,0.06624861330345672,0.11876763713586687,0.18103382972089024,0.1260893,0.3270428758596911
2026-04-20 17:25:00,0.05640718010050948,0.11876763713586687,0.1840874251116024,0.13229191,0.32721891801031217
2026-04-20 17:30:00,0.05199410862529037,0.11876763713586687,0.18482657455882243,0.15155648,0.3277884820171262
2026-04-20 17:35:00,0.04152555312563278,0.11876763713586687,0.18338214590719215,0.12563053,0.3276882496996041
2026-04-20 17:40:00,0.0772907642927673,0.11876763713586687,0.18066199550035406,0.10253402,0.32709799314630567
2026-04-20 17:45:00,0.07730678924757196,0.11876763713586687,0.1803302015916706,0.13720426,0.3266018359290368
2026-04-20 17:50:00,0.08254964724683413,0.11876763713586687,0.1793357612965389,0.07541217,0.3262141277416063
2026-04-20 17:55:00,0.07677693379347836,0.11876763713586687,0.18200210371067316,0.08065963,0.326727595491561
2026-04-20 18:00:00,0.08553042850260914,0.11876763713586687,0.1779118426809638,0.07585494,0.3263102424438186
2026-04-20 18:05:00,0.05486035575581136,0.11876763713586687,0.18691488667923659,0.1672585,0.3282841289961543
2026-04-20 18:10:00,0.07559975001982777,0.11876763713586687,0.1812593324935026,0.15028965,0.3275545514069531
2026-04-20 18:15:00,0.0745437978458457,0.11876763713586687,0.18407017787035115,0.18417464,0.32742970939581434
2026-04-20 18:20:00,0.07621909339027301,0.11876763713586687,0.18310365167306936,0.1361089,0.3272042485086102
2026-04-20 18:25:00,0.07404544398947095,0.11876763713586687,0.18492677564648605,0.17969234,0.32745845629173037
2026-04-20 18:30:00,0.08560532739206178,0.11876763713586687,0.17893845603697123,0.09202715,0.3268833291903095
2026-04-20 18:35:00,0.06781323245285506,0.11876763713586687,0.18553319132445195,0.1564006,0.3278895804331173
2026-04-20 18:40:00,0.06624601841111837,0.11876763713586687,0.18312423916068124,0.14028575,0.3276127218445114
2026-04-20 18:45:00,0.05922913890070507,0.11876763713586687,0.18360686850280264,0.12725757,0.3274869181713299
2026-04-20 18:50:00,0.05214262944180555,0.11876763713586687,0.18376652292935156,0.12779792,0.32750876652419453
2026-04-20 18:55:00,0.037965315514944614,0.11876763713586687,0.18560970424853368,0.18544354,0.32791774429646553
2026-04-20 19:00:00,0.042165837978044275,0.11876763713586687,0.18002214522486265,0.16017187,0.3272476891265008
2026-04-20 19:05:00,0.04726514212005076,0.11876763713586687,0.18189452911813703,0.111022756,0.32698520301319595
2026-04-20 19:10:00,0.05048048877217008,0.11876763713586687,0.17957554049268587,0.117345855,0.32650922811925154
2026-04-20 19:15:00,0.05630078816430789,0.11876763713586687,0.18020635597745804,0.08671524,0.3263000416660597
2026-04-20 19:20:00,0.05894630344047655,0.11876763713586687,0.17938959407390964,0.10861483,0.32626181773651564
2026-04-20 19:25:00,0.05813075856666599,0.11876763713586687,0.17918167474756144,0.08266778,0.32610201138522005
2026-04-20 19:30:00,0.10532614692835174,0.11876763713586687,0.1808758896733238,0.09402522,0.32631413654463187
2026-04-20 19:35:00,0.14418363719337585,0.11876763713586687,0.17998350228979937,0.090733714,0.32614130183485796
2026-04-20 19:40:00,0.1496954589036298,0.11876763713586687,0.1817403062860925,0.09000675,0.3263413686281365
2026-04-20 19:45:00,0.17299217829919694,0.11876763713586687,0.18180372032596445,0.11877064,0.32645965460465143
2026-04-20 19:50:00,0.1883332992133294,0.11876763713586687,0.18043298283664122,0.146651,0.3262088671417138
2026-04-20 19:55:00,0.17355418937252273,0.11876763713586687,0.19206425589148646,0.17489861,0.33054156562181025
2026-04-21 13:30:00,0.14259281849710945,0.11876763713586687,0.1966919032210218,0.19141829,0.3346803349080107
2026-04-21 13:35:00,0.13490824543885602,0.11876763713586687,0.1926735179375342,0.22209325,0.33404720699300905
2026-04-21 13:40:00,0.11602659419303891,0.11876763713586687,0.19889692901672898,0.26923323,0.33660292230230726
2026-04-21 13:45:00,0.08763207204923176,0.11876763713586687,0.19898904818003657,0.19457364,0.33727111531219117
2026-04-21 13:50:00,0.0716887733974532,0.11876763713586687,0.19614495165268267,0.21908568,0.3365222214320784
2026-04-21 13:55:00,0.09925435892684126,0.11876763713586687,0.18940287856427734,0.23258422,0.3342937572440804
2026-04-21 14:00:00,0.10317010633657878,0.11876763713586687,0.18924483847005139,0.20660257,0.3326083814987404
2026-04-21 14:05:00,0.09922278193547016,0.11876763713586687,0.19138511870582375,0.14224832,0.33296007158507396
2026-04-21 14:10:00,0.1050412529049677,0.11876763713586687,0.18336219557919164,0.13881457,0.331299558441976
2026-04-21 14:15:00,0.10155328575042226,0.11876763713586687,0.1844106256899039,0.12611973,0.3303861584735585
2026-04-21 14:20:00,0.12571310224874735,0.11876763713586687,0.19096047011934275,0.1540586,0.3318708077957856
2026-04-21 14:25:00,0.12196823878550675,0.11876763713586687,0.18806220163470616,0.1421418,0.33108262839202834
2026-04-21 14:30:00,0.2315817641860174,0.11876763713586687,0.18954047373059235,0.14892174,0.3313154482682978
2026-04-21 14:35:00,0.2589580468815679,0.11876763713586687,0.188317642716541,0.14817521,0.3306115245770884
2026-04-21 14:40:00,0.2966361267505493,0.11876763713586687,0.18556979407540394,0.17292422,0.32944839951431276
2026-04-21 14:45:00,0.27928435743999336,0.11876763713586687,0.19679832520127105,0.2619675,0.3340352231617921
2026-04-21 14:50:00,0.2789562479975538,0.11876763713586687,0.18858310483088214,0.33545867,0.33232879512971236
2026-04-21 14:55:00,0.2082583317160307,0.11876763713586687,0.21688205595495802,0.21327345,0.3522796452767254
2026-04-21 15:00:00,0.18602594957237104,0.11876763713586687,0.211947312031333,0.21774423,0.35427934234461284
2026-04-21 15:05:00,0.12000550649851134,0.11876763713586687,0.21802319708898144,0.276505,0.35902268282692484
2026-04-21 15:10:00,0.1202710076698033,0.11876763713586687,0.20500782143405408,0.21638337,0.352640673357764
2026-04-21 15:15:00,0.12337096330884038,0.11876763713586687,0.20382855723365323,0.20141749,0.3472837516901434
2026-04-21 15:20:00,0.09131336494472561,0.11876763713586687,0.20440708430128107,0.18615462,0.3465376806183414
2026-04-21 15:25:00,0.09122031073292389,0.11876763713586687,0.20179848900903502,0.19631067,0.34526738440096216
2026-04-21 15:30:00,0.09121974337156508,0.11876763713586687,0.19134551566944144,0.20899051,0.3416485938392106
2026-04-21 15:35:00,0.1131827209912758,0.11876763713586687,0.19069247678088197,0.20211464,0.3385735177600436
2026-04-21 15:40:00,0.1105255020575168,0.11876763713586687,0.19154958685110343,0.21734464,0.33628559347717063
2026-04-21 15:45:00,0.12570121376778415,0.11876763713586687,0.1875699657160455,0.20205586,0.3341288413126162
2026-04-21 15:50:00,0.1008168231194804,0.11876763713586687,0.19324303105362037,0.18538831,0.3353231653831039
2026-04-21 15:55:00,0.11661800702373387,0.11876763713586687,0.18868809099241884,0.20075554,0.3336246775096998
2026-04-21 16:00:00,0.0961612002931642,0.11876763713586687,0.19469167079890345,0.16672936,0.3344811626040881
2026-04-21 16:05:00,0.12344549425112004,0.11876763713586687,0.18944814465945603,0.206047,0.3326758501100636
2026-04-21 16:10:00,0.12037049520978957,0.11876763713586687,0.194949253664015,0.17095219,0.33312656896320864
2026-04-21 16:15:00,0.15305759766466026,0.11876763713586687,0.18827703178513505,0.19110008,0.3315388864267392
2026-04-21 16:20:00,0.17116828364598646,0.11876763713586687,0.19443197173579652,0.16146296,0.3324107720250442
2026-04-21 16:25:00,0.18085492696471772,0.11876763713586687,0.18894887200451746,0.19648388,0.3312024620791044
2026-04-21 16:30:00,0.17906897685199527,0.11876763713586687,0.19650310079722294,0.21326333,0.33322560511869664
2026-04-21 16:35:00,0.17875495474317507,0.11876763713586687,0.19385662533596135,0.19200063,0.33316954589649167
2026-04-21 16:40:00,0.16727949175723625,0.11876763713586687,0.20064747412040906,0.19148171,0.33629361540454333
2026-04-21 16:45:00,0.1708468526976209,0.11876763713586687,0.20176045874434714,0.20972894,0.3392789461496778
2026-04-21 16:50:00,0.18487437173222582,0.11876763713586687,0.1988380762923109,0.2005597,0.3385131104668921
2026-04-21 16:55:00,0.17869261055861185,0.11876763713586687,0.19920359406884844,0.18270221,0.33872152872179656
2026-04-21 17:00:00,0.17343699580742702,0.11876763713586687,0.19738965784705098,0.2586662,0.337518655615018
2026-04-21 17:05:00,0.17670245697089243,0.11876763713586687,0.19814878488811893,0.21167345,0.3376803315312014
2026-04-21 17:10:00,0.207626271705508,0.13347596312391402,0.2018100748643998,0.4057755,0.34100423912785677
2026-04-21 17:15:00,0.1862077481196386,0.12970803012547388,0.20209578462194583,0.20079494,0.3424774160623711
2026-04-21 17:20:00,0.1825812798958533,0.11488848983121326,0.19821082372421145,0.18556675,0.3407357407025882
2026-04-21 17:25:00,0.18687500019180572,0.1160441599450659,0.19552688628016507,0.19881587,0.33817412454395435
2026-04-21 17:30:00,0.16916490994611966,0.11860520730251974,0.20020683789717542,0.19980831,0.33880062938280303
2026-04-21 17:35:00,0.07766457401939371,0.11077957164621988,0.21037473514563013,0.22050297,0.34796930374903323
2026-04-21 17:40:00,0.07587506869383144,0.12083654263588434,0.19649410103698808,0.23260467,0.3437401377102953
2026-04-21 17:45:00,0.061909509128543476,0.12664637792717087,0.19812396174274788,0.20617747,0.3410613240647514
2026-04-21 17:50:00,0.11817395596122539,0.12350203524710576,0.1990926894661601,0.26190886,0.3392624114814683
2026-04-21 17:55:00,0.11868950361088006,0.12217731019200448,0.1928638363021116,0.32901177,0.33638078599423976
2026-04-21 18:00:00,0.11637323680393948,0.1257730595662732,0.18689300863567446,0.17157061,0.3343777809479854
2026-04-21 18:05:00,0.14389904454699554,0.1243533892079245,0.18614762181336209,0.16231658,0.3326193814483235
2026-04-21 18:10:00,0.14922615361711306,0.12394535720270593,0.1841466826839712,0.107112475,0.3310927735625994
2026-04-21 18:15:00,0.09694144752225226,0.13370841951566104,0.19891782371327374,0.3714707,0.3366134173807745
2026-04-21 18:20:00,0.10361792910223445,0.12028767497074593,0.18927557477464155,0.30087173,0.33430786437578036
2026-04-21 18:25:00,0.19893820018517233,0.12155583837855616,0.18871413787500674,0.13678952,0.33242054436685664
2026-04-21 18:30:00,0.17923009577229254,0.11121877443420126,0.19834227014535322,0.159553,0.33483991132281654
2026-04-21 18:35:00,0.1809673623640893,0.12796345386583977,0.19431399821302997,0.18295348,0.33370608531149837
2026-04-21 18:40:00,0.18099499903893165,0.12465947218975215,0.18606537179159283,0.13905776,0.33190316551956595
2026-04-21 18:45:00,0.17721794543450925,0.12827903748035493,0.18980798506194496,0.13159506,0.3312296882896001
2026-04-21 18:50:00,0.050089286113418216,0.10521037446173992,0.2111747289897949,0.23801154,0.34501534294403285
2026-04-21 18:55:00,0.13397089811113524,0.12297820611637424,0.194151662262605,0.15908918,0.34105671113520614
2026-04-21 19:00:00,0.12834151300125557,0.12039489280294503,0.19784631601157715,0.1708598,0.33903458365151473
2026-04-21 19:05:00,0.13989835252607316,0.12246157689158599,0.19348238107951232,0.1718278,0.33620393812502714
2026-04-21 19:10:00,0.20480504653880358,0.12183599255167539,0.1936375253558587,0.19401045,0.33397044827530786
2026-04-21 19:15:00,0.4839333652679136,0.12023246599812124,0.18185270925758806,0.12750317,0.3321183587726852
2026-04-21 19:20:00,0.48195552633254296,0.11089934247761078,0.20071148178185041,0.48661682,0.33878296851287715
2026-04-21 19:25:00,0.4829534200543509,0.11760081295896453,0.19058701009556203,0.29318067,0.33643139016133283
2026-04-21 19:30:00,0.4837495548465941,0.12845933034784082,0.19418363059062033,0.18484008,0.3357361964834824
2026-04-21 19:35:00,0.776590375350945,0.13209713378250934,0.20927947202196695,0.24061754,0.3452190401728946
2026-04-21 19:40:00,0.6427561435062982,0.16036720290544854,0.26489987525319453,0.3088785,0.4292174927784563
2026-04-21 19:45:00,0.6327343548723823,0.11428618820733644,0.2350390424034058,0.20349596,0.4162730194753064
2026-04-21 19:50:00,0.631348339945174,0.1334427129795823,0.22825869509112137,0.2419201,0.4004588408996657
2026-04-21 19:55:00,0.6328623635933229,0.12552182373363788,0.23024335637222312,0.31728515,0.3882817647283182
2026-04-22 13:30:00,0.09871541086915164,0.06768857777092478,0.31382431273865163,0.28519964,0.5289745848080808
2026-04-22 13:35:00,0.08627251797995586,0.12599789327787533,0.24829445814591058,0.27132767,0.49581293614836436
2026-04-22 13:40:00,0.08388583084986191,0.1309051833738781,0.24559100250181334,0.26349017,0.46700398068555016
2026-04-22 13:45:00,0.11590674361480596,0.1277072233852432,0.24350170424221124,0.26103723,0.44229292489831423
2026-04-22 13:50:00,0.09246250134138148,0.11754769732359308,0.2500403893123014,0.28437006,0.4238667275627545
2026-04-22 13:55:00,0.08806038176968846,0.11847012110435023,0.19897703898950855,0.19393893,0.4063493256952886
2026-04-22 14:00:00,0.09245151528358085,0.1273623495845005,0.1952709118864766,0.19475922,0.3914029097581593
2026-04-22 14:05:00,0.11990229305174768,0.12074987346203164,0.19688493919538463,0.22393979,0.37919397853331716
2026-04-22 14:10:00,0.11528928704074543,0.11368276889267669,0.20503350912447582,0.18294929,0.37201143971162187
2026-04-22 14:15:00,0.15436988096993956,0.11431390743381638,0.1983479028188806,0.19834429,0.363486132850656
2026-04-22 14:20:00,0.16714456086873722,0.12525448783061377,0.19518542078744033,0.1917441,0.35606050974871584
2026-04-22 14:25:00,0.16924624820111783,0.11585186446680497,0.1981305841299777,0.1945811,0.35040107352274935
2026-04-22 14:30:00,0.1510411780916902,0.12605408173479735,0.20531570340749522,0.19362882,0.34856013101048366
2026-04-22 14:35:00,0.1583737279198824,0.11584925657154875,0.2044548057938813,0.1863175,0.3466434871285774
2026-04-22 14:40:00,0.13251226383712367,0.1228544647696385,0.21095745900868176,0.29154325,0.3482010719060317
2026-04-22 14:45:00,0.11603502361899906,0.11584599981163601,0.2081189729853659,0.20723568,0.34571504753314564
2026-04-22 14:50:00,0.10982519872944653,0.1090811244745806,0.2059236056701353,0.20371789,0.3423709857032076
2026-04-22 14:55:00,0.11501452418692022,0.11107682034025969,0.20229478578209262,0.20919602,0.33909270172179157
2026-04-22 15:00:00,0.07482761522863175,0.14126982124405865,0.20673453030461175,0.19321126,0.3402203883162209
2026-04-22 15:05:00,0.04418503040285551,0.11910056285387186,0.20204400187354182,0.19845419,0.3392028559178968
2026-04-22 15:10:00,0.06103700924305433,0.12183263566627943,0.19507572803588308,0.19482106,0.33633681098596735
2026-04-22 15:15:00,0.09270563283083147,0.11480872765077663,0.1950667383503017,0.20296681,0.33406930764874565
2026-04-22 15:20:00,0.10777437726226285,0.1130747416120814,0.18973203499188,0.16756167,0.33301599519602115
2026-04-22 15:25:00,0.10835332620482013,0.12463952535772568,0.1825955662970759,0.13728161,0.3313445703562652
2026-04-22 15:30:00,0.10717582199485194,0.12199733796069057,0.18134168979568588,0.12631355,0.33015184628693217
2026-04-22 15:35:00,0.1046027941463861,0.12828942724561795,0.18524177507298284,0.11664623,0.32999649606921694
2026-04-22 15:40:00,0.07811967217196432,0.129542179008075,0.19059318726362856,0.15214638,0.33156801012701914
2026-04-22 15:45:00,0.03969791531359035,0.11079967548667376,0.19179962615718055,0.14599444,0.3326142956355222
2026-04-22 15:50:00,0.07860770342347607,0.12566633367644525,0.18661287188134182,0.1670537,0.33108804888342175
2026-04-22 15:55:00,0.08113776249913365,0.12864476830514568,0.18597117695028076,0.16821148,0.32981007420537434
2026-04-22 16:00:00,0.09450918886904905,0.12098563154242029,0.18828411139269194,0.14432448,0.3294311924810949
2026-04-22 16:05:00,0.09415557664102063,0.11651185101662763,0.18371261570675873,0.114535645,0.32853018910186293
2026-04-22 16:10:00,0.10541555901002059,0.12417750989924763,0.17997074442930752,0.10692557,0.3277655037583999
2026-04-22 16:15:00,0.10289313831613574,0.12276116682295747,0.18926962349915047,0.1432184,0.32966564715978963
2026-04-22 16:20:00,0.10846921001352429,0.11870915804546883,0.18479333279802637,0.116627336,0.32888418546519493
2026-04-22 16:25:00,0.09162591248088739,0.13372949752309685,0.18951243309129118,0.13492797,0.3299470605801361
2026-04-22 16:30:00,0.10586406514857084,0.11730979311719474,0.18410227718957134,0.1569609,0.3289086104304115
2026-04-22 16:35:00,0.13861837382847025,0.11084277364328822,0.18872937871208414,0.18452504,0.3292749865682675
2026-04-22 16:40:00,0.12457536006096974,0.1358530013259978,0.19021742599519542,0.17003672,0.33058753408820046
2026-04-22 16:45:00,0.11999246362116632,0.11405087743273304,0.18846971216507025,0.18226026,0.33025415692563675
2026-04-22 16:50:00,0.1226228768425714,0.11758164100104367,0.18426614299030744,0.14334477,0.32924039825012824
2026-04-22 16:55:00,0.12487288251379766,0.13124416474080644,0.18905877626580647,0.17112082,0.32984806735718314
2026-04-22 17:00:00,0.07396138306998871,0.10842387865016163,0.19688968644164134,0.2586169,0.3342783061997778
2026-04-22 17:05:00,0.07078900160792873,0.11202374750950797,0.18834215187913714,0.1873265,0.3326294840010322
2026-04-22 17:10:00,0.06758047476381467,0.12067404627985573,0.1878605210934355,0.22420266,0.33129543713608467
2026-04-22 17:15:00,0.06652648224233428,0.14216584582827071,0.18878701860944344,0.23209965,0.33041765245056787
2026-04-22 17:20:00,0.03207131606539645,0.13041552233107387,0.19185163394534044,0.17221835,0.33108591816342703
2026-04-22 17:25:00,0.031207081009032994,0.14273362834945563,0.183145075894665,0.12840867,0.3298885144486306
2026-04-22 17:30:00,0.034782106101972673,0.148226254394284,0.18203628181047357,0.1489557,0.3288559885727829
2026-04-22 17:35:00,0.036343860812178025,0.13632388161028888,0.1815282988742285,0.117829345,0.3280270232807357
2026-04-22 17:40:00,0.031971639996659085,0.12542503496339605,0.18329941376341355,0.10639225,0.3277205543136438
2026-04-22 17:45:00,0.03154318441230718,0.12807757311513562,0.17832938772625187,0.08403204,0.3271063229723749
2026-04-22 17:50:00,0.05151925702364999,0.13394441588117276,0.17872060191831826,0.07383633,0.32666518704749686
2026-04-22 17:55:00,0.05251660024299889,0.13735937536332604,0.17956444519200948,0.09606108,0.32639731581192577
2026-04-22 18:00:00,0.05165988910425227,0.12972385076568324,0.17931400599023684,0.07822566,0.32611520375393666
2026-04-22 18:05:00,0.05483515650363971,0.1363167888779639,0.17942152775944753,0.11532196,0.3260279092779344
2026-04-22 18:10:00,0.06401980091201302,0.12085703906840821,0.17765749128377217,0.09637214,0.32573463339915615
2026-04-22 18:15:00,0.0480916944723284,0.13623894589217198,0.18303155016381084,0.093497,0.3264635914812479
2026-04-22 18:20:00,0.04495222643665623,0.13593392326882664,0.18104210109801971,0.12653047,0.3262918853853597
2026-04-22 18:25:00,0.04752829506791064,0.14296061343207533,0.17978956815841174,0.10552135,0.3259824467932525
2026-04-22 18:30:00,0.046337776448894315,0.1257891112432269,0.18162515995937534,0.0953807,0.32610452654809935
2026-04-22 18:35:00,0.035639922481103196,0.12980963635601062,0.18291643884471523,0.11106974,0.32638641648825895
2026-04-22 18:40:00,0.06256536090543593,0.12889481997202304,0.17849993655438942,0.110871516,0.3260197872063638
2026-04-22 18:45:00,0.062184230648508594,0.1497897416638566,0.17889454683646888,0.088210724,0.3257783509503351
2026-04-22 18:50:00,0.08203104106908155,0.13408945513513526,0.17905601441101116,0.09557066,0.32570001840548335
2026-04-22 18:55:00,0.07821241459077624,0.14069572645712713,0.17968705793209958,0.08884559,0.3258180413635751
2026-04-22 19:00:00,0.0789491398765935,0.1349843567314199,0.17774600843238594,0.06760009,0.32568273360774963
2026-04-22 19:05:00,0.06531830481400408,0.12647618361856502,0.18366052937046543,0.16047966,0.32688563258392367
2026-04-22 19:10:00,0.06920549538286058,0.1326173514946608,0.17918707018594437,0.11274481,0.32644654303327436
2026-04-22 19:15:00,0.040272875663469355,0.14013407058482386,0.18577959706049973,0.23096041,0.3277788245611176
2026-04-22 19:20:00,0.054121585697425346,0.13661473610530864,0.18073095200146655,0.12628637,0.32715305531165195
2026-04-22 19:25:00,0.06986626648895501,0.1252068689053374,0.1819985962147754,0.12930098,0.3268148880629566
2026-04-22 19:30:00,0.06862581852104947,0.11998504299838467,0.181526324382094,0.12201315,0.3267292705112304
2026-04-22 19:35:00,0.25189936126666873,0.0844715109920284,0.1817154760825604,0.16944455,0.3266036868721244
2026-04-22 19:40:00,0.2753813529392525,0.14498956756592316,0.17715259245810228,0.08212438,0.32619608338513306
2026-04-22 19:45:00,0.27618667242074485,0.12469293394801842,0.1816553434334946,0.08065963,0.32659079365626315
2026-04-22 19:50:00,0.2774941607626408,0.1345096851292227,0.18424291867358092,0.15815583,0.3274175525155842
2026-04-22 19:55:00,0.28093021572111126,0.1962763697758592,0.18178712981834633,0.12683201,0.32711936371542744
2026-04-23 13:30:00,0.15091425515873505,0.16357153319992038,0.22125847956230002,0.25010777,0.3572031973191165
2026-04-23 13:35:00,0.10783589858859,0.11834834950901305,0.2113806507875569,0.26570582,0.3571030909889019
2026-04-23 13:40:00,0.10868861507137952,0.1278150765813723,0.2050755883538565,0.1858222,0.35174638665064883
2026-04-23 13:45:00,0.09735096309635834,0.1352198163939601,0.20646410544740823,0.18693015,0.3480211580428593
2026-04-23 13:50:00,0.08513671745779544,0.1411107834906817,0.20629590308801696,0.20234661,0.34471025132012445
2026-04-23 13:55:00,0.10984654222411837,0.13889050183880958,0.19567898138309883,0.2014033,0.34242016273037035
2026-04-23 14:00:00,0.11202491104251258,0.13875164315136507,0.19000014034699503,0.1490974,0.33957468329557106
2026-04-23 14:05:00,0.10702701049461515,0.136755723979905,0.1909858570503878,0.1538259,0.3376598904883748
2026-04-23 14:10:00,0.10397804325428667,0.13888777477298242,0.18829954117757305,0.16283351,0.33544009711498324
2026-04-23 14:15:00,0.10842079821748975,0.13158952796938914,0.1861065957567852,0.17018625,0.3333991899108524
2026-04-23 14:20:00,0.0653723685459037,0.1265624180556451,0.19551468793978571,0.10483765,0.3358725630398411
2026-04-23 14:25:00,0.07351176478227407,0.12906614490649712,0.19122493013486191,0.14763609,0.3345532827954225
2026-04-23 14:30:00,0.07467709455324385,0.1375684859295542,0.18970211079652027,0.14439721,0.33304357009370794
2026-04-23 14:35:00,0.07446826373496371,0.12234648227206744,0.18711400462915423,0.109749,0.3313825399290503
2026-04-23 14:40:00,0.06646744949087219,0.1361674917094011,0.19015275248536417,0.14504859,0.33063838584146754
2026-04-23 14:45:00,0.06395145500602124,0.12656197103786623,0.1853557339892709,0.110458575,0.3297026294177931
2026-04-23 14:50:00,0.06868338913941224,0.12944936454966055,0.18900818339898065,0.17525263,0.33020748634393743
2026-04-23 14:55:00,0.061760307157251795,0.12042764593453215,0.18716412646354594,0.16832475,0.32964543586090267
2026-04-23 15:00:00,0.06525136367808197,0.13963842758727918,0.1842041698699725,0.2348343,0.32863439243226766
2026-04-23 15:05:00,0.06988824147756625,0.132248485207565,0.18372610886026924,0.11337088,0.32782907293088703
2026-04-23 15:10:00,0.0856402002726171,0.13541929151922213,0.18435577465969027,0.116827644,0.3272722627093881
2026-04-23 15:15:00,0.06998268978933453,0.13093313479957577,0.18910644510477725,0.12985002,0.32860321565603723
2026-04-23 15:20:00,0.08350303526580141,0.13188064295126395,0.18193372869232854,0.109494865,0.3278741208618979
2026-04-23 15:25:00,0.10350753427802513,0.13342310631489232,0.18249233460470268,0.10087036,0.32745158724697276
2026-04-23 15:30:00,0.11029061633768432,0.12590008107172287,0.18322608883152525,0.11966356,0.32721805097889145
2026-04-23 15:35:00,0.13720136237398178,0.1309704464120589,0.18699562268304187,0.17300345,0.32810183871673676
2026-04-23 15:40:00,0.13408112000954917,0.14347329417470017,0.18379105120584366,0.11729896,0.32795713365443496
2026-04-23 15:45:00,0.13645773303485373,0.1367433988889714,0.18629077261261923,0.16643716,0.32847190215683847
2026-04-23 15:50:00,0.12028043721062104,0.13918160966324128,0.1898363077125684,0.16814114,0.3299366400316728
2026-04-23 15:55:00,0.11232816027948052,0.1318854736986288,0.1886692038045749,0.16916205,0.3299864172303864
2026-04-23 16:00:00,0.05939318852554514,0.14427845343675405,0.19617031531250986,0.21261553,0.33385108976577277
2026-04-23 16:05:00,0.07149336094662402,0.13077124735646328,0.18824385478129624,0.2159394,0.332120646549901
2026-04-23 16:10:00,0.055155366214402056,0.12015795810620115,0.19186004945182428,0.2179744,0.3321457094767287
2026-04-23 16:15:00,0.05740567178361571,0.1345859311781093,0.18590954768185275,0.2049202,0.33066030215020414
2026-04-23 16:20:00,0.056415677629465553,0.12832301363545523,0.18609797355884247,0.21800005,0.32957746899980345
2026-04-23 16:25:00,0.055279954652314396,0.13527563087521077,0.1813595941701135,0.099048615,0.3286858477100238
2026-04-23 16:30:00,0.036682133190707004,0.13358517619086382,0.18506535912972777,0.113694936,0.3288206404566599
2026-04-23 16:35:00,0.22235084739544525,0.1291337851334359,0.1823465205000553,0.09819069,0.3283972810141391
2026-04-23 16:40:00,0.29416511626594755,0.13543010618266255,0.18135849243475177,0.101877205,0.3277855019207391
2026-04-23 16:45:00,0.2951727648771335,0.13261356136822752,0.18069860146193792,0.083021455,0.3272096256086707
2026-04-23 16:50:00,0.33966866551848857,0.12647734274847616,0.18034159340333233,0.09635707,0.32671792171949154
2026-04-23 16:55:00,0.34170745139876496,0.14452119595633448,0.17872263317922615,0.08768084,0.3263237378771763
2026-04-23 17:00:00,0.262563046537311,0.15854950913135785,0.2167862627203794,0.19944134,0.35142404670077254
2026-04-23 17:05:00,0.25371125176103426,0.15560054994538552,0.22155599295982967,0.31617114,0.36477274703884754
2026-04-23 17:10:00,0.33340179021129634,0.1299133982594007,0.20617851578388846,0.24869925,0.3574677513398673
2026-04-23 17:15:00,0.40718481845421595,0.1299133982594007,0.22398965214798366,0.22637923,0.36509427621911256
2026-04-23 17:20:00,0.40659579793669587,0.1299133982594007,0.21209392842570457,0.20284818,0.3580950089798203
2026-04-23 17:25:00,0.5006048895881486,0.1299133982594007,0.20462461436179138,0.21172428,0.3521914856447327
2026-04-23 17:30:00,0.4887424736452018,0.1299133982594007,0.21846730848467508,0.24783266,0.36315224754187275
2026-04-23 17:35:00,0.44629288479374674,0.1299133982594007,0.22986804322887902,0.26838613,0.378604727499848
2026-04-23 17:40:00,0.3412584656453139,0.1299133982594007,0.24437623165822897,0.34825718,0.406230256644823
2026-04-23 17:45:00,0.34520884054244144,0.1299133982594007,0.2204325639547076,0.24256809,0.3917458625716692
2026-04-23 17:50:00,0.18855758774854012,0.1299133982594007,0.2543814299427108,0.29816872,0.41751806110401646
2026-04-23 17:55:00,0.12103559242727342,0.1299133982594007,0.23985777711639175,0.28883135,0.40987236695095164
2026-04-23 18:00:00,0.08979263330218668,0.1299133982594007,0.23095618803601894,0.23721476,0.3978130563337787
2026-04-23 18:05:00,0.11952735179157938,0.1299133982594007,0.21502247388463108,0.20877051,0.38442929401019743
2026-04-23 18:10:00,0.10537265819580525,0.1299133982594007,0.21962673645033234,0.22226232,0.3749954110923253
2026-04-23 18:15:00,0.09806278633956098,0.1299133982594007,0.20521130520247105,0.19216509,0.3668060794401777
2026-04-23 18:20:00,0.13253492688142068,0.1299133982594007,0.19564092281771728,0.20611368,0.35885809177499833
2026-04-23 18:25:00,0.12841934150428974,0.1299133982594007,0.19497827931860987,0.19485438,0.35289667691408066
2026-04-23 18:30:00,0.17247784718281053,0.1299133982594007,0.20188633442143797,0.18872842,0.35069392283352785
2026-04-23 18:35:00,0.17140463690006708,0.1299133982594007,0.19527910071960947,0.18796822,0.345896712969974
2026-04-23 18:40:00,0.19402449589096782,0.1299133982594007,0.19584074882516792,0.19089635,0.3423862269468098
2026-04-23 18:45:00,0.1773283706158552,0.1299133982594007,0.20407076207112376,0.1647449,0.34310079345351896
2026-04-23 18:50:00,0.1809493496468617,0.1299133982594007,0.19571535954742242,0.18938565,0.33956151565318976
2026-04-23 18:55:00,0.1148888021811823,0.1299133982594007,0.21116601907691737,0.2122214,0.34679909621160604
2026-04-23 19:00:00,0.1143109560867845,0.1299133982594007,0.19910493033404295,0.24436235,0.34254851795753866
2026-04-23 19:05:00,0.08663483014213352,0.1299133982594007,0.20872311043242933,0.15909325,0.3439454779902512
2026-04-23 19:10:00,0.09245477959368328,0.1299133982594007,0.20227748334737425,0.1779341,0.34115686537936174
2026-04-23 19:15:00,0.09054663604965392,0.1299133982594007,0.2020727960970063,0.17480193,0.3386660820888419
2026-04-23 19:20:00,0.12429523973254027,0.1299133982594007,0.19343422629584886,0.18443711,0.33599133115884977
2026-04-23 19:25:00,0.12477602134573056,0.1299133982594007,0.1914984634816514,0.22559942,0.333743791800834
2026-04-23 19:30:00,0.12235729040792667,0.1299133982594007,0.19295528674380827,0.15248767,0.3340206006104522
2026-04-23 19:35:00,0.22519148746728343,0.1299133982594007,0.19272506334432057,0.15046293,0.3337195434930649
2026-04-23 19:40:00,0.23255615063075244,0.1299133982594007,0.18824708492447423,0.1583324,0.332495418606344
2026-04-23 19:45:00,0.22123446774415606,0.1299133982594007,0.1956546684813366,0.18111101,0.3348611174520139
2026-04-23 19:50:00,0.22637699526318372,0.1299133982594007,0.18845324751632886,0.18217392,0.3328966035465348
2026-04-23 19:55:00,0.2484578471068576,0.1299133982594007,0.1926885785865423,0.17500024,0.33302669544560115
2026-04-24 13:30:00,0.16475055561832258,0.1299133982594007,0.21572255426648906,0.20927072,0.3513460511037689
2026-04-24 13:35:00,0.15529155343434523,0.1299133982594007,0.20434410479528128,0.18208748,0.3484387490332694
2026-04-24 13:40:00,0.15434137480155327,0.1299133982594007,0.20165202397508855,0.3181825,0.3449800548630454
2026-04-24 13:45:00,0.146525119068735,0.1299133982594007,0.20226708082931197,0.26655564,0.3422564542339269
2026-04-24 13:50:00,0.10101009492015918,0.1299133982594007,0.21076136864140296,0.22580831,0.34592497338590983
2026-04-24 13:55:00,0.0782575761314317,0.1299133982594007,0.19858579663621703,0.20721783,0.3438822661999582
2026-04-24 14:00:00,0.0991731823808832,0.1299133982594007,0.19534199003034103,0.23957796,0.3408629258085785
2026-04-24 14:05:00,0.09580195728857231,0.1299133982594007,0.19570444229528905,0.25119466,0.33871344713987034
2026-04-24 14:10:00,0.11529926327422811,0.1299133982594007,0.19168427787491424,0.31755537,0.33597613479917277
2026-04-24 14:15:00,0.11854000940021768,0.1299133982594007,0.1910929768039816,0.14552805,0.3350821889720083
2026-04-24 14:20:00,0.12093658621924906,0.1299133982594007,0.1849149155243383,0.1349676,0.3330237760458923
2026-04-24 14:25:00,0.09746303469546108,0.1299133982594007,0.1927577718124279,0.14203733,0.3340839203731003
2026-04-24 14:30:00,0.10059422879561239,0.1299133982594007,0.18917212352754656,0.15941614,0.332914273625387
2026-04-24 14:35:00,0.07698917535833419,0.1299133982594007,0.1935763241042516,0.13027236,0.33348693366728893
2026-04-24 14:40:00,0.054169405381838856,0.1299133982594007,0.19329883417316363,0.18972027,0.3334865112269126
2026-04-24 14:45:00,0.055149881208672036,0.1299133982594007,0.19045111554160896,0.16947006,0.33204395822720756
2026-04-24 14:50:00,0.05739486007092222,0.1299133982594007,0.18651571132655986,0.11868462,0.3305784676147114
2026-04-24 14:55:00,0.06467353797319127,0.1299133982594007,0.1903528577831391,0.24038897,0.3304320514240262
2026-04-24 15:00:00,0.0694283810437814,0.1299133982594007,0.18427144519415162,0.1827523,0.3292670226952409
2026-04-24 15:05:00,0.06734893518461758,0.1299133982594007,0.18361914898495707,0.12073424,0.32850955209016497
2026-04-24 15:10:00,0.06791672565581516,0.1299133982594007,0.18450755460177448,0.12249394,0.32810561268595245
2026-04-24 15:15:00,0.23534433663817975,0.1299133982594007,0.18368670662139122,0.12825948,0.3275512284953944
2026-04-24 15:20:00,0.2292483670064743,0.1299133982594007,0.18636567927994566,0.13426848,0.32848700782262136
2026-04-24 15:25:00,0.24564052257014607,0.1299133982594007,0.1839993571912809,0.1285298,0.3280482103846271
2026-04-24 15:30:00,0.2466251265890549,0.1299133982594007,0.18201828650299373,0.1109272,0.3273787153686133
2026-04-24 15:35:00,0.24516325534097572,0.1299133982594007,0.18395123320369608,0.15896866,0.32724087174951794
2026-04-24 15:40:00,0.12497746805715826,0.1299133982594007,0.21843704134494935,0.18271555,0.353192702810459
2026-04-24 15:45:00,0.1258258069178579,0.1299133982594007,0.19713940636397162,0.15427323,0.34767681693310304
2026-04-24 15:50:00,0.08698435123722423,0.1299133982594007,0.20695689279845803,0.190801,0.34748995750126166
2026-04-24 15:55:00,0.08581374258211809,0.1299133982594007,0.20060661298273302,0.17865203,0.34331086936783317
2026-04-24 16:00:00,0.08651725882987377,0.1299133982594007,0.1991113445010782,0.20220341,0.339687596612065
2026-04-24 16:05:00,0.06415114836027795,0.1299133982594007,0.19552186237864833,0.16550972,0.3401469091666393
2026-04-24 16:10:00,0.07049758502764253,0.1299133982594007,0.18947493258182435,0.16275801,0.3372132982877888
2026-04-24 16:15:00,0.08578315637923764,0.1299133982594007,0.18567448522636598,0.15274748,0.3348081415094555
2026-04-24 16:20:00,0.08499221483965848,0.1299133982594007,0.18606165648241202,0.16688824,0.33296206532155637
2026-04-24 16:25:00,0.09088485043869436,0.1299133982594007,0.1855761489848398,0.15979022,0.33140225108348753
2026-04-24 16:30:00,0.07415356107637046,0.1299133982594007,0.18759556849279438,0.14672422,0.33175276626794453
2026-04-24 16:35:00,0.06656898646496423,0.1299133982594007,0.18596636560885593,0.15434054,0.3309062000900675
2026-04-24 16:40:00,0.0540738576229607,0.1299133982594007,0.18901865527008602,0.1907594,0.33100680335258126
2026-04-24 16:45:00,0.05229767680898147,0.1299133982594007,0.1854987336518581,0.21961232,0.32983303070767045
2026-04-24 16:50:00,0.052774926331872,0.1299133982594007,0.18801066272290995,0.17582133,0.32944296130865514
2026-04-24 16:55:00,0.04925706550225841,0.1299133982594007,0.1852503946300139,0.16358073,0.3287086133830095
2026-04-24 17:00:00,0.051876951703531946,0.1299133982594007,0.18300045227642173,0.1344971,0.3278915093784849
2026-04-24 17:05:00,0.04102500858530107,0.1299133982594007,0.18454495300569396,0.13512549,0.327786188723175
2026-04-24 17:10:00,0.045395043093593414,0.1100177564698474,0.18155113265665984,0.12300753,0.32714610734566607
2026-04-24 17:15:00,0.05404524872092114,0.13013954433552172,0.18468030733462074,0.12237283,0.32731807258439394
2026-04-24 17:20:00,0.05586309748164532,0.1252991684916468,0.1818957836118544,0.124689326,0.32681110911976685
2026-04-24 17:25:00,0.08471182536552373,0.15488251502273084,0.18282341148218087,0.13599472,0.3265126204453897
2026-04-24 17:30:00,0.09045902525766433,0.10286659279187935,0.17854918941727,0.10177629,0.3261376716018152
2026-04-24 17:35:00,0.08863895735321063,0.09249043082367837,0.18025679610656806,0.14315253,0.3260287563674106
2026-04-24 17:40:00,0.07588224156834064,0.12089007767934201,0.18308757331858735,0.16150782,0.3268887191869257
2026-04-24 17:45:00,0.07637745539282338,0.16882565418368678,0.18049185951723695,0.0983708,0.32657480050595583
2026-04-24 17:50:00,0.05460626115517625,0.14026172611499535,0.18784705747101968,0.23698817,0.3285076768177395
2026-04-24 17:55:00,0.044109369000474824,0.14536348352429979,0.1848551456769297,0.208353,0.32827896707111687
2026-04-24 18:00:00,0.05169430686483835,0.1333445258971687,0.18240551328120394,0.19015846,0.32756927684845233
2026-04-24 18:05:00,0.07600830446269648,0.13719511335511136,0.1811540181005805,0.12474882,0.3269893897332015
2026-04-24 18:10:00,0.07426688414423226,0.13925951017687518,0.18237152281928054,0.13878709,0.3266961815032681
2026-04-24 18:15:00,0.06686627851469551,0.13683088693049353,0.18238806693996581,0.08855293,0.32707023906821947
2026-04-24 18:20:00,0.06721873987962454,0.13497379071423918,0.17779019315498595,0.09015943,0.32656876820117525
2026-04-24 18:25:00,0.06211286368080618,0.14386046368032018,0.18090646424833606,0.08986433,0.3265904921998097
2026-04-24 18:30:00,0.034876293544132,0.12076568764601596,0.18567904168204605,0.18392584,0.3278789964294356
2026-04-24 18:35:00,0.0445610458907066,0.12490849330982133,0.18121735987519202,0.15308285,0.3272682256728242
2026-04-24 18:40:00,0.06615859390975584,0.12194765642860185,0.18155551419930563,0.116491266,0.32696488122232237
2026-04-24 18:45:00,0.06685403650805863,0.132877697672981,0.18025426139281606,0.11274481,0.32650982121443684
2026-04-24 18:50:00,0.06596545412389883,0.11175824634229452,0.18020778429766166,0.10796441,0.32618646839580084
2026-04-24 18:55:00,0.08500634792013566,0.12917164593431135,0.17883377704838094,0.06487453,0.32613147016973365
2026-04-24 19:00:00,0.08035335657251248,0.13888424681131298,0.18039391223166476,0.09381189,0.3262834062007916
2026-04-24 19:05:00,0.06123093626726465,0.1293124948854723,0.18460606007297894,0.17163795,0.32746633039430484
2026-04-24 19:10:00,0.06006242954242697,0.13371306168177863,0.18082833939017923,0.118715346,0.32696179164839484
2026-04-24 19:15:00,0.06270642164563765,0.12847882815833134,0.17988374522936573,0.13382614,0.3264849708359532
2026-04-24 19:20:00,0.024993306310986334,0.1380012075571006,0.18692235802820842,0.26079625,0.3279201787522123
2026-04-24 19:25:00,0.04188716153132813,0.12393287190079372,0.1820045453002185,0.14146598,0.32730121097470577
2026-04-24 19:30:00,0.04371779898414723,0.12514785342697715,0.1803282489252989,0.11114013,0.32682075111897285
2026-04-24 19:35:00,0.05873207600345634,0.12637854563246959,0.17916369905675322,0.14214838,0.3263676763384723
2026-04-24 19:40:00,0.10678559736375275,0.13886934505250867,0.18078878374840546,0.12072552,0.28545157972446383
2026-04-24 19:45:00,0.13916016834264422,0.13083956304527986,0.17650553645924844,0.07032849,0.28497483197338536
2026-04-24 19:50:00,0.17661905648853213,0.13330314882502098,0.18054927025281428,0.0798039,0.2853318596789913
2026-04-24 19:55:00,0.22973832169531339,0.15684148360740363,0.179034666994504,0.09222149,0.2850126148820613
2026-04-27 13:30:00,0.22715416741282696,0.1435812241679597,0.16154780926001044,0.09275741,0.28557099408675707
2026-04-27 13:35:00,0.20924706688880382,0.11333755611812533,0.17269466468509412,0.14089926,0.2904754529851933
2026-04-27 13:40:00,0.19024432696099552,0.14762913076487694,0.17658481041182758,0.16909653,0.29445726750586737
2026-04-27 13:45:00,0.15257706994352566,0.1300668942825576,0.18405445525780406,0.18570845,0.301003784568161
2026-04-27 13:50:00,0.06690021919129228,0.12014090930350604,0.19435658279279158,0.26825613,0.31190032791906114
2026-04-27 13:55:00,0.07031062690791565,0.12345001867578213,0.1802128106707607,0.17448682,0.30802586293722894
2026-04-27 14:00:00,0.07423558927881711,0.13867818475860674,0.17877047532258994,0.17609268,0.30473174517672663
2026-04-27 14:05:00,0.07178178767065702,0.13416267762862868,0.17686924743361954,0.1849346,0.30185682708689043
2026-04-27 14:10:00,0.10777835129510542,0.13526722004150868,0.17221360661294724,0.21682201,0.299177910682955
2026-04-27 14:15:00,0.09252185524089318,0.1366175124703193,0.16872668927721798,0.13723591,0.29871458696169384
2026-04-27 14:20:00,0.09573392143018741,0.11806883598080604,0.166185297755623,0.12465499,0.2968943394512202
2026-04-27 14:25:00,0.09289298869507528,0.13897923914947233,0.1668162978447173,0.12455484,0.2954595779095331
2026-04-27 14:30:00,0.09296417116498785,0.13959893026286127,0.16407905252733362,0.14183445,0.29360768358439693
2026-04-27 14:35:00,0.11057206769368401,0.12756736845688493,0.17584143375969968,0.11569001,0.2962018352770477
2026-04-27 14:40:00,0.11265342354045052,0.1331717561196125,0.16565255252351274,0.17686994,0.29420056855741894
2026-04-27 14:45:00,0.10891747519303399,0.13445330316883966,0.1698374938318249,0.18147399,0.29339000743186644
2026-04-27 14:50:00,0.10673129856581558,0.13871422872337094,0.16792654986975186,0.17906763,0.29209288236166403
2026-04-27 14:55:00,0.11355535292079412,0.1294420685332636,0.1665795833025917,0.18971619,0.29071056918747573
2026-04-27 15:00:00,0.08126267885883692,0.1451945552551963,0.17879322181448903,0.15181498,0.29603678958072094
2026-04-27 15:05:00,0.07835228643720177,0.131089857939655,0.1704793289878665,0.15757076,0.29435653782676546
2026-04-27 15:10:00,0.07496536143036783,0.13142569694664535,0.17037696495044344,0.14893728,0.2929905477211567
2026-04-27 15:15:00,0.08227083163125287,0.13775952271193057,0.1681048193090762,0.12053574,0.2914428347316048
2026-04-27 15:20:00,0.0753133362133756,0.13229291210418886,0.17248345502943796,0.15254475,0.2911279974013864
2026-04-27 15:25:00,0.043557545394930494,0.12363899555569423,0.1714613537046187,0.10621316,0.2923477635598767
2026-04-27 15:30:00,0.05104660733145463,0.12735525356805744,0.16418899746488516,0.15803161,0.29087295611525377
2026-04-27 15:35:00,0.051173873835683496,0.15725201768019154,0.16356212300416995,0.1274826,0.2896502298932196
2026-04-27 15:40:00,0.05471725921267524,0.12572716703503242,0.1651512238830669,0.1333362,0.28931444518619376
2026-04-27 15:45:00,0.05647028850840216,0.1445853299495452,0.16320118781369575,0.12730974,0.28858268364565515
2026-04-27 15:50:00,0.05649311529297343,0.12626570890948502,0.15884485369030046,0.11198755,0.28770344043576607
2026-04-27 15:55:00,0.05927404683960696,0.12822121897222016,0.1612939886209163,0.115091264,0.2873373370130636
2026-04-27 16:00:00,0.059274575244838895,0.11927129288559134,0.15947233438243352,0.11666504,0.28661384642176924
2026-04-27 16:05:00,0.06006852514230139,0.12749439604848176,0.16285959841080455,0.09896197,0.2869545146814028
2026-04-27 16:10:00,0.05693450042097642,0.12567511570507114,0.1616132514922115,0.10134785,0.2866817132707644
2026-04-27 16:15:00,0.06015007174779859,0.13135395117099447,0.15987890718627729,0.09764478,0.2860692685420335
2026-04-27 16:20:00,0.05268470488459919,0.13275630186337053,0.16251706692204596,0.09733611,0.2861462833730047
2026-04-27 16:25:00,0.058851295377604494,0.13626436807474648,0.15938370086627496,0.09833574,0.28558930213473843
2026-04-27 16:30:00,0.045283671561065525,0.1214100792095384,0.1629733805147375,0.12609012,0.28613902206286107
2026-04-27 16:35:00,0.0437634866462679,0.12201351951638095,0.16012398978701747,0.10019893,0.2857386985438702
2026-04-27 16:40:00,0.037650118533035154,0.1349870779767115,0.16089115353483022,0.09679252,0.2855077577558011
2026-04-27 16:45:00,0.0390873463023269,0.13308766108810283,0.15926739097210643,0.09261006,0.285106444665859
2026-04-27 16:50:00,0.03959517896819613,0.1365400221094514,0.16017268563254555,0.103970915,0.2851517030119848
2026-04-27 16:55:00,0.04912145304263886,0.1280698390165616,0.15745617274857784,0.10443317,0.28482783107333276
2026-04-27 17:00:00,0.05703543278421641,0.12478182242630746,0.1570968340044753,0.10279854,0.2845221260921618
2026-04-27 17:05:00,0.1008782234562765,0.13040256799559732,0.15521235018954344,0.11615713,0.2841320152089446
2026-04-27 17:10:00,0.11723533471275313,0.11836483327571329,0.1568191211967703,0.09619412,0.28399779823257576
2026-04-27 17:15:00,0.11436264092055956,0.12988823888503542,0.15757432301288923,0.09203921,0.28422713294754476
2026-04-27 17:20:00,0.10975123979469761,0.11881345365550752,0.15913894934148945,0.09836449,0.284595575836139
2026-04-27 17:25:00,0.10700345506864184,0.12174035901666247,0.15998984648867975,0.09957619,0.2848807144053404
2026-04-27 17:30:00,0.0700356250931255,0.1170557790024044,0.17061120460511903,0.2115738,0.28900578481818945
2026-04-27 17:35:00,0.03210956732563497,0.13883344104070258,0.17037559560461502,0.19310398,0.29051927694310675
2026-04-27 17:40:00,0.03134464699440846,0.12138308739642081,0.1647448007095414,0.16707031,0.2893947483189881
2026-04-27 17:45:00,0.033602090916254136,0.13255448042702286,0.16360775504761013,0.16774784,0.28835411011487594
2026-04-27 17:50:00,0.03232701790741366,0.12368274074690404,0.16489217382150098,0.14520778,0.28771536784326246
2026-04-27 17:55:00,0.02633013332142845,0.12165130620051194,0.1609852793799385,0.11981278,0.28712814336690906
2026-04-27 18:00:00,0.02724437936638155,0.12590090573726642,0.1550864387441313,0.07947935,0.28637039133071224
2026-04-27 18:05:00,0.026098768817029088,0.12138208287312414,0.15613968970554856,0.06283068,0.28579124350586466
2026-04-27 18:10:00,0.022048245994227566,0.11845590144138297,0.1566257603141187,0.07114465,0.28534982066058356
2026-04-27 18:15:00,0.03810537904243491,0.12253748354434138,0.15706394325903766,0.07201919,0.28507714257174804
2026-04-27 18:20:00,0.04155052966364066,0.12226334806690865,0.15482762419627005,0.059793983,0.2846269589568373
2026-04-27 18:25:00,0.04481195027838232,0.13308679201329693,0.15502975920245793,0.058711354,0.2842517867913085
2026-04-27 18:30:00,0.04431186695423347,0.12546036205856256,0.1548547715917793,0.058711354,0.283929375921619
2026-04-27 18:35:00,0.04435609347120596,0.12235555120542427,0.1537526891022824,0.08007119,0.28362002920553997
2026-04-27 18:40:00,0.028350457884819536,0.12881821446294248,0.15924137738726568,0.083274215,0.28423490386620565
2026-04-27 18:45:00,0.030634789121271263,0.12431128370898062,0.15755053856105944,0.1010137,0.28408576545081343
2026-04-27 18:50:00,0.037286267644160334,0.13024411360894175,0.157962882951912,0.09898723,0.28397432157724634
2026-04-27 18:55:00,0.03816076831285237,0.12909337213246874,0.15617932587537675,0.13184725,0.28366126308927453
2026-04-27 19:00:00,0.03873881186524254,0.1315744575792556,0.15614172369794782,0.13184725,0.283392284808981
2026-04-27 19:05:00,0.03669465109199235,0.12820465062467867,0.15561843919999588,0.072067775,0.2832641556501211
2026-04-27 19:10:00,0.030174310194806514,0.12280210816011844,0.15665432311527244,0.07428245,0.28334225065418356
2026-04-27 19:15:00,0.012622107855109425,0.11420954868813113,0.15801978425001761,0.09048154,0.283637339163026
2026-04-27 19:20:00,0.04435015979429204,0.12492479834752929,0.15485138328879286,0.09120184,0.28341575107184863
2026-04-27 19:25:00,0.06261081205526521,0.12280082706067785,0.1539169391892693,0.061998013,0.2832110491393813
2026-04-27 19:30:00,0.06259106017276188,0.12536997142308356,0.15315056502797303,0.10886566,0.2830055340983012
2026-04-27 19:35:00,0.5071350849068132,0.1271458577304243,0.15250297512920583,0.08860556,0.2828290185683541
2026-04-27 19:40:00,0.5119483973398328,0.1254583537588473,0.15105900995431137,0.046712298,0.28269537754648677
2026-04-27 19:45:00,0.5122110151282969,0.12405127144070284,0.15860116596690943,0.09331568,0.2838136075742074
2026-04-27 19:50:00,0.5107473280034318,0.12863999195864423,0.16097192780924624,0.09353571,0.28485223793184833
2026-04-27 19:55:00,0.5176513245148603,0.1203170096800228,0.15627171763748088,0.13842945,0.28441413910813423
2026-04-28 13:30:00,0.12149575266260206,0.20031719022509709,0.2693287473985978,0.34235927,0.42006223050085256
2026-04-28 13:35:00,0.10091681178208403,0.10487102634360769,0.22325880070093865,0.35074568,0.4056655811901631
2026-04-28 13:40:00,0.13151176936929174,0.10478145489416893,0.22077956401777768,0.32204464,0.3915435326280221
2026-04-28 13:45:00,0.14672478263120484,0.1466618943840521,0.2180785021448003,0.31691378,0.3781828064900469
2026-04-28 13:50:00,0.12639298382308695,0.13816216293229971,0.22566842807970727,0.2591407,0.36971612051391994
2026-04-28 13:55:00,0.126182090367346,0.12342351124564395,0.17884291760783788,0.2597436,0.3586031479264615
2026-04-28 14:00:00,0.12629319000367628,0.1248448840264584,0.17793681381712767,0.2361809,0.3489387193999329
2026-04-28 14:05:00,0.09583342856944381,0.1144340058988624,0.18956810755118292,0.26838383,0.3453319527665786
2026-04-28 14:10:00,0.1315927609641212,0.12681009281165673,0.18825028631045115,0.2077126,0.33969901621182275
2026-04-28 14:15:00,0.1360016029596386,0.13372101366967526,0.18314095021147905,0.17698845,0.33298297135525673
2026-04-28 14:20:00,0.14557531869024198,0.12049134545833975,0.17933098239576173,0.18161225,0.32622227614190713
2026-04-28 14:25:00,0.15699260975121943,0.12644220463312428,0.1810174815506838,0.18596165,0.3205238131610378
2026-04-28 14:30:00,0.19278383576513508,0.1417072587903998,0.1813777420946695,0.19315885,0.3168093210222405
2026-04-28 14:35:00,0.15632786053191355,0.13981500857043397,0.19212734327518768,0.34058112,0.31978220398612117
2026-04-28 14:40:00,0.1639036417290851,0.11370779385571245,0.1860442581741827,0.15772699,0.3163068840001457
2026-04-28 14:45:00,0.17654107243524564,0.12885859480278494,0.18705118332841408,0.1685316,0.3132840242118442
2026-04-28 14:50:00,0.16545171333116682,0.13418995443577175,0.18935903257190143,0.17407568,0.31135200949473835
2026-04-28 14:55:00,0.1240034591659578,0.0968258416918072,0.1998698690858113,0.1800829,0.31642992688443794
2026-04-28 15:00:00,0.1329026434488451,0.12634174981109444,0.18439145963378298,0.1732901,0.31183589954686136
2026-04-28 15:05:00,0.11568847022426884,0.13108425655838382,0.1916903673100657,0.16691665,0.31090117442805976
2026-04-28 15:10:00,0.08462847463391897,0.1137946502915263,0.19437394962699084,0.15704602,0.31122934363030413
2026-04-28 15:15:00,0.08508565795892212,0.12093320049556996,0.18501772875331302,0.18225163,0.30725326878571435
2026-04-28 15:20:00,0.07328412183987142,0.13995268374084335,0.17555381039923607,0.15299013,0.3056383369706935
2026-04-28 15:25:00,0.06707357455900066,0.1309862943750157,0.1756579142671151,0.18589668,0.3038819313875905
2026-04-28 15:30:00,0.06291824741372228,0.13000252868587836,0.17177237975883158,0.15481642,0.3013931153649584
2026-04-28 15:35:00,0.061698954607966476,0.12588559927526252,0.16860879137489174,0.15102443,0.29918894985610567
2026-04-28 15:40:00,0.06336460054452028,0.12369226531224657,0.1663717940871574,0.14516237,0.29685953239364
2026-04-28 15:45:00,0.057086531123704064,0.13078958919947897,0.16772577887508872,0.11808861,0.2954973429634354
2026-04-28 15:50:00,0.043359864895904335,0.12349705369265225,0.16780695755437341,0.12809029,0.29458821141277836
2026-04-28 15:55:00,0.04565100863059043,0.12402750321734085,0.16451173215202117,0.15275961,0.29301807707412564
2026-04-28 16:00:00,0.04564904476935183,0.1268883759938997,0.16485839947084732,0.11545076,0.29186246177356007
2026-04-28 16:05:00,0.08188034690954601,0.12613018606872486,0.164174592537275,0.12738052,0.29066745899446883
2026-04-28 16:10:00,0.08097583661689864,0.1240281856047211,0.16373990017617304,0.1276871,0.28967251453172765
2026-04-28 16:15:00,0.08379051691467347,0.12271828205561637,0.16170153603832627,0.11704641,0.28867844556947475
2026-04-28 16:20:00,0.08577271356909459,0.12340655127776268,0.16284404802123265,0.114100106,0.28805924843417713
2026-04-28 16:25:00,0.10988933288430523,0.1334513558064844,0.16211421383147384,0.10575827,0.28759420874431374
2026-04-28 16:30:00,0.08512394116986653,0.13631689539666667,0.17069179993093875,0.13906652,0.2900206977369202
2026-04-28 16:35:00,0.11122283600922918,0.12423397421980978,0.16448253148094533,0.12702173,0.2890192171031533
2026-04-28 16:40:00,0.11264569376131242,0.13008359925031207,0.1655457604233726,0.12954968,0.2884200517566797
2026-04-28 16:45:00,0.10978917646923571,0.11781665657724509,0.16487163202045363,0.12895647,0.28805770226095856
2026-04-28 16:50:00,0.0947993577155366,0.11778791925844974,0.1724479907295822,0.14356229,0.29067860957207015
2026-04-28 16:55:00,0.10025974176906137,0.1282983453359036,0.1628489473380078,0.13652706,0.2895109651098838
2026-04-28 17:00:00,0.07543483179314124,0.13410928730257732,0.17191164742876014,0.1511444,0.29191843520979444
2026-04-28 17:05:00,0.08339137881744833,0.12339580797372043,0.16758880102097493,0.15391284,0.29112232553124706
2026-04-28 17:10:00,0.08444129806777788,0.12353809460480897,0.165342299058212,0.155329,0.2899675089599402
2026-04-28 17:15:00,0.07191024994379851,0.12353809460480897,0.16736015653039096,0.15055586,0.2903133899924514
2026-04-28 17:20:00,0.06310004545987544,0.12353809460480897,0.16648435499794947,0.14266671,0.2898917774436758
2026-04-28 17:25:00,0.05755107166893064,0.12353809460480897,0.16377991517135917,0.10878709,0.2894069881277391
2026-04-28 17:30:00,0.04157889832735427,0.12353809460480897,0.1664488598752813,0.14732003,0.2897878043505698
2026-04-28 17:35:00,0.041926946890485456,0.12353809460480897,0.1635877568649957,0.15815434,0.2889332000650617
2026-04-28 17:40:00,0.040774464231843985,0.12353809460480897,0.16200729174682457,0.11653318,0.2881441377842681
2026-04-28 17:45:00,0.04113738988096978,0.12353809460480897,0.15929048176313046,0.18261255,0.28724625797706244
2026-04-28 17:50:00,0.0637505879163037,0.12353809460480897,0.1605365884695322,0.117192626,0.28669275576235653
2026-04-28 17:55:00,0.05854210754784348,0.12353809460480897,0.15977059239893968,0.10666697,0.28641947650256044
2026-04-28 18:00:00,0.05482833615148517,0.12353809460480897,0.15935506341715547,0.10521868,0.28605510262561534
2026-04-28 18:05:00,0.0656994493116058,0.12353809460480897,0.15864179857309946,0.11224859,0.2856056750565556
2026-04-28 18:10:00,0.06546145111218254,0.12353809460480897,0.15756071742226638,0.092589155,0.2850816890335768
2026-04-28 18:15:00,0.06162499276627391,0.12353809460480897,0.16499228050892925,0.10802735,0.2864024111159122
2026-04-28 18:20:00,0.06165309807528958,0.12353809460480897,0.1585550860907823,0.15294917,0.2857488928166772
2026-04-28 18:25:00,0.06700768363787275,0.12353809460480897,0.15847128698703358,0.119199276,0.2851999015570842
2026-04-28 18:30:00,0.05467883985379569,0.12353809460480897,0.16335065930997816,0.124476224,0.28573898006527965
2026-04-28 18:35:00,0.056450709618715414,0.12353809460480897,0.15905705367975362,0.16191049,0.28517562458398305
2026-04-28 18:40:00,0.052973211413379497,0.12353809460480897,0.16331232263789966,0.1618406,0.28616069988543424
2026-04-28 18:45:00,0.05290342875294299,0.12353809460480897,0.1585231999410946,0.11301398,0.2855432605559469
2026-04-28 18:50:00,0.06027205175516472,0.12353809460480897,0.16101259888405942,0.10411095,0.28547972095336555
2026-04-28 18:55:00,0.05987774680237773,0.12353809460480897,0.15755845621289258,0.086330906,0.2849850908796278
2026-04-28 19:00:00,0.05881348395100262,0.12353809460480897,0.15848291645526966,0.10738452,0.2846582112289496
2026-04-28 19:05:00,0.06357392077226959,0.12353809460480897,0.16118712822554093,0.102315776,0.285466260907765
2026-04-28 19:10:00,0.07628471487345359,0.12353809460480897,0.15645807889662025,0.12796284,0.2849411226396406
2026-04-28 19:15:00,0.06685342859016578,0.12353809460480897,0.16142211397467737,0.09866277,0.2855156572045022
2026-04-28 19:20:00,0.06830242049387583,0.12353809460480897,0.15695065532402783,0.14649178,0.2849845591033218
2026-04-28 19:25:00,0.06870621478504467,0.12353809460480897,0.15754888826463076,0.11783026,0.28457383818477944
2026-04-28 19:30:00,0.04803680193139002,0.12353809460480897,0.16273681532132273,0.16417691,0.28577977757982836
2026-04-28 19:35:00,0.21924075158987963,0.12353809460480897,0.16347814303261285,0.12586409,0.28638681870440547
2026-04-28 19:40:00,0.2266385427296114,0.12353809460480897,0.1595045058183693,0.11473866,0.2858629608396556
2026-04-28 19:45:00,0.23732428150878837,0.12353809460480897,0.15958457906895163,0.12546253,0.28541300179930806
2026-04-28 19:50:00,0.23732515026925813,0.12353809460480897,0.15927318256518558,0.116903804,0.2849788537306179
2026-04-28 19:55:00,0.2553672741977872,0.12353809460480897,0.15631347490157926,0.101997696,0.2845269585457964
2026-04-29 13:30:00,0.13439997748604246,0.12353809460480897,0.20088759335266715,0.21673873,0.31417831075006675
2026-04-29 13:35:00,0.1209444013724283,0.12353809460480897,0.18452724348117147,0.18105479,0.31191465518594685
2026-04-29 13:40:00,0.09823686863709508,0.12353809460480897,0.18730599920014662,0.21896747,0.3109694612319307
2026-04-29 13:45:00,0.10746887723051811,0.12353809460480897,0.18078322784046436,0.24035177,0.30707495916701344
2026-04-29 13:50:00,0.053035051329092316,0.12353809460480897,0.1920053425018832,0.16112703,0.30910451803049727
2026-04-29 13:55:00,0.0648425702426227,0.12353809460480897,0.17218100989608473,0.1866444,0.30561624313739344
2026-04-29 14:00:00,0.06731795964723153,0.12353809460480897,0.16943319152771041,0.17406455,0.30238495330610843
2026-04-29 14:05:00,0.08852460214957157,0.12353809460480897,0.1678360988028358,0.14225864,0.29965858572782217
2026-04-29 14:10:00,0.07655153368556777,0.12353809460480897,0.17223850426678744,0.12607539,0.29847113968901284
2026-04-29 14:15:00,0.0755102810344878,0.12353809460480897,0.16344628161257502,0.10083254,0.29625988990852425
2026-04-29 14:20:00,0.08050733635041735,0.12353809460480897,0.16788843220197947,0.13031474,0.2953872727081462
2026-04-29 14:25:00,0.08050848681006308,0.12353809460480897,0.16560478711873128,0.12911062,0.2937409751506061
2026-04-29 14:30:00,0.06031664374479105,0.12353809460480897,0.1721476605740602,0.14464168,0.2943165247486307
2026-04-29 14:35:00,0.07577228705533433,0.12353809460480897,0.16527364715393963,0.12396374,0.2925989425407355
2026-04-29 14:40:00,0.10242390774801396,0.12353809460480897,0.16456448421861541,0.1519791,0.2910857997838412
2026-04-29 14:45:00,0.10316682340729631,0.12353809460480897,0.170520931674359,0.14557423,0.2914447813676813
2026-04-29 14:50:00,0.1172633124053469,0.12353809460480897,0.16705370895257332,0.13928553,0.29034126853728465
2026-04-29 14:55:00,0.1164316015700306,0.12353809460480897,0.1656148809292638,0.13861321,0.28955581926520296
2026-04-29 15:00:00,0.10699186101996319,0.12353809460480897,0.16952734793757893,0.121701136,0.2898684479890322
2026-04-29 15:05:00,0.08186468226662084,0.12353809460480897,0.1748511331430727,0.12852168,0.2918249251028665
2026-04-29 15:10:00,0.06857987177573598,0.12353809460480897,0.17326947365180517,0.13071848,0.2921773738003898
2026-04-29 15:15:00,0.03700574226808302,0.12353809460480897,0.17561961787373812,0.39267474,0.29298474296382365
2026-04-29 15:20:00,0.04975605004967853,0.12353809460480897,0.16802109109048868,0.16498016,0.29170635717123605
2026-04-29 15:25:00,0.189555430833325,0.12353809460480897,0.1652239630270115,0.1252607,0.29034304988643045
2026-04-29 15:30:00,0.2017142879836886,0.12353809460480897,0.16182522098169688,0.12887618,0.2891429482586203
2026-04-29 15:35:00,0.2069726464365051,0.12353809460480897,0.16321028286457054,0.11976334,0.28857313962077225
2026-04-29 15:40:00,0.20666088388682655,0.12353809460480897,0.15769648817844417,0.09113019,0.28771999632046746
2026-04-29 15:45:00,0.2054402245074403,0.12353809460480897,0.1619523132673646,0.10247458,0.287900736246862
2026-04-29 15:50:00,0.10362149097029394,0.12353809460480897,0.19406720854401263,0.20120391,0.30831340735773816
2026-04-29 15:55:00,0.08843062423217249,0.12353809460480897,0.18329189838610083,0.16168766,0.3076304043062629
2026-04-29 16:00:00,0.09616277871164508,0.12353809460480897,0.18219191997542147,0.17650083,0.3058704615130388
2026-04-29 16:05:00,0.13367906370078253,0.12353809460480897,0.17698911631664033,0.16415821,0.30258793463287986
2026-04-29 16:10:00,0.1392743387047339,0.12353809460480897,0.1797026662469475,0.17934138,0.3003826588217935
2026-04-29 16:15:00,0.13883359253517635,0.12353809460480897,0.17125522044180866,0.170291,0.29909844434225197
2026-04-29 16:20:00,0.13215794273115558,0.12353809460480897,0.16942892864887268,0.1550584,0.2978741480900776
2026-04-29 16:25:00,0.11478616972235194,0.12353809460480897,0.17291474040471666,0.1550917,0.2983722914317844
2026-04-29 16:30:00,0.06950883394562582,0.12353809460480897,0.18013068723837986,0.2327756,0.30154836764277265
2026-04-29 16:35:00,0.05169896236292805,0.12353809460480897,0.1761177102711573,0.24829467,0.30044669886156194
2026-04-29 16:40:00,0.033161210734963704,0.12353809460480897,0.17541199015885237,0.20512322,0.29907616564533124
2026-04-29 16:45:00,0.032611389596327915,0.12353809460480897,0.1706622603090456,0.16693336,0.29670435696989605
2026-04-29 16:50:00,0.03267723617856092,0.12353809460480897,0.1682181226974978,0.181809,0.2946299709246893
2026-04-29 16:55:00,0.029741351328341308,0.12353809460480897,0.1653561603294267,0.15266325,0.29303787311589224
2026-04-29 17:00:00,0.03440580191698923,0.12353809460480897,0.16376429339765153,0.118847564,0.2917338568805466
2026-04-29 17:05:00,0.031232137842011346,0.12353809460480897,0.16150567420294548,0.11172987,0.2905566025668447
2026-04-29 17:10:00,0.0327441222630948,0.10739216116866503,0.15952029440223836,0.11378095,0.289323580367396
2026-04-29 17:15:00,0.03342551737935448,0.10739220986706353,0.15967699062749618,0.11603772,0.2882636719125573
2026-04-29 17:20:00,0.07074568153246372,0.10739220044861152,0.1603862246522156,0.09853614,0.28743138512214644
2026-04-29 17:25:00,0.06799511197703048,0.10739220043660874,0.16251347591840526,0.10996871,0.2871036377943744
2026-04-29 17:30:00,0.07777623076085391,0.1073921938906659,0.16052992547576103,0.09853614,0.2864331683325281
2026-04-29 17:35:00,0.1806697611488453,0.10739219348568498,0.16042100230941544,0.09521393,0.28583671967946833
2026-04-29 17:40:00,0.1999773124720349,0.1073921918581133,0.1573486062821687,0.058553267,0.28529220556956625
2026-04-29 17:45:00,0.19287252096932903,0.1073921624044879,0.16698683858000474,0.107177675,0.28744410281934935
2026-04-29 17:50:00,0.20186196571009407,0.10739221392929348,0.1615896021158431,0.11631236,0.2868631468488987
2026-04-29 17:55:00,0.1979832854497818,0.107392153436718,0.16498326587524553,0.10829161,0.2871665990867347
2026-04-29 18:00:00,0.12059325464793288,0.1073922924748112,0.19069365069078126,0.23858586,0.303512278350893
2026-04-29 18:05:00,0.08910040161160378,0.10739224182446346,0.18464275879714517,0.16579737,0.3051424912408598
2026-04-29 18:10:00,0.09714488504058455,0.10739219848621086,0.17839810586204077,0.17908245,0.30270173525878535
2026-04-29 18:15:00,0.12313330170686501,0.10739215115877838,0.18219329721240068,0.18770641,0.30225944503328334
2026-04-29 18:20:00,0.164172285085589,0.1073921849095435,0.17456964695983596,0.16101427,0.2994384099341464
2026-04-29 18:25:00,0.15916951747703467,0.10739219192273469,0.1716902225408262,0.15775058,0.2982871805134853
2026-04-29 18:30:00,0.2069254816676621,0.10739220455602487,0.1667022362109561,0.14941993,0.2965058915682834
2026-04-29 18:35:00,0.20192673528208355,0.10739218564202559,0.17029136241011406,0.13628943,0.296200840940761
2026-04-29 18:40:00,0.17685549608880194,0.10739224389055527,0.17851184820493324,0.14059871,0.30030619635423567
2026-04-29 18:45:00,0.1775510679180934,0.1073921410136216,0.18446874760980894,0.277227,0.305142344628018
2026-04-29 18:50:00,0.17642228409610397,0.10739217263441278,0.1744711777361082,0.19754873,0.3021976637070391
2026-04-29 18:55:00,0.11348223245808829,0.10739211820752956,0.19266161107800217,0.22669922,0.3107129599179947
2026-04-29 19:00:00,0.12150447441974574,0.10739222861520449,0.18044112438600754,0.16799103,0.30719145966863803
2026-04-29 19:05:00,0.1407224575814561,0.1073921820255546,0.17633209596343777,0.180731,0.30378399490921426
2026-04-29 19:10:00,0.1230077688870813,0.10739210199379663,0.1877968557968745,0.23547284,0.30823417404400494
2026-04-29 19:15:00,0.1364173955037532,0.1073921869466783,0.1762672337241949,0.14071362,0.3046310686616457
2026-04-29 19:20:00,0.1389070228374248,0.10739218695464786,0.17027336020403638,0.11155464,0.30151282976094607
2026-04-29 19:25:00,0.13404796213629705,0.10739218940964457,0.17605005800606274,0.1878198,0.3004079775260497
2026-04-29 19:30:00,0.1403530191512177,0.10739225477059304,0.1804910501900425,0.16163713,0.3010859385005755
2026-04-29 19:35:00,0.21365050482382042,0.10739214687720455,0.18046388565982707,0.20249978,0.3030525887388121
2026-04-29 19:40:00,0.2519189454574255,0.1073922311020699,0.17906332730782867,0.19008012,0.30231928268359076
2026-04-29 19:45:00,0.28789487892728644,0.10739216649353511,0.17577156490447945,0.19885318,0.299941425693257
2026-04-29 19:50:00,0.2897144055258924,0.10739216978570872,0.1747441349668928,0.17725192,0.29821500885318036
2026-04-29 19:55:00,0.31367381438949443,0.10739201373803843,0.18048162142312557,0.21142584,0.3003002285957413
2026-04-30 13:30:00,0.25664457157478704,0.10739211689979725,0.2001882875018842,0.19106536,0.3181940236445919
2026-04-30 13:35:00,0.2272940446055826,0.10739223167809485,0.20086803533233497,0.29534963,0.3258958866317826
2026-04-30 13:40:00,0.20230994219144635,0.1073920996032459,0.2048958223170822,0.2916312,0.33169464052430786
2026-04-30 13:45:00,0.20738071656485582,0.10739227115854359,0.19493783230638598,0.20398562,0.32641135673203536
2026-04-30 13:50:00,0.14768755211762008,0.10739228487969008,0.20878920137596269,0.25296256,0.33281209509063814
2026-04-30 13:55:00,0.15332664242457972,0.10739220041249095,0.19041756072921315,0.1722152,0.32652005540651985
2026-04-30 14:00:00,0.12868398448226895,0.10739214736020422,0.19350776956484778,0.1546384,0.32472182227301016
2026-04-30 14:05:00,0.08752535775806214,0.10739227105823851,0.1923305395420219,0.14823341,0.3245102255969848
2026-04-30 14:10:00,0.09627793235796295,0.10739214284235847,0.18966521062925285,0.16861519,0.32137748694206436
2026-04-30 14:15:00,0.16299688408083068,0.10739222002646692,0.1771904331404927,0.20147626,0.3161487537431714
2026-04-30 14:20:00,0.17458579569135654,0.10739217103278507,0.18191460302931378,0.2546927,0.3130104722765334
2026-04-30 14:25:00,0.2134076699931607,0.10739221551753018,0.17549708535369343,0.3991282,0.30886994468377205
2026-04-30 14:30:00,0.21371340658416343,0.10739219755161507,0.17200414431169428,0.22813956,0.3054851491974191
2026-04-30 14:35:00,0.19932582912234395,0.10739223266487977,0.1790506868484116,0.1809908,0.30594826310829515
2026-04-30 14:40:00,0.1643111649463062,0.10739208246869313,0.19225817602992093,0.15632258,0.31334289301980484
2026-04-30 14:45:00,0.14427288804155222,0.1073921535357219,0.18794153403133787,0.17309578,0.31295200636061377
2026-04-30 14:50:00,0.07572076100824375,0.10739210220917256,0.19684280168555343,0.20220521,0.31790753286356893
2026-04-30 14:55:00,0.07161890308118915,0.10739214697474263,0.18599539796383668,0.16538058,0.3134206856943825
2026-04-30 15:00:00,0.0757095623554963,0.10739214528198977,0.1823249046782546,0.13358006,0.30914818372361536
2026-04-30 15:05:00,0.031988582259149446,0.10739211846066568,0.18588019669814002,0.16358759,0.3083152312480808
2026-04-30 15:10:00,0.06657086737477286,0.10739223145833666,0.17806570155367543,0.17070708,0.3048245520996369
2026-04-30 15:15:00,0.06622940262004429,0.10739220774827622,0.17077952900762228,0.12286354,0.3017494337386828
2026-04-30 15:20:00,0.06884300752533633,0.10739218915565625,0.1681508960152566,0.22678684,0.29901527259673377
2026-04-30 15:25:00,0.11014314898482637,0.10739217255764175,0.1696023753296025,0.14903663,0.297032182547887
2026-04-30 15:30:00,0.11121433402058907,0.10739217305733391,0.16149919375036328,0.1650027,0.29491323572175354
2026-04-30 15:35:00,0.09355102616477375,0.1073922161854941,0.17144451706065564,0.12575607,0.29541140180911946
2026-04-30 15:40:00,0.09537283343466926,0.10739221715602082,0.1646705599820713,0.12744258,0.2935745277586348
2026-04-30 15:45:00,0.12365970577404188,0.10739207086291865,0.16595656913646173,0.12940684,0.29217539112957286
2026-04-30 15:50:00,0.0871545483696115,0.10739217662741304,0.17759351114545097,0.11847939,0.2958931141817252
2026-04-30 15:55:00,0.0926829918492423,0.10739222860480294,0.16908155488243576,0.17396739,0.2940812675243532
2026-04-30 16:00:00,0.09906398251155055,0.1073921934749305,0.16569298496625307,0.17686994,0.29236892360736066
2026-04-30 16:05:00,0.09850807268837368,0.10739215757635003,0.16785401592406765,0.16712499,0.29117215938341584
2026-04-30 16:10:00,0.058155976601012835,0.10739211527583697,0.17738666675043152,0.14857708,0.2941150363454124
2026-04-30 16:15:00,0.08014135344201484,0.10739222409388013,0.1670480196197571,0.14886819,0.292606593881837
2026-04-30 16:20:00,0.07253994588142672,0.10739217091447258,0.16946169649922582,0.14816415,0.29188984234710585
2026-04-30 16:25:00,0.08942370394560863,0.1073921141522661,0.16975317576147386,0.17325827,0.29127323788110004
2026-04-30 16:30:00,0.08757379569757653,0.10739222862324942,0.1665716372765445,0.14774156,0.29015652890247023
2026-04-30 16:35:00,0.12147947229167463,0.1073922046154165,0.1618877859726858,0.11489292,0.2891475735981772
2026-04-30 16:40:00,0.11318805542826951,0.10739222582275361,0.16744139187318896,0.121811114,0.2903128906468467
2026-04-30 16:45:00,0.12193784708382407,0.10739218344805983,0.16128656167448627,0.15224995,0.2891594637252139
2026-04-30 16:50:00,0.10575541077891895,0.10739221493052299,0.16921358473274262,0.14922518,0.29071029454559644
2026-04-30 16:55:00,0.11180986740997935,0.10739217772922964,0.16195481258217634,0.16277173,0.2894577502027451
2026-04-30 17:00:00,0.07342280094881481,0.10739214942505178,0.1750257404029398,0.17734073,0.2931536479981859
2026-04-30 17:05:00,0.0870176463621997,0.10739216624362115,0.1691637513606318,0.15373112,0.29248592920447936
2026-04-30 17:10:00,0.08162060726824723,0.11362936601138279,0.17111314641226194,0.1732428,0.292366509640822
2026-04-30 17:15:00,0.08031681189580973,0.11362936601138279,0.1663356745314189,0.15376355,0.29106676627757283
2026-04-30 17:20:00,0.08404075742246919,0.11362936601138279,0.16915559595801916,0.13674325,0.29062331200863833
2026-04-30 17:25:00,0.08276795627081496,0.11362936601138279,0.1628397428447258,0.14041749,0.28953500411361144
2026-04-30 17:30:00,0.07502767745635866,0.11362936601138279,0.16930594204611035,0.14622588,0.29079724691115777
2026-04-30 17:35:00,0.1203361102672396,0.11362936601138279,0.16614026038061325,0.12561466,0.29032495525284413
2026-04-30 17:40:00,0.124617411823379,0.11362936601138279,0.1624134877888962,0.117119,0.2891694568243772
2026-04-30 17:45:00,0.12169890772488337,0.11362936601138279,0.16677877665080348,0.13953498,0.28939325070441185
2026-04-30 17:50:00,0.12204922906004409,0.11362936601138279,0.16244100142698942,0.14391637,0.28833637000226187
2026-04-30 17:55:00,0.1139174245672656,0.11362936601138279,0.1666104305150793,0.13967744,0.2889751784402847
2026-04-30 18:00:00,0.058893595289835045,0.11362936601138279,0.17690457681812777,0.13955712,0.2944981023780795
2026-04-30 18:05:00,0.0580998230371528,0.11362936601138279,0.17017657321022694,0.1425596,0.293445584445295
2026-04-30 18:10:00,0.07254955016777109,0.11362936601138279,0.17003977565755213,0.17018089,0.2926003384115979
2026-04-30 18:15:00,0.07245109802822218,0.11362936601138279,0.16734383129647615,0.15601332,0.2911566582659766
2026-04-30 18:20:00,0.07054494163837222,0.11362936601138279,0.16776422014312856,0.15716872,0.2901444755998753
2026-04-30 18:25:00,0.07151869223267444,0.11362936601138279,0.16264887367911937,0.12180639,0.2893347633902604
2026-04-30 18:30:00,0.06609019116518862,0.11362936601138279,0.16326008569073538,0.106681384,0.28894252511153706
2026-04-30 18:35:00,0.06490419322398941,0.11362936601138279,0.16749445431319537,0.13669285,0.28996189284265256
2026-04-30 18:40:00,0.06747483108547288,0.11362936601138279,0.16217868121735773,0.14815705,0.2888728479539644
2026-04-30 18:45:00,0.08286306443347094,0.11362936601138279,0.16246002739723045,0.12334471,0.28799957220158684
2026-04-30 18:50:00,0.08058473496074461,0.11362936601138279,0.16326411926096737,0.13136455,0.28758051620350167
2026-04-30 18:55:00,0.08058103041513458,0.11362936601138279,0.16156704512908376,0.13201302,0.28694361976540755
2026-04-30 19:00:00,0.06266051951580662,0.11362936601138279,0.16558791809419576,0.16381161,0.2881511907552825
2026-04-30 19:05:00,0.06363950887042173,0.11362936601138279,0.1622501663146902,0.13036488,0.2875373575041825
2026-04-30 19:10:00,0.04936345211560752,0.11362936601138279,0.16702116222134614,0.15708566,0.2883710497002791
2026-04-30 19:15:00,0.057185140121914925,0.11362936601138279,0.1633570567597609,0.1230004,0.2876551867548636
2026-04-30 19:20:00,0.056436683663853134,0.11362936601138279,0.16286670667978634,0.12513755,0.28700746062389126
2026-04-30 19:25:00,0.06615175541931469,0.11362936601138279,0.16133020216992322,0.11536922,0.28651676442159674
2026-04-30 19:30:00,0.13156802339819637,0.11362936601138279,0.1619274276465962,0.11789123,0.2862137586080671
2026-04-30 19:35:00,0.5604080752751471,0.11362936601138279,0.16109898361923558,0.09854613,0.28617476399581687
2026-04-30 19:40:00,0.5601274261961988,0.11362936601138279,0.16243200951608336,0.09765817,0.28631726604115154
2026-04-30 19:45:00,0.5628248894861496,0.11362936601138279,0.15995002620727788,0.1215119,0.2858006285323331
2026-04-30 19:50:00,0.5633983365412839,0.11362936601138279,0.16266227754180806,0.13017605,0.2862671493061534
2026-04-30 19:55:00,0.5537978362533219,0.11362936601138279,0.17871853204329735,0.2415624,0.29442597208349036
2026-05-01 13:30:00,0.24268560676906423,0.11362936601138279,0.2813964123696138,0.29087737,0.44520141326921847
2026-05-01 13:35:00,0.24220150736281126,0.11362936601138279,0.22568393952146193,0.24123202,0.4262484009060765
2026-05-01 13:40:00,0.23911210496592714,0.11362936601138279,0.22902186567468996,0.24284887,0.4103779492441958
2026-05-01 13:45:00,0.24077829808772908,0.11362936601138279,0.22808510641409657,0.23454104,0.3957688857899836
2026-05-01 13:50:00,0.23496548787560242,0.11362936601138279,0.22780087749210742,0.23997875,0.383057646516827
2026-05-01 13:55:00,0.07524207880384642,0.11362936601138279,0.2172980827120312,0.24069998,0.395017136005172
2026-05-01 14:00:00,0.08413360488208037,0.11362936601138279,0.19585109247739638,0.1904603,0.3813233172299462
2026-05-01 14:05:00,0.1525131175064017,0.11362936601138279,0.19742307322113445,0.19082958,0.36974035951700635
2026-05-01 14:10:00,0.15475084047909085,0.11362936601138279,0.19908402946829784,0.19240507,0.36017356674234696
2026-05-01 14:15:00,0.15549163065981317,0.11362936601138279,0.19273480092693981,0.18868166,0.3501312489873853
2026-05-01 14:20:00,0.1569863193356699,0.11362936601138279,0.17878583041974108,0.17019258,0.34144001537944857
2026-05-01 14:25:00,0.1556445870472632,0.11362936601138279,0.1826971561437657,0.16574442,0.3347784889226418
2026-05-01 14:30:00,0.0820900972070451,0.11362936601138279,0.19940229784385022,0.15797941,0.33796270593971234
2026-05-01 14:35:00,0.07712770812700795,0.11362936601138279,0.19184459641697812,0.20241317,0.33268943348209484
2026-05-01 14:40:00,0.08560320609009915,0.11362936601138279,0.18699387719395186,0.1996169,0.32608917646032204
2026-05-01 14:45:00,0.0962020598281762,0.11362936601138279,0.1884916836450033,0.17347638,0.3206300934598005
2026-05-01 14:50:00,0.08744302424462813,0.11362936601138279,0.18973447353867326,0.1771385,0.3163739624459193
2026-05-01 14:55:00,0.0936435307483368,0.11362936601138279,0.18045814204749225,0.16759658,0.31196166930875846
2026-05-01 15:00:00,0.0765384811347567,0.11362936601138279,0.18360741594574964,0.17848827,0.30964347861416386
2026-05-01 15:05:00,0.06530197366192292,0.11362936601138279,0.1829830764599473,0.15825398,0.3068386153760645
2026-05-01 15:10:00,0.08329459539439987,0.11362936601138279,0.18531620784295766,0.15858722,0.3050810491759176
2026-05-01 15:15:00,0.08866716004651796,0.11362936601138279,0.17847313251819547,0.157411,0.30188323676050116
2026-05-01 15:20:00,0.08833426032927354,0.11362936601138279,0.17176461274574548,0.18955325,0.30009173947010814
2026-05-01 15:25:00,0.14254110731229236,0.11362936601138279,0.16594338574012535,0.1312931,0.297561112377541
2026-05-01 15:30:00,0.143085923783336,0.11362936601138279,0.16495622989440092,0.13054997,0.2953815275409672
2026-05-01 15:35:00,0.12296448862107205,0.11362936601138279,0.17435150394608184,0.15491857,0.2969232066532438
2026-05-01 15:40:00,0.1645042984954934,0.11362936601138279,0.17014482308698564,0.15253255,0.29541094483617764
2026-05-01 15:45:00,0.15999236673965742,0.11362936601138279,0.1676538064338521,0.14716613,0.29447350692716495
2026-05-01 15:50:00,0.13438755287192747,0.11362936601138279,0.18177940718489574,0.27002302,0.3006793703830654
2026-05-01 15:55:00,0.14871561521613283,0.11362936601138279,0.1710651409994035,0.18188757,0.2981782187472141
2026-05-01 16:00:00,0.158651381431002,0.11362936601138279,0.16782669158823788,0.16723399,0.29591185537463993
2026-05-01 16:05:00,0.11196869701371841,0.11362936601138279,0.18469027588136988,0.307132,0.3021070648029779
2026-05-01 16:10:00,0.11666528392013545,0.11362936601138279,0.17259393045871166,0.30172262,0.29932448965563246
2026-05-01 16:15:00,0.12282283283441649,0.11362936601138279,0.1773159489087372,0.16385727,0.3000501984464633
2026-05-01 16:20:00,0.10419379180393615,0.11362936601138279,0.17712375022261015,0.16780496,0.30019951099265285
2026-05-01 16:25:00,0.10886205708328138,0.11362936601138279,0.17700205861796228,0.18341835,0.2995943973881043
2026-05-01 16:30:00,0.11364756141646842,0.11362936601138279,0.16811843914438152,0.14379995,0.29727704429763524
2026-05-01 16:35:00,0.11449094581933095,0.11362936601138279,0.1705443760476013,0.16540876,0.2958316388688162
2026-05-01 16:40:00,0.0819948926727316,0.11362936601138279,0.17659047394634447,0.158459,0.2979991806294762
2026-05-01 16:45:00,0.09190432356270507,0.11362936601138279,0.16607598113943195,0.14743784,0.29574936260349766
2026-05-01 16:50:00,0.07028570900789281,0.11362936601138279,0.17348912186620555,0.13213725,0.2964061616569955
2026-05-01 16:55:00,0.06136643281261607,0.11362936601138279,0.1709440018084317,0.1620013,0.2952039050288939
2026-05-01 17:00:00,0.05826673181212075,0.11362936601138279,0.1709231365828114,0.16707258,0.294168072750558
2026-05-01 17:05:00,0.05773744790234585,0.11362936601138279,0.16476991457779042,0.13310581,0.2924834455404909
2026-05-01 17:10:00,0.045178325662151755,0.11056250651169301,0.16933068617386204,0.16030228,0.29210246721929634
2026-05-01 17:15:00,0.04096576561271739,0.11056249310853367,0.16532415802254527,0.13392685,0.2910165040161361
2026-05-01 17:20:00,0.040610832647310365,0.11056249250630287,0.16311686463053776,0.10563948,0.2897997157072282
2026-05-01 17:25:00,0.03313673928887181,0.11056249606752343,0.1645687346248314,0.11191926,0.2892768427644944
2026-05-01 17:30:00,0.04135679751521838,0.11056249830903808,0.16146215852692553,0.12157373,0.28822547210954597
2026-05-01 17:35:00,0.05662508266700384,0.11056249306514124,0.16209514628663707,0.106299944,0.2875982847005702
2026-05-01 17:40:00,0.055044447232442714,0.11056249619275113,0.1599174234613002,0.10890172,0.28690112279219043
2026-05-01 17:45:00,0.10328980492568106,0.11056249252521787,0.15942770786445967,0.107035436,0.28623688423582316
2026-05-01 17:50:00,0.10149717050513256,0.11056249603166547,0.15977502309824396,0.09947257,0.2858515691157653
2026-05-01 17:55:00,0.10385908587790195,0.11056255745894464,0.16001031682788422,0.09918451,0.28568273714175507
2026-05-01 18:00:00,0.09514018745956856,0.11056249288213794,0.16374204761962446,0.11078733,0.2864017464129874
2026-05-01 18:05:00,0.12627208226505052,0.1105624986318482,0.1587491021545242,0.12685959,0.28575515015200964
2026-05-01 18:10:00,0.09606660761456634,0.1105625325566084,0.17289625589600305,0.14830483,0.29027047933466843
2026-05-01 18:15:00,0.09770347023163052,0.11056249489047307,0.16321367309141938,0.1481747,0.28908168011659163
2026-05-01 18:20:00,0.09302084960087635,0.11056249280873386,0.16682401216312193,0.14399135,0.28877675876728764
2026-05-01 18:25:00,0.09242548079830812,0.11056249380095212,0.1637833593549089,0.14209835,0.2879156202362767
2026-05-01 18:30:00,0.04372197592504643,0.11056257229819126,0.17434071808731733,0.15466945,0.2915627874993698
2026-05-01 18:35:00,0.04526184477427423,0.11056249961367177,0.16597660309132806,0.14106777,0.29085243645807385
2026-05-01 18:40:00,0.0659758930329967,0.11056249665790568,0.16423448314633374,0.15119958,0.2897903211655245
2026-05-01 18:45:00,0.07443046488184281,0.11056249301532921,0.1632803661652224,0.16565542,0.2888016337168098
2026-05-01 18:50:00,0.0758832975808618,0.11056249267485442,0.16248316290658843,0.13245939,0.2878645246922305
2026-05-01 18:55:00,0.0746681757520205,0.11056249830201707,0.15857875514154296,0.10297357,0.2871865832572072
2026-05-01 19:00:00,0.07053661125232875,0.1105624931417031,0.1605306456581288,0.09218491,0.28718126999307825
2026-05-01 19:05:00,0.053852924908377765,0.11056249243585645,0.16465922323883186,0.1427582,0.28814643941386237
2026-05-01 19:10:00,0.03993869434529005,0.11056250518950984,0.1641313444623493,0.1112893,0.2881663225412009
2026-05-01 19:15:00,0.04417665909035485,0.11056249243146445,0.16203584585236316,0.1270459,0.2874612098379463
2026-05-01 19:20:00,0.04769724565113903,0.11056249595523991,0.16110544148848777,0.11832197,0.28671901590864113
2026-05-01 19:25:00,0.10518415613351911,0.11056250165478379,0.16220887041989593,0.12914334,0.28638418262774695
2026-05-01 19:30:00,0.13380880269965098,0.11056250426341942,0.16062171898674188,0.117553964,0.2860964780191748
2026-05-01 19:35:00,0.17012979053631355,0.11056249489151823,0.157771533418594,0.106917486,0.2855449874235324
2026-05-01 19:40:00,0.16847086988853882,0.11056249890420716,0.15993359625250417,0.1076186,0.2854434105160057
2026-05-01 19:45:00,0.16792390536826143,0.11056249395680909,0.15969542328040276,0.12703991,0.28519798535857127
2026-05-01 19:50:00,0.15144319459737454,0.11056249400663462,0.17430021417527303,0.11719626,0.29084825752638394
2026-05-01 19:55:00,0.12478407342230076,0.11056414593713335,0.17663571942004913,0.1702865,0.2943635151031237
2026-05-04 13:30:00,0.07931328724658883,0.11056251664875472,0.18258360450565736,0.27056137,0.2997153195040022
2026-05-04 13:35:00,0.10078399138752786,0.11056251075308511,0.17209632624125543,0.19560358,0.2972941501100173
2026-05-04 13:40:00,0.1053444443002457,0.11056250854581084,0.17256737789343485,0.218815,0.2952892108878702
2026-05-04 13:45:00,0.15387612045251636,0.11056249295564828,0.17653171750336993,0.17912476,0.296023983062035
2026-05-04 13:50:00,0.16492933981743532,0.11056268890429462,0.16704581712975858,0.1312047,0.294061719117057
2026-05-04 13:55:00,0.15943033568280868,0.11056249382231516,0.166728144392996,0.12868541,0.29354287574988197
2026-05-04 14:00:00,0.1474230716406865,0.11056249430694017,0.17128613027725603,0.13941981,0.29445379458736676
2026-05-04 14:05:00,0.15228405374742982,0.11056252539087316,0.16871917972782252,0.14311,0.2934426070808321
2026-05-04 14:10:00,0.08457526518547936,0.11056256002138362,0.18498048395846392,0.21301684,0.3024142664478582
2026-05-04 14:15:00,0.06207337919201622,0.11056249987149562,0.17880394015555556,0.26162967,0.30180654965250603
2026-05-04 14:20:00,0.06471923710797593,0.11056249801846432,0.17265621453295715,0.22965391,0.2990885467720717
2026-05-04 14:25:00,0.06707818336526346,0.11056254939102185,0.17221186475345546,0.19871107,0.2968680327244185
2026-05-04 14:30:00,0.14851588015429842,0.11056254456018054,0.17651307951013495,0.20782557,0.2964537141256581
2026-05-04 14:35:00,0.14657132224148428,0.11056249282128633,0.16708915556189555,0.13529718,0.29481241541098646
2026-05-04 14:40:00,0.1478233771380296,0.11056249299631989,0.1639373580051572,0.121373475,0.2931596322383495
2026-05-04 14:45:00,0.16388579860439292,0.11056249408655096,0.16463256658442207,0.14260495,0.29183063117759356
2026-05-04 14:50:00,0.2618787226101235,0.1105625008237118,0.1653101596488002,0.1326341,0.29080410053671224
2026-05-04 14:55:00,0.26725608452445115,0.1105625246151861,0.1873184513771989,0.24357559,0.30243266301460503
2026-05-04 15:00:00,0.2873676603293595,0.11056249699770378,0.1725137310258735,0.20493463,0.2996176655677404
2026-05-04 15:05:00,0.2906349145301305,0.11056251691289348,0.17459329549706337,0.1875542,0.29754601603052505
2026-05-04 15:10:00,0.28331805667736426,0.1105625148631469,0.18115006393748,0.17850016,0.298801599808415
2026-05-04 15:15:00,0.20620388203295756,0.11056274148688627,0.20702175261323216,0.26435885,0.32230137651152857
2026-05-04 15:20:00,0.17148006127941082,0.11056258965301687,0.20235876935361358,0.23091848,0.33032790237699333
2026-05-04 15:25:00,0.14818970180190805,0.1105625425774897,0.19992852078076054,0.25504476,0.33036176754828417
2026-05-04 15:30:00,0.1529109080330385,0.11056255552250294,0.19434921313440243,0.22532275,0.3253793490326914
2026-05-04 15:35:00,0.155829132968234,0.11056251005692888,0.1918429408980536,0.2059448,0.3202746599083123
2026-05-04 15:40:00,0.21218961976275275,0.11056249588498,0.18807191662035505,0.18486364,0.31782580381730785
2026-05-04 15:45:00,0.18904444695975925,0.11056249305571482,0.1885307647856973,0.20802283,0.31890152391477206
2026-05-04 15:50:00,0.24982188228701052,0.11056251540255228,0.18211842019224633,0.19462629,0.3161585099268461
2026-05-04 15:55:00,0.2443198051875589,0.11056250698692631,0.18286278369427492,0.21540867,0.3138911458628941
2026-05-04 16:00:00,0.2476749739203957,0.11056251129494844,0.18063857900459626,0.19927171,0.3108263909468389
2026-05-04 16:05:00,0.2052705181101535,0.11056259015041452,0.19937342123272334,0.18364093,0.32208508649418605
2026-05-04 16:10:00,0.22773626804203229,0.1105625303983952,0.18269554424255247,0.18159778,0.31705805246638286
2026-05-04 16:15:00,0.14693810016386688,0.11056273016844022,0.20605540817967766,0.23040026,0.33020669033333133
2026-05-04 16:20:00,0.14274498235102026,0.11056252617498458,0.19040230208377304,0.18236022,0.3244891966620927
2026-05-04 16:25:00,0.13427944775411976,0.11056250124633338,0.193719994878838,0.18879151,0.32100509196112703
2026-05-04 16:30:00,0.1101387844380427,0.11056250076480788,0.19163047266498462,0.164873,0.3193676204542421
2026-05-04 16:35:00,0.08507814840963956,0.11056249433644463,0.19678642190844922,0.1870255,0.32048128985735563
2026-05-04 16:40:00,0.09727088754639565,0.11056249308274324,0.17926185251197868,0.1798823,0.3153757762781659
2026-05-04 16:45:00,0.09743036185410538,0.11056250926272695,0.17666248842309493,0.19629918,0.31083100279440873
2026-05-04 16:50:00,0.14261822870865398,0.11056249244114111,0.17995711028593,0.15674494,0.3077492013438668
2026-05-04 16:55:00,0.14450602259349019,0.11056250278177315,0.17502727359484108,0.14708969,0.30431995098608244
2026-05-04 17:00:00,0.1250953412063305,0.11056251028826251,0.17905461202759587,0.21199794,0.3046357217092062
2026-05-04 17:05:00,0.1291745677356839,0.11056249264965608,0.17573802894250742,0.2500528,0.3029863895492032
2026-05-04 17:10:00,0.12924237423637358,0.12042248966988549,0.1699478207314537,0.16068397,0.30008665509470417
2026-05-04 17:15:00,0.06835685592597414,0.1204224744953741,0.18575596539283906,0.26515406,0.30525005898349067
2026-05-04 17:20:00,0.06397374877826972,0.12042248777505046,0.1768303565653763,0.19529516,0.3024908091451888
2026-05-04 17:25:00,0.06287532762909544,0.12042248502107024,0.17360879939684337,0.17389958,0.29978545221529074
2026-05-04 17:30:00,0.023793488663639284,0.12042249221534358,0.17860189606075494,0.17627628,0.299460753676761
2026-05-04 17:35:00,0.08150679237009956,0.12042249003405736,0.17252547123721523,0.1447143,0.29704471015812556
2026-05-04 17:40:00,0.0839829734812322,0.12042248412673205,0.16729256394038175,0.14396186,0.2950745636886289
2026-05-04 17:45:00,0.0905843167979717,0.1204224882327366,0.16635148214715362,0.11146229,0.29332278622883246
2026-05-04 17:50:00,0.094264450160537,0.12042248288282119,0.16582983483131317,0.12685521,0.29177070729659793
2026-05-04 17:55:00,0.12133784923620215,0.1204224824065199,0.16002303296696646,0.07055959,0.29039018662639543
2026-05-04 18:00:00,0.09309647191355049,0.1204224767605014,0.17385013969529606,0.17268367,0.2931577300271655
2026-05-04 18:05:00,0.0911178826219636,0.12042247928380138,0.16629658449932327,0.13153964,0.29198441024356636
2026-05-04 18:10:00,0.08501528970085467,0.12042249237617504,0.16811239579436052,0.14754505,0.29140515114141713
2026-05-04 18:15:00,0.10278774629912268,0.12042249523037847,0.1673335643807604,0.1441019,0.29055974866304785
2026-05-04 18:20:00,0.08924283353271455,0.12042249901774123,0.17521561081396272,0.18170884,0.29313564081584254
2026-05-04 18:25:00,0.10070078320409703,0.12042247555343225,0.16422001087962118,0.13859552,0.291592954185415
2026-05-04 18:30:00,0.10943713297494222,0.12042248539749843,0.16494163390227712,0.15796416,0.2903992160157095
2026-05-04 18:35:00,0.1092532924767569,0.12042248700139269,0.16421359360587365,0.16066933,0.28934081992023913
2026-05-04 18:40:00,0.1161245428195754,0.12042249374581325,0.17145243330750487,0.13460317,0.290960724001105
2026-05-04 18:45:00,0.10269299628792804,0.12042247881592306,0.16964249487328456,0.14859127,0.29179625326262687
2026-05-04 18:50:00,0.0919621623328113,0.1204224956098039,0.1694304240431839,0.14617155,0.29185099197690884
2026-05-04 18:55:00,0.07973987041289309,0.12042248579778227,0.1701090238859601,0.14228834,0.29181355476243426
2026-05-04 19:00:00,0.08241956043868179,0.12042249576082371,0.16664692103830678,0.14185539,0.2905334439703086
2026-05-04 19:05:00,0.049942243323712554,0.12042248246866279,0.1733284304183357,0.15086064,0.29298011163768817
2026-05-04 19:10:00,0.046674467625730194,0.12042248724644739,0.16581634663458586,0.14634858,0.291626076279221
2026-05-04 19:15:00,0.05520350604255919,0.12042249021786836,0.16416243220651205,0.13757369,0.2903478857016286
2026-05-04 19:20:00,0.07733785424894812,0.12042249092181925,0.16173343827961706,0.12731937,0.2891547110378418
2026-05-04 19:25:00,0.11319150366705696,0.12042248754819443,0.16430799849494365,0.1277548,0.28852757635857074
2026-05-04 19:30:00,0.1316069283575298,0.12042248383775772,0.16252810068737378,0.09726483,0.28846977796100365
2026-05-04 19:35:00,0.6005497284415021,0.12042248449485098,0.1585891872609158,0.110085,0.2875333384427486
2026-05-04 19:40:00,0.6005395592184944,0.12042248884609676,0.162591497610969,0.11907037,0.28739515773595864
2026-05-04 19:45:00,0.5985405237283099,0.12042246787636016,0.16743171560865297,0.15254031,0.2885405086997388
2026-05-04 19:50:00,0.5923553156661823,0.12042248739684003,0.17450921519067222,0.15501177,0.2924497174627886
2026-05-04 19:55:00,0.5880981689675504,0.12042246385623465,0.1757180729583061,0.17028815,0.294746275775533
2026-05-05 13:30:00,0.05475773103301359,0.1204224105210215,0.29149371606897484,0.30070624,0.46438342650763603
2026-05-05 13:35:00,0.053952359091842074,0.1204224933972548,0.23173193434226946,0.24816486,0.4435391604915445
2026-05-05 13:40:00,0.07717333665048845,0.1204224925208085,0.23048287859956182,0.24498707,0.4246285845819067
2026-05-05 13:45:00,0.14250879630463664,0.12042248928628095,0.2283868555526662,0.24381432,0.40748500952208255
2026-05-05 13:50:00,0.141481972665402,0.1204224891205168,0.23007925895404202,0.25294623,0.39253541179100526
2026-05-05 13:55:00,0.20009366771819087,0.12042247634485899,0.17730895552359546,0.13400769,0.37905730523830994
2026-05-05 14:00:00,0.19834857063152955,0.12042247897524373,0.1780291863631815,0.12152772,0.36731885986746876
2026-05-05 14:05:00,0.1927091076505761,0.12042249623117583,0.18349192139852177,0.16616414,0.35834865175130737
2026-05-05 14:10:00,0.15801320197986557,0.12042251051436961,0.19672177304853308,0.19817942,0.356270793317392
2026-05-05 14:15:00,0.1562889195426462,0.12042248928232947,0.18614966912314534,0.17907146,0.34698802972945403
2026-05-05 14:20:00,0.06263252033665001,0.12042246670117325,0.20536860583445746,0.20182441,0.34977746704931706
2026-05-05 14:25:00,0.06794963069418072,0.12042249197125471,0.1912343043745395,0.17740598,0.34109184466525105
2026-05-05 14:30:00,0.06316432976135498,0.12042249534952627,0.19310123499648402,0.18750048,0.33411487982258953
2026-05-05 14:35:00,0.06471677850468424,0.1204224955333799,0.19089963940859397,0.17484365,0.3285177532563962
2026-05-05 14:40:00,0.0692484114098002,0.12042248427625774,0.18595628187337485,0.17086664,0.32230967792535525
2026-05-05 14:45:00,0.07614672879188288,0.12042249008810268,0.1767259444448012,0.14197737,0.3168816163648895
2026-05-05 14:50:00,0.07387676417000658,0.12042246506976141,0.18021567853410586,0.15106134,0.31270290491690184
2026-05-05 14:55:00,0.07412894431417498,0.12042248464497485,0.17947465804221313,0.14057289,0.30897365892486145
2026-05-05 15:00:00,0.06967745125073377,0.12042247768020443,0.18205048749319525,0.15909256,0.30679266816599116
2026-05-05 15:05:00,0.09596239493707164,0.12042248104065577,0.17974090105455437,0.14936997,0.303754011492867
2026-05-05 15:10:00,0.09320972006513956,0.12042245669182114,0.18097197976125814,0.14902073,0.3013671850105853
2026-05-05 15:15:00,0.09002738941212247,0.1204224708655163,0.17977603663782638,0.1592154,0.299034396100201
2026-05-05 15:20:00,0.09002800630130403,0.12042250463189876,0.16558074902310344,0.121895455,0.2971565449976122
2026-05-05 15:25:00,0.07994175296867512,0.12042247533209993,0.16677675319090457,0.116686076,0.2961955637764576
2026-05-05 15:30:00,0.04713331784579002,0.12042249192897839,0.17266596979760837,0.14136815,0.29736904013849164
2026-05-05 15:35:00,0.05684240506026912,0.12042249317919335,0.1672084346319579,0.14849599,0.29551806110897877
2026-05-05 15:40:00,0.06203397594789397,0.12042247465815387,0.16459601659308445,0.16073215,0.2936059738232762
2026-05-05 15:45:00,0.05518241988235294,0.12042249157578379,0.16752816927191036,0.15776129,0.2924735380248239
2026-05-05 15:50:00,0.05532439312360383,0.1204224806640707,0.16461861427747193,0.119894885,0.2910558558039425
2026-05-05 15:55:00,0.0498800649586568,0.12042248505440388,0.16306650198352876,0.111021765,0.29027767523914766
2026-05-05 16:00:00,0.03554715723501178,0.12042246181746545,0.16405176182071632,0.104956985,0.2900618758297481
2026-05-05 16:05:00,0.027691750460394814,0.12042248087619538,0.16307116274852135,0.11443738,0.28930175473678343
2026-05-05 16:10:00,0.029810828548905953,0.12042250974172125,0.15766573754662677,0.13063832,0.2882422473340359
2026-05-05 16:15:00,0.027534908590228696,0.12042249030991929,0.15886087693509515,0.11048428,0.28742027485656363
2026-05-05 16:20:00,0.03286206852736668,0.12042247745766717,0.1585555180773446,0.09995117,0.2867741585175618
2026-05-05 16:25:00,0.030206303180398526,0.12042249954064045,0.15704478185347998,0.07630829,0.28624746607299306
2026-05-05 16:30:00,0.029509938656065438,0.12042247563151327,0.15569746953621194,0.060601536,0.2856936071366296
2026-05-05 16:35:00,0.027498407727072453,0.12042249037875391,0.1559196313680118,0.060009707,0.28521738245987
2026-05-05 16:40:00,0.04517323218129353,0.12042248697868574,0.15467751773342855,0.06631939,0.2847317968907664
2026-05-05 16:45:00,0.03896819557974579,0.12042247944342577,0.157407225990224,0.08137132,0.28467667997923973
2026-05-05 16:50:00,0.055952140474064424,0.12042248687003103,0.15539373822680005,0.06366632,0.28433341892897684
2026-05-05 16:55:00,0.05523043367662088,0.12042249803022179,0.1550967104894839,0.07589979,0.28402065278596567
2026-05-05 17:00:00,0.06737405789795976,0.12042249327055426,0.1540769996047091,0.07169092,0.28370323727693
2026-05-05 17:05:00,0.05768785497229522,0.12042249268888393,0.15948817656189804,0.09913323,0.28428601966192696
2026-05-05 17:10:00,0.05752560038560423,0.12103428984812868,0.15548438443157897,0.073300116,0.2839465844088845
2026-05-05 17:15:00,0.04035120686332914,0.12103428984776049,0.16099871292188284,0.11182155,0.2847784965987274
2026-05-05 17:20:00,0.04072266377746462,0.12103428984766462,0.1556692549139625,0.12051422,0.2843497808844895
2026-05-05 17:25:00,0.029164065036902928,0.12103428984853692,0.16114242863493328,0.109416634,0.28497562289001893
2026-05-05 17:30:00,0.029866805691484054,0.12103428984792788,0.1570079968331566,0.100165315,0.2845725119628272
2026-05-05 17:35:00,0.03698882375320931,0.12103428984795873,0.1562481049720546,0.097298525,0.2841803585112373
2026-05-05 17:40:00,0.037722668454105435,0.12103428984795198,0.1548539625323651,0.07075932,0.2838610985707084
2026-05-05 17:45:00,0.0643739642624,0.12103428984795096,0.15466469276132896,0.07075932,0.28358143530797764
2026-05-05 17:50:00,0.06145910326175163,0.1210342898480053,0.15560433978993532,0.061632115,0.28378001471844605
2026-05-05 17:55:00,0.060473122595078886,0.12103428984882975,0.15392757714552446,0.051383782,0.28357281334049106
2026-05-05 18:00:00,0.0563988383137946,0.12103428984905663,0.15591803627241135,0.07319933,0.2836389114947724
2026-05-05 18:05:00,0.062353421109121884,0.12103428984904402,0.15463987703781568,0.076205224,0.2834324832646363
2026-05-05 18:10:00,0.03852131997361629,0.12103428984922408,0.16235093751039337,0.10840655,0.2850240094079453
2026-05-05 18:15:00,0.03820831291560575,0.12103428984885899,0.15835256323850513,0.09812519,0.2847743538193283
2026-05-05 18:20:00,0.04279747708198321,0.12103428984906489,0.15644795360853586,0.13289942,0.28434717088964745
2026-05-05 18:25:00,0.04576166557345178,0.12103428984911187,0.1562536239667301,0.104843885,0.28398667386546345
2026-05-05 18:30:00,0.036387202437815666,0.12103428984907239,0.15965792469264029,0.09729776,0.2842020440104442
2026-05-05 18:35:00,0.03907810885674752,0.12103428984934501,0.15625513584353573,0.081959486,0.2840854149822303
2026-05-05 18:40:00,0.04729187774612941,0.1210342898501631,0.15610965848554612,0.085048184,0.28395223370633554
2026-05-05 18:45:00,0.04335934086305125,0.12103428985104714,0.15683251572372867,0.09277156,0.28388831718698443
2026-05-05 18:50:00,0.04390109403750256,0.1210342898514819,0.156870227514999,0.09787849,0.28376734130080805
2026-05-05 18:55:00,0.04433217864789831,0.12103428985144124,0.15453827026976408,0.049892817,0.28350079888830076
2026-05-05 19:00:00,0.04833460430032792,0.12103428985207908,0.15683117465892377,0.07622909,0.2836187945270288
2026-05-05 19:05:00,0.03697857470640776,0.12103428985211406,0.1583944775770766,0.08570558,0.28402424464075265
2026-05-05 19:10:00,0.0385730505649261,0.12103428985213158,0.15503747612290766,0.088958964,0.2837126625710059
2026-05-05 19:15:00,0.034177832425794405,0.12103428985213806,0.15635235120576407,0.08873793,0.28364803052929755
2026-05-05 19:20:00,0.04987575590055823,0.1210342898522017,0.15535008194325128,0.091248356,0.2834236750421357
2026-05-05 19:25:00,0.11474855643512584,0.12103428985257964,0.1582981831597849,0.08812731,0.28379983407078296
2026-05-05 19:30:00,0.11471363005088106,0.12103428985234288,0.1545855424603374,0.06630717,0.2835340913254368
2026-05-05 19:35:00,0.7507086374342663,0.12103428985250218,0.1553571474023446,0.089932784,0.2833719361971905
2026-05-05 19:40:00,0.7507386425427898,0.12103428985304346,0.153682380752514,0.07482817,0.28314209287891395
2026-05-05 19:45:00,0.7498450151100741,0.12103428985416932,0.1593200053998564,0.0845733,0.2838693509405068
2026-05-05 19:50:00,0.7421012924869832,0.12103428985765591,0.17490721363983067,0.21577477,0.29120075953164265
2026-05-05 19:55:00,0.7463357492634674,0.1210342898936046,0.16387405580715475,0.17920011,0.28989849402524054
2026-05-06 13:30:00,0.08048002606346127,0.12103428990100287,0.32782804427650725,0.28724766,0.5399710399969969
2026-05-06 13:35:00,0.08747504774492461,0.12103428982555618,0.24853210240804016,0.21137972,0.5113919024086221
2026-05-06 13:40:00,0.09986130673951257,0.12103428982557062,0.24844602746180514,0.21137972,0.48552227337362
2026-05-06 13:45:00,0.10940098468618512,0.1210342898257224,0.24769868211662932,0.2137684,0.4621649932787652
2026-05-06 13:50:00,0.08834862372232642,0.12103428982538583,0.2560839857711984,0.23245838,0.44381771459797
2026-05-06 13:55:00,0.11262644074672692,0.12103428982482173,0.18268027969397133,0.16303274,0.42463251387577017
2026-05-06 14:00:00,0.11160199969766853,0.12103428982534266,0.18700843619448893,0.15886654,0.4080115320257762
2026-05-06 14:05:00,0.16323733953290567,0.12103428982826463,0.1897431114040128,0.16547152,0.39373605876034895
2026-05-06 14:10:00,0.16145787392791766,0.12103428982725953,0.19034540953662363,0.18829174,0.3808965601331128
2026-05-06 14:15:00,0.17629866342582215,0.12103428983058735,0.18849145826628297,0.1647131,0.36958504452614466
2026-05-06 14:20:00,0.1621469537964803,0.12103428982854927,0.1934756728211912,0.15673664,0.3610151781984434
2026-05-06 14:25:00,0.16037360867048817,0.12103428982787513,0.1892370975204217,0.16619708,0.3514076190003783
2026-05-06 14:30:00,0.0999222224502623,0.12103428982834313,0.2051532787981631,0.16082756,0.3514242955785546
2026-05-06 14:35:00,0.09516578231237119,0.12103428982598458,0.19525764147895117,0.1809677,0.3432227790262645
2026-05-06 14:40:00,0.0763038438078828,0.12103428982621761,0.20188506178694238,0.17683616,0.3392249204269635
2026-05-06 14:45:00,0.07738218205258224,0.12103428982535884,0.19237529580101675,0.23745947,0.3317381932825513
2026-05-06 14:50:00,0.096455254703142,0.1210342898251982,0.19339055116584725,0.18555062,0.32536585824751774
2026-05-06 14:55:00,0.092291803189177,0.12103428982525119,0.18839372186336398,0.16777231,0.32003354794970895
2026-05-06 15:00:00,0.09246892395048778,0.12103428982572761,0.18734998689003754,0.16709039,0.31521391412860944
2026-05-06 15:05:00,0.06894411137674027,0.12103428982590785,0.1898449703723668,0.16695131,0.31308373661964434
2026-05-06 15:10:00,0.09524860694486809,0.12103428982537115,0.18463370208738078,0.16380687,0.30899324407451456
2026-05-06 15:15:00,0.07569200801437752,0.12103428982552786,0.191445155672888,0.16975059,0.30758444727551526
2026-05-06 15:20:00,0.08121244417379678,0.12103428982521082,0.16504233168459223,0.12971273,0.3040792594947449
2026-05-06 15:25:00,0.08324124922105113,0.1210342898260232,0.16701603240856067,0.15609896,0.3013730539647867
2026-05-06 15:30:00,0.08422311225010001,0.12103428982649211,0.1634777621282325,0.13179667,0.29876507470004954
2026-05-06 15:35:00,0.054729002371240364,0.12103428982654821,0.17236099303163377,0.1397093,0.29931672444217156
2026-05-06 15:40:00,0.056054695812691235,0.12103428982632033,0.16483620206062066,0.13362397,0.2971392083275974
2026-05-06 15:45:00,0.061276037167464124,0.12103428982621892,0.16655102133866112,0.12653829,0.29558453715067773
2026-05-06 15:50:00,0.054357571119422396,0.12103428982635346,0.16672574841182117,0.13332689,0.29424420808286905
2026-05-06 15:55:00,0.05144417002148688,0.1210342898264784,0.16533026567866005,0.1351638,0.2927085453253421
2026-05-06 16:00:00,0.0481628405256549,0.12103428982617753,0.16276801623008488,0.1135972,0.29148930193999883
2026-05-06 16:05:00,0.04221211209669698,0.12103428982612359,0.16291103148472294,0.10424161,0.29047888648296843
2026-05-06 16:10:00,0.02040300973325958,0.12103428982589771,0.16483174569580863,0.10475691,0.29024589271543405
2026-05-06 16:15:00,0.020417307491917846,0.12103428982573906,0.16098453984377528,0.111845426,0.2891240526788154
2026-05-06 16:20:00,0.04030152689706809,0.12103428982577398,0.1582959590426501,0.1205368,0.2880937359391352
2026-05-06 16:25:00,0.07355338894948327,0.12103428982573669,0.15886330725105297,0.11853765,0.2873010348400068
2026-05-06 16:30:00,0.07489663344796493,0.12103428982573534,0.15624696664249796,0.11756879,0.28652041988064986
2026-05-06 16:35:00,0.08229488585098611,0.12103428982574874,0.15530475208884842,0.07753572,0.28594731020401526
2026-05-06 16:40:00,0.0870149985440242,0.12103428982583718,0.15504781573812187,0.06645176,0.2854243409893595
2026-05-06 16:45:00,0.08022337476081061,0.12103428982583525,0.15968992686020203,0.09112268,0.28570977391106384
2026-05-06 16:50:00,0.05036549623783032,0.12103428982593982,0.16636287779131953,0.10679627,0.28774887812545025
2026-05-06 16:55:00,0.04954636610230163,0.12103428982538848,0.16079072456121,0.13357496,0.2870372795669551
2026-05-06 17:00:00,0.033888338250014,0.12103428982579358,0.164027342056403,0.10877657,0.2871586316838203
2026-05-06 17:05:00,0.018312167699032322,0.12103428982559081,0.1634513116653335,0.12865506,0.2869932301372288
2026-05-06 17:10:00,0.020192894946952606,0.12515985237948263,0.16050867087747606,0.11059679,0.28630644279003975
2026-05-06 17:15:00,0.03569245718240535,0.12515991682678976,0.1572286018862888,0.08057393,0.2856884791584483
2026-05-06 17:20:00,0.034005691859325365,0.12516014020182853,0.1576589541917177,0.08773719,0.2852110538552273
2026-05-06 17:25:00,0.03707704358754444,0.1251603026475444,0.15457200316072195,0.072612084,0.2847263036353977
2026-05-06 17:30:00,0.040934149043512696,0.1251603034833465,0.15374093865923733,0.07294092,0.28436546863236584
2026-05-06 17:35:00,0.040363217872477306,0.12516028641319318,0.15409626077616745,0.08403732,0.2840952238747096
2026-05-06 17:40:00,0.04959269991729305,0.125160127683709,0.1575243448474179,0.07516964,0.2843640013082175
2026-05-06 17:45:00,0.049578545325804316,0.12516008645383592,0.15421156644661194,0.077857934,0.2839944403497061
2026-05-06 17:50:00,0.07066427143745387,0.12516019392365937,0.15594179551395856,0.082923405,0.2838260754864525
2026-05-06 17:55:00,0.07237416699210747,0.12516023534889897,0.15680885374497455,0.10807639,0.2837925239184602
2026-05-06 18:00:00,0.07172661541168802,0.12516024134860615,0.1554718470821245,0.08705193,0.28357211282310346
2026-05-06 18:05:00,0.06165749578985118,0.12516034071724452,0.16004593019832064,0.09631162,0.2844678643976927
2026-05-06 18:10:00,0.061657488667687214,0.12516068646221157,0.15562510428917645,0.12420803,0.28408277149733663
2026-05-06 18:15:00,0.04012700822532918,0.12516067199009373,0.16369735048674716,0.12046144,0.28558550435931845
2026-05-06 18:20:00,0.0373112382133604,0.12516041185071597,0.16101522590062445,0.13447304,0.2854655460501308
2026-05-06 18:25:00,0.044536718597478986,0.12516036966014174,0.15857692195805126,0.12366726,0.2849478882132835
2026-05-06 18:30:00,0.04174761351725996,0.1251604122931653,0.15940302327301753,0.12653713,0.28475501711923046
2026-05-06 18:35:00,0.06655023129121818,0.12516038363419718,0.15715749013581146,0.141529,0.2843295895561656
2026-05-06 18:40:00,0.06704785693281555,0.12516048625082773,0.15699657031230912,0.09976837,0.284342729794579
2026-05-06 18:45:00,0.07143083908470403,0.12516042692678725,0.1563938521978805,0.09826819,0.28425373406790877
2026-05-06 18:50:00,0.06713243830802142,0.1251603036930748,0.15741160209665261,0.08993032,0.2842997732998619
2026-05-06 18:55:00,0.06689698533156602,0.12516029133114434,0.1556737175645413,0.09442207,0.28403829069645004
2026-05-06 19:00:00,0.042292681509068016,0.12515978338842793,0.1628266190368197,0.113775596,0.28549807490515405
2026-05-06 19:05:00,0.04666993545041993,0.12515979311761652,0.1601047856559663,0.11433756,0.28538995071995504
2026-05-06 19:10:00,0.05798504458987905,0.1251597825937805,0.16141306645539188,0.11403566,0.2855552586109718
2026-05-06 19:15:00,0.07050327203637473,0.12515968615127068,0.1578332030506628,0.11947274,0.28502223874087707
2026-05-06 19:20:00,0.06973709237509035,0.12516000632785368,0.15869736683347682,0.10202695,0.2846381120316225
2026-05-06 19:25:00,0.12370064227752584,0.12515988219340649,0.1550977147644357,0.124453306,0.28422879123370237
2026-05-06 19:30:00,0.15118263697973566,0.12516000349132503,0.15899663498680813,0.09685148,0.28455930051920847
2026-05-06 19:35:00,0.1778861943365161,0.12515941998208152,0.16205456015333589,0.16319552,0.2856278290774043
2026-05-06 19:40:00,0.17336995569714952,0.1251585254875242,0.16274132566879387,0.13237125,0.28614942257604437
2026-05-06 19:45:00,0.17719333015202268,0.12516011722536574,0.1586445635324811,0.124748446,0.28553601950646346
2026-05-06 19:50:00,0.16493325425358515,0.12516012354780626,0.17586038553149339,0.20159033,0.2918438048839555
2026-05-06 19:55:00,0.14572005696215515,0.1252832876771147,0.17823758320774305,0.15413758,0.2959661110631495
2026-05-07 13:30:00,0.10183863288767714,0.12526650924376936,0.18318858787915093,0.27577978,0.30098156727569947
2026-05-07 13:35:00,0.12961691073677498,0.12526399669309027,0.17178107286569957,0.17414308,0.29834902189282836
2026-05-07 13:40:00,0.12618412855336983,0.12526399129115157,0.17559790230067193,0.17124066,0.2969141339007522
2026-05-07 13:45:00,0.1010632234245239,0.1252670879445644,0.17949600866257637,0.22525477,0.2987889769046795
2026-05-07 13:50:00,0.08736166864859919,0.12526369987386016,0.1747932751417574,0.1859359,0.29809348639186856
2026-05-07 13:55:00,0.08668674511320702,0.12526318234459424,0.166260822478613,0.13381559,0.2959166714037739
2026-05-07 14:00:00,0.032944380938627144,0.1252630784898221,0.17685634234113765,0.17517707,0.29807476639606384
2026-05-07 14:05:00,0.038839214936352916,0.12526267767979288,0.1702050615863855,0.15135449,0.2961174553298161
2026-05-07 14:10:00,0.06391028977160539,0.12526334019978771,0.16789702620702354,0.14292675,0.2944666282784556
2026-05-07 14:15:00,0.06380846609634354,0.12526502943655765,0.16464221244122154,0.11685338,0.2927157453122376
2026-05-07 14:20:00,0.06438421376784573,0.1252657931038644,0.16422168646819654,0.13447753,0.2911961599090794
2026-05-07 14:25:00,0.09249525699203319,0.12527016410816944,0.15907766307226442,0.06995885,0.28989400381954633
2026-05-07 14:30:00,0.10092702116496308,0.12526902668011522,0.16228503658877141,0.104482286,0.28933897917268964
2026-05-07 14:35:00,0.09071228008672624,0.12526926033145522,0.16776062252009266,0.11356273,0.2903076118999867
2026-05-07 14:40:00,0.09422857025005311,0.12526972580895623,0.16216586492645604,0.11979091,0.2891195196549736
2026-05-07 14:45:00,0.10452730737070279,0.12526980949856237,0.162815562282507,0.13323012,0.28814435297273217
2026-05-07 14:50:00,0.0812687682380496,0.1252696155134127,0.17197919004933734,0.14110802,0.29015284356389875
2026-05-07 14:55:00,0.07441405130632064,0.12526951801964084,0.17106174187264103,0.17025174,0.29062456287577754
2026-05-07 15:00:00,0.07108491443461995,0.1252695599903918,0.1682714275356726,0.15311429,0.29013481507056776
2026-05-07 15:05:00,0.10735626783610701,0.1252697032588222,0.16778516968442989,0.152862,0.289395790413764
2026-05-07 15:10:00,0.10512541987972873,0.1252714567986509,0.17034677204063325,0.14460945,0.2897212499834158
2026-05-07 15:15:00,0.10512380966985704,0.12527024322327826,0.16355306567003686,0.118098505,0.288680916429442
2026-05-07 15:20:00,0.11732656321102332,0.12527010620552637,0.16494307405892283,0.113022566,0.2886655547268224
2026-05-07 15:25:00,0.11453660422274274,0.12527010222943438,0.16335013931839157,0.11868215,0.28813364143231596
2026-05-07 15:30:00,0.1437612192034363,0.1252715331686278,0.17375947796369845,0.14397505,0.2918975594763228
2026-05-07 15:35:00,0.15890525592330826,0.12526780053712033,0.1683970146725294,0.15458183,0.2915602275176544
2026-05-07 15:40:00,0.15862671161359532,0.12526777466165925,0.1649240509577864,0.1323758,0.2902654817162228
2026-05-07 15:45:00,0.16915398020526076,0.12526807453713507,0.17230604550774287,0.18324074,0.2917905038487934
2026-05-07 15:50:00,0.20470567076745053,0.12526693933324023,0.16493894785185215,0.19150639,0.2904019023622001
2026-05-07 15:55:00,0.19977321097726297,0.1252675247389082,0.1816905769497059,0.19445032,0.2986386867910414
2026-05-07 16:00:00,0.2046746332249861,0.12526575797058948,0.17909987239936112,0.22441228,0.3002623968947438
2026-05-07 16:05:00,0.2075349241452766,0.12526547942225894,0.17113459988634078,0.1862976,0.29772645388802904
2026-05-07 16:10:00,0.22181674043476202,0.12526544699069844,0.18159199496057193,0.19839643,0.3003530918937769
2026-05-07 16:15:00,0.18946276067897805,0.12526621072119226,0.18904543014884037,0.14960626,0.30612303039847416
2026-05-07 16:20:00,0.15640587717080853,0.1252610308707312,0.18904991216571437,0.18566361,0.31061218562265697
2026-05-07 16:25:00,0.12814024997148932,0.1252602560445743,0.18748199825582448,0.15713498,0.3117185089928269
2026-05-07 16:30:00,0.1338078883002014,0.12525929725727564,0.1817996175521656,0.17172682,0.3083901262480686
2026-05-07 16:35:00,0.06440957495823943,0.12525786292650873,0.1929043274323984,0.24329764,0.313174761047576
2026-05-07 16:40:00,0.0675330876763508,0.12525539861816415,0.1771347252742062,0.26166844,0.3089195703528179
2026-05-07 16:45:00,0.06304635004892181,0.12525525881615948,0.1773685803648439,0.1908007,0.30599457403062613
2026-05-07 16:50:00,0.10362629406281802,0.12525582462365942,0.17219920754514073,0.2030755,0.30279227646909246
2026-05-07 16:55:00,0.1393047325715716,0.12525644667286318,0.17699597109040216,0.15769814,0.30159211608286474
2026-05-07 17:00:00,0.25189163424956085,0.1252554857575107,0.1646488784160025,0.16360162,0.29886024090500307
2026-05-07 17:05:00,0.2562475470314682,0.1252553946218441,0.16703424482082196,0.14560771,0.2967616363749468
2026-05-07 17:10:00,0.2607339139440353,0.11833846834262196,0.16713988692173778,0.12086694,0.295111248589467
2026-05-07 17:15:00,0.2620991907170266,0.11833897582940349,0.17765833312452095,0.11804296,0.2977006962645961
2026-05-07 17:20:00,0.24116702054054381,0.11833520078734154,0.18388382341160073,0.26529866,0.3026733258020191
2026-05-07 17:25:00,0.11976138514911706,0.11832826086944842,0.20819850067322804,0.2978487,0.3263945375514238
2026-05-07 17:30:00,0.2058215192386284,0.11831588722572664,0.19164075304288136,0.21221046,0.3219955991728173
2026-05-07 17:35:00,0.20133866834204725,0.1183157041206552,0.1923885661964483,0.2032865,0.3183852666258937
2026-05-07 17:40:00,0.1819326164407717,0.11831432908984407,0.19642209425784612,0.19078398,0.31804259967089327
2026-05-07 17:45:00,0.18313028909101317,0.118313366743554,0.18738052744879205,0.19706653,0.3136530448931572
2026-05-07 17:50:00,0.18497086397062168,0.11831327108733829,0.1737649478705297,0.19925016,0.309469750099528
2026-05-07 17:55:00,0.07956519533671152,0.1183121530452048,0.20086334798488864,0.16842514,0.32409847281143456
2026-05-07 18:00:00,0.07531341068050358,0.118305048104324,0.18493497973529122,0.20284101,0.31913180956346204
2026-05-07 18:05:00,0.09607514224013278,0.11830459253747459,0.1803666539192075,0.18199389,0.3142403247509328
2026-05-07 18:10:00,0.10031633545207783,0.1183046322983377,0.18213949145323283,0.19225986,0.31061243741109185
2026-05-07 18:15:00,0.1786527213919768,0.11830468200184281,0.1813599873861134,0.19117084,0.3072434304863555
2026-05-07 18:20:00,0.1713027156285148,0.11830428154762654,0.1735888440790917,0.21844746,0.30547849045357034
2026-05-07 18:25:00,0.17644113389675933,0.11830417169192607,0.16924275010524092,0.1442288,0.3025464048056904
2026-05-07 18:30:00,0.18402366473134962,0.11830364085903675,0.17566989235194092,0.16038902,0.3020640310032449
2026-05-07 18:35:00,0.1817510239341083,0.1183020773249066,0.17443079229384567,0.17683843,0.30058944447131913
2026-05-07 18:40:00,0.10145249891947566,0.11830268498810306,0.19454007230703324,0.259597,0.31209670800932926
2026-05-07 18:45:00,0.107531188971919,0.11829912221585961,0.17894417040075683,0.22101116,0.30809800405992444
2026-05-07 18:50:00,0.1247571972610729,0.11829908363229562,0.18321139710621578,0.19515519,0.30592413062099044
2026-05-07 18:55:00,0.10975062111099924,0.11829911094625287,0.187781894673946,0.18272759,0.3066599173373077
2026-05-07 19:00:00,0.11115961757227732,0.118298009246453,0.18271671588656888,0.20530781,0.30404096334197966
2026-05-07 19:05:00,0.12444914885411766,0.11829751774036253,0.17115783226124856,0.19980107,0.3009918113621647
2026-05-07 19:10:00,0.12931332054763972,0.11829753691957214,0.174953986640593,0.18689446,0.2992676374069845
2026-05-07 19:15:00,0.10218250797763033,0.11829677419654888,0.17902123851912494,0.15166959,0.30083109975851424
2026-05-07 19:20:00,0.08654110077104332,0.11829615047694997,0.17492557654517762,0.14009568,0.3000952267444065
2026-05-07 19:25:00,0.08472574520870717,0.11829551420652432,0.17335568718766384,0.14118025,0.29856290790520507
2026-05-07 19:30:00,0.10812230136874247,0.11829561575975722,0.1761511182106721,0.1540696,0.2982393943344905
2026-05-07 19:35:00,0.5119686957579914,0.11829738581131224,0.17629327095270061,0.18280225,0.29767808495785814
2026-05-07 19:40:00,0.514161989580893,0.11829631474963098,0.16846958167114118,0.18787292,0.2954824310947845
2026-05-07 19:45:00,0.5164436282490353,0.11829870141027046,0.1652217996122923,0.12802625,0.29360398179249697
2026-05-07 19:50:00,0.5254723578651664,0.11830185320154288,0.168152394897244,0.13837132,0.2927702645643264
2026-05-07 19:55:00,0.5182610626039068,0.11830416586843177,0.17656529466300183,0.110597864,0.29616363448438
2026-05-08 13:30:00,0.15451621931910328,0.11831498155588592,0.27191421734970517,0.2988305,0.42690828271288683
2026-05-08 13:35:00,0.1478225246768569,0.11825293578715032,0.22304189266813607,0.26496214,0.41052663854075255
2026-05-08 13:40:00,0.14249723872577147,0.11825390024102529,0.22339839645806608,0.23251133,0.39598826742524385
2026-05-08 13:45:00,0.10430037455275538,0.1182539366498045,0.2304672073745213,0.22185798,0.3871326222527926
2026-05-08 13:50:00,0.10437716545631025,0.11825261015128105,0.21974888958326294,0.21766184,0.37407716708374245
2026-05-08 13:55:00,0.0688975070063635,0.11825238153972217,0.19310759880594547,0.1423367,0.36678523227207904
2026-05-08 14:00:00,0.0898294007287403,0.11825211110734588,0.18352189580827755,0.18041573,0.35610210488129634
2026-05-08 14:05:00,0.0936312251632401,0.11825211180685298,0.1844888064812863,0.16271766,0.3470018489811469
2026-05-08 14:10:00,0.10529943054695512,0.11825183682978253,0.1813864195203432,0.15732971,0.3392157209451303
2026-05-08 14:15:00,0.10788490313441415,0.11825168682486058,0.17869390021887593,0.1557569,0.3317630421854358
2026-05-08 14:20:00,0.09705742398474004,0.1182518619942916,0.17907104456098677,0.14312926,0.32645268737561345
2026-05-08 14:25:00,0.07747752120835918,0.11825130841437606,0.18254851490078816,0.16811983,0.32259355445841503
2026-05-08 14:30:00,0.07309688377778722,0.11825144853929903,0.1807268616789881,0.15760411,0.3180474330681322
2026-05-08 14:35:00,0.042233349057400164,0.11825020718703153,0.18397079066025807,0.15993786,0.31530503824372746
2026-05-08 14:40:00,0.05729262311163639,0.1182496867947122,0.18055942922856855,0.15170124,0.31119527686828996
2026-05-08 14:45:00,0.06024880897574625,0.1182503757635182,0.17725442500608107,0.13450664,0.3072160551915802
2026-05-08 14:50:00,0.06439527410093976,0.11825015615332042,0.17590196946496414,0.14265162,0.3038285095957434
2026-05-08 14:55:00,0.06082420958161983,0.11825058697953515,0.17731606453735255,0.135287,0.3013559258045523
2026-05-08 15:00:00,0.07754851647472388,0.11825056538024883,0.17138098329139925,0.10475594,0.2986592020643475
2026-05-08 15:05:00,0.06194453944349526,0.11825024882590382,0.17768685442546406,0.15388687,0.29772024842578765
2026-05-08 15:10:00,0.07436619185422527,0.1182506304750139,0.1750027250070837,0.13048051,0.295754128170924
2026-05-08 15:15:00,0.10052251258717979,0.1182508069101934,0.17583830953288584,0.15649645,0.2942366815204631
2026-05-08 15:20:00,0.10873144516698313,0.11825080756428998,0.16253993194765853,0.11027215,0.29278412808533516
2026-05-08 15:25:00,0.09781195493809863,0.118251976646071,0.1671038342411736,0.13579455,0.29274762407441685
2026-05-08 15:30:00,0.09952656525025684,0.11825358726551781,0.16068226095451285,0.14258131,0.2912274887603377
2026-05-08 15:35:00,0.09423363758809605,0.11825360216741891,0.16546179016338303,0.11870188,0.29125365222288735
2026-05-08 15:40:00,0.06269222412396588,0.11825256576716248,0.17141340357200682,0.16056582,0.29332159010534964
2026-05-08 15:45:00,0.04512224579367844,0.11825172127129092,0.16879257273038456,0.16849522,0.2931051484278858
2026-05-08 15:50:00,0.046609849549412406,0.11825436704930262,0.16357305523240517,0.13538304,0.29156429815983337
2026-05-08 15:55:00,0.04606946698246657,0.11825353562033854,0.16485947924582053,0.14556433,0.29042716131082036
2026-05-08 16:00:00,0.03851806050604734,0.11825360246200417,0.1657720840184073,0.1380372,0.2898988017423913
2026-05-08 16:05:00,0.035824805249383355,0.11825536385000272,0.16104906102599845,0.11831201,0.28894638622768587
2026-05-08 16:10:00,0.035208743482846146,0.11825616470751349,0.15904122465438109,0.11790207,0.28811057748025426
2026-05-08 16:15:00,0.08251665833445826,0.1182616787812834,0.15857927972867403,0.1013425,0.2873494796274079
2026-05-08 16:20:00,0.10449805116883187,0.11826042891710421,0.15874504412851387,0.10202407,0.2867659271925835
2026-05-08 16:25:00,0.108404697272113,0.1182602062780627,0.15790557138778646,0.10442552,0.28633188099459256
2026-05-08 16:30:00,0.10920887249383114,0.11826392780880388,0.15639355908514224,0.06682865,0.28574489799734737
2026-05-08 16:35:00,0.1314157677248036,0.1182642676967963,0.1569426888165305,0.07222363,0.2853278335749561
2026-05-08 16:40:00,0.10845659404902654,0.11826416354917957,0.16883522888566938,0.14280134,0.28862803721175734
2026-05-08 16:45:00,0.08909063693878186,0.11826250022093975,0.17035282940504062,0.14769082,0.29055344051585147
2026-05-08 16:50:00,0.09458092079628952,0.11826083540992671,0.16750064199297476,0.15448812,0.29013318023848234
2026-05-08 16:55:00,0.09457864145483598,0.11826107237422083,0.16532025702897318,0.17094094,0.2891317355509997
2026-05-08 17:00:00,0.05852403987542173,0.1182605108007069,0.1743224857805632,0.18107054,0.29172553578765986
2026-05-08 17:05:00,0.05623264004934353,0.11825952176144093,0.16575021581430444,0.17184395,0.2905035177187235
2026-05-08 17:10:00,0.06039012232888712,0.11821210912767861,0.16475461106310382,0.16566736,0.28966681847385345
2026-05-08 17:15:00,0.04441534836681977,0.11821590595549415,0.16777049641489386,0.16172573,0.29002938943292583
2026-05-08 17:20:00,0.041417675202344635,0.1182339195532016,0.16442908772573278,0.16322994,0.289042062022972
2026-05-08 17:25:00,0.04398138512566033,0.11823624869739517,0.159679345017785,0.08957457,0.28804837377611264
2026-05-08 17:30:00,0.05095726255495304,0.11823635240143329,0.15830015696166594,0.15214367,0.2871637135788258
2026-05-08 17:35:00,0.0645875917833161,0.11823870843707271,0.16198090261183506,0.09539854,0.2871136957529669
2026-05-08 17:40:00,0.06421379972678913,0.11823875939920765,0.15953218663445362,0.10698789,0.2867402690265344
2026-05-08 17:45:00,0.08228200577712926,0.11823874249726606,0.15689533854926085,0.09829519,0.286041496984499
2026-05-08 17:50:00,0.08075829502621762,0.11824621096694682,0.15851565135969997,0.10297357,0.2856108751537701
2026-05-08 17:55:00,0.07664341880605023,0.1182482801432176,0.16026445367284015,0.09190094,0.28550528232687544
2026-05-08 18:00:00,0.05713522244641834,0.1182481269925621,0.16464689713889621,0.15099925,0.28673099471281305
2026-05-08 18:05:00,0.055390922591759456,0.11824763604910826,0.16157462913631687,0.13171795,0.2863796092724877
2026-05-08 18:10:00,0.024828740611271993,0.11824659256107584,0.16666375817056048,0.1349816,0.28747740921279386
2026-05-08 18:15:00,0.04073483382826317,0.11824728532358128,0.16135277497823536,0.12107301,0.28668182746758225
2026-05-08 18:20:00,0.05743911771600789,0.11824718572929813,0.16094341105026036,0.11950941,0.28599720354248775
2026-05-08 18:25:00,0.07644522956147523,0.11824852469499432,0.15931570685107482,0.10230671,0.28542787276222514
2026-05-08 18:30:00,0.0788035584163439,0.11824944110303337,0.159770260879821,0.10019893,0.2851299781222767
2026-05-08 18:35:00,0.08356125795780453,0.11825299102224139,0.15581992331882072,0.07420681,0.28478616904339576
2026-05-08 18:40:00,0.08305530519636206,0.11825299919322543,0.1593223177224538,0.09080062,0.28505954098873093
2026-05-08 18:45:00,0.07241319399334928,0.11825438373602401,0.16201257045995004,0.11456379,0.28568939686051825
2026-05-08 18:50:00,0.06693203835434279,0.11825566573843876,0.1645708623992295,0.13022463,0.28684540794176466
2026-05-08 18:55:00,0.06475403405699616,0.11825513588479145,0.1622270054417496,0.11070287,0.2865900133789483
2026-05-08 19:00:00,0.0744249601619372,0.11825500068311048,0.16325485993062416,0.12530577,0.28655146109718127
2026-05-08 19:05:00,0.08666312778570887,0.11825506023474885,0.1630291341707671,0.12530577,0.28651830664510025
2026-05-08 19:10:00,0.08732985777533961,0.11825736867096248,0.15873247462461945,0.17344868,0.28584687200205383
2026-05-08 19:15:00,0.08204190891806563,0.11825762434381903,0.16290697655163702,0.11567623,0.2864763798879574
2026-05-08 19:20:00,0.08187280229469915,0.11825750721403243,0.16033491143579473,0.13202234,0.28608352241059876
2026-05-08 19:25:00,0.075004060860273,0.11825833715854739,0.1644419205830976,0.1256094,0.28700482842843367
2026-05-08 19:30:00,0.0526241585129746,0.11825571728437792,0.16659114878307163,0.14889947,0.2882037941019728
