timestamp,y_true,SIG,HAR_RV,XGBOOST,GARCH
2026-05-01 14:55:00,0.03272536502088887,0.04724101379942586,0.060743895497934165,0.05238114,0.08454033950436535
2026-05-01 14:56:00,0.04187609747171453,0.04724101379942586,0.05515160176025572,0.05374714,0.08052971540291558
2026-05-01 14:57:00,0.045050027368045344,0.04724101379942586,0.0544179524660926,0.04774227,0.07669784325437505
2026-05-01 14:58:00,0.042769380009822715,0.04724101379942586,0.05539519302001304,0.044339884,0.07475419397064657
2026-05-01 14:59:00,0.037021168619842136,0.04724101379942586,0.05581948039081356,0.02646497,0.07486659926529483
2026-05-01 15:00:00,0.04408506716825086,0.04724101379942586,0.052197450934312765,0.035261072,0.07160520639719713
2026-05-01 15:01:00,0.03969736537726892,0.04724101379942586,0.055011853261422584,0.028968418,0.07204596409540845
2026-05-01 15:02:00,0.04231879353114968,0.04724101379942586,0.054020200835191275,0.0424638,0.07020803148972425
2026-05-01 15:03:00,0.05013201818111385,0.04724101379942586,0.0532303166547105,0.03805095,0.06765187348900754
2026-05-01 15:04:00,0.05451996819905141,0.04724101379942586,0.05320924403924698,0.055169795,0.06590442586010009
2026-05-01 15:05:00,0.05800749498621529,0.04724101379942586,0.053234143689632515,0.033877607,0.06656608753011865
2026-05-01 15:06:00,0.06367304491153344,0.04724101379942586,0.051855377421080026,0.0519185,0.06543981283126907
2026-05-01 15:07:00,0.06830792354464842,0.04724101379942586,0.05248996214598867,0.0387282,0.0653957811211716
2026-05-01 15:08:00,0.06400066031889534,0.04724101379942586,0.054053744896759195,0.040228434,0.06740240283382783
2026-05-01 15:09:00,0.0583854851792791,0.04724101379942586,0.054222082359383264,0.035287026,0.06830056383847498
2026-05-01 15:10:00,0.04895030514827021,0.04724101379942586,0.05519604588064751,0.10986774,0.0708600773384052
2026-05-01 15:11:00,0.040446472110497046,0.04724101379942586,0.05590471636864256,0.08319016,0.07308674083738537
2026-05-01 15:12:00,0.02975250876310013,0.04724101379942586,0.05598835856192731,0.07650119,0.07548913369269676
2026-05-01 15:13:00,0.02769231978552614,0.04724101379942586,0.05261021409755831,0.0922285,0.07338938629736955
2026-05-01 15:14:00,0.029041211407935332,0.04724101379942586,0.05049770812582604,0.18185793,0.06997764184173556
2026-05-01 15:15:00,0.0345188926611434,0.04724101379942586,0.04983932132631198,0.19322497,0.06673660608541478
2026-05-01 15:16:00,0.03361060345254124,0.04724101379942586,0.050989748501165943,0.0675082,0.06518088686146804
2026-05-01 15:17:00,0.029520725213926534,0.04724101379942586,0.050597257893831495,0.03834793,0.06434023025861423
2026-05-01 15:18:00,0.03220917489302903,0.04724101379942586,0.04989039562737127,0.03601216,0.062389545114393076
2026-05-01 15:19:00,0.030959370922073008,0.04724101379942586,0.04960659004736447,0.03292769,0.060095809219487144
2026-05-01 15:20:00,0.02530786083239177,0.04724101379942586,0.05095944844915578,0.038212292,0.05969843898632445
2026-05-01 15:21:00,0.02120970400158884,0.04724101379942586,0.05009528689223036,0.041107226,0.0583125576269384
2026-05-01 15:22:00,0.019168339412384886,0.04724101379942586,0.04946446307434034,0.041855283,0.056378513505430966
2026-05-01 15:23:00,0.02452795136160553,0.04724101379942586,0.05030297614073636,0.06999617,0.05616700625266703
2026-05-01 15:24:00,0.041243548093006586,0.04724101379942586,0.048238145608268126,0.06840077,0.05373219448803192
2026-05-01 15:25:00,0.04145191860050069,0.04724101379942586,0.048373686386489576,0.04492243,0.051656470278632176
2026-05-01 15:26:00,0.041469237795395714,0.04724101379942586,0.04749970932644145,0.030236656,0.049481496680864934
2026-05-01 15:27:00,0.0421569840645268,0.04724101379942586,0.04732315280931121,0.03618472,0.047526294921323875
2026-05-01 15:28:00,0.04134509164055884,0.04724101379942586,0.049975363622290415,0.036258496,0.05006497410418421
2026-05-01 15:29:00,0.02500708009986987,0.04724101379942586,0.05221292035808199,0.061613005,0.056091910991954444
2026-05-01 15:30:00,0.024070558157954457,0.04724101379942586,0.04881931904065506,0.042345144,0.053988902959626626
2026-05-01 15:31:00,0.0300084138332978,0.04724101379942586,0.047764215094200736,0.042964958,0.05168421607386556
2026-05-01 15:32:00,0.06979946199254697,0.04724101379942586,0.047923744318462795,0.05676404,0.05003348611775436
2026-05-01 15:33:00,0.0669027864065213,0.04724101379942586,0.04904367255919388,0.040594522,0.05171712473255064
2026-05-01 15:34:00,0.0667738237326209,0.04724101379942586,0.04541717750836852,0.03446614,0.04966794103026311
2026-05-01 15:35:00,0.06766856078243874,0.04724101379942586,0.04483583925658781,0.031018961,0.047625689824708946
2026-05-01 15:36:00,0.06529666498976944,0.04724101379942586,0.04722996450460831,0.04013545,0.04832672608693655
2026-05-01 15:37:00,0.015509263504611502,0.04724101379942586,0.05698677031459715,0.12978423,0.07241910729713305
2026-05-01 15:38:00,0.015508180443662834,0.04724101379942586,0.05076625637178253,0.07865849,0.06955529573838304
2026-05-01 15:39:00,0.015752764741179096,0.04724101379942586,0.04947275567610189,0.076143354,0.06633533446051595
2026-05-01 15:40:00,0.011558095857258472,0.04724101379942586,0.05072232122487282,0.08325088,0.06403336038637698
2026-05-01 15:41:00,0.029815214922316848,0.04724101379942586,0.04964252948488548,0.08269452,0.06117538529569905
2026-05-01 15:42:00,0.03320286076767457,0.04724101379942586,0.04719447127060818,0.039103102,0.05854643246552844
2026-05-01 15:43:00,0.03203183938292432,0.04724101379942586,0.04774709993081263,0.036625512,0.0565948765641669
2026-05-01 15:44:00,0.03203102104547723,0.04724101379942586,0.046937186505812384,0.039891463,0.05417540722792332
2026-05-01 15:45:00,0.12301661056572682,0.04724101379942586,0.04653225865957089,0.039891463,0.051901860526384465
2026-05-01 15:46:00,0.1212145446672684,0.04724101379942586,0.050654365697090045,0.03758386,0.05527760283387498
2026-05-01 15:47:00,0.1204577803047761,0.04724101379942586,0.049558791872160654,0.044394482,0.054527327410826616
2026-05-01 15:48:00,0.12321845975537267,0.04724101379942586,0.048285366780067666,0.050572917,0.05230188934407415
2026-05-01 15:49:00,0.12515979273232622,0.04724101379942586,0.048129564511954465,0.050988156,0.050142289754114444
2026-05-01 15:50:00,0.04584457369924449,0.04724101379942586,0.07166403647019848,0.08868352,0.11456666159049607
2026-05-01 15:51:00,0.042379110456171466,0.04724101379942586,0.06008420816455934,0.08142262,0.11002546161452262
2026-05-01 15:52:00,0.06499173979082197,0.04724101379942586,0.058819200054566895,0.07019104,0.10477094752105093
2026-05-01 15:53:00,0.06023089463589159,0.04724101379942586,0.061360590124308764,0.064848185,0.10224161975175951
2026-05-01 15:54:00,0.05602196841981452,0.04724101379942586,0.06115099055198782,0.066865526,0.09914065497906166
2026-05-01 15:55:00,0.050866907806446995,0.04724101379942586,0.057509801354198024,0.051091596,0.09651015866316695
2026-05-01 15:56:00,0.052201048005073726,0.04724101379942586,0.05519452184060017,0.052982636,0.09187822864742952
2026-05-01 15:57:00,0.018513853321745658,0.04724101379942586,0.06223673465601935,0.052735627,0.09767470032527972
2026-05-01 15:58:00,0.01851378331310786,0.04724101379942586,0.057475570093263366,0.0626277,0.0932938311624125
2026-05-01 15:59:00,0.018959061967832647,0.04724101379942586,0.05479131558027507,0.051764537,0.08876646328157015
2026-05-01 16:00:00,0.033522015755910135,0.04724101379942586,0.05450754958977813,0.052282505,0.08448525571017161
2026-05-01 16:01:00,0.03161696088612007,0.04724101379942586,0.05593578892817607,0.05390465,0.08116922577848612
2026-05-01 16:02:00,0.045845550647190814,0.04724101379942586,0.053997288120722436,0.044412713,0.07776406403929079
2026-05-01 16:03:00,0.04732531034207755,0.04724101379942586,0.05403136346867497,0.044412713,0.07456796469097887
2026-05-01 16:04:00,0.05612125276021438,0.04724101379942586,0.05343796289150868,0.04751702,0.07115924710454677
2026-05-01 16:05:00,0.05057296152727133,0.04724101379942586,0.05700537790046847,0.04586753,0.07203828691967697
2026-05-01 16:06:00,0.05316371880155978,0.04724101379942586,0.054464680216612896,0.055602353,0.06884890557724614
2026-05-01 16:07:00,0.041371935427343305,0.04724101379942586,0.0588178539486584,0.052184757,0.07230933531466383
2026-05-01 16:08:00,0.03862687964024754,0.04724101379942586,0.056542029165035534,0.05245109,0.07020957567939017
2026-05-01 16:09:00,0.03248236014899268,0.04724101379942586,0.0589136527611664,0.044650923,0.07206307246529076
2026-05-01 16:10:00,0.03403096545801506,0.04724101379942586,0.056781643224040654,0.053326935,0.06965897587026079
2026-05-01 16:11:00,0.0403074224935087,0.04724101379942586,0.057473845792238645,0.05719828,0.06813761715562272
2026-05-01 16:12:00,0.043211085430639715,0.04724101379942586,0.04971007154373372,0.062222257,0.06547309976512948
2026-05-01 16:13:00,0.049409245478933696,0.04724101379942586,0.04877923580636943,0.065071605,0.06255795738133046
2026-05-01 16:14:00,0.05484330705835922,0.04724101379942586,0.050819059018582344,0.062170703,0.06280200405516075
2026-05-01 16:15:00,0.05342747116804602,0.04724101379942586,0.05003605004793612,0.06136677,0.06170383818408021
2026-05-01 16:16:00,0.047952449207798994,0.04724101379942586,0.05172999270029115,0.06254789,0.0637173359478071
2026-05-01 16:17:00,0.046765745831309456,0.04724101379942586,0.05065901408859021,0.069308445,0.06283376819114785
2026-05-01 16:18:00,0.1164040445350999,0.04724101379942586,0.051979835774765934,0.040406477,0.06362920758828577
2026-05-01 16:19:00,0.11482565080650955,0.04724101379942586,0.052314808514487846,0.075364955,0.06708097631036637
2026-05-01 16:20:00,0.12951097012712445,0.04724101379942586,0.049883328146342776,0.052452594,0.06473032183166595
2026-05-01 16:21:00,0.12923182385690563,0.04724101379942586,0.05013372696959265,0.048562806,0.0630784840145816
2026-05-01 16:22:00,0.12923279601268645,0.04724101379942586,0.0502059318680749,0.06361751,0.06155529816219673
2026-05-01 16:23:00,0.07378374379205088,0.04724101379942586,0.06965971052610441,0.0909225,0.11230749420639609
2026-05-01 16:24:00,0.08347219790813237,0.04724101379942586,0.06059296943613499,0.055767808,0.10921074388806341
2026-05-01 16:25:00,0.05722037066788548,0.04724101379942586,0.06646859371892945,0.059967235,0.11671817355368634
2026-05-01 16:26:00,0.0568549995218101,0.04724101379942586,0.06103922659088692,0.06722452,0.11140999119320562
2026-05-01 16:27:00,0.05551154426539646,0.04724101379942586,0.0611506782709088,0.06739082,0.10666848631600075
2026-05-01 16:28:00,0.07132612074853856,0.04724101379942586,0.060024271484705884,0.054411575,0.10399952317788444
2026-05-01 16:29:00,0.061653168167877755,0.04724101379942586,0.06315009923029695,0.06635919,0.10713243265432423
2026-05-01 16:30:00,0.06190169443094871,0.04724101379942586,0.057046777226677337,0.057266284,0.10192266182740996
2026-05-01 16:31:00,0.061773197191861313,0.04724101379942586,0.057373468625588404,0.047339633,0.09730998997839642
2026-05-01 16:32:00,0.061380949646073615,0.04724101379942586,0.057038464711441736,0.069623865,0.09281267434390658
2026-05-01 16:33:00,0.03317663274721562,0.04724101379942586,0.06352809698952035,0.052138697,0.0993266437496902
2026-05-01 16:34:00,0.03572329193130206,0.04724101379942586,0.06096094953029699,0.075701796,0.09816654770640959
2026-05-01 16:35:00,0.05226832345201626,0.04724101379942586,0.058368213172940206,0.056361776,0.09357012848384803
2026-05-01 16:36:00,0.05605481240294029,0.04724101379942586,0.058457694409667076,0.060812727,0.0893738445404934
2026-05-01 16:37:00,0.06508051341700918,0.04724101379942586,0.057736032750929304,0.067312606,0.08511147386918795
2026-05-01 16:38:00,0.06556487877385311,0.04724101379942586,0.05636364255179759,0.06253349,0.08117306328667796
2026-05-01 16:39:00,0.06934086474246992,0.04724101379942586,0.05982389427525429,0.061079778,0.08259837277589607
2026-05-01 16:40:00,0.06322463841131491,0.04724101379942586,0.06153895515853963,0.044828292,0.0856653836441247
2026-05-01 16:41:00,0.06189131847909049,0.04724101379942586,0.059689136004780666,0.045018993,0.08382744041954601
2026-05-01 16:42:00,0.05267986230543531,0.04724101379942586,0.0616769997895556,0.05529105,0.08495484262709768
2026-05-01 16:43:00,0.0601662889006274,0.04724101379942586,0.05904635681707926,0.05785057,0.08132396524028633
2026-05-01 16:44:00,0.047317789914382506,0.04724101379942584,0.06306498387615608,0.053282425,0.08505829621027772
2026-05-01 16:45:00,0.04104142291225375,0.04724101379942586,0.05722215049334653,0.04160136,0.08419244644925661
2026-05-01 16:46:00,0.03831686353088369,0.04724101379942586,0.05608521231099334,0.06562836,0.08169495319927732
2026-05-01 16:47:00,0.0406282193850426,0.04724101379942586,0.05284458399565204,0.051051855,0.0780446054743701
2026-05-01 16:48:00,0.03556921298510747,0.04724101379942586,0.05618475344249204,0.063042544,0.07904038461519504
2026-05-01 16:49:00,0.04625964644754312,0.04724101379942586,0.05386776880749316,0.03863922,0.07646635061741154
2026-05-01 16:50:00,0.046981543587175066,0.05214191330422913,0.0529287281394038,0.04247613,0.07358353948048141
2026-05-01 16:51:00,0.050431937405593354,0.05214191330422913,0.051651663986831506,0.031862967,0.07072579043036105
2026-05-01 16:52:00,0.0485418576517254,0.05214191330422913,0.0524063611488169,0.038987923,0.06874779716400607
2026-05-01 16:53:00,0.04611918195377833,0.05214191330422913,0.053302895273143316,0.029616615,0.06873080339423651
2026-05-01 16:54:00,0.06274322570519963,0.05214191330422913,0.05539229555674409,0.049408637,0.07173931608687488
2026-05-01 16:55:00,0.06651009537296704,0.05214191330422913,0.052120143268262545,0.04968537,0.06953911321510556
2026-05-01 16:56:00,0.06945893981821463,0.05214191330422913,0.05278576521677524,0.049949396,0.06883902138876011
2026-05-01 16:57:00,0.07302928810880112,0.05214191330422913,0.05110046897895011,0.052647453,0.06592379819114443
2026-05-01 16:58:00,0.07818978065202978,0.05214191330422913,0.05236051855844799,0.052108202,0.0648533001261796
2026-05-01 16:59:00,0.05735957367748487,0.05214191330422913,0.058565502605806875,0.0624653,0.0778923794051736
2026-05-01 17:00:00,0.05405168048239133,0.05214191330422913,0.05596970844145816,0.045217037,0.07770004133969673
2026-05-01 17:01:00,0.045901833703613004,0.05214191330422913,0.05630122598458659,0.07194372,0.07827745564237391
2026-05-01 17:02:00,0.04027240136348562,0.05214191330422913,0.055422472425559116,0.06850039,0.07736480571932375
2026-05-01 17:03:00,0.024727118732510482,0.05214191330422913,0.057030386440537,0.07853411,0.07924123511810006
2026-05-01 17:04:00,0.022919600901904678,0.05214191330422913,0.05294269072117931,0.046053074,0.07595520539918918
2026-05-01 17:05:00,0.019458940848700295,0.05214191330422913,0.053815764359248536,0.054240596,0.07407223457472685
2026-05-01 17:06:00,0.018675090319950953,0.05214191330422913,0.051272519117857414,0.04506819,0.07076476933293097
2026-05-01 17:07:00,0.017234950819095103,0.05214191330422913,0.05099369240363982,0.057696253,0.06786731156600684
2026-05-01 17:08:00,0.01488320957297834,0.05214191330422913,0.05028125089138985,0.03336796,0.06529652750411005
2026-05-01 17:09:00,0.03264866504298585,0.05214191330422913,0.049403561043446065,0.03703755,0.062365564161351424
2026-05-01 17:10:00,0.0305745655905438,0.05214191330422913,0.050005885810526715,0.071589515,0.06068597435696046
2026-05-01 17:11:00,0.030700237512833885,0.05214191330422913,0.04845888949709497,0.0649383,0.05797803249590682
2026-05-01 17:12:00,0.03534094860982271,0.05214191330422913,0.04868954100102165,0.14931327,0.05554246649918987
2026-05-01 17:13:00,0.04468577279441026,0.05214191330422913,0.04854217530303294,0.07311781,0.053263845590777355
2026-05-01 17:14:00,0.03408673711973691,0.05214191330422913,0.05249810247719645,0.054088145,0.05703320721220358
2026-05-01 17:15:00,0.0334015545210719,0.05214191330422913,0.049637095637294126,0.1746139,0.054857731748871194
2026-05-01 17:16:00,0.03996864569744844,0.05214191330422913,0.048591433744546476,0.07061847,0.05254865758272812
2026-05-01 17:17:00,0.03579601158238786,0.05214191330422913,0.05055881781792932,0.049543116,0.052723934051299076
2026-05-01 17:18:00,0.023725872988659295,0.05214191330422913,0.05226831209300449,0.035958875,0.055995596308482054
2026-05-01 17:19:00,0.024362906537913884,0.05214191330422913,0.04912841786952364,0.037493557,0.05368031364998323
2026-05-01 17:20:00,0.02437274551179348,0.05214191330422913,0.048449410474699646,0.04764446,0.051379877557567295
2026-05-01 17:21:00,0.010209702460552073,0.05214191330422913,0.04971305478146109,0.047241237,0.05289709918237506
2026-05-01 17:22:00,0.012865313200580028,0.05214191330422913,0.04688361799168301,0.0409473,0.05070126672495794
2026-05-01 17:23:00,0.016510111059239756,0.05214191330422913,0.04617388810825889,0.040536717,0.04895627050315174
2026-05-01 17:24:00,0.017135518895413406,0.05214191330422913,0.04580497990197301,0.035498906,0.04733108047849874
2026-05-01 17:25:00,0.017121521515553097,0.05214191330422913,0.044157070531705145,0.027736288,0.04542167100185898
2026-05-01 17:26:00,0.01733015610642074,0.05214191330422913,0.04338840513156668,0.02394994,0.04363206865115531
2026-05-01 17:27:00,0.016308063020316295,0.05214191330422913,0.04411547059111828,0.03438128,0.04257670364960067
2026-05-01 17:28:00,0.010544231329066818,0.05214191330422913,0.04487207478813459,0.024688696,0.042388652453611675
2026-05-01 17:29:00,0.01282994375251464,0.05214191330422913,0.04444143158428987,0.03352515,0.04143070624472151
2026-05-01 17:30:00,0.015280200327911653,0.05214191330422913,0.043427697380382164,0.02360925,0.03989323939223264
2026-05-01 17:31:00,0.017877658239940003,0.05214191330422913,0.04374529259544517,0.02761398,0.03853351684194004
2026-05-01 17:32:00,0.01881467659414849,0.05214191330422913,0.04389985032111922,0.02322131,0.03754261572298293
2026-05-01 17:33:00,0.024201813826757377,0.05214191330422913,0.0430078446095941,0.024163064,0.036266381696275794
2026-05-01 17:34:00,0.029905136739218317,0.05214191330422913,0.04441198396207442,0.027127793,0.03638834053814987
2026-05-01 17:35:00,0.03188611823345304,0.05214191330422913,0.04427271971489152,0.03438128,0.035932533013650056
2026-05-01 17:36:00,0.031158611688725545,0.05214191330422913,0.04376013325535474,0.029342629,0.035785144415964934
2026-05-01 17:37:00,0.03031849008351142,0.05214191330422913,0.04367680725756487,0.040748008,0.03538347089674522
2026-05-01 17:38:00,0.026363310070739294,0.05214191330422913,0.04494896667199801,0.028951274,0.03675782366077309
2026-05-01 17:39:00,0.016252224530473997,0.05214191330422913,0.0459508198428439,0.0298882,0.03991088100121324
2026-05-01 17:40:00,0.008646827770136499,0.05214191330422913,0.044639604247742354,0.039772127,0.04033367344776889
2026-05-01 17:41:00,0.006640309406503901,0.05214191330422913,0.04387338525100028,0.044135105,0.039338030540804626
2026-05-01 17:42:00,0.016072435245592997,0.05214191330422913,0.04354550664966299,0.05003283,0.03811289092813645
2026-05-01 17:43:00,0.016365885021360563,0.05214191330422913,0.042604803652242555,0.041879088,0.0368762789959397
2026-05-01 17:44:00,0.016882831789870493,0.05214191330422913,0.04180088539669458,0.030964129,0.035644572454074284
2026-05-01 17:45:00,0.01819156991912263,0.05214191330422913,0.04152789562431079,0.033574194,0.034519904479919115
2026-05-01 17:46:00,0.022476827077564106,0.05214191330422913,0.04169787121080863,0.035036642,0.03365064164611525
2026-05-01 17:47:00,0.01793512206485664,0.05214191330422913,0.04368193814412537,0.033056084,0.035259113561167656
2026-05-01 17:48:00,0.03270243140927794,0.05214191330422913,0.04248762673855907,0.03418051,0.03433266199434168
2026-05-01 17:49:00,0.033483175411775826,0.05214191330422913,0.042446911732236865,0.03418051,0.03347706060028747
2026-05-01 17:50:00,0.03416221822887814,0.05214191330422913,0.04267869426098586,0.032165155,0.033045095781694546
2026-05-01 17:51:00,0.03362089716693574,0.05214191330422913,0.04381254677517148,0.033499192,0.03429641764246903
2026-05-01 17:52:00,0.03292928519549292,0.05214191330422913,0.042886562665507034,0.032165155,0.03379413737558175
2026-05-01 17:53:00,0.018709461145263295,0.05214191330422913,0.046770819610197446,0.029436782,0.04075200094425376
2026-05-01 17:54:00,0.02264267690162636,0.05214191330422913,0.04469421803985359,0.037527528,0.03992551120333864
2026-05-01 17:55:00,0.021167198266418195,0.05214191330422913,0.04497852779219036,0.020985428,0.039409628827001775
2026-05-01 17:56:00,0.018967119389898132,0.05214191330422913,0.045292767375164744,0.0247866,0.039536010554531056
2026-05-01 17:57:00,0.037028844456840626,0.05214191330422913,0.04396169381336605,0.036077127,0.038143046278616366
2026-05-01 17:58:00,0.03671699085933467,0.05214191330422913,0.04367304878860288,0.02070199,0.03714240793945922
2026-05-01 17:59:00,0.03552953738428444,0.05214191330422913,0.04510615642612399,0.027724387,0.03828403934674308
2026-05-01 18:00:00,0.04327488962078426,0.05214191330422913,0.04373288721755904,0.019317836,0.03725667147653822
2026-05-01 18:01:00,0.04270037496511715,0.05214191330422913,0.04353211716112819,0.047018703,0.03670013134852369
2026-05-01 18:02:00,0.02846087321897834,0.05214191330422913,0.04789937746647121,0.06707439,0.04511505931111137
2026-05-01 18:03:00,0.031525918541953836,0.05214191330422913,0.0446165805661313,0.038664352,0.04340843500636363
2026-05-01 18:04:00,0.0293285280952531,0.05214191330422913,0.04571821101039252,0.02337357,0.04305955089749196
2026-05-01 18:05:00,0.017367834383038724,0.05214191330422913,0.04814264805386149,0.035059497,0.0469611553141755
2026-05-01 18:06:00,0.02367412827252328,0.05214191330422913,0.04578110486546599,0.039355535,0.04521624932192086
2026-05-01 18:07:00,0.02367412827252328,0.05214191330422913,0.04463469955366528,0.035251822,0.043435413885142
2026-05-01 18:08:00,0.025396526127793022,0.05214191330422913,0.04647149818660266,0.035186414,0.043489594304586376
2026-05-01 18:09:00,0.052176246907502444,0.05214191330422913,0.04502118609611721,0.032107115,0.041928517081005624
2026-05-01 18:10:00,0.05169212986547362,0.05214191330422913,0.04511706919379124,0.025066098,0.041119990808730876
2026-05-01 18:11:00,0.060780454841321045,0.05214191330422913,0.04649024932059364,0.034419425,0.04218841910866071
2026-05-01 18:12:00,0.07136974700726777,0.05214191330422913,0.04460410168927816,0.030713078,0.04060155255541933
2026-05-01 18:13:00,0.0694399744166041,0.05214191330422913,0.0466046000046618,0.03307503,0.04173496626945149
2026-05-01 18:14:00,0.05249849207020109,0.05214191330422913,0.05268355539701051,0.048022293,0.056703936679737346
2026-05-01 18:15:00,0.05309881434328583,0.05214191330422913,0.04767198579244659,0.051546082,0.05444026571021397
2026-05-01 18:16:00,0.039395534009948344,0.05214191330422913,0.05235931815519803,0.107227705,0.06089836493137374
2026-05-01 18:17:00,0.01755482159044303,0.05214191330422913,0.05385542508014645,0.081440225,0.06675678343712027
2026-05-01 18:18:00,0.019310946264688763,0.05214191330422913,0.04974594589958249,0.08319318,0.06372139162158828
2026-05-01 18:19:00,0.02501117063610445,0.05214191330422913,0.04925262655476189,0.086340316,0.060981584430804904
2026-05-01 18:20:00,0.03198115742400208,0.05214191330422913,0.04985870964023967,0.047199883,0.05886708384507955
2026-05-01 18:21:00,0.031770268206213786,0.05214191330422913,0.04861351925507124,0.050208904,0.056468660961932635
2026-05-01 18:22:00,0.032044696461736424,0.05214191330422913,0.0484115672404199,0.036603287,0.05509505842678142
2026-05-01 18:23:00,0.031141735624059853,0.05214191330422913,0.048035393099055926,0.045638938,0.05320996409340377
2026-05-01 18:24:00,0.03532346973581981,0.05214191330422913,0.04876670639171853,0.044742215,0.05297457159088582
2026-05-01 18:25:00,0.04104256296654922,0.05214191330422913,0.05002610111761237,0.046651382,0.054301436078570735
2026-05-01 18:26:00,0.04550631059442623,0.05214191330422913,0.047934073229544724,0.051525317,0.05209080714374055
2026-05-01 18:27:00,0.043832013700603197,0.05214191330422913,0.04864775756664908,0.04657473,0.05119777831954537
2026-05-01 18:28:00,0.054079636980775087,0.05214191330422913,0.04752473603188454,0.051034212,0.049140640210062564
2026-05-01 18:29:00,0.0490016109033112,0.05214191330422913,0.05031073540848192,0.04100678,0.05142465341317798
2026-05-01 18:30:00,0.045776402451759395,0.05214191330422913,0.05180717214544573,0.043101966,0.05601531466733121
2026-05-01 18:31:00,0.04391431180087713,0.05214191330422913,0.05110169559890387,0.068495415,0.05638828880485545
2026-05-01 18:32:00,0.05292941924746995,0.05214191330422913,0.04929412168133907,0.09853191,0.054093440251816116
2026-05-01 18:33:00,0.04321291177020579,0.05214191330422913,0.05321445789446237,0.060902487,0.0588051291651779
2026-05-01 18:34:00,0.04287875396385232,0.05214191330422913,0.050063429754775186,0.037537225,0.05641065186859242
2026-05-01 18:35:00,0.0348743031522377,0.05214191330422913,0.05225755527050541,0.05410799,0.0582005691398465
2026-05-01 18:36:00,0.03132995399694943,0.05214191330422913,0.050025322708265915,0.050214455,0.05723860496811634
2026-05-01 18:37:00,0.01132991880463766,0.05214191330422913,0.05259528602535433,0.05805131,0.06068007447756775
2026-05-01 18:38:00,0.028230887500915618,0.05214191330422913,0.049065664718909434,0.050192952,0.05850186278673884
2026-05-01 18:39:00,0.028501298833626842,0.05214191330422913,0.04727804059696561,0.041966423,0.05592944784278957
2026-05-01 18:40:00,0.03448123938288308,0.05214191330422913,0.0467359421358729,0.034518633,0.05349519304195602
2026-05-01 18:41:00,0.03470339350693978,0.05214191330422913,0.04670356926714081,0.048525997,0.05122006985201784
2026-05-01 18:42:00,0.034186261265233775,0.05214191330422913,0.04628421784489921,0.035368353,0.04940502888810277
2026-05-01 18:43:00,0.025525093907900694,0.05214191330422913,0.04989804930491252,0.039319295,0.053083811176077696
2026-05-01 18:44:00,0.02842068077680044,0.05214191330422913,0.047238716666453934,0.04433107,0.05094913694132498
2026-05-01 18:45:00,0.02704677443870524,0.05214191330422913,0.04942432102375716,0.046040695,0.05168516253676307
2026-05-01 18:46:00,0.030770737859642044,0.05214191330422913,0.04756959815043387,0.040356304,0.04963824366104146
2026-05-01 18:47:00,0.0355555395253009,0.05214191330422913,0.04706236487459274,0.039817043,0.04764441962872616
2026-05-01 18:48:00,0.03355314404840313,0.05214191330422913,0.048179882068710184,0.038180623,0.04762167030023348
2026-05-01 18:49:00,0.030984684257047243,0.05214191330422913,0.04808813772949211,0.039726507,0.04712241491552568
2026-05-01 18:50:00,0.038817387460282765,0.05214191330422913,0.0486788433256273,0.048675068,0.04769949050335204
2026-05-01 18:51:00,0.042026834793303366,0.05214191330422913,0.04840954742124069,0.049529146,0.047670683480886746
2026-05-01 18:52:00,0.03954694514882654,0.05214191330422913,0.048525962554045454,0.045114852,0.048382764554354606
2026-05-01 18:53:00,0.038561190371337005,0.05214191330422913,0.047280250454970495,0.03489737,0.0471760796311057
2026-05-01 18:54:00,0.04190653575649598,0.05214191330422913,0.04637498216942908,0.05225583,0.04533746487653644
2026-05-01 18:55:00,0.03027628511493927,0.05214191330422913,0.0495510197198733,0.047251403,0.050454900798796914
2026-05-01 18:56:00,0.04151483910305051,0.05214191330422913,0.04927548241719588,0.04058927,0.05210278080911705
2026-05-01 18:57:00,0.04233797061938095,0.05214191330422913,0.04755502892831161,0.05024485,0.05083113018377864
2026-05-01 18:58:00,0.04269658590887485,0.05214191330422913,0.0465714894023046,0.05661001,0.04883821515061247
2026-05-01 18:59:00,0.03981307213727453,0.05214191330422913,0.04762639155628935,0.043206815,0.04904466184169352
2026-05-01 19:00:00,0.04516473140181158,0.05214191330422913,0.04546538102853693,0.044927597,0.04708760578260539
2026-05-01 19:01:00,0.027775610813176026,0.05214191330422913,0.05070685233087782,0.03844502,0.05511267318577335
2026-05-01 19:02:00,0.02470599129207319,0.05214191330422913,0.04841984842767165,0.04220228,0.05410260493551808
2026-05-01 19:03:00,0.024080386008380923,0.05214191330422913,0.04769924530533318,0.041946374,0.052129226320702264
2026-05-01 19:04:00,0.03461179269857774,0.05214191330422913,0.047483283625967126,0.05034565,0.050220285542578465
2026-05-01 19:05:00,0.02857719634107378,0.05214191330422913,0.049228320600703965,0.04676162,0.05167930022455233
2026-05-01 19:06:00,0.03752851416172589,0.05214191330422913,0.04662658664529667,0.046234954,0.04973482108665579
2026-05-01 19:07:00,0.037220132256988135,0.05214191330422913,0.046224216163045714,0.03146568,0.04791912321381611
2026-05-01 19:08:00,0.03701367802406931,0.05214191330422913,0.046040028210709766,0.038193177,0.04611270297093167
2026-05-01 19:09:00,0.03182239805981716,0.05214191330422913,0.049407850058636245,0.036245447,0.049637118073295926
2026-05-01 19:10:00,0.031150634192385705,0.05214191330422913,0.04716217292106022,0.036136996,0.048230075971061555
2026-05-01 19:11:00,0.0191140227440352,0.05214191330422913,0.049680365239213244,0.06334272,0.051155579701378635
2026-05-01 19:12:00,0.02264774858718184,0.05214191330422913,0.046996153832746565,0.07786289,0.049066967465232904
2026-05-01 19:13:00,0.028059386350460704,0.05214191330422913,0.04666752807966883,0.071115956,0.0470618291424757
2026-05-01 19:14:00,0.026065965712710252,0.05214191330422913,0.04816861759605497,0.05206753,0.047640183070693475
2026-05-01 19:15:00,0.025908920419181657,0.05214191330422913,0.046864745729005085,0.050161775,0.04603169038232004
2026-05-01 19:16:00,0.02688995680821985,0.05214191330422913,0.04606186041308982,0.036527574,0.04434852587321058
2026-05-01 19:17:00,0.026893553782819376,0.05214191330422913,0.04663308541273008,0.040735085,0.0439959456143652
2026-05-01 19:18:00,0.026055391410530263,0.05214191330422913,0.04718589969411327,0.05013127,0.04472608565469532
2026-05-01 19:19:00,0.02245704084192858,0.05214191330422913,0.04683697511450831,0.03814287,0.044654001564471225
2026-05-01 19:20:00,0.0330844259020543,0.05214191330422913,0.04591635121010149,0.03579354,0.04318158474007708
2026-05-01 19:21:00,0.03576132448717573,0.05214191330422913,0.046105344018412056,0.059332434,0.042162487538022576
2026-05-01 19:22:00,0.03552099283264497,0.05214191330422913,0.046685875671244055,0.0432232,0.04201916371267821
2026-05-01 19:23:00,0.03282773768363111,0.05214191330422913,0.04604978329891636,0.028047865,0.04258409999325611
2026-05-01 19:24:00,0.034866187597538525,0.05214191330422913,0.044487181770979274,0.028697973,0.04113293086362164
2026-05-01 19:25:00,0.02875008224618556,0.05214191330422913,0.04781497016767998,0.03294909,0.04522333005749078
2026-05-01 19:26:00,0.04323772649557823,0.05214191330422913,0.04712535288194117,0.0428584,0.045621570831168884
2026-05-01 19:27:00,0.04324184366315511,0.05214191330422913,0.04637557253917125,0.0246,0.04500813085816151
2026-05-01 19:28:00,0.04427630233020403,0.05214191330422913,0.04572347600891834,0.031989474,0.043662585745029014
2026-05-01 19:29:00,0.04268958036657394,0.05214191330422913,0.046544469136975415,0.023330487,0.04337468672797085
2026-05-01 19:30:00,0.04269085865784435,0.05214191330422913,0.04673854017272541,0.030631244,0.043788935061952056
2026-05-01 19:31:00,0.02298220646748337,0.05214191330422913,0.05025744391221195,0.047707878,0.05258931693688964
2026-05-01 19:32:00,0.019785525616146136,0.05214191330422913,0.04761088938319601,0.05349113,0.05139842132763954
2026-05-01 19:33:00,0.021088206879774456,0.05214191330422913,0.047275977750817086,0.045941856,0.0503009036008673
2026-05-01 19:34:00,0.024884854227497512,0.05214191330422913,0.046362560793546864,0.045040812,0.048341774212125765
2026-05-01 19:35:00,0.020443943173353216,0.05214191330422913,0.04777702529638903,0.04403842,0.04824422693381996
2026-05-01 19:36:00,0.032203423926729736,0.05214191330422913,0.04505161885988542,0.03395403,0.04629005434960213
2026-05-01 19:37:00,0.037564582860307054,0.05214191330422913,0.04486762481694451,0.029512217,0.044458175330687896
2026-05-01 19:38:00,0.03897567647454678,0.05214191330422913,0.04645607775959218,0.04016656,0.04441085265577752
2026-05-01 19:39:00,0.03666733840780053,0.05214191330422913,0.04666885461226254,0.04540511,0.0443697875037516
2026-05-01 19:40:00,0.039054229405159256,0.05214191330422913,0.04533153291445355,0.023727987,0.042917001957498285
2026-05-01 19:41:00,0.0303562817711063,0.05214191330422913,0.04839641135850852,0.043943495,0.04669238934915863
2026-05-01 19:42:00,0.027955644078913086,0.05214191330422913,0.04830719188466345,0.074874036,0.047925148832349315
2026-05-01 19:43:00,0.022110315049040565,0.05214191330422913,0.04831768573389542,0.052735057,0.048407754011226455
2026-05-01 19:44:00,0.027138804926650408,0.05214191330422913,0.04664124503406751,0.050238773,0.04656947851901072
2026-05-01 19:45:00,0.05457076394125204,0.05214191330422913,0.04789446721229117,0.04769284,0.04647988559602494
2026-05-01 19:46:00,0.05582407532825417,0.05214191330422913,0.046323235068530866,0.05225117,0.04476784479334615
2026-05-01 19:47:00,0.07142397472703792,0.05214191330422913,0.04715568584906726,0.0469907,0.04506831158105891
2026-05-01 19:48:00,0.07817248996453638,0.05214191330422913,0.04526629496401958,0.04992619,0.043358768941185954
2026-05-01 19:49:00,0.0788847834897578,0.05214191330422913,0.04712328027625677,0.054351907,0.044063053030645935
2026-05-01 19:50:00,0.06795271345788415,0.05214191330422913,0.053852054935059616,0.051060434,0.06061017941561103
2026-05-01 19:51:00,0.06822109171154717,0.05214191330422913,0.04979710871191338,0.058729727,0.058922749963952685
2026-05-01 19:52:00,0.04993317599321616,0.05214191330422913,0.05560470902440995,0.070701435,0.06980747983920275
2026-05-01 19:53:00,0.042688339654341025,0.05214191330422913,0.05407461559658152,0.09875271,0.07218721686597979
2026-05-01 19:54:00,0.05845003031289895,0.05214191330422913,0.05286078102845292,0.08153943,0.07088566789951135
2026-05-01 19:55:00,0.14131236258242647,0.05214191330422913,0.05381203577170038,0.10275549,0.07223583691813239
2026-05-01 19:56:00,0.14063065292731824,0.05214191330422913,0.05222722439461696,0.22481939,0.0699262816446244
2026-05-01 19:57:00,0.14370490131284147,0.05214191330422913,0.05057543908892822,0.1011386,0.06703058412431047
2026-05-01 19:58:00,0.14304529937051366,0.05214191330422913,0.05161787059367367,0.09299258,0.06599124168171559
2026-05-01 19:59:00,0.13623717168115837,0.05214191330422913,0.056263852516278495,0.071932875,0.07399947057274531
2026-05-04 13:30:00,0.03582693352183836,0.05214191330422913,0.07665864536887224,0.08559901,0.13530867792152934
2026-05-04 13:31:00,0.05087066279023127,0.05214191330422913,0.061911980321164156,0.06834897,0.1285385527208337
2026-05-04 13:32:00,0.0644572834805056,0.05214191330422913,0.06574243194706908,0.06548102,0.12502290627428936
2026-05-04 13:33:00,0.06474049023041317,0.05214191330422913,0.06355731155477869,0.0703542,0.11929958918841355
2026-05-04 13:34:00,0.07052211181735245,0.05214191330422913,0.06266888720225396,0.08483927,0.11361096320373897
2026-05-04 13:35:00,0.07031781513603726,0.04739919308825627,0.05809161893179039,0.060393,0.10842727788984773
2026-05-04 13:36:00,0.07031936100230385,0.04739919308414161,0.06200094115691734,0.04748919,0.10782234335826346
2026-05-04 13:37:00,0.050377598619246636,0.047399193092445044,0.06490329713761239,0.077146225,0.11146844807511383
2026-05-04 13:38:00,0.04850415084741615,0.04739919308674117,0.060957674165910525,0.09692911,0.10665770641697397
2026-05-04 13:39:00,0.045370384846538166,0.047399193082341085,0.06311879024051611,0.081026174,0.10457633061609445
2026-05-04 13:40:00,0.06475049262647345,0.04739919309069515,0.06097411841645528,0.08688742,0.09980256337950476
2026-05-04 13:41:00,0.05374154558593728,0.04739919308202122,0.06421366530397896,0.082201,0.10004856741690929
2026-05-04 13:42:00,0.054650292878197934,0.04739919308479443,0.059616272184683315,0.071050055,0.09553347010107716
2026-05-04 13:43:00,0.0545972202803735,0.04739919309179538,0.05871087448394641,0.07349728,0.09091536137194535
2026-05-04 13:44:00,0.049404894133884714,0.047399193088951797,0.06035914418948112,0.056852404,0.08894900142327751
2026-05-04 13:45:00,0.022130784990349765,0.04739919307925632,0.06428909411408776,0.050586186,0.09420445724906779
2026-05-04 13:46:00,0.022518211354531147,0.04739919308615077,0.05839949466562909,0.051438242,0.08962568726487267
2026-05-04 13:47:00,0.022510968024997968,0.04739919308889098,0.059782275521083984,0.052796837,0.08615749021028277
2026-05-04 13:48:00,0.0244790621527142,0.047399193089056185,0.058331905003794565,0.050268423,0.08202556238574575
2026-05-04 13:49:00,0.026556744465193113,0.04739919308611088,0.05837648072818299,0.054772217,0.07819611441352585
2026-05-04 13:50:00,0.024160981703771553,0.04739919308542736,0.05843243609023015,0.06360824,0.07590800947491243
2026-05-04 13:51:00,0.025215441114131508,0.047399193088200155,0.05643830316436865,0.06294502,0.07242372552337226
2026-05-04 13:52:00,0.023488055195844678,0.047399193090725315,0.05064669092521932,0.034877818,0.07010276017615658
2026-05-04 13:53:00,0.02627297971397971,0.04739919308656699,0.0503281735458417,0.03336796,0.06739085277717277
2026-05-04 13:54:00,0.032105517038314005,0.047399193088520926,0.050156022461859386,0.06892178,0.06502429872889556
2026-05-04 13:55:00,0.04352777816335047,0.047399193089839725,0.05019517562543567,0.064316094,0.06301842552297152
2026-05-04 13:56:00,0.04585824903606771,0.04739919308663267,0.049782829525200745,0.07248324,0.060610905714748115
2026-05-04 13:57:00,0.04543048037465392,0.0473991930870287,0.04992314604820613,0.062878594,0.0586153544031643
2026-05-04 13:58:00,0.04334833954903043,0.04739919308371421,0.05000602355135239,0.03524602,0.05759454249774536
2026-05-04 13:59:00,0.0407742047518625,0.04739919308465005,0.049758627883747006,0.046694085,0.05820031794800997
2026-05-04 14:00:00,0.030584115135941246,0.04739919309215174,0.05197889338437812,0.06742408,0.062262699336724715
2026-05-04 14:01:00,0.027425365542296198,0.04739919309176214,0.050039534061781694,0.05914706,0.0612218344980666
2026-05-04 14:02:00,0.04019315834406571,0.0473991930847133,0.04907713301881037,0.06384663,0.05893058700016079
2026-05-04 14:03:00,0.0572357730772671,0.047399193088628666,0.04799398417150755,0.047632735,0.05664648664667022
2026-05-04 14:04:00,0.06309393259650187,0.04739919309013627,0.04895133214284894,0.06124374,0.05589165210458404
2026-05-04 14:05:00,0.07692065768096902,0.04739919308394171,0.04880826084771637,0.054478787,0.05551936977615357
2026-05-04 14:06:00,0.08325723642322459,0.04739919308910647,0.04751984493989929,0.03951781,0.05378640016795789
2026-05-04 14:07:00,0.09904539771471593,0.04739919308444014,0.04949681649191112,0.047853135,0.05800756057135061
2026-05-04 14:08:00,0.09013884485380239,0.0473991930944388,0.05274661123281479,0.0629212,0.06621252192577035
2026-05-04 14:09:00,0.08510023278998068,0.04739919309232131,0.05236006311443028,0.08024365,0.06871428517478616
2026-05-04 14:10:00,0.07146646805445123,0.047399193081085436,0.05616350888751722,0.05148379,0.07748368287710104
2026-05-04 14:11:00,0.06614393234377042,0.047399193082445154,0.055515934591334214,0.08326589,0.07936993462511407
2026-05-04 14:12:00,0.024113087806817646,0.04739919307794199,0.06116520561591704,0.05938219,0.09293006267952612
2026-05-04 14:13:00,0.03385933051471869,0.04739919308831934,0.05442223628232108,0.07013931,0.08852258571772097
2026-05-04 14:14:00,0.03442874430308805,0.047399193089590466,0.054507987699524564,0.09059654,0.08456680528703193
2026-05-04 14:15:00,0.03306041228729004,0.047399193086603696,0.05400646365462201,0.06733029,0.08096034092233038
2026-05-04 14:16:00,0.03566331527123281,0.04739919308484974,0.054944782189187254,0.07887266,0.07895581140009386
2026-05-04 14:17:00,0.03566106904472922,0.047399193089003935,0.051165867150820686,0.030452382,0.07529915601771867
2026-05-04 14:18:00,0.0423028207788432,0.04739919308564975,0.05410262133851229,0.033873487,0.07483419226770331
2026-05-04 14:19:00,0.04102837407499302,0.047399193087515,0.052589974898604154,0.023055121,0.07189670066338917
2026-05-04 14:20:00,0.04286183784305357,0.047399193089447886,0.05141891790005816,0.037051566,0.06855572684069668
2026-05-04 14:21:00,0.036748181401269356,0.04739919308549924,0.05405051060348833,0.031014124,0.06857190843383541
2026-05-04 14:22:00,0.0374524635421344,0.047399193089127,0.05143067037566607,0.03365419,0.06550807164038656
2026-05-04 14:23:00,0.018300771587293055,0.047399193091536,0.05536685233545482,0.040307153,0.06896623598161247
2026-05-04 14:24:00,0.029265853261220005,0.04739919308725897,0.05173415786706969,0.039832223,0.06579076283987438
2026-05-04 14:25:00,0.049295454541191365,0.047399193085741004,0.053103331284697124,0.036664944,0.0637276749416944
2026-05-04 14:26:00,0.05231985872275819,0.047399193087409454,0.052265725581635614,0.045861103,0.06127328471802988
2026-05-04 14:27:00,0.052551845767246266,0.04739919308987014,0.052198991710896606,0.07368017,0.05897921852704716
2026-05-04 14:28:00,0.05218748209850337,0.04739919308928576,0.05101739126119909,0.02969389,0.05662794509715597
2026-05-04 14:29:00,0.05102774367307989,0.04739919309174591,0.05320533609255725,0.028838502,0.057737705863458826
2026-05-04 14:30:00,0.03266036671860483,0.04739919308132378,0.056255968525223556,0.04594844,0.06611999597424868
2026-05-04 14:31:00,0.028005760281853344,0.047399193086717493,0.053665265139482235,0.05031102,0.06534106934054314
2026-05-04 14:32:00,0.032663947265386996,0.047399193086433394,0.051530706084658554,0.05154886,0.06293380440502064
2026-05-04 14:33:00,0.04193759986931525,0.04739919308864858,0.04992151221133451,0.07764646,0.06009429177286238
2026-05-04 14:34:00,0.04445971040754271,0.047399193090914046,0.04994161417927002,0.049603254,0.06005001119420289
2026-05-04 14:35:00,0.050519046191983615,0.047399193087454876,0.04848019581635416,0.040005967,0.05864329950777992
2026-05-04 14:36:00,0.04958378298926798,0.04739919308925939,0.04781083180781576,0.04000804,0.05668905343141018
2026-05-04 14:37:00,0.04626216864450627,0.04739919308259576,0.0492998710584529,0.050818663,0.05680786970760377
2026-05-04 14:38:00,0.03827639191871168,0.04739919308492829,0.05071881691179053,0.040381074,0.0590032936916379
2026-05-04 14:39:00,0.032466753370410766,0.04739919309144691,0.05106809767919833,0.04464461,0.0604653490146819
2026-05-04 14:40:00,0.025196377965589503,0.04739919308502687,0.0517775544246729,0.0437819,0.0626505653935042
2026-05-04 14:41:00,0.03642830043486044,0.047399193088609695,0.04866591224402074,0.043432817,0.05982722220376779
2026-05-04 14:42:00,0.03991627426901732,0.04739919308764814,0.049309668714229316,0.061284184,0.05755179361388563
2026-05-04 14:43:00,0.04480637170301321,0.047399193090531956,0.04820455450600864,0.05246644,0.05514172210084385
2026-05-04 14:44:00,0.043485359500107214,0.04739919309022344,0.04919862898412746,0.045347467,0.05426294412646577
2026-05-04 14:45:00,0.04080979965812974,0.047399193086085235,0.048822334286101735,0.041366648,0.05443794476676007
2026-05-04 14:46:00,0.03195099035074509,0.047399193095905554,0.05065787161236543,0.040525876,0.056959455580226394
2026-05-04 14:47:00,0.03118559505292331,0.04739919308510105,0.050008126805434434,0.05673222,0.05669993316851865
2026-05-04 14:48:00,0.02501846368066804,0.047399193093096016,0.05077351743247581,0.0468929,0.0571883613714221
2026-05-04 14:49:00,0.02309183324440054,0.04739919309255214,0.049494852153282545,0.04739187,0.055335075139862924
2026-05-04 14:50:00,0.02119350755467719,0.0473991930861346,0.049571269815514865,0.05097351,0.05381820167453604
2026-05-04 14:51:00,0.04613788198198855,0.047399193087244704,0.048392245006265516,0.045534804,0.051865853979250844
2026-05-04 14:52:00,0.059853811972465525,0.0473991930842424,0.04847791496489083,0.051889095,0.051759427283171455
2026-05-04 14:53:00,0.059544941910344346,0.04739919308961886,0.04715550578952604,0.034956567,0.05022649579228424
2026-05-04 14:54:00,0.0750924217075259,0.04739919308950907,0.04610411529817425,0.03682288,0.04814568296578616
2026-05-04 14:55:00,0.08306862603489053,0.0473991930911206,0.04660174876255551,0.03257835,0.046502708466293646
2026-05-04 14:56:00,0.07257418815328655,0.04739919309539035,0.05262062744866349,0.048868492,0.05759068473055058
2026-05-04 14:57:00,0.059732641443794796,0.047399193097068096,0.05422429542887679,0.10397797,0.0660072063674768
2026-05-04 14:58:00,0.06642436043960899,0.04739919309414811,0.05033252135304124,0.094560474,0.06327997102159857
2026-05-04 14:59:00,0.04826160431471527,0.047399193096665695,0.056355006231627855,0.085059516,0.07249408962263743
2026-05-04 15:00:00,0.0394490590426518,0.04739919308584969,0.055981092153337034,0.074904986,0.07597694933884612
2026-05-04 15:01:00,0.0445983262131726,0.047399193082935866,0.05227135058058259,0.083782,0.07289422736493321
2026-05-04 15:02:00,0.048330589650265064,0.0473991930890562,0.0507912972020291,0.10937818,0.06965579342810663
2026-05-04 15:03:00,0.0454628055205538,0.04739919309288277,0.05429756587095256,0.06556428,0.07139112501533505
2026-05-04 15:04:00,0.04931854628880808,0.04739919308985391,0.05046051238700005,0.064875,0.0681332676468095
2026-05-04 15:05:00,0.043842995687135594,0.04739919308382654,0.0524760805609365,0.04339337,0.06803182740838114
2026-05-04 15:06:00,0.04823671965303126,0.04739919309098564,0.052885480795026814,0.03395873,0.06793822178416435
2026-05-04 15:07:00,0.05006207207617439,0.047399193090809255,0.05268820480230501,0.0449781,0.06700467965681557
2026-05-04 15:08:00,0.04699634627105983,0.04739919309089619,0.05312958103098229,0.03679371,0.06756142145466404
2026-05-04 15:09:00,0.043155207854093686,0.04739919308722869,0.052725906527763,0.044738222,0.06665825500626864
2026-05-04 15:10:00,0.047140820065480316,0.04739919308801069,0.0505539402381309,0.05014855,0.06370649339797235
2026-05-04 15:11:00,0.03635079866344413,0.047399193092204445,0.054121328927710356,0.038267232,0.06642941344726415
2026-05-04 15:12:00,0.059571112801834296,0.04739919309201526,0.053656005123989874,0.037810694,0.0666684964922624
2026-05-04 15:13:00,0.07043121763439338,0.04739919308896029,0.05302767213193276,0.05578527,0.06554456058984101
2026-05-04 15:14:00,0.14347566285257288,0.04739919309230174,0.0513348136946883,0.041424062,0.06274062885092074
2026-05-04 15:15:00,0.14602497522225288,0.04739919308700751,0.053210106063457156,0.053134337,0.06227453923685705
2026-05-04 15:16:00,0.19511175801014213,0.047399193088748286,0.05116369656001253,0.039836865,0.05966729074494069
2026-05-04 15:17:00,0.20616783951420184,0.0473991931005528,0.058793882688393986,0.049478896,0.07337708318978402
2026-05-04 15:18:00,0.20538168640366417,0.04739919309593959,0.05808945075954471,0.045703147,0.07888870133263805
2026-05-04 15:19:00,0.16684783645743417,0.04739919311200214,0.07602120036242332,0.08559901,0.1328307903217216
2026-05-04 15:20:00,0.16447212906051376,0.047399193090853775,0.06629215410495758,0.06677065,0.12953317986551874
2026-05-04 15:21:00,0.1396653717868274,0.04739919311317211,0.08347961874561821,0.0794593,0.1673356693685126
2026-05-04 15:22:00,0.11395009962009336,0.047399193062085725,0.0805398149125474,0.080636024,0.17543624347060263
2026-05-04 15:23:00,0.11305341125417871,0.04739919309293663,0.07555716565125133,0.08769368,0.1697841770184977
2026-05-04 15:24:00,0.10709338808962675,0.04739919309239755,0.07385492343610095,0.081158,0.16429459916140904
2026-05-04 15:25:00,0.10916127627847924,0.04739919307921732,0.07159555613303532,0.098083526,0.15680670563143495
2026-05-04 15:26:00,0.06019219840863593,0.04739919305888163,0.08116305602823498,0.072051644,0.1710184394571375
2026-05-04 15:27:00,0.07967605083621565,0.047399193081859775,0.07222849105310805,0.064727366,0.16401683971259576
2026-05-04 15:28:00,0.09850649399639666,0.047399193092799205,0.07326202673928647,0.06669367,0.15868978391400418
2026-05-04 15:29:00,0.09850895968838258,0.047399193087407414,0.06902852611502974,0.06990578,0.15069146458165958
2026-05-04 15:30:00,0.11576161057886994,0.04739919309099328,0.07225397680966825,0.06275644,0.14517313273326746
2026-05-04 15:31:00,0.11694348101947377,0.04739919309192742,0.07033063102755523,0.09100576,0.14046682790927736
2026-05-04 15:32:00,0.10338360935972501,0.04739919310190795,0.07509467908277914,0.07800494,0.14292050341954762
2026-05-04 15:33:00,0.08029050940655627,0.047399193063655,0.077763685272875,0.10988648,0.14807654939529669
2026-05-04 15:34:00,0.09045778434005125,0.04739919308184108,0.07022081193806312,0.07993291,0.14063601160038822
2026-05-04 15:35:00,0.07468013224697198,0.047399193105611456,0.07924576214040788,0.1193966,0.14584901321891228
2026-05-04 15:36:00,0.08733078458795372,0.04739919307698383,0.07597999750577786,0.07380231,0.1418403549507091
2026-05-04 15:37:00,0.08616637065099274,0.04739919307624002,0.07379181071704906,0.07990196,0.13596245804884236
2026-05-04 15:38:00,0.08444844330314467,0.047399193079229136,0.07241813229807585,0.10146517,0.13011578076403008
2026-05-04 15:39:00,0.08555077637215448,0.04739919309094115,0.07532725628783704,0.069767006,0.12539779720743544
2026-05-04 15:40:00,0.08519057801166213,0.04739919310021169,0.07476440883190885,0.07371426,0.1242852104687327
2026-05-04 15:41:00,0.06326509068461043,0.047399193068860326,0.07432870203974398,0.06787667,0.12691529189170342
2026-05-04 15:42:00,0.06860861836119968,0.04739919307863529,0.06943583971687114,0.088782474,0.12135521823870486
2026-05-04 15:43:00,0.07074052136321583,0.04739919308268143,0.06428503605143782,0.07916643,0.11555091473271456
2026-05-04 15:44:00,0.056609347238687956,0.04739919307128871,0.06717934719763118,0.094189234,0.11553837097216277
2026-05-04 15:45:00,0.03757265380221779,0.047399193090433285,0.06711644966706587,0.09261208,0.11519094457377306
2026-05-04 15:46:00,0.06096658420429357,0.04739919308058306,0.061294057829236706,0.08779969,0.10965730596154005
2026-05-04 15:47:00,0.06205809516758398,0.047399193094731236,0.06481347090874857,0.08607505,0.10729638816098303
2026-05-04 15:48:00,0.07637986805026563,0.047399193090724906,0.060903985490293765,0.07053381,0.10321294878443511
2026-05-04 15:49:00,0.08207156372141038,0.04739919308345053,0.05926931374117909,0.053640734,0.09872412194697217
2026-05-04 15:50:00,0.083716099271719,0.047399193084012234,0.05711723428989738,0.095051706,0.09411440696648064
2026-05-04 15:51:00,0.0685758793061681,0.04739919309983463,0.06393335798061003,0.069825985,0.09776629609256053
2026-05-04 15:52:00,0.06878195005012573,0.0473991930725966,0.06237594438779243,0.059866358,0.09685280685487004
2026-05-04 15:53:00,0.05521778271126706,0.04739919306372848,0.06518587973198202,0.06762758,0.10013658111323603
2026-05-04 15:54:00,0.060480414773590806,0.04739919307534275,0.06293624652824185,0.09071316,0.09885175752638871
2026-05-04 15:55:00,0.058231094959780454,0.04739919308442041,0.05964258013167317,0.059309345,0.09517369559337399
2026-05-04 15:56:00,0.08154236722927392,0.047399193082387145,0.05645371194189645,0.052917626,0.09074637085667378
2026-05-04 15:57:00,0.07604189601524715,0.04739919309402196,0.05910318443421902,0.058077622,0.09059814826049299
2026-05-04 15:58:00,0.07604554652041673,0.047399193072358826,0.05659735617290751,0.045412403,0.08874272712864721
2026-05-04 15:59:00,0.06653954450548757,0.04739919309557508,0.059544730232692196,0.073374726,0.09073089406961887
2026-05-04 16:00:00,0.06921647302676837,0.04739919308304435,0.05452671118278616,0.066890754,0.08659325256862203
2026-05-04 16:01:00,0.04248888614961896,0.047399193099791216,0.06407961234657836,0.08044372,0.09463825467143336
2026-05-04 16:02:00,0.1585625046142116,0.04739919307486984,0.05752253679109779,0.060879193,0.09106040257583276
2026-05-04 16:03:00,0.1573182648172917,0.04739919309443507,0.057690648868863055,0.05889326,0.08916951310788976
2026-05-04 16:04:00,0.16307701159856092,0.047399193078744,0.05577450603384876,0.05632556,0.08611870913152779
2026-05-04 16:05:00,0.1691228173761617,0.047399193088187005,0.05652668781803992,0.06316054,0.08367421815367178
2026-05-04 16:06:00,0.18990209625481388,0.04739919309139976,0.05305688790919492,0.037450846,0.08100569110428116
2026-05-04 16:07:00,0.11301070371806404,0.04739919313087474,0.08899422818224034,0.11532878,0.14614130689151442
2026-05-04 16:08:00,0.11727271231135869,0.04739919308337219,0.0710512440152544,0.10781957,0.13947243197037895
2026-05-04 16:09:00,0.1172689169665045,0.04739919305587679,0.07590141922461231,0.10146188,0.13773185564604734
2026-05-04 16:10:00,0.10750791771329121,0.0473991930937084,0.07740792079689822,0.098785155,0.1367793098201068
2026-05-04 16:11:00,0.06964601473375077,0.04739919304695559,0.08645037439173893,0.08843611,0.14819921553579674
2026-05-04 16:12:00,0.08341228804534512,0.04739919307097288,0.07040374679684348,0.091390535,0.14151493513419677
2026-05-04 16:13:00,0.10984123675284645,0.04739919309647591,0.07284369165546031,0.08737532,0.13745927879272643
2026-05-04 16:14:00,0.10353378112621615,0.047399193101664086,0.07457422381350115,0.08165402,0.13589618692605024
2026-05-04 16:15:00,0.1035279372479905,0.04739919309364645,0.06897073833726017,0.0935557,0.12971358100150776
2026-05-04 16:16:00,0.09982298872839113,0.04739919306352288,0.06793269998036458,0.089354604,0.1260712836121419
2026-05-04 16:17:00,0.0927658121128837,0.04739919305675849,0.07189908270304704,0.08000757,0.12624990848979442
2026-05-04 16:18:00,0.051584324264102845,0.047399193046276426,0.07987597071197326,0.07188929,0.13619020031243
2026-05-04 16:19:00,0.04419159212810345,0.04739919307202558,0.07253863625673032,0.08224963,0.13144386144427353
2026-05-04 16:20:00,0.042143214704229916,0.047399193074359705,0.07062044586585936,0.08685359,0.12551360323535848
2026-05-04 16:21:00,0.0389106820377959,0.047399193073224336,0.0703033432271292,0.08671482,0.1201579610167775
2026-05-04 16:22:00,0.06781547918691873,0.04739919306326775,0.07191769898784642,0.087225705,0.11722759361611819
2026-05-04 16:23:00,0.06496540468794074,0.04739919308440127,0.06585869685924176,0.081067875,0.11266714023532981
2026-05-04 16:24:00,0.06455277997004356,0.04739919308185103,0.06370859446075228,0.09612836,0.10746015486705314
2026-05-04 16:25:00,0.07680760974738,0.047399193084128176,0.06282256661091962,0.09343573,0.10238149415888592
2026-05-04 16:26:00,0.07748581576643752,0.047399193082776306,0.062465098645797905,0.09761908,0.0975856528714281
2026-05-04 16:27:00,0.0561026311523245,0.047399193101724656,0.07378799321159635,0.08988286,0.1064480449433955
2026-05-04 16:28:00,0.0670799616150659,0.04739919308104841,0.06534862141210014,0.07781435,0.1013768086469392
2026-05-04 16:29:00,0.07107327931231984,0.04739919308467512,0.05882784967733503,0.064768486,0.09663365213430047
2026-05-04 16:30:00,0.0749265193169077,0.04739919306300218,0.06531934239117498,0.067733526,0.09809851672098974
2026-05-04 16:31:00,0.07893307236510821,0.04739919307867302,0.060728578017655216,0.07749207,0.09390682046310954
2026-05-04 16:32:00,0.07509191967773378,0.047399193095031704,0.06158921452041799,0.055774104,0.09399040757459427
2026-05-04 16:33:00,0.06707129636357657,0.047399193059658985,0.06043600254133919,0.051022947,0.09440380773726836
2026-05-04 16:34:00,0.07460664681218108,0.04739919308194402,0.05922384067384791,0.05647292,0.09202892380992601
2026-05-04 16:35:00,0.06204476122574741,0.04739919310308644,0.06312445526363163,0.05443933,0.09596056864431625
2026-05-04 16:36:00,0.05612755993721965,0.047399193079877756,0.06024964842055859,0.059721682,0.09405938937305854
2026-05-04 16:37:00,0.05140629686343821,0.04739919308245143,0.059905233825189474,0.05667473,0.09205511393236897
2026-05-04 16:38:00,0.06555173798357865,0.047399193090608804,0.05742775811133139,0.059076354,0.08856863793197492
2026-05-04 16:39:00,0.07102100986249463,0.04739919310398892,0.061153563859193974,0.056477293,0.09058024564735952
2026-05-04 16:40:00,0.0679992823582398,0.04739919306554658,0.05554599659151697,0.048080724,0.08860478059322223
2026-05-04 16:41:00,0.07323182483316457,0.04739919307875066,0.052329967918374395,0.04045609,0.08467214011089029
2026-05-04 16:42:00,0.07217928603985445,0.047399193089515,0.05270285841486707,0.035523415,0.0814441322026439
2026-05-04 16:43:00,0.05814238370775505,0.04739919307249637,0.05866119105313154,0.060193412,0.08524472157834286
2026-05-04 16:44:00,0.03908311900006045,0.04739919313522468,0.06046141079149599,0.060682055,0.09039922772914388
2026-05-04 16:45:00,0.03908082775491682,0.047399193076792565,0.05549606775339455,0.05614723,0.08687548758518414
2026-05-04 16:46:00,0.03761883014128298,0.047399193086317126,0.05816280891354233,0.06360551,0.08589677273345386
2026-05-04 16:47:00,0.03797375030562062,0.047399193086204404,0.05471971003787558,0.06368656,0.08198357442517473
2026-05-04 16:48:00,0.038884817390043354,0.04739919308279946,0.05401294015206565,0.061309483,0.07844061934367219
2026-05-04 16:49:00,0.035869738196826664,0.04739919307541692,0.05289585607848277,0.039423205,0.07720883996405048
2026-05-04 16:50:00,0.03345047825728304,0.052089195781193136,0.05171009603881029,0.038812324,0.07454984932192806
2026-05-04 16:51:00,0.023331669816983765,0.052089195781193136,0.05350293219686659,0.03911119,0.07426022426871991
2026-05-04 16:52:00,0.023002348139511526,0.052089195781193136,0.05011897649695093,0.047406968,0.0711452688336918
2026-05-04 16:53:00,0.0247913587719958,0.052089195781193136,0.050825863473764284,0.041625924,0.06859331986994667
2026-05-04 16:54:00,0.019504889268485193,0.052089195781193136,0.05100141048785422,0.04830601,0.06716565912857646
2026-05-04 16:55:00,0.029621557577109006,0.052089195781193136,0.048212236633483306,0.0417068,0.0643695703258437
2026-05-04 16:56:00,0.044638561900071067,0.052089195781193136,0.0479377427276796,0.03492126,0.06218642562934308
2026-05-04 16:57:00,0.04445945447042749,0.052089195781193136,0.04593242221178458,0.043005627,0.05974232609091719
2026-05-04 16:58:00,0.04303202031668729,0.052089195781193136,0.04706899603396771,0.03746259,0.05846090003777312
2026-05-04 16:59:00,0.043030816349213984,0.052089195781193136,0.04551733814337075,0.0592243,0.0565683283269463
2026-05-04 17:00:00,0.03977521753293408,0.052089195781193136,0.04842401335199048,0.061113354,0.05733726384353692
2026-05-04 17:01:00,0.02386513525953325,0.052089195781193136,0.051101456926443356,0.1603537,0.06184039345528766
2026-05-04 17:02:00,0.02764093961134088,0.052089195781193136,0.046216739666296025,0.023327302,0.059330562796941023
2026-05-04 17:03:00,0.030480877448946866,0.052089195781193136,0.047192236815490306,0.032691438,0.05737684585409762
2026-05-04 17:04:00,0.03600129760547916,0.052089195781193136,0.04713719028963617,0.032691438,0.05555989094624383
2026-05-04 17:05:00,0.03490447714212811,0.052089195781193136,0.04667173271113162,0.039770905,0.05486331533295971
2026-05-04 17:06:00,0.03822689727083901,0.052089195781193136,0.043422285435629725,0.036825914,0.053982161285264
2026-05-04 17:07:00,0.03626814085674247,0.052089195781193136,0.043776824635717325,0.043948412,0.053177836445424835
2026-05-04 17:08:00,0.03470897488463656,0.052089195781193136,0.04375502369075404,0.046806775,0.052695366878830426
2026-05-04 17:09:00,0.029372516619446048,0.052089195781193136,0.045336638745430854,0.039610915,0.05350265991197537
2026-05-04 17:10:00,0.02829048878072041,0.052089195781193136,0.044252596494764596,0.03193667,0.05251047231965923
2026-05-04 17:11:00,0.020288745870217135,0.052089195781193136,0.045557982854215126,0.040816445,0.05334032163145234
2026-05-04 17:12:00,0.06820016476399918,0.052089195781193136,0.043470769382135704,0.04858456,0.05167906462410988
2026-05-04 17:13:00,0.082274011935515,0.052089195781193136,0.04340919561045512,0.03351636,0.05062803943186315
2026-05-04 17:14:00,0.08169728222813186,0.052089195781193136,0.042805064505647555,0.04076503,0.04946998202024646
2026-05-04 17:15:00,0.08230064738301562,0.052089195781193136,0.042695550085421516,0.04149527,0.04840414494386437
2026-05-04 17:16:00,0.08829308273314695,0.052089195781193136,0.04139106997852565,0.041706722,0.047103649865274475
2026-05-04 17:17:00,0.05932633598731038,0.052089195781193136,0.056484989099721765,0.055351872,0.06980006585901405
2026-05-04 17:18:00,0.040380475779167334,0.052089195781193136,0.056709763686413825,0.06163334,0.07697659491923017
2026-05-04 17:19:00,0.04096953186454691,0.052089195781193136,0.05060437905989462,0.06210565,0.07356158402889192
2026-05-04 17:20:00,0.03974236547341258,0.052089195781193136,0.052372257227295875,0.0511603,0.07123818722480522
2026-05-04 17:21:00,0.03269623288276866,0.052089195781193136,0.05591149699238308,0.04892496,0.07310251572228292
2026-05-04 17:22:00,0.05049211786225529,0.052089195781193136,0.04925155605281905,0.05370469,0.06996909844351683
2026-05-04 17:23:00,0.0476652428820534,0.052089195781193136,0.04904452862466891,0.045890816,0.06866323995347938
2026-05-04 17:24:00,0.047175318071208,0.052089195781193136,0.04759244416182612,0.04513234,0.0659771046398069
2026-05-04 17:25:00,0.04690709474655996,0.052089195781193136,0.04785824685092795,0.04473267,0.06370143070065876
2026-05-04 17:26:00,0.04087571144839819,0.052089195781193136,0.04931607563621332,0.042806864,0.06399895559815735
2026-05-04 17:27:00,0.01783539845233297,0.052089195781193136,0.053551082110504265,0.05754602,0.0688330761422029
2026-05-04 17:28:00,0.020430823024718915,0.052089195781193136,0.04935461448226911,0.06265315,0.06627042416640515
2026-05-04 17:29:00,0.036788573597890256,0.052089195781193136,0.04825856431042519,0.051301077,0.06349894757595045
2026-05-04 17:30:00,0.06050259305290512,0.052089195781193136,0.0490444769688295,0.07215475,0.06125899486458975
2026-05-04 17:31:00,0.062163913502511804,0.052089195781193136,0.04791590702329991,0.049995143,0.05895675036201646
2026-05-04 17:32:00,0.06450555493720053,0.052089195781193136,0.046652755855204654,0.030393846,0.057426763234289004
2026-05-04 17:33:00,0.06695241104777297,0.052089195781193136,0.046918116099673265,0.03363812,0.05621847918952345
2026-05-04 17:34:00,0.06459970862476352,0.052089195781193136,0.051136320025880255,0.047540616,0.059451930888066246
2026-05-04 17:35:00,0.04319778977356986,0.052089195781193136,0.05679609089669808,0.087414965,0.06935128226252024
2026-05-04 17:36:00,0.04319680588786317,0.052089195781193136,0.05268379356825377,0.05213788,0.06752750735440437
2026-05-04 17:37:00,0.05431695748035158,0.052089195781193136,0.05378587400292801,0.057045642,0.06683453011827219
2026-05-04 17:38:00,0.05002133611097737,0.052089195781193136,0.0544067987272094,0.0670353,0.06650056681552799
2026-05-04 17:39:00,0.04384238686758766,0.052089195781193136,0.05264248905696658,0.04549001,0.06684459621183839
2026-05-04 17:40:00,0.04523688006944682,0.052089195781193136,0.047277693264021745,0.03252125,0.06438294614720191
2026-05-04 17:41:00,0.04681666405942425,0.052089195781193136,0.04832456918122472,0.03499747,0.06294418225011908
2026-05-04 17:42:00,0.02594104501736596,0.052089195781193136,0.05317816463822504,0.060420625,0.06808764706068295
2026-05-04 17:43:00,0.0250288053853061,0.052089195781193136,0.04803867719409865,0.12815437,0.06543825474722767
2026-05-04 17:44:00,0.025028697670812703,0.052089195781193136,0.047507005082325166,0.11502493,0.06295877854847656
2026-05-04 17:45:00,0.02358990761910572,0.052089195781193136,0.04843848277833874,0.15542787,0.06141879045687043
2026-05-04 17:46:00,0.023583852441862316,0.052089195781193136,0.04950149636147968,0.19847035,0.06100196248051598
2026-05-04 17:47:00,0.02734650014522904,0.052089195781193136,0.045229871006794625,0.027376499,0.05855506340045636
2026-05-04 17:48:00,0.04314572171522897,0.052089195781193136,0.04480736213610588,0.0321286,0.056262151902378606
2026-05-04 17:49:00,0.04260353593020093,0.052089195781193136,0.04459822261046954,0.045040283,0.054395160450800846
2026-05-04 17:50:00,0.04387884271673512,0.052089195781193136,0.04504331900363216,0.041572984,0.053124858621835844
2026-05-04 17:51:00,0.039921510094467955,0.052089195781193136,0.04637468071516012,0.045295466,0.05353611058727519
2026-05-04 17:52:00,0.04096960320671435,0.052089195781193136,0.046070240586911886,0.04943722,0.052764906998145705
2026-05-04 17:53:00,0.027503760705803796,0.052089195781193136,0.050695128696042806,0.058898747,0.05754773941791414
2026-05-04 17:54:00,0.03214394287351987,0.052089195781193136,0.04641465783359942,0.024931753,0.05531890269499013
2026-05-04 17:55:00,0.029469896693605113,0.052089195781193136,0.04836851150650051,0.0333264,0.05463869234849785
2026-05-04 17:56:00,0.03184253347597163,0.052089195781193136,0.04636901627440743,0.042512335,0.05288326384673319
2026-05-04 17:57:00,0.03185070822940201,0.052089195781193136,0.04627847212609039,0.043809198,0.05269636709331661
2026-05-04 17:58:00,0.03464694302573405,0.052089195781193136,0.04468265894785272,0.046763882,0.05199884674448893
2026-05-04 17:59:00,0.03625993630815897,0.052089195781193136,0.04534093330319709,0.046231788,0.05190054537552396
2026-05-04 18:00:00,0.03732522002466098,0.052089195781193136,0.04369327904697086,0.04077919,0.05047869999744197
2026-05-04 18:01:00,0.039070950956361615,0.052089195781193136,0.04428388659225174,0.040861417,0.049979922609042826
2026-05-04 18:02:00,0.04860671251012724,0.052089195781193136,0.044812286170805606,0.045030765,0.05008481619411176
2026-05-04 18:03:00,0.04918145866954331,0.052089195781193136,0.04553732353660708,0.039000552,0.05082909221808386
2026-05-04 18:04:00,0.04554225944683794,0.052089195781193136,0.04479899981850137,0.041141853,0.05157532715818707
2026-05-04 18:05:00,0.04390911176019926,0.052089195781193136,0.04398781136078111,0.037771724,0.050684710115816406
2026-05-04 18:06:00,0.04061249359237816,0.052089195781193136,0.045146919441327406,0.042165484,0.051026747595272405
2026-05-04 18:07:00,0.02337712602324771,0.052089195781193136,0.04872317290450885,0.04366691,0.05611528892187621
2026-05-04 18:08:00,0.01690032690160392,0.052089195781193136,0.04719587737171776,0.048797797,0.05653842128128561
2026-05-04 18:09:00,0.02075722527890773,0.052089195781193136,0.045101874372720195,0.039100032,0.05465196725993016
2026-05-04 18:10:00,0.02750347951887481,0.052089195781193136,0.04423376491800585,0.034310073,0.052609662751748845
2026-05-04 18:11:00,0.029409305973371977,0.052089195781193136,0.04466016364528714,0.040365756,0.05099942356582439
2026-05-04 18:12:00,0.0329736193917802,0.052089195781193136,0.04257876031711622,0.045171414,0.049265820817483874
2026-05-04 18:13:00,0.03173905902747239,0.052089195781193136,0.04310238577593567,0.03312315,0.048753363394829434
2026-05-04 18:14:00,0.028662239865452285,0.052089195781193136,0.043537368523319714,0.03737365,0.048413817242336774
2026-05-04 18:15:00,0.02329096819918663,0.052089195781193136,0.04404333191804409,0.048923995,0.04900534864820516
2026-05-04 18:16:00,0.021340558900336218,0.052089195781193136,0.043621524694862954,0.037946,0.04839509080972049
2026-05-04 18:17:00,0.029745309111408394,0.052089195781193136,0.04430201564028732,0.040603384,0.04836515807916523
2026-05-04 18:18:00,0.038130160555999174,0.052089195781193136,0.04350928926842425,0.040417995,0.04738832472565139
2026-05-04 18:19:00,0.03925912765658476,0.052089195781193136,0.04210544674367168,0.04749694,0.04587579490913323
2026-05-04 18:20:00,0.04267339670629147,0.052089195781193136,0.0420408265256705,0.042814452,0.04476792781750279
2026-05-04 18:21:00,0.04506564082876185,0.052089195781193136,0.0418650755563956,0.036884,0.04390583872449227
2026-05-04 18:22:00,0.041176917095153615,0.052089195781193136,0.04538064823532054,0.044670377,0.04739541543710052
2026-05-04 18:23:00,0.05496102157233428,0.052089195781193136,0.04651444797106192,0.037211195,0.05033155102636981
2026-05-04 18:24:00,0.05661371847593123,0.052089195781193136,0.044393272574549225,0.03579148,0.049197539374476414
2026-05-04 18:25:00,0.058633802570231215,0.052089195781193136,0.04574099623084058,0.040249843,0.049707291195260926
2026-05-04 18:26:00,0.05654768891278116,0.052089195781193136,0.04568254783618505,0.038584266,0.04984534665668788
2026-05-04 18:27:00,0.05393178093967045,0.052089195781193136,0.04566191244104732,0.0413352,0.05028621482175055
2026-05-04 18:28:00,0.030606819894789125,0.052089195781193136,0.0515817037379266,0.07761726,0.060428924374858896
2026-05-04 18:29:00,0.02578617525363856,0.052089195781193136,0.04750721208377118,0.06892588,0.05955771800443092
2026-05-04 18:30:00,0.0322993252922577,0.052089195781193136,0.04868457892621397,0.0845595,0.06030432560216528
2026-05-04 18:31:00,0.03233992878283292,0.052089195781193136,0.04623554894716593,0.06272316,0.05811170427987695
2026-05-04 18:32:00,0.03186669646771276,0.052089195781193136,0.04602911045339337,0.055586383,0.056065265495967645
2026-05-04 18:33:00,0.03188846258622426,0.052089195781193136,0.043643951744302766,0.047666807,0.054025155437814734
2026-05-04 18:34:00,0.03931187318455722,0.052089195781193136,0.04302692370991635,0.043561734,0.052059948612081554
2026-05-04 18:35:00,0.024971128648575733,0.052089195781193136,0.04777697981557888,0.048789036,0.055948395073324955
2026-05-04 18:36:00,0.028800271961587007,0.052089195781193136,0.04454204854309866,0.047474556,0.05406452927335742
2026-05-04 18:37:00,0.029382798104616463,0.052089195781193136,0.04381889194805688,0.052616313,0.05210505880338064
2026-05-04 18:38:00,0.03933264359072531,0.052089195781193136,0.04389262647145491,0.05980282,0.050340026436966945
2026-05-04 18:39:00,0.03730071568381355,0.052089195781193136,0.047216020117630667,0.044706598,0.05204659057321418
2026-05-04 18:40:00,0.038330472469791786,0.052089195781193136,0.043415842844859866,0.045190368,0.05027658502587493
2026-05-04 18:41:00,0.039696254797723554,0.052089195781193136,0.045430672337248575,0.05851914,0.050150466164572534
2026-05-04 18:42:00,0.04766669138124466,0.052089195781193136,0.044287598384875115,0.047043562,0.04868225257202907
2026-05-04 18:43:00,0.03971607372971501,0.052089195781193136,0.048206607108191,0.043135356,0.0516679730706958
2026-05-04 18:44:00,0.041931738569477336,0.052089195781193136,0.046922176365754485,0.042634528,0.052241708109105715
2026-05-04 18:45:00,0.04309450914322211,0.052089195781193136,0.045347786404657774,0.046586,0.05095920958411414
2026-05-04 18:46:00,0.04694617294707235,0.052089195781193136,0.04683088364789442,0.047500256,0.05144668946937991
2026-05-04 18:47:00,0.056684983110288835,0.052089195781193136,0.04891682841284218,0.05297699,0.05424584079914411
2026-05-04 18:48:00,0.059447219670170554,0.052089195781193136,0.0448534101557813,0.045647804,0.05226668955605825
2026-05-04 18:49:00,0.05452104376121315,0.052089195781193136,0.047923286969850674,0.04192958,0.05388116967035324
2026-05-04 18:50:00,0.06243299302746656,0.052089195781193136,0.04543339496270133,0.0378294,0.0530838271792938
2026-05-04 18:51:00,0.05896030823361682,0.052089195781193136,0.04773309060211413,0.07298707,0.05542450481275054
2026-05-04 18:52:00,0.04322313981644663,0.052089195781193136,0.05146306320779324,0.08312579,0.06311420604223189
2026-05-04 18:53:00,0.04060728627842609,0.052089195781193136,0.04884272813519997,0.08494974,0.06227076861200306
2026-05-04 18:54:00,0.04098893696653067,0.052089195781193136,0.04602560231932735,0.04546727,0.059734280350424204
2026-05-04 18:55:00,0.024038995938225696,0.052089195781193136,0.05180599846952878,0.04202158,0.06340221065984046
2026-05-04 18:56:00,0.018870904850293087,0.052089195781193136,0.049501315853792346,0.083698094,0.062278333155896794
2026-05-04 18:57:00,0.0273537811034119,0.052089195781193136,0.04693903266416129,0.040988542,0.06050289481370619
2026-05-04 18:58:00,0.03562325282242881,0.052089195781193136,0.046568664035631445,0.040322497,0.058686743836118924
2026-05-04 18:59:00,0.035431581531898036,0.052089195781193136,0.045986109385501184,0.04216896,0.05655410272803059
2026-05-04 19:00:00,0.06710632821320928,0.052089195781193136,0.04428238183851781,0.043712854,0.054480936640896316
2026-05-04 19:01:00,0.06703657914323913,0.052089195781193136,0.04394497612310766,0.044879545,0.052797189924774716
2026-05-04 19:02:00,0.06631902537828602,0.052089195781193136,0.04705464083472792,0.049433734,0.0541708786806756
2026-05-04 19:03:00,0.06344034216774597,0.052089195781193136,0.04830803332218853,0.038283855,0.055949469172230336
2026-05-04 19:04:00,0.06440026881718453,0.052089195781193136,0.045564555454812486,0.03651857,0.053917511608236844
2026-05-04 19:05:00,0.030219835094472753,0.052089195781193136,0.05681831479365063,0.0584412,0.06945713804314257
2026-05-04 19:06:00,0.02961027269103695,0.052089195781193136,0.05012141755954224,0.052310638,0.0667218037245666
2026-05-04 19:07:00,0.02682541150819187,0.052089195781193136,0.05205771405460674,0.051933125,0.066104237051252
2026-05-04 19:08:00,0.021530268290940374,0.052089195781193136,0.051111097916973436,0.061085418,0.0646402745380666
2026-05-04 19:09:00,0.02114998669806814,0.052089195781193136,0.050308721634676735,0.046774615,0.06269185081804853
2026-05-04 19:10:00,0.025514115489437144,0.052089195781193136,0.04644706214588751,0.04455331,0.06029729078443342
2026-05-04 19:11:00,0.034630572500908306,0.052089195781193136,0.04579555578696476,0.033501066,0.05795198623249155
2026-05-04 19:12:00,0.030610954791584512,0.052089195781193136,0.04731254892568556,0.10508563,0.057300323127241225
2026-05-04 19:13:00,0.030886267715786685,0.052089195781193136,0.04433314635416448,0.029130824,0.055078673086769454
2026-05-04 19:14:00,0.03559309680979792,0.052089195781193136,0.04459262352784131,0.037760552,0.05375445755513735
2026-05-04 19:15:00,0.0323969426462886,0.052089195781193136,0.045461134828308034,0.044578116,0.05321665782818526
2026-05-04 19:16:00,0.022988406028927565,0.052089195781193136,0.04773943723618987,0.043715104,0.05470580814966931
2026-05-04 19:17:00,0.035340863256315413,0.052089195781193136,0.044094339501044306,0.04994027,0.05275589833990527
2026-05-04 19:18:00,0.04048879601011798,0.052089195781193136,0.04393012592764369,0.049335875,0.05093736675518158
2026-05-04 19:19:00,0.03468302785347058,0.052089195781193136,0.04673258420486078,0.044447064,0.05194721831166781
2026-05-04 19:20:00,0.04178873989070668,0.052089195781193136,0.044212095946877944,0.04917259,0.0501834291270762
2026-05-04 19:21:00,0.04131507351042018,0.052089195781193136,0.04364815564127429,0.04835712,0.04868904338383043
2026-05-04 19:22:00,0.03205801736620252,0.052089195781193136,0.04796513406079999,0.044985764,0.05189659116471554
2026-05-04 19:23:00,0.04453027304635901,0.052089195781193136,0.04775930145490055,0.044246186,0.05261446213778297
2026-05-04 19:24:00,0.05405527911885691,0.052089195781193136,0.04435186830599648,0.031375557,0.050696759485679116
2026-05-04 19:25:00,0.04930623160959653,0.052089195781193136,0.047918277399869286,0.04192958,0.052509656396146714
2026-05-04 19:26:00,0.057331930584522725,0.052089195781193136,0.04479562475614356,0.033357494,0.05059574589337392
2026-05-04 19:27:00,0.057534416652204094,0.052089195781193136,0.042430645872630485,0.05730489,0.049199934342394634
2026-05-04 19:28:00,0.04504624501467877,0.052089195781193136,0.048459737114965123,0.03340432,0.05608866967216593
2026-05-04 19:29:00,0.03301720892234339,0.052089195781193136,0.04889521220078935,0.058271956,0.05935024386639962
2026-05-04 19:30:00,0.03457160982943783,0.052089195781193136,0.04543698315847204,0.046086114,0.05739429623272616
2026-05-04 19:31:00,0.01969291666082791,0.052089195781193136,0.0494057150430972,0.07272488,0.06001017513900505
2026-05-04 19:32:00,0.027782828583646994,0.052089195781193136,0.046844003620869046,0.06776197,0.05807650421016974
2026-05-04 19:33:00,0.03230105839190247,0.052089195781193136,0.04577623170255329,0.038106967,0.05627959015791775
2026-05-04 19:34:00,0.03464212776465504,0.052089195781193136,0.043409647172454685,0.042351987,0.054123270054170454
2026-05-04 19:35:00,0.03611804167009084,0.052089195781193136,0.045301518170130416,0.035302658,0.05318705229418706
2026-05-04 19:36:00,0.03759169707259641,0.052089195781193136,0.043100943153595896,0.040911563,0.05153608495814192
2026-05-04 19:37:00,0.033779791041071754,0.052089195781193136,0.045890738048994587,0.046361532,0.052656635020450905
2026-05-04 19:38:00,0.031330730363786724,0.052089195781193136,0.04578248452668267,0.04624825,0.052956125339350214
2026-05-04 19:39:00,0.028847696589589286,0.052089195781193136,0.04528372194938665,0.03566925,0.05200800069038667
2026-05-04 19:40:00,0.026021560101479605,0.052089195781193136,0.046146880013381276,0.04629956,0.051912877233637425
2026-05-04 19:41:00,0.02602649879522878,0.052089195781193136,0.04553428022166995,0.041753743,0.05105191527040694
2026-05-04 19:42:00,0.04970171860190927,0.052089195781193136,0.04550196171863577,0.041758396,0.05050331856166314
2026-05-04 19:43:00,0.04821560063649228,0.052089195781193136,0.04539375061104449,0.048211537,0.050004481304002944
2026-05-04 19:44:00,0.050512961306873355,0.052089195781193136,0.04319176356731733,0.049014468,0.04831034980683607
2026-05-04 19:45:00,0.09702790004491336,0.05208919578119313,0.043805282535378506,0.03867788,0.047539399417751975
2026-05-04 19:46:00,0.09742817307004832,0.05208919578119313,0.04410674134007445,0.038600367,0.04706425490286248
2026-05-04 19:47:00,0.09019434642801541,0.05208919578119313,0.051409992465464786,0.055549387,0.05803272584034953
2026-05-04 19:48:00,0.09002263095661216,0.05208919578119313,0.04643693667414467,0.049553,0.05604433161691221
2026-05-04 19:49:00,0.08875395422848308,0.05208919578119313,0.04784534502662301,0.047181662,0.05530128732857369
2026-05-04 19:50:00,0.030350508275405787,0.052089195781193136,0.06417054738042817,0.071403034,0.08595209430839391
2026-05-04 19:51:00,0.027493335026592975,0.052089195781193136,0.05499215619029633,0.025390746,0.08294806155655446
2026-05-04 19:52:00,0.017366464059701044,0.052089195781193136,0.05590387558631762,0.02640515,0.08173764152227896
2026-05-04 19:53:00,0.026304415383345617,0.052089195781193136,0.052734443183470814,0.043931384,0.07811807891387972
2026-05-04 19:54:00,0.03924079694593136,0.05208919578119313,0.052399901393339686,0.048966605,0.07466851462267524
2026-05-04 19:55:00,0.5209377195516343,0.05208919578119313,0.04749983287092197,0.057988487,0.07152800728828207
2026-05-04 19:56:00,0.5208871662803045,0.05208919578119313,0.04764285238451039,0.05608504,0.06876352246525877
2026-05-04 19:57:00,0.5208647472817861,0.05208919578119313,0.04736809629236789,0.045501344,0.06669459752496402
2026-05-04 19:58:00,0.5220307816864354,0.05208919578119313,0.04926287882008874,0.03394218,0.06593634097324413
2026-05-04 19:59:00,0.5215212902108463,0.05208919578119313,0.05180174045007807,0.042430986,0.06744766955776178
2026-05-05 13:30:00,0.0473271656650378,0.05208919578119314,0.20897817438147204,0.08357778,0.4244745155667827
2026-05-05 13:31:00,0.04842867232293019,0.05208919578119314,0.14218906103363457,0.07317285,0.4027851952126648
2026-05-05 13:32:00,0.05122993626010027,0.05208919578119314,0.14323189533280448,0.07260411,0.38233078623755173
2026-05-05 13:33:00,0.04114682421167451,0.05208919578119314,0.1471272580615514,0.0783896,0.36425943571849856
2026-05-05 13:34:00,0.04001366504562137,0.05208919578119314,0.1442075271679586,0.07181151,0.34597046208771487
2026-05-05 13:35:00,0.04245575293194602,0.05234294329649443,0.10081556168970929,0.08358416,0.3284431306477674
2026-05-05 13:36:00,0.049463021611662765,0.052342943296494436,0.10092732839295238,0.08104539,0.3118288807874426
2026-05-05 13:37:00,0.0575447069574171,0.052342943296494436,0.10246825429357145,0.06865657,0.29642100076944494
2026-05-05 13:38:00,0.06505449730412867,0.052342943296494436,0.10234472007333104,0.07852026,0.28213814227215117
2026-05-05 13:39:00,0.0831676142317973,0.05234294329649443,0.10060787640225408,0.08681116,0.2680768650869744
2026-05-05 13:40:00,0.08997495922869468,0.05234294329649443,0.10121693913516155,0.083128184,0.2548780552061852
2026-05-05 13:41:00,0.08561891764274449,0.05234294329649443,0.10316059917770237,0.07136364,0.2429814186612833
2026-05-05 13:42:00,0.07828492470239032,0.052342943296494436,0.10431042268838513,0.079148136,0.23249729653488507
2026-05-05 13:43:00,0.06721088156586653,0.052342943296494436,0.10568101158582288,0.06881743,0.2231048781736976
2026-05-05 13:44:00,0.05570931868612856,0.05234294329649443,0.10935918690183812,0.08502361,0.21627551517531557
2026-05-05 13:45:00,0.08601045127141135,0.05234294329649443,0.10816362090778309,0.06818875,0.20773174369557715
2026-05-05 13:46:00,0.08627697269198677,0.05234294329649443,0.10292958749103892,0.07787552,0.19726524739400503
2026-05-05 13:47:00,0.08820868889563252,0.052342943296494436,0.10335557669767279,0.07700738,0.18750706193820715
2026-05-05 13:48:00,0.08834719813997191,0.05234294329649443,0.10127969487235008,0.07390161,0.17810112025177285
2026-05-05 13:49:00,0.08420661651114614,0.052342943296494436,0.10524372716627545,0.076140895,0.1720590452325816
2026-05-05 13:50:00,0.03725110529081201,0.05234294329649443,0.11340967900931499,0.11650206,0.17464499424294389
2026-05-05 13:51:00,0.03844858621633341,0.05234294329649443,0.10437397702590814,0.07860495,0.166006369262802
2026-05-05 13:52:00,0.037370712952570974,0.052342943296494436,0.05825350898318983,0.05606124,0.1586182036151716
2026-05-05 13:53:00,0.0379363966807547,0.05234294329649443,0.05624557329744739,0.059025723,0.15078967659893744
2026-05-05 13:54:00,0.027807532737186526,0.052342943296494436,0.05911817357551542,0.060739595,0.14510285258918273
2026-05-05 13:55:00,0.027357729860146732,0.05234294329649443,0.05187046887340777,0.042500604,0.13815752880312843
2026-05-05 13:56:00,0.04949285667869398,0.05234294329649443,0.05216535047763473,0.039721437,0.13170471668788183
2026-05-05 13:57:00,0.05579017207145208,0.052342943296494436,0.053064782369392285,0.0390657,0.12616054804752946
2026-05-05 13:58:00,0.05722969404533559,0.05234294329649443,0.051746725746768335,0.043047544,0.12019625025268733
2026-05-05 13:59:00,0.05751307084283288,0.05234294329649443,0.05106226484990526,0.035017576,0.11471643719540789
2026-05-05 14:00:00,0.058733842739392396,0.052342943296494436,0.05038611859671464,0.035044312,0.10939142756228186
2026-05-05 14:01:00,0.049003805809825045,0.05234294329649443,0.057556884891583934,0.055839982,0.10975993818122028
2026-05-05 14:02:00,0.039369672341154696,0.052342943296494436,0.05698024661326531,0.055217348,0.10761190538935962
2026-05-05 14:03:00,0.037577481151060334,0.05234294329649443,0.05473091198621211,0.056621052,0.10320395038023605
2026-05-05 14:04:00,0.04282491364021698,0.05234294329649443,0.053901239277545865,0.045680348,0.09881751956099889
2026-05-05 14:05:00,0.04073673396780157,0.052342943296494436,0.053646744238195904,0.071530424,0.09488862993398688
2026-05-05 14:06:00,0.03061078400262405,0.05234294329649443,0.053528746419698896,0.05574866,0.0932599931345322
2026-05-05 14:07:00,0.032427526717595426,0.05234294329649443,0.04999059206327686,0.039484788,0.08950128213430272
2026-05-05 14:08:00,0.06952297834150079,0.05234294329649443,0.04948862897796034,0.046731222,0.08572367171439108
2026-05-05 14:09:00,0.07846895434659143,0.05234294329649443,0.052061909732156846,0.04233136,0.0840718735108364
2026-05-05 14:10:00,0.07847409753781387,0.05234294329649443,0.04956274024259603,0.043835856,0.08039359077647476
2026-05-05 14:11:00,0.07975839838541769,0.05234294329649443,0.048207665149059165,0.048788775,0.0770700818893686
2026-05-05 14:12:00,0.08534229766148028,0.052342943296494436,0.0461243402880187,0.05566608,0.07485673507313842
2026-05-05 14:13:00,0.09927269170427024,0.052342943296494436,0.05775718604918891,0.0778442,0.08745871338001981
2026-05-05 14:14:00,0.08995935838642266,0.052342943296494436,0.05695077939542677,0.05243247,0.09056460760950007
2026-05-05 14:15:00,0.08975433482808921,0.05234294329649443,0.05209961194778441,0.04415147,0.08651037390324129
2026-05-05 14:16:00,0.08930526641393573,0.05234294329649443,0.053281541372488805,0.08176797,0.08361265391485342
2026-05-05 14:17:00,0.12092924852182382,0.05234294329649443,0.056716304950335944,0.03684664,0.08456274463969247
2026-05-05 14:18:00,0.09043437448871597,0.052342943296494436,0.0668638493852178,0.08267457,0.10353155667534776
2026-05-05 14:19:00,0.09938821070433436,0.05234294329649443,0.05706049588455667,0.05657504,0.09907099789427588
2026-05-05 14:20:00,0.10245412181008695,0.05234294329649443,0.055576709673719554,0.054741587,0.09440172532041725
2026-05-05 14:21:00,0.10334379855951503,0.05234294329649443,0.05727018912198345,0.056499727,0.09068292716234323
2026-05-05 14:22:00,0.054108976830721627,0.05234294329649443,0.07287466616016995,0.04366325,0.1122315915232178
2026-05-05 14:23:00,0.06074682338792116,0.05234294329649443,0.05816024784643652,0.053704556,0.10684183129008751
2026-05-05 14:24:00,0.04382586751860881,0.05234294329649443,0.06464914482721094,0.056754254,0.1074721219305482
2026-05-05 14:25:00,0.0397003226366289,0.05234294329649443,0.0627373841757298,0.054990344,0.10429198122619121
2026-05-05 14:26:00,0.04435624885759021,0.052342943296494436,0.06218213001907463,0.059047215,0.10055478181692687
2026-05-05 14:27:00,0.043838906407524116,0.052342943296494436,0.05647239880088429,0.04839614,0.09611940832147879
2026-05-05 14:28:00,0.039851927134026584,0.05234294329649443,0.059385950480658534,0.070600666,0.09429417022860118
2026-05-05 14:29:00,0.044158943308169954,0.052342943296494436,0.05532851984707027,0.068179235,0.09013886954415684
2026-05-05 14:30:00,0.04107641581692874,0.052342943296494436,0.05609866467840096,0.062219314,0.08700367328962931
2026-05-05 14:31:00,0.030547636036477574,0.052342943296494436,0.05802421750594623,0.049558893,0.08596695517642529
2026-05-05 14:32:00,0.04062455450395589,0.05234294329649443,0.05529284990176625,0.052582476,0.08222258072484422
2026-05-05 14:33:00,0.037567374893844624,0.052342943296494436,0.056860228601329776,0.053118628,0.08027093737241672
2026-05-05 14:34:00,0.031323286657309476,0.05234294329649443,0.057302867654032544,0.04833184,0.07847313427664213
2026-05-05 14:35:00,0.031890609374640604,0.05234294329649443,0.05332366594830818,0.054287184,0.07502104377589924
2026-05-05 14:36:00,0.04347370374421571,0.05234294329649443,0.05162176441050653,0.053483028,0.07177264494889005
2026-05-05 14:37:00,0.03424403183475495,0.052342943296494436,0.055955990654455806,0.050122723,0.07220375997821588
2026-05-05 14:38:00,0.03193383375388851,0.052342943296494436,0.0538591450653875,0.0502215,0.06996564629587097
2026-05-05 14:39:00,0.0562715066961971,0.05234294329649443,0.05110580304270799,0.046570662,0.06696419030273879
2026-05-05 14:40:00,0.056458540772305416,0.05234294329649443,0.04906872461602987,0.039594803,0.06438350721461049
2026-05-05 14:41:00,0.04830460763093117,0.05234294329649443,0.05343059765918384,0.037730686,0.06622793592046664
2026-05-05 14:42:00,0.052685403641275184,0.05234294329649443,0.04966815854084452,0.036469102,0.06369430250783213
2026-05-05 14:43:00,0.07320274013408583,0.05234294329649443,0.049297260196015345,0.03987331,0.061276414204997666
2026-05-05 14:44:00,0.058022393567175076,0.052342943296494436,0.05359066520602019,0.13534528,0.06969948054387853
2026-05-05 14:45:00,0.058759247424891074,0.052342943296494436,0.048720254104032135,0.17981125,0.06704766918773827
2026-05-05 14:46:00,0.05864484507685204,0.05234294329649443,0.046476549291135774,0.057432,0.06437486981420554
2026-05-05 14:47:00,0.06159146866195126,0.052342943296494436,0.048932616176308875,0.04278411,0.06424727035740245
2026-05-05 14:48:00,0.03429615809623154,0.05234294329649443,0.05596602722104298,0.17118238,0.07418229869544991
2026-05-05 14:49:00,0.037720973513552226,0.052342943296494436,0.049622744634876155,0.21061254,0.07163845063042898
2026-05-05 14:50:00,0.0359368802428117,0.052342943296494436,0.04931822832589233,0.07286701,0.06926856888446005
2026-05-05 14:51:00,0.03717296935808353,0.05234294329649443,0.048201674161075625,0.05623408,0.06639133647932625
2026-05-05 14:52:00,0.02462061274359331,0.05234294329649443,0.05203934138242732,0.17746556,0.0677943527950072
2026-05-05 14:53:00,0.024774617875195873,0.05234294329649443,0.04563161858665346,0.029261716,0.06494245922292761
2026-05-05 14:54:00,0.028243366783718478,0.05234294329649443,0.048485169004905196,0.0919508,0.06431245577846435
2026-05-05 14:55:00,0.029942869342650575,0.05234294329649443,0.04610519751934496,0.070761956,0.06177484320394779
2026-05-05 14:56:00,0.03491917091365347,0.05234294329649443,0.04672734709686558,0.042352024,0.05985838015487393
2026-05-05 14:57:00,0.033946736476757,0.052342943296494436,0.045369767781881246,0.04824079,0.0578615392726697
2026-05-05 14:58:00,0.03762951600070492,0.05234294329649443,0.044755751950708605,0.037809823,0.0556711888398983
2026-05-05 14:59:00,0.036321955813282264,0.05234294329649443,0.04764032960719233,0.042393003,0.05700621231316841
2026-05-05 15:00:00,0.034595254856039794,0.052342943296494436,0.046046323278532426,0.03655809,0.055524339191682176
2026-05-05 15:01:00,0.029868113153170193,0.05234294329649443,0.04801985540480728,0.034286875,0.055979776259883915
2026-05-05 15:02:00,0.031413218261584115,0.05234294329649443,0.045394068883632094,0.030236095,0.05385125040274527
2026-05-05 15:03:00,0.035543997906796534,0.05234294329649443,0.04730589638255432,0.05141546,0.0535540438832497
2026-05-05 15:04:00,0.027964818743742178,0.05234294329649443,0.04818727264348932,0.039960496,0.0545760146741137
2026-05-05 15:05:00,0.028270056617401135,0.05234294329649443,0.045142829595930405,0.026100859,0.052526765341186464
2026-05-05 15:06:00,0.026858528674547244,0.05234294329649443,0.04480235265158015,0.047464743,0.051415153414309446
2026-05-05 15:07:00,0.03430477860391186,0.052342943296494436,0.044781513201877565,0.04748165,0.050205132641936885
2026-05-05 15:08:00,0.027640361208314614,0.052342943296494436,0.04729226094019053,0.042493608,0.05202876701635605
2026-05-05 15:09:00,0.028947501596399486,0.05234294329649443,0.0435858512009385,0.053429984,0.050196466120357684
2026-05-05 15:10:00,0.028757350292909545,0.05234294329649443,0.041703809589372226,0.043733254,0.0485522697334411
2026-05-05 15:11:00,0.03232686602138176,0.05234294329649443,0.04183935495173534,0.040548973,0.047235955686045404
2026-05-05 15:12:00,0.02258541537695354,0.05234294329649443,0.0450097960390231,0.037040263,0.04946280046482847
2026-05-05 15:13:00,0.021862744834461503,0.052342943296494436,0.043003931463396226,0.046405282,0.048694620597445754
2026-05-05 15:14:00,0.02591283462266221,0.05234294329649443,0.0420742698203241,0.03763339,0.0475994798079918
2026-05-05 15:15:00,0.029596090267795215,0.05234294329649443,0.0412108274802921,0.049946483,0.04606093840841427
2026-05-05 15:16:00,0.03505958656839512,0.052342943296494436,0.04319195639558944,0.046378907,0.04648998238844398
2026-05-05 15:17:00,0.035494092464520274,0.05234294329649443,0.04073580024712715,0.041538686,0.045108462842176664
2026-05-05 15:18:00,0.03530349554567023,0.05234294329649443,0.04147616667191338,0.03550847,0.04449308464323844
2026-05-05 15:19:00,0.038220690037700594,0.052342943296494436,0.042842106960615675,0.04867438,0.04516149677085711
2026-05-05 15:20:00,0.035466019095595054,0.052342943296494436,0.04308710743960799,0.048535854,0.045292795894165856
2026-05-05 15:21:00,0.03645218351430577,0.05234294329649443,0.04495059660323883,0.036615305,0.04825509365056413
2026-05-05 15:22:00,0.03726334277660142,0.052342943296494436,0.04259262255821402,0.03365203,0.04696025446490911
2026-05-05 15:23:00,0.036518108221822054,0.052342943296494436,0.042618970706828026,0.031451635,0.04608972720682274
2026-05-05 15:24:00,0.04205568721714929,0.052342943296494436,0.04494587333451201,0.041891553,0.04805829937784575
2026-05-05 15:25:00,0.04538264753690368,0.05234294329649443,0.04194551061453522,0.036841843,0.046498026743717634
2026-05-05 15:26:00,0.03716739001929586,0.05234294329649443,0.04526363061287293,0.03738784,0.049743009476494654
2026-05-05 15:27:00,0.05066032416913928,0.052342943296494436,0.04337352639807343,0.048182253,0.04873892959571681
2026-05-05 15:28:00,0.053877851175569876,0.05234294329649443,0.04269042272398624,0.049312085,0.04734537406375243
2026-05-05 15:29:00,0.04481835931345515,0.05234294329649443,0.04703981321736811,0.038985997,0.05195147298994351
2026-05-05 15:30:00,0.04899610430733655,0.052342943296494436,0.04542294590773251,0.039601997,0.05198250312875736
2026-05-05 15:31:00,0.04895274805987044,0.05234294329649443,0.042898901820091394,0.05083466,0.050180939794326536
2026-05-05 15:32:00,0.033934622576890026,0.052342943296494436,0.049345958169944144,0.044573702,0.05646015767773228
2026-05-05 15:33:00,0.02790055403637768,0.052342943296494436,0.04773148007811496,0.059492644,0.056497135845090425
2026-05-05 15:34:00,0.027382070195861433,0.05234294329649443,0.04473157260880228,0.049390893,0.05450718995527237
2026-05-05 15:35:00,0.013480872103062291,0.05234294329649443,0.04821169044634105,0.046457198,0.05659192072412272
2026-05-05 15:36:00,0.01348095858017489,0.05234294329649443,0.04510687406244359,0.042915583,0.05445855847730595
2026-05-05 15:37:00,0.011900419473216243,0.052342943296494436,0.044329183090700525,0.03816234,0.05271336882147292
2026-05-05 15:38:00,0.012525301761109631,0.05234294329649443,0.042873995867896295,0.045398973,0.05079831800570764
2026-05-05 15:39:00,0.01860484931844139,0.05234294329649443,0.04281601964116469,0.04794525,0.049011000373580194
2026-05-05 15:40:00,0.026708800459585815,0.052342943296494436,0.042836517365248614,0.035842143,0.04816800315061876
2026-05-05 15:41:00,0.0313191669189065,0.05234294329649443,0.041556388891954586,0.04069625,0.0466000862494445
2026-05-05 15:42:00,0.03471214546394244,0.05234294329649443,0.04125609953245077,0.041153766,0.04514255774983442
2026-05-05 15:43:00,0.03457342629084613,0.05234294329649443,0.04100305587050996,0.03977775,0.04386023568456018
2026-05-05 15:44:00,0.03258764934114443,0.05234294329649443,0.04292068730180843,0.0319199,0.04398284205854203
2026-05-05 15:45:00,0.025096222226596986,0.05234294329649443,0.04504180047068191,0.04186042,0.046247859006568186
2026-05-05 15:46:00,0.01914355119308908,0.05234294329649443,0.04456562805755371,0.050775696,0.04672153480634487
2026-05-05 15:47:00,0.01211103171360051,0.052342943296494436,0.044871669423139096,0.038022246,0.04684196405361692
2026-05-05 15:48:00,0.016170886041487417,0.05234294329649443,0.04268623558901541,0.038549688,0.04536657679222756
2026-05-05 15:49:00,0.014288808331515713,0.05234294329649443,0.043094958749686066,0.044406425,0.044367371053185896
2026-05-05 15:50:00,0.021035190802984632,0.05234294329649443,0.042437433040525385,0.04198613,0.0434465376288502
2026-05-05 15:51:00,0.02075175102092367,0.05234294329649443,0.040558308231789846,0.039066125,0.042249658010679765
2026-05-05 15:52:00,0.021196497298571575,0.05234294329649443,0.039657581031739116,0.038842253,0.04114327664681179
2026-05-05 15:53:00,0.018551304142004926,0.052342943296494436,0.04111340854015622,0.032702383,0.041009659579681786
2026-05-05 15:54:00,0.018590012273344007,0.05234294329649443,0.03825405597711124,0.023885107,0.03990494833229563
2026-05-05 15:55:00,0.010889832993228658,0.052342943296494436,0.04090546522075697,0.033646792,0.04128684456768375
2026-05-05 15:56:00,0.01552483864482233,0.05234294329649443,0.03862662243534054,0.033409048,0.040157509794000096
2026-05-05 15:57:00,0.027618937913047998,0.05234294329649443,0.03854041030411483,0.03416617,0.03936729140715524
2026-05-05 15:58:00,0.030604078104365787,0.05234294329649443,0.0381381587970473,0.030663272,0.03852978904249626
2026-05-05 15:59:00,0.03206832741171603,0.05234294329649443,0.03772048216148504,0.030720737,0.0376275943027058
2026-05-05 16:00:00,0.03805994076190516,0.05234294329649443,0.03801712578180799,0.04125469,0.037385257497811034
2026-05-05 16:01:00,0.03643761677267944,0.05234294329649443,0.038950905367011124,0.024033815,0.0376330814022217
2026-05-05 16:02:00,0.02922002832962143,0.05234294329649443,0.04218254440046256,0.030292233,0.04139282760845747
2026-05-05 16:03:00,0.026193961332244657,0.052342943296494436,0.04141102713306292,0.026007349,0.041774508899226306
2026-05-05 16:04:00,0.024340070809592447,0.05234294329649443,0.041103905690823436,0.025040058,0.04135424640207137
2026-05-05 16:05:00,0.014036630927515033,0.05234294329649443,0.043767398168059676,0.030075196,0.044006564965951366
2026-05-05 16:06:00,0.016254472790812227,0.05234294329649443,0.040717295397683206,0.036442637,0.04268968680557229
2026-05-05 16:07:00,0.01405881848808041,0.05234294329649443,0.04059410301960055,0.027333727,0.04206909736550645
2026-05-05 16:08:00,0.013205396624139679,0.05234294329649443,0.03950167731567401,0.040307157,0.04106749606076425
2026-05-05 16:09:00,0.013749565119702234,0.05234294329649443,0.03841949775528606,0.031654783,0.03995453101537673
2026-05-05 16:10:00,0.010363079744925318,0.05234294329649443,0.03885925167713654,0.028100107,0.03970230564060403
2026-05-05 16:11:00,0.010917289716685272,0.052342943296494436,0.038892481891682686,0.04147962,0.03926804763582535
2026-05-05 16:12:00,0.02886719850825007,0.05234294329649443,0.03801084035563987,0.032461394,0.03839318356332099
2026-05-05 16:13:00,0.03200297239874519,0.05234294329649443,0.0375128672228344,0.026593694,0.03748590403717033
2026-05-05 16:14:00,0.03412238572050646,0.05234294329649443,0.038020901823881514,0.031796195,0.03677964539376671
2026-05-05 16:15:00,0.04465524638492003,0.05234294329649443,0.03752737148742921,0.031747624,0.036107846464417406
2026-05-05 16:16:00,0.04428585011388426,0.05234294329649443,0.038395100289468596,0.029391235,0.03611712614015283
2026-05-05 16:17:00,0.03517201699121354,0.052342943296494436,0.0428576744601124,0.034214392,0.041545481998945706
2026-05-05 16:18:00,0.032814616608700144,0.05234294329649443,0.04165791668868825,0.025011718,0.04191004288842154
2026-05-05 16:19:00,0.030364190377675314,0.05234294329649443,0.041808585375559475,0.021620646,0.041955328956385776
2026-05-05 16:20:00,0.009374059847483112,0.05234294329649443,0.045757372392234645,0.032606535,0.04702830184688533
2026-05-05 16:21:00,0.008412993454579762,0.052342943296494436,0.04290496582739335,0.03202505,0.045826207874052956
2026-05-05 16:22:00,0.060005589475060774,0.05234294329649443,0.04130492930014192,0.02248386,0.04438130233988229
2026-05-05 16:23:00,0.06767976335997829,0.05234294329649443,0.04154376425876733,0.042598505,0.04325747381687249
2026-05-05 16:24:00,0.06773629304082568,0.05234294329649443,0.04003389462826469,0.030471766,0.04198276206635464
2026-05-05 16:25:00,0.06780725599176475,0.05234294329649443,0.03830945473673627,0.034572415,0.04086233439058875
2026-05-05 16:26:00,0.06827036879568665,0.05234294329649443,0.038512241872418064,0.02859748,0.040014982746924804
2026-05-05 16:27:00,0.03430651538349286,0.052342943296494436,0.05293376177908899,0.088600494,0.06183009326786317
2026-05-05 16:28:00,0.015338356271535881,0.05234294329649443,0.0508025256373181,0.0469303,0.06463795155527617
2026-05-05 16:29:00,0.015647300233739284,0.05234294329649443,0.04699568943932859,0.034975465,0.06199618417748277
2026-05-05 16:30:00,0.016593588811286784,0.05234294329649443,0.04717679939583149,0.034581866,0.0595710573681015
2026-05-05 16:31:00,0.018820307014162988,0.052342943296494436,0.04800244239815104,0.039466593,0.05773412226481588
2026-05-05 16:32:00,0.01762545297204882,0.05234294329649443,0.044568667428068136,0.040040243,0.055762532723124376
2026-05-05 16:33:00,0.017620942039851376,0.052342943296494436,0.043048523508884204,0.040233884,0.0540538530558607
2026-05-05 16:34:00,0.026893386901398322,0.05234294329649443,0.04254233211754882,0.04262269,0.05214644296590825
2026-05-05 16:35:00,0.03083345365083306,0.05234294329649443,0.043019116407722005,0.04333869,0.05056533127274291
2026-05-05 16:36:00,0.03647449089577489,0.05234294329649443,0.04413894820425045,0.039198436,0.04992061138647033
2026-05-05 16:37:00,0.03683232669987831,0.05234294329649443,0.04259363831727645,0.045621432,0.048208733830780434
2026-05-05 16:38:00,0.03755296759188445,0.052342943296494436,0.04339020499802264,0.056481544,0.04706314027043964
2026-05-05 16:39:00,0.03368531404370786,0.052342943296494436,0.045618361883042295,0.045086294,0.048500671369451416
2026-05-05 16:40:00,0.031855618755964425,0.052342943296494436,0.045495640698507214,0.057451222,0.04873376746854945
2026-05-05 16:41:00,0.024843598417320666,0.05234294329649443,0.04718213141302137,0.043932218,0.05075457229093088
2026-05-05 16:42:00,0.02823313052615226,0.05234294329649443,0.04429327364761346,0.073761575,0.04916041770626957
2026-05-05 16:43:00,0.028505869303645653,0.052342943296494436,0.04513103330174589,0.047154456,0.057819135878534066
2026-05-05 16:44:00,0.025987424855510862,0.05234294329649442,0.045075083157137825,0.036602125,0.05711968882432199
2026-05-05 16:45:00,0.022812173489521904,0.05234294329649442,0.04500701555356267,0.043387704,0.05648820608207217
2026-05-05 16:46:00,0.01930618217273969,0.05234294329649442,0.04448792658287694,0.04211005,0.055909195303263395
2026-05-05 16:47:00,0.013034360188937237,0.05234294329649442,0.04520616233201192,0.05596441,0.05576743564852009
2026-05-05 16:48:00,0.009477942597322148,0.05234294329649442,0.0449484742583935,0.045189846,0.05513791873672572
2026-05-05 16:49:00,0.008768222273725331,0.05234294329649442,0.04084240853859822,0.031355225,0.053712717979408346
2026-05-05 16:50:00,0.01875776521000212,0.05102361486734491,0.03902142949475318,0.033409048,0.05227325176251081
2026-05-05 16:51:00,0.019378921817870955,0.05102361486734491,0.03897530367199501,0.034888573,0.050992627419804044
2026-05-05 16:52:00,0.019489385312217198,0.05102361486734491,0.038418705551283586,0.033592355,0.049817157707714
2026-05-05 16:53:00,0.021080091210453806,0.05102361486734491,0.03868601901010393,0.030726295,0.04912722747234789
2026-05-05 16:54:00,0.02169621181276385,0.05102361486734491,0.03785478428747227,0.03396026,0.048073980133205386
2026-05-05 16:55:00,0.014249715694091503,0.05102361486734491,0.0438565260937388,0.027953492,0.04925814773533997
2026-05-05 16:56:00,0.013149843860672368,0.05102361486734491,0.04264170103864995,0.0293894,0.048403098046987655
2026-05-05 16:57:00,0.012708082736721327,0.05102361486734491,0.04237482512411848,0.025807723,0.04746982403196168
2026-05-05 16:58:00,0.013929662852736868,0.05102361486734491,0.0431929645012323,0.028741674,0.04751148308957506
2026-05-05 16:59:00,0.013929602015936952,0.05102361486734491,0.042609255940233945,0.031102043,0.046805413045393415
2026-05-05 17:00:00,0.014701078494863018,0.05102361486734491,0.04215238390833349,0.02435524,0.045969530791338434
2026-05-05 17:01:00,0.016827307341733426,0.05102361486734491,0.04145796113207509,0.025250914,0.04514360712149048
2026-05-05 17:02:00,0.022667820658846774,0.05102361486734491,0.041142662975611255,0.025601951,0.044387133406091045
2026-05-05 17:03:00,0.02193584107189402,0.05102361486734491,0.041981955658544595,0.024885824,0.04502656656047337
2026-05-05 17:04:00,0.022325804327869132,0.05102361486734491,0.04121031215974852,0.028618487,0.044539754667220904
2026-05-05 17:05:00,0.02169412705743861,0.05102361486734491,0.04108810883245106,0.030629013,0.044088985993332504
2026-05-05 17:06:00,0.021236861033177463,0.05102361486734491,0.041304227282433784,0.0374439,0.04400934603005923
2026-05-05 17:07:00,0.014891912232416189,0.05102361486734491,0.04225440375465271,0.03094008,0.04534020113687149
2026-05-05 17:08:00,0.01297650439639971,0.05102361486734491,0.04173898275281085,0.030887784,0.045600124411665055
2026-05-05 17:09:00,0.011736391374380982,0.05102361486734491,0.041056197732852906,0.03027818,0.04520819247807963
2026-05-05 17:10:00,0.022587725154692827,0.05102361486734491,0.04023076799872161,0.03148395,0.044458422420232215
2026-05-05 17:11:00,0.021679004752651238,0.05102361486734491,0.040890545392169464,0.030228134,0.0441728545542327
2026-05-05 17:12:00,0.02167898887797273,0.05102361486734491,0.040201661441476945,0.02678826,0.043511869308710815
2026-05-05 17:13:00,0.02118749680052119,0.05102361486734491,0.04104230281453129,0.026720311,0.043500742833914474
2026-05-05 17:14:00,0.024956762245445904,0.05102361486734491,0.04057918122709392,0.028710108,0.043034583813143276
2026-05-05 17:15:00,0.015824001562654635,0.05102361486734491,0.04283434676735957,0.032438505,0.04570515839285009
2026-05-05 17:16:00,0.015822415236018166,0.05102361486734491,0.04097629743281345,0.03128946,0.04496250509736094
2026-05-05 17:17:00,0.01582165157664125,0.05102361486734491,0.040450957057015284,0.03148395,0.044233808717443264
2026-05-05 17:18:00,0.018024466978046678,0.05102361486734491,0.04108677469915634,0.029793873,0.04396821711610603
2026-05-05 17:19:00,0.014643201657835798,0.05102361486734491,0.04214806697085515,0.028055655,0.0449653233821341
2026-05-05 17:20:00,0.01712325455634459,0.05102361486734491,0.0404900870803288,0.02678826,0.04423638011348008
2026-05-05 17:21:00,0.02466979552614963,0.05102361486734491,0.040611690110213,0.026732795,0.04361988041561893
2026-05-05 17:22:00,0.024631453951062556,0.05102361486734491,0.04044918919827447,0.02678826,0.04300664002179474
2026-05-05 17:23:00,0.022009270319056726,0.05102361486734491,0.041722820792695736,0.029169254,0.04351904216706283
2026-05-05 17:24:00,0.023269665635712224,0.05102361486734491,0.04155844823330759,0.022732053,0.0436117185936323
2026-05-05 17:25:00,0.022004659652038242,0.05102361486734491,0.04148875618492043,0.024637464,0.04369483284028012
2026-05-05 17:26:00,0.019801169495029008,0.05102361486734491,0.04295432329771604,0.030028421,0.0458388355056577
2026-05-05 17:27:00,0.01999224945581365,0.05102361486734491,0.04091074442139798,0.029036373,0.0450197730253558
2026-05-05 17:28:00,0.020125319243733408,0.05102361486734491,0.04079518670274295,0.0315541,0.04426965681310416
2026-05-05 17:29:00,0.016759774828875248,0.05102361486734491,0.042001234593643,0.028953949,0.044776802133707334
2026-05-05 17:30:00,0.017472196639404004,0.05102361486734491,0.04108612386063721,0.030821169,0.044250332991243486
2026-05-05 17:31:00,0.02363546288189684,0.05102361486734491,0.042455432563141084,0.03127698,0.045548558696071405
2026-05-05 17:32:00,0.026206576204041435,0.05102361486734491,0.041075668336056664,0.02935132,0.04481878933606454
2026-05-05 17:33:00,0.026833941057212186,0.05102361486734491,0.04097315854447603,0.029003544,0.04413204399803241
2026-05-05 17:34:00,0.027643047943812938,0.05102361486734491,0.041103924883714144,0.02615301,0.043577669796849315
2026-05-05 17:35:00,0.026844543498744676,0.05102361486734491,0.041445033903321854,0.03514993,0.043375116907764646
2026-05-05 17:36:00,0.018163819040921965,0.05102361486734491,0.0437647824824219,0.028637495,0.04689921812084877
2026-05-05 17:37:00,0.01435487509382712,0.05102361486734491,0.042358435790905376,0.03304432,0.04710809932828733
2026-05-05 17:38:00,0.012958634945056492,0.05102361486734491,0.041795504657462165,0.032099966,0.04650277159579158
2026-05-05 17:39:00,0.013375401414645358,0.05102361486734491,0.04202560550864563,0.03141005,0.04610997100409555
2026-05-05 17:40:00,0.014324534895655697,0.05102361486734491,0.04134801237442784,0.03310671,0.045304641127920514
2026-05-05 17:41:00,0.010655822414270523,0.05102361486734491,0.041978888711998785,0.026052387,0.045327030462408886
2026-05-05 17:42:00,0.010176789320607027,0.05102361486734491,0.04125222379603043,0.02629102,0.04465295776139166
2026-05-05 17:43:00,0.01024699701105787,0.05102361486734491,0.04091952352718539,0.026186258,0.04393818524187547
2026-05-05 17:44:00,0.00731053744895303,0.05102361486734491,0.04185376948633608,0.03781375,0.04388368581095547
2026-05-05 17:45:00,0.007839710540170618,0.05102361486734491,0.04144527821724647,0.028618487,0.04350072190742749
2026-05-05 17:46:00,0.02018165431769316,0.05102361486734491,0.040840819853205694,0.035816923,0.04289786411751648
2026-05-05 17:47:00,0.022335110304617458,0.05102361486734491,0.04073613959580008,0.03636049,0.042348161199085854
2026-05-05 17:48:00,0.02233508429903397,0.05102361486734491,0.04030299360688906,0.035816923,0.041847251659856775
2026-05-05 17:49:00,0.02300812786635218,0.05102361486734491,0.040601538344345545,0.034198686,0.04153176105015618
2026-05-05 17:50:00,0.022830774573249273,0.05102361486734491,0.04089360102541885,0.03289749,0.04144448531657914
2026-05-05 17:51:00,0.013173056760048407,0.05102361486734491,0.04270774649009797,0.03166917,0.04413259719525944
2026-05-05 17:52:00,0.010456716166113196,0.05102361486734491,0.04182009840476067,0.027770922,0.04427355607875573
2026-05-05 17:53:00,0.013264795789911464,0.05102361486734491,0.040591242808430586,0.032995388,0.04360384615881042
2026-05-05 17:54:00,0.011661540814620468,0.05102361486734491,0.04127030199676345,0.028830169,0.04339741050471762
2026-05-05 17:55:00,0.015087806852334264,0.05102361486734491,0.041147814750145506,0.033668164,0.04305842595554632
2026-05-05 17:56:00,0.015087408961595307,0.05102361486734491,0.040414012851020656,0.026186258,0.04247745327592732
2026-05-05 17:57:00,0.01789594956409257,0.05102361486734491,0.0409498811507416,0.03817489,0.04221385800502959
2026-05-05 17:58:00,0.016397211944876106,0.05102361486734491,0.04069304552431441,0.03781375,0.04233139073212658
2026-05-05 17:59:00,0.016682401456588582,0.05102361486734491,0.039849935161651626,0.031414285,0.04188481696787448
2026-05-05 18:00:00,0.013661946107902185,0.05102361486734491,0.04095221141830446,0.027873904,0.042521376030920044
2026-05-05 18:01:00,0.0159778615947513,0.05102361486734491,0.03962284773037482,0.02534697,0.041987617637936535
2026-05-05 18:02:00,0.014222693875928283,0.05102361486734491,0.041079319980478125,0.029169254,0.04261061193104591
2026-05-05 18:03:00,0.014677905860869676,0.05102361486734491,0.0401682132073422,0.02615301,0.042224441208022906
2026-05-05 18:04:00,0.01568280912931731,0.05102361486734491,0.040180043563545945,0.02615301,0.04187384057660815
2026-05-05 18:05:00,0.01837189975227903,0.05102361486734491,0.040348337543836335,0.030629013,0.041678528295012916
2026-05-05 18:06:00,0.019771458935460583,0.05102361486734491,0.04068364852961909,0.037346754,0.04185235560421932
2026-05-05 18:07:00,0.02739474921343463,0.05102361486734491,0.04072641703504372,0.025775649,0.04201062877300115
2026-05-05 18:08:00,0.026872767144073342,0.05102361486734491,0.04046372254016881,0.030629013,0.041800440718352955
2026-05-05 18:09:00,0.027254228968993217,0.05102361486734491,0.04070228332396189,0.024937581,0.04176963729190498
2026-05-05 18:10:00,0.02625453673089961,0.05102361486734491,0.04137604858897333,0.029169254,0.042418583870153855
2026-05-05 18:11:00,0.02419889323937971,0.05102361486734491,0.04154240718245287,0.031007959,0.04299402530708909
2026-05-05 18:12:00,0.012595506759989801,0.05102361486734491,0.04322390126138245,0.047397785,0.04612197624598841
2026-05-05 18:13:00,0.01251764354683842,0.05102361486734491,0.0406079442132829,0.03310671,0.04529581137236189
2026-05-05 18:14:00,0.010275585445538757,0.05102361486734491,0.041344055226600444,0.051403664,0.045105381984539894
2026-05-05 18:15:00,0.007362417716529818,0.05102361486734491,0.04142658370819719,0.045247704,0.04493567787894046
2026-05-05 18:16:00,0.018915782993365618,0.05102361486734491,0.040915772921552074,0.028949915,0.04435097000762933
2026-05-05 18:17:00,0.019324765143965892,0.05102361486734491,0.04040258280613858,0.027627548,0.04367128885295605
2026-05-05 18:18:00,0.02051923267887601,0.05102361486734491,0.04026335319123379,0.026186258,0.043036765906602166
2026-05-05 18:19:00,0.02229845536976157,0.05102361486734491,0.04068362857395174,0.032365136,0.04261212780299219
2026-05-05 18:20:00,0.021953372172198844,0.05102361486734491,0.04057762297728639,0.032908708,0.042226300247267624
2026-05-05 18:21:00,0.01287167016304913,0.05102361486734491,0.042676680477151334,0.02845085,0.04457360848543399
2026-05-05 18:22:00,0.01618848449807376,0.05102361486734491,0.04100290720914758,0.026179561,0.044011003964968876
2026-05-05 18:23:00,0.016823970201453715,0.05102361486734491,0.041387121390910234,0.02916707,0.043765201885590535
2026-05-05 18:24:00,0.014596857358287477,0.05102361486734491,0.04167868519276419,0.02727037,0.043943153902152025
2026-05-05 18:25:00,0.014547737707117566,0.05102361486734491,0.040729639447461906,0.03148395,0.04330198026459882
2026-05-05 18:26:00,0.015376783554295366,0.05102361486734491,0.04072101807789696,0.027224297,0.04275013689797897
2026-05-05 18:27:00,0.01383773576147364,0.05102361486734491,0.04179336737321655,0.027542721,0.043213667710687874
2026-05-05 18:28:00,0.011172337787451933,0.05102361486734491,0.04153522498675178,0.0374439,0.04323024995499297
2026-05-05 18:29:00,0.018221065818599287,0.05102361486734491,0.041065272271112604,0.024930397,0.04284348040932118
2026-05-05 18:30:00,0.020614336606687007,0.05102361486734491,0.040562310528208224,0.02534697,0.04228560233401602
2026-05-05 18:31:00,0.020288293949837378,0.05102361486734491,0.04108815232861983,0.030629013,0.04205078920814552
2026-05-05 18:32:00,0.018978991833287873,0.05102361486734491,0.0413071330937429,0.037346754,0.04218574730241336
2026-05-05 18:33:00,0.025614484002730226,0.05102361486734491,0.0403391169556989,0.032471523,0.04169932908467896
2026-05-05 18:34:00,0.028272222562923076,0.05102361486734491,0.04167105375336945,0.030327765,0.04332549946774505
2026-05-05 18:35:00,0.027004111227903964,0.05102361486734491,0.041219220021309955,0.027001591,0.04354975720497029
2026-05-05 18:36:00,0.027002969842602084,0.05102361486734491,0.040521909106377305,0.028909555,0.043078092249641355
2026-05-05 18:37:00,0.028886253975736322,0.05102361486734491,0.04042980733895722,0.026568403,0.04264974492520577
2026-05-05 18:38:00,0.023532897672409146,0.05102361486734491,0.042376943049927236,0.030925574,0.044729249979430015
2026-05-05 18:39:00,0.013487797052403412,0.05102361486734491,0.04312516034719084,0.031752124,0.04714217898364225
2026-05-05 18:40:00,0.013750030392927737,0.05102361486734491,0.041519291423670904,0.033386175,0.04640794828529201
2026-05-05 18:41:00,0.014232533183857523,0.05102361486734491,0.0414409669483818,0.03441669,0.04568458096045095
2026-05-05 18:42:00,0.014211228075080604,0.05102361486734491,0.042364803213710056,0.031821396,0.0459105019569188
2026-05-05 18:43:00,0.014208538875254298,0.05102361486734491,0.04115106234211206,0.030335885,0.04523111113066797
2026-05-05 18:44:00,0.014208512893300364,0.05102361486734491,0.04070699678863005,0.027160551,0.04447955152385924
2026-05-05 18:45:00,0.01309254885440742,0.05102361486734491,0.04114975668582864,0.030629013,0.044040928170367456
2026-05-05 18:46:00,0.014472788232497072,0.05102361486734491,0.041073028784572585,0.030629013,0.04364318241930375
2026-05-05 18:47:00,0.020243947808585922,0.05102361486734491,0.04184569837024838,0.027873904,0.044081642824502644
2026-05-05 18:48:00,0.020245917442890955,0.05102361486734491,0.04108963661346391,0.02666331,0.04356224708512957
2026-05-05 18:49:00,0.02447002037395097,0.05102361486734491,0.040635989904666645,0.027160551,0.04295420228209324
2026-05-05 18:50:00,0.024625639756671532,0.05102361486734491,0.04037668550457528,0.026186258,0.04238226873278376
2026-05-05 18:51:00,0.024196110278222206,0.05102361486734491,0.04137867375010108,0.037346754,0.042483300465630515
2026-05-05 18:52:00,0.016284085424713754,0.05102361486734491,0.04293560626799037,0.029400047,0.04479521143798336
2026-05-05 18:53:00,0.01598801857503024,0.05102361486734491,0.04137767954593456,0.027619574,0.044213216432499446
2026-05-05 18:54:00,0.008051249220567186,0.05102361486734491,0.04265324567083417,0.026997546,0.04517784483437259
2026-05-05 18:55:00,0.0075934069988086595,0.05102361486734491,0.04142774433379176,0.030422203,0.04448012364499771
2026-05-05 18:56:00,0.016187194126197624,0.05102361486734491,0.041662932574573944,0.028506756,0.044190337655328045
2026-05-05 18:57:00,0.016617221070023464,0.05102361486734491,0.04084025530150116,0.026221924,0.04352779652999876
2026-05-05 18:58:00,0.018950782546073183,0.05102361486734491,0.04097910783746331,0.026732795,0.0429738085790586
2026-05-05 18:59:00,0.01915118710819887,0.05102361486734491,0.04055713367817441,0.034919202,0.04240015293833311
2026-05-05 19:00:00,0.021439558758699954,0.05102361486734491,0.04022880016091188,0.034919202,0.04188150373922982
2026-05-05 19:01:00,0.017349416995054268,0.05102361486734491,0.041847534728893354,0.036991622,0.04367151704113253
2026-05-05 19:02:00,0.017231111753956193,0.05102361486734491,0.04051557533759043,0.02615301,0.0431791418898746
2026-05-05 19:03:00,0.01854576240141093,0.05102361486734491,0.04126632328443539,0.025132615,0.04339421881685364
2026-05-05 19:04:00,0.027651069804128573,0.05102361486734491,0.04034474789368478,0.027911322,0.04285202046496319
2026-05-05 19:05:00,0.03589314514287487,0.05102361486734491,0.04125470310220409,0.02727037,0.04312557019114317
2026-05-05 19:06:00,0.03525114959240384,0.05102361486734491,0.04133907994444904,0.03441088,0.04337013210098468
2026-05-05 19:07:00,0.03521303453887994,0.05102361486734491,0.04061797717093579,0.025564194,0.04286837566274868
2026-05-05 19:08:00,0.03320182831492087,0.05102361486734491,0.04170764349364509,0.027643371,0.043531430816005044
2026-05-05 19:09:00,0.030792371695408646,0.05102361486734491,0.04321433041030179,0.041035596,0.046571798994297586
2026-05-05 19:10:00,0.022833835972394582,0.05102361486734491,0.04446933199941369,0.022184681,0.05059635984276007
2026-05-05 19:11:00,0.023809085414221248,0.05102361486734491,0.0425078714142312,0.0298465,0.0497612090323375
2026-05-05 19:12:00,0.02526012968965783,0.05102361486734491,0.04208567578687497,0.029730907,0.048696346345688556
2026-05-05 19:13:00,0.026580373058822153,0.05102361486734491,0.0416800723316664,0.029820735,0.04764412073761487
2026-05-05 19:14:00,0.021349363085210016,0.05102361486734491,0.043417911736385754,0.034411475,0.048871412780520734
2026-05-05 19:15:00,0.01968112404222851,0.05102361486734491,0.04320498286353834,0.025834348,0.04930434711375955
2026-05-05 19:16:00,0.017372829754116824,0.05102361486734491,0.042648843493746896,0.02618998,0.04893692578557565
2026-05-05 19:17:00,0.019375664039328267,0.05102361486734491,0.04266737570193068,0.026334995,0.04850363666213979
2026-05-05 19:18:00,0.0177348135088423,0.05102361486734491,0.04262754704588542,0.04422542,0.04801542322931068
2026-05-05 19:19:00,0.017119292524280662,0.05102361486734491,0.04220541072900734,0.029439902,0.047207114364797145
2026-05-05 19:20:00,0.014790143705694406,0.05102361486734491,0.04299879346173986,0.029391928,0.04727179669396462
2026-05-05 19:21:00,0.02100717977683052,0.05102361486734491,0.04205561542416969,0.03318786,0.04639720178270819
2026-05-05 19:22:00,0.01886191049539824,0.05102361486734491,0.0433127115109566,0.024098787,0.04680829397741966
2026-05-05 19:23:00,0.020142325593390218,0.05102361486734491,0.04196518564937515,0.029065464,0.045972302364962477
2026-05-05 19:24:00,0.021034139058020263,0.05102361486734491,0.0417890385010951,0.023773482,0.04515824824031132
2026-05-05 19:25:00,0.02016962689338316,0.05102361486734491,0.042332622656730184,0.022649633,0.04480430011600704
2026-05-05 19:26:00,0.016844770590863454,0.05102361486734491,0.043559895992382275,0.028946359,0.046027553552632716
2026-05-05 19:27:00,0.017565045405324123,0.05102361486734491,0.04273979677439842,0.03819446,0.04576913971758845
2026-05-05 19:28:00,0.016213733045914766,0.05102361486734491,0.042640746627232454,0.027243357,0.04544325126998266
2026-05-05 19:29:00,0.016487432532274342,0.05102361486734491,0.04252515150518471,0.027397363,0.0449871333519924
2026-05-05 19:30:00,0.03376554912686389,0.05102361486734491,0.042076329708502294,0.027469158,0.044342784887887246
2026-05-05 19:31:00,0.03615657765591199,0.05102361486734491,0.04246032046186173,0.027305484,0.04457944095290727
2026-05-05 19:32:00,0.03527663556977248,0.05102361486734491,0.04176548583411688,0.027857509,0.04467317069400257
2026-05-05 19:33:00,0.04465644945444448,0.05102361486734491,0.04101078342406575,0.025724681,0.04405618349087367
2026-05-05 19:34:00,0.04489035433466888,0.05102361486734491,0.04144798491152479,0.025034728,0.04380597352990864
2026-05-05 19:35:00,0.033752572232276894,0.05102361486734491,0.0452001741092151,0.028836846,0.05036229808467208
2026-05-05 19:36:00,0.031413957187130165,0.05102361486734491,0.0437639929570389,0.029346263,0.05126737082437791
2026-05-05 19:37:00,0.033591351730153325,0.05102361486734491,0.04235110713180673,0.042397313,0.05024448057224332
2026-05-05 19:38:00,0.02086272406550673,0.05102361486734491,0.045600650540704196,0.023068383,0.05468687618803104
2026-05-05 19:39:00,0.022817336966354653,0.05102361486734491,0.04343395157218195,0.039612845,0.05366315723005705
2026-05-05 19:40:00,0.022723121837288234,0.05102361486734491,0.04255108089268682,0.029535221,0.052256583728680424
2026-05-05 19:41:00,0.02677442218681192,0.05102361486734491,0.04362033664970314,0.032045595,0.05183307363577119
2026-05-05 19:42:00,0.023707817248332114,0.05102361486734491,0.04392434606028725,0.028328132,0.05182005939869409
2026-05-05 19:43:00,0.027708368294666972,0.05102361486734491,0.04329518850702052,0.039561894,0.05103874668837169
2026-05-05 19:44:00,0.02572331680018348,0.05102361486734491,0.0437783723305169,0.026206166,0.05096998091479396
2026-05-05 19:45:00,0.08542279425032434,0.05102361486734491,0.042388274075476566,0.029892268,0.049737808383332104
2026-05-05 19:46:00,0.08542373420199484,0.05102361486734491,0.04472916852475588,0.033807322,0.05107754185965446
2026-05-05 19:47:00,0.08533436543771171,0.05102361486734491,0.0431240237352185,0.030336585,0.04996868712805884
2026-05-05 19:48:00,0.08373774818380457,0.05102361486734491,0.044596181500153105,0.034473345,0.05091915453204243
2026-05-05 19:49:00,0.0835914222956536,0.05102361486734491,0.04347775591401325,0.030509729,0.05005792948955935
2026-05-05 19:50:00,0.036917281637801336,0.05102361486734491,0.05685936931552535,0.069381684,0.08642219173297719
2026-05-05 19:51:00,0.03367160898432498,0.05102361486734491,0.04991628032535858,0.041957643,0.08428829356913681
2026-05-05 19:52:00,0.040259013622508555,0.05102361486734491,0.048058371191625135,0.039501525,0.08081619124630875
2026-05-05 19:53:00,0.04878931463836011,0.05102361486734491,0.048063456241339085,0.03880708,0.07757028950367134
2026-05-05 19:54:00,0.04862814060347511,0.05102361486734491,0.04833305282785658,0.09967456,0.07462592092416633
2026-05-05 19:55:00,0.5990069842048482,0.05102361486734491,0.051321416685327234,0.03862914,0.07695016273208467
2026-05-05 19:56:00,0.6025437852561049,0.05102361486734491,0.0488360935235274,0.030267404,0.07440736718687704
2026-05-05 19:57:00,0.6045115873355098,0.05102361486734491,0.05010367541460802,0.040504113,0.0741126917874584
2026-05-05 19:58:00,0.6039355064762169,0.05102361486734491,0.05106626210097207,0.044168975,0.07525785257757546
2026-05-05 19:59:00,0.6048257372497278,0.05102361486734491,0.048274844508759455,0.042220607,0.07238056062943035
2026-05-06 13:30:00,0.09146755819563646,0.05102361486734491,0.17436361361644265,0.058984686,0.527638341852606
2026-05-06 13:31:00,0.0734400062451122,0.05102361486734491,0.1153597993855671,0.05784196,0.5040068324568692
2026-05-06 13:32:00,0.06411179158102234,0.05102361486734491,0.11424838917439838,0.04972923,0.4805721027306848
2026-05-06 13:33:00,0.06371392837267392,0.05102361486734491,0.10917872972768744,0.05991364,0.4561177311473482
2026-05-06 13:34:00,0.055641642882510674,0.05102361486734491,0.11202587295882618,0.059316278,0.4338262518422066
2026-05-06 13:35:00,0.05617988474541758,0.047255782089374046,0.10274976728850921,0.06649986,0.4117367821495041
2026-05-06 13:36:00,0.04234940158647843,0.047255782089374046,0.10647610341169524,0.07507232,0.39212203241041493
2026-05-06 13:37:00,0.018245731269826745,0.047255782089374046,0.10681258596924612,0.0648661,0.373805013499114
2026-05-06 13:38:00,0.04332144703074277,0.047255782089374046,0.10279935053575986,0.06760625,0.35483312500434644
2026-05-06 13:39:00,0.04325423759215637,0.047255782089374046,0.1034812833213822,0.06466126,0.33696334366467895
2026-05-06 13:40:00,0.04422534972576273,0.047255782089374046,0.10316392329410126,0.07383461,0.31996562544458973
2026-05-06 13:41:00,0.04548600338280756,0.047255782089374046,0.10238899482705918,0.06800845,0.30377988580075094
2026-05-06 13:42:00,0.058506201552491664,0.047255782089374046,0.10246446398659463,0.066245124,0.2885868988776218
2026-05-06 13:43:00,0.05511263861094116,0.047255782089374046,0.10604736092677866,0.05827852,0.2761968329007724
2026-05-06 13:44:00,0.054922209824549,0.047255782089374046,0.10283862317658182,0.06616418,0.26244980771015847
2026-05-06 13:45:00,0.10278516438975249,0.047255782089374046,0.10304800389390177,0.06466127,0.24948911062773466
2026-05-06 13:46:00,0.11351278485437943,0.047255782089374046,0.10291763684594436,0.06281721,0.23716804731212254
2026-05-06 13:47:00,0.11447386009094114,0.047255782089374046,0.10616991004257373,0.0842871,0.22778981588824462
2026-05-06 13:48:00,0.11489303852893892,0.047255782089374046,0.1057650827641872,0.067263484,0.2184826597229282
2026-05-06 13:49:00,0.12164674942486545,0.047255782089374046,0.10297943895540598,0.05704434,0.20777077439022779
2026-05-06 13:50:00,0.08478688447985766,0.047255782089374046,0.1128526753349689,0.04846758,0.21185169809074694
2026-05-06 13:51:00,0.07342292536503335,0.047255782089374046,0.10890216818420662,0.06702998,0.20590530605643637
2026-05-06 13:52:00,0.06946309109238676,0.047255782089374046,0.059847381719544436,0.06104208,0.19897056828968118
2026-05-06 13:53:00,0.059806939294125235,0.047255782089374046,0.058234884518996735,0.06486028,0.19167462436003022
2026-05-06 13:54:00,0.043691203618535145,0.047255782089374046,0.058523844735304684,0.061464068,0.18572888065012913
2026-05-06 13:55:00,0.04924830957751515,0.047255782089374046,0.054586170066276335,0.05280912,0.17678207961074507
2026-05-06 13:56:00,0.043615315675929515,0.047255782089374046,0.0560649286121862,0.056278568,0.1695721894644305
2026-05-06 13:57:00,0.06269826971102123,0.047255782089374046,0.05732262260335076,0.059373967,0.163945649325845
2026-05-06 13:58:00,0.06275387135289998,0.047255782089374046,0.05353316080011099,0.05421647,0.15602511957793508
2026-05-06 13:59:00,0.06564969306959882,0.047255782089374046,0.05279452753698711,0.053736195,0.14853592142836877
2026-05-06 14:00:00,0.06539820690414215,0.047255782089374046,0.0552894381025688,0.052268423,0.14303151207957762
2026-05-06 14:01:00,0.11393262606082112,0.047255782089374046,0.053693211529388434,0.050446454,0.1365278444320565
2026-05-06 14:02:00,0.11860749377872726,0.047255782089374046,0.060030277093243184,0.050546844,0.13902267620138253
2026-05-06 14:03:00,0.12002565418851555,0.047255782089374046,0.054375113899622234,0.056036238,0.13248905846507322
2026-05-06 14:04:00,0.12322865784506205,0.047255782089374046,0.056107322759426974,0.05901098,0.1274205607741182
2026-05-06 14:05:00,0.12336163173727187,0.047255782089374046,0.05623353994437444,0.05317283,0.1232417632758619
2026-05-06 14:06:00,0.08091023171128255,0.047255782089374046,0.06733326004962721,0.05760884,0.1433806912448114
2026-05-06 14:07:00,0.04816344112299995,0.047255782089374046,0.06532894101767432,0.09243497,0.14793780320583516
2026-05-06 14:08:00,0.044258702793897986,0.047255782089374046,0.06028108679086687,0.090865545,0.14182668632587464
2026-05-06 14:09:00,0.029607368452877748,0.047255782089374046,0.06191850592627744,0.09698511,0.1383386606336761
2026-05-06 14:10:00,0.01727334233983689,0.047255782089374046,0.060690854112560096,0.08916541,0.13351055595243708
2026-05-06 14:11:00,0.012094160446972544,0.047255782089374046,0.05884207877763964,0.099160805,0.12765087607604536
2026-05-06 14:12:00,0.028403233329136832,0.047255782089374046,0.05529402800155149,0.05326697,0.12171277384396852
2026-05-06 14:13:00,0.03937293831086801,0.047255782089374046,0.054322708579473945,0.04820173,0.11607824994633535
2026-05-06 14:14:00,0.03821403537969577,0.047255782089374046,0.05438828218672989,0.061936397,0.11105294719053661
2026-05-06 14:15:00,0.039042163206305235,0.047255782089374046,0.05336640939082504,0.07261983,0.10610458696483294
2026-05-06 14:16:00,0.05466539468883874,0.047255782089374046,0.05210305388189593,0.07316128,0.10133171180491968
2026-05-06 14:17:00,0.04901901699626866,0.047255782089374046,0.0554050906882595,0.06269225,0.09947584508557573
2026-05-06 14:18:00,0.05059135777536625,0.047255782089374046,0.05572311029257191,0.060115032,0.09806326045058834
2026-05-06 14:19:00,0.05059133180969953,0.047255782089374046,0.052401449648512705,0.05093775,0.09376536940143275
2026-05-06 14:20:00,0.056705412510043074,0.047255782089374046,0.053365979236706766,0.0522811,0.09011322607829503
2026-05-06 14:21:00,0.042052235545772074,0.047255782089374046,0.057246593400686496,0.052313253,0.09254437267233473
2026-05-06 14:22:00,0.044116641143951536,0.047255782089374046,0.05379811896553165,0.044256855,0.08896135012680528
2026-05-06 14:23:00,0.03450291336202578,0.047255782089374046,0.056385374372267365,0.045123488,0.08917993556414702
2026-05-06 14:24:00,0.09035802541889193,0.047255782089374046,0.05204150645625989,0.044551957,0.08541033607646684
2026-05-06 14:25:00,0.09661931718088518,0.047255782089374046,0.05528311399209439,0.049843326,0.08529422192555311
2026-05-06 14:26:00,0.09841510809816406,0.047255782089374046,0.05237616590350773,0.051304806,0.08183066242334913
2026-05-06 14:27:00,0.10383435362431846,0.047255782089374046,0.0536623176535186,0.05565094,0.07980514495854074
2026-05-06 14:28:00,0.10439983801947932,0.047255782089374046,0.049430243855918446,0.032855388,0.07735569072701994
2026-05-06 14:29:00,0.06383599448681417,0.047255782089374046,0.059292019951138704,0.08765112,0.10421031202697156
2026-05-06 14:30:00,0.04879243190524792,0.047255782089374046,0.05559722033910438,0.042561047,0.10667437706155242
2026-05-06 14:31:00,0.046032590341416706,0.047255782089374046,0.05252032579457105,0.05078984,0.1032385428352739
2026-05-06 14:32:00,0.028457324785383313,0.047255782089374046,0.054892380767468156,0.045155216,0.10379498598412445
2026-05-06 14:33:00,0.033855637909471846,0.047255782089374046,0.05265408738931601,0.044304933,0.10019044119824246
2026-05-06 14:34:00,0.03180187475402984,0.047255782089374046,0.05178589595603352,0.048395086,0.09636469765454943
2026-05-06 14:35:00,0.04419778674140725,0.047255782089374046,0.05200860504367866,0.04384197,0.09309411345248284
2026-05-06 14:36:00,0.043075442190285744,0.047255782089374046,0.05144894564228233,0.041086745,0.08953373788013896
2026-05-06 14:37:00,0.054464516460986045,0.047255782089374046,0.050952125958064975,0.055177394,0.08598713254095809
2026-05-06 14:38:00,0.054457067360884036,0.047255782089374046,0.05317090617424279,0.037225466,0.08516972412594292
2026-05-06 14:39:00,0.06642788272431158,0.047255782089374046,0.050585609854683904,0.039838713,0.08171369565432951
2026-05-06 14:40:00,0.058269546362881376,0.047255782089374046,0.05425918098731249,0.035963316,0.08390071001572971
2026-05-06 14:41:00,0.06127004528521311,0.047255782089374046,0.0507362228653018,0.037290625,0.08047891599560983
2026-05-06 14:42:00,0.0509304786106326,0.047255782089374046,0.05481028218244676,0.043583643,0.08281559771879363
2026-05-06 14:43:00,0.04706381205432693,0.047255782089374046,0.05339662213303466,0.04131786,0.08228870342991197
2026-05-06 14:44:00,0.04380118191664049,0.047255782089374046,0.05560684185148174,0.070433065,0.085734131581261
2026-05-06 14:45:00,0.042046173056132015,0.047255782089374046,0.05231368751871126,0.04722286,0.08286551208292958
2026-05-06 14:46:00,0.03749562682248596,0.047255782089374046,0.05325708041121816,0.05763211,0.08121557691027366
2026-05-06 14:47:00,0.03828391248896157,0.047255782089374046,0.05101004561316516,0.03427924,0.07796042602652871
2026-05-06 14:48:00,0.038836410024236184,0.047255782089374046,0.05242431703692267,0.0462273,0.07601920627577859
2026-05-06 14:49:00,0.02145451938525624,0.047255782089374046,0.05487875520941376,0.048517376,0.07893163913075907
2026-05-06 14:50:00,0.028723672236781884,0.047255782089374046,0.051059152604741316,0.037564643,0.07578432998292597
2026-05-06 14:51:00,0.03300002455720925,0.047255782089374046,0.048095822525698634,0.040596332,0.07285520279578264
2026-05-06 14:52:00,0.03336535520184864,0.047255782089374046,0.047826537608903666,0.049421377,0.0704574692006896
2026-05-06 14:53:00,0.030256231567134376,0.047255782089374046,0.048694928279446846,0.040423293,0.06934915516718768
2026-05-06 14:54:00,0.03758179036952912,0.047255782089374046,0.04717830234127257,0.041710895,0.06749489302663028
2026-05-06 14:55:00,0.03626935426472107,0.047255782089374046,0.04823131215583988,0.048336584,0.06719533370325272
2026-05-06 14:56:00,0.035670206271071064,0.047255782089374046,0.04804275982991461,0.0497566,0.06636733519305528
2026-05-06 14:57:00,0.03999891922877189,0.047255782089374046,0.04720754510966294,0.03886626,0.06457455155504904
2026-05-06 14:58:00,0.0391954159831155,0.047255782089374046,0.04702501642451809,0.05727568,0.0627931529073637
2026-05-06 14:59:00,0.03384376183857857,0.047255782089374046,0.04926359074919036,0.04049654,0.06446834345078267
2026-05-06 15:00:00,0.03133711215665888,0.047255782089374046,0.04811138118930482,0.04593507,0.06388726477902927
2026-05-06 15:01:00,0.027925581211785722,0.047255782089374046,0.04807028120460667,0.05023903,0.06309808541230809
2026-05-06 15:02:00,0.021892914444648016,0.047255782089374046,0.04829293814742965,0.049522612,0.06355789995339355
2026-05-06 15:03:00,0.04883975705256911,0.047255782089374046,0.04630172823476174,0.061577953,0.06145765417166354
2026-05-06 15:04:00,0.04844105762666801,0.047255782089374046,0.04703263870835454,0.044136267,0.06089082463756163
2026-05-06 15:05:00,0.04967331903011281,0.047255782089374046,0.046145856790199474,0.038363256,0.05960635899523366
2026-05-06 15:06:00,0.0537870034432408,0.047255782089374046,0.04448537232473181,0.041837428,0.057886500093137186
2026-05-06 15:07:00,0.07444133787528902,0.047255782089374046,0.04507302372210776,0.03854231,0.05693978885939152
2026-05-06 15:08:00,0.0661468121562409,0.047255782089374046,0.050137326623968005,0.04505995,0.06721568590994212
2026-05-06 15:09:00,0.07039650755165598,0.047255782089374046,0.046890509166884045,0.037348382,0.06591532016879358
2026-05-06 15:10:00,0.06891803615706354,0.047255782089374046,0.04705619582019756,0.040792223,0.06495281630417281
2026-05-06 15:11:00,0.0667260440029794,0.047255782089374046,0.047311303795224365,0.037465796,0.06539043471132662
2026-05-06 15:12:00,0.05088397181982327,0.047255782089374046,0.052777233293183755,0.036433544,0.07811214650642435
2026-05-06 15:13:00,0.042916651853683374,0.047255782089374046,0.05027342935982313,0.04052954,0.078733724941912
2026-05-06 15:14:00,0.040182435648135714,0.047255782089374046,0.05073721494317174,0.10037376,0.07938418195172985
2026-05-06 15:15:00,0.04030630989879639,0.047255782089374046,0.04799232725149511,0.05188561,0.07630576970047573
2026-05-06 15:16:00,0.0422920194599704,0.047255782089374046,0.04885969642244435,0.05112081,0.07410607262764211
2026-05-06 15:17:00,0.03536140507480578,0.047255782089374046,0.05094499454375034,0.039883696,0.07595976723166686
2026-05-06 15:18:00,0.035781671053473005,0.047255782089374046,0.047357550090658986,0.037108533,0.07299738859942283
2026-05-06 15:19:00,0.027425160268459113,0.047255782089374046,0.050152400410995585,0.04307761,0.0731069239009204
2026-05-06 15:20:00,0.028304197734417596,0.047255782089374046,0.048147207104745515,0.049905073,0.0704889496035598
2026-05-06 15:21:00,0.026675178442289883,0.047255782089374046,0.04938686366172407,0.041562524,0.06963283845586342
2026-05-06 15:22:00,0.018912089985935354,0.047255782089374046,0.04951058903735366,0.03404903,0.06913279112194576
2026-05-06 15:23:00,0.019121036992995374,0.047255782089374046,0.047888610939446505,0.04750415,0.06678327047220751
2026-05-06 15:24:00,0.024075386823445257,0.047255782089374046,0.04734760590866445,0.083769776,0.06448764417990706
2026-05-06 15:25:00,0.024076460007581506,0.047255782089374046,0.04800564428866316,0.04234721,0.06275990366557546
2026-05-06 15:26:00,0.0192586503519817,0.047255782089374046,0.048673117426549055,0.0474298,0.06207486505957794
2026-05-06 15:27:00,0.019258807799144604,0.047255782089374046,0.047238075708660635,0.06848133,0.06010498598406254
2026-05-06 15:28:00,0.019485712568460645,0.047255782089374046,0.047553896315131856,0.07733744,0.0584467305318141
2026-05-06 15:29:00,0.0127058501109964,0.047255782089374046,0.04865896514831947,0.037150756,0.05816219280560468
2026-05-06 15:30:00,0.014209924423752544,0.047255782089374046,0.04694590343063807,0.039293837,0.056926327922777506
2026-05-06 15:31:00,0.013758690136287817,0.047255782089374046,0.0462561613754839,0.04249104,0.05536363449386705
2026-05-06 15:32:00,0.032264500622547536,0.047255782089374046,0.046051347852346075,0.04014682,0.05388198705853399
2026-05-06 15:33:00,0.033606536361934655,0.047255782089374046,0.04618898560239158,0.03904833,0.052766821861880725
2026-05-06 15:34:00,0.03791816034610369,0.047255782089374046,0.04374205594959983,0.03771393,0.0514519020500055
2026-05-06 15:35:00,0.038564464013609176,0.047255782089374046,0.04416478640305021,0.028622992,0.05108419967533518
2026-05-06 15:36:00,0.03937352723164073,0.047255782089374046,0.04249135419826847,0.024103336,0.04987544791722497
2026-05-06 15:37:00,0.02635111920295099,0.047255782089374046,0.04650180130439238,0.048112854,0.055092942321765696
2026-05-06 15:38:00,0.06211027362528908,0.047255782089374046,0.04451974672923756,0.03159028,0.05450464964542536
2026-05-06 15:39:00,0.06932769207796845,0.047255782089374046,0.04474534974178605,0.02784009,0.055236561898572845
2026-05-06 15:40:00,0.06832542844901132,0.047255782089374046,0.04436965173899792,0.031035835,0.05487100803092606
2026-05-06 15:41:00,0.07027608444708221,0.047255782089374046,0.04341207536205387,0.0445672,0.05382310907812298
2026-05-06 15:42:00,0.07030604941136838,0.047255782089374046,0.04263083878537796,0.034198366,0.05242777427843247
2026-05-06 15:43:00,0.042377198694836554,0.047255782089374046,0.05151709930987987,0.03131206,0.07164946956388603
2026-05-06 15:44:00,0.024961814827597933,0.047255782089374046,0.049747999004721925,0.03623308,0.07565488908791901
2026-05-06 15:45:00,0.026678886799875425,0.047255782089374046,0.04638513331980974,0.03230231,0.07287377601213332
2026-05-06 15:46:00,0.01953404746000298,0.047255782089374046,0.048044862814119765,0.037089664,0.07192792129709942
2026-05-06 15:47:00,0.019244342205027,0.047255782089374046,0.046333154196960026,0.032503504,0.06928879104403764
2026-05-06 15:48:00,0.02474115707599697,0.047255782089374046,0.04695707496358224,0.039440133,0.06761871660748232
2026-05-06 15:49:00,0.03354921954010508,0.047255782089374046,0.046503187944224436,0.037503064,0.06573412544136858
2026-05-06 15:50:00,0.0319016652800621,0.047255782089374046,0.046724800176812485,0.044160746,0.06415620619036203
2026-05-06 15:51:00,0.031968176368686534,0.047255782089374046,0.04559014833952439,0.03972731,0.06201472748661904
2026-05-06 15:52:00,0.03592207530997817,0.047255782089374046,0.04530896619402492,0.036221,0.059977600166245586
2026-05-06 15:53:00,0.030450552370383382,0.047255782089374046,0.04774519944656241,0.048776343,0.06061394885029553
2026-05-06 15:54:00,0.02255605594519624,0.047255782089374046,0.04873910281057469,0.043436185,0.06249372389127662
2026-05-06 15:55:00,0.031160112980052477,0.047255782089374046,0.046332689511184647,0.05079351,0.060494092895944554
2026-05-06 15:56:00,0.039487612255515975,0.047255782089374046,0.0463369071046841,0.05079351,0.058636504853407684
2026-05-06 15:57:00,0.0420557349903449,0.047255782089374046,0.047920601398593915,0.046901472,0.05861659972532701
2026-05-06 15:58:00,0.04197226836564893,0.047255782089374046,0.04665148129315619,0.058621403,0.057016377390358024
2026-05-06 15:59:00,0.0403911199303442,0.047255782089374046,0.04706967410189386,0.045284934,0.0566070754603534
2026-05-06 16:00:00,0.037768432138725945,0.047255782089374046,0.04827964338054036,0.0433902,0.05815693917714782
2026-05-06 16:01:00,0.037833190240301,0.047255782089374046,0.04884940519657302,0.050873525,0.06032319966575315
2026-05-06 16:02:00,0.03161806236707278,0.047255782089374046,0.04876688415312795,0.041569658,0.06145526297995688
2026-05-06 16:03:00,0.03529569760961078,0.047255782089374046,0.046831090997024614,0.048655782,0.05960084809722204
2026-05-06 16:04:00,0.03491669925058851,0.047255782089374046,0.04714690079388976,0.045430988,0.058102980450141985
2026-05-06 16:05:00,0.036283857757362974,0.047255782089374046,0.04615881719072948,0.038674083,0.05813599727286581
2026-05-06 16:06:00,0.03131227163793254,0.047255782089374046,0.04658260429975379,0.034689948,0.06033608532477953
2026-05-06 16:07:00,0.03104389786777279,0.047255782089374046,0.04453928314333556,0.043568846,0.058718133376163606
2026-05-06 16:08:00,0.02828156833464721,0.047255782089374046,0.04559706526779637,0.04190335,0.0586902397599146
2026-05-06 16:09:00,0.027782389177689073,0.047255782089374046,0.044385434428017144,0.052016333,0.05708455431442826
2026-05-06 16:10:00,0.02127084215124059,0.047255782089374046,0.04609289252249539,0.03953791,0.057868024188202034
2026-05-06 16:11:00,0.015429301537132288,0.047255782089374046,0.045862878383082666,0.041941687,0.05792484421595644
2026-05-06 16:12:00,0.014478829952604253,0.047255782089374046,0.04457246284078791,0.051784202,0.05637704230543601
2026-05-06 16:13:00,0.010584307469766413,0.047255782089374046,0.045147403568856215,0.041734934,0.05546736737285208
2026-05-06 16:14:00,0.01331772731741468,0.047255782089374046,0.044150684639458156,0.042697027,0.05390828825417074
2026-05-06 16:15:00,0.013318327029472637,0.047255782089374046,0.04442473105278446,0.0408049,0.05279185210058384
2026-05-06 16:16:00,0.021522716607074062,0.047255782089374046,0.04398088471061377,0.03054034,0.05182340367279624
2026-05-06 16:17:00,0.02158547943024586,0.047255782089374046,0.043274279969835856,0.032630544,0.05053664772776265
2026-05-06 16:18:00,0.024690218425163626,0.047255782089374046,0.04339368584201919,0.040368594,0.04939586515997075
2026-05-06 16:19:00,0.023921602118064614,0.047255782089374046,0.043868677299612274,0.03902393,0.048816893862862316
2026-05-06 16:20:00,0.03167842261563028,0.047255782089374046,0.04373112014332382,0.026614765,0.04812770566147239
2026-05-06 16:21:00,0.032971096537078644,0.047255782089374046,0.045249720137093455,0.04019605,0.04980745587486177
2026-05-06 16:22:00,0.032976938589663544,0.047255782089374046,0.04302086663442895,0.030556284,0.04869936254406735
2026-05-06 16:23:00,0.03351444303304179,0.047255782089374046,0.04379551821434336,0.026347093,0.048844735002422035
2026-05-06 16:24:00,0.033129335043672756,0.047255782089374046,0.04259040080357652,0.03334652,0.04801839462969211
2026-05-06 16:25:00,0.025812446200383903,0.047255782089374046,0.04495123323540025,0.02357574,0.050761521793790745
2026-05-06 16:26:00,0.019025541241925775,0.047255782089374046,0.045156570426020164,0.029013082,0.05271763525390456
2026-05-06 16:27:00,0.020100762880888485,0.047255782089374046,0.042858731361267846,0.031107591,0.05138534946736799
2026-05-06 16:28:00,0.01498919306842753,0.047255782089374046,0.043756406489213716,0.028328132,0.05152769800529435
2026-05-06 16:29:00,0.01491211903730449,0.047255782089374046,0.0424116717063292,0.030582814,0.050284121292839136
2026-05-06 16:30:00,0.02216481904652328,0.047255782089374046,0.04263981729162076,0.028388225,0.04946864711711789
2026-05-06 16:31:00,0.019328201092881248,0.047255782089374046,0.04311054593146087,0.02683864,0.04929138150617197
2026-05-06 16:32:00,0.018080828037568882,0.047255782089374046,0.04233212376845539,0.028540835,0.048560158672473354
2026-05-06 16:33:00,0.01787265258149818,0.047255782089374046,0.04152764977776971,0.02579745,0.04757846421069239
2026-05-06 16:34:00,0.018288640686759026,0.047255782089374046,0.041342030412206895,0.026203958,0.04663124486172479
2026-05-06 16:35:00,0.016320110789913127,0.047255782089374046,0.04349219490974006,0.02954314,0.04831475529011172
2026-05-06 16:36:00,0.024596847654368856,0.047255782089374046,0.041627849232908354,0.02734055,0.04730770212516758
2026-05-06 16:37:00,0.02519635524762361,0.047255782089374046,0.041409453885971545,0.026288098,0.04636721373122942
2026-05-06 16:38:00,0.026951802718416986,0.047255782089374046,0.041346720959332985,0.0284938,0.04550415229134054
2026-05-06 16:39:00,0.02807886456504721,0.047255782089374046,0.04182801046846509,0.02723215,0.044857659011110676
2026-05-06 16:40:00,0.026634542061995507,0.047255782089374046,0.04336353936470267,0.03470367,0.04621840244076901
2026-05-06 16:41:00,0.025258718469374112,0.047255782089374046,0.04404393768510913,0.03124376,0.04815420236405357
2026-05-06 16:42:00,0.032970288298390965,0.047255782089374046,0.04258290832663237,0.032888975,0.047386613457211145
2026-05-06 16:43:00,0.0380118811476154,0.047255782089374046,0.04280506744878776,0.028836716,0.047187917302012175
2026-05-06 16:44:00,0.037267054893253576,0.047255782089374046,0.04282000990639431,0.029326307,0.04690564468980774
2026-05-06 16:45:00,0.034959549479981686,0.047255782089374046,0.04327918092899752,0.03625149,0.04737936042099318
2026-05-06 16:46:00,0.043110397446869606,0.047255782089374046,0.04388844083041725,0.031197209,0.048600278315226536
2026-05-06 16:47:00,0.03912874627566751,0.047255782089374046,0.044589795147484845,0.02310757,0.05126374718538267
2026-05-06 16:48:00,0.038402970303381904,0.047255782089374046,0.04459658921330706,0.020172186,0.05333664525985727
2026-05-06 16:49:00,0.054386937601812645,0.047255782089374046,0.042772331717453226,0.036718402,0.052091482137397796
2026-05-06 16:50:00,0.05758730881950626,0.04840898388689034,0.042179350987465766,0.029192008,0.050786889631799434
2026-05-06 16:51:00,0.05375511330871731,0.04840898388689034,0.04633350985042036,0.023298478,0.05612499115726801
2026-05-06 16:52:00,0.06566296218067873,0.04840898388689034,0.044393017707238525,0.041554604,0.05555730055915553
2026-05-06 16:53:00,0.06438090672790062,0.04840898388689034,0.04545875642192882,0.037627567,0.056696696685691654
2026-05-06 16:54:00,0.05141110980001679,0.04840898388689034,0.0488941344202385,0.040112168,0.0646628777996981
2026-05-06 16:55:00,0.058365674636120114,0.04840898388689034,0.04696623481036204,0.06306676,0.06461074173849635
2026-05-06 16:56:00,0.056162908805121835,0.04840898388689034,0.04757248333516805,0.03726311,0.06526260276992642
2026-05-06 16:57:00,0.043556652777285175,0.04840898388689034,0.05050137303410488,0.034907915,0.07192442373199898
2026-05-06 16:58:00,0.0480740084768247,0.04840898388689034,0.04787326955838746,0.046550166,0.07046130683804486
2026-05-06 16:59:00,0.04941753444111788,0.04840898388689034,0.046275488449846025,0.046849962,0.0678768102884265
2026-05-06 17:00:00,0.037922761465209155,0.04840898388689034,0.05052550549828757,0.058993008,0.07170896071222423
2026-05-06 17:01:00,0.035236427336498906,0.04840898388689034,0.04855460389345768,0.056492466,0.07026388706686312
2026-05-06 17:02:00,0.03828577613537857,0.04840898388689034,0.04875366163349445,0.037382066,0.06943438108167023
2026-05-06 17:03:00,0.02987866131873969,0.04840898388689034,0.04981058868205138,0.043454137,0.07046113855397336
2026-05-06 17:04:00,0.028360992306870978,0.04840898388689034,0.04835578187988631,0.041938122,0.06861105973980251
2026-05-06 17:05:00,0.036866896300296784,0.04840898388689034,0.04816238580715898,0.036125034,0.06681367872929264
2026-05-06 17:06:00,0.03997761491922027,0.04840898388689034,0.04749426180110659,0.04743387,0.06462440794924465
2026-05-06 17:07:00,0.03390022556547371,0.04840898388689034,0.04971526347475086,0.08463372,0.06563588920383638
2026-05-06 17:08:00,0.03314710267262555,0.04840898388689034,0.047829506150203004,0.050810106,0.06375311248703834
2026-05-06 17:09:00,0.0330125657101288,0.04840898388689034,0.04742436417433776,0.03726772,0.06188335582449615
2026-05-06 17:10:00,0.02038967114961253,0.04840898388689034,0.04978238823327836,0.03149552,0.06401967705241404
2026-05-06 17:11:00,0.018268892699557542,0.04840898388689034,0.04888258012747664,0.07746701,0.06348425637428828
2026-05-06 17:12:00,0.01649398936673268,0.04840898388689034,0.04809778153796207,0.07324165,0.06191135549824188
2026-05-06 17:13:00,0.021944853809172063,0.04840898388689034,0.04699020246454357,0.040140893,0.059985545930962905
2026-05-06 17:14:00,0.021063349132771983,0.04840898388689034,0.0471548609645185,0.039816212,0.058336620375036535
2026-05-06 17:15:00,0.021447320224652785,0.04840898388689034,0.04617295544162941,0.040710438,0.05655884292074087
2026-05-06 17:16:00,0.02426237441682241,0.04840898388689034,0.046805482846225724,0.04220617,0.056194743829193906
2026-05-06 17:17:00,0.023989488661395598,0.04840898388689034,0.04565764310428112,0.03321143,0.05477802269468165
2026-05-06 17:18:00,0.020989576760320063,0.04840898388689034,0.04662585311229409,0.03856222,0.05485854073029261
2026-05-06 17:19:00,0.02664141084078434,0.04840898388689034,0.043831756110482,0.035861686,0.05333122384302251
2026-05-06 17:20:00,0.028502985122997558,0.04840898388689034,0.04413421639275215,0.04160243,0.05204174754364538
2026-05-06 17:21:00,0.022661939607968962,0.04840898388689034,0.045929423139759055,0.0394689,0.053054831498426235
2026-05-06 17:22:00,0.026150096825963042,0.04840898388689034,0.043522991483495685,0.03447333,0.05178631738239935
2026-05-06 17:23:00,0.02449280241316152,0.04840898388689034,0.04398491418461959,0.026406853,0.0511787907229392
2026-05-06 17:24:00,0.01823640655352304,0.04840898388689034,0.044774309287479414,0.035258714,0.05195247110698577
2026-05-06 17:25:00,0.016744120451103905,0.04840898388689034,0.04371842761199031,0.033018563,0.051538898619250165
2026-05-06 17:26:00,0.02036821863600043,0.04840898388689034,0.04277836054322388,0.030836318,0.050390779431063654
2026-05-06 17:27:00,0.016569481023631708,0.04840898388689034,0.043950417643305865,0.036701437,0.050636882229683405
2026-05-06 17:28:00,0.018217464504514308,0.04840898388689034,0.042687677190829706,0.029866608,0.04948820475745586
2026-05-06 17:29:00,0.02060145966195698,0.04840898388689034,0.04193569178997693,0.026025007,0.048387077784975335
2026-05-06 17:30:00,0.020095997573252207,0.04840898388689034,0.04268155156989316,0.03426573,0.047899197387747394
2026-05-06 17:31:00,0.01729288102955575,0.04840898388689034,0.04328783533394662,0.024768032,0.04812924964248729
2026-05-06 17:32:00,0.01588681818678073,0.04840898388689034,0.0419598463183453,0.024450425,0.047499331872239134
2026-05-06 17:33:00,0.019345823675028063,0.04840898388689034,0.04187519122622793,0.040525082,0.04707266764755924
2026-05-06 17:34:00,0.02076599238494264,0.04840898388689034,0.04209241052644505,0.027001591,0.046927688433529215
2026-05-06 17:35:00,0.020357321556785605,0.04840898388689034,0.041800061949329205,0.02916707,0.046404726683430715
2026-05-06 17:36:00,0.019943291575584558,0.04840898388689034,0.04177714484546325,0.025034728,0.045927965599350286
2026-05-06 17:37:00,0.020130108879912515,0.04840898388689034,0.040999362254139776,0.02534697,0.04510145531785663
2026-05-06 17:38:00,0.020136657681930396,0.04840898388689034,0.04256365589625392,0.03222486,0.045926659050357234
2026-05-06 17:39:00,0.02099351591682117,0.04840898388689034,0.04257085294782683,0.026823457,0.046366813655558864
2026-05-06 17:40:00,0.02045366881120015,0.04840898388689034,0.041569592550082184,0.034501765,0.04575416233023397
2026-05-06 17:41:00,0.02049150915516508,0.04840898388689034,0.041600928122396616,0.034501765,0.0451956726823523
2026-05-06 17:42:00,0.02050964797889738,0.04840898388689034,0.04128716358869579,0.02935132,0.044495098458479106
2026-05-06 17:43:00,0.015531407661353563,0.04840898388689034,0.042350494389175444,0.033562906,0.04539344425784651
2026-05-06 17:44:00,0.00845194062552938,0.04840898388689034,0.042566718396329355,0.033562906,0.04618471167840263
2026-05-06 17:45:00,0.011452662511997667,0.04840898388689034,0.041238869993100974,0.02935132,0.04539990882796215
2026-05-06 17:46:00,0.016381921462017935,0.04840898388689034,0.04125981290064448,0.028127467,0.044886210242528486
2026-05-06 17:47:00,0.021583381581208216,0.04840898388689034,0.04080690391091721,0.028244933,0.06479006465380562
2026-05-06 17:48:00,0.021507387188914033,0.04840898388689034,0.04072210202559054,0.026732795,0.0645642852108153
2026-05-06 17:49:00,0.0212118014890591,0.04840898388689034,0.040556317979626264,0.034198686,0.06438826689374769
2026-05-06 17:50:00,0.019752598986948366,0.04840898388689034,0.04113312712415967,0.04054715,0.06437966235036338
2026-05-06 17:51:00,0.018875090069410877,0.04840898388689034,0.04195239836168123,0.039059706,0.06467328026603213
2026-05-06 17:52:00,0.012290416173525878,0.04840898388689034,0.04234423536665648,0.031718273,0.06504585289440762
2026-05-06 17:53:00,0.012419121865831996,0.04840898388689034,0.04077850286443203,0.031080697,0.06478565014859916
2026-05-06 17:54:00,0.014368442348509824,0.04840898388689034,0.04071809738637823,0.029984644,0.06455057140838252
2026-05-06 17:55:00,0.015387192289426007,0.04840898388689034,0.03875792573648298,0.021008614,0.06434788452839788
2026-05-06 17:56:00,0.01591294808157917,0.04840898388689034,0.039884046403413004,0.020930644,0.06454418311227297
2026-05-06 17:57:00,0.031607120244251906,0.04840898388689034,0.03845208974600478,0.02236415,0.06432141720715416
2026-05-06 17:58:00,0.03550010544642887,0.04840898388689034,0.038646461644857806,0.021826256,0.06414088969569717
2026-05-06 17:59:00,0.03480385457987781,0.04840898388689034,0.039317294988181685,0.020182483,0.06412479166769257
2026-05-06 18:00:00,0.03858441969617345,0.04840898388689034,0.038958326356102066,0.020600054,0.06405441124609232
2026-05-06 18:01:00,0.03816775449102881,0.04840898388689034,0.03970956889118498,0.017695736,0.0643299973479068
2026-05-06 18:02:00,0.027208359848136666,0.04840898388689034,0.042527647139954675,0.01795785,0.06632065941684492
2026-05-06 18:03:00,0.02239320949807377,0.04840898388689034,0.041484822779278625,0.0229413,0.06670318664171973
2026-05-06 18:04:00,0.025735466624386947,0.04840898388689034,0.03981963907566733,0.02683447,0.06629442616985948
2026-05-06 18:05:00,0.019233073270015215,0.04840898388689034,0.041805574152127385,0.03055538,0.06681348606831551
2026-05-06 18:06:00,0.01849490793747835,0.04840898388689034,0.040901734187366486,0.02972528,0.06671619260355131
2026-05-06 18:07:00,0.02008643458359184,0.04840898388689034,0.04018520932469605,0.033035595,0.06637072385457347
2026-05-06 18:08:00,0.02008637376559886,0.04840898388689034,0.040150146809240395,0.025116855,0.06605825725448222
2026-05-06 18:09:00,0.017384554688028086,0.04840898388689034,0.041250503399846365,0.033317294,0.06617842902790123
2026-05-06 18:10:00,0.03201266699348277,0.04840898388689034,0.04022376793719011,0.024017155,0.06586401437349118
2026-05-06 18:11:00,0.03836095520624329,0.04840898388689034,0.04087423705274503,0.02347516,0.06577988463263867
2026-05-06 18:12:00,0.040069370471009634,0.04840898388689034,0.040907995027492774,0.022311812,0.06570366197779084
2026-05-06 18:13:00,0.03970172699204803,0.04840898388689034,0.04027232100818917,0.024779873,0.06545533443151925
2026-05-06 18:14:00,0.041172736692250134,0.04840898388689034,0.04044400134927849,0.024031669,0.06534059461418101
2026-05-06 18:15:00,0.030887034219167348,0.04840898388689034,0.043586452309166135,0.021606313,0.06720138715094644
2026-05-06 18:16:00,0.02615215958721087,0.04840898388689034,0.04359651242259125,0.036589116,0.06825317371831133
2026-05-06 18:17:00,0.021943267688769544,0.04840898388689034,0.04279242332027323,0.04174299,0.06831334033838507
2026-05-06 18:18:00,0.024853137426992963,0.04840898388689034,0.0409380603129958,0.03889814,0.06773418788321507
2026-05-06 18:19:00,0.02290339886691699,0.04840898388689034,0.04267566118780282,0.037085075,0.06773616130137297
2026-05-06 18:20:00,0.022852418393134274,0.04840898388689034,0.04119237151511594,0.040834356,0.06722111766881873
2026-05-06 18:21:00,0.016853659911373997,0.04840898388689034,0.04306996343625414,0.040201455,0.0675077995750198
2026-05-06 18:22:00,0.016673263230961962,0.04840898388689034,0.041618530777825416,0.03623699,0.06706715135571766
2026-05-06 18:23:00,0.016140359251925068,0.04840898388689034,0.04246836927511928,0.03493031,0.06699482483947647
2026-05-06 18:24:00,0.014328927326059452,0.04840898388689034,0.04166651292907156,0.025341567,0.066804373019731
2026-05-06 18:25:00,0.016116102352901857,0.04840898388689034,0.04042520866899894,0.030325446,0.06636985059121235
2026-05-06 18:26:00,0.022818378966276694,0.04840898388689034,0.04090171649361533,0.025508301,0.06605757338789943
2026-05-06 18:27:00,0.022950632551112033,0.04840898388689034,0.04045982964040935,0.025334436,0.06573700007437125
2026-05-06 18:28:00,0.025991743858200668,0.04840898388689034,0.041286195363511705,0.02373443,0.06574659993415878
2026-05-06 18:29:00,0.03085892566810791,0.04840898388689034,0.04070102125326139,0.023962725,0.06551743543759538
2026-05-06 18:30:00,0.03959021328035152,0.04840898388689034,0.0409032056587589,0.023834722,0.06536485244975478
2026-05-06 18:31:00,0.035729579975073776,0.04840898388689034,0.04222411480193852,0.023271656,0.06591304665109785
2026-05-06 18:32:00,0.035409544596180564,0.04840898388689034,0.040731849820434485,0.026143156,0.06562399516181734
2026-05-06 18:33:00,0.038247248764667306,0.04840898388689034,0.04232261830578034,0.030577637,0.06607827830286542
2026-05-06 18:34:00,0.03405855900935482,0.04840898388689034,0.042717463032136645,0.04620653,0.0666183729077467
2026-05-06 18:35:00,0.023816071659879007,0.04840898388689034,0.044301391021050365,0.03871177,0.06811314227282844
2026-05-06 18:36:00,0.02397211209571694,0.04840898388689034,0.04107093176396434,0.036895867,0.0675511680977905
2026-05-06 18:37:00,0.024318159614928198,0.04840898388689034,0.040445998960210214,0.032079052,0.06704136456412503
2026-05-06 18:38:00,0.014337202521111057,0.04840898388689034,0.04306492503614752,0.030345943,0.06793919258755635
2026-05-06 18:39:00,0.022548974935980074,0.04840898388689034,0.04060074620257727,0.028448869,0.06742630373057258
2026-05-06 18:40:00,0.02182547058903513,0.04840898388689034,0.041265333467858545,0.023654778,0.0671529857599566
2026-05-06 18:41:00,0.024894393539998595,0.04840898388689034,0.040355427041449086,0.028768037,0.06670180822924648
2026-05-06 18:42:00,0.03029287906385467,0.04840898388689034,0.04053456278388505,0.026783558,0.0663198865481824
2026-05-06 18:43:00,0.029261402798618566,0.04840898388689034,0.04096130763185628,0.021837912,0.066190392136755
2026-05-06 18:44:00,0.024673139179294874,0.04840898388689034,0.04228794201732192,0.023169922,0.06671856560256044
2026-05-06 18:45:00,0.030858609883649288,0.04840898388689034,0.04087248591053083,0.025341855,0.06642111798375351
2026-05-06 18:46:00,0.032355540096588704,0.04840898388689034,0.04161159462245977,0.023231616,0.06645402983370784
2026-05-06 18:47:00,0.027365967613148644,0.04840898388689034,0.04259404648775577,0.03673474,0.06695443251685981
2026-05-06 18:48:00,0.032533764282511715,0.04840898388689034,0.04109343655477997,0.033823628,0.06658618758379348
2026-05-06 18:49:00,0.032079225870952494,0.04840898388689034,0.04143779311632828,0.02729412,0.066360793710471
2026-05-06 18:50:00,0.026014285064545516,0.04840898388689034,0.0431180164285109,0.045203023,0.06708689013399691
2026-05-06 18:51:00,0.02420776803672494,0.04840898388689034,0.04280412523194917,0.037110105,0.06732330370945017
2026-05-06 18:52:00,0.02403557214968555,0.04840898388689034,0.0413283734723897,0.04562409,0.06688252278416329
2026-05-06 18:53:00,0.01567693203162431,0.04840898388689034,0.04314736013673468,0.035068374,0.06740755462426994
2026-05-06 18:54:00,0.019401188209822492,0.04840898388689034,0.041662822224381654,0.039800804,0.06701897808142501
2026-05-06 18:55:00,0.0275124041355034,0.04840898388689034,0.041430445196477476,0.041619644,0.06666732277111222
2026-05-06 18:56:00,0.03028046477676515,0.04840898388689034,0.042048716390504476,0.03797318,0.06668676183365065
2026-05-06 18:57:00,0.032546728694937785,0.04840898388689034,0.04028759978769224,0.028215135,0.06628207211709357
2026-05-06 18:58:00,0.03314188250989843,0.04840898388689034,0.0402154020573451,0.024318704,0.06591287812622736
2026-05-06 18:59:00,0.03098070252619517,0.04840898388689034,0.041646412611659835,0.031821363,0.0660477340641564
2026-05-06 19:00:00,0.02425037682811131,0.04840898388689034,0.04255702952017252,0.045811422,0.06688913793771227
2026-05-06 19:01:00,0.025254366855412047,0.04840898388689034,0.042523000571460155,0.037101332,0.06734345214317305
2026-05-06 19:02:00,0.028730591178295514,0.04840898388689034,0.041938313849054165,0.02826273,0.06728398868036743
2026-05-06 19:03:00,0.029282940410263414,0.04840898388689034,0.04131269881283248,0.030276274,0.06693236259659413
2026-05-06 19:04:00,0.03053144401157715,0.04840898388689034,0.04114311801204248,0.03426418,0.06656609122296973
2026-05-06 19:05:00,0.031465916193358534,0.04840898388689034,0.04122321425264757,0.026722211,0.06628317363778968
2026-05-06 19:06:00,0.025927439765116647,0.04840898388689034,0.0427661380407221,0.026823327,0.06694456418763506
2026-05-06 19:07:00,0.020608916628797703,0.04840898388689034,0.042955206706171686,0.037699748,0.06746035490083992
2026-05-06 19:08:00,0.018656369593161228,0.04840898388689034,0.04173887523937117,0.044017576,0.06718346989464437
2026-05-06 19:09:00,0.01703169025012166,0.04840898388689034,0.041732136565469716,0.03688777,0.06700742666112244
2026-05-06 19:10:00,0.02457247033860853,0.04840898388689034,0.041803279804243094,0.029570214,0.06684859137140219
2026-05-06 19:11:00,0.03308186048904729,0.04840898388689034,0.04133437782874484,0.028461792,0.06653879087340184
2026-05-06 19:12:00,0.03170739621553176,0.04840898388689034,0.04136280002113489,0.026327658,0.06638695532660971
2026-05-06 19:13:00,0.03214485793867836,0.04840898388689034,0.04013022829787058,0.026435679,0.06599174468651166
2026-05-06 19:14:00,0.032144720192081255,0.04840898388689034,0.04081037726363951,0.024156183,0.06576412715680945
2026-05-06 19:15:00,0.02483943902197854,0.04840898388689034,0.04259384806124159,0.03344487,0.06663699486664927
2026-05-06 19:16:00,0.017456489097572282,0.04840898388689034,0.04342861492570754,0.033399798,0.06775063364774384
2026-05-06 19:17:00,0.017417113980686332,0.04840898388689034,0.04073529428362405,0.04623012,0.06722751447248435
2026-05-06 19:18:00,0.016665412424180397,0.04840898388689034,0.04112836100967233,0.034184407,0.06683339806742312
2026-05-06 19:19:00,0.01665831730435382,0.04840898388689034,0.04132646847743097,0.032508843,0.06652466070378855
2026-05-06 19:20:00,0.018826057749534147,0.04840898388689034,0.04060758219146725,0.028860183,0.06611643223906703
2026-05-06 19:21:00,0.017235777748136158,0.04840898388689034,0.042263946661881616,0.025602322,0.06639420075601982
2026-05-06 19:22:00,0.029971447557388016,0.04840898388689034,0.04015029491625022,0.025360512,0.06599431373872294
2026-05-06 19:23:00,0.0300959089204161,0.04840898388689034,0.04001553735770357,0.023374742,0.06564310258552239
2026-05-06 19:24:00,0.0293267812401869,0.04840898388689034,0.04049102413975253,0.02274907,0.06544862290906474
2026-05-06 19:25:00,0.033093586247547456,0.04840898388689034,0.040790927903381076,0.02347516,0.06536877109654314
2026-05-06 19:26:00,0.031211903182016106,0.04840898388689034,0.04140893194099651,0.044528026,0.06555699538367639
2026-05-06 19:27:00,0.022870220103480374,0.04840898388689034,0.04341609858620862,0.027380092,0.06698064662381253
2026-05-06 19:28:00,0.02361868342767602,0.04840898388689034,0.0405304669308707,0.03207553,0.0665576891748527
2026-05-06 19:29:00,0.023697378107082823,0.04840898388689034,0.039869938131412604,0.02992602,0.06614236123807295
2026-05-06 19:30:00,0.018767485999722878,0.04840898388689034,0.04219460014213533,0.027384838,0.06667393237317795
2026-05-06 19:31:00,0.019023055553055692,0.04840898388689034,0.040801769012554584,0.02926408,0.06638083719784817
2026-05-06 19:32:00,0.026775051939319547,0.04840898388689034,0.04145031974191901,0.023158643,0.06641695374769165
2026-05-06 19:33:00,0.03429030121220687,0.04840898388689034,0.040792004718571355,0.026511589,0.06614828084351301
2026-05-06 19:34:00,0.034235961928988035,0.04840898388689034,0.04013017602486603,0.026969012,0.06578253700364967
2026-05-06 19:35:00,0.03444195327330734,0.04840898388689034,0.04118821839395862,0.024769088,0.06574496728793541
2026-05-06 19:36:00,0.03429960222644715,0.04840898388689034,0.04086743471941231,0.02382637,0.06556987407823209
2026-05-06 19:37:00,0.02810336107759239,0.04840898388689034,0.0428255671927445,0.0265018,0.06671631501827993
2026-05-06 19:38:00,0.017726585067678456,0.04840898388689034,0.04284742875747565,0.019087568,0.06773087918857386
2026-05-06 19:39:00,0.01874448900509454,0.04840898388689034,0.04019547333725893,0.028489983,0.06720567908207235
2026-05-06 19:40:00,0.03920415130720606,0.04840898388689034,0.04152106448850526,0.025820896,0.06706833438371872
2026-05-06 19:41:00,0.04050983858712986,0.04840898388689034,0.04102368277656834,0.02739832,0.06673709698189564
2026-05-06 19:42:00,0.03922860245119065,0.04840898388689034,0.041585151436662984,0.03231799,0.06664653238927434
2026-05-06 19:43:00,0.046685952599002316,0.04840898388689034,0.040671701531298475,0.02659283,0.06630765186469048
2026-05-06 19:44:00,0.0463017326666185,0.04840898388689034,0.04079525825556767,0.02451127,0.06602386467062331
2026-05-06 19:45:00,0.10751042292570197,0.04840898388689034,0.04567999497132255,0.101400025,0.06936255640352215
2026-05-06 19:46:00,0.10826533919790005,0.04840898388689034,0.042869790097699256,0.036963724,0.06910470600591696
2026-05-06 19:47:00,0.10888048059203419,0.04840898388689034,0.04181932757400277,0.04660761,0.0684984397026408
2026-05-06 19:48:00,0.11029625088140735,0.04840898388689034,0.044898699455374586,0.05903945,0.06976872600607163
2026-05-06 19:49:00,0.11032128592126003,0.04840898388689034,0.041461669511437975,0.059342604,0.06906027545605857
2026-05-06 19:50:00,0.04046135495972703,0.04840898388689034,0.06010810647499473,0.084283374,0.09376066052227175
2026-05-06 19:51:00,0.03838977902466474,0.04840898388689034,0.04980696468930353,0.04390458,0.09175969257937217
2026-05-06 19:52:00,0.04312315078276452,0.04840898388689034,0.0490822111023523,0.043282554,0.0895723638014071
2026-05-06 19:53:00,0.02967601484750303,0.04840898388689034,0.05178914136283802,0.056956906,0.08935736745310525
2026-05-06 19:54:00,0.07550447629422827,0.04840898388689034,0.04825449961219529,0.040777065,0.08704480171823015
2026-05-06 19:55:00,0.17086586976609222,0.04840898388689034,0.049150347213917644,0.04037507,0.08531045275527858
2026-05-06 19:56:00,0.17280371307735767,0.04840898388689034,0.04902860653425871,0.043449312,0.08363805760001207
2026-05-06 19:57:00,0.17178590780637215,0.04840898388689034,0.05055859289278694,0.042490095,0.08300071726153099
2026-05-06 19:58:00,0.17179252717562182,0.04840898388689034,0.04779337134186488,0.042090457,0.08117026166020505
2026-05-06 19:59:00,0.15736416384975296,0.04840898388689034,0.05800053889428457,0.10699163,0.09038235107016404
2026-05-07 13:30:00,0.03513442910455216,0.04840898388689034,0.07556184737720839,0.11356975,0.1296974633108448
2026-05-07 13:31:00,0.02116304964869529,0.04840898388689034,0.06053515956034349,0.09495062,0.12585684773383685
2026-05-07 13:32:00,0.01632878319036397,0.04840898388689034,0.05872655960406515,0.10200885,0.12130443831655735
2026-05-07 13:33:00,0.024502935523462277,0.04840898388689034,0.05730734071190368,0.10068766,0.11675858228490776
2026-05-07 13:34:00,0.02426232476560317,0.04840898388689034,0.05802801265610172,0.10167765,0.11263702052816203
2026-05-07 13:35:00,0.027414610116340443,0.041814186587363245,0.05762361919970536,0.0748525,0.10892100375472397
2026-05-07 13:36:00,0.0289973614227597,0.041814186587363245,0.056693326708569004,0.069893464,0.10524448456917432
2026-05-07 13:37:00,0.030456089796006395,0.041814186587363245,0.055935089056611306,0.08084838,0.10177457722202904
2026-05-07 13:38:00,0.029275029287408876,0.041814186587363245,0.05802356161702377,0.066960774,0.09919446272786886
2026-05-07 13:39:00,0.03185773108970329,0.041814186587363245,0.05679223421317066,0.07852213,0.09627500060035825
2026-05-07 13:40:00,0.049849009861707205,0.041814186587363245,0.05788649586810493,0.08905242,0.09407369956279887
2026-05-07 13:41:00,0.056091956709427085,0.041814186587363245,0.05709852992509684,0.07811087,0.09164122014923337
2026-05-07 13:42:00,0.07620559554322455,0.041814186587363245,0.05418172246311055,0.079091154,0.08933569718937366
2026-05-07 13:43:00,0.07836822905667178,0.041814186587363245,0.05498935473797311,0.07503828,0.08759570370168422
2026-05-07 13:44:00,0.08526703285873159,0.041814186587363245,0.05486225623229973,0.07834765,0.08590430018102282
2026-05-07 13:45:00,0.08153472790273872,0.041814186587363245,0.0585220119143797,0.06849542,0.08782511464818858
2026-05-07 13:46:00,0.08558184924034637,0.041814186587363245,0.057038689986472275,0.06490822,0.08734312123153075
2026-05-07 13:47:00,0.07397058983560961,0.041814186587363245,0.06084783369193708,0.07928622,0.09115402400772728
2026-05-07 13:48:00,0.0702629545118836,0.041814186587363245,0.0575853739622948,0.074356854,0.08998102402238707
2026-05-07 13:49:00,0.06854036062121907,0.041814186587363245,0.059336722227681556,0.076954514,0.09051919263932988
2026-05-07 13:50:00,0.061862270191912046,0.041814186587363245,0.05927786436745308,0.08711728,0.09059383910227488
2026-05-07 13:51:00,0.04907157860219514,0.041814186587363245,0.05892500992615358,0.077140115,0.09128421377350292
2026-05-07 13:52:00,0.0391344382216413,0.041814186587363245,0.05030607922179926,0.090149246,0.09073106046320353
2026-05-07 13:53:00,0.06329138794086704,0.041814186587363245,0.04729615259387744,0.08771155,0.08844349316837942
2026-05-07 13:54:00,0.057526741106926765,0.041814186587363245,0.05075948450739237,0.05465297,0.08862913194196653
2026-05-07 13:55:00,0.05773283305171272,0.041814186587363245,0.048848215122852055,0.043326847,0.08699720734328996
2026-05-07 13:56:00,0.06093274671079453,0.041814186587363245,0.0474165321702598,0.039797854,0.08493385960306284
2026-05-07 13:57:00,0.061126847521429106,0.041814186587363245,0.04712777275576406,0.055672567,0.08299890274946295
2026-05-07 13:58:00,0.0372037213656808,0.041814186587363245,0.05388491935575939,0.049495224,0.08696106716951695
2026-05-07 13:59:00,0.03789367404730331,0.041814186587363245,0.05036497448135775,0.05593079,0.08575538779926042
2026-05-07 14:00:00,0.036155619711025926,0.041814186587363245,0.05002481908446203,0.052895233,0.08441920104697924
2026-05-07 14:01:00,0.03401868148443312,0.041814186587363245,0.05051420147067504,0.058361642,0.08343662792864687
2026-05-07 14:02:00,0.03838281525169089,0.041814186587363245,0.0487564943459304,0.047060154,0.08167633439126172
2026-05-07 14:03:00,0.03996842448115556,0.041814186587363245,0.04945975174215123,0.042772416,0.08039912662352312
2026-05-07 14:04:00,0.034907487908607704,0.041814186587363245,0.050576567133237785,0.047278762,0.07990914498723548
2026-05-07 14:05:00,0.03260579148368121,0.041814186587363245,0.04955122755604228,0.038658634,0.07877548922521256
2026-05-07 14:06:00,0.030753665574926946,0.041814186587363245,0.04988704451793879,0.03899936,0.07794380581732331
2026-05-07 14:07:00,0.025496051265249054,0.041814186587363245,0.04968186932035964,0.04644879,0.07742360807346303
2026-05-07 14:08:00,0.022072866876579906,0.041814186587363245,0.04933889434353127,0.047920097,0.0768291535152736
2026-05-07 14:09:00,0.023375687383457525,0.041814186587363245,0.0471663478118178,0.1379796,0.07572956646839035
2026-05-07 14:10:00,0.054043952301077065,0.041814186587363245,0.046392017406198895,0.07536384,0.07456893537605266
2026-05-07 14:11:00,0.07477600087605833,0.041814186587363245,0.04663524836071417,0.076255396,0.07382197495279057
2026-05-07 14:12:00,0.07533115309072799,0.041814186587363245,0.04555538175020788,0.04265741,0.07292457941784579
2026-05-07 14:13:00,0.07708068294846679,0.041814186587363245,0.045332986795676426,0.031927537,0.07232902662630858
2026-05-07 14:14:00,0.07640508635416347,0.041814186587363245,0.04491766661075767,0.035248235,0.07178835942774082
2026-05-07 14:15:00,0.06643587024616762,0.041814186587363245,0.050865384134745735,0.071753465,0.07712249356711362
2026-05-07 14:16:00,0.041034574595770576,0.041814186587363245,0.05233598014784174,0.058978464,0.08259891346161397
2026-05-07 14:17:00,0.03937649809647159,0.041814186587363245,0.047305975308368754,0.038951598,0.08115147022240973
2026-05-07 14:18:00,0.0524042379890526,0.041814186587363245,0.04848848355652688,0.06708755,0.08046467943592643
2026-05-07 14:19:00,0.05196489580989326,0.041814186587363245,0.04683979896526576,0.053127535,0.07894661546406137
2026-05-07 14:20:00,0.05632418100667933,0.041814186587363245,0.0490007588585885,0.07841767,0.07983003987557717
2026-05-07 14:21:00,0.05566218887071357,0.041814186587363245,0.046013084655940645,0.06370152,0.0784733238516573
2026-05-07 14:22:00,0.0578666244683919,0.041814186587363245,0.045189038237928275,0.05192191,0.0770477809519027
2026-05-07 14:23:00,0.0438337005597114,0.041814186587363245,0.050259699760298336,0.06883749,0.0796797491100566
2026-05-07 14:24:00,0.057199046780927056,0.041814186587363245,0.04543384199216563,0.066739924,0.07811433968637485
2026-05-07 14:25:00,0.043974299041165885,0.041814186587363245,0.050610855259224284,0.07246093,0.08022615943620733
2026-05-07 14:26:00,0.046571328680444696,0.041814186587363245,0.046259189593828826,0.053724904,0.0786555248004952
2026-05-07 14:27:00,0.044790220711572355,0.041814186587363245,0.04780348964731334,0.05416909,0.07783386236438321
2026-05-07 14:28:00,0.04790830822925612,0.041814186587363245,0.0473366681808987,0.037663523,0.07688360829285024
2026-05-07 14:29:00,0.031797565398970606,0.041814186587363245,0.05069563124946011,0.07377265,0.07890336800733713
2026-05-07 14:30:00,0.039571972387846224,0.041814186587363245,0.0473436739584336,0.0889189,0.07768260105238277
2026-05-07 14:31:00,0.04533572622860766,0.041814186587363245,0.04806548155991348,0.0827291,0.07691158599164205
2026-05-07 14:32:00,0.04923680658402632,0.041814186587363245,0.04739876198809505,0.06749385,0.07583885318947137
2026-05-07 14:33:00,0.04417874870536403,0.041814186587363245,0.0489718853574678,0.06164007,0.07580252813527259
2026-05-07 14:34:00,0.053516112254747006,0.041814186587363245,0.04720470235730404,0.078727305,0.07473078743246098
2026-05-07 14:35:00,0.047166665531692936,0.041814186587363245,0.04963787144470383,0.052093998,0.07530233326146274
2026-05-07 14:36:00,0.04084677056405609,0.041814186587363245,0.05009764554894125,0.04024535,0.07599574521830892
2026-05-07 14:37:00,0.03523520484814313,0.041814186587363245,0.04860807357874541,0.07114461,0.07594071579857678
2026-05-07 14:38:00,0.035234543154451105,0.041814186587363245,0.044722136655042564,0.03156209,0.07469084379256337
2026-05-07 14:39:00,0.016261064583306672,0.041814186587363245,0.04884625783142115,0.09692254,0.07605245036872232
2026-05-07 14:40:00,0.03915764964573617,0.041814186587363245,0.04546393468661107,0.09587663,0.07486399778693081
2026-05-07 14:41:00,0.03849717775204049,0.041814186587363245,0.046482772380911336,0.05943218,0.07418074204938706
2026-05-07 14:42:00,0.037891905696763706,0.041814186587363245,0.04513326805371749,0.033646505,0.0731979310866628
2026-05-07 14:43:00,0.0518083793790413,0.041814186587363245,0.04442472302467253,0.03159756,0.07218417127302189
2026-05-07 14:44:00,0.0518622304608892,0.041814186587363245,0.04428419828437852,0.032032266,0.07125939711659
2026-05-07 14:45:00,0.037522054692010066,0.041814186587363245,0.04849038685778318,0.10392547,0.07386342598146713
2026-05-07 14:46:00,0.04252797680459651,0.041814186587363245,0.0455823212898931,0.038446344,0.07313809375495502
2026-05-07 14:47:00,0.04358025385433016,0.041814186587363245,0.04335382831152989,0.0424466,0.07212463419957824
2026-05-07 14:48:00,0.026367834112796668,0.041814186587363245,0.04844937802870335,0.046312682,0.0744911779863734
2026-05-07 14:49:00,0.03495966700493776,0.041814186587363245,0.0443389462963564,0.056628868,0.07337973644643744
2026-05-07 14:50:00,0.04671571282347358,0.041814186587363245,0.04431095215539593,0.04603861,0.07238939928048539
2026-05-07 14:51:00,0.04087263602274202,0.041814186587363245,0.0461900075621345,0.036829457,0.07286182622012738
2026-05-07 14:52:00,0.04223099871324316,0.041814186587363245,0.044530238099956335,0.04112673,0.07211388459360431
2026-05-07 14:53:00,0.042752386040390736,0.041814186587363245,0.043957334110220736,0.05071063,0.07131469801819677
2026-05-07 14:54:00,0.04068573656047682,0.041814186587363245,0.0462554364211054,0.03279859,0.0719015727943426
2026-05-07 14:55:00,0.03225461950883446,0.041814186587363245,0.04761473664434634,0.077960394,0.07358806085407621
2026-05-07 14:56:00,0.03523011820745931,0.041814186587363245,0.0443269768261576,0.045111008,0.0725950644463506
2026-05-07 14:57:00,0.03246926194970313,0.041814186587363245,0.04522571749645038,0.04482607,0.07217190824365133
2026-05-07 14:58:00,0.03116264812401636,0.041814186587363245,0.04426360406357528,0.03691726,0.07148646459667711
2026-05-07 14:59:00,0.02471980359491858,0.041814186587363245,0.04533743675996336,0.039633624,0.07159453803722093
2026-05-07 15:00:00,0.051425251329971965,0.041814186587363245,0.04549747467454147,0.037888512,0.07169166483888535
2026-05-07 15:01:00,0.0549568501026724,0.041814186587363245,0.04455701508257111,0.03565519,0.07140797045108484
2026-05-07 15:02:00,0.06310440139120722,0.041814186587363245,0.04320760747872934,0.038745023,0.07059213736582906
2026-05-07 15:03:00,0.06449449530048791,0.041814186587363245,0.04291974155905034,0.03949385,0.06982439747186575
2026-05-07 15:04:00,0.06453755125943277,0.041814186587363245,0.04268208286133299,0.035963207,0.06911086541453806
2026-05-07 15:05:00,0.04215537804236176,0.041814186587363245,0.05007140704689545,0.057874855,0.07486699694510973
2026-05-07 15:06:00,0.03992019659173634,0.041814186587363245,0.04744296835967865,0.046824683,0.07524641573285817
2026-05-07 15:07:00,0.02610885269448323,0.041814186587363245,0.048155766122184564,0.062341757,0.07654278609700028
2026-05-07 15:08:00,0.03310672723287654,0.041814186587363245,0.04604217331539058,0.039116174,0.075706454901298
2026-05-07 15:09:00,0.03324546446395111,0.041814186587363245,0.044724810982150934,0.04757849,0.07449067843435177
2026-05-07 15:10:00,0.033162531845086114,0.041814186587363245,0.04387533541130317,0.050904453,0.07337914009368976
2026-05-07 15:11:00,0.03582188326076545,0.041814186587363245,0.04624222310039866,0.05167985,0.07343808251277154
2026-05-07 15:12:00,0.0358237234181865,0.041814186587363245,0.044687660889990224,0.04752204,0.07257450760158744
2026-05-07 15:13:00,0.0308332473581202,0.041814186587363245,0.04675673101377343,0.03750457,0.0731971876690711
2026-05-07 15:14:00,0.03083316678787143,0.041814186587363245,0.04423565022787788,0.045172922,0.07222268747398307
2026-05-07 15:15:00,0.030833160248188312,0.041814186587363245,0.043880036156261855,0.043594763,0.07129457100307648
2026-05-07 15:16:00,0.033039081901083234,0.041814186587363245,0.04674538344026222,0.03507654,0.07205613673575906
2026-05-07 15:17:00,0.03724987816005911,0.041814186587363245,0.04423505032362266,0.039857063,0.07131725672979693
2026-05-07 15:18:00,0.042281831655454495,0.041814186587363245,0.04533671729954215,0.04305365,0.07118589522000432
2026-05-07 15:19:00,0.06887294871911018,0.041814186587363245,0.04373705040991467,0.04292923,0.0703900400375187
2026-05-07 15:20:00,0.06887031284674901,0.041814186587363245,0.04335420343478072,0.041583396,0.06962537422027033
2026-05-07 15:21:00,0.09492710633593364,0.041814186587363245,0.04673471834354331,0.035966504,0.07095367163554728
2026-05-07 15:22:00,0.09652653254646998,0.041814186587363245,0.04577233489841861,0.039738912,0.07111797773625257
2026-05-07 15:23:00,0.09316868337101014,0.041814186587363245,0.04688595716364383,0.038632385,0.07207892988835396
2026-05-07 15:24:00,0.07980304190326934,0.041814186587363245,0.05210385512065961,0.07897768,0.07876228997625273
2026-05-07 15:25:00,0.087347082052892,0.041814186587363245,0.04562071325058902,0.056590915,0.07727496370094869
2026-05-07 15:26:00,0.052644445280758484,0.041814186587363245,0.056455859851235406,0.091022104,0.087650860701449
2026-05-07 15:27:00,0.05075283634345132,0.041814186587363245,0.05029411368696666,0.028015697,0.08694039853304954
2026-05-07 15:28:00,0.051114637731291615,0.041814186587363245,0.04754435563510184,0.0301713,0.08486376721676589
2026-05-07 15:29:00,0.04470516334408659,0.041814186587363245,0.04977492507467438,0.07790966,0.08439594236263127
2026-05-07 15:30:00,0.039390716641122335,0.041814186587363245,0.05148669658136511,0.045441244,0.08533638348723956
2026-05-07 15:31:00,0.03805128508217634,0.041814186587363245,0.04847483098165969,0.0417113,0.08366166415021328
2026-05-07 15:32:00,0.03405036147094549,0.041814186587363245,0.04981227180367839,0.053217396,0.08287678230887512
2026-05-07 15:33:00,0.03679296496994323,0.041814186587363245,0.04801631417453896,0.06111468,0.08120917074017847
2026-05-07 15:34:00,0.039732112520084795,0.041814186587363245,0.04779885409701482,0.04496646,0.07962973864374435
2026-05-07 15:35:00,0.030219890019870053,0.041814186587363245,0.0504971912117567,0.06902678,0.08004555366341808
2026-05-07 15:36:00,0.02972738346141915,0.041814186587363245,0.047854523428937576,0.046402395,0.07856198077586897
2026-05-07 15:37:00,0.049764338807653206,0.041814186587363245,0.04872890106160207,0.037739027,0.07754588493723066
2026-05-07 15:38:00,0.04938968689448174,0.041814186587363245,0.04891828302423102,0.05260343,0.07680995525826018
2026-05-07 15:39:00,0.0465630635284058,0.041814186587363245,0.04906246736472267,0.048116785,0.07616766253539332
2026-05-07 15:40:00,0.045919503618199436,0.041814186587363245,0.0484356806032812,0.041253153,0.0752771529782403
2026-05-07 15:41:00,0.05781425279604965,0.041814186587363245,0.04743909356744634,0.04595496,0.07412209305156911
2026-05-07 15:42:00,0.03976844297527007,0.041814186587363245,0.052926071465409515,0.04563954,0.07755076357542087
2026-05-07 15:43:00,0.04663004239228548,0.041814186587363245,0.04941102140382376,0.04518719,0.07672159387400017
2026-05-07 15:44:00,0.04703011052307025,0.041814186587363245,0.0474271255687818,0.053091004,0.07540081462448239
2026-05-07 15:45:00,0.04606146284848608,0.041814186587363245,0.048345095570914313,0.042584118,0.07442591054648585
2026-05-07 15:46:00,0.029896762132814808,0.041814186587363245,0.05083905598162661,0.093791135,0.07650241881307654
2026-05-07 15:47:00,0.040686985700667554,0.041814186587363245,0.04691654989374866,0.08332146,0.07524249017458787
2026-05-07 15:48:00,0.03393753371302469,0.041814186587363245,0.04793957023210892,0.052084383,0.0761324413095313
2026-05-07 15:49:00,0.03912987340882678,0.041814186587363245,0.044873799037959954,0.05346844,0.07495735293370426
2026-05-07 15:50:00,0.049264111838093316,0.041814186587363245,0.044189667929178986,0.03997579,0.07378768440972697
2026-05-07 15:51:00,0.0509222608581365,0.041814186587363245,0.04421910381608842,0.0437565,0.07277759577727506
2026-05-07 15:52:00,0.05445800394361628,0.041814186587363245,0.046826657271967435,0.0311823,0.07384505729356516
2026-05-07 15:53:00,0.060998305885024987,0.041814186587363245,0.04563356673727298,0.038982663,0.07358988594472836
2026-05-07 15:54:00,0.05850598189469174,0.041814186587363245,0.045968654497122646,0.05453315,0.07363084116849064
2026-05-07 15:55:00,0.07023191517731224,0.041814186587363245,0.04766693114752079,0.04241098,0.07490522037059497
2026-05-07 15:56:00,0.07358405957624396,0.041814186587363245,0.04578779026336629,0.04762829,0.07422832150643562
2026-05-07 15:57:00,0.07852814361276271,0.041814186587363245,0.04844805276182492,0.051251996,0.07607845579419022
2026-05-07 15:58:00,0.07161269566651474,0.041814186587363245,0.0488766089701504,0.12673008,0.07750117997744636
2026-05-07 15:59:00,0.08851540357873233,0.041814186587363245,0.04617882885022995,0.07596253,0.07641423961725029
2026-05-07 16:00:00,0.0744861431616369,0.041814186587363245,0.05193947920725001,0.05699019,0.0810285214706711
2026-05-07 16:01:00,0.08308690147721609,0.041814186587363245,0.049332033892949156,0.057025757,0.08095729740017683
2026-05-07 16:02:00,0.07083310836036825,0.041814186587363245,0.05229284792176494,0.060927246,0.08376263639851572
2026-05-07 16:03:00,0.07095172074976025,0.041814186587363245,0.04760909174019833,0.049520873,0.08193684185244514
2026-05-07 16:04:00,0.06143254868875249,0.041814186587363245,0.05396564859114261,0.07197833,0.08668145205576509
2026-05-07 16:05:00,0.07079333184868962,0.041814186587363245,0.04868884303009183,0.06381506,0.08482726940245842
2026-05-07 16:06:00,0.05884009986956107,0.041814186587363245,0.05370479432060148,0.058030106,0.0874122092038497
2026-05-07 16:07:00,0.07398463838355603,0.041814186587363245,0.04861634510525349,0.051571563,0.08526981794293137
2026-05-07 16:08:00,0.07723892668047093,0.041814186587363245,0.04847193905826821,0.05005591,0.08336295510940969
2026-05-07 16:09:00,0.06668641074384772,0.041814186587363245,0.05299683575443484,0.057794318,0.08510301863722912
2026-05-07 16:10:00,0.10587969156094351,0.041814186587363245,0.052935892571918525,0.053257722,0.08617617323887011
2026-05-07 16:11:00,0.10450040041021005,0.041814186587363245,0.05119429938598846,0.053078126,0.08517164519767917
2026-05-07 16:12:00,0.10254381991163523,0.041814186587363245,0.054859628443939185,0.066237874,0.08771779133712529
2026-05-07 16:13:00,0.11102864886445457,0.041814186587363245,0.05241020227095377,0.066998184,0.08671358812882872
2026-05-07 16:14:00,0.11500148426784142,0.041814186587363245,0.05008685121808062,0.058050487,0.08469306092448124
2026-05-07 16:15:00,0.07379264480527513,0.041814186587363245,0.06304462045949026,0.06565006,0.09978789963171152
2026-05-07 16:16:00,0.07466154503668414,0.041814186587363245,0.05366914085259844,0.05814138,0.09706226198445653
2026-05-07 16:17:00,0.06854004712149016,0.041814186587363245,0.05711374251187197,0.05894006,0.09741268875590228
2026-05-07 16:18:00,0.08651823742225492,0.041814186587363245,0.058806866939612984,0.06096381,0.09914423620107693
2026-05-07 16:19:00,0.0819085848770949,0.041814186587363245,0.05661648307133146,0.061840527,0.09796229783407019
2026-05-07 16:20:00,0.08907566357003799,0.041814186587363245,0.05462362264392215,0.06329673,0.09568248749932114
2026-05-07 16:21:00,0.08755222702161335,0.041814186587363245,0.054604223277293806,0.06144011,0.09353243486746664
2026-05-07 16:22:00,0.08635457876741591,0.041814186587363245,0.05523089975174756,0.057891622,0.09245291598959111
2026-05-07 16:23:00,0.05286419416166338,0.041814186587363245,0.06204769576550194,0.092601925,0.10025565566505305
2026-05-07 16:24:00,0.05125274732822065,0.041814186587363245,0.0543841580817905,0.06234962,0.09745923728845006
2026-05-07 16:25:00,0.039589631199024304,0.041814186587363245,0.058105077406430825,0.07030864,0.097655789297408
2026-05-07 16:26:00,0.03959072812578053,0.041814186587363245,0.053312404814761745,0.054023117,0.09480759683036324
2026-05-07 16:27:00,0.056377987994303734,0.041814186587363245,0.05541997320738756,0.051312584,0.09318695825431093
2026-05-07 16:28:00,0.05243069000539951,0.041814186587363245,0.05456028464884135,0.05501323,0.09157324376811898
2026-05-07 16:29:00,0.05249721933742301,0.041814186587363245,0.051974727172801674,0.047894828,0.08907845910165538
2026-05-07 16:30:00,0.04774380034357031,0.041814186587363245,0.05468369836998831,0.056400888,0.08788236025741702
2026-05-07 16:31:00,0.054558104847819165,0.041814186587363245,0.05231901322780935,0.05310059,0.08577006577341219
2026-05-07 16:32:00,0.029272610728851182,0.041814186587363245,0.05748399539434206,0.06048747,0.08850371784998388
2026-05-07 16:33:00,0.056763852514753785,0.041814186587363245,0.05251804208235043,0.048848085,0.0863430609852549
2026-05-07 16:34:00,0.06415283949784552,0.041814186587363245,0.05139651866190402,0.052705422,0.08426249380092855
2026-05-07 16:35:00,0.06720093043422529,0.041814186587363245,0.051533072064506136,0.060202677,0.08239685111588724
2026-05-07 16:36:00,0.06947564603702532,0.041814186587363245,0.05445368697560152,0.050241955,0.08236020810294968
2026-05-07 16:37:00,0.08045352508824635,0.041814186587363245,0.04884838274117342,0.045450583,0.08064726247743335
2026-05-07 16:38:00,0.07430405798068467,0.041814186587363245,0.055164329268387394,0.0670453,0.08465353093338727
2026-05-07 16:39:00,0.07376911407150892,0.041814186587363245,0.05263392588131495,0.062600546,0.08475148885921548
2026-05-07 16:40:00,0.07091262531948551,0.041814186587363245,0.05081107612466517,0.045733377,0.0837685988661169
2026-05-07 16:41:00,0.06770984084100726,0.041814186587363245,0.052295594349279065,0.060960688,0.08430649492476018
2026-05-07 16:42:00,0.05393534161637101,0.041814186587363245,0.053900754589516084,0.0842885,0.08618102064389309
2026-05-07 16:43:00,0.038671315171461315,0.041814186587363245,0.05394181767317056,0.06517291,0.08736187849712657
2026-05-07 16:44:00,0.02595733306663197,0.041814186587363245,0.052804389336631445,0.058736905,0.08701566149462284
2026-05-07 16:45:00,0.03550923927207147,0.041814186587363245,0.04783792290480933,0.06147674,0.08490402813578937
2026-05-07 16:46:00,0.04371919535216059,0.041814186587363245,0.05050283233787633,0.05103118,0.0843188771054841
2026-05-07 16:47:00,0.04541311095995936,0.041814186587363245,0.04676661696720665,0.034408215,0.08237969168939555
2026-05-07 16:48:00,0.04880090005972923,0.041814186587363245,0.047472229109545176,0.04598233,0.08070494178426355
2026-05-07 16:49:00,0.051059407435175515,0.041814186587363245,0.04632324352957754,0.13438277,0.07905478523348831
2026-05-07 16:50:00,0.05173291082845648,0.041823047166398494,0.04943222460775075,0.07745802,0.07901904993711927
2026-05-07 16:51:00,0.04989873855123839,0.041823047166398494,0.05135532004039855,0.054054365,0.08056628101693251
2026-05-07 16:52:00,0.06339665040098391,0.041823047166398494,0.048394829693027476,0.043999076,0.07929341990519331
2026-05-07 16:53:00,0.06578486694347516,0.041823047166398494,0.049382915865378595,0.07974593,0.07865512947154403
2026-05-07 16:54:00,0.06767402806458162,0.041823047166398494,0.04806960480862593,0.05486246,0.07773136368142994
2026-05-07 16:55:00,0.06345150145752887,0.041823047166398494,0.04967966621209464,0.0635201,0.07799882859469125
2026-05-07 16:56:00,0.06417139042351201,0.041823047166398494,0.05095498661480255,0.05871561,0.0792165336230805
2026-05-07 16:57:00,0.053574454505364924,0.041823047166398494,0.05272185189944544,0.04841798,0.08173035924772622
2026-05-07 16:58:00,0.05408954935224572,0.041823047166398494,0.05088371371769995,0.04647457,0.0815972821509086
2026-05-07 16:59:00,0.0558668238219171,0.041823047166398494,0.05057482257877191,0.051615767,0.08101357574389761
2026-05-07 17:00:00,0.05539812631988183,0.041823047166398494,0.04828119742190799,0.0416054,0.07962661761496317
2026-05-07 17:01:00,0.056682315595787555,0.041823047166398494,0.051221854166150216,0.058635157,0.08087903376871135
2026-05-07 17:02:00,0.056325293730380366,0.041823047166398494,0.049525457712902704,0.04668711,0.08025493162326042
2026-05-07 17:03:00,0.057140646373015434,0.041823047166398494,0.05014731119598774,0.04002694,0.08040079484767862
2026-05-07 17:04:00,0.07567310915001545,0.041823047166398494,0.049596127018141783,0.065222666,0.08039715798751812
2026-05-07 17:05:00,0.08051171959738887,0.041823047166398494,0.046805333571547716,0.051347896,0.07893573838613291
2026-05-07 17:06:00,0.07376008364311301,0.041823047166398494,0.05044326359129701,0.07246093,0.08061034065166067
2026-05-07 17:07:00,0.07235348485944643,0.041823047166398494,0.04861736293391922,0.0625422,0.07991450639114649
2026-05-07 17:08:00,0.07319746841999071,0.041823047166398494,0.04979617236005586,0.057908073,0.0803162270128815
2026-05-07 17:09:00,0.04719775024807877,0.041823047166398494,0.054567982256680525,0.06174611,0.08599688552925545
2026-05-07 17:10:00,0.047197207523635896,0.041823047166398494,0.05158971451666964,0.061976716,0.08578619941171037
2026-05-07 17:11:00,0.04478221053005436,0.041823047166398494,0.05015280949437861,0.05739085,0.08434531506950949
2026-05-07 17:12:00,0.05218276562572177,0.041823047166398494,0.04964791901192114,0.051375665,0.08283718876645407
2026-05-07 17:13:00,0.05559407350666456,0.041823047166398494,0.05160558781495519,0.05415018,0.08322207524103606
2026-05-07 17:14:00,0.055762353543604995,0.041823047166398494,0.04787883844851102,0.044609286,0.08137958158677677
2026-05-07 17:15:00,0.0544198526498131,0.041823047166398494,0.05129825865454003,0.040621992,0.08163153276791715
2026-05-07 17:16:00,0.05728411935029346,0.041823047166398494,0.048553615097963354,0.038627017,0.08001831999683144
2026-05-07 17:17:00,0.07957683554475568,0.041823047166398494,0.05152144437519571,0.039777488,0.08060480288681955
2026-05-07 17:18:00,0.07149159559876407,0.041823047166398494,0.05238701176387821,0.051875018,0.08208861862071376
2026-05-07 17:19:00,0.08226527337769252,0.041823047166398494,0.04790382054763524,0.05041591,0.08038151488412004
2026-05-07 17:20:00,0.15032321264020793,0.041823047166398494,0.05047147411226046,0.04834546,0.08038453092377815
2026-05-07 17:21:00,0.2033064457380689,0.041823047166398494,0.04961472110671236,0.05077422,0.07964803339214302
2026-05-07 17:22:00,0.19372674443217508,0.041823047166398494,0.056576970462037704,0.089519575,0.08725856816817834
2026-05-07 17:23:00,0.2171406334310283,0.041823047166398494,0.04963444747936231,0.05152213,0.08529552424380242
2026-05-07 17:24:00,0.219982115526477,0.041823047166398494,0.05399476371620882,0.069319725,0.08706097232889543
2026-05-07 17:25:00,0.1786770199689594,0.041823047166398494,0.07001880924834875,0.10700524,0.11635828474915083
2026-05-07 17:26:00,0.11442064361547036,0.041823047166398494,0.07604334249689157,0.10763393,0.14106562304797343
2026-05-07 17:27:00,0.11700077383464048,0.041823047166398494,0.060688687995879266,0.09428243,0.13548235809022066
2026-05-07 17:28:00,0.09407018676414407,0.041823047166398494,0.0731105055281257,0.08203605,0.14363878951749134
2026-05-07 17:29:00,0.1048421768697601,0.041823047166398494,0.06823112824725935,0.07745967,0.14169360345544627
2026-05-07 17:30:00,0.10469708191204852,0.041823047166398494,0.06196417351647278,0.089274056,0.13591028887822426
2026-05-07 17:31:00,0.10910421687298184,0.041823047166398494,0.062183754084562476,0.07532144,0.13082647487524052
2026-05-07 17:32:00,0.11124401693670706,0.041823047166398494,0.06351703599693817,0.07121639,0.1268026875885961
2026-05-07 17:33:00,0.08816552213500609,0.041823047166398494,0.06944719174178787,0.09389183,0.12933274352019367
2026-05-07 17:34:00,0.052209050350884495,0.041823047166398494,0.07063942935831023,0.09543329,0.1318492278683394
2026-05-07 17:35:00,0.05215491091860065,0.041823047166398494,0.062138879554412454,0.07482962,0.12663480471709873
2026-05-07 17:36:00,0.03893221229108083,0.041823047166398494,0.06630098913400906,0.07985503,0.12363346300552648
2026-05-07 17:37:00,0.04574243872663686,0.041823047166398494,0.06640644894486035,0.07851448,0.12088198258134399
2026-05-07 17:38:00,0.04375985358606994,0.041823047166398494,0.06403602546346604,0.07712815,0.11679953359366756
2026-05-07 17:39:00,0.05892435949941002,0.041823047166398494,0.06212178857544861,0.07357498,0.11257034891568975
2026-05-07 17:40:00,0.05947810043585392,0.041823047166398494,0.061535356210087,0.075291134,0.10859689168475148
2026-05-07 17:41:00,0.06380789124821117,0.041823047166398494,0.061608074639633525,0.08081087,0.10490247746936944
2026-05-07 17:42:00,0.05869534806348841,0.041823047166398494,0.06669272388354407,0.072736636,0.10479017750338043
2026-05-07 17:43:00,0.06465013263728722,0.041823047166398494,0.06263632847403622,0.07478703,0.10151724512650387
2026-05-07 17:44:00,0.05111884034599189,0.041823047166398494,0.06593932554945957,0.087774485,0.10132397728566389
2026-05-07 17:45:00,0.050584659235504675,0.041823047166398494,0.062113078979077516,0.08164949,0.09825196592149212
2026-05-07 17:46:00,0.046816393001278184,0.041823047166398494,0.06375000502364109,0.07254086,0.09635042064425851
2026-05-07 17:47:00,0.04834380549819763,0.041823047166398494,0.06182209363499065,0.09329261,0.0958736942424966
2026-05-07 17:48:00,0.03887674579185424,0.041823047166398494,0.05662884342595079,0.062354635,0.09474784208559311
2026-05-07 17:49:00,0.04995519910971834,0.041823047166398494,0.053332804701956185,0.06808757,0.092032702743626
2026-05-07 17:50:00,0.05690330319802915,0.041823047166398494,0.05046077652781595,0.05195068,0.08953064093869986
2026-05-07 17:51:00,0.07776145383317795,0.041823047166398494,0.05064540637129768,0.06801964,0.08757108896618107
2026-05-07 17:52:00,0.07496606626457067,0.041823047166398494,0.053913494615552775,0.048942342,0.08828517956516911
2026-05-07 17:53:00,0.07651134167613888,0.041823047166398494,0.04942638931715685,0.057573747,0.086039095670269
2026-05-07 17:54:00,0.08456405684606957,0.041823047166398494,0.05333337098008141,0.074730664,0.08620016054902167
2026-05-07 17:55:00,0.08015847758887498,0.041823047166398494,0.051384631501474945,0.06758389,0.08581895490482304
2026-05-07 17:56:00,0.06531786253021911,0.041823047166398494,0.05399474246183857,0.09760321,0.09033383884803953
2026-05-07 17:57:00,0.06002987096633091,0.041823047166398494,0.05131972562420694,0.05494741,0.08984926287462255
2026-05-07 17:58:00,0.06156022010172644,0.041823047166398494,0.04916775656952067,0.07395964,0.08799576448417498
2026-05-07 17:59:00,0.03912555722168658,0.041823047166398494,0.053614032994742586,0.05256602,0.09074365311844952
2026-05-07 18:00:00,0.05350836423234578,0.041823047166398494,0.04833479212500381,0.07125787,0.08837487624245392
2026-05-07 18:01:00,0.05017163226945469,0.041823047166398494,0.0513801491004106,0.04175454,0.08793686721642692
2026-05-07 18:02:00,0.05319922943547857,0.041823047166398494,0.049770208231908135,0.0494511,0.08622120860669841
2026-05-07 18:03:00,0.05490171779863832,0.041823047166398494,0.05060608303376402,0.058361642,0.08508645637638024
2026-05-07 18:04:00,0.09073408998307148,0.041823047166398494,0.04791958209008705,0.05391626,0.08315582726510888
2026-05-07 18:05:00,0.0860868245819897,0.041823047166398494,0.05235061509917429,0.045084365,0.08446025590613492
2026-05-07 18:06:00,0.08360168428540234,0.041823047166398494,0.05006157086493763,0.045464303,0.0836139100334926
2026-05-07 18:07:00,0.0806627028569368,0.041823047166398494,0.05043733656791569,0.039997756,0.08298602666562539
2026-05-07 18:08:00,0.07712648748746732,0.041823047166398494,0.05064074596737788,0.04574873,0.08256884720642896
2026-05-07 18:09:00,0.026775457366745713,0.041823047166398494,0.05824393229129131,0.09353605,0.0923927628881076
2026-05-07 18:10:00,0.02110518897336982,0.041823047166398494,0.052127729064980415,0.06677768,0.0909821845579
2026-05-07 18:11:00,0.020870824242362057,0.041823047166398494,0.05021550617714774,0.06908598,0.08865300120706389
2026-05-07 18:12:00,0.04171882641144653,0.041823047166398494,0.05021062454509536,0.085452944,0.08650311213802014
2026-05-07 18:13:00,0.04794081135281944,0.041823047166398494,0.05005712519048719,0.07468111,0.08449919509569265
2026-05-07 18:14:00,0.06293732922798813,0.041823047166398494,0.04890020553739454,0.050366517,0.08258473200023735
2026-05-07 18:15:00,0.060901450233378604,0.041823047166398494,0.05045631449741014,0.048861664,0.08141907850005546
2026-05-07 18:16:00,0.060704828314075594,0.041823047166398494,0.04893793371693482,0.034277212,0.079823299984338
2026-05-07 18:17:00,0.04820981632694904,0.041823047166398494,0.05296556698927033,0.036881566,0.08151319877956653
2026-05-07 18:18:00,0.046567837489310836,0.041823047166398494,0.05059545909822872,0.048314042,0.08123742385678033
2026-05-07 18:19:00,0.03110006677337365,0.041823047166398494,0.053004498612807205,0.05189948,0.08349503787350307
2026-05-07 18:20:00,0.03741236349150506,0.041823047166398494,0.04842134450381091,0.047876094,0.0816604981280435
2026-05-07 18:21:00,0.04273444692550836,0.041823047166398494,0.04758019268441856,0.04679403,0.07998763984387684
2026-05-07 18:22:00,0.04507783091225508,0.041823047166398494,0.04698526696033872,0.04506167,0.07839709341540674
2026-05-07 18:23:00,0.039811589180744685,0.041823047166398494,0.049306355784895485,0.06037212,0.07804720548471325
2026-05-07 18:24:00,0.034617666183243107,0.041823047166398494,0.049389092700003065,0.0556889,0.07780319542388651
2026-05-07 18:25:00,0.03680661801438473,0.041823047166398494,0.049363410968183766,0.05164111,0.07751144618833013
2026-05-07 18:26:00,0.03720188315149267,0.041823047166398494,0.04957669621499009,0.05868773,0.07724792977835346
2026-05-07 18:27:00,0.038644685954077294,0.041823047166398494,0.04826945441588959,0.039683856,0.07640237685330603
2026-05-07 18:28:00,0.042510177025470254,0.041823047166398494,0.046444204606271286,0.0540653,0.07511331090912234
2026-05-07 18:29:00,0.04621409148880821,0.041823047166398494,0.04720579494840674,0.106151156,0.07416638954275899
2026-05-07 18:30:00,0.043546390687013416,0.041823047166398494,0.049049728930642376,0.089976855,0.07463625554602271
2026-05-07 18:31:00,0.04107052602682839,0.041823047166398494,0.046319991246421166,0.041759554,0.07473120901090569
2026-05-07 18:32:00,0.05943200079174168,0.041823047166398494,0.04570144175327934,0.045028653,0.07439793500439215
2026-05-07 18:33:00,0.05803427658547484,0.041823047166398494,0.04587643233865019,0.042678382,0.07409641651064945
2026-05-07 18:34:00,0.05933507092991692,0.041823047166398494,0.046439340020842296,0.0700614,0.07409542720321385
2026-05-07 18:35:00,0.058145206574058465,0.041823047166398494,0.04643103969797573,0.042928666,0.07395448105773905
2026-05-07 18:36:00,0.060173575890428606,0.041823047166398494,0.04621826423289327,0.039738942,0.07357465875994171
2026-05-07 18:37:00,0.06231267699768424,0.041823047166398494,0.05097234847182268,0.11485059,0.07802837853952567
2026-05-07 18:38:00,0.064434922049687,0.041823047166398494,0.04685755970053017,0.0817134,0.07697627842066648
2026-05-07 18:39:00,0.15405846105384144,0.041823047166398494,0.0478902878036973,0.08857423,0.07707300392366602
2026-05-07 18:40:00,0.15863651280218863,0.041823047166398494,0.0466085461371609,0.04831595,0.07629389319110708
2026-05-07 18:41:00,0.1575071890567346,0.041823047166398494,0.046914751205188614,0.04613429,0.07629952552844194
2026-05-07 18:42:00,0.1566906457275439,0.041823047166398494,0.05140977914661434,0.094614126,0.08097199335162386
2026-05-07 18:43:00,0.15620998961209034,0.041823047166398494,0.048123412198167195,0.16189435,0.08031029634456478
2026-05-07 18:44:00,0.06529408248374056,0.041823047166398494,0.07071364148990346,0.101477385,0.11799336808768253
2026-05-07 18:45:00,0.051699985892099586,0.041823047166398494,0.05877725798228314,0.095395036,0.1164205926727335
2026-05-07 18:46:00,0.07531206807542097,0.041823047166398494,0.05522614793885665,0.09290821,0.11244725471164525
2026-05-07 18:47:00,0.05945944848815356,0.041823047166398494,0.05985854375000058,0.09690899,0.11224330242496519
2026-05-07 18:48:00,0.057941973091030316,0.041823047166398494,0.056144391782508705,0.09889157,0.1087655656577041
2026-05-07 18:49:00,0.05794184578394821,0.041823047166398494,0.05396286010654535,0.071688205,0.10507670223943985
2026-05-07 18:50:00,0.0797610043866656,0.041823047166398494,0.05438677811480846,0.075622834,0.10173788362161845
2026-05-07 18:51:00,0.05716090710738198,0.041823047166398494,0.0612026295664441,0.07554853,0.1287696928128777
2026-05-07 18:52:00,0.05704567337150063,0.041823047166398494,0.0547812621517659,0.079954475,0.12280473077645214
2026-05-07 18:53:00,0.05704481480476712,0.041823047166398494,0.05516620992366019,0.08448445,0.11737798021797935
2026-05-07 18:54:00,0.0650195327208176,0.041823047166398494,0.05441965474989391,0.079534,0.11201462110540787
2026-05-07 18:55:00,0.03571062849792279,0.041823047166398494,0.06337903791620371,0.077926666,0.11735319169903004
2026-05-07 18:56:00,0.03602385426665248,0.041823047166398494,0.056377623021580454,0.06626101,0.11212667140182188
2026-05-07 18:57:00,0.053943619118797304,0.041823047166398494,0.055817379180442855,0.06667017,0.10706366617257561
2026-05-07 18:58:00,0.05556814345638988,0.041823047166398494,0.05651620657340019,0.06799192,0.10257178151585156
2026-05-07 18:59:00,0.046529064619491925,0.041823047166398494,0.059318958169134,0.07945587,0.10178032781800195
2026-05-07 19:00:00,0.050852160024239104,0.041823047166398494,0.05602872211756019,0.06348618,0.09772065369418728
2026-05-07 19:01:00,0.050736937317846474,0.041823047166398494,0.05561979750780188,0.06406818,0.09375141267320133
2026-05-07 19:02:00,0.03365146579396354,0.041823047166398494,0.06058542273042977,0.06306503,0.09637582012911924
2026-05-07 19:03:00,0.03922225308843047,0.041823047166398494,0.057282777300066715,0.07467222,0.09327296289621952
2026-05-07 19:04:00,0.03837766949303328,0.041823047166398494,0.05537198959724868,0.0729822,0.0895314640150192
2026-05-07 19:05:00,0.03161418041542132,0.041823047166398494,0.057528498638126084,0.06685049,0.08809996510455928
2026-05-07 19:06:00,0.047922803717328814,0.041823047166398494,0.04873461801125827,0.049606662,0.08468435024364926
2026-05-07 19:07:00,0.04877156226422449,0.041823047166398494,0.04855685360338927,0.07496482,0.08204751033081183
2026-05-07 19:08:00,0.044934297135642495,0.041823047166398494,0.05056026494905975,0.049696513,0.08190737880579002
2026-05-07 19:09:00,0.05121578344080534,0.041823047166398494,0.046191823449745664,0.046117242,0.07857438266618301
2026-05-07 19:10:00,0.050553631349476144,0.041823047166398494,0.04691667679412281,0.1522576,0.07577962549657219
2026-05-07 19:11:00,0.03462175632677745,0.041823047166398494,0.05173843433007388,0.06274525,0.07965092684997885
2026-05-07 19:12:00,0.09789792721225235,0.041823047166398494,0.04904472447810254,0.08317218,0.07778159240082576
2026-05-07 19:13:00,0.09674443318676276,0.041823047166398494,0.04779905977182945,0.06254396,0.07629385288875068
2026-05-07 19:14:00,0.09357106540808985,0.041823047166398494,0.049127152395498426,0.05267639,0.07639123571657261
2026-05-07 19:15:00,0.09357106540808985,0.041823047166398494,0.0457131998730113,0.03304251,0.07339372831327384
2026-05-07 19:16:00,0.09416913892764861,0.041823047166398494,0.04581964043893038,0.028490013,0.07062772754435874
2026-05-07 19:17:00,0.016755795610303454,0.041823047166398494,0.06168627557582156,0.06439125,0.10596844781819605
2026-05-07 19:18:00,0.01676154033152904,0.041823047166398494,0.05029788012060109,0.042616837,0.10154217551357575
2026-05-07 19:19:00,0.030918428315891602,0.041823047166398494,0.049121727908116086,0.04884593,0.09703482129091906
2026-05-07 19:20:00,0.031190734143603557,0.041823047166398494,0.04889755237466623,0.042022258,0.09278346028314809
2026-05-07 19:21:00,0.05496007341348265,0.041823047166398494,0.0500405201970689,0.04339197,0.08929667763854512
2026-05-07 19:22:00,0.05858716597870731,0.041823047166398494,0.048372842109287245,0.046162892,0.08580606760749286
2026-05-07 19:23:00,0.07252359104739353,0.041823047166398494,0.048562961700632123,0.045673884,0.08264976072801693
2026-05-07 19:24:00,0.07035792077547036,0.041823047166398494,0.05063245392146299,0.047703,0.08245643603728571
2026-05-07 19:25:00,0.07534796063657796,0.041823047166398494,0.04753942684067319,0.051375818,0.0791621645777245
2026-05-07 19:26:00,0.061885847625951264,0.041823047166398494,0.05460565735569181,0.057757188,0.08619067567833995
2026-05-07 19:27:00,0.05794757473537915,0.041823047166398494,0.05127693472791986,0.093020186,0.08477290543202846
2026-05-07 19:28:00,0.042497027062153296,0.041823047166398494,0.0552298168782281,0.061947502,0.08981598184340321
2026-05-07 19:29:00,0.03832180918347297,0.041823047166398494,0.05190348214018706,0.069799155,0.08760844717410018
2026-05-07 19:30:00,0.028141731410758642,0.041823047166398494,0.05311766134007296,0.07672469,0.08723599565554364
2026-05-07 19:31:00,0.03493764785661103,0.041823047166398494,0.05173753873258349,0.064167894,0.08501747257821314
2026-05-07 19:32:00,0.04428856754281716,0.041823047166398494,0.04958346030413697,0.05741054,0.08151984218177347
2026-05-07 19:33:00,0.04030352440538333,0.041823047166398494,0.05118279948588669,0.055545025,0.07997254440002116
2026-05-07 19:34:00,0.0399295319006271,0.041823047166398494,0.04915425935728421,0.057074208,0.07689948118003956
2026-05-07 19:35:00,0.039793544135867824,0.041823047166398494,0.0492606673362495,0.05271161,0.07421716726051643
2026-05-07 19:36:00,0.048514807103770465,0.041823047166398494,0.052041688492203725,0.045218933,0.07525556392037992
2026-05-07 19:37:00,0.040898701782919364,0.041823047166398494,0.05248768351826102,0.058149837,0.07617597044021267
2026-05-07 19:38:00,0.045430504973299424,0.041823047166398494,0.04944535989333263,0.057586655,0.07334774206073455
2026-05-07 19:39:00,0.04785584846278372,0.041823047166398494,0.044786056598352705,0.0316182,0.07054418144752268
2026-05-07 19:40:00,0.04728118501330988,0.041823047166398494,0.0457904673659265,0.036677357,0.06823904715345899
2026-05-07 19:41:00,0.032135815615503084,0.041823047166398494,0.05101489443437748,0.07937635,0.07405896194801129
2026-05-07 19:42:00,0.03251219192687556,0.041823047166398494,0.046727148708780857,0.04313083,0.07156986376109613
2026-05-07 19:43:00,0.025254762516752977,0.041823047166398494,0.04863091899780838,0.102378815,0.07117581229941145
2026-05-07 19:44:00,0.02886068963947063,0.041823047166398494,0.04800151017557627,0.065045,0.06976138994761143
2026-05-07 19:45:00,0.06546872737337546,0.041823047166398494,0.046083149055442654,0.08285015,0.06720114942738796
2026-05-07 19:46:00,0.06324474467953116,0.041823047166398494,0.047893136530763616,0.038261764,0.06663505531117636
2026-05-07 19:47:00,0.09467953187782975,0.041823047166398494,0.04681773433733993,0.040154878,0.0648132989818194
2026-05-07 19:48:00,0.09817013671932001,0.041823047166398494,0.04443881639993236,0.046086367,0.06258350069370751
2026-05-07 19:49:00,0.09603875922407304,0.041823047166398494,0.04707873014248651,0.049568977,0.06309680021359701
2026-05-07 19:50:00,0.07625693366348159,0.041823047166398494,0.05372289479156221,0.06982543,0.07971576473175354
2026-05-07 19:51:00,0.07611021520446842,0.041823047166398494,0.046239199260366244,0.043345142,0.07665840174083723
2026-05-07 19:52:00,0.04583418146074957,0.041823047166398494,0.05776156991795895,0.06293275,0.09634423371050216
2026-05-07 19:53:00,0.042335381039272604,0.041823047166398494,0.051818371062336735,0.03700914,0.09488820297051646
2026-05-07 19:54:00,0.050323706621577174,0.041823047166398494,0.04861209432305185,0.034270473,0.09079467216979183
2026-05-07 19:55:00,0.45280949563321654,0.041823047166398494,0.04870811244932013,0.057766244,0.08711821476366347
2026-05-07 19:56:00,0.45346297847795025,0.041823047166398494,0.048136728262299075,0.05744369,0.0834921214938509
2026-05-07 19:57:00,0.4522040505050343,0.041823047166398494,0.05285431763061384,0.057663787,0.08631018117818778
2026-05-07 19:58:00,0.4519644781377421,0.041823047166398494,0.050210464265267,0.050187558,0.08437321491672198
2026-05-07 19:59:00,0.45113866658930657,0.041823047166398494,0.05145974502993538,0.062534064,0.08433354520892164
2026-05-08 13:30:00,0.03149569101979387,0.04182304716639849,0.15121724565162833,0.08147106,0.40140166334691874
2026-05-08 13:31:00,0.020537839269403543,0.041823047166398494,0.09325189141705567,0.06202965,0.38158047581216376
2026-05-08 13:32:00,0.02942365972003558,0.041823047166398494,0.09195011806586244,0.06271242,0.3624211190966205
2026-05-08 13:33:00,0.028881082946960363,0.041823047166398494,0.09142437326578168,0.062578335,0.34418525595616434
2026-05-08 13:34:00,0.035339590925220606,0.041823047166398494,0.08991915317366037,0.06818271,0.326731421024001
2026-05-08 13:35:00,0.03533983403429292,0.048418763542442914,0.08333605183118298,0.06596637,0.310202503322292
2026-05-08 13:36:00,0.034919130244025924,0.04841876261324697,0.08331948963861882,0.049203753,0.2945511875782742
2026-05-08 13:37:00,0.053088101568319265,0.04841876185071681,0.08632253551639704,0.06409071,0.2805865482803333
2026-05-08 13:38:00,0.05371185296421303,0.04841876223225478,0.08425063800061458,0.0650535,0.26661016959223965
2026-05-08 13:39:00,0.053204272011499514,0.04841876286104807,0.08569335827819417,0.06539219,0.2538219826601427
2026-05-08 13:40:00,0.07695494783926542,0.04841876332463173,0.08346728792354403,0.05835438,0.241102589558966
2026-05-08 13:41:00,0.08467979017989258,0.048418763570496834,0.08285755222150094,0.055902015,0.22902429074356365
2026-05-08 13:42:00,0.0741745484303396,0.048418763183396864,0.08951844256891989,0.06706663,0.22152119846101567
2026-05-08 13:43:00,0.07393435149702338,0.048418762040988085,0.08490702841545411,0.06593596,0.2108086736218431
2026-05-08 13:44:00,0.0755101266390308,0.04841876291256361,0.08511629156558384,0.0662523,0.2010161592574668
2026-05-08 13:45:00,0.05147192172326527,0.04841876454919369,0.09078693931642415,0.07342281,0.19716352332926246
2026-05-08 13:46:00,0.037919728737339835,0.04841876304120948,0.08826821956253206,0.07046557,0.18993081340611975
2026-05-08 13:47:00,0.037918015912843994,0.048418762699147175,0.08667243767600598,0.07161421,0.18181691297213962
2026-05-08 13:48:00,0.04670566810552908,0.04841876351386674,0.08501576296172265,0.07253145,0.17320588530891545
2026-05-08 13:49:00,0.04007685897783017,0.04841876242521699,0.08662457975120999,0.07251283,0.16610590376024212
2026-05-08 13:50:00,0.0406728657628501,0.04841876187679015,0.08387618261361424,0.063121594,0.1581426780748619
2026-05-08 13:51:00,0.042030356673996336,0.04841876247596173,0.08338839356643836,0.06988903,0.15056951252945572
2026-05-08 13:52:00,0.039797241280749344,0.04841876266578144,0.04930359404581652,0.04392037,0.1448964270720938
2026-05-08 13:53:00,0.028989582095180183,0.04841876327243702,0.050329444323529385,0.059920587,0.14039810204163305
2026-05-08 13:54:00,0.06746899303692781,0.04841876322908397,0.04669660073269725,0.04020625,0.13376215315176979
2026-05-08 13:55:00,0.07308093094467394,0.04841876328194115,0.047425023467944555,0.040769972,0.12773739180809257
2026-05-08 13:56:00,0.07205139572114905,0.04841876277892977,0.04779633952156146,0.043399904,0.1222039339240845
2026-05-08 13:57:00,0.08236286278595976,0.048418762542744354,0.04906005269992813,0.06500877,0.11786371437590372
2026-05-08 13:58:00,0.08147535723009211,0.04841876295377416,0.0478274362094656,0.24777663,0.11292216829663317
2026-05-08 13:59:00,0.05395709250145315,0.04841876454684883,0.05648017917611537,0.103343174,0.12025336379407273
2026-05-08 14:00:00,0.04497842652031155,0.04841876201590517,0.05263190364912103,0.058668192,0.11760322487586033
2026-05-08 14:01:00,0.05024885025041026,0.048418763351965745,0.04836960241019169,0.0541143,0.11216981519050015
2026-05-08 14:02:00,0.02284074313511121,0.04841876437171281,0.0554472607197547,0.0663318,0.11397584233694068
2026-05-08 14:03:00,0.022789699776492416,0.04841876261373338,0.04960152382432665,0.05837144,0.10876218045052186
2026-05-08 14:04:00,0.02404862682676568,0.048418763324564885,0.0483326499297875,0.05182839,0.10385818070808414
2026-05-08 14:05:00,0.038293506595003544,0.04841876240796324,0.04801668189695893,0.041749313,0.099225159623314
2026-05-08 14:06:00,0.03869522342429788,0.04841876104367808,0.05093930262040822,0.062906615,0.09684370606714492
2026-05-08 14:07:00,0.041426823751890544,0.04841876251851784,0.046341843549351024,0.2356471,0.09262055907962695
2026-05-08 14:08:00,0.05440507086938629,0.04841876195723668,0.04565021577020615,0.07460829,0.08863797672652987
2026-05-08 14:09:00,0.054404640593321354,0.04841876515707393,0.04633229367064837,0.04300203,0.08518360142743278
2026-05-08 14:10:00,0.04597478844054798,0.048418764917365145,0.04989878811409605,0.15269028,0.08570965138922002
2026-05-08 14:11:00,0.042469951707233264,0.04841876296446444,0.048947920762419266,0.09226811,0.08457400352192385
2026-05-08 14:12:00,0.040878069957426544,0.04841876107599478,0.04796298306701421,0.14342703,0.08211121303866081
2026-05-08 14:13:00,0.03629488848361846,0.04841876453608058,0.05152591716986492,0.06416449,0.08457672580917033
2026-05-08 14:14:00,0.03536970486854897,0.04841876246229473,0.04757478335121661,0.055883463,0.08138235009444708
2026-05-08 14:15:00,0.03473953966796257,0.04841876255558047,0.04684349921009269,0.06861352,0.07829743113459128
2026-05-08 14:16:00,0.04376986072977645,0.04841876190219315,0.04799410509051535,0.14418243,0.07630259717924315
2026-05-08 14:17:00,0.04298846064069879,0.04841876395454206,0.04722151392182804,0.17152138,0.07377924881430406
2026-05-08 14:18:00,0.03777828652967761,0.048418761921456784,0.05027797919398224,0.06587762,0.07559291609824437
2026-05-08 14:19:00,0.04988275584265041,0.0484187628024879,0.045992617412125514,0.025453474,0.07264599308651744
2026-05-08 14:20:00,0.060289614451444255,0.04841876207829582,0.046096549077064126,0.030299777,0.06989766564278792
2026-05-08 14:21:00,0.052623481424195054,0.0484187626594707,0.04877791204654047,0.04128719,0.07240749553729164
2026-05-08 14:22:00,0.07256289866918635,0.04841876317081354,0.04475350215014597,0.046023253,0.06978767307183699
2026-05-08 14:23:00,0.06980050731076451,0.04841876223123446,0.04725222619636548,0.04642294,0.06983818152733423
2026-05-08 14:24:00,0.06716640662120504,0.04841876337225486,0.04838033187345039,0.05081551,0.07303452829972909
2026-05-08 14:25:00,0.07496798006089381,0.048418763370988646,0.04939638508926793,0.057740793,0.07623435761605447
2026-05-08 14:26:00,0.08365805080286251,0.04841876343310506,0.045790818590710915,0.050175227,0.07359080342231233
2026-05-08 14:27:00,0.06715254309997894,0.04841876193516687,0.05316951224594657,0.04843446,0.08325187317537378
2026-05-08 14:28:00,0.07189581939923519,0.04841876336508167,0.0472717192745393,0.041424498,0.08019810258973255
2026-05-08 14:29:00,0.06690360001338543,0.04841876238251138,0.049977990142562746,0.15105483,0.08035932540865107
2026-05-08 14:30:00,0.06140225491094365,0.048418762262619826,0.05402174436615703,0.052822694,0.08757395683371275
2026-05-08 14:31:00,0.04890928742809844,0.048418762823701327,0.053464657249247455,0.06159574,0.09021882425773861
2026-05-08 14:32:00,0.05814573719890077,0.04841876321430415,0.04837955862828286,0.054331135,0.08650175463643597
2026-05-08 14:33:00,0.06757224486008508,0.04841876225928599,0.05150959158464294,0.057258695,0.08620682316928363
2026-05-08 14:34:00,0.06920711749184064,0.04841876272978693,0.04800125213603084,0.047370285,0.08263581751264008
2026-05-08 14:35:00,0.057692707278140395,0.048418762223850345,0.05304433527267065,0.05511406,0.0863969803739145
2026-05-08 14:36:00,0.06574610845281247,0.048418763636933156,0.048579282033413586,0.065214165,0.08308648941979749
2026-05-08 14:37:00,0.06245763497232869,0.048418763400024475,0.05238244658951931,0.09072676,0.08440823289342916
2026-05-08 14:38:00,0.04785065136543666,0.04841876299502475,0.054854602383602465,0.055698123,0.08952124046083358
2026-05-08 14:39:00,0.0459832808506082,0.048418762501962934,0.0510299532110481,0.06178272,0.08673832989272881
2026-05-08 14:40:00,0.04499617872168447,0.04841876184506465,0.049743833693375414,0.058936425,0.08351428549158309
2026-05-08 14:41:00,0.03338814462145792,0.048418761499601705,0.05344339564438736,0.06281708,0.08497791169655142
2026-05-08 14:42:00,0.02415902813505044,0.04841876293022627,0.0525092796850215,0.06504062,0.08419667477266453
2026-05-08 14:43:00,0.02053855490365611,0.0484187621436065,0.05110263085961184,0.04899462,0.08217188634075523
2026-05-08 14:44:00,0.019324184190568694,0.04841876300658875,0.04969776831029412,0.046029586,0.07908320649995952
2026-05-08 14:45:00,0.020468985265992293,0.048418763335313725,0.04856706598701011,0.04359557,0.07591868250613337
2026-05-08 14:46:00,0.016377495599758162,0.04841876269245296,0.049596061069231846,0.05229007,0.07373547732968568
2026-05-08 14:47:00,0.014491420565113544,0.04841876332010193,0.04842544834035844,0.042101808,0.07125894714826289
2026-05-08 14:48:00,0.009496751562174948,0.048418762393896635,0.04896314643826643,0.038675748,0.06941605584454433
2026-05-08 14:49:00,0.014151156763904637,0.04841876195492278,0.046543538732939635,0.26173452,0.06690991122922617
2026-05-08 14:50:00,0.017422878623172215,0.048418762174497795,0.04710221751129124,0.26921377,0.06479902988451977
2026-05-08 14:51:00,0.02384162581494094,0.04841876228308175,0.04578252125919121,0.17644407,0.06255876640676883
2026-05-08 14:52:00,0.029531283737924505,0.048418763293849344,0.044996834698616935,0.034996007,0.06051784714557956
2026-05-08 14:53:00,0.03396470342414154,0.04841876430582352,0.044509846037746735,0.04360714,0.058764431233202616
2026-05-08 14:54:00,0.041237305492319166,0.04841876249909878,0.04537388743758487,0.04136418,0.057724683184558305
2026-05-08 14:55:00,0.041235932521890374,0.0484187628414705,0.0452756974096995,0.03926476,0.056986262722308056
2026-05-08 14:56:00,0.04150943953376357,0.04841876227140108,0.04608524342011561,0.042976588,0.05709126174466591
2026-05-08 14:57:00,0.04306124881635009,0.04841876253127721,0.04561411278034112,0.039498653,0.05749265233473314
2026-05-08 14:58:00,0.04488341165895255,0.04841876301834557,0.045840189332867376,0.034572188,0.057851523776846644
2026-05-08 14:59:00,0.04567126931291042,0.04841876190363252,0.04684755392033974,0.036735203,0.06044611662257851
2026-05-08 15:00:00,0.04452608060221652,0.04841876312857287,0.04377887116746691,0.042555444,0.05947085926953481
2026-05-08 15:01:00,0.04119366470671286,0.04841876234847832,0.04447219053882319,0.042065527,0.0594735184790973
2026-05-08 15:02:00,0.03634463234262724,0.04841876183477092,0.04530992664788307,0.039069988,0.06046061109509644
2026-05-08 15:03:00,0.0337245338458825,0.04841876400179249,0.044997591829705905,0.03587495,0.06151565103689327
2026-05-08 15:04:00,0.033794756237934695,0.048418762286859394,0.04585416488958569,0.040273096,0.06404547802832922
2026-05-08 15:05:00,0.03465858837080349,0.048418762978468255,0.04285803502812821,0.038584784,0.062138809965401255
2026-05-08 15:06:00,0.03487095383425918,0.04841876273417012,0.04202283073742152,0.04294694,0.060092357683273936
2026-05-08 15:07:00,0.036041978141223674,0.04841876300855088,0.04291887815843573,0.03765841,0.05860993311202215
2026-05-08 15:08:00,0.03573053276619109,0.048418762845672716,0.04418351525829843,0.05749769,0.05870037682344467
2026-05-08 15:09:00,0.023784136942124678,0.04841876262715072,0.046077470432882316,0.036148053,0.061650985877515746
2026-05-08 15:10:00,0.026151690031164902,0.048418762528395075,0.04374658391036399,0.03436828,0.06029493900641263
2026-05-08 15:11:00,0.026544472236262554,0.04841876311634816,0.04291486741270296,0.038163517,0.05847378292215143
2026-05-08 15:12:00,0.029042490769713027,0.04841876247558696,0.04411791155137716,0.035974897,0.05766960704169378
2026-05-08 15:13:00,0.029832076175255,0.048418762613075136,0.04485246549507091,0.037202273,0.057708467797112514
2026-05-08 15:14:00,0.0418753051886746,0.048418762146424356,0.04318966201251222,0.037336126,0.05616311411483602
2026-05-08 15:15:00,0.04507883161827797,0.04841876201077288,0.044658028889279076,0.038179383,0.0560697308608559
2026-05-08 15:16:00,0.0667014185957064,0.048418762269712506,0.04340551182167879,0.05290417,0.0547035693407103
2026-05-08 15:17:00,0.0672456920570428,0.04841876205234534,0.04502256544338846,0.040273577,0.05520621864507886
2026-05-08 15:18:00,0.06578724569534453,0.048418762804270446,0.04516012518913005,0.040658507,0.05581661036061546
2026-05-08 15:19:00,0.062272290975056224,0.048418763728267776,0.04740598381901143,0.030616425,0.060167217961463196
2026-05-08 15:20:00,0.05842377694519346,0.04841876352385603,0.04655900110814386,0.0374853,0.06144618062821772
2026-05-08 15:21:00,0.03633343298324222,0.04841876466882833,0.05167599040257913,0.040397715,0.07352393546500839
2026-05-08 15:22:00,0.04495138500684735,0.048418762121095624,0.04763745359911251,0.041015625,0.0726314878102855
2026-05-08 15:23:00,0.04464484049764672,0.04841876205140518,0.04640785776673524,0.043677576,0.07051430547952844
2026-05-08 15:24:00,0.054719252501302953,0.048418762627415,0.04774059553991288,0.049050372,0.07033959181927622
2026-05-08 15:25:00,0.07685152597739536,0.048418763321083004,0.045394693888931005,0.05525652,0.06794067192043717
2026-05-08 15:26:00,0.08554129999492233,0.04841876138225261,0.04657280869659666,0.03881777,0.0675609859411507
2026-05-08 15:27:00,0.07923556958071344,0.04841876380945446,0.049143588867576714,0.04528051,0.07108311149810884
2026-05-08 15:28:00,0.07960560072323869,0.04841876539746477,0.046039528103996134,0.038334403,0.06892773935365835
2026-05-08 15:29:00,0.07409306298117127,0.04841876269192902,0.05081972266505681,0.096672274,0.07424649497509964
2026-05-08 15:30:00,0.052024814708868015,0.04841876141319617,0.05468676399008587,0.063305005,0.08571321533608495
2026-05-08 15:31:00,0.050901726851671124,0.04841876452025635,0.05362413580260936,0.04474311,0.0899957469840644
2026-05-08 15:32:00,0.05625751846753205,0.04841876317036475,0.048389937086155924,0.061288,0.08626175819452205
2026-05-08 15:33:00,0.055978865299528294,0.04841876258444574,0.04947192304375593,0.060940098,0.0833387758172445
2026-05-08 15:34:00,0.05067442587934984,0.04841876339982581,0.05124101849181572,0.053280044,0.08270908881855007
2026-05-08 15:35:00,0.04902369695022535,0.04841876188125555,0.04926098091781335,0.045317236,0.08011261782949858
2026-05-08 15:36:00,0.03850162299902177,0.04841876345126047,0.05371834942832957,0.05336952,0.08470630213674495
2026-05-08 15:37:00,0.034598605603472346,0.04841876244970999,0.05173768631069511,0.062290844,0.08394903305089893
2026-05-08 15:38:00,0.04626669888763348,0.04841876288174675,0.04991500901416271,0.054872513,0.0810382354010293
2026-05-08 15:39:00,0.04608272908154162,0.04841876174891222,0.049002113150728235,0.054642282,0.07790172930920053
2026-05-08 15:40:00,0.049452554338557005,0.04841876262036442,0.048255627523750635,0.051036477,0.07481659476244662
2026-05-08 15:41:00,0.048729409419545906,0.04841876228605412,0.051551115506795496,0.056450084,0.07572202762389753
2026-05-08 15:42:00,0.05667255443917461,0.04841876258525987,0.05011457068491959,0.04181783,0.07438068537191035
2026-05-08 15:43:00,0.04794703091739224,0.04841876146505233,0.05175353670287975,0.05749352,0.07696655777698379
2026-05-08 15:44:00,0.051433523025369035,0.04841876304026088,0.04766509478944457,0.052132092,0.07400473767018585
2026-05-08 15:45:00,0.048492245816365444,0.04841876328426248,0.04975385626313237,0.04805954,0.07287280091834972
2026-05-08 15:46:00,0.04347089734114408,0.048418764069926616,0.05090186202787485,0.06377055,0.07362925617892063
2026-05-08 15:47:00,0.03207977510737188,0.04841876309591423,0.052610278943607626,0.07293813,0.076747353862509
2026-05-08 15:48:00,0.035236967209082454,0.04841876233839764,0.04941783673559074,0.048829973,0.0744919784426151
2026-05-08 15:49:00,0.03116770054829192,0.048418761901312724,0.05010468158039013,0.04565728,0.07351072247782627
2026-05-08 15:50:00,0.03922842725658895,0.048418762801978925,0.048181567553203505,0.05011129,0.07085579970960823
2026-05-08 15:51:00,0.04986683330900094,0.04841876218763769,0.0487537636062569,0.060165737,0.06933919381605877
2026-05-08 15:52:00,0.05167272074335408,0.04841876292706332,0.04766842203101852,0.039600626,0.06842021503947406
2026-05-08 15:53:00,0.056575410043360946,0.0484187630993617,0.04725900912223005,0.03417728,0.06799492477348217
2026-05-08 15:54:00,0.060358638944403534,0.04841876310072965,0.04593283205168919,0.038345657,0.06606376767275951
2026-05-08 15:55:00,0.06274585556298698,0.048418761518451085,0.04834195445299434,0.035222337,0.06721721127741509
2026-05-08 15:56:00,0.05760525794084249,0.048418763096841226,0.05010018153658989,0.07785034,0.07126823116131657
2026-05-08 15:57:00,0.05868380656005955,0.048418761956553556,0.048619266312753574,0.053887445,0.07117153908536598
2026-05-08 15:58:00,0.050590809226260317,0.04841876264148136,0.04941772640589138,0.04243893,0.07330760556139601
2026-05-08 15:59:00,0.0450370114536587,0.0484187632083131,0.0485211956352755,0.05380525,0.07333268074867803
2026-05-08 16:00:00,0.041709445127600185,0.04841876328895462,0.04988370505917142,0.059188094,0.07519560624156263
2026-05-08 16:01:00,0.03498677067055703,0.048418765069278974,0.049125693549645785,0.12469699,0.07503059056274354
2026-05-08 16:02:00,0.025376738728280734,0.048418762066068335,0.04961973236060774,0.056734335,0.07520970048058508
2026-05-08 16:03:00,0.030782399899323194,0.04841876277310327,0.04616839843396834,0.039217085,0.07232605982835259
2026-05-08 16:04:00,0.03238402220992382,0.048418762770859554,0.045719217792943266,0.045874447,0.06959665044480026
2026-05-08 16:05:00,0.022881534966462592,0.048418763456157365,0.048607935723990456,0.05714351,0.0703810036068192
2026-05-08 16:06:00,0.022883121319849244,0.048418762991851945,0.045704899648031413,0.035061333,0.06786215533639155
2026-05-08 16:07:00,0.022561652540482965,0.048418762856636925,0.04538649390054589,0.03648176,0.06551243437566193
2026-05-08 16:08:00,0.020026354329215387,0.04841876291392296,0.04713951427285892,0.03745779,0.0650737216986254
2026-05-08 16:09:00,0.01810414515121294,0.04841876303124269,0.04556566731713677,0.04355612,0.06343564491052214
2026-05-08 16:10:00,0.01750317822134972,0.048418761639035295,0.04518326530189553,0.039057005,0.06176590561564353
2026-05-08 16:11:00,0.0201932789298471,0.04841876238936906,0.044342087230511605,0.04004769,0.05983905027626942
2026-05-08 16:12:00,0.020193821000885657,0.04841876364969193,0.04395136910829305,0.04305874,0.05795362431118415
2026-05-08 16:13:00,0.01717392280658681,0.04841876264748385,0.04566763463809496,0.03848326,0.05755215258878736
2026-05-08 16:14:00,0.027133933587649747,0.04841876230868749,0.0442798618375379,0.040920507,0.056018163555724074
2026-05-08 16:15:00,0.026229899610808866,0.04841876253721214,0.04436397367858205,0.034497127,0.0547836782412563
2026-05-08 16:16:00,0.026227082446906913,0.04841876258347987,0.044889076689351284,0.035277322,0.05408979857850898
2026-05-08 16:17:00,0.027426498851352725,0.04841876238997412,0.043225564534798866,0.033776734,0.05262254798489764
2026-05-08 16:18:00,0.030445546539630296,0.048418763045496846,0.043583663745731714,0.03325989,0.051918999472198565
2026-05-08 16:19:00,0.02140259713533132,0.0484187624761089,0.04541152745615876,0.038357604,0.054035541193778534
2026-05-08 16:20:00,0.0232559387658779,0.04841876214410974,0.042170578300078705,0.039634272,0.052612320905430325
2026-05-08 16:21:00,0.04081842000148276,0.0484187624157428,0.042960649655530266,0.037808325,0.052112545054229006
2026-05-08 16:22:00,0.04318040419550664,0.048418762473735985,0.04192447258039385,0.030955456,0.051276276178667264
2026-05-08 16:23:00,0.042682088370791745,0.04841876307157495,0.04284445346459083,0.03599648,0.05199076600203307
2026-05-08 16:24:00,0.04319808583177646,0.048418762622658616,0.040088907538645926,0.028432392,0.05068248938866949
2026-05-08 16:25:00,0.048033518488176635,0.048418763335739294,0.04131250422346226,0.026214512,0.050151884783910645
2026-05-08 16:26:00,0.03287318320065114,0.048418763615597986,0.04623724061650293,0.014363782,0.057853218536766095
2026-05-08 16:27:00,0.02857399807113137,0.048418762660809744,0.043401351574150746,0.04370762,0.05786908310464983
2026-05-08 16:28:00,0.025495480609390258,0.048418762146821316,0.043381887486900965,0.034172077,0.05760211312332901
2026-05-08 16:29:00,0.02472220102513568,0.04841876258261818,0.04230942412372511,0.031321127,0.05617832541144188
2026-05-08 16:30:00,0.04231942195097468,0.04841876264049249,0.04478769893703383,0.042875692,0.058141699549617794
2026-05-08 16:31:00,0.06499725998904447,0.04841876301886169,0.04187830077881691,0.034564044,0.056476468164136887
2026-05-08 16:32:00,0.06522083233039373,0.04841876275993389,0.041281464472257355,0.03353508,0.05482288949575071
2026-05-08 16:33:00,0.0661928036711288,0.04841876248442478,0.04218877927643802,0.03344315,0.05368436194495723
2026-05-08 16:34:00,0.06626271515129441,0.0484187616239681,0.04153259465014956,0.032871727,0.05228740454637586
2026-05-08 16:35:00,0.055870348272166304,0.04841876180892535,0.04823741020239399,0.03963945,0.062458116151504116
2026-05-08 16:36:00,0.045425933693926265,0.04841876515909116,0.05125995246298398,0.032683335,0.07426652282765266
2026-05-08 16:37:00,0.04525241670766929,0.048418763157027055,0.04523882278989384,0.03674839,0.07156190942635283
2026-05-08 16:38:00,0.04496311600902167,0.04841876252966602,0.04639808341886333,0.039515637,0.0698820606452736
2026-05-08 16:39:00,0.045639025969351016,0.04841876252764546,0.045116459183174175,0.03531467,0.06739723776816275
2026-05-08 16:40:00,0.051977875049546374,0.04841876238020857,0.04745847662877267,0.051727496,0.06752699351176053
2026-05-08 16:41:00,0.03628754206658176,0.04841876126040247,0.050018278286692364,0.037666403,0.07280832807039982
2026-05-08 16:42:00,0.036096499756623976,0.04841876243729512,0.04543704552159193,0.035624363,0.07011476655446953
2026-05-08 16:43:00,0.03755981085710291,0.04841876194797552,0.046656578610493445,0.033646405,0.06840364695471612
2026-05-08 16:44:00,0.04180156283860828,0.04841875356081579,0.04616686231475834,0.034999598,0.06637112209862144
2026-05-08 16:45:00,0.03584049934425267,0.04841876289959099,0.049927990284737614,0.096843354,0.07006150231051286
2026-05-08 16:46:00,0.03665683748843481,0.04841876238447666,0.04560018808285965,0.052531146,0.06751242388094125
2026-05-08 16:47:00,0.04010893566141768,0.04841876249301376,0.04518119496950525,0.039286893,0.06509002962821216
2026-05-08 16:48:00,0.04010866702747302,0.04841876303650716,0.04690662786510909,0.04171343,0.06441960400529308
2026-05-08 16:49:00,0.0394342959357832,0.048418763063804354,0.04761401443217866,0.04903939,0.06469765894996367
2026-05-08 16:50:00,0.031993825253377545,0.04974669252807891,0.048274657093794845,0.027639136,0.06601495990513988
2026-05-08 16:51:00,0.03105517519109146,0.04974669252807891,0.04607671896990856,0.036773924,0.06408992901150531
2026-05-08 16:52:00,0.026480999076854476,0.04974669252807891,0.04709963267226765,0.038442716,0.06351058924347394
2026-05-08 16:53:00,0.021773906740760598,0.04974669252807891,0.0472320428909193,0.037034377,0.0629846259792278
2026-05-08 16:54:00,0.016752304678721967,0.04974669252807891,0.04778038075457759,0.059283897,0.06308967516450674
2026-05-08 16:55:00,0.019068225610739575,0.04974669252807891,0.04618301149792396,0.056552194,0.06137939612856714
2026-05-08 16:56:00,0.04120743628232263,0.04974669252807891,0.04542663590493227,0.05029997,0.05942104088313854
2026-05-08 16:57:00,0.045348587694033896,0.04974669252807891,0.04423622864920869,0.055006765,0.057565090678925526
2026-05-08 16:58:00,0.04494968617896378,0.04974669252807891,0.043315080763301324,0.035207245,0.056087760407614026
2026-05-08 16:59:00,0.04381001828360946,0.04974669252807891,0.04425081911710282,0.037571635,0.05561968363521337
2026-05-08 17:00:00,0.0421599174447251,0.04974669252807891,0.04416769068226392,0.03435919,0.05506958799253785
2026-05-08 17:01:00,0.03316010026454719,0.04974669252807891,0.048710644814718734,0.037293807,0.062354054128974455
2026-05-08 17:02:00,0.027492723858156272,0.04974669252807891,0.0463217869626818,0.039005302,0.06252004678367518
2026-05-08 17:03:00,0.029054775689973125,0.04974669252807891,0.04301315597181545,0.04005626,0.060447188163930896
2026-05-08 17:04:00,0.034521173281257464,0.04974669252807891,0.043954615062117015,0.03969031,0.05893700346266645
2026-05-08 17:05:00,0.03536321872038142,0.04974669252807891,0.043085391856655185,0.039598815,0.057152532356729936
2026-05-08 17:06:00,0.028446428327721093,0.04974669252807891,0.04647529844045463,0.034719944,0.05984191392445647
2026-05-08 17:07:00,0.02815453208524605,0.04974669252807891,0.04270557906178186,0.041782558,0.05805285020854666
2026-05-08 17:08:00,0.026643576342994604,0.04974669252807891,0.043531426711705005,0.039475057,0.05689037404838184
2026-05-08 17:09:00,0.01726265621962307,0.04974669252807891,0.04539015464883121,0.041534767,0.05799305141207602
2026-05-08 17:10:00,0.023296922219165715,0.04974669252807891,0.043601841650248156,0.03617929,0.056674371595947154
2026-05-08 17:11:00,0.019135059564281857,0.04974669252807891,0.04427742333223594,0.04052306,0.05652630374328817
2026-05-08 17:12:00,0.019563751635634168,0.04974669252807891,0.041799238847817964,0.042227753,0.05486596923821634
2026-05-08 17:13:00,0.031164364680589658,0.04974669252807891,0.04209985745045081,0.04324468,0.05338023319605483
2026-05-08 17:14:00,0.03218008838201342,0.04974669252807891,0.041556820403673755,0.03734203,0.05196618680489661
2026-05-08 17:15:00,0.028543082528777377,0.04974669252807891,0.04391201251246425,0.036078595,0.05293710073001804
2026-05-08 17:16:00,0.035202432314861205,0.04974669252807891,0.042112825743508824,0.03325887,0.051882173593220574
2026-05-08 17:17:00,0.03561665226205893,0.04974669252807891,0.0417103038730159,0.030291397,0.050693372488275074
2026-05-08 17:18:00,0.02593633536534664,0.04974669252807891,0.04513831237893923,0.03753598,0.05387175693552017
2026-05-08 17:19:00,0.024775591809889103,0.04974669252807891,0.042984168021381636,0.040013056,0.052887001165805754
2026-05-08 17:20:00,0.032475053879275684,0.04974669252807891,0.043148798060814154,0.04038245,0.0521601177651452
2026-05-08 17:21:00,0.029516725650502906,0.04974669252807891,0.04514632145406501,0.030055337,0.05424251370688881
2026-05-08 17:22:00,0.028736263574847317,0.04974669252807891,0.043043448403480594,0.037795693,0.05308152549562705
2026-05-08 17:23:00,0.029524353223617593,0.04974669252807891,0.040893276583677404,0.035621833,0.05167645910209579
2026-05-08 17:24:00,0.03017086811840776,0.04974669252807891,0.040930370825890905,0.029227978,0.050433823453351866
2026-05-08 17:25:00,0.021666183074328233,0.04974669252807891,0.04429381050298718,0.027578294,0.053188152604057105
2026-05-08 17:26:00,0.014314114455652695,0.04974669252807891,0.04359698015141715,0.033451267,0.053849385601085605
2026-05-08 17:27:00,0.01679516898247485,0.04974669252807891,0.04136011126570314,0.03353508,0.052389933391586076
2026-05-08 17:28:00,0.017387417335529325,0.04974669252807891,0.04167640169216745,0.029787598,0.05137946662463921
2026-05-08 17:29:00,0.020983869374147056,0.04974669252807891,0.04171323047045255,0.03017253,0.0504527437120862
2026-05-08 17:30:00,0.02233787445701437,0.04974669252807891,0.04194321536492928,0.025747148,0.049942291900743924
2026-05-08 17:31:00,0.02248982471599208,0.04974669252807891,0.040817112793185464,0.027254049,0.04895500729673317
2026-05-08 17:32:00,0.02223265859660807,0.04974669252807891,0.04142286810147855,0.025112674,0.048484675092995116
2026-05-08 17:33:00,0.02336239897136153,0.04974669252807891,0.04119056767302844,0.03783189,0.047966155795036866
2026-05-08 17:34:00,0.028093311101157186,0.04974669252807891,0.042165566448003164,0.031369556,0.04843153362884343
2026-05-08 17:35:00,0.025314104527168334,0.04974669252807891,0.0421327023303539,0.027178137,0.04857078024264686
2026-05-08 17:36:00,0.025882962998470906,0.04974669252807891,0.04123625831642329,0.030978465,0.04775133911380638
2026-05-08 17:37:00,0.025025530779761204,0.04974669252807891,0.04137388849780509,0.027431639,0.047299298108911356
2026-05-08 17:38:00,0.02631402134844347,0.04974669252807891,0.04183056374287542,0.027346304,0.04730622423952952
2026-05-08 17:39:00,0.018201560236700623,0.04974669252807891,0.04362226135945699,0.027260968,0.04974752540035967
2026-05-08 17:40:00,0.023527033900432835,0.04974669252807891,0.04027893909666637,0.025767261,0.04860165462516746
2026-05-08 17:41:00,0.02924901931407527,0.04974669252807891,0.04125163843753535,0.03422173,0.04801164465096091
2026-05-08 17:42:00,0.047160047711700646,0.04974669252807891,0.04077519301186877,0.029188199,0.04718415181277496
2026-05-08 17:43:00,0.0487394685728927,0.04974669252807891,0.041708961819677384,0.040642366,0.04773440873781915
2026-05-08 17:44:00,0.05118794157915576,0.04974669252807891,0.04085714145667238,0.025753612,0.047284509122344165
2026-05-08 17:45:00,0.049041552176017404,0.04974669252807891,0.042094820446248654,0.02433093,0.048131391229286814
2026-05-08 17:46:00,0.04805791273465868,0.04974669252807891,0.04308350553893868,0.02789803,0.049946496607651776
2026-05-08 17:47:00,0.03320294554216841,0.04974669252807891,0.04662821823899371,0.03660607,0.05866363166213329
2026-05-08 17:48:00,0.028870604731977712,0.04974669252807891,0.04410433068375618,0.045888428,0.05905714195252022
2026-05-08 17:49:00,0.02657961330996594,0.04974669252807891,0.044301420593894414,0.04602341,0.05925213899130771
2026-05-08 17:50:00,0.02647536658264948,0.04974669252807891,0.04220118802283966,0.043978013,0.057445074605956915
2026-05-08 17:51:00,0.025660007747435716,0.04974669252807891,0.0442060160679453,0.05210692,0.057504224345923914
2026-05-08 17:52:00,0.028455406124322062,0.04974669252807891,0.043663221452716984,0.039682988,0.057017652935281354
2026-05-08 17:53:00,0.02793865180082793,0.04974669252807891,0.0428866534774407,0.042702973,0.05577753541537471
2026-05-08 17:54:00,0.0286230242561051,0.04974669252807891,0.043667507076417006,0.052861832,0.05545186378336378
2026-05-08 17:55:00,0.0464604084782045,0.04974669252807891,0.041953096610024616,0.05602392,0.05388319080329823
2026-05-08 17:56:00,0.05031580645869435,0.04974669252807891,0.043817849013195694,0.03894385,0.05401302789229128
2026-05-08 17:57:00,0.04694461580207313,0.04974669252807891,0.044465993832248786,0.039748218,0.05491875095376621
2026-05-08 17:58:00,0.05255574216239381,0.04974669252807891,0.04279830171710633,0.04600324,0.05364179756269009
2026-05-08 17:59:00,0.05185121118810021,0.04974669252807891,0.044126836661967386,0.04052306,0.05379711702759117
2026-05-08 18:00:00,0.03759757757427976,0.04974669252807891,0.04822185163111239,0.050949786,0.06134208220027674
2026-05-08 18:01:00,0.029556621132490867,0.04974669252807891,0.046727985244789716,0.042831566,0.06305296990665787
2026-05-08 18:02:00,0.03780346983717847,0.04974669252807891,0.04371760081265728,0.04860955,0.06097763837629872
2026-05-08 18:03:00,0.028871663035124305,0.04974669252807891,0.04710777903408384,0.0422348,0.06273381466322228
2026-05-08 18:04:00,0.030116508933101437,0.04974669252807891,0.04551048476680161,0.046896614,0.061565191703812694
2026-05-08 18:05:00,0.029280630926107384,0.04974669252807891,0.044648049819249476,0.03780713,0.05996930922015574
2026-05-08 18:06:00,0.028348196014605927,0.04974669252807891,0.04441647769466637,0.0385729,0.05842669150170773
2026-05-08 18:07:00,0.03851723197911785,0.04974669252807891,0.04697893110266866,0.043316618,0.060302894498377724
2026-05-08 18:08:00,0.03910873296825677,0.04974669252807891,0.043375962333334996,0.039507464,0.058372683340137226
2026-05-08 18:09:00,0.03678426411868249,0.04974669252807891,0.04467405543465505,0.040907994,0.0580600495158751
2026-05-08 18:10:00,0.03777054894519818,0.04974669252807891,0.042961046697383994,0.042299397,0.05640081257204011
2026-05-08 18:11:00,0.03834949732601996,0.04974669252807891,0.042357625144205324,0.04565548,0.05476245561264338
2026-05-08 18:12:00,0.017830693952259828,0.04974669252807891,0.04798837434500556,0.08867844,0.06149884697988503
2026-05-08 18:13:00,0.016548664117503664,0.04974669252807891,0.043971548381931715,0.04085013,0.05977889193361643
2026-05-08 18:14:00,0.019399109182438517,0.04974669252807891,0.043843245310065095,0.037140653,0.05818817082811374
2026-05-08 18:15:00,0.024416550236333955,0.04974669252807891,0.04424419178595588,0.044970956,0.05701382644773575
2026-05-08 18:16:00,0.026403034337730603,0.04974669252807891,0.04379164205070241,0.04117183,0.05563392064421608
2026-05-08 18:17:00,0.024639220848773326,0.04974669252807891,0.04388278619384892,0.034624916,0.054670917951442966
2026-05-08 18:18:00,0.02475012911590311,0.04974669252807891,0.04260429926515577,0.03601454,0.05316010106850307
2026-05-08 18:19:00,0.021585196798614877,0.04974669252807891,0.04400045956838319,0.03435919,0.05283272833482142
2026-05-08 18:20:00,0.016543010575826397,0.04974669252807891,0.045007834093017,0.034120686,0.05369590678115751
2026-05-08 18:21:00,0.011508482993307282,0.04974669252807891,0.04424131498256704,0.049895406,0.05330652978820582
2026-05-08 18:22:00,0.011750604788294865,0.04974669252807891,0.041601791685276515,0.03714818,0.05188454202668827
2026-05-08 18:23:00,0.012381989477362087,0.04974669252807891,0.04149018125264847,0.032871727,0.05062571463372419
2026-05-08 18:24:00,0.01513657718364193,0.04974669252807891,0.041249611462689934,0.033492845,0.04942311035467428
2026-05-08 18:25:00,0.013751521173952888,0.04974669252807891,0.04205058961329558,0.023260463,0.049221292820394155
2026-05-08 18:26:00,0.015460499308716003,0.04974669252807891,0.0406835818961974,0.02957326,0.04815949802337545
2026-05-08 18:27:00,0.016209739803963855,0.04974669252807891,0.040632382830929376,0.027931923,0.04718345486272125
2026-05-08 18:28:00,0.01573420917783633,0.04974669252807891,0.040936326878325546,0.028677428,0.04642667513588253
2026-05-08 18:29:00,0.01740048281111462,0.04974669252807891,0.041070123759592694,0.024238361,0.046192222144249194
2026-05-08 18:30:00,0.01538367498935731,0.04974669252807891,0.041124420372476184,0.02379181,0.04598007818868608
2026-05-08 18:31:00,0.022176309311784076,0.04974669252807891,0.040800129339392706,0.024277152,0.04560401813053927
2026-05-08 18:32:00,0.021674655073180484,0.04974669252807891,0.04054802148160437,0.028403215,0.04504151324789228
2026-05-08 18:33:00,0.022653929503140074,0.04974669252807891,0.04017682954520185,0.025493527,0.04434022868853924
2026-05-08 18:34:00,0.019995082039369148,0.04974669252807891,0.04012131645339949,0.035976212,0.0447818750208219
2026-05-08 18:35:00,0.02011979998357698,0.04974669252807891,0.03893219887585377,0.022268135,0.04413875941929561
2026-05-08 18:36:00,0.016684528682758385,0.04974669252807891,0.0413305817182607,0.016951209,0.046098804683740786
2026-05-08 18:37:00,0.02315299967531102,0.04974669252807891,0.039183764648870065,0.0209825,0.04530767060693663
2026-05-08 18:38:00,0.022070998627365414,0.04974669252807891,0.03980773531685383,0.019423693,0.044953631177426595
2026-05-08 18:39:00,0.03907639893650252,0.04974669252807891,0.03930230147231011,0.022590924,0.04436402694590747
2026-05-08 18:40:00,0.04214194942712072,0.04974669252807891,0.039276146416450004,0.02180596,0.04380095707039451
2026-05-08 18:41:00,0.03989593380117775,0.04974669252807891,0.04056309875693352,0.03512971,0.04474226058081635
2026-05-08 18:42:00,0.038011012787851906,0.04974669252807891,0.04098049528628768,0.021863537,0.04624442170272336
2026-05-08 18:43:00,0.039507835631052785,0.04974669252807891,0.03873304757777949,0.024699112,0.04539459294705585
2026-05-08 18:44:00,0.022559038821655913,0.04974669252807891,0.044518938470887934,0.09386568,0.05289263995117359
2026-05-08 18:45:00,0.01900853434915874,0.04974669252807891,0.042613892507876595,0.03362996,0.053432817688603536
2026-05-08 18:46:00,0.019440428739551475,0.04974669252807891,0.04035731644721604,0.025057964,0.052001281222066244
2026-05-08 18:47:00,0.016343274392078184,0.04974669252807891,0.04180519268422249,0.030866768,0.05156073938459427
2026-05-08 18:48:00,0.015068202366009252,0.04974669252807891,0.04193743463198263,0.027915759,0.05115851424729842
2026-05-08 18:49:00,0.03579038396835357,0.04974669252807891,0.04054865378606515,0.026219409,0.04995642420979764
2026-05-08 18:50:00,0.0612888837193082,0.04974669252807891,0.04169327482449483,0.025990697,0.04970551886891025
2026-05-08 18:51:00,0.07730793924356422,0.04974669252807891,0.04071684271597221,0.026099345,0.048691080487362676
2026-05-08 18:52:00,0.07873414648702065,0.04974669252807891,0.04041261905512343,0.02508385,0.04768588910798402
2026-05-08 18:53:00,0.07898773713085228,0.04974669252807891,0.04124589847338475,0.02453857,0.047334084405961374
2026-05-08 18:54:00,0.07691148578327565,0.04974669252807891,0.0457497852628406,0.037177164,0.05441484912060233
2026-05-08 18:55:00,0.06980099360441273,0.04974669252807891,0.0505441931733507,0.060895603,0.06912783688184715
2026-05-08 18:56:00,0.051875852885101596,0.04974669252807891,0.05156853450486106,0.047967907,0.07837413654062186
2026-05-08 18:57:00,0.04965173623033942,0.04974669252807891,0.04733066669070586,0.050705265,0.07640889478246288
2026-05-08 18:58:00,0.04892475227409338,0.04974669252807891,0.0466403828083422,0.049682073,0.07402018640895157
2026-05-08 18:59:00,0.04125689473857576,0.04974669252807891,0.04922794871183848,0.050677426,0.07502379872316062
2026-05-08 19:00:00,0.01642810162148154,0.04974669252807891,0.051547889583314584,0.08371828,0.07989571676526977
2026-05-08 19:01:00,0.05729913368662759,0.04974669252807891,0.04691910661192164,0.08107938,0.07695519940962961
2026-05-08 19:02:00,0.057273925200858604,0.04974669252807891,0.046135084485413154,0.091983445,0.07394334026813418
2026-05-08 19:03:00,0.057357041543678225,0.04974669252807891,0.04670424554771958,0.077178136,0.07134887252183798
2026-05-08 19:04:00,0.060255551347864617,0.04974669252807891,0.04646719614957798,0.044616435,0.0689298135730658
2026-05-08 19:05:00,0.06080268241401762,0.04974669252807891,0.04667170590607619,0.03647222,0.06708723758979136
2026-05-08 19:06:00,0.02520545529797782,0.04974669252807891,0.05438284691417348,0.08322558,0.08079297792387007
2026-05-08 19:07:00,0.026080788349822304,0.04974669252807891,0.04685604150161376,0.057310726,0.07752597701416682
2026-05-08 19:08:00,0.02608100569906862,0.04974669252807891,0.04774960388661881,0.067646794,0.07474174313843016
2026-05-08 19:09:00,0.017456977076184214,0.04974669252807891,0.049586263951855426,0.06627717,0.07387555740000976
2026-05-08 19:10:00,0.023126099445684528,0.04974669252807891,0.04879306891191896,0.06573055,0.07202014180282645
2026-05-08 19:11:00,0.02394895398691012,0.04974669252807891,0.046727151059892544,0.2642393,0.06934278467867423
2026-05-08 19:12:00,0.02312489985827052,0.04974669252807891,0.04726448870084083,0.27222174,0.06706235784963255
2026-05-08 19:13:00,0.022054460664251006,0.04974669252807891,0.04737396140917432,0.2708804,0.06499774954458282
2026-05-08 19:14:00,0.026801135396401148,0.04974669252807891,0.04667807799717821,0.25754616,0.06281379678327777
2026-05-08 19:15:00,0.017557781489004876,0.04974669252807891,0.049237752407119216,0.25981897,0.06325871901703936
2026-05-08 19:16:00,0.023936340215530226,0.04974669252807891,0.0469342759361975,0.19838853,0.061410670742493234
2026-05-08 19:17:00,0.024395266801820636,0.04974669252807891,0.045074281017145286,0.03418509,0.059450107121772726
2026-05-08 19:18:00,0.024845717976150636,0.04974669252807891,0.043793526654135995,0.037870534,0.05762859461365092
2026-05-08 19:19:00,0.01991297184365413,0.04974669252807891,0.045638250332701635,0.041317947,0.05752627259723537
2026-05-08 19:20:00,0.02072830213315717,0.04974669252807891,0.04356572600725513,0.035595987,0.055821677120764614
2026-05-08 19:21:00,0.010986189466527862,0.04974669252807891,0.04553335715999789,0.033602007,0.05635798542555253
2026-05-08 19:22:00,0.010986189466527862,0.04974669252807891,0.04285596508464274,0.03670571,0.05491538001639251
2026-05-08 19:23:00,0.03134170942889368,0.04974669252807891,0.04284453456519387,0.036973905,0.05358383481058967
2026-05-08 19:24:00,0.03565271757174215,0.04974669252807891,0.04268399771497133,0.03505487,0.05230605275084963
2026-05-08 19:25:00,0.042403118026277914,0.04974669252807891,0.042875119235524506,0.03431065,0.05123801133227934
2026-05-08 19:26:00,0.043924233830461325,0.04974669252807891,0.04203452708562069,0.03572548,0.049987632905944254
2026-05-08 19:27:00,0.04360788328192922,0.04974669252807891,0.04252728770091334,0.0352013,0.049050831568234816
2026-05-08 19:28:00,0.03190466667070718,0.04974669252807891,0.044380263707669294,0.024369566,0.054589970987133835
2026-05-08 19:29:00,0.030483021679381397,0.04974669252807891,0.043079668541630145,0.024033913,0.05526573301478932
2026-05-08 19:30:00,0.019861473764153106,0.04974669252807891,0.04447405561519206,0.030597985,0.057567473082601836
2026-05-08 19:31:00,0.01809997575224976,0.04974669252807891,0.04261262687796871,0.025657048,0.05673444086701754
2026-05-08 19:32:00,0.019800064978187662,0.04974669252807891,0.04105424162935854,0.02739221,0.055071608966807226
2026-05-08 19:33:00,0.020348848231070353,0.04974669252807891,0.04104795982145682,0.032667045,0.05357051384327084
2026-05-08 19:34:00,0.014858409969264904,0.04974669252807891,0.042848044540008616,0.03287324,0.05373426664653375
2026-05-08 19:35:00,0.01845255018816938,0.04974669252807891,0.0413542483768079,0.028882744,0.052494409261615915
2026-05-08 19:36:00,0.0174251465781767,0.04974669252807891,0.04174424874163897,0.025426906,0.0516260082101647
2026-05-08 19:37:00,0.015936461948918228,0.04974669252807891,0.041456893673832165,0.026273562,0.05083168116168494
2026-05-08 19:38:00,0.017740501622516634,0.04974669252807891,0.04107986917082463,0.029820386,0.0498246373099438
2026-05-08 19:39:00,0.0184645900637278,0.04974669252807891,0.041010062313240184,0.029724034,0.048900566791044736
2026-05-08 19:40:00,0.01641659205366547,0.04974669252807891,0.04212565400116743,0.026111044,0.048995311521330874
2026-05-08 19:41:00,0.015553734614808364,0.04974669252807891,0.04098468968273353,0.03037417,0.048140432112859274
2026-05-08 19:42:00,0.01647052341563782,0.04974669252807891,0.040787860303743914,0.026469087,0.04725447321541922
2026-05-08 19:43:00,0.016469335423848264,0.04974669252807891,0.04134587476218711,0.025434326,0.04704332783878585
2026-05-08 19:44:00,0.02848845123604738,0.04974669252807891,0.04110537708347461,0.02496413,0.04657032200257804
2026-05-08 19:45:00,0.02848898763578541,0.04974669252807891,0.04130334945860609,0.023828685,0.04632273436873677
2026-05-08 19:46:00,0.028465119465133106,0.04974669252807891,0.04025079147957042,0.026199013,0.04546621335933618
2026-05-08 19:47:00,0.027943405799293174,0.04974669252807891,0.041014814991790285,0.024290029,0.04505662807144695
2026-05-08 19:48:00,0.02926847465438774,0.04974669252807891,0.04146967593566868,0.025646409,0.04506048556641047
2026-05-08 19:49:00,0.038167648219007075,0.04974669252807891,0.04421718640842236,0.030126762,0.04916126477764568
2026-05-08 19:50:00,0.04894081754878544,0.04974669252807891,0.04133538443039403,0.028019223,0.04867290036215961
2026-05-08 19:51:00,0.05012519797583283,0.04974669252807891,0.039906658065214144,0.025752379,0.04761375418689774
2026-05-08 19:52:00,0.052543703527969575,0.04974669252807891,0.039743650827300386,0.02476965,0.04677118262601395
2026-05-08 19:53:00,0.05116123739663791,0.04974669252807891,0.04100731617827459,0.022053162,0.04722293421959747
2026-05-08 19:54:00,0.038877677484001116,0.04974669252807891,0.04536346384857119,0.07569221,0.055267096284491925
