timestamp,y_true,SIG,HAR_RV,XGBOOST,GARCH
2018-02-06,4.3955938543505475,1.0091454315926514,2.5713545174831776,3.2741005,3.2873584229999406
2018-02-07,4.5631858340634075,1.0099107194273755,2.0493341513803327,1.5672768,3.153740123151892
2018-02-08,2.7954732481466595,1.0110887222274616,3.543740641786708,3.810261,3.7936686171225005
2018-02-09,2.364864448071879,1.0087597518125098,2.61179623322867,1.7072957,3.7249545959351518
2018-02-12,1.9651974200398634,1.0087723634673773,2.2439397676816046,1.666341,3.6571355663724714
2018-02-13,2.012193924694449,1.0093433546224608,1.6923495111729818,1.4798875,3.48881552261233
2018-02-14,1.5061224968736489,1.0088393706473413,2.140171979555281,1.8549953,3.4237456880996064
2018-02-15,1.7780559930680964,1.008877688370582,1.684485551922989,1.8676257,3.3538135928168114
2018-02-16,2.1198180044088275,1.0094488437603117,1.1172070797340268,0.9045918,3.1993324896274498
2018-02-20,2.3828692108524825,1.009750171171444,1.2455213902229172,0.62754697,3.0770332410361108
2018-02-21,2.542839456011123,1.0096906678029682,1.2080281988831238,0.62750506,2.9536625791211466
2018-02-22,2.9316802130078243,1.0094005522007767,0.9490629583362289,0.69365036,2.823116211910443
2018-02-23,2.5215872583568935,1.0087283546899835,1.5547893980717045,0.7742895,2.863005998545017
2018-02-26,2.5191137198473865,1.0089271893858314,1.4733789519349498,0.5733545,2.8240470297834546
2018-02-27,2.1979790372136354,1.0100853992701362,1.5714275833479325,0.80698645,2.804549179126667
2018-02-28,1.948292952082148,1.0099521239488678,1.5208476156016224,1.7270409,2.7511836583907843
2018-03-01,1.372358234306092,1.0101674339466422,1.7785026924300409,1.7041337,2.7760464413474937
2018-03-02,2.1437109441412323,1.0091997641585453,1.32417125624274,1.1383944,2.672886196580808
2018-03-05,1.8140370199543332,1.0088865254186272,1.559498276904372,1.0319289,2.6501814429508737
2018-03-06,1.9097117986460195,1.009331896551867,1.1452331631498578,0.5669793,2.5409934795938005
2018-03-07,1.9774580051464974,1.0094757977377764,1.0146021974678152,0.66731554,2.4338507573663373
2018-03-08,1.9207317898481346,1.0092176852900723,1.0891444375432042,0.7762416,2.351249344057955
2018-03-09,0.8511641838963259,1.0085909679134748,1.7441859335071976,0.620008,2.4845130567724696
2018-03-12,1.6014122551588985,1.0095422311965252,1.0640792232084264,0.93672395,2.3818962555788814
2018-03-13,1.4741122745361874,1.009811907856168,1.3286402058911375,0.91332877,2.3176499220371274
2018-03-14,1.3947164198772888,1.0097428294320263,1.3017852486177437,0.8463286,2.245662831354308
2018-03-15,2.8882107361945,1.0095330436508472,1.1438582017322991,1.305801,2.157589610191391
2018-03-16,3.601641731615389,1.0094205370456109,0.8867530844792765,1.70559,2.0751181272419146
2018-03-19,4.289695164117177,1.0101768564541087,1.5384354066978037,1.4008232,2.1596799439344676
2018-03-20,4.616993891883016,1.0093758101132237,1.0658144904378422,1.2852194,2.0785761832337992
2018-03-21,4.622477962509877,1.0095654772228793,1.0549307162913413,1.2244542,2.003507969918825
2018-03-22,4.0707368185572825,1.0108424655982613,2.270614686988426,4.1682243,2.461922196009839
2018-03-23,4.085414944985041,1.010632249118956,2.285284495303859,3.167244,2.6943162720034692
2018-03-26,3.320705349719224,1.0076547149399158,2.6331393237267404,3.8228009,3.04984706307231
2018-03-27,3.0357273004328014,1.0107098981768567,2.340672425170328,1.6892093,3.091414767858056
2018-03-28,3.1218690734273578,1.0096896786435825,1.8115876041103762,1.5931365,2.9572362414334745
2018-03-29,3.635076562096953,1.0085597185630106,2.0451051660990354,1.6221038,2.9275513441645904
2018-04-02,2.9485519778412663,1.0111871815506068,2.3811522311140143,3.8228009,3.092172505841006
2018-04-03,3.092044165203445,1.0083972259412861,1.8571090737676288,1.466054,3.0510377684233467
2018-04-04,2.9503346698059105,1.0085679584898513,1.7074606053216916,1.4825345,2.983789530581537
2018-04-05,2.959361775134526,1.0087953802647813,1.6255302166154402,1.5014915,2.889664093872887
2018-04-06,1.9401950743745917,1.0113579941742659,2.2872844595311594,3.6667507,3.078826809100005
2018-04-09,2.0476954597076396,1.0089578045035708,1.4588697646341342,1.6412917,2.9549165613468236
2018-04-10,1.6842637792747233,1.0080011025865048,1.89594924393545,1.727002,2.979568210633987
2018-04-11,1.6018441440509832,1.0098770727971984,1.4732615924088246,1.6204972,2.8640766579475305
2018-04-12,1.4845930342894038,1.0086718622942654,1.5841754355957502,1.4981399,2.7820044293757995
2018-04-13,1.6860921711037937,1.0096679040238,1.1423914973858944,0.68022823,2.6663080970114854
2018-04-16,1.4740159313859393,1.0086693171000933,1.36465464561507,0.4985846,2.599007764876604
2018-04-17,1.6966904593412835,1.0084490552063705,1.3666778853491959,1.9497865,2.569892140251813
2018-04-18,1.712961607127664,1.0093404433499036,0.9744782183999449,0.57103115,2.4613135213082797
2018-04-19,1.90990037584723,1.0099089078007073,1.1317218825694129,0.8107639,2.382694748776215
2018-04-20,1.7121238264460288,1.0101760715049881,1.2893816732569907,2.0759263,2.342227773647336
2018-04-23,1.878069676601565,1.0094186657134072,0.92386099838382,0.37963513,2.2471463667977436
2018-04-24,1.311574003519347,1.0106063229125186,1.4939591039326199,2.2835903,2.308047248194196
2018-04-25,1.4538081535116998,1.0091592470502464,1.0937995449914744,2.1163723,2.2200794121587815
2018-04-26,1.0673767585190204,1.0084760992442199,1.4480369387886118,0.74801564,2.2183241556978834
2018-04-27,1.6688930049031734,1.0093067114937224,1.0652209091711617,2.7674525,2.1317203326019802
2018-04-30,1.5176574004958983,1.0100887837071857,1.3584385375392622,0.82558715,2.1022000774487632
2018-05-01,1.5072370597285116,1.0091815065983354,1.0041783399040711,0.8812859,2.0250848983489242
2018-05-02,1.6561344597407848,1.0102966939469744,1.2410560859486715,1.3051999,1.9921456808573876
2018-05-03,1.8868728833383368,1.2955551719832166,0.9839380120972814,1.146267,1.923976320356027
2018-05-04,1.4136524269926627,1.2950218289717408,1.5272256109646865,2.4562225,2.011695381603829
2018-05-07,1.3735355258691604,1.2957140061180508,1.1361374874392824,1.0505894,1.9483258560115342
2018-05-08,1.5375930342321198,1.2957483684613298,1.0290635823186376,1.2579054,1.8784390669103923
2018-05-09,1.2708221484307243,1.2955042755154424,1.4233813746387616,1.3439372,1.9039872763426284
2018-05-10,0.8694491284388974,1.2956300432279622,1.4749824440084562,0.65080243,1.921090282641826
2018-05-11,0.8519267967293735,1.295692358419933,1.126724369120562,1.1759652,1.8621306677915974
2018-05-14,1.1333987698165133,1.2955817081465049,1.0238449573741797,0.947791,1.798266345721006
2018-05-15,0.9404775080139479,1.2955908460553558,1.3032561632096167,1.1949563,1.787919098391516
2018-05-16,0.8853694670045572,1.295481164496558,1.1396142620518348,0.87771016,1.747382566729636
2018-05-17,0.9048742363368882,1.2956080358229682,0.923178096117093,1.0165946,1.6919729749087813
2018-05-18,0.9016780902986519,1.2957898494882312,0.9810190157109873,1.4471734,1.6466635137152101
2018-05-21,1.2609741562036665,1.2956293110651473,1.2348549445753259,0.7477535,1.660438799450319
2018-05-22,1.8082924071654738,1.2954732277863699,1.0150646826647574,0.8672784,1.6191853037652142
2018-05-23,1.8899749961997738,1.2954381204972885,1.0000237577132258,0.8801663,1.580904726819177
2018-05-24,2.117644459200544,1.2954418270293302,0.989193543639863,1.1385279,1.5416954795758426
2018-05-25,2.15690110860922,1.2956666674288162,1.0010305008010878,1.1264349,1.5073297280910145
2018-05-29,1.8219201901618174,1.295842038588462,1.4307833541680242,0.9870044,1.6262906645814315
2018-05-30,1.5017299153425427,1.2954631523379885,1.6156342484089128,1.0882171,1.7700745136233063
2018-05-31,1.370307745228339,1.2956488730128908,1.368999760723015,0.74735624,1.7520418169594318
2018-06-01,1.0051898279433014,1.2955290247576987,1.5549974700154128,0.5317096,1.7952179328978137
2018-06-04,0.8963084691645282,1.295724917961707,1.3765077408585407,0.62031794,1.759148143143692
2018-06-05,0.9026416759576319,1.2955612735718791,1.1452883096857027,1.2720376,1.7027113806387226
2018-06-06,0.47300093961272033,1.2954178539133832,1.3594832204611569,1.1736634,1.724575655463418
2018-06-07,0.5355700841364706,1.2955272400630886,1.019470585158029,1.1868997,1.6700133383392064
2018-06-08,0.4647471744379711,1.295538374766295,1.0381823550018183,1.1504092,1.6291022675504676
2018-06-11,0.49062468682167465,1.2955809475697198,0.9563193622633477,1.0104302,1.5834058981471515
2018-06-12,0.6095137162412556,1.2954163581175226,0.9617070374387725,1.0619863,1.5410043437001517
2018-06-13,0.5462771752802165,1.2956378144955474,0.9300082793162168,1.0257834,1.5121557338801812
2018-06-14,0.7941199666043217,1.295533144137721,0.9190295882231616,0.95381725,1.4809317248207527
2018-06-15,0.8046820794763524,1.2953132532988068,0.8584314997952504,1.0748913,1.446353856944169
2018-06-18,1.5760022780970746,1.2953638993030656,0.8949642851948987,1.0617005,1.417870207228806
2018-06-19,1.544416641247209,1.2959250875000043,0.9896103121389723,1.074013,1.4054325112141648
2018-06-20,1.7458911111830004,1.2953623675462136,0.8942941398364521,1.1178844,1.3785722073886204
2018-06-21,1.7256103741287003,1.2956103918192317,1.127376584733733,1.3450444,1.4024017863662983
2018-06-22,1.7219870167060898,1.2956949512227058,0.9622096825576677,1.0809851,1.3763395411986918
2018-06-25,1.0640527707293663,1.295479835040052,1.583256473656926,1.2229692,1.581747060994075
2018-06-26,1.0992983013442597,1.2956872309675245,1.1432917027604559,1.1704592,1.5432822927561562
2018-06-27,1.084722649051796,1.2957826277501607,1.4177048748944336,1.47279,1.5836558405396541
2018-06-28,1.2494139730952374,1.2955937453321131,1.3203500731142042,2.6434586,1.5772818327564881
2018-06-29,1.5309867467112337,1.2952998300419247,1.1703349896467719,3.0258095,1.5358173588445614
2018-07-02,1.5579845722260892,1.2955974032669437,1.0407563775670985,0.8640936,1.5005507829835927
2018-07-03,1.6855656274511466,1.2957835214321058,1.108026090076065,0.6998311,1.4779287902839295
2018-07-05,1.7307652046312083,1.2954156260288037,1.2737958273631786,1.188517,1.522714181498764
2018-07-06,1.5140374459703592,1.2955624808724313,1.3195979233680708,0.7966897,1.567668117002023
2018-07-09,1.2234142762747087,1.2954315519048243,1.4068803181727745,1.3950776,1.6176939747761856
2018-07-10,1.2372102901119002,1.2956162316088562,1.2104387285774993,0.81552565,1.5856968255932973
2018-07-11,1.0177783213352503,1.2957673063807431,1.379129909787126,3.7649262,1.6036328917863798
2018-07-12,0.6033995001434209,1.2954723523537786,1.4482654743432302,1.9149011,1.6503276529085003
2018-07-13,0.6090761438023838,1.295494056503605,1.086403361238245,1.3433433,1.6017615013556905
2018-07-16,0.6304613250474375,1.2954798223338542,1.0211768487413397,1.3738095,1.5569686609186233
2018-07-17,0.6974494959406891,1.295518185640432,1.142057862788475,0.80923986,1.5340488867698345
2018-07-18,1.0781859064745725,1.2953895588157138,1.0163489890956663,0.98823947,1.4987433492402842
2018-07-19,1.037073863339414,1.2956345189880902,0.9792072520489383,0.9898931,1.4784482562259078
2018-07-20,1.2348023167852913,1.295690828459093,0.8823076338151996,1.0701486,1.4436600037243568
2018-07-23,1.3283442414396043,1.295553767899179,0.9142698991884282,1.1252452,1.4143825464192656
2018-07-24,1.3245296996395348,1.2954213424247591,1.0501658367039162,1.3808596,1.4157786736719375
2018-07-25,1.0305985597121023,1.295488589903993,1.26789656882092,1.055091,1.4760434384749086
2018-07-26,1.1408379649973266,1.2955148000548693,1.0392257067498105,0.75516814,1.446834935171371
2018-07-27,1.010963372876083,1.2956154660606025,1.2508826110197075,1.6323602,1.4712887399579118
2018-07-30,0.9390168443165626,1.3576669717599719,1.2173945988065182,0.71604496,1.4698192570826516
2018-07-31,0.865234959610422,1.3351984532542316,1.205016444235799,0.7465657,1.4644595128900004
2018-08-01,0.8499597619106782,1.3388690197859885,1.0122683346771788,0.94551206,1.4326650401610286
2018-08-02,0.6677906074297968,1.341733466207919,1.1785270021577599,1.0497965,1.4377210287374478
2018-08-03,0.8456488900346955,1.3426990180662244,1.1034079034313136,1.1294167,1.4279873673647085
2018-08-06,0.8495927567526892,1.336246833317116,1.0665355029416537,0.63935727,1.4128815697632708
2018-08-07,1.0088129987527865,1.3337287731109222,1.039399385673726,1.9230928,1.3958473804719755
2018-08-08,1.2560871701422918,1.3295395457524704,0.9336196640697366,1.4875131,1.366144589888514
2018-08-09,1.4861036246752535,1.3432711870408158,0.9263288145174069,1.0817955,1.3411505418333098
2018-08-10,1.3711359833739796,1.3436312332696605,1.171230338360327,1.7362067,1.3768654861270506
2018-08-13,1.336052635764108,1.3383420751624067,1.0660438325401993,1.3569765,1.3673409600786905
2018-08-14,1.1980568818007606,1.338209041473041,1.1990740510896716,1.1484205,1.3936680011428508
2018-08-15,0.9365122052349265,1.3423144110785776,1.2967090167367754,0.9050602,1.4370291891767701
2018-08-16,0.4952500720167686,1.3309155168761728,1.3694590460195806,1.0486745,1.4857534925050906
2018-08-17,0.6941183674162613,1.3306255307505557,1.170323146960199,1.4545239,1.4642077788855135
2018-08-20,1.0269112881583404,1.331813521295284,1.1108219081784605,1.0225248,1.4346872461451965
2018-08-21,1.0009988139594517,1.3211185989655294,1.0850615473670768,0.90743095,1.4087796616737727
2018-08-22,1.134208847829063,1.352691028348468,0.9566652522192514,0.75986683,1.3782735967290727
2018-08-23,1.197224728462943,1.3312946858494497,0.8800025699018221,0.91337866,1.3521340065009355
2018-08-24,1.036007973423658,1.3410553815507789,1.1063169853526211,1.1305238,1.3743565822005246
2018-08-27,0.6961276456101776,1.3331852077414874,1.25206066773203,0.97880995,1.4274401655994373
2018-08-28,0.7449158711371358,1.3370325871720985,0.9717574229411762,0.99904984,1.3952903707335578
2018-08-29,0.5981810131518349,1.3401272074447674,1.1873211507375474,0.8340133,1.4033133627836587
2018-08-30,0.48070523680521793,1.3412602604402553,1.1538231514351502,0.89761883,1.3944576297530797
2018-08-31,0.5111085086360829,1.340083175127999,0.9640239128290835,1.2433463,1.3646326661313133
2018-09-04,0.583001595657501,1.3402383002178584,0.948001112058338,1.1977023,1.3412645879042009
2018-09-05,0.5175294022231747,1.3413050510569953,0.9971662358331328,1.0186605,1.32579441352315
2018-09-06,0.7243450172290987,1.3365428538255852,0.9742716944851952,1.2771337,1.3142476618828818
2018-09-07,0.6979588617331081,1.3418361793153573,0.9063924848183049,1.0026381,1.2963290839584543
2018-09-10,0.8595168313874142,1.333307336969328,0.9056376692584284,0.94513494,1.278896696920836
2018-09-11,0.9608420789467255,1.3306438207031597,0.9806644277695569,1.1052189,1.2742392821862967
2018-09-12,0.9664247421983361,1.3320899893790374,0.8540581366246016,0.7854328,1.254467286655587
2018-09-13,1.112518521897211,1.3319648507059931,1.1146532027477116,1.0123203,1.2865621739875226
2018-09-14,1.116134486160902,1.3293758381702683,0.8965371277206181,0.78247005,1.2656947442083222
2018-09-17,1.0366746898584231,1.3448790464784148,1.1311091396589188,1.5940804,1.287117492158114
2018-09-18,0.889094074204488,1.314964312697744,1.1627623181854796,0.97349226,1.3076367119427041
2018-09-19,0.9321616311046326,1.3379800803911508,1.0017611783231244,1.0965565,1.2865519097334208
2018-09-20,0.5434504752447445,1.3180084200254207,1.2945625283928963,0.8116854,1.3562234577559296
2018-09-21,0.5358079689421443,1.344197361786825,1.0266716241812763,0.9377219,1.3306430574870456
2018-09-24,0.5446424946280696,1.342081115930839,1.097366941058251,0.8996769,1.3213908700948753
2018-09-25,0.5398351874109397,1.3401380957064177,0.9717398303572133,0.9031775,1.2987552575141923
2018-09-26,0.4523840595006351,1.3360170183552713,1.0623803227187458,0.9925609,1.2895647588185029
2018-09-27,0.8616591557484609,1.3427095323262315,0.9665512944643775,0.88247055,1.2795387834374836
2018-09-28,1.0283085297362868,1.3461240697938788,0.863685208419841,1.3503861,1.259243281172011
2018-10-01,0.9680629678249912,1.3428974579285502,0.9941203125123605,0.6887202,1.2582241838396258
2018-10-02,0.9772701911822781,1.3413858204165552,0.886227423675869,0.6911197,1.2402473320833836
2018-10-03,3.3622216189187557,1.3276054955248247,0.8638738994890415,0.7470757,1.2237840453553037
2018-10-04,3.955961757687935,1.3558673993913077,1.2305870835829031,1.5715828,1.2978774337856456
2018-10-05,4.15175750687032,1.3438634134331842,1.1842893301553996,0.980641,1.3202486261476865
2018-10-08,4.189799633361647,1.33553677834052,0.9595659517197292,1.1522295,1.2964983001812398
2018-10-09,4.712947282591753,1.342831721126906,1.0168503049753714,0.939731,1.2777890768740052
2018-10-10,3.443791472157167,1.3760436543386656,2.6803907624105046,3.750177,2.3142493109467837
2018-10-11,3.0024874737282436,1.3578932876808125,2.429799133225508,3.8978248,2.5963118665869453
2018-10-12,2.6674608491929814,1.3199482366737392,2.1505318624134153,1.8678906,2.621544802297674
2018-10-15,2.6458317637715787,1.3455729511741221,1.852883427084453,1.8033285,2.5324081611244673
2018-10-16,1.6069100730221608,1.3182382724061164,2.563446076006848,3.3107548,2.7549298846389414
2018-10-17,3.4709837015234517,1.3467126038785535,1.4525266864389526,1.4305676,2.6349473478575436
2018-10-18,3.6184768781703984,1.3511664728154291,1.8807059242259219,1.8184701,2.6706214960511696
2018-10-19,4.029751316137366,1.330134468545442,1.273503684112823,1.9891827,2.555822171961091
2018-10-22,4.042909611226847,1.3364268215904924,1.4186139511233975,2.2996566,2.462712303106082
2018-10-23,4.271811470661739,1.6923150746797995,1.1908217198332465,1.0994349,2.380248394985623
2018-10-24,3.1482115123484955,2.0574560114009564,2.5752385016248915,3.6667507,2.9431414294408977
2018-10-25,2.805372885442036,1.2869340222123866,2.1134497639372314,1.5456989,3.0100901506490927
2018-10-26,2.2526825251681,1.9533474017385148,2.2026744863617056,1.701749,3.0683130387736575
2018-10-29,2.2513700465808633,1.7120425441281197,1.7468066061794407,1.5798165,2.9491969541977316
2018-10-30,1.817369103880772,1.3197288643588858,2.1404996684814845,1.6788806,2.9544824018436953
2018-10-31,2.580922542717231,1.3268464627751095,1.714211948276988,1.4825345,2.894775462097185
2018-11-01,2.3608539927435395,1.309279285658508,1.6275337546068525,1.6934539,2.839437961352058
2018-11-02,2.4868276473030653,1.526277475665995,1.3191272121566882,0.61494744,2.738062642730934
2018-11-05,3.0723423042207103,1.3643712553663352,1.3030931249436144,0.6239897,2.6400389194015705
2018-11-06,3.0127151571008053,1.5425602646181238,1.228892452965692,0.7921959,2.5553958993746266
2018-11-07,2.249442583796306,0.9862265334899554,1.960884388396538,3.6082685,2.7613434863256523
2018-11-08,2.470824997311751,1.7326539409491715,1.1795693036946484,0.9422326,2.6432366074254343
2018-11-09,2.282291789793636,1.7986130532267743,1.534333489902924,0.79738486,2.598361089068777
2018-11-12,2.135751590563103,1.9443103317426094,2.0190203771961355,3.3118932,2.7359622142878317
2018-11-13,2.831181652156296,1.6280656114669458,1.370812807069695,1.5681242,2.6195205525721934
2018-11-14,2.767796679029088,1.667303195955727,1.374509263859286,0.72244775,2.5415399699485457
2018-11-15,2.6517525783685896,1.3245129717044188,1.570358815017865,0.8313775,2.5136881109110276
2018-11-16,3.0869401021942284,1.6151497743445236,1.2320566249030291,0.5669793,2.4131979674891526
2018-11-19,2.5945608295675315,2.026289323386196,1.7384770993775716,0.620008,2.5326476174327603
2018-11-20,2.90251718223507,1.9172280510447053,1.9568213906616472,3.6082685,2.6752708388099387
2018-11-21,2.8908004162561975,1.5940780300961344,1.3672132178373761,1.56647,2.5682120632637906
2018-11-23,2.876958199334852,1.6071028881760256,1.4629018562128902,1.9060311,2.49239072995358
2018-11-26,2.7280967260260205,1.2525157416710393,1.937514814282739,1.727002,2.5764372854078488
2018-11-27,4.26373726870225,1.464231801551129,1.3525254300290313,1.8723043,2.475381486310604
2018-11-28,3.608379836010758,1.0723546540883113,2.150095441486658,4.135271,2.7415533548552773
2018-11-29,4.301153382564897,1.5540041266642943,1.374157728390062,1.7531316,2.625662543637418
2018-11-30,4.262231791328602,1.4162579888368911,1.522676732159705,2.09792,2.5399718483868274
2018-12-03,4.054210140494476,1.3510370159821508,1.7512402599498158,2.3005588,2.5591694136673357
2018-12-04,2.416427641139257,2.2727400291028244,2.836193258093986,3.8228009,3.1562604879429332
2018-12-06,2.4118920276289426,1.6295502143003748,1.4978030996136398,1.4538995,3.0143560019540327
2018-12-07,1.9399179532794206,2.1568099613129608,2.477679808917962,3.810261,3.2101293468927725
2018-12-10,2.7664298750466503,1.5714281736411237,1.656291476664153,1.5113167,3.0658917619533756
2018-12-11,2.768511274017327,1.4978925900080553,1.5553715857855097,1.449827,2.9278094091483124
2018-12-12,3.112749949501799,1.6110228750164943,1.3415116408654497,0.8786463,2.8140691732870575
2018-12-13,3.5187414568869193,1.6304835584274984,1.166884172659245,0.9045918,2.690662179537378
2018-12-14,3.632353913228723,2.1126065070819546,1.7418883546527926,2.1862204,2.8096495451513
2018-12-17,4.05450454006857,1.9647745325082928,1.97438662579849,3.6082685,2.940759107838484
2018-12-18,6.381379724773806,1.565221558569372,1.2721371168973157,1.9788451,2.810658729313482
2018-12-19,6.247410082931183,1.8794331848167323,1.8780080592397024,1.7450883,2.8376086392003534
2018-12-20,6.029371488401965,1.8652478601312121,2.0186371668296,1.5456989,2.888064594372646
2018-12-21,5.729570447340155,2.0556162859709666,2.2038836936677795,3.13059,3.0300905618943537
2018-12-24,5.066358857839856,2.1195268492363666,2.5249237442652968,3.8228009,3.315065315650849
2018-12-26,2.684428223856933,0.7636599522807257,3.8787555061955636,3.810261,4.3427976617997635
2018-12-27,4.180451148049103,1.512073708968825,2.280092383127972,1.4702715,4.1592439349896555
2018-12-28,4.251628722388586,1.706116975372426,1.9936324970550823,1.5490296,3.960759041692862
2018-12-31,4.265011915444546,1.3516472064751766,2.199730528655172,1.4669198,3.8089721641582193
2019-01-02,4.289161053049675,1.543695547995571,1.7619009414234197,1.6328148,3.6295370100925495
2019-01-03,3.5619805996327094,2.1348988688683503,2.0470045390055716,4.135271,3.754317980410843
2019-01-04,1.354336850345245,1.0352969534114889,2.717271052080399,3.8228009,4.09327214462618
2019-01-07,1.2616965797225206,0.9213119292901725,1.792674433098727,1.4828111,3.926375317498356
2019-01-08,1.4198622893504766,1.0860691682916488,1.8714271051585332,1.484285,3.782294475468611
2019-01-09,1.3627345211792754,1.8637346699435435,1.7004824070707465,1.6846235,3.614772868193216
2019-01-10,1.5179829313714448,1.510006459349525,1.4937275156978362,1.2509878,3.452142519210913
2019-01-11,2.0127105715170703,2.0843243324380287,0.8452725140625241,0.70642936,3.2921511909056234
2019-01-14,2.350911243553966,1.7971267456069004,1.0378815907854155,0.59829724,3.162770291201363
2019-01-15,2.06684248250202,1.175447393399561,1.2721958848452148,0.7978312,3.096513659638666
2019-01-16,2.0533486118011752,1.6198039489677925,0.9206454646957127,0.5499647,2.960238446674939
2019-01-17,2.0868589115375387,1.4445654329364848,1.1573054750967184,0.7831189,2.864806395255523
2019-01-18,1.7857434048271035,1.3233626304609825,1.4938236247433583,0.8948923,2.8523492181064563
2019-01-22,1.1645731258516416,1.8998486549846931,1.5855470106658769,1.0232635,2.8476309138655895
2019-01-23,1.9441338302761093,1.9609775751400846,1.0889979198037623,0.5858688,2.7251034542140635
2019-01-24,2.1310464707681325,1.8962240593310595,1.0328975813128085,0.6948349,2.6070588393802536
2019-01-25,1.9579856670541895,1.9042967334711078,1.345768880538384,0.4985846,2.547167948553001
2019-01-28,1.9347116329372864,1.9728664317511546,1.2586442798294324,0.6374537,2.482666771842409
2019-01-29,1.9749577508149805,1.9532418143263919,0.9391909744944322,0.79966563,2.3803051101840866
2019-01-30,1.204464525550439,1.9211089785455444,1.6613322402347943,0.76870435,2.4720119066238797
2019-01-31,1.2663653165403648,1.9029394458973363,1.4420037900445144,0.6939238,2.4270624506238803
2019-02-01,1.2713256761616496,1.940143651749738,1.0920368347642195,0.9761957,2.326923005087682
2019-02-04,1.0619887317159153,1.9293471488274008,1.3305101500571315,0.9221269,2.272545038170221
2019-02-05,1.6079613462047269,1.9627073875284682,1.252532200280303,0.83400124,2.196351484830238
2019-02-06,1.63500158755286,1.929412634470822,1.0031709564371551,1.0398948,2.1118863554813143
2019-02-07,1.343533294966994,1.9299042796991646,1.3272815493021584,0.9986921,2.1120344523886074
2019-02-08,1.7218816307244038,1.8924271518450881,1.0182193617053332,1.0275371,2.032784143628772
2019-02-11,1.7296512454173625,1.9256524011098943,0.9438795926571404,1.1446061,1.9576178800475346
2019-02-12,1.1830257255492092,1.8931939156912898,1.5276932014451217,1.3026289,2.0387287421937836
2019-02-13,1.1922092313614991,1.9436971424581388,1.1750590796761835,1.0005244,1.9726231575097566
2019-02-14,1.3244309906402252,1.9392943688329234,1.068107822393137,1.1803608,1.9058478626576278
2019-02-15,0.773244467580796,1.877386526344991,1.4837328389881734,2.388758,1.951778189397259
2019-02-19,0.7570577977488526,1.8915690078456713,1.1431154119428524,2.8425372,1.884555199817905
2019-02-20,0.7310521811837701,1.9325295438981025,1.0249455786226584,0.91035956,1.8230009944714383
2019-02-21,0.6650301506346478,1.9239424916825705,1.0933779372208308,0.755226,1.7746606069761641
2019-02-22,0.6690232452506836,1.948268239682879,1.2313946265413545,0.9828129,1.7566804000857443
2019-02-25,0.7496223181440355,1.933399021855736,0.9177141397932821,1.0185627,1.7018316263757074
2019-02-26,0.7585041017020089,1.9738309361074786,0.8895820849602455,0.98420256,1.6494336692484077
2019-02-27,0.9708669711849215,1.925849507407531,0.8765344069831196,0.9484571,1.6004371853602672
2019-02-28,1.2702600180297117,1.9441455469359323,0.917745800200368,1.0270658,1.5588706527051543
2019-03-01,1.1252715418566444,1.9422453186491377,1.0805682052705698,1.1719223,1.5621970896972261
2019-03-04,1.790588857418449,1.8728869749270693,1.0173306392905854,1.0632155,1.5352510486138504
2019-03-05,1.8246481250582942,1.9274864103898186,0.9387043367402249,0.747623,1.4967308004057671
2019-03-06,1.8426980475620365,1.8946338136720497,1.1645042919268584,0.94303834,1.5042940323036085
2019-03-07,1.6413183943619518,1.9467427076750936,1.3224556229051165,0.7966897,1.5511421031029275
2019-03-08,1.701992422579175,1.931514335935416,1.0478654633760711,0.60294527,1.5140033718161179
2019-03-11,0.9772131701579057,1.9097008968731313,1.6609075220099028,0.7627376,1.7119601210321582
2019-03-12,0.9021712846851281,1.9196996884818935,1.2738665531615645,2.2423842,1.6737750560690006
2019-03-13,0.6851826186074743,1.8796297233541897,1.3822144871979507,1.1092753,1.6709939209268716
2019-03-14,1.3140571955122897,1.8911020180630094,1.1097373172312834,1.1919976,1.6206942143721874
2019-03-15,2.293574972756439,1.9157962479584327,1.2944555759500822,3.5595477,1.6014697851787927
2019-03-18,2.2660929609084812,1.8917484956483783,1.0708199801532186,1.0387508,1.5710311177008096
2019-03-19,2.3845480719908987,1.895622250834561,0.9263198958987643,1.008479,1.5276472238110144
2019-03-20,2.4228186841286328,1.8936760867004743,0.9857966773339166,1.4005401,1.4985381560537756
2019-03-21,2.1798630374695596,1.85537066066972,1.4374220884516558,1.4083027,1.6102978273019914
2019-03-22,1.1705700338110319,2.054918629735574,1.9593816453094295,1.8214163,1.955182981607602
2019-03-25,1.6596642295131785,1.9402230643662588,1.2507969402045194,0.9288119,1.8853878828921211
2019-03-26,1.4850507224885467,1.9078704684154781,1.5293828684265605,0.8269374,1.874148906938447
2019-03-27,1.3983074855676778,1.9507581160396492,1.455099289925697,0.8307472,1.8367210676413477
2019-03-28,1.3719899563094229,1.9191950171021475,1.341098740260176,0.6925228,1.7890007436811024
2019-03-29,1.3116355981459054,1.8665939180173303,1.1906223412836403,0.8636689,1.7710640325716343
2019-04-01,0.5799006058746513,1.9626188842142969,1.5084723252883245,1.3694061,1.8552269834889559
2019-04-02,0.7732460618928967,1.9363206312463899,1.0433702346405034,1.2731545,1.7918458132097563
2019-04-03,0.8301524457108633,1.9371038392839626,1.06378166096235,1.3106114,1.7351693359083855
2019-04-04,0.7872173704828584,1.926197129392923,1.0977195723221276,1.0952597,1.6874495318326657
2019-04-05,0.9172248100177953,1.9199257470451796,1.16582095326207,1.0974346,1.6612905567391973
2019-04-08,0.9163960324106056,1.921687648536683,0.8405142238407558,0.96675086,1.611884808361661
2019-04-09,0.7616098229616249,1.9205407944210475,1.0504440377879476,0.990098,1.5958586222539057
2019-04-10,0.7239375736642325,1.9373891101460874,1.0092385488021722,0.935556,1.564136999070031
2019-04-11,0.7496787855703828,1.92735140274697,0.8820691177775821,0.92806,1.5212859015889844
2019-04-12,0.3386923663894899,1.9238086055112738,1.1563786520105268,1.0912529,1.5364934136208686
2019-04-15,0.954817643875128,1.9485051965559705,0.9271878482971961,0.8463998,1.4961456314729347
2019-04-16,0.9781390476997146,1.8950163083913816,0.8913185644856408,0.9238568,1.4588788561780115
2019-04-17,0.9489664320916849,1.8836962117474807,0.9501648974823488,0.9282956,1.431617527161418
2019-04-18,1.0381065263355584,1.8767840628836565,0.9379968818379741,0.9879801,1.4038672909539955
2019-04-22,1.0463214392063669,1.8871934167709268,0.7980892113873113,0.798474,1.3742709811634102
2019-04-23,0.5441842682597022,1.8592705007197028,1.2530830880584543,1.1360732,1.4505248414658924
2019-04-24,0.9033191821098476,1.8794560246489718,1.0302766293856738,0.9806156,1.4225945323997529
2019-04-25,0.92676474179721,1.8972971744764855,0.9628655958198886,0.9300641,1.3910199381095782
2019-04-26,1.261653953913939,1.8831207175124176,1.1385020211760177,1.459015,1.3900663220764398
2019-04-29,1.3180715224252602,1.8771155946979512,1.0266919052388412,1.1834701,1.3638768908856596
2019-04-30,2.137935840017333,1.8858894144758684,0.8674322594106497,0.7780454,1.3368806162357185
2019-05-01,2.005213977793015,1.8919557256461714,1.216888016550865,1.0878776,1.3885953428851638
2019-05-02,2.016430963203926,1.8793463606079728,1.0320422859589087,0.85050946,1.3654883693746376
2019-05-03,1.835301505634217,1.8560908040947481,1.3889149831702647,1.0163264,1.4615483090162864
2019-05-06,3.110624262850086,1.884579048716733,1.190011738368216,0.93348795,1.4479897588462713
2019-05-07,2.7659468694815654,1.898576135239202,1.8450196846455764,1.0861089,1.7415748025923878
2019-05-08,2.823523794391961,1.894842315345903,1.233422580614708,1.2653446,1.6878919088593276
2019-05-09,2.9546973058629007,1.8856749287837973,1.297218974949551,1.139228,1.6461190722547503
2019-05-10,2.983262220558309,1.870064115564919,1.3282588851702675,1.6914437,1.6255512976649698
2019-05-13,1.6918220236451442,1.920679941231114,2.3686325731963143,3.93148,2.202695501591154
2019-05-14,1.6903676803098941,1.8702727342551486,1.6633847641274166,1.9895431,2.1850237815373137
2019-05-15,1.615798710130496,1.8742554051613123,1.5588125242354387,2.070247,2.129184245240154
2019-05-16,1.8089981134790318,1.8639179436141755,1.71353952783923,1.7932984,2.1217985932684797
2019-05-17,1.703857003424647,1.893370936419824,1.6157938388197355,1.9566814,2.07782149316948
2019-05-20,1.8264868299003665,1.8879495460777103,1.309321986569765,2.6673832,2.03917255819607
2019-05-21,1.7273664843957486,1.8675324475932307,1.3937404933228847,2.5261793,2.036727085292005
2019-05-22,1.721497852682529,1.8818095334616776,1.1535574020723423,1.2304643,1.9697925995742076
2019-05-23,1.8146033417021188,1.890838271860936,1.5437214602137375,1.127668,2.038440583621685
2019-05-24,1.8183171280617534,1.8833608571534528,1.141255301924968,2.6303704,1.967379619236455
2019-05-28,2.6541684628569047,1.885381188571824,1.433404063605482,1.0999216,1.978375388248878
2019-05-29,2.7083431777131484,1.8850030633695003,1.3104366977021897,2.695119,1.949360661521979
2019-05-30,2.771443052321865,1.8686243976758585,1.1581576823525637,2.6010184,1.886605126766285
2019-05-31,2.6137598545751684,1.8848096755196986,1.5810518811935093,1.1866328,1.996632483043373
2019-06-03,2.6413102709539005,1.8794708743208368,1.1693590715498263,1.0970428,1.9296819239635956
2019-06-04,1.5380845622345605,1.870706670231547,2.0654576184283364,3.6362033,2.2681718257381087
2019-06-05,1.2857076710110478,1.8732727243097445,1.5959122968331454,1.8833611,2.2390818642898864
2019-06-06,1.1842588065031463,1.8790253066029552,1.5296103199640867,2.0935466,2.185741837830757
2019-06-07,0.6505308990589367,1.8666442888041415,1.628967160057652,1.9282341,2.184797713044635
2019-06-10,0.4637238016296005,1.879291098640765,1.4325805986191595,2.3125656,2.117681079436791
2019-06-11,1.1399560185356779,1.8833563063336793,1.0046743798817572,1.0277256,2.0367834457349328
2019-06-12,1.1485362769404375,1.8812177787447135,1.0021486735038527,0.8585113,1.9639689522344819
2019-06-13,1.4330830946621211,1.8706484133963468,1.0909911263439398,0.86891645,1.9093022295286222
2019-06-14,1.4361971795988713,1.8931556525609927,0.8528788072639972,1.152925,1.8432320455554483
2019-06-17,1.4409127425711197,1.8558746552437742,0.7821810223220671,0.92412573,1.780571918529718
2019-06-18,1.4009656949088902,1.865801208012617,1.3211692907591943,0.80895936,1.8333347688993566
2019-06-19,1.3862943177118823,1.884686640030652,1.0179079052033289,0.91035956,1.7764287605567586
2019-06-20,1.069086855201,1.861655797055895,1.3570634379940638,1.1831568,1.8116047101891135
2019-06-21,1.1769399052104657,1.8847538037082254,1.0583840254593329,1.2427585,1.7531659248743152
2019-06-24,1.4788462467146222,1.8873860056177432,1.0512469370900293,1.2274036,1.698193211992978
2019-06-25,1.1327492304572904,1.9037978074507735,1.3687594488300043,1.3247446,1.7498031509149323
2019-06-26,1.381034613845655,1.8804111626867586,1.0322341358890241,1.3682337,1.6945254081445522
2019-06-27,1.339742638491963,1.8764185233029806,1.055116812903152,1.0864162,1.6559325475751054
2019-06-28,1.3546603636566685,1.875823219641803,1.1418401952702424,0.923218,1.6358738939275357
2019-07-01,1.0167707982102296,1.8738290061628387,1.3577795113374806,1.2606999,1.6788117041024762
2019-07-02,1.0924040293350448,1.8765720203637695,1.0410730445204894,0.80511516,1.6350504444464549
2019-07-03,0.7836305166689865,1.8635685623526097,1.299596972979142,1.2648195,1.658123466891825
2019-07-05,0.8948048029854266,1.8839570210221572,1.058140766347025,1.9255036,1.6097567545346114
2019-07-08,0.705823738699811,1.8847546352527587,1.228920698564705,2.142756,1.598443152813492
2019-07-09,0.7661630330974898,1.8850615198273453,0.9899629459338695,1.171792,1.5547782418608231
2019-07-10,0.908880564856627,1.8724271758749995,1.1457285048785517,0.7567438,1.5396688561947252
2019-07-11,0.9511854853056895,1.8767437710489359,0.9813998266959648,0.6562857,1.5052126096088194
2019-07-12,1.0077323703049899,1.8706998775791792,1.0866752427089321,0.7674039,1.4913101739416537
2019-07-15,1.0366469354378394,1.7169379155098792,0.885947221750762,0.61890364,1.4540168727141252
2019-07-16,1.2156843468412162,1.7169379155098792,1.0099006287904027,0.68094164,1.4328103031577442
2019-07-17,1.1097143932968645,1.7169379155098792,1.1763957943977574,1.062193,1.459376792135626
2019-07-18,1.152048782178911,1.7169379155098792,1.0662874156884223,1.1007482,1.4413995770447154
2019-07-19,1.2094450402879935,1.7169379155098792,1.1573244118879307,1.1685071,1.447466673004047
2019-07-22,1.1982361053663249,1.7169379155098792,1.04698097101335,1.1261472,1.4211803293297798
2019-07-23,0.994270507057016,1.7169379155098792,1.2685604581942336,1.3713255,1.4542988348340622
2019-07-24,1.4067430033296133,1.7169379155098792,1.15001041364311,0.8788675,1.4476809692518033
2019-07-25,1.5857499623821274,1.7169379155098792,1.1623938271051228,0.6079997,1.4428926767572468
2019-07-26,1.6247931016184176,1.7169379155098792,1.251077543214842,1.061598,1.4657587424589378
2019-07-29,3.4540358851580346,1.7169379155098792,1.0656283038788261,0.99623656,1.4345295155604323
2019-07-30,3.716073280121824,1.7169379155098792,1.0409646331984592,0.87451816,1.4093487175007935
2019-07-31,3.550002258105209,1.7169379155098792,1.4546142037631162,1.4418255,1.5300246915995808
2019-08-01,3.9513178701088725,1.7169379155098792,1.4131951141868981,1.1697336,1.5804754061511914
2019-08-02,3.938122528158005,1.7169379155098792,1.3744715622938186,2.0980177,1.6026582002980272
2019-08-05,2.7722540808217304,1.7169379155098792,2.6324848352239387,3.712496,2.41306076345615
2019-08-06,2.8509200044331857,1.7169379155098792,2.0626199959954397,1.7739676,2.4616467077249116
2019-08-07,4.139141324985817,1.7169379155098792,1.5223841039942652,1.7197407,2.3594832214252146
2019-08-08,3.664254002915484,1.7169379155098792,2.312611843127847,3.314575,2.5493028875128774
2019-08-09,3.8865336799740433,1.7169379155098792,1.834804890874854,1.7549568,2.4761864724500997
2019-08-12,3.8780215508994007,1.7169379155098792,1.7529065806812014,2.0488422,2.4854438103190994
2019-08-13,3.639936950559642,1.7169379155098792,1.8838768225799787,2.1470804,2.557358215877268
2019-08-14,2.213016255277666,1.7169379155098794,2.713312030898,3.8228009,3.046684505583474
2019-08-15,2.19745096441183,1.7169379155098794,1.569651914684682,1.3614254,2.9140331423856334
2019-08-16,3.0749017065822017,1.7169379155098794,2.0698714525401116,1.5228305,2.92177252217332
2019-08-19,3.0381577928319627,1.7169379155098794,1.9636215253978362,1.466054,2.884105700338684
2019-08-20,2.9653474260748482,1.7169379155098794,1.7444994511071705,1.3267614,2.7953746511452953
2019-08-21,2.9375343876274047,1.7169379155098794,1.4153147051570727,0.5019363,2.717390316289105
2019-08-22,3.199847520760994,1.7169379155098794,1.1198464426022305,0.66731554,2.59967174866998
2019-08-23,1.862596657367119,1.7169379155098794,2.280215324104367,3.8480537,2.943354381598839
2019-08-26,1.6135960584173694,1.7169379155098794,1.7037610887872192,1.5267166,2.889654123549018
2019-08-27,1.929511527491836,1.7169379155098794,1.4212340386403537,1.5493375,2.771929807857309
2019-08-28,2.205064491939903,1.7169379155098794,1.5294169347775755,1.6156508,2.684564269165858
2019-08-29,1.8048260746071225,1.7169379155098794,1.801986107391384,1.5054042,2.6805996932161844
2019-08-30,1.8049809934054208,1.7169379155098794,1.0229779277765443,0.86452204,2.5651372662010883
2019-09-03,1.70721029616108,1.7169379155098794,1.1680795994684787,0.7066015,2.481830063553025
2019-09-04,1.4638066733060626,1.7169379155098794,1.446146895942922,0.48791686,2.4738833148743007
2019-09-05,0.7941392223054703,1.7169379155098794,1.5887338553440817,0.5733545,2.4930066312654953
2019-09-06,0.7931647538041469,1.7169379155098794,1.046591120893403,0.96557236,2.826041747452745
2019-09-09,0.8498715459027161,1.7169379155098794,1.0365282358342651,0.92373264,2.700889104872089
2019-09-10,0.8863751547867964,1.7169379155098794,1.0140302737623532,2.169048,2.5829121049547314
2019-09-11,0.5359026568926963,1.7169379155098794,1.2130980960628552,0.8551551,2.52833727631154
2019-09-12,0.40946491565485055,1.7169379155098794,0.9199306414510656,0.72538555,2.434463885464965
2019-09-13,0.6225206663727244,1.7169379155098794,0.8221135509977889,0.8642713,2.332980762125503
2019-09-16,0.540721606084182,1.7169379155098794,0.9585694628898308,1.6169825,2.2491931556042064
2019-09-17,0.9214263098997757,1.7169379155098794,0.9461088030179866,0.8072942,2.1669416381854516
2019-09-18,1.0923503267489882,1.7169379155098794,0.7978748123823146,0.85559565,2.0820564817481424
2019-09-19,1.112054781911714,1.7169379155098794,0.753556483712865,1.301293,2.0021272279158135
2019-09-20,1.142035062660963,1.7169379155098794,0.9819851412679104,1.1458868,1.9598114994956466
2019-09-23,1.2319915860870285,1.7169379155098794,0.7959330968196274,0.87057084,1.8879389696593172
2019-09-24,1.5261098744063541,1.7169379155098794,1.17215428779841,0.8783068,1.9141506181751045
2019-09-25,2.2710855447512164,1.7169379155098794,1.1707780495360813,1.0398098,1.8974510591902751
2019-09-26,2.4041883173367307,1.7169379155098794,1.0391170739567368,1.0975071,1.8363147768661379
2019-09-27,2.7009405707125986,1.7169379155098794,1.170237203203432,0.80713606,1.8183194337355586
2019-09-30,2.6959162999520037,1.7169379155098794,1.3226025139947528,1.5513115,1.789813032172934
2019-10-01,2.878244231186135,1.7169379155098794,1.5072871897725646,2.0477965,1.9481283872786326
2019-10-02,2.4496999649327407,1.7169379155098794,1.902547243581904,1.3337625,2.3039303800451285
2019-10-03,2.4061673273375646,1.7169379155098794,1.8645619149659467,1.1482629,2.293045133171905
2019-10-04,2.2464189070365546,1.7169379155098794,2.039675262153234,1.874742,2.4195613793345814
2019-10-07,2.207218577860566,1.7169379155098794,1.9299121894925428,1.7424104,2.3410112882483376
2019-10-08,1.8423592041778472,1.9069554201157686,2.143156523462186,2.6473536,2.532711041650575
2019-10-09,1.5895874496944078,1.8823242180919602,1.9244657554460032,1.4768642,2.526135813322981
2019-10-10,1.4693933458753214,1.8936438038226064,1.8860278493409859,1.6755971,2.470780967106354
2019-10-11,1.1348982544488264,1.8826419695957697,1.8644216973465624,1.4949353,2.489633979628574
2019-10-14,1.3160950974139252,1.899376925231,1.7578607076295178,2.2415586,2.3857242945966086
2019-10-15,0.9319821001520363,1.893964761061044,1.7103753366509291,1.3182155,2.4030021837781055
2019-10-16,0.9628961229406161,1.9017586053528779,1.5295723696455066,1.9045769,2.306063692456168
2019-10-17,0.9311815442997476,1.88966660505912,1.4956125053640474,1.2949512,2.2229454924057235
2019-10-18,0.917420946853802,1.9058591981579138,1.3801670410032807,1.3050166,2.1592278350079277
2019-10-21,0.837295767197125,1.8889356006746074,1.4794862491182377,1.2656602,2.135294396239075
2019-10-22,0.7712834130401808,1.8970319466390748,1.2930693640901425,1.0435684,2.0665515844748468
2019-10-23,0.777342636586876,1.8843706531727513,1.3025354196388046,1.3055816,1.999515948895782
2019-10-24,0.8054522197241503,1.8873983358482636,1.2712536855632295,1.3454828,1.9288323999590524
2019-10-25,1.1541383497801716,1.8863115712544265,1.2878804141638152,1.1297547,1.8840090907536788
2019-10-28,1.084853355456895,1.8652834068887063,1.2743091573866883,1.3603824,1.8653236733353953
2019-10-29,1.0900818954697415,1.9082970537103299,1.1931339067692113,1.0358363,1.7998229229596139
2019-10-30,1.0464213347338591,1.8938676182623604,1.2212505423699225,1.1821244,1.753743764504394
2019-10-31,1.0710375984751934,1.9150578868387644,1.213213949227769,1.006867,1.7075057919198293
2019-11-01,0.5978975086442202,1.8820896246797865,1.3865021255179661,0.9980376,1.7914999448087
2019-11-04,0.4829197345513344,1.88191583430113,1.301841394626229,1.0409322,1.7568091029484825
2019-11-05,0.515068233832758,1.9100801735529525,1.2512254515422434,1.4784235,1.7006371096062942
2019-11-06,0.5155785320050431,1.8696042671954285,1.2227937191010017,1.012658,1.6464697613589718
2019-11-07,0.4046372814893258,1.8946542876478443,1.2285402354286503,1.0800586,1.617633988547855
2019-11-08,0.78926513458852,1.9059048040058448,1.017635424386228,1.2381194,1.5801537909922234
2019-11-11,0.7693191807232836,1.9073785035542916,0.9592902396557669,1.0704757,1.541268436789073
2019-11-12,0.7405064221127675,1.8869150818331442,0.9534960541802536,0.9316513,1.506886621002552
2019-11-13,0.8283054113223501,1.902022420845247,0.9360291177189012,0.9098315,1.4670041902034001
2019-11-14,0.8311763440240344,1.8937850237024536,0.8819003930719318,0.94927996,1.4341245516537222
2019-11-15,0.4694000152514878,1.8667399190877678,1.1010671657449234,1.0482051,1.5003852654456222
2019-11-18,0.9005360211873796,1.9039126696354693,1.028086088382039,0.8596993,1.4618421300502475
2019-11-19,0.9280824743849987,1.8918954485892567,1.0079208976646725,1.41076,1.4253719598937382
2019-11-20,0.9593645897722963,1.9042880314971062,1.0683857293788814,0.908616,1.4193260074299392
2019-11-21,1.016131642003213,1.9073633674182262,1.0468064935494843,0.98799056,1.3912562369101948
2019-11-22,1.3080235058252727,1.892699776060461,0.9095796927309912,1.0194316,1.3703211742156525
2019-11-25,1.252060595632581,1.8833156179276638,1.1466950605044768,1.1116827,1.4604847923741078
2019-11-26,1.3765424222850577,1.9027469759641842,1.1014739221092218,1.4200808,1.4340239289649848
2019-11-27,1.315028405254634,1.902144373719615,1.1323465953808516,1.4755666,1.4387224722462126
2019-11-29,1.5549737839828461,1.8988216734963224,1.1507651100976455,1.5451267,1.431252914648993
2019-12-02,1.337663997860018,1.902749396184911,1.3268289013097323,0.9632807,1.5364176656887703
2019-12-03,1.1614675723973498,1.9005568325456075,1.2951594552833798,1.2503088,1.5769660912789891
2019-12-04,1.025161121753403,1.8957747964754486,1.3285796750265064,1.2501003,1.599559125542742
2019-12-05,1.3248371603091245,1.8964029205363413,1.2589898046302288,1.1178316,1.5584023545239303
2019-12-06,0.9654360187919421,1.886582552064608,1.4417364375269954,1.0156683,1.6607716037046467
2019-12-09,1.1408884917921518,1.8950409722075152,1.3000850516079785,1.0049958,1.6265732428194957
2019-12-10,1.135626419650982,1.8981316460592819,1.208707231058438,1.3349712,1.5798390113763272
2019-12-11,1.0996901656052984,1.8930649977964853,1.1722840110185502,1.0880599,1.5489515592118828
2019-12-12,0.8001069453051852,1.8875545821490805,1.3597595097420043,0.9317747,1.6373888028472827
2019-12-13,0.9099079148087292,1.890408144934123,1.1395722277941518,1.0762092,1.5882898487367416
2019-12-16,0.6184890021838412,1.8889093824443013,1.2781503336239006,1.0265225,1.6252915265516468
2019-12-17,0.6181075862063601,1.8880341831896186,1.210916499451558,0.8510532,1.576518273807765
2019-12-18,0.8147815411732555,1.9000088862364715,1.1857790680398521,1.3570286,1.5312345559623552
2019-12-19,0.7050761522287597,1.8896558758365487,1.1103180624308036,0.9848157,1.5205605837878067
2019-12-20,0.7819243717068415,1.886559975863226,1.1597532099699566,1.1457638,1.5153513988858485
2019-12-23,0.8043481339326295,1.8976312105328634,1.0151738620279478,1.2317363,1.4790617336751697
2019-12-24,1.2302154409353718,1.8846081392001448,0.9999276649079192,1.2625443,1.4411030738596704
2019-12-26,1.3451109799137555,1.875065521935182,1.1331076832749691,1.0325359,1.4613179189372651
2019-12-27,1.3977506485556697,1.902095615163971,1.0295011973503216,0.96655834,1.4248449123265527
2019-12-30,1.3142928212673795,1.9112336178910871,1.1161263849529954,1.0348818,1.4515148762232306
2019-12-31,1.3967849626800017,1.8890020210413465,1.0920310866321172,1.0028483,1.4273178607344577
2020-01-02,1.2414703507516478,1.8733845108594973,1.340032655982739,1.09208,1.5583374509487462
2020-01-03,1.0230186449191594,1.7993974819517478,1.365892030189338,1.0608437,1.6180429606523745
2020-01-06,1.1710274831245115,1.7993974819517478,1.3439738700713528,1.1486957,1.5954545244195717
2020-01-07,1.1468653811477738,1.7993974819517478,1.2959042790586581,1.0148138,1.5630892426465224
2020-01-08,1.0410329083499488,1.7993974819517478,1.3574390022940288,1.069002,1.5701897866650416
2020-01-09,1.1459743466468195,1.7993974819517478,1.3035399153339198,1.0504935,1.6072954511082942
2020-01-10,1.151861521793201,1.7993974819517478,1.1794009343808094,1.0991578,1.5746383807038065
2020-01-13,0.9462920209033806,1.7993974819517478,1.2849744669072716,1.1369107,1.6134767549453077
2020-01-14,0.933987721086922,1.7993974819517478,1.2223313465810448,1.2719992,1.5696495150601366
2020-01-15,0.9135119145215105,1.7993974819517478,1.174861360779087,1.1572989,1.5342290037959279
2020-01-16,0.9727461825513835,1.7993974819517478,1.2880064285887067,0.9600957,1.6161523223957606
2020-01-17,1.860339482878741,1.7993974819517478,1.2327720055997977,1.0392908,1.5851722895406153
2020-01-21,2.123477127414702,1.7993974819517478,1.1414015301299791,1.3017766,1.546241200620632
2020-01-22,2.1250499059239623,1.7993974819517478,1.1185764857267384,0.9599205,1.5032248197088605
2020-01-23,2.1465539639344278,1.7993974819517478,1.1176075060382757,0.98828226,1.4659402011624247
2020-01-24,2.67728327654717,1.7993974819517478,1.2283621734849266,1.3883961,1.5781104535838468
2020-01-27,2.259287402867002,1.7993974819517478,1.6904330840536397,1.2489995,1.9536148389910235
2020-01-28,2.511134599048238,1.7993974819517478,1.7535042377047105,0.99229556,2.037864534026729
2020-01-29,2.7599492341415335,1.7993974819517478,1.6564092315569354,1.1982268,1.9617695952109537
2020-01-30,2.761368529889849,1.7993974819517478,1.6899454273127392,1.0631423,1.905233781362382
2020-01-31,2.133687581314999,1.7993974819517478,2.0859937293270887,2.7393346,2.293774217945153
2020-02-03,2.1349568075314718,1.7993974819517478,1.8206195532153482,1.539603,2.269300660693284
2020-02-04,1.5165437606557899,1.7993974819517478,2.0116747235255596,1.9841558,2.4550579285645804
2020-02-05,1.1806589337041957,1.7993974819517478,2.082147452757636,2.2333572,2.504352848491253
2020-02-06,1.136890387641761,1.7993974819517478,2.002927527736309,2.281637,2.4112732481806844
2020-02-07,1.0161605337573825,1.7993974819517478,1.7776753689425506,1.5019553,2.345145558532116
2020-02-10,0.7389079373868721,1.7993974819517478,1.8015852793377984,1.4284914,2.316710736823084
2020-02-11,0.862251330675863,1.7993974819517478,1.4978802614698496,1.4525504,2.2257332724214844
2020-02-12,0.707484210350986,1.7993974819517478,1.4151990750628258,1.2932258,2.1902118420081904
2020-02-13,1.2493053112720733,1.7993974819517478,1.340618579310866,1.1873031,2.104890312276104
2020-02-14,3.5931292660965486,1.7993974819517478,1.2983663067788378,1.3647426,2.0270403902704275
2020-02-18,4.723604855848646,1.7993974819517478,1.199049516106845,1.1110622,1.9602383396630754
2020-02-19,4.713889582807538,1.7993974819517478,1.2638883299008024,1.6607006,1.9218091144936726
2020-02-20,6.570135928899437,1.7993974819517478,1.1974348881311687,1.0779232,1.8779072889663033
2020-02-21,6.501717892361252,1.7993974819517478,1.482867152450824,1.2979249,1.9706510130743864
2020-02-24,6.990741059635079,1.7993974819517478,2.738841278337679,3.693781,3.1614906615364244
2020-02-25,6.916737866417991,1.7993974819517478,3.225663977879867,2.8177593,3.797528190577749
2020-02-26,8.041020388514005,1.7993974819517478,2.9523569844435604,2.8445325,3.627433906065489
2020-02-27,7.414286351507701,1.7993974819517478,4.212513158209253,3.1492994,4.879766264952165
2020-02-28,7.587685808865253,1.7993974819517478,3.7722473812935364,3.4971826,4.650754673110128
2020-03-02,10.281879851431523,1.7993974819517478,4.433828366430387,3.07506,5.446753121235095
2020-03-03,11.078380515493341,1.7993974819517478,4.314513181292063,3.1001024,5.6160135807509715
2020-03-04,11.434796648380958,1.799397481951748,4.936716582497384,3.078305,6.165089266238949
2020-03-05,14.848114829109916,1.799397481951748,4.664102297847564,3.078305,6.381491193880298
2020-03-06,16.88118617406636,1.799397481951748,4.566756815168217,3.3254266,6.189071133606232
2020-03-09,18.792413242528674,1.799397481951748,6.49237994431742,3.078305,8.46897281702698
2020-03-10,18.850834515602255,1.799397481951748,6.582662586143783,3.078305,8.884487056642167
2020-03-11,18.904374544880312,1.7993974819517482,6.7901355456641515,3.078305,9.227845326851455
2020-03-12,16.00873092670353,1.7993974819517482,8.885164138702534,3.078305,11.556384279058655
2020-03-13,14.435968626400761,1.7993974819517484,9.653550752302907,3.078305,12.572269757837407
2020-03-16,8.989307145673887,1.7993974819517489,11.00015063706391,3.078305,14.757074707727618
2020-03-17,11.330422115833084,1.7993974819517489,10.454197087576702,3.078305,14.54485136002198
2020-03-18,10.177838453470498,1.799397481951749,10.516757823155887,3.078305,14.338449124362711
2020-03-19,11.65107377099689,1.799397481951749,8.890332083578238,3.636256,13.60445934020589
2020-03-20,11.202087166379195,1.799397481951749,8.714783830601156,3.078305,13.323299516362631
2020-03-23,11.35748509218181,1.799397481951749,6.405906435715398,3.1893964,12.789246135967215
2020-03-24,7.48499138200564,1.799397481951749,8.044517296750648,3.078305,13.76672824148723
2020-03-25,8.66153766749517,1.799397481951749,6.873546728568222,3.0403576,13.108850063290847
2020-03-26,6.92982480566305,1.799397481951749,7.899230196550558,3.078305,13.145096157664959
2020-03-27,6.4030299102802255,1.7993974819517493,7.477705324840716,3.1001024,12.676360677080853
2020-03-30,8.546535079777161,1.7993974819517493,7.538331850351479,3.078305,12.263918694290927
2020-03-31,8.41417404047286,2.412092501655444,5.852632933173679,3.0403576,11.690916011783909
2020-04-01,7.777831176017487,2.413966955722258,6.624027618526361,3.078305,11.618041101465582
2020-04-02,7.587566064744474,2.4099048001469394,5.71046002752313,3.0519052,11.15611279111219
2020-04-03,7.502840990037879,2.412866515504042,5.398754146727358,3.0815156,10.642448597722417
2020-04-06,4.741579455463998,2.406886941729702,6.784357485056804,3.078305,11.213645303860737
2020-04-07,5.204308981865494,2.412594169572057,6.102256810606416,4.4704943,10.641147576395161
2020-04-08,4.051547601979864,2.4097240921099865,6.0758393665544315,3.078305,10.397067860183839
2020-04-09,4.60868801031606,2.411332671826448,5.787360663765924,3.0403576,9.931522636406378
2020-04-13,4.853677632061816,2.413600456834051,5.655211360831522,3.3774908,9.45053037932214
2020-04-14,4.961536270495158,2.410543814316027,4.5984884248503075,2.1456416,9.230444687830792
2020-04-15,4.9822719094509536,2.4140849718356012,4.5859986914937885,3.138357,8.907684169190535
2020-04-16,4.958977553236045,2.412367891611946,3.6796143511780595,2.2079878,8.462765299454503
2020-04-17,4.404734584914519,2.410887884807461,4.062724483280695,2.146076,8.278232637391223
2020-04-20,4.276857843777238,2.413556259087401,4.012386052362565,2.1285088,7.970714948089855
2020-04-21,2.9994487066895554,2.41399309706103,4.206575307921733,2.2133265,7.912299128535295
2020-04-22,3.294824736664152,2.412253804851126,4.090601906322487,2.3164103,7.689932784961758
2020-04-23,3.425045533750098,2.4130701890781276,3.8499988836176615,3.2729108,7.301096020631103
2020-04-24,4.124693441249786,2.4123654067889406,3.557805013442941,1.7744879,7.0099232615633245
2020-04-27,3.878100778865387,2.410714923361528,3.511631909010216,1.7188488,6.742796815768093
2020-04-28,3.9589281946592543,2.413957442175694,2.8097282215749138,1.5601598,6.413127303515638
2020-04-29,3.0753528979756175,2.4123675351254663,3.1250370818142805,2.452755,6.392189569775818
2020-04-30,3.1656553365070064,2.4147833256146467,2.982185680351491,2.110653,6.112104941691426
2020-05-01,2.3486809828504986,2.415490281914856,3.44581134871658,2.2154408,6.1449717863348505
2020-05-04,2.33256482793241,2.4127465518969986,3.036120744000149,2.238151,5.841273591954354
2020-05-05,2.940772730551093,2.4132022797001826,3.1141478489877685,2.1605093,5.59271976762311
2020-05-06,3.3718795826333996,2.41397448628032,2.7366940359670417,1.771713,5.339156349305387
2020-05-07,3.3683871150852163,2.412969875641811,2.6458510924080443,2.0602565,5.153784299648257
2020-05-08,2.9771102960237656,2.412095419744989,2.3806142472181353,2.1106138,5.051405960957858
2020-05-11,4.226781821950511,2.413497684817287,2.1616066045519933,2.483325,4.802452842324139
2020-05-12,3.8572544971163683,2.414715719763967,2.604817496918556,2.5411093,4.809808102586665
2020-05-13,3.812077264853092,2.4150849487870136,2.7638838847605136,2.88185,4.765447120270085
2020-05-14,3.687374504252366,2.4123208419859092,2.6681288301689348,2.3745887,4.618794403296384
2020-05-15,3.6636567917651806,2.412399421491352,2.4190187113019634,1.6616436,4.406603948850741
2020-05-18,2.4328709402073585,2.4088564325574704,3.205595389374814,1.9061157,4.757787756102852
2020-05-19,2.6522459356102503,2.4121387063764708,2.836167849311522,2.349264,4.590354534638617
2020-05-20,2.056908203110834,2.4121377665577843,2.8804313838142406,3.3093348,4.545219032727846
2020-05-21,1.9870991680799028,2.4106803071107783,2.6839038967065463,2.8870633,4.354667131983854
2020-05-22,2.018731753993053,2.4129475630660657,2.5968260060592634,3.2515168,4.145845405221853
2020-05-26,1.804404054089826,2.4154426164016543,2.222942872590985,2.1095376,4.051367001979696
2020-05-27,1.679966852357471,2.4095894852504975,2.3355222106443994,2.667174,4.012500160630301
2020-05-28,1.6903826413855116,2.415567453706484,1.962733280753933,2.4254818,3.82249612481187
2020-05-29,3.0106857499992015,2.4091290323350782,1.9605949327357846,2.098852,3.655705934941967
2020-06-01,3.216377934113749,2.4103852334397633,1.9275107495889543,1.9082751,3.496070459089616
2020-06-02,3.1976997793407542,2.4050326268398985,1.8830937795695768,1.6878823,3.389124862174029
2020-06-03,2.9648898884055424,2.412828608055183,1.8452816195964543,1.7994229,3.37992021763213
2020-06-04,6.631605514994429,2.4057956945961165,1.7457847482147277,1.7450855,3.2286943029958786
2020-06-05,6.244265765579826,2.3999802776516086,2.5251129220121835,2.430748,3.617413511016919
2020-06-08,6.197645273837199,2.4114729943701994,2.4825191539353857,2.4894855,3.562552026409029
2020-06-09,6.440905664123127,2.3951588068722667,2.4250918166944904,2.3295655,3.4410738149438744
2020-06-10,6.43004036214702,2.404917092041356,2.299045073377007,2.4562852,3.3070808891596197
2020-06-11,2.4678082377864676,2.4004916346091676,4.468507065026398,3.07506,5.455346215886217
2020-06-12,2.2363871550018803,2.399417668269227,3.838906562016478,3.2732444,5.260955609779518
2020-06-15,2.1323316741309695,2.3960639254644054,3.783343664452004,3.4288137,5.049015823481987
2020-06-16,1.0597929035365603,2.396653167675756,3.985768975464147,3.335266,5.008410589189961
2020-06-17,2.761676990388606,2.405625674024604,3.835597811077917,3.4588678,4.7719596124407575
2020-06-18,2.9601355056220644,2.3995363066109143,2.193462870915228,2.7298527,4.538137386780442
2020-06-19,3.769883334738892,2.402934156266143,2.1507413787560035,2.1440704,4.33821892122425
2020-06-22,3.991485909419744,2.3950277821058665,2.103076695388273,2.1061792,4.1555973103397585
2020-06-23,4.164258072893824,2.399386829449054,1.6620653485435168,1.9877347,3.970181327852589
2020-06-24,3.339355743296378,2.398060982093077,2.5749036047931178,2.892277,4.247434146049657
2020-06-25,3.2118346316317776,2.9253035932621123,2.50268281603978,1.676666,4.1203126010656
2020-06-26,2.6238626808125285,2.9560390821592897,2.970562840212025,2.9501462,4.316043627322372
2020-06-29,2.414663021687657,2.930383935065847,2.975950614150957,2.3462114,4.250048060365086
2020-06-30,2.1888613587290915,2.9540969732813194,3.0328018012924405,1.7469007,4.155527431662403
2020-07-01,2.1517049730494047,2.930548267658485,2.653708345515221,2.0751247,3.9896194678204933
2020-07-02,2.315208101699569,2.9413011236343833,2.587115603348889,2.0652754,3.820615287115666
2020-07-06,1.9415413547980092,2.9315800280983306,2.4548824976041472,2.6420481,3.815634888548122
2020-07-07,2.086287345891365,2.9320808896796735,2.3291217867567187,1.9699876,3.7161792726816083
2020-07-08,2.1467111789921347,2.9382615215711265,2.184226250618167,2.0370739,3.585857348595875
2020-07-09,2.095532067405183,2.9244104056433655,2.145182248899336,2.0551584,3.443721301376826
2020-07-10,1.855563143883947,2.9273709289062855,2.2554391223420702,1.9280679,3.3700374901292682
2020-07-13,1.8261097481895168,2.9414104104615144,2.0964266533645404,1.7681699,3.2788069178466426
2020-07-14,1.3122532051876972,2.9186818697211705,1.991917115581407,1.5596657,3.2728506985643255
2020-07-15,1.0990159610397574,2.9159950521982703,1.9749578353420643,1.4297954,3.196059526254188
2020-07-16,1.5936976932639224,2.9348635583598197,1.8920774686097457,1.3777481,3.0592606881662445
2020-07-17,1.695144171344258,2.924931301958106,1.7665190328054243,1.4495915,2.9283490974102824
2020-07-20,1.6594070892243837,2.9276964939626873,1.8090570252775675,1.3097241,2.861302445476399
2020-07-21,1.7644576617205225,2.929884281646168,1.5493367934238405,1.323808,2.7384597914002735
2020-07-22,2.070104227126392,2.9222990262519732,1.5001249730892787,1.3906926,2.6525497315457267
2020-07-23,1.7240130687929174,2.938510078840454,1.764598806291262,1.9185998,2.6922216848011473
2020-07-24,1.7816582285951084,2.9234403439801326,1.7518974759968533,1.2975547,2.6198626892177117
2020-07-27,1.7681485164743358,2.9139961851637906,1.695867649024738,1.4098291,2.5651499624853433
2020-07-28,1.6941406402232233,2.9268783097762143,1.7220113698806028,1.5127585,2.5011204420384026
2020-07-29,1.3263980128875907,2.923070458085054,1.860186633514956,2.1158633,2.5643663580765237
2020-07-30,1.4406308646556378,2.9229985569958994,1.619526101750988,2.0121775,2.4690633129555417
2020-07-31,1.2087238846383936,2.9252560988016287,1.6737959444648323,1.3406469,2.437440573611161
2020-08-03,1.0344569557273147,2.927042009423097,1.659185222998958,1.3668425,2.3923036890058946
2020-08-04,1.2683105713504945,2.9225393136586924,1.5983983717910069,1.453952,2.311010427529222
2020-08-05,1.7726672220533108,2.915351628528473,1.4550008165483443,1.2553248,2.2646792830842295
2020-08-06,1.6526510811795847,2.9158768668396013,1.4972674939441386,1.2170229,2.2298027118801307
2020-08-07,1.6510955461357142,2.926621308067098,1.3411303026752759,1.0116454,2.141138409215358
2020-08-10,1.6545710894647843,2.923381999312854,1.2919088477840397,1.1070678,2.069544847250826
2020-08-11,1.448123936106865,2.9360225299207103,1.4315854225762656,0.9162202,2.0851620970718265
2020-08-12,0.5949543151890417,2.914297741480983,1.6981715920258573,1.2128923,2.257768810321775
2020-08-13,0.6464166654235546,2.927769182468369,1.513691579467168,1.5300902,2.1709174165518155
2020-08-14,0.7370510462748513,2.9188404796000933,1.4850495549990228,1.3414109,2.085298214042635
2020-08-17,1.2079601007541942,2.9206167108106253,1.5170282494547707,1.3883021,2.0191991518654264
2020-08-18,1.2387963586383384,2.9243206997973794,1.4254240446026762,1.1015126,1.9500647386980932
2020-08-19,1.5348249477342313,2.92740797816633,1.1032739186391058,0.9613077,1.9046101774661217
2020-08-20,1.5188057956748295,2.919238204775975,1.1138026659486913,1.0470818,1.8510558919273137
2020-08-21,1.6111737874910235,2.921106313963578,1.1510644200477302,0.8994538,1.8060005738915965
2020-08-24,1.308073855600145,2.918893344765355,1.3945220875926403,1.0239933,1.9011024768262266
2020-08-25,1.5709242656466313,2.9224211281922177,1.3381478776105944,0.9053874,1.8516658991794326
2020-08-26,1.8801425307526543,2.9219333810781585,1.524402468842464,1.0596784,1.9371208256572865
2020-08-27,3.9688451912359883,2.9191878352298537,1.4370273361003896,1.1642888,1.8738393795047694
2020-08-28,4.001161886457579,2.926640657685596,1.499557003641767,1.5189317,1.8709501911877247
2020-08-31,4.853064898881593,2.925460595935392,1.3529110032155582,1.0430899,1.8253163104769499
2020-09-01,5.147565916306016,2.9147544243159165,1.5162754381824561,0.9608521,1.8973360805411017
2020-09-02,5.244368482949778,2.91383875714414,1.7086039242710194,1.0205616,2.1227723619511334
2020-09-03,3.9040337797119364,2.9122340694497106,2.8615270001883037,3.543127,3.3248803638175994
2020-09-04,4.035057658950819,2.9237305161867004,2.6145341740137367,2.2871888,3.2297501820830803
2020-09-08,2.9767553451196984,2.930153359515961,3.1999207860105607,3.2263842,3.7155888931398566
2020-09-09,2.2793140169713366,2.9183914515014795,3.2645971501879325,3.0699425,3.8310733832212405
2020-09-10,1.7051244121815554,2.923573089250197,3.3038593763751196,3.4011,3.877683992039785
2020-09-11,2.060511423716184,2.9192574542872882,2.6055305743346633,3.3668165,3.692811352569451
2020-09-14,1.945770557734898,2.913491004117741,2.7786064165007494,2.9578545,3.6522068793154214
2020-09-15,2.135129419266958,2.919766689838649,2.2851760441678906,2.4881449,3.5001154140324116
2020-09-16,3.1474168415947497,2.9222190085056807,2.001530516147965,2.2030268,3.3493834307230177
2020-09-17,3.0326029798836704,2.913436973578095,1.8278773922464646,1.5131593,3.2617918650407476
2020-09-18,3.2292183564096626,2.9255036722678978,2.0034063423231787,1.7507704,3.2300623874588044
2020-09-21,3.4480258370742285,3.0215785671849518,1.961766787125859,1.8573542,3.193494826483886
2020-09-22,3.3407086037903504,3.0215033024456797,2.032104466256995,1.9745202,3.1400932687644967
2020-09-23,2.4950437286336196,3.021658925061605,2.5952085310274544,3.180003,3.474611188722999
2020-09-24,2.562012868188666,3.0216157670435186,2.3407257442325617,2.0363169,3.3180238861565456
2020-09-25,2.2140374953706687,3.0216330178708843,2.564056360978901,3.4595141,3.384971486483841
2020-09-28,2.297396476630376,3.021619727876349,2.6648151128793556,3.710256,3.4556190289544957
2020-09-29,2.6513813900587055,3.021609880641086,2.516426336540765,2.3975205,3.3194346294758317
2020-09-30,3.072026090034659,3.0215985328603683,2.20515410757596,2.294103,3.215846708068979
2020-10-01,3.131506980913385,3.0215969289154896,2.221876535584559,2.4810266,3.1051877435528885
2020-10-02,3.1123465065559888,3.0216128422402955,2.1158834023936057,2.0104656,3.0486461293877527
2020-10-05,3.023917603045658,3.021656675202911,2.2333679920525262,2.3839502,3.1947028472435055
2020-10-06,2.742768749625321,3.021694887637574,2.2769790839166983,2.9725583,3.2314337427526456
2020-10-07,2.2230750768867376,3.021713218674842,2.4862401233424682,2.877733,3.3430579549183554
2020-10-08,2.0442211924009537,3.0217132099615767,2.3808172465173048,2.5464149,3.255785608885315
2020-10-09,1.8417532743442762,3.0217035261372844,2.352117459272829,2.2424052,3.1762824634030897
2020-10-12,1.786651198184997,3.02170675042425,2.3826002653349265,2.9869921,3.258210107632616
2020-10-13,1.709748550502499,3.0217374734132223,2.183123082457211,2.6414814,3.146378121502974
2020-10-14,1.6005656878960655,3.0217411386066604,1.966508499012117,1.9036028,3.0393657218894954
2020-10-15,1.686938572894256,3.0217211442538496,1.844808843496889,1.8986462,2.9030269963188733
2020-10-16,1.7195917855864056,3.021713889780517,1.7578103747374656,1.2983449,2.773481145265529
2020-10-19,2.0221570244151983,3.021746756638679,1.8917428188002825,1.5562354,2.889229963851446
2020-10-20,2.01209863955301,3.021732330802942,1.7419760092457246,1.2115642,2.776341381325276
2020-10-21,4.013346371809873,3.0217186355849868,1.669214862454026,1.9698997,2.657644266442317
2020-10-22,4.102470231014371,3.021698571982084,1.7325336431647667,1.7654332,2.5750402300172155
2020-10-23,4.220609944244425,3.021686508008017,1.6809741009953132,1.414402,2.4775773319238925
2020-10-26,3.9467247533744683,3.021758695139264,1.9776165077403662,2.1795795,2.7542851121867993
2020-10-27,4.303542302783617,3.0217334888407303,1.8048153984975603,1.5476252,2.6457843655405706
2020-10-28,3.363278807263803,3.0219015120400994,2.9711798071290767,3.3909845,3.633560499907515
2020-10-29,3.7442993895058043,3.021920412339663,2.7702463165457853,2.619148,3.544079773671941
2020-10-30,3.5947360790845053,3.0219524707534235,2.824047297100443,2.5328631,3.467740737632203
2020-11-02,3.6385617920157363,3.0219779615594655,2.728667159246448,2.7696917,3.4095051563520578
2020-11-03,3.193365106580677,3.022011562547981,2.945971140397565,2.549443,3.5053734701894075
2020-11-04,2.4207037509060014,3.0219428380121025,2.633107418626499,3.05529,3.72936059312994
2020-11-05,1.754810513168436,3.021952484940492,2.7667416481199556,3.312475,3.836266531440276
2020-11-06,2.229189644276401,3.0219473442104214,2.5016122677299357,3.1859808,3.653529980000289
2020-11-09,2.2246143086014936,3.0219626361503007,2.643949972132112,2.7106159,3.604591168128187
2020-11-10,2.2843413327564095,3.0219701093419142,2.3559187563313,2.849822,3.4364698184063216
2020-11-11,2.4772065028334347,3.0219804452948638,2.0963528360765533,2.2748654,3.3226688043050894
2020-11-12,2.3157798509303396,3.021997780890181,1.860947399234185,1.5836277,3.2518279744788896
2020-11-13,1.9860881380180229,3.022028790369097,2.096826124073218,2.226625,3.2686050071021744
2020-11-16,1.6621518895483578,3.0220197373854543,2.0920380963612963,2.1364186,3.2534094151299797
2020-11-17,2.2421384969713896,3.0220418779303593,2.048856641748304,2.3677642,3.129552268698887
2020-11-18,1.8933977612165753,3.022068771281198,2.184559562248864,2.28882,3.12143165081057
2020-11-19,1.8670238018165424,3.022050198622134,2.043859749686251,2.3019698,2.9954965275005385
2020-11-20,1.7917813505526978,3.0220681317901246,1.943163142400599,1.9428588,2.9062262486229975
2020-11-23,2.0091399390367535,3.0220666277412773,1.8073661481359102,1.924492,2.8120442161138066
2020-11-24,1.2351229167476754,3.022059086634421,2.149267125698483,2.5068665,2.942512963496371
2020-11-25,1.22574998013781,3.0220906594103947,1.8482356847596375,2.1583114,2.8126795086272836
2020-11-27,1.4701638620911939,3.0220140365221297,1.8496869452269225,1.9995426,2.6961208960761494
2020-11-30,1.4166288017390611,3.0218792977135944,1.7494223492973155,1.6973399,2.5997318751757925
2020-12-01,0.9533470804241122,3.0219663549463225,1.8991977294525562,1.5723989,2.6179724592268894
2020-12-02,1.2947516192213853,3.0217522854220285,1.5003793719785143,1.7405117,2.5098219673737288
2020-12-03,1.2948777366365962,3.021665021181215,1.4685532853522614,1.5081824,2.4033140790469854
2020-12-04,0.9768331443193059,3.02163422072655,1.6260019372552152,1.3337506,2.391342919433139
2020-12-07,1.0551238302611095,3.0216420890191724,1.4960827120996705,2.2805676,2.2971511483695637
2020-12-08,1.6826574056922312,3.021624871325422,1.2841504231837755,1.2578607,2.214459548076098
2020-12-09,1.4297741650135536,3.021630103992556,1.4868489733563028,1.23245,2.2307796376787885
2020-12-10,1.5343244410571015,3.0216364609378017,1.3847270817349535,1.0470183,2.141518676806212
2020-12-11,1.581287672220228,3.0216383749999616,1.2677986638921999,1.359252,2.0596476539314255
2020-12-14,1.5579977361628243,3.0216349243042613,1.327031391278058,1.2036344,2.0095218040342027
2020-12-15,0.8077033834382472,3.067539762839402,1.6710199407901343,1.5999732,2.1805933354424907
2020-12-16,0.797408703893532,3.0787473531947227,1.4339297089170948,1.3000494,2.097656031618411
2020-12-17,0.6896711287548237,3.0674966124013796,1.499086417884055,1.0717689,2.0595870350749363
2020-12-18,1.0233909805042547,3.074650725176076,1.5004925251293983,0.9492797,2.0036803219685684
2020-12-21,0.9775054351525734,3.0746625742428453,1.4695875749754241,0.9349605,1.9474371541400095
2020-12-22,0.9733378728269558,3.067601233283439,1.15388284102823,1.0608563,1.8805589252937542
2020-12-23,1.09369690331232,3.06814814891472,1.1356577924451154,0.8800331,1.8151420297486973
2020-12-24,1.7100697932564701,3.0674572802754096,1.1195282182984818,0.9436151,1.7769188045149122
2020-12-28,1.632068519618787,3.073301128643876,1.268899395831641,1.3588125,1.8331503758487415
2020-12-29,1.7269823112686866,3.074254150325706,1.186082808685636,1.2481508,1.7754774951441399
2020-12-30,2.2665562559668038,3.0718534418996017,1.17879206756408,1.498611,1.7193094566436047
2020-12-31,2.281058187458836,3.0700462105796156,1.2627194397072505,1.1957763,1.7065644384602792
2021-01-04,1.944677054236592,3.0765817250800174,1.600565489388073,2.3888264,1.9454153045386489
2021-01-05,1.8196538428582345,3.0674167926422315,1.5094046726007166,1.4071707,1.9437490435850722
2021-01-06,1.7401628458602922,3.069161759925506,1.5431328375002307,1.1006871,1.925425796244312
2021-01-07,0.9879746203633476,3.075596706999773,1.8614246593656847,1.2282374,2.1601368359920134
2021-01-08,1.0904192122568088,3.0699564730827684,1.7822173975497682,1.3266841,2.1184588205573576
2021-01-11,1.1589949037069824,3.0678980091696557,1.6653554759509004,0.99113095,2.0983623197455565
2021-01-12,1.7977060730800032,3.0673540954808454,1.5413383115058725,1.155828,2.017438897817302
2021-01-13,1.7798121805035108,3.0732456129971815,1.5352624610830854,1.1296163,1.9521347275941592
2021-01-14,1.780554479206817,3.0683674314226037,1.2488447820448527,0.90351444,1.8989858230405905
2021-01-15,1.6702012563415536,3.0678775954047772,1.3308597755835876,1.0039672,1.9115232239610593
2021-01-19,1.484004450470753,3.067442592231986,1.3465214885297832,1.0713239,1.9338055015070255
2021-01-20,2.536923086889894,3.0692934313108657,1.6806421300579566,1.1384021,2.1294222362192365
2021-01-21,2.6760024580540667,3.074308681830878,1.5442329690456953,1.1306872,2.0475850841351004
2021-01-22,3.335391922008193,3.06734215042849,1.5698367051248832,1.043386,1.9877303796209942
2021-01-25,3.700705677222546,3.0946204906388086,1.5305898824141564,1.3211794,1.93654603854477
2021-01-26,3.9550480155185563,3.069822819686616,1.4340833997705602,1.2135744,1.8698063874837565
2021-01-27,3.086413505272763,3.071045627271241,2.1451167626309475,3.6398149,2.5874091861847393
2021-01-28,3.173310412219773,3.067463407792753,2.0475595070594874,2.2697449,2.558001635303334
2021-01-29,2.476820091432269,3.0932451331171698,2.4533981382568966,3.44101,2.879821358520009
2021-02-01,1.9817169279606843,3.0679117002849705,2.5848890388159322,3.5419059,3.0167821933482233
2021-02-02,1.4000160695709323,3.067848205007403,2.6774416885938264,3.0903609,3.066581238510233
2021-02-03,1.3984878856758034,3.0673607163702936,2.2040301917605927,2.9596715,2.927786447260372
2021-02-04,0.8393768785542279,3.067367589584349,2.3359548855359966,2.3627677,2.921952433056775
2021-02-05,0.8905368622580918,3.0678718745254705,1.987172002660945,1.8786103,2.8064259520313217
2021-02-08,0.5316879304730301,3.067342755631686,1.8257535529872118,1.4616576,2.735875909843081
2021-02-09,0.5279958404361583,3.0688432437131787,1.5141371168220188,1.616258,2.61624453620192
2021-02-10,0.6773266045677893,3.0710045439620943,1.5084058303629255,1.6614263,2.503461512676707
2021-02-11,0.6811541662551864,3.069461715383388,1.2960799650858887,1.6167744,2.4003031113946234
2021-02-12,0.904073040658018,3.0692806677779587,1.3508010921586524,1.409809,2.3298481132157636
2021-02-16,0.9080556836533344,3.0696422254058184,1.1693418483362157,1.0402733,2.2352103173831814
2021-02-17,1.4230589756764331,3.067629169073429,1.160550823816416,1.0882039,2.145599461033477
2021-02-18,2.79146107983582,3.0674656534159213,1.255526159477104,1.1378378,2.086233499173805
2021-02-19,2.8333542429856955,3.0684336037704827,1.22726243661442,1.3879715,2.010401159172173
2021-02-22,3.628799950082664,3.0775712319402224,1.3609633964795678,1.606655,2.019832246151844
2021-02-23,3.7104061915871798,3.0674802852598546,1.2989583102234408,1.6215339,1.9460612553615937
2021-02-24,3.787363402771636,3.0685593396614474,1.6070216509570172,2.0563552,2.047108451626949
2021-02-25,3.1536647994167146,3.0745890238471953,2.327322192500969,4.296256,2.6873555700964413
2021-02-26,3.605803002574346,3.0720274537245014,2.157816087844563,3.2351532,2.5991367308396365
2021-03-01,2.7412509513850143,3.0760313888458013,2.651230548728575,3.7855551,3.067528162523176
2021-03-02,2.9850481028189315,3.0683825161342,2.5247506531716692,2.802693,2.986392666903863
2021-03-03,2.7418068707689662,3.0760836418408615,2.5892509193587685,2.843254,3.0217621742712395
2021-03-04,2.642867426512052,3.0693087726670023,2.3210260052163907,2.6131477,3.0322178300127
2021-03-05,1.9182685139100903,3.071606927568976,2.567220259989524,3.4873676,3.2011602465654705
2021-03-08,1.9452872684584752,3.0676358786523386,2.0997728622731575,2.4227045,3.076891746484349
2021-03-09,1.3380463965748486,3.071170758240501,2.2917344257170593,2.4983153,3.1232745192257254
2021-03-10,1.2333694981193937,3.068332926556148,2.1200555650871613,2.638792,3.0167102885395534
2021-03-11,1.6283796698712751,3.071209218074053,2.1232925256185586,2.6956491,2.9778360277023377
2021-03-12,1.6333427269392014,3.069999599305268,1.7528788751045763,2.2109687,2.845362796050775
2021-03-15,1.7166543986338254,3.2483388049314232,1.8114042877913383,1.8335863,2.7551062176451646
2021-03-16,1.8855904365764267,3.248821341047743,1.5266499832479659,1.8165576,2.6355611785935187
2021-03-17,1.9233518209199083,3.248962462319264,1.5053664748607778,1.5294012,2.5342927596068163
2021-03-18,1.3659385400065436,3.2501479594814144,1.7881873226473621,1.9108965,2.66341269163823
2021-03-19,2.09455798726987,3.2480043276934896,1.6652053269712663,1.9855677,2.551382442201101
2021-03-22,1.9383323582194762,3.248873997388695,1.7612144966809389,1.2924762,2.5140057319776417
2021-03-23,1.7897581854705715,3.2504317035563086,1.831832663278846,1.2843021,2.4789812976907237
2021-03-24,1.7627117998414636,3.251261178115742,1.8166109539210094,1.507215,2.404796947776834
2021-03-25,1.9864947188716138,3.248992278139575,1.6047105286559806,1.3635217,2.3426531947164446
2021-03-26,1.8497098345456264,3.2517100226724396,2.003272294387432,1.791956,2.545976666338244
2021-03-29,1.8499635030923718,3.2485467943313706,1.74246732098003,1.6479876,2.437492643894551
2021-03-30,1.834436491475819,3.250138543975233,1.7033800412576112,1.5334878,2.343770407425291
2021-03-31,1.8508902359374029,3.248142691180814,1.655352821407123,2.016497,2.2676954147870774
2021-04-01,1.6723657520690893,3.2484033282158475,1.8141081630708915,1.7120593,2.320181750117401
2021-04-05,0.8758927528082718,3.2480081729846138,1.797054407024072,1.9910021,2.4683700875902397
2021-04-06,0.9226425598684366,3.248691563650699,1.6484313401697261,2.3587334,2.364704356363936
2021-04-07,0.9772020532730541,3.249100335044682,1.6129995469242766,1.6348375,2.2686263259130635
2021-04-08,1.3683379201956634,3.2483617276079686,1.654195327543611,1.3199524,2.2056126656886876
2021-04-09,1.207879993362134,3.2483664650178437,1.5915143857799334,1.2090603,2.1863073968907036
2021-04-12,1.3039164990551626,3.2482660207384457,1.2063888730112204,1.031991,2.099889293598703
2021-04-13,1.467184911799197,3.249850652250662,1.2388237525391825,0.91797894,2.030957497758887
2021-04-14,1.7095449951094517,3.250213152966462,1.2660264201660574,1.0304227,1.9710878492992752
2021-04-15,1.6194835697864822,3.2481674009595785,1.5005035624034533,1.3164785,2.0604576442488516
2021-04-16,1.9168599835661004,3.2481066996205104,1.3666718350030511,1.0203009,1.997641777930769
2021-04-19,1.864213641601653,3.248037115691988,1.4214844058340603,1.1232913,1.958313473114793
2021-04-20,1.7134041870534842,3.250229834438941,1.4896863176004562,0.9190989,1.9652459972760667
2021-04-21,1.4316566011411054,3.250111409003151,1.6158839070267161,1.0469935,2.02030420519268
2021-04-22,1.2693698397737632,3.2522407861134144,1.580634700884686,1.4730686,2.06245316507112
2021-04-23,0.9396139465453532,3.248090060115609,1.7198016002482335,0.9385959,2.1421856088216704
2021-04-26,0.941160759395664,3.2567031644104367,1.6114625460608556,1.3313774,2.0643222574137905
2021-04-27,1.1261749244670314,3.252893135206619,1.530070661906261,1.2698573,1.9855983573709195
2021-04-28,1.1262426947263364,3.2515928173058954,1.387112384415157,0.98700076,1.9120648486784138
2021-04-29,1.2237314791511118,3.24854552304122,1.3880017724355809,1.0001972,1.9038065652949958
2021-04-30,1.260485158081123,3.2536008238753094,1.2654526723566941,1.0059723,1.9009347428671588
2021-05-03,1.591471000844679,3.2480588583204453,1.221122555909247,1.1538254,1.839999478051975
2021-05-04,1.7185729016374007,3.2511354706284026,1.322953843880884,1.1981702,1.8356644245107334
2021-05-05,2.750247246720773,3.248020606138141,1.2358628454372054,0.9493652,1.5676227091025874
2021-05-06,2.8908548426047185,3.249234280198301,1.3585236636190894,0.9746416,1.7965726765636125
2021-05-07,3.1864342552325424,3.248559419843689,1.3736504085071632,0.9281739,1.8968203686046856
2021-05-10,3.0377475361934003,3.25187386349029,1.5411013615835827,1.4879732,2.165707776564918
2021-05-11,3.0286955057547513,3.2491503004089797,1.5852857461861856,0.9921255,2.2700051852871037
2021-05-12,2.1518770456319567,3.256237940717391,2.170097186755156,3.0145922,3.498348747006383
2021-05-13,2.0856060752657286,3.252594669601991,2.146812361001839,2.3765905,3.426259001379953
2021-05-14,1.4262838726086133,3.25305957023439,2.3180943146834476,3.2785094,3.600757567635527
2021-05-17,1.7314950030074125,3.248471730326378,2.1245891718300642,2.4097378,3.1392780730994545
2021-05-18,1.5161334536055577,3.249705517297702,2.187233684212435,2.2778015,2.9677660418476366
2021-05-19,1.506333887996693,3.251229754254196,1.781612743165613,2.2814353,2.6156564382807725
2021-05-20,1.0615057838716686,3.26952928001817,1.8405972889961673,1.9223253,2.705711050207501
2021-05-21,1.0733294371186388,3.248334229091385,1.4619580128845442,1.86672,2.3772424188020675
2021-05-24,0.362081861152977,3.2513369417309765,1.8716739126388955,2.1246939,2.4999884704026174
2021-05-25,0.32627146756529823,3.2485544712190517,1.5434294865864315,1.5157835,2.2246019040248646
2021-05-26,0.4532123898514277,3.2521049648896008,1.531808878585715,1.5253135,1.996464628104716
2021-05-27,1.0156593498849888,3.2509474970743635,1.2408603093189194,1.229543,1.7948544375755378
2021-05-28,1.0045106917562345,3.2527295821202147,1.279509955464521,1.4689035,1.6486232734222168
2021-06-01,1.0008652334472798,3.2482991307087796,0.8478382020748207,1.1130958,1.5196333521625291
2021-06-02,0.9996667681577648,3.250781371980076,0.8423518319019598,1.177271,1.4291233746770298
2021-06-03,1.0373856870426281,3.249725287152116,0.969390319241551,1.2626235,1.4317164031319696
2021-06-04,0.5239362171665295,3.2480207770970377,1.428814488043421,1.4090412,1.8109271081475384
2021-06-07,0.5613469929596402,3.2480976542204663,1.2181897035783023,1.3028888,1.6492842180577572
2021-06-08,0.5902217752590468,3.2485783280390983,1.1934585541266909,1.2538726,1.5158860575047002
2021-06-09,0.7997313123401634,2.344444397736652,1.2219927816339955,1.6227828,1.424738626944812
2021-06-10,0.6523645755330156,2.344451079420337,1.317932970025082,1.3401767,1.4754383706540632
2021-06-11,1.4977100660894587,2.3444797901971675,0.9445744027941851,1.1849312,1.3967057794840514
2021-06-14,2.0527027656228363,2.3444210201000253,0.9492062540020955,1.169174,1.3516175151288645
2021-06-15,2.1128610596390938,2.3443639190308443,0.944367675175675,1.3227725,1.3068738419970907
2021-06-16,2.040889595724147,2.3443878097746165,1.1401422147629603,1.0450466,1.455149779606881
2021-06-17,2.1241526548685217,2.3443984938139737,0.9229230793263913,0.9449973,1.3642678864434785
2021-06-18,1.6712120983251997,2.3443170144542678,1.7496773559115453,1.3972045,2.2233344450569823
2021-06-21,0.9016789241680349,2.344435790465529,2.0995092646617644,1.6323972,2.7374384955266784
2021-06-22,0.729124214533357,2.3444472945502857,1.9037621336316857,1.6946411,2.5037569403844335
2021-06-23,0.7239842083698783,2.3444344487984865,1.7590445522489846,1.8205963,2.213793706697348
2021-06-24,0.6936013099114806,2.3444364003207574,1.9186272136007931,1.3803077,2.120853195699154
2021-06-25,0.9670586330572106,2.344400224058984,1.6012367581833518,1.8436762,1.9523218695731703
2021-06-28,0.9632662714945494,2.3443812071127326,1.1227605451494496,1.1854488,1.7781661755782245
2021-06-29,1.024421878935292,2.3444112391915275,0.9870322686341411,0.92322063,1.6196131259208
2021-06-30,1.3083401250855662,2.344405729077248,0.9914889610301654,0.8973628,1.4963921602204284
2021-07-01,1.5919948235358954,2.344410513295267,1.0942543926531867,1.4388134,1.5773505229311997
2021-07-02,1.443059629141209,2.3444088476369234,1.3078960417127852,1.4570923,1.7766075854618295
2021-07-06,1.4716628834374397,2.344403031283751,1.1593777759238808,1.4440062,1.6348997508001424
2021-07-07,1.4365116214231548,2.344414916681012,1.2311292739902269,1.1665667,1.5758780434730673
2021-07-08,1.229318256779428,2.344403638820301,1.516024266371785,1.4725024,1.8197988691940012
2021-07-09,1.0018939566692942,2.3444337373377566,1.7485114227181922,2.1468773,2.1738100392807063
2021-07-12,1.7576923208564195,2.3444344633894096,1.4872672639135907,1.4102765,1.9951173485699112
2021-07-13,2.235497252548198,2.344437451769964,1.4988242409228592,1.5984572,1.849163132618977
2021-07-14,2.371801879014497,2.344465839091975,1.4303647140266198,1.3933814,1.6865651049862034
2021-07-15,2.356300118268826,2.3443654028378464,1.3609012994698175,1.3855996,1.6108788655438149
2021-07-16,2.4453498009837626,2.344389146511736,1.347184940192914,1.3489212,1.8180476886280532
2021-07-19,1.95609998686252,2.34426280286803,1.9687731403633302,1.5077434,2.577955924203609
2021-07-20,1.4178960888974568,2.3444645149898524,2.238817772958125,1.307434,2.955966265168551
2021-07-21,1.1669992163173932,2.3444530261630967,2.1542774839737544,1.5375403,2.796655414992712
2021-07-22,1.2204202556233599,2.3444343999969486,1.9818743083955066,1.5962085,2.4658645291542647
2021-07-23,0.8238622540036562,2.3444417862533835,2.2427233957956885,1.6705983,2.568146752124789
2021-07-26,0.8140931104802996,2.344451692686298,1.767787038524437,1.5366905,2.2844917740400894
2021-07-27,1.0538493206123127,2.344391887405031,1.5122440509248938,1.3416201,2.1171368377513664
2021-07-28,1.1627855557270448,2.3444330024087128,1.2634834436566242,1.1316926,1.8921470257540753
2021-07-29,1.256701529590788,2.3444240481027085,1.388595013708363,1.3449873,1.7959845295012478
2021-07-30,1.170284951544918,2.344365596879672,1.1817896606982394,1.191405,1.7562372805413555
2021-08-02,1.1541570522207885,2.344378695675084,1.1069349435889828,1.1720713,1.6247768112605123
2021-08-03,0.8312720259258142,2.344462861184524,1.397177150482911,1.3036708,1.8446016389182236
2021-08-04,0.7137533693613057,2.344425374033645,1.3775151061895898,1.2771742,1.7955141491206508
2021-08-05,0.4477449797732543,2.3445108738902576,1.4684028252435215,1.3485138,1.8356102728630141
2021-08-06,0.4541734050022401,2.344278693767293,1.3012440314628437,1.2767677,1.6784351252127265
2021-08-09,0.5049344953896773,2.3442575928026224,1.26643669065438,1.0491391,1.5425037398770562
2021-08-10,0.8197728287864702,2.3443031224408366,1.084613817861181,1.1659913,1.4411484493853695
2021-08-11,1.3496716814210312,2.3443270791335515,1.048032795377813,1.3908899,1.39247377418427
2021-08-12,1.3251402592136898,2.3443037678157754,0.908566731455749,1.209565,1.3741767328433883
2021-08-13,1.5333215249478696,2.344236212239387,0.8828266549442001,1.2233235,1.323422039977183
2021-08-16,1.750083553584052,2.3442688320721747,0.9247927320705246,1.1524259,1.300545865410359
2021-08-17,1.6295479109806195,2.344193499327537,1.2095226878355174,1.2793965,1.521992420232064
2021-08-18,1.2199190473377612,2.344210782118318,1.6159568554260568,2.001645,2.0373383535551373
2021-08-19,1.3471559227148844,2.3442528342930937,1.347133611356579,1.1052245,1.8381590500234928
2021-08-20,1.406776632622316,2.344284738824128,1.6261697164318891,1.2218424,1.972067386245872
2021-08-23,1.1851309699962644,2.3442830852793124,1.7775649983598723,1.4300132,2.122710848988631
2021-08-24,1.1837889694645956,2.344270318703231,1.5191332444558834,1.6142647,1.907617568343958
2021-08-25,1.1662901403940713,2.3442627499504525,1.297575178586948,1.179429,1.744285891385735
2021-08-26,1.050728353624746,2.3442558669484983,1.4677408275487311,1.1149153,1.775589500442106
2021-08-27,0.5588292220637257,2.344267815773231,1.583931494864216,1.2519327,2.003953678582278
2021-08-30,0.4980698611495229,2.3442812927271537,1.3440240325687647,1.1045508,1.8920044627292718
2021-08-31,0.4908656736982219,2.3442583229926957,1.268362774872911,1.1156365,1.7206100732879162
2021-09-01,0.6497135519877814,2.344271972965074,1.2340912446744166,0.9476782,1.5737613313524663
2021-09-02,0.9769142153697415,1.8211840504744534,1.2266273708420257,1.1750337,1.5124599736541067
2021-09-03,1.0095060557627589,1.8213896157689002,0.8719797629530519,0.9617521,1.4085015689561453
2021-09-07,1.0879254758370451,1.8238506710055413,0.9184700476010956,0.98577124,1.4105673274000365
2021-09-08,1.3640510786031341,1.8198177474367498,0.854864694097843,0.99351364,1.338954227829119
2021-09-09,1.3045353332374876,1.8193829521285336,1.024571068379543,1.2350372,1.3962737707149007
2021-09-10,1.425979718474653,1.8249484340669402,1.3085566247505438,1.1845616,1.6876047070543303
2021-09-13,2.1898495057524836,1.8100827006333369,1.1926025080529445,1.1757337,1.5829728492844801
2021-09-14,2.124044366883536,1.8322877922267975,1.3110208182583927,1.1483058,1.6310784595015262
2021-09-15,2.182191522009803,1.8181530321436594,1.5477579040448097,1.6976347,1.8655259675979285
2021-09-16,2.4890287327914056,1.8202754125294172,1.34439405403787,1.6114701,1.7011435551000453
2021-09-17,2.294374948297201,1.8298675096008343,1.6243093013638192,1.8328258,2.0302265107393462
2021-09-20,1.5870980425061836,1.8328084492428915,2.2503269529894374,1.7437332,2.885671824761671
2021-09-21,2.5796079168651147,1.8219718126107887,1.8139777415428548,1.7337857,2.527096401503114
2021-09-22,2.395904977921793,1.814409952584125,2.069658682761061,1.65871,2.5750168681997008
2021-09-23,2.4071293075464086,1.8131185555251483,2.30963966249704,1.7755034,2.779082460430351
2021-09-24,2.676369180827965,1.822599813219027,1.9363600926932465,1.6315025,2.4453570377825615
2021-09-27,2.9606906009800706,1.8267408479897136,1.56284163046662,1.7402686,2.19331154213807
2021-09-28,2.3859561534462252,1.8318460060746207,2.594508057851551,2.261379,3.340974391976084
2021-09-29,2.415888068069113,1.8215122233329823,2.0156973626204593,1.5324701,2.9120578717290413
2021-09-30,2.2505932887126985,1.822949330282707,2.296768791056259,1.5066159,3.0269407594443956
2021-10-01,1.924246037693555,1.819683852042812,2.4465125749975862,1.876302,3.0742985901328574
2021-10-04,1.5955742439276646,1.8309525414512395,2.6476261453225254,2.4539642,3.189602979091821
2021-10-05,1.238979749088143,1.812098921682243,2.258155627680078,1.9899222,3.1001861014784056
2021-10-06,1.2214822624032569,1.8190545888621072,2.120336657773579,1.9317299,2.758283875817192
2021-10-07,1.8797451410883008,1.813187928146545,2.1410304240574667,1.8876721,2.6761262245655084
2021-10-08,2.0188429701645294,1.8169536919174534,1.784157500054038,1.9175746,2.3627949714221708
2021-10-11,1.9066099858915984,1.8159704231601472,1.7346305037215857,2.0795982,2.3049017751891205
2021-10-12,2.0408514796534707,1.830972961317294,1.4072471939087166,1.7961282,2.0707699528264865
2021-10-13,2.046893873038108,1.823316523593021,1.4258693643944431,1.8078526,1.9143599616563098
2021-10-14,1.2145588727524277,1.8114224062299606,2.1434084065187036,1.9485624,2.8134529196578177
2021-10-15,0.9540914194600184,1.8222147923107619,1.9939667388038496,1.9498571,2.6630256912352266
2021-10-18,1.053077898021612,1.8202302652068099,1.8137800136302094,1.7560554,2.372299927638842
2021-10-19,0.7255453711779684,1.812870197612026,2.0075417279262098,1.897277,2.335896324610568
2021-10-20,0.7549060673823638,1.8178274373456136,1.9029481929608882,1.8964472,2.1347850826084644
2021-10-21,1.1933689378465686,1.8214933836669556,1.3943088993270325,1.7961282,1.9370139351978544
2021-10-22,1.2060155296790884,1.8181164027279637,1.2010758218037896,1.76146,1.7509395792611495
2021-10-25,1.0945069276001478,1.815861350485723,1.3595967515115768,1.3819693,1.7479372131747362
2021-10-26,1.1630433881319728,1.8250120626055513,1.0604684257425903,1.4681083,1.598412587931774
2021-10-27,1.2353217684415354,1.8201563570913895,1.1668189257103725,1.3419117,1.5895012899758432
2021-10-28,0.9082761679900615,1.8184232786643788,1.5284217131064786,1.2805083,1.9470329212185888
2021-10-29,0.9506996943419301,1.8202566896922077,1.3454555257259562,1.3347167,1.7742172112932073
2021-11-01,0.9389239581834506,1.8189051696066314,1.2645345452591026,1.3346101,1.631005604870615
2021-11-02,0.9101544182274617,1.8187430909700413,1.3536066114245415,1.2972293,1.5944131007593625
2021-11-03,1.053731264389865,1.8182347326088866,1.4370546163542088,1.3471557,1.680629286928322
2021-11-04,0.9435857602560955,1.8194220934362453,1.208803349184977,1.3727475,1.662753214101033
2021-11-05,1.1557184767993005,1.819462010481196,1.2015575653232868,1.3536294,1.5944107679953818
2021-11-08,1.1530709496874376,1.8214318080738965,1.1233995004541377,1.3336514,1.4767238046330833
2021-11-09,1.1730236493591835,1.8184327258096185,1.1692960465486626,1.4279974,1.448978772265331
2021-11-10,0.884697113056529,1.818645035912592,1.3721244216447301,1.419453,1.7328538066919623
2021-11-11,0.9468889498958938,1.8212210603657022,1.113902636778529,1.3991026,1.582496057495046
2021-11-12,0.6027802320684692,1.8207126982397277,1.4194088049805658,1.3400135,1.772659028790687
2021-11-15,0.6645703640808843,1.825741580636479,1.2133529233588267,0.9834802,1.614275766739434
2021-11-16,0.5506171256848739,1.8189812889136447,1.3111877258691913,1.0749161,1.5781899359145939
2021-11-17,0.5613655109783167,1.8233074522453652,1.107914225380859,1.1270406,1.495082163362977
2021-11-18,2.299509968722118,1.8146359191847754,1.1625485217927451,1.2020715,1.4658221926774466
2021-11-19,2.5965619414208585,1.8271082711400053,0.9242650715425744,1.0805992,1.3923743726847404
2021-11-22,3.2440140344919683,1.8249207817596274,0.9855810962513654,1.0876421,1.3675922959915405
2021-11-23,3.428356014438653,1.8186453774990274,0.8829675071997318,1.0189284,1.3079951931625597
2021-11-24,3.7407152701725224,1.8190655929313309,0.9204309392657226,1.0145369,1.299974124608985
2021-11-26,3.1095209343093275,1.8366267958036715,2.459173987339648,2.523089,3.250667217299637
2021-11-29,3.093367032631079,1.7142893376065462,2.3779514784265117,2.0442674,3.260719876571058
2021-11-30,3.1463687172397705,1.7375421077895332,2.954567432436771,2.1667533,3.858619322443845
2021-12-01,2.9533064636629582,1.7325651209140782,2.854195668283948,2.243974,3.65359561309026
2021-12-02,2.6211656989588916,1.708751715378376,3.1469058330359636,2.7408812,3.7568478642300995
2021-12-03,2.6428446602523965,1.725262653472669,2.6269635231555872,2.1671035,3.4537111849138267
2021-12-06,2.5278690380376383,1.717147289357456,2.6993013786287565,2.3945868,3.38284056117453
2021-12-07,1.6355630905427714,1.7036729951951586,2.9677510066203148,2.6833987,4.00806209289313
2021-12-08,2.2380801429248756,1.7292488171028182,2.409307432524758,2.2228074,3.4807164942927913
2021-12-09,2.3096866807617538,1.728852320035345,2.3252464229323606,1.9692876,3.1521331528205137
2021-12-10,2.3667963668477054,1.7091344997976194,2.406380701366442,1.959041,3.0158322911117073
2021-12-13,2.4398469724372123,1.718259257166994,2.3294337559433447,1.9434767,2.8864860172089317
2021-12-14,2.9282961661755804,1.729501812758988,1.7713164027451527,1.7128425,2.686760889477258
2021-12-15,2.6759872013088013,1.7199924462036118,2.340030505664908,2.2453506,3.1346812376465047
2021-12-16,2.600210678844443,1.7417988013704995,2.217422094248368,2.2577038,2.97492524375519
2021-12-17,2.755167959427608,1.734784518874048,2.300576015904941,1.9670697,2.9630860900576823
2021-12-20,2.5406278436131733,1.731101903977461,2.346638456395619,1.9917076,2.9538284322972563
2021-12-21,1.8364174117777563,1.694107343616816,2.8116275106861393,2.6207275,3.486005431058597
2021-12-22,1.5681848200266655,1.718040619650575,2.4788702052594314,2.2199116,3.302097196878933
2021-12-23,1.462228881019303,1.7097399879773392,2.342631345181124,2.409224,2.9873629701177946
2021-12-27,0.7047188387743977,1.7228630324154572,2.635870294377431,3.2913666,3.210099545210783
2021-12-28,0.7007646076293093,1.7147792710962473,2.18052060242732,3.3865795,2.796234379072219
2021-12-29,2.057683461663498,1.7319669137602913,1.7695955263138854,1.79151,2.455643262728028
2021-12-30,2.041140953193553,1.730209061880153,1.6478388485030797,1.9227945,2.1994539767287087
2021-12-31,2.063857297934911,1.7336387872508665,1.564685184003053,1.693936,1.9870169327965503
2022-01-03,1.9853737160778793,1.7184170039194822,1.2090485836218328,1.5160666,1.9442445894535847
2022-01-04,2.182353992796717,1.7189588386156471,1.0593748432733021,1.3716733,1.751889602044418
2022-01-05,1.0374178059280759,1.7383888459452623,2.3277510759012197,2.0544732,3.035515715387269
2022-01-06,1.7298469424435536,1.7283264959379447,1.8486031296552643,1.8002974,2.6515298526886966
2022-01-07,1.6843760477809449,1.741436547573277,1.917877490515676,1.8964472,2.3888672427732422
2022-01-10,2.4524251074765617,1.7318025430269441,1.8045005194623023,2.0677295,2.1199583133933424
2022-01-11,2.5063501074180485,1.7196714772008053,2.115439236876539,1.8646235,2.2456926143004847
2022-01-12,2.729030440040323,1.7286832621210084,1.2967481207317224,1.7809774,2.0282773538150773
2022-01-13,3.074620169169461,1.7391399349188237,1.9791104979832417,1.9210925,2.592643818286002
2022-01-14,3.1034157726461093,1.7264601567229636,1.6124983238702337,2.126965,2.2819196294968362
2022-01-18,2.8191081237459366,1.7384048815488595,2.494154911665601,2.0058477,3.1246278852981413
2022-01-19,2.6307768636927467,1.737554214463271,2.339867424384953,1.933928,3.0569508728935504
2022-01-20,2.4346113976375117,1.7344903975927073,2.485033617745403,2.2476451,3.0504999516786855
2022-01-21,2.831060766040968,1.7372299781608205,2.9143692525321936,2.6224837,3.748147163367499
2022-01-24,3.3199154785380234,1.7291083339687479,2.525338287098842,2.3534687,3.293204809060341
2022-01-25,3.1569591386965286,1.736411646892427,2.5674320721146837,2.5344849,3.297643518884947
2022-01-26,3.2920845842871582,1.7282155638441792,2.2127249322724527,2.2319942,2.8866618542794518
2022-01-27,4.031163198841044,1.7320834435097061,2.1530993473068993,1.9245865,2.6093931191755164
2022-01-28,3.2329748306455923,1.7099173585374217,2.9004144607919553,3.4137893,3.991902746644843
2022-01-31,2.714580542790371,1.7142051073620594,3.0258841102182217,2.716195,4.188777065777364
2022-02-01,2.754435842702302,1.722222307146735,2.655074954049237,2.6569285,3.724433231887862
2022-02-02,2.960335432271759,1.7177279700108707,2.8096216458753966,2.5698202,3.4719865236592153
2022-02-03,2.5283769622891006,1.7416531327135263,3.6078687549197896,3.7040017,4.3711311292196
2022-02-04,3.1841764058988904,1.714706412424951,2.672710427176567,3.5764844,3.819894610593691
2022-02-07,3.1847901140978885,1.7279329237265906,2.325005178650211,2.3976896,3.332343179483304
2022-02-08,3.4685448621517985,1.7245178468087086,2.475509588676837,2.2135966,3.0948885956768244
2022-02-09,3.1515322458783723,1.7135641660870364,2.7599869693930708,2.688633,3.319887553224273
2022-02-10,3.362747156764202,1.7431464443053297,2.6156664385026187,2.8129609,3.7621413617481076
2022-02-11,2.7863438326835905,1.7393918730686837,3.0468031601665393,3.325656,4.199279118829697
2022-02-14,2.969957517900006,1.7306036616450404,2.6292966469313153,2.9511735,3.649878498268945
2022-02-15,3.076453379865351,1.7108066035583476,3.1133415100521233,2.8840199,3.8125422938627733
2022-02-16,3.4180627037281766,1.7220427161344862,2.558429255798465,3.3344972,3.3019443731352522
2022-02-17,3.4327174024425595,1.7439534034019304,3.198494981991856,2.9375763,4.062795981945225
2022-02-18,3.3804099232785836,1.732759992584962,2.4874332608931295,3.0347152,3.6139136661503692
2022-02-22,3.55225049675907,1.7157085898854072,2.7000035761112464,3.0541928,3.4456581321205397
2022-02-23,3.5690642766176706,1.749668012930941,2.936906224821697,2.9456382,3.824157977072321
2022-02-24,3.279659515090838,1.7558925367618425,3.064933251462146,2.500978,3.8600400320830217
2022-02-25,2.580457563842138,1.757351889402531,3.2571717895303207,3.113452,4.425835663244073
2022-02-28,3.942920326631342,1.804093796309763,2.7434519631463106,2.7751348,3.829808140726218
2022-03-01,3.710844546358748,1.7937649960528708,3.1697001258906,2.8140483,3.892523419469717
2022-03-02,4.177021218511965,1.7817623687533413,3.242920729136829,3.0065577,4.1495359532745
2022-03-03,4.171720805470034,1.81126796938802,2.7350707026357837,2.7773323,3.6429868035405044
2022-03-04,4.286639112713456,1.7976921181703094,2.4155536528754937,2.490598,3.337953493014797
2022-03-07,3.1559199067536667,1.8091304271072552,3.7673842857107798,3.2247849,4.928090841102881
2022-03-08,3.7566122781995124,1.8034399232791993,3.057989646459224,2.6368003,4.3578472683145755
2022-03-09,3.452833578198674,1.7552996343289309,3.8194936262314316,2.821405,5.150307472504147
2022-03-10,3.6418541643898497,1.785684376902281,3.2659015292768117,2.7401018,4.467009549871396
2022-03-11,3.579414334407956,1.814000793221986,3.542303206939166,2.2077193,4.209487380063867
2022-03-14,3.5035726345881297,1.786409442116741,2.753778737866189,2.7982428,3.7613307053413676
2022-03-15,2.982759017997077,1.7580146569903623,3.463791084792487,2.823252,4.357275978346402
2022-03-16,2.401441870343773,1.7578585851537054,3.297174914559807,3.0818708,4.758146473844603
2022-03-17,2.5415864721608687,1.792589270589859,3.170993679401437,2.5980773,4.416835435113301
2022-03-18,2.3474119553768373,1.7869464245101556,3.0924898358604613,2.8177884,4.073907192417998
2022-03-21,2.4519060926956153,1.7938168277714805,2.78282289056368,3.0176513,3.5184557300180677
2022-03-22,2.4839825318519857,1.79006032003993,2.7597318379376956,2.9429543,3.422471712961705
2022-03-23,2.207629357036696,1.7990638292218049,2.464620123950268,2.179554,3.4363676629032827
2022-03-24,2.2452002479566264,1.7752984457925631,2.5982755169904594,2.4118342,3.5871634894639244
2022-03-25,2.209905661991076,1.7808684003111908,2.22463435759418,2.4794614,3.176431077877329
2022-03-28,2.2603010016163676,1.7790534986213509,2.334571524940717,2.2906365,2.922557754353094
2022-03-29,2.2832390764806054,1.781895475601115,2.4731468961264285,2.1302722,3.034078761741171
2022-03-30,2.4165070982378274,1.793331423222687,2.162935512783662,2.3593383,2.772840283908839
2022-03-31,1.9199586781854492,1.7843349964165869,2.418606610568273,2.1495662,3.189239960384385
2022-04-01,1.9177710606198124,1.7844333213851558,2.069040176802855,2.254907,2.8021553214263735
2022-04-04,2.4336032205479783,1.7764022035305103,2.242657665730638,2.17167,2.7046424513239646
2022-04-05,2.1081539870646693,1.7985215171903226,2.3640169070578976,2.0360358,2.915396664633805
2022-04-06,2.175168239510202,1.8055849387079626,2.3453346624429017,2.3925614,2.878524084291549
2022-04-07,2.4594107213543692,1.785798846174296,1.9340319957493304,2.269082,2.605436408723267
2022-04-08,2.445137657793988,1.7776147904404527,1.8465559535916136,1.7575604,2.3193926228888886
2022-04-11,2.360262945838959,1.8042272356002158,2.518502448581761,1.8650807,3.081818339949387
2022-04-12,2.332068159516136,1.7748821156971455,1.9866085067638926,1.7144094,2.732213540959056
2022-04-13,2.5320964373102868,1.7678387191941614,2.2208041062337656,1.8300704,2.8360435987650847
2022-04-14,3.5471838900826107,1.7892606702688645,2.398957545809444,1.9274279,2.9911611944193766
2022-04-18,3.593743285250562,1.7693427971513624,2.0650478601114797,1.9428629,2.6122325142512617
2022-04-19,4.3574486585198695,1.7771032766614365,2.413110014202909,1.7468576,3.134293138549027
2022-04-20,4.365855627809633,1.7773200937781566,2.007941382635149,1.8472363,2.7326627554759595
2022-04-21,4.797240108655922,1.799548672250893,2.49248021228822,2.118727,3.125635593362426
2022-04-22,5.426979084592536,1.8090986951395711,3.4201691149235436,3.6085143,4.597811933461878
2022-04-25,5.429373246455358,1.8053012658299763,2.8877389222035097,2.9961631,4.033709979720316
2022-04-26,4.5880873589321105,1.8317779037033397,3.942147780278087,3.4376233,5.239328852050305
2022-04-27,5.474570353679512,1.7917428233694361,3.278737537746718,3.0599606,4.516940035816224
2022-04-28,6.070030001140865,1.774078720076435,4.101834983462668,3.5010421,5.115993810643105
2022-04-29,4.798342147220231,1.8011370507476336,4.821858206772605,3.6313915,6.668557600987545
2022-05-02,5.766545683788204,1.7871924987611771,4.028080573252309,4.0213833,5.76760416768196
2022-05-03,5.753009992796923,1.7812198052615182,3.504497763701358,3.1179402,4.985777059563804
2022-05-04,5.163552647420768,1.7683552182563318,4.676352134436608,3.3445096,5.859301590446774
2022-05-05,3.684568654429464,1.8356565094472836,5.205903076564159,3.1566834,6.962577548002993
2022-05-06,4.335863634237347,1.777512356904965,3.7168750190148443,3.5071778,6.014458314494922
2022-05-09,2.8941133745087106,1.8003981107474865,4.961737865307997,3.0535119,6.735739864412703
2022-05-10,3.5310800300900356,1.7836568110396853,4.1941266212208905,3.946938,5.7771483478192875
2022-05-11,5.180204694614362,1.8183893771713382,4.207438530548123,3.0812514,5.395626955205321
2022-05-12,5.215460399923078,1.7907963780579024,2.9785479296922714,2.7021167,4.635718341580424
2022-05-13,4.6498237772579705,1.7472499680162052,3.9313749342135114,2.894877,5.082069950482132
2022-05-16,4.9891662810964545,1.7866002419877047,2.612984276867752,2.97807,4.401914602475376
2022-05-17,4.618778343015602,1.7602190128735056,3.392647437798068,3.3868952,4.663327057426319
2022-05-18,2.2751837544923386,1.8105951162576734,4.89602824415767,6.176802,6.791887088469273
2022-05-19,2.951826034714715,1.8085939243640303,4.032226545064106,4.7285566,5.8738257674032175
2022-05-20,3.8201107252582625,2.1122752854649933,3.56545862083204,4.30778,5.038740119472936
2022-05-23,3.387274030895789,2.1118869034593533,4.216676407683849,4.218078,4.9856040537455675
2022-05-24,3.397940054424759,2.112009651327086,3.715878480373437,4.3170924,4.406721881598275
2022-05-25,3.785624377958827,2.1121624339407483,2.4053113746596155,2.999066,3.974911208910358
2022-05-26,3.626974334868542,2.1118511216140563,3.057410872899438,3.3999586,4.328678626842433
2022-05-27,2.713942064203549,2.1117833584935255,3.6793269632779286,3.9437065,4.935515003170876
2022-05-31,2.821392587335624,2.1118570867502404,2.9505486234579656,2.9723678,4.31027755161737
2022-06-01,2.9147343983052783,2.112078842504659,2.986781907355343,2.7768514,3.871290036893549
2022-06-02,3.2757868486686395,2.112141935931969,3.486217391226516,2.9416938,4.185277421803093
2022-06-03,4.080506867944243,2.11218381676448,3.34347451214903,3.1716602,4.230834647325632
2022-06-06,5.6161407430018375,2.1119315576071855,2.460005898118939,2.9043453,3.6726816638891795
2022-06-07,5.542629131840553,2.111922221158885,2.6523537126789716,2.6891055,3.4257173541829737
2022-06-08,5.61511996376054,2.11237556901393,2.7428408214389575,2.669632,3.311309377716941
2022-06-09,6.087942406234512,2.112501962811372,3.265737379640208,3.0176175,4.307726710885636
2022-06-10,5.333988215220885,2.112462444200119,3.8843058211750168,2.9489598,5.398955837374748
2022-06-13,4.432796738790265,2.1125362712227123,5.027583574107071,4.2677937,6.93218009936841
2022-06-14,4.426232667667125,2.1121034184204563,4.089313705702799,4.1103272,5.949202257753344
2022-06-15,4.305723032486121,2.1120561812028065,4.401552503432988,3.0723813,5.439201798695266
2022-06-16,4.12411108957822,2.112276163958162,5.189024548265017,4.200195,6.472403563730115
2022-06-17,4.136230890350644,2.1122051833057625,3.956839186016675,3.965175,5.553057084374766
2022-06-21,3.8973168054956986,2.1119088070870133,3.9849809383400827,2.6215298,5.803393288567088
2022-06-22,3.893943762004094,2.112173639890122,3.4014401318243728,2.544622,4.984615642739226
2022-06-23,3.8570289081675195,2.112115770442572,3.5344388270322615,2.130841,4.478600694685491
2022-06-24,2.48742892781606,2.111757091105661,3.9878384930272293,2.5086465,5.679537600361502
2022-06-27,2.4650414646856174,2.1119916494422704,3.3036551018841376,2.7250125,4.900456535069161
2022-06-28,1.3886148578536992,2.112313622179659,3.598034851917722,3.0416603,5.032023047296769
2022-06-29,2.032646654140546,2.1121843442404487,3.0884157973864683,2.6075456,4.327573776054252
2022-06-30,1.8635963594870728,2.1120558043157773,3.23849494170847,2.23695,3.8866157429339876
2022-07-01,1.9199242666256031,2.1119128129377507,2.5167866307118505,2.0361722,3.6410138672563837
2022-07-05,2.1072605170210736,2.112126638121783,2.285515450719906,2.2586231,3.1646340843528264
2022-07-06,2.145724096553369,2.112042766295082,1.6983376549061941,2.086962,2.7924922360439064
2022-07-07,1.5662723742387454,2.111809018380245,2.35390364918414,2.0214033,3.146984587902184
2022-07-08,2.455185848692018,2.112071385745844,1.9042858820843556,1.8771075,2.7436488250674413
2022-07-11,2.3227882678151803,2.1123079314818356,2.205485543490228,2.007538,2.851217697170064
2022-07-12,3.4224532650688664,2.112061870941478,2.246202973403294,2.0841424,2.761740999675865
2022-07-13,3.440861613119791,2.1121462786106306,2.1622731638330355,2.4045982,2.5205939536803785
2022-07-14,3.578670787369326,2.112263007854464,1.7351861388512817,2.4767528,2.2452953610155433
2022-07-15,3.1771418484385054,2.111916487944849,2.62201491032752,2.5590277,3.214327764689936
2022-07-18,3.0694531604106086,2.1120347051354322,2.2811953355074555,2.234616,3.0075493415931245
2022-07-19,1.9313709865061175,2.11161602325394,3.3877340767979343,3.397678,4.414917141383935
2022-07-20,3.14613117341487,2.1120924097756535,2.851961592860234,3.0896437,3.898253338983339
2022-07-21,3.228827077412718,2.1117389921872354,3.0291056473221705,3.0340188,3.630458080553454
2022-07-22,3.413393189314596,2.1122013778210293,2.759995660483977,2.6453264,3.381736012202769
2022-07-25,3.424099641262673,2.1123073538703663,2.4947312146553884,2.7777312,2.941963833485584
2022-07-26,3.2781156602914696,2.111841923977719,2.114173449813413,2.138081,3.019873203446826
2022-07-27,2.566873148046955,2.111894612118698,3.1414253380899595,3.2858727,4.31216235115058
2022-07-28,2.2449378669702003,2.1120009966720845,2.863326073605715,2.579981,4.0722854471868635
2022-07-29,1.7244102584514112,2.112212649539219,3.0109115299134643,2.4921732,4.010184430759725
2022-08-01,1.7026832239370733,2.1117557619392255,2.728311422040441,2.4218838,3.4870736820143367
2022-08-02,1.618435385452776,2.1120562960815947,2.735707646055323,2.2791436,3.1513876680972897
2022-08-03,2.1273779617563884,2.11162093739807,2.558169729168222,2.4922464,3.4373482021086432
2022-08-04,2.1263041216315215,2.112073168310339,2.000672663376295,1.8871397,2.985398372536033
2022-08-05,2.7038327156403157,2.1119149121902674,1.7282317016636182,1.7754648,2.616576219663906
2022-08-08,2.732458325910805,2.1120448044054707,1.693826462007662,1.7939659,2.3062251677126273
2022-08-09,2.7104055115317176,2.1122961360093324,1.7170293714233738,1.6315325,2.1131728224493425
2022-08-10,1.8796216723895773,2.111816768911129,2.441927573520286,2.404003,3.350213047311238
2022-08-11,1.901896240955303,2.1122274221037913,1.9161767387519397,1.99445,2.9111590949985366
2022-08-12,1.6215545729676608,2.1115120358111152,2.6776973886893307,2.8481894,3.387203929527347
2022-08-15,2.6245218413680105,2.1119290703667053,2.376109778923233,2.8357599,2.9926006284359152
2022-08-16,2.628401287807327,2.1120081213160473,2.2958278286538487,2.3287566,2.625812621835841
2022-08-17,2.5501419025489573,2.430268733574945,1.949865770684282,1.3399184,2.4958722353812526
2022-08-18,2.895562622072377,2.430261229244121,1.827254764196598,1.7184813,2.235121736393572
2022-08-19,4.290906850301658,2.430263785657401,1.9401424976543657,2.154084,2.6823129897921625
2022-08-22,3.7979204132092637,2.4302711001635324,2.7166050337932837,3.0134933,3.660113165559851
2022-08-23,3.947664279549043,2.430266936240566,2.247810980199045,2.5295794,3.187020009845786
2022-08-24,4.008153931102606,2.4302570327476025,2.222863455144285,2.5639749,2.80729317936277
2022-08-25,3.768044002899604,2.430260499281662,2.694460998151162,2.5658793,3.087050227003588
2022-08-26,1.8611388935699806,2.4302868015369414,4.025817321354686,4.209109,5.316337775407338
2022-08-29,1.7795083023719165,2.4302654451924184,3.041413853325226,2.5498505,4.651198685446689
2022-08-30,2.2624162608769,2.430263693981817,3.2342927403786277,2.7237942,4.26580830327836
2022-08-31,2.227011259635101,2.430264133413875,3.1853777858656804,2.708481,3.8176917510404773
2022-09-01,2.690326783845073,2.4302614778796543,2.9336188319844516,2.5763052,3.3291301482793547
2022-09-02,2.6938907363709346,2.4302614752695146,2.0258111868283764,1.490347,3.219370769045793
2022-09-06,5.1843559362085285,2.430264748085184,1.808382733280098,1.5046835,2.846702598629355
2022-09-07,4.88386985712337,2.430284065545137,2.4488545487127666,3.0390964,3.4391724445857363
2022-09-08,4.973073846696363,2.4302559154789662,2.1465583909589814,2.39212,3.109016663465461
2022-09-09,4.789731132073679,2.4302538949416133,2.6431938088236926,2.7512755,3.399333118888231
2022-09-12,4.732378647292691,2.430251916698677,2.5147794697651005,3.3138988,3.277425208153006
2022-09-13,1.991183350577562,2.4302649322314505,4.853286390878651,3.7558842,6.569374762677049
2022-09-14,2.6299417612928977,2.430265492680153,3.6523377280806324,3.9830961,5.650672616376539
2022-09-15,2.5148408200672017,2.4302599887143366,3.8979731835897518,2.7993634,5.082145444480872
2022-09-16,2.931359621278818,2.430260593384081,3.7003801931971805,3.6613154,4.48597831374437
2022-09-19,2.997426513390439,2.430260759085021,3.6695339682644756,3.6031055,3.9997819126156346
2022-09-20,2.777965768123345,2.4302517578826652,2.201899644192579,2.2893288,3.7822978155345806
2022-09-21,2.9012198368275,2.430249793940242,2.7229553439909635,2.7558687,4.025305918063131
2022-09-22,3.4873997309066764,2.4302480684422085,2.4157565190918597,2.3009002,3.6542226942220544
2022-09-23,3.425744242279718,2.4302483068236045,2.8749371640721852,2.818754,3.88360775662763
2022-09-26,4.187823582783736,2.430248584043239,2.7406833191888915,2.7814279,3.6097103656630156
2022-09-27,5.175414741310629,2.4302458083039626,2.4239833639426416,2.9864259,3.1468616047263818
2022-09-28,4.800253681575433,2.4302506016845387,2.8942675047956916,3.1315424,3.774280554674155
2022-09-29,4.434104927707059,2.4302674984581505,3.2831597545440676,3.3595138,4.309188571592966
2022-09-30,5.023549628120963,2.4302589390588776,3.112896921207239,2.763082,4.256285436693526
2022-10-03,4.3626736698335025,2.430277570202043,3.830492719953165,2.7494237,5.051591344591474
2022-10-04,3.181848022102138,2.430278603538258,4.533208764218726,3.2034497,5.946970995046211
2022-10-05,3.1904521650114184,2.4302754347521476,3.6078246592733736,3.6244183,5.109788908038474
2022-10-06,3.9860998645016856,2.430276170066165,3.6029396560344065,2.4399488,4.603814929265904
2022-10-07,3.6331215719252743,2.430289627252743,4.403061494865089,3.118499,5.468584071251079
2022-10-10,4.364595522846653,2.430272772557661,3.507549505385134,2.605237,4.804964137466076
2022-10-11,4.473311298862384,2.430271908759718,2.7942076437612307,2.6873345,4.220067168156796
2022-10-12,4.517421494046885,2.430262635564745,2.719762723281754,2.6016865,3.66771738726283
2022-10-13,3.7856188425960253,2.4302693093161816,3.7092316791236692,3.1311662,4.703305228088686
2022-10-14,3.844759649547843,2.4302823447754838,3.4472510784066133,2.979631,5.0804407840521195
2022-10-17,3.1342921101288113,2.430299761520164,3.938148116000276,3.0324943,5.521137226501483
2022-10-18,3.3119675772680934,2.430299681746479,3.658547073827288,2.432516,4.988440608566098
2022-10-19,3.3219468042023683,2.4302961065112294,3.568746555749945,2.6640198,4.392642972350426
2022-10-20,3.2577460936349256,2.430290754465965,3.1814972134780195,2.5009139,3.9491023251580066
2022-10-21,3.221155149231118,2.4302954088049504,3.6141463694889735,2.7219374,4.676546597451931
2022-10-24,3.0695632637015895,2.430295237624535,2.912362143139947,2.7910435,4.339462535120796
2022-10-25,2.6654716579388156,2.4302970651332183,3.1054644852895246,2.5807505,4.295337077761148
2022-10-26,3.6045553022039702,2.430297634757904,2.902087827853567,2.6253426,3.839024307465191
2022-10-27,3.711794913816379,2.4302925351435523,2.810506738480712,2.7029462,3.396463518458392
2022-10-28,3.20801970374749,2.4303021119458923,3.250283795720194,2.856583,4.301255875855543
2022-10-31,3.266823863420331,2.4303044162829104,2.744557927811333,2.5857596,3.8331291070221907
2022-11-01,3.281674311625096,2.4303041735917423,2.4354089466167066,2.8212826,3.3668717206432897
2022-11-02,2.939898244898837,2.430317181670883,3.4996865577838148,3.3405511,4.472923946738698
2022-11-03,6.015922803254734,2.4303023906605223,3.1588499849699554,2.6329594,4.0932213088782685
2022-11-04,5.922570777117465,2.4303038776878703,2.9756476324215595,2.6308532,4.014050095318571
2022-11-07,5.907653668870312,2.4303031165617335,2.8889515343492915,2.6909463,3.6922661617659354
2022-11-08,5.944081495206405,2.430303083217187,2.77003126722754,2.858633,3.2769059323437637
2022-11-09,5.62004757407744,2.430308248669625,2.9739289149701915,3.2467654,3.9753786097560613
2022-11-10,1.7490634704656165,2.8938511185747835,5.630345152388913,3.3121293,7.907750061654584
2022-11-11,1.5286306586622662,2.9292096236977243,4.477195320836028,3.2934868,6.884288249999776
2022-11-14,1.318924056503987,2.94262256262864,4.426203641945856,3.846449,6.003713111514764
2022-11-15,1.6748229143178226,2.9445457128849544,4.433905873484692,3.3450193,5.271132063606164
2022-11-16,1.6165382581848506,2.971666051122759,4.211979858486524,3.642391,4.641700146712239
2022-11-17,1.5873861336527966,2.9792912362315063,1.8797527464033295,2.3341236,4.017401228610687
2022-11-18,2.2140577998023394,2.9079123950963828,1.7896977690383549,2.3272018,3.5227308693685746
2022-11-21,2.190643632212562,2.951732324529967,1.6459005706212848,2.2373624,3.0937722761851885
2022-11-22,3.554057814922214,2.9255155509555424,2.08239383887626,2.2510247,3.2313384043525097
2022-11-23,3.498874952861946,2.9385069455467994,1.8679774105554348,2.4898949,2.9335940569511316
2022-11-25,3.50070658456446,2.9598002978781937,1.691785824297437,2.2870896,2.5639563756143455
2022-11-28,3.6003883743791203,2.9624772744336387,2.454435217570433,2.2004187,3.111790441044593
2022-11-29,3.8783383699103413,2.9533001618941523,2.079450831827669,2.5072458,2.7217596831391733
2022-11-30,2.334806780777556,2.9400926694923157,3.6065909212343294,3.190374,4.770058880025109
2022-12-01,2.4606562073764278,2.9661699100418013,2.813052803682029,2.8716247,4.106130541115195
2022-12-02,2.569770200309656,2.977628090388811,2.824088088132533,3.053162,3.5486781525590425
2022-12-05,2.3145993995996736,2.9930467235593845,3.298950783971577,2.852267,3.9128963246002613
2022-12-06,1.95391760548092,2.917596183411928,3.3696299401156296,2.4187284,3.8962653801551697
2022-12-07,2.049439612576132,2.9594666827331153,2.1592689137989827,2.5644574,3.3765124949729204
2022-12-08,3.1184485362472207,2.928761557491805,2.3835882616275317,2.3454137,3.1117104035606693
2022-12-09,3.251611589148282,2.95251861917893,2.439111129312298,2.5727034,2.889946263397443
2022-12-12,3.0412461375823785,2.9448016799914494,2.4576309790840054,2.2308705,3.165486997575276
2022-12-13,2.9494373305355177,2.9290502279757313,1.9823387183112404,2.0964735,2.9340259541378058
2022-12-14,3.2389145144064657,2.938952373541113,2.006424484153377,2.2806346,2.702602454857876
2022-12-15,2.5341220232171375,2.9732012040955813,3.100882577012767,3.4014645,4.0619243026942
2022-12-16,2.3109118800602966,2.946885229674836,2.8559733931112383,2.5007255,3.8480335900543037
2022-12-19,2.1843244886637323,2.9512989160984633,2.6518218654770545,2.1684065,3.516182154574253
2022-12-20,2.5132633097810664,2.948257396317415,2.4194845311127064,2.30729,3.0554664848566087
2022-12-21,2.701189207358325,2.9585879022096186,2.9311083291787736,3.3212507,3.3178082821286337
2022-12-22,2.302461759728873,2.943762573945423,2.5234491486958173,2.5822735,3.4608734984486618
2022-12-23,2.2694288782213174,2.926093048668009,2.1735668473389635,3.1662726,3.09928902838877
2022-12-27,2.36338761404967,2.988090863840534,2.055467636970354,3.1550884,2.7524426370076864
2022-12-28,2.3107078874922866,3.0042434504480933,2.464233514718816,2.291733,2.9320408905794206
2022-12-29,2.7013616649927874,2.9259382231622406,2.7078594015416657,2.899638,3.493993610536832
2022-12-30,2.689053886255454,2.941623475200925,2.0981693610884324,2.462298,2.8079279779290047
2023-01-03,2.7461665039928156,2.921133457469879,2.0819773065795237,2.0550194,2.725693946060829
2023-01-04,2.9205587117290146,2.931658778524322,2.2253656607777748,2.0263298,2.677056759321122
2023-01-05,2.7099925206835533,2.957304331648907,2.2958041463379297,1.9865863,2.682411605190225
2023-01-06,1.534037847631486,2.919923675425564,2.807777858294524,3.2248845,2.9388046599765163
2023-01-09,1.5439139580266432,2.98466299297428,2.2369915318244793,2.7240531,2.837598189368051
2023-01-10,2.104246973758691,2.9124604143295665,2.432818729106233,2.4205885,2.774411671874054
2023-01-11,1.839027162441596,2.9633379978819847,2.676613185714558,2.4513073,2.788772172277441
2023-01-12,2.580072392478147,2.957349315065134,2.399677554944695,2.7106533,2.704524767046226
2023-01-13,2.8159240082148305,2.9334942645238224,1.7694057394989315,2.1064055,2.626437580301034
2023-01-17,2.8120001049282703,2.938953975954927,1.7323232555548325,2.075814,2.5445538719234477
2023-01-18,2.3186547636594264,2.9957228164638106,2.308754140500359,1.7059448,2.648169773297838
2023-01-19,2.4570459795120634,2.9703461902046664,1.9648518296458308,1.5698916,2.600892303882756
2023-01-20,1.6379600060399142,2.943633612883358,2.581641743333639,3.200188,2.757040310540898
2023-01-23,1.6895389960763934,2.9223081132521314,2.5884748256965557,3.0817473,2.7624812079983796
2023-01-24,2.2301427911961667,2.941252781644794,2.3819670664159744,3.6488209,2.6714183310403863
2023-01-25,2.4677390117223656,2.974416951439334,2.091454798280412,2.4145124,2.584681835437788
2023-01-26,2.64265736890748,2.9225625185584905,2.3565044851336148,1.9244465,2.589536170125637
2023-01-27,2.841282116391945,2.936834584452437,1.7590486264522343,2.2244358,2.51116145452798
2023-01-30,2.6181044004421503,2.929072365631408,1.9921259056062557,2.0153909,2.5517077006395334
2023-01-31,2.532257109995772,2.9145289277027926,2.319133759626187,2.5546508,2.6262711978766617
2023-02-01,2.550223166082611,2.949429948944205,2.352720857702826,2.1890986,2.622055271912609
2023-02-02,2.2744434991773406,2.9387264303371,2.5339586707117685,2.3454332,2.6859576507368033
2023-02-03,2.0212638846959416,2.9652452943645327,2.5752629701470804,3.1864579,2.678412507669342
2023-02-06,2.252055911403104,2.9266078476579933,2.3699609793309087,3.0415394,2.617888221385741
2023-02-07,1.839970746584663,2.990212923273897,2.456655511181391,2.795,2.654480511018532
2023-02-08,1.510527597389246,3.083794062251922,2.3978794313020995,2.4752767,2.6542586996107205
2023-02-09,1.856305522170318,3.083794062251922,2.215195171420819,2.1775398,2.622432520283219
2023-02-10,1.8585202657012991,3.083794062251922,1.9579159153048349,1.9570779,2.5422850216004242
2023-02-13,2.489734634025172,3.083794062251922,2.253943108571425,2.246337,2.5630053120884653
2023-02-14,2.493125893493371,3.083794062251922,1.8241186433085959,1.8296561,2.4824000935981783
2023-02-15,2.528242794599309,3.083794062251922,1.702129120161432,1.77491,2.4142957901897164
2023-02-16,2.371311399156716,3.083794062251922,2.0998432634844173,1.8704395,2.489314977682246
2023-02-17,2.382466909170501,3.083794062251922,1.8672328980804616,1.8071415,2.41753707421157
2023-02-21,1.3063468049958342,3.083794062251922,2.5634673980622633,3.0963438,2.6494388934495525
2023-02-22,1.3547144339748347,3.083794062251922,2.1828224872167254,2.2008553,2.5651971549759414
2023-02-23,1.467656664520975,3.083794062251922,2.2658332298973356,2.2938797,2.5051888180270625
2023-02-24,1.8793753287434372,3.083794062251922,2.2947573805863546,2.1026359,2.5140957705352935
2023-02-27,1.849665094556473,3.083794062251922,2.163367593011053,2.2725062,2.4448738743574014
2023-02-28,2.381259529646619,3.083794062251922,1.5919106697869052,1.7475656,2.3815350361618948
2023-03-01,2.3556879425349626,3.083794062251922,1.6209045894243286,1.7150706,2.322995609374814
2023-03-02,2.9011960204988765,3.083794062251922,1.7456736789829685,1.8856952,2.3048085837049066
2023-03-03,2.828074966565902,3.083794062251922,2.1202793722869746,1.8309376,2.4392691531931896
2023-03-06,2.830821946027128,3.083794062251922,1.80846017628585,1.9305406,2.365951372241038
2023-03-07,2.8836209154845696,3.083794062251922,2.3696836510378003,2.2963545,2.4813806867049997
2023-03-08,2.9465746469805305,3.083794062251922,2.0862152342136246,2.5009122,2.407309052631658
2023-03-09,2.8704585826861506,3.083794062251922,2.7207855032571278,2.8041992,2.5957632590255733
2023-03-10,2.7405099779931974,3.083794062251922,2.6086635515378225,2.5445988,2.664176989983888
2023-03-13,2.8992880315081706,3.083794062251922,2.353430995497785,2.9167464,2.5792025112978316
2023-03-14,2.723899469940484,3.083794062251922,2.679046956592357,2.6756094,2.689335992635755
2023-03-15,3.1594505205301022,3.083794062251922,2.5244247292861632,2.4536626,2.629357638959864
2023-03-16,2.651394235219188,3.083794062251922,2.7066494472623788,2.5925875,2.756089126557198
2023-03-17,2.46461758381307,3.083794062251922,2.542478045968754,2.948069,2.758984642537056
2023-03-20,2.2789059863896908,3.083794062251922,2.5911156462273315,2.981519,2.730117231357893
2023-03-21,1.8820711651144688,3.083794062251922,2.5622804212221304,2.738273,2.756743472764612
2023-03-22,1.6335151619627393,3.083794062251922,2.8914166810676685,2.4481306,2.863114723712583
2023-03-23,1.7135718132644064,3.083794062251922,2.3206056533409942,3.2145715,2.7706459771032947
2023-03-24,2.1136451457496674,3.083794062251922,2.297369865535764,2.7033012,2.707735143525491
2023-03-27,2.1394517677009164,3.083794062251922,2.1094219506840566,2.777756,2.6213506610920994
2023-03-28,2.199159941790796,3.083794062251922,1.8985168041412073,2.0271463,2.5409857499961133
2023-03-29,1.6800970252581864,3.083794062251922,2.011570630202399,2.4976783,2.613342419369187
2023-03-30,1.6227927140632283,3.083794062251922,1.893571357939854,2.2791116,2.5545587505406586
2023-03-31,0.8276572859883422,3.083794062251922,2.2717401267730972,1.9874034,2.6166970034787633
2023-04-03,0.7355864093639342,3.083794062251922,2.0901379301916103,2.216479,2.54345940871667
2023-04-04,0.6311572839151715,3.083794062251922,2.138415621288339,2.6381166,2.4869450866851848
2023-04-05,1.4390123207539125,3.083794062251922,1.8093228991392527,2.8480737,2.4157800017951754
2023-04-06,1.4067659371428312,3.083794062251922,1.7858073997739807,2.0357027,2.3553865651267674
2023-04-10,1.4480153045742203,3.083794062251922,1.3116933439075793,1.0008266,2.2874323977911852
2023-04-11,1.4492341044870412,3.083794062251922,1.220463550291139,1.5225732,2.222707959183182
2023-04-12,1.390593711038969,3.083794062251922,1.2202209760230087,1.8629483,2.176044328600479
2023-04-13,0.7014552531271421,3.083794062251922,1.8335268202119894,2.1809607,2.2650192872267496
2023-04-14,0.6620159487176243,3.083794062251922,1.590842344946246,1.7671365,2.206595836253024
2023-04-17,0.5664389768896748,3.083794062251922,1.6315903739770037,1.804266,2.1577065314150863
2023-04-18,1.6961596582142007,3.083794062251922,1.5479285974090975,1.1193329,2.1011483969641898
2023-04-19,1.7483827935104155,3.083794062251922,1.4935221572114297,1.1590854,2.047744925067304
2023-04-20,2.5774438344767754,3.083794062251922,1.222743796963258,1.3594663,2.025221071552958
2023-04-21,2.712845603738425,3.083794062251922,1.0943759679224652,1.0952661,1.9771453290637147
2023-04-24,2.712723304281508,3.083794062251922,1.0117969555303021,1.2494173,1.9326343263470462
2023-04-25,2.4649708028666493,3.083794062251922,1.9219058152168207,1.9185572,2.1259588295529284
2023-04-26,2.5239434311419924,3.083794062251922,1.725125897679025,1.5693277,2.087024428332535
2023-04-27,1.729091217343014,3.083794062251922,2.497171293966938,2.3805585,2.3616420386851433
2023-04-28,2.373219574587415,3.083794062251922,2.3643773365478693,1.8381772,2.3500585481724863
2023-05-01,2.3712174371127563,3.083794062251922,2.201628259641327,1.9051493,2.282393718101128
2023-05-02,2.1303153742893475,3.083794062251922,2.27458230870563,1.7190552,2.3220664223001775
2023-05-03,2.069094914895235,3.083794062251922,2.2065715947373246,1.7232554,2.293822753770179
2023-05-04,1.9509931456895697,3.083794062251922,1.7948559299501177,1.3827796,2.2702257101097754
2023-05-05,0.677352485928106,2.9635526205641147,2.3782784818442195,1.9578158,2.472631805847462
2023-05-08,0.7594325279177815,2.9635526205641147,2.0361415982253885,1.7673494,2.3970716408630053
2023-05-09,0.9127985715132927,2.9635526205641147,1.9870471241203687,1.4001868,2.3411446204857627
2023-05-10,1.4393506387891173,2.9635526205641147,1.9617563046436757,1.3545786,2.2907985866436995
2023-05-11,1.7205834075346191,2.9635526205641147,1.8447569706688005,1.4093777,2.2283458489141847
2023-05-12,1.7217493622367055,2.9635526205641147,1.1623689210782997,1.4131944,2.1685752589447405
2023-05-15,1.6874323074675301,2.9635526205641147,1.2295678730744444,1.4511241,2.121350796875541
2023-05-16,1.9161410166084019,2.9635526205641147,1.3759875554182563,1.5369222,2.1065405626957063
2023-05-17,1.656647743589693,2.9635526205641147,1.768310764529695,1.6068045,2.180075527412288
2023-05-18,1.6027563937096385,2.9635526205641147,1.8789960195395092,2.062706,2.2004817793597273
2023-05-19,2.0502077441718067,2.9635526205641147,1.726692006056958,2.23842,2.142765230554224
2023-05-22,2.050159528134653,2.9635526205641147,1.6859502291165942,1.6798866,2.0868991849630754
2023-05-23,1.7996075903288258,2.9635526205641147,2.0235572673563484,1.7870935,2.147111408900451
2023-05-24,1.8984420565131284,2.9635526205641147,1.8156281281289488,2.0647714,2.1371160063499834
2023-05-25,2.2185532559479384,2.9635526205641147,1.7956548186490031,1.5923443,2.146540729465417
2023-05-26,1.8174269852677793,2.9635526205641147,2.1257755790828874,1.6195269,2.232078064048883
2023-05-30,1.8299999085540561,2.9635526205641147,1.852767016571518,1.4010409,2.170738118792539
2023-05-31,1.777543707891074,2.9635526205641147,1.813647120245445,1.3852386,2.139915713258832
2023-06-01,1.6214532974734968,2.9635526205641147,1.948376164255018,1.5860382,2.1620264531836852
2023-06-02,0.7745013212129518,2.9635526205641147,2.2176540565651277,1.6357753,2.278878750441364
2023-06-05,1.1741574358799243,2.9635526205641147,1.7671439980861163,1.4391756,2.217677050633156
2023-06-06,1.3278373461641464,2.9635526205641147,1.7739687291557809,1.5606797,2.1611394697115567
2023-06-07,1.2873802266232182,2.9635526205641147,1.7351488074738488,1.4886323,2.114521813305693
2023-06-08,1.6768691938652547,2.9635526205641147,1.7052289740237523,1.6050991,2.0926696899240187
2023-06-09,1.7018127788372523,2.9635526205641147,1.1762113231779079,1.1902344,2.0426836107210464
2023-06-12,1.5333513819906017,2.9635526205641147,1.5304369397690316,1.1709021,2.067281808836221
2023-06-13,1.4775784773948755,2.9635526205641147,1.5697697623163056,1.2291051,2.0552341378808805
2023-06-14,1.5162162951358646,2.9635526205641147,1.4470329942697497,1.3050462,2.005995688341037
2023-06-15,1.164747284613055,2.9635526205641147,1.8774518072013344,1.7990985,2.097137279279736
2023-06-16,1.186520356454405,2.9635526205641147,1.7193326975635317,1.6251731,2.05447159734353
2023-06-20,1.5251659141375258,2.9635526205641147,1.651181448141557,1.3863815,2.028808516104695
2023-06-21,1.4369367963801343,2.9635526205641147,1.613114553850995,1.2521713,2.004453547012716
2023-06-22,1.4455713829806887,2.9635526205641147,1.605880855833793,1.2784789,1.969380785583739
2023-06-23,1.7000374706315875,2.9635526205641147,1.5017432764751493,1.1648725,1.9789430477243235
2023-06-26,1.65400699473104,2.9635526205641147,1.434850497153083,1.1743438,1.9492526526269744
2023-06-27,1.2525993585912811,2.9635526205641147,1.7495378540530142,1.6569358,2.0176775467103836
2023-06-28,1.4780081916534036,2.9635526205641147,1.4985815053106673,1.1171108,1.9697578744207727
2023-06-29,1.4469555700442014,2.9635526205641147,1.5495282812352482,1.3750618,1.939504566961705
2023-06-30,0.8838629144433058,2.9635526205641147,1.847503316218497,1.7339276,2.0262717731710955
2023-07-03,1.0821424307288663,2.9635526205641147,1.620408918157794,1.7052814,1.9788011191264057
2023-07-05,1.338304442424026,2.9635526205641147,1.404140819875467,1.3541204,1.9352609676604728
2023-07-06,1.340886519703267,2.9635526205641147,1.624537076942505,1.4439583,1.9519412734615522
2023-07-07,1.318315610872719,2.9635526205641147,1.5080585633318169,1.4433087,1.9142139026973795
2023-07-10,1.3394784880915729,2.9635526205641147,1.2108536773809115,1.3395411,1.8790783671945372
2023-07-11,1.3925556605630203,2.9635526205641147,1.391309737197877,1.3873852,1.8800735671974649
2023-07-12,1.160335958473851,2.9635526205641147,1.5616262313102418,1.3592561,1.9043656432102367
2023-07-13,1.0791258468949845,2.9635526205641147,1.5685470676695328,1.3067021,1.9246403212935876
2023-07-14,1.077327067121583,2.9635526205641147,1.40902276597171,1.1475703,1.8828949205521797
2023-07-17,1.1131741534693185,2.9635526205641147,1.4695999986296326,1.4282253,1.855556414643179
2023-07-18,0.8748976721985021,2.9635526205641147,1.5788271959941826,1.3529891,1.8729868434563188
2023-07-19,0.8463667585591658,2.9635526205641147,1.3386095789473407,1.3370299,1.839260737428074
2023-07-20,0.8460093810705921,2.9635526205641147,1.3838382267570308,1.4082444,1.8477605455317494
2023-07-21,1.2903232131123907,2.9635526205641147,1.2537302034453128,1.4212205,1.8107597180016757
2023-07-24,1.2257452407050446,2.9635526205641147,1.3556727139871638,1.4475571,1.7968560825471631
2023-07-25,1.2289184227712573,2.9635526205641147,1.1964279188732778,1.4710102,1.7711122778917257
2023-07-26,1.8634340761523083,2.9635526205641147,1.1245026781201466,1.3389068,1.7393912651145484
2023-07-27,1.7641605092450738,2.9635526205641147,1.2507440684053086,1.5335317,1.7571064045069194
2023-07-28,1.5390043576834647,2.9635526205641147,1.540102255524788,1.64078,1.8252589912583916
2023-07-31,1.7571642592349275,2.9635526205641147,1.3588459178684102,1.4419622,1.7935229077077413
2023-08-01,1.7875795153677159,2.9635526205641147,1.3775852441111902,1.435258,1.7688376184345929
2023-08-02,1.297300826742222,2.543086818720766,1.9311279066216513,1.771958,1.9350389785168842
2023-08-03,1.2656654057020256,2.543086343702686,1.669924991209388,1.7364773,1.9002679977408046
2023-08-04,1.1831468495159738,2.5430863605058778,1.5849055566530224,1.5793095,1.8800873731649754
2023-08-07,0.9734393545222384,2.543087114566292,1.7803558078278336,1.5735525,1.915337667468684
2023-08-08,1.459646640834306,2.543087451391363,1.7165843503272187,1.4918414,1.8924899935143455
2023-08-09,1.4910163311375764,2.543087819361386,1.5071346874975062,1.5225421,1.8969063964087212
2023-08-10,1.6753790177144967,2.543087308487892,1.3653774223108914,1.254389,1.8567415493310977
2023-08-11,1.6750547485610958,2.5430861605786066,1.3169879628007406,1.126435,1.8194808148745116
2023-08-14,1.7097848977094112,2.5430856226541403,1.294196995357256,1.4236304,1.8155568158280742
2023-08-15,1.2743648686804876,2.5430868778207416,1.6873105109570037,1.8380487,1.9181278975048885
2023-08-16,1.5193088325659052,2.543086737749311,1.627558798565287,1.3823589,1.9291924793005295
2023-08-17,1.9159645237597782,2.543085856002809,1.7307647091313219,1.9509288,1.9433049473885677
2023-08-18,2.0401237630294933,2.5430863199479323,1.5949977385833927,1.8749793,1.9001793386045782
2023-08-21,2.0349739216564044,2.543085024103049,1.7261098318835757,1.8039382,1.9010625486058168
2023-08-22,2.4753101120803795,2.5430864817518013,1.426036762868987,1.389186,1.8677965344777259
2023-08-23,2.2515165023646855,2.5430860282294865,1.7260431653138222,1.904133,1.9496016056967402
2023-08-24,1.7728781555993456,2.543088642598971,2.012037287678739,1.4892249,2.0864126068209314
2023-08-25,1.6383885559922307,2.543089365039489,1.9526532467488367,1.3050714,2.0783234828371957
2023-08-28,1.5723604371919033,2.543089534632895,1.9362050215184248,1.3622098,2.062495639710299
2023-08-29,0.9314863818005916,2.5430895276812953,2.332129948193731,1.6719368,2.1928113929699857
2023-08-30,0.8906623380348353,2.5430887031152056,2.0224854402649464,1.6461142,2.1483335507829575
2023-08-31,0.8913384127274641,2.5430886990479555,1.7191931976234294,1.5311716,2.0938740866402443
2023-09-01,1.0906220488600902,2.543088388171566,1.6343260133152542,1.6763458,2.044045155704915
2023-09-05,1.1421179903146794,2.543088580630321,1.6471332416109083,1.5787491,2.0115418340539772
2023-09-06,0.9290101399071987,2.5430893706859905,1.3569215875161176,1.2414763,2.006192267592161
2023-09-07,1.22702594835595,2.5430886605855134,1.2586429217910045,1.2681155,1.9676831065504483
2023-09-08,1.718204232950904,2.543088176491233,1.2274697404196884,1.2432197,1.9249225851164085
2023-09-11,1.5893297753828985,2.543087868190915,1.4275946337145275,1.2629925,1.9245501009730483
2023-09-12,1.5054864823603293,2.543087236881702,1.4384644292979447,1.1701032,1.9119445835862132
2023-09-13,1.7623649796521006,2.5430876062564867,1.2443781962961102,1.2588522,1.8719980835504544
2023-09-14,2.2686072708068594,2.5430885754542674,1.5465163267409525,1.2651193,1.906319802588333
2023-09-15,1.9307946056552574,2.543090544372953,1.8736416806838192,1.6704233,2.005879631341269
2023-09-18,1.975001419576344,2.543089851284731,1.5821554397372057,1.5108762,1.9588009348544762
2023-09-19,2.459272932763163,2.543089528042321,1.5595457191897497,1.2568738,1.9186001586957584
2023-09-20,2.2796039890632236,2.5430906222559972,1.8400030425036569,1.4049323,1.959177285979241
2023-09-21,1.6592279048848975,2.5430898366015455,2.2730912005256854,1.9822563,2.1666919887506806
2023-09-22,1.6617524591413964,2.5430895484184686,1.8229541115566699,1.4031032,2.113648744343255
2023-09-25,1.6083854326091491,2.5430895476640107,1.8717426316656613,1.4068062,2.0752048667835155
2023-09-26,1.487474494686721,2.5430916783512334,2.3298493014064783,1.6643488,2.214704663338413
2023-09-27,1.6545182809669254,2.5430915493973765,1.9584032198242323,1.8152969,2.1544289194343773
2023-09-28,1.550697588708826,2.5430923637271197,1.731347355231478,1.6171902,2.126976761386403
2023-09-29,1.933578772698475,2.5430916625555393,1.6465935257664148,1.8312749,2.0772091800683525
2023-10-02,2.035785681151365,2.5430916028650676,1.5781111359912376,1.7426337,2.025423268381137
2023-10-03,1.611757754350969,2.5430941897460633,1.7814052270055063,1.6037259,2.1400558456579026
2023-10-04,1.4961375604550549,2.543094355740216,1.75793230215957,1.5695691,2.130443132338751
2023-10-05,1.6158467861357682,2.5430949591790117,1.5715127190911642,1.320655,2.0753194661768046
2023-10-06,1.2112689604099978,2.5430957269933008,1.999085840840225,1.506796,2.147142441087711
2023-10-09,1.4681175922001701,2.5430950920127326,1.9542918111736036,1.3787429,2.126603542230541
2023-10-10,1.3732761333623864,2.543095009111605,1.7104851709271613,1.7186922,2.095528753816405
2023-10-11,1.8757210779504552,2.5430948777364164,1.6258833394815388,1.3271372,2.0575361791663327
2023-10-12,1.9807097387038688,2.5430949796300664,1.7280415420263222,1.6337234,2.0410388111243543
2023-10-13,2.2809200648006316,2.543094894411045,1.4956792655135942,1.4128361,2.0144300364445358
2023-10-16,2.0340153711715834,2.5430959969143196,1.738121448807097,1.644298,2.067004849606494
2023-10-17,2.168266598357928,2.5430963741351937,1.4762827738869897,1.2356355,2.0157183448562357
2023-10-18,2.234197337380398,2.5430980387670012,2.012278381091128,1.4895142,2.130223762573915
2023-10-19,2.379927914838171,2.543097057754788,1.9886898805192332,1.3700591,2.143325061794607
2023-10-20,2.08368663656071,2.5430981535371924,2.2205317202159,1.7013239,2.2186834320305344
2023-10-23,2.392522628575524,2.543096123825602,1.8620401382647842,1.438589,2.160609288200534
2023-10-24,2.356252145189672,2.543096872996045,2.047151044450009,1.4305532,2.152562721669476
2023-10-25,2.14183990705222,2.5430980671320245,2.2321239449063652,1.6197753,2.2729924436205584
2023-10-26,2.596112193106709,2.263915156080291,2.256395861504742,1.736906,2.327476372574406
2023-10-27,2.7126020022404673,2.2639228921543366,1.9606669057241923,1.3727139,2.2771522789034733
2023-10-30,2.4491836909266573,2.2639262560047855,2.272617113376691,1.7400614,2.3281110846105557
2023-10-31,2.3848144335268495,2.2639310312956415,2.150735336364446,1.6749134,2.292769997958016
2023-11-01,2.1371327043507153,2.2639365373848195,2.1298980243152283,1.7800281,2.3192744041928495
2023-11-02,1.2556833714461442,2.2639377664470124,2.5436542834538742,2.3782132,2.5314017299357614
2023-11-03,1.7747006132412269,2.263931369954469,2.4213478618696564,2.4755223,2.513901918805469
2023-11-06,1.7623440315950596,2.2639211599658067,2.1549040625023914,2.3638105,2.4399340951088746
2023-11-07,2.5917669897066373,2.2639328776585597,2.1195182877575762,2.4346607,2.3725122072174187
2023-11-08,2.599351697038331,2.263927562065667,1.9453064729410672,1.8636823,2.303132290666071
2023-11-09,2.4816504463978086,2.2639215610337775,1.6164920245228536,1.8994454,2.287553745358836
2023-11-10,1.9432956361889988,2.263937764524754,2.0543722623410168,2.1263878,2.4141485464205346
2023-11-13,2.0869366233806974,2.263921799942503,1.7710882611217813,2.112502,2.3426292510281073
2023-11-14,0.8430461138581187,2.263948054350088,2.581562181722366,2.2277668,2.5573966444435414
2023-11-15,0.9024908587115971,2.2639241779321377,2.2550903936754083,2.5328333,2.48029043501014
2023-11-16,0.8962886044121117,2.263938178208442,2.176231409835602,2.3109634,2.405385681152985
2023-11-17,0.9057490524301921,2.2639176993586223,1.8774377361427796,1.9277018,2.334881858167448
2023-11-20,0.49211328872232585,2.2639237183740124,2.0726810828957176,1.9195746,2.314781089282412
2023-11-21,0.44668196183357545,2.2639098170544316,1.2994844702492645,1.5575312,2.2522859420347565
2023-11-22,0.45327877943611455,2.263922135501832,1.36340834547565,1.9133605,2.2021200209851792
2023-11-24,0.7413492917362721,2.2639238242307766,1.294172914509105,1.6150712,2.1427984214584144
2023-11-27,0.8911297707444803,2.263919202516158,1.3025997985743236,2.030948,2.089664304596878
2023-11-28,0.8858348155634302,2.2639261127433152,1.0548375845289895,1.1094897,2.0378427367438814
2023-11-29,0.9709832257783907,2.263926663726413,1.023449646296186,1.1109611,1.988860086859623
2023-11-30,1.1688449544225181,2.263927504210204,1.0748561807678791,1.4042817,1.9572082506127497
2023-12-01,1.0965049901865194,2.2639252704126287,1.2636307212899573,1.6023548,1.946317903120426
2023-12-04,1.0373109906087081,2.2639132165212588,1.3217856299547728,1.3389015,1.9295242502421135
2023-12-05,1.1328096357285002,2.2639258228201466,1.181607944372647,1.1932521,1.8871145163590206
2023-12-06,1.7309042526972536,2.263917196201395,1.2903697101579445,1.3688654,1.8637350473875243
2023-12-07,1.5877262742884215,2.2639212338593726,1.4687894304953284,1.2081441,1.8833203640097917
2023-12-08,1.5375260034057572,2.2639316484492116,1.3695364691323713,1.3177549,1.8623116522532739
2023-12-11,1.5899476621497992,2.263919758275552,1.3324259268721228,1.325797,1.8395542921435069
2023-12-12,1.6394593923134162,2.263922371568801,1.3904074273622762,1.2984157,1.8242951027807455
2023-12-13,1.6610619778308608,2.2639357765326067,1.8716089203180144,1.7409075,1.973428322362732
2023-12-14,1.8833606202777808,2.2639337591941757,1.5996427968435103,1.940794,1.9379455892371602
2023-12-15,1.886848578719997,2.2639167314135835,1.488817995881244,1.3169001,1.8975956129263256
2023-12-18,1.8501610379266893,2.2639174728872096,1.5957388037773934,1.532097,1.888349558205184
2023-12-19,1.7573275829839388,2.2639300558380864,1.6362970149987266,1.5537717,1.8850593947121215
2023-12-20,1.0688766095789777,2.2639033475160075,1.8256464965805268,2.317599,2.031444150804932
2023-12-21,0.5796173682133142,2.2639220266847437,1.8622429474114752,1.6145437,2.0638733064965638
2023-12-22,0.7814083550001825,2.2639225463444714,1.7240782338448049,1.507679,2.016484865180443
2023-12-26,1.051423975792975,2.263922691889294,1.7466441019085477,1.5158361,1.985025052355719
2023-12-27,1.08487825791548,2.263929863207194,1.652675749453124,1.6517652,1.9420753134261084
2023-12-28,1.0928265465843974,2.2639085344239205,1.2616984114811087,1.1836971,1.8989436314996264
2023-12-29,1.766226171776546,2.263911592771877,1.0517760863855137,1.3306566,1.8668653182302883
2024-01-02,1.681563866248088,2.2638986164100197,1.213683162479003,1.2369952,1.8601799803962689
2024-01-03,1.572662909624168,2.263900656371318,1.4119424218889927,1.3371234,1.8893970423582829
2024-01-04,1.539841893906355,2.2639057270765703,1.332729567086665,1.3480358,1.859989817238428
2024-01-05,1.5353081625487053,2.2639104201743074,1.29848439045935,1.3298459,1.8240661945339094
2024-01-08,0.695061966856716,2.263929385258078,1.9209933608351417,1.6650063,1.9857162101722774
2024-01-09,0.8779374611415992,2.2639179318529914,1.6362284776492053,1.8889999,1.941808201989657
2024-01-10,1.1120035816618519,2.2639097345345993,1.6531282053204803,1.6384777,1.92930884925595
2024-01-11,1.6641887339791341,2.263912638338433,1.5356300780564103,1.3835547,1.8870657148694439
2024-01-12,1.676108925876226,2.263922757139372,1.536146501440613,1.3083845,1.8479073259396197
2024-01-16,1.660988905589859,2.2639155482571893,1.1476356067418427,1.384478,1.8246681859568292
2024-01-17,1.5684722191270923,2.2639167874543262,1.2593069323883013,1.3073045,1.8210890839433032
2024-01-18,1.4037430182990795,2.26392064059031,1.453904699361747,1.3246484,1.8653572285742672
2024-01-19,0.6721145414862757,2.2639154482858506,1.8313204991240224,1.9101633,1.9765307344269387
2024-01-22,1.014567874069021,2.263921654256765,1.640764772384228,1.9548838,1.9352887631116917
2024-01-23,0.9749469688213808,2.263920313548609,1.6443192935349304,1.9342197,1.9007384207206013
2024-01-24,1.9092550607887289,1.8054890812817364,1.5354863695644771,1.9059625,1.8613779161646717
2024-01-25,2.2454107186996413,1.8054878684179079,1.5214813755180425,1.5545369,1.853079421674037
2024-01-26,2.4743528023772043,1.8054879361664373,1.0564698965123143,1.365917,1.817365671641409
2024-01-29,2.373451320150888,1.8054882417695666,1.368391722039335,1.4685053,1.8459039309146545
2024-01-30,2.3898394405699874,1.8054882900127585,1.2131109263636854,1.2649846,1.8096409264889626
2024-01-31,1.922118060495366,1.8054890243399075,2.037454231621524,1.7897135,2.0379596967434903
2024-02-01,1.416210681273004,1.8054929333901473,2.1689620539976926,1.573767,2.140092954932537
2024-02-02,1.1140180039723429,1.8054929598260594,2.250953794556355,1.6142732,2.1794511429771415
2024-02-05,1.0535153329118743,1.805493900213883,2.0631549982307424,1.7093165,2.1327633766992706
2024-02-06,1.7173387738139356,1.805493760748476,2.0574857449579578,1.7230035,2.0848434104005675
2024-02-07,1.7543606286535804,1.805491273871228,1.9196861255868523,1.3483515,2.094309364140828
2024-02-08,1.8837832876673553,1.8054902762039051,1.481475446632481,1.1240244,2.041484031615754
2024-02-09,1.8616661018467342,1.8054884600308054,1.4257182991796418,1.214079,2.0224298947337127
2024-02-12,1.9412965947113119,1.8054872338459775,1.2897670193966735,1.1437222,1.9741485017834877
2024-02-13,1.3614057888828772,1.805488115329288,1.9152575921289117,1.6288931,2.1052657176424727
2024-02-14,2.2871455544302757,1.8054906231483305,1.8527914972869906,1.4433875,2.124122241412414
2024-02-15,2.1824254061489583,1.8054904421197742,1.883846521401955,1.3582712,2.11112595286822
2024-02-16,2.1560058178995734,1.8054906600273424,1.836048290752952,1.4629279,2.0793782380703685
2024-02-20,2.0923783134261953,1.8054904896594826,1.8829653551557861,1.3763758,2.0549436952780016
2024-02-21,2.094597497552189,1.8054906311590875,1.4728959626760671,1.1007746,2.005173280857257
2024-02-22,0.5657666734156568,1.805492473065412,2.374267081395562,2.0293102,2.3208006489402906
2024-02-23,1.090208227788619,1.8054942940039778,1.9454098492745457,1.4896878,2.2544244453114968
2024-02-26,1.0321964130404147,1.8054943742631573,1.9887686262304343,1.4563699,2.2029548191900723
2024-02-27,1.4282514934967825,1.8054944139450755,1.9184656380213643,1.383585,2.1462279601745067
2024-02-28,1.5092679168825085,1.8054944473951426,1.9096055643058374,1.3769939,2.091550304262416
2024-02-29,1.7677013610870425,1.8054939681604159,1.139840996662516,1.2987983,2.050376176061106
2024-03-01,1.6167860759573656,1.8054940011547091,1.53380759926356,1.4289502,2.079364314612044
2024-03-04,1.6155141043928523,1.8054944518451541,1.319956159938107,1.4474432,2.028349129984776
2024-03-05,1.6570566758466279,1.8054942058966386,1.690723438455154,1.3684076,2.0716878197354274
2024-03-06,1.5858639337346352,1.8054952251424121,1.6301644263573556,1.26904,2.043375331526677
2024-03-07,1.2563736725749322,1.8054953368711937,1.8668918044503906,1.4321494,2.0821815087981577
2024-03-08,1.3003068930093733,1.805496560536291,1.7175783846848536,1.6171902,2.062717746361686
2024-03-11,1.4263688140660327,1.8054962878711664,1.6122328437444906,1.5653347,2.0123802067251457
2024-03-12,1.0939720086770597,1.8054963906636967,1.83191983986981,1.6184357,2.069601280421204
2024-03-13,1.4212015946180148,1.8054970041880138,1.6190669812498877,1.6610919,2.020404410297177
2024-03-14,1.4455154223280995,1.805496752787045,1.4531529486722934,1.2852315,1.9757424956106189
2024-03-15,1.2848205748936237,1.8054968766153214,1.5527966173034526,1.2525033,1.9752748985684792
2024-03-18,1.1731027413041921,1.8054957572216865,1.5958250108179621,1.2429233,1.963227008457941
2024-03-19,1.0503495989791485,1.8054930944083538,1.411084937183708,1.230907,1.947976279254674
2024-03-20,0.9777296754001984,1.805492897196092,1.6598798216747,1.2266878,1.9849871493429057
2024-03-21,0.9205792264264429,1.8054930395876398,1.5592274877112524,1.2759978,1.9492902299444956
2024-03-22,0.9174797336345732,1.8054931449944864,1.448276521157299,1.3005421,1.9090428383221048
2024-03-25,1.082611409589251,1.8054931393354492,1.3528342572706715,1.3467678,1.8755126110829212
2024-03-26,1.0723432663144714,1.8054930919839336,1.2711381827309192,1.4666528,1.8400865487891336
2024-03-27,1.3992247602303316,1.8054935685924565,1.3635573353169863,1.3393215,1.8740913589195356
2024-03-28,1.7428551700988153,1.8054938842310233,1.1789036568456486,1.2392966,1.8353563844553122
2024-04-01,1.7350363047740625,1.805493771666673,1.2066332916571745,1.3538287,1.8023117934535204
2024-04-02,1.6176833770084977,1.8054937772474606,1.385005624179389,1.3855287,1.8104812879825476
2024-04-03,1.901997836101297,1.8054932574244482,1.2680571039049164,1.5370841,1.777272668480859
2024-04-04,1.6354242223058104,1.8054929398329176,1.6719173346759328,1.8314722,1.8983225852714087
2024-04-05,1.8778776746400716,1.8054951494094504,1.8187952328136976,1.6979626,1.9625735749189404
2024-04-08,2.2611328781743345,1.8054954410395316,1.626160133281374,1.4958448,1.9182678867981098
2024-04-09,2.2655429367806765,1.8054954358947355,1.5622449779890826,1.9996568,1.8778783484043615
2024-04-10,2.114773653700596,1.8054959576922487,1.889145527277038,1.573895,1.9380998648815193
2024-04-11,1.987312305369659,1.805497429513645,1.7078423914218568,1.8962616,1.9495118238384639
2024-04-12,1.6691447361969454,1.8054986593355666,1.9661506899196055,1.6471777,2.084935596679964
2024-04-15,1.4272284551965948,1.8054986122341512,2.163148518953647,1.5734038,2.172425981537665
2024-04-16,1.8426269336805463,1.8054986235147248,1.9623765199229257,1.7024252,2.1175045625684925
2024-04-17,1.7450489097232817,1.805498707058796,1.9587119013475316,1.366759,2.0944240867230084
2024-04-18,1.7741582696020848,1.8054987581244333,1.8147627543519518,1.3846122,2.0452581377646615
2024-04-19,1.807833341447139,1.6436853219136645,1.7784169102813205,1.6643735,2.0653942177701237
2024-04-22,1.5977716665141508,1.6436855433556197,1.658094066478666,1.2422124,2.0899940276010773
2024-04-23,1.9264097955051278,1.6436854803124197,1.941531220762758,1.5289323,2.1599809309421496
2024-04-24,1.9530959602730276,1.6436855408876003,1.6764117592898249,1.401048,2.1031068252872145
2024-04-25,2.1298957503608964,1.6436853541070133,1.75527591552696,1.5007236,2.062595537380787
2024-04-26,2.272643670846271,1.6436847955207075,1.888197249345812,1.4502797,2.091787917027161
2024-04-29,2.4688969718145684,1.6436848187395048,1.6600586005349633,1.667241,2.0502555014282247
2024-04-30,1.8862175255630296,1.6436849655474213,2.0942255264041063,1.4387556,2.2234791555321274
2024-05-01,1.8579899837631304,1.6436850597046864,1.8696166416192532,1.3903009,2.171569117577492
2024-05-02,1.7074736671769775,1.6436851626481144,2.081592935899714,1.4294096,2.188355604032725
2024-05-03,1.189300960677788,1.643685121908477,2.2280108738298874,2.1092598,2.2575821563167224
2024-05-06,0.5992492480051037,1.6436851010288271,2.288909858092223,2.2282665,2.281857957773068
2024-05-07,0.74598223911725,1.6436851375117185,1.7981838666310377,1.5984336,2.2184209901119853
2024-05-08,1.4390867009774249,1.6436849956539485,1.7642968050079517,1.4577897,2.1577913126436172
2024-05-09,1.335402375579283,1.6436845968121245,1.7942400041374904,1.4824451,2.1297326458663006
2024-05-10,1.336922018548096,1.6436846092528368,1.4268104977121272,1.1518927,2.07600423545695
2024-05-13,1.3418036003511662,1.643684496989555,1.0877371978453652,1.2951257,2.0241660397602264
2024-05-14,1.2848679164359038,1.6436845135663274,1.2308540599416455,1.3169698,1.9951266620403605
2024-05-15,0.46846599333303324,1.6436845287411455,1.7416925975237783,1.5594618,2.0873209457262236
2024-05-16,0.8452753824196602,1.6436843910869112,1.4940553987153766,1.2562252,2.0386105031561095
2024-05-17,1.0624378801613994,1.6436840796366163,1.4795004460465437,1.3232319,1.9910371116395231
2024-05-20,1.0584877036797864,1.6436840647016768,1.4763889703936184,1.2893668,1.9458490550147467
2024-05-21,1.246673056683355,1.6436840412288747,1.4628439201044556,1.2678745,1.9081598976982597
2024-05-22,1.383483213935535,1.6436840560011752,1.0310591333130126,1.2118664,1.8753441523835301
2024-05-23,1.4827864355023535,1.6436840539408941,1.303624569713127,1.2552494,1.8898719058718134
2024-05-24,1.330555670124629,1.6436841818764054,1.409694744687775,1.2522823,1.8930528057493623
2024-05-28,1.3334108163232006,1.643684122512595,1.2948923662770881,1.0955029,1.8535028985663247
2024-05-29,1.6371075447413663,1.643684105855892,1.5086628768667938,1.2623986,1.8657551234612932
2024-05-30,1.4957082372090784,1.6436839242088335,1.577805570017893,1.3278371,1.8718631479663728
2024-05-31,1.1957708246884717,1.6436841026131386,1.653828944485459,1.3921745,1.9144313037749499
2024-06-03,1.2322339707716512,1.643683954698366,1.4167089266046884,1.1299194,1.8736336411973527
2024-06-04,1.250513028745161,1.6436839328378474,1.4122297907598782,1.523577,1.8361511917873796
2024-06-05,0.9148091460237151,1.6436839173689761,1.7723780933715345,2.3531175,1.9381566717140941
2024-06-06,0.9366585816921288,1.643683908956487,1.4600384850334853,1.1645926,1.8951428796775767
2024-06-07,0.930713199946832,1.643683909952902,1.3242089082442372,1.049079,1.8564429884861506
2024-06-10,1.1830063161696893,1.6436839066426956,1.3801000459917536,1.6029178,1.8285144896315182
2024-06-11,1.1857592796603191,1.643683773874171,1.372788957489944,1.0883589,1.7987823488903671
2024-06-12,0.9005545457934858,1.6436838004965901,1.3140521398545182,1.409019,1.8339254965323757
2024-06-13,0.8879945860076399,1.6436838208355862,1.2100338205438705,1.4204923,1.80202168412275
2024-06-14,0.9438497854411232,1.6436837938127162,1.1774224771357997,1.1978947,1.7685252800156537
2024-06-17,0.6404151576068149,1.6436838162616887,1.4348327169194675,1.0224993,1.8026748925487577
2024-06-18,0.6010775535369282,1.6436838381805745,1.3351371937811436,1.0236303,1.7754706166702654
2024-06-20,0.558671601045725,1.6436838593985543,1.1887847313205184,1.1679907,1.7512593633634752
2024-06-21,0.6705163096152003,1.6436837781210192,1.1562580727733813,1.0986474,1.722833863670159
2024-06-24,0.6211649246489567,1.6436837211101825,1.222546613512228,1.200103,1.7060193187797663
2024-06-25,0.8294459149407428,1.6436837599756386,1.0743548615927625,1.1634759,1.6950690610019117
2024-06-26,0.9331159805405778,1.6436837484369209,0.9962760561205526,1.1362801,1.6704205661432359
2024-06-27,1.0846646631399302,1.6436837028725686,0.9731773569034947,1.200616,1.648616735087998
2024-06-28,1.0170160269143038,1.6436835842709518,1.079396113541479,1.2073741,1.6432189023073007
2024-07-01,1.0007476878318335,1.643683199808479,1.0100057198498646,1.2009354,1.6254333077482457
2024-07-02,1.2333694263337907,1.643683139061399,1.2077301892617238,1.1243688,1.655226785447896
2024-07-03,1.4397368907039259,1.6436831425327698,1.20865978702324,1.2248679,1.6540757811332008
2024-07-05,1.4620479006687765,1.6436830455872504,1.3191404906928188,1.1539285,1.6677736168260606
2024-07-08,1.4831408752254056,1.643682811441065,1.1968580576065404,1.1881797,1.644869809188968
2024-07-09,1.593693409698914,1.6436824448061196,1.1573293874297979,1.3276684,1.623220183906045
2024-07-10,1.887894747297116,1.6436825102550519,1.4670784215044415,1.4319448,1.7104282837192064
2024-07-11,1.8464554006740457,1.6436826865927103,1.5671961220031356,1.1586386,1.763494101086501
2024-07-12,1.859552078631592,1.6436828539252715,1.539514880586593,1.1284239,1.7740133996414151
2024-07-15,2.1058447144499963,1.643682850388311,1.4842646305915836,1.1686188,1.75005914446981
2024-07-16,2.027221145568352,1.6436828246330513,1.5967552320912592,1.5623873,1.7570013916846074
2024-07-17,2.7148682530890196,1.5009135193281378,1.9381970033489555,1.6889802,1.9281837431094528
2024-07-18,2.6548528968163287,1.5008374187616726,1.8042898890933308,1.6088439,1.9433534990646801
2024-07-19,2.80084915101625,1.500812737198004,1.788745350221015,1.6807305,1.942754599953444
2024-07-22,2.606941256486444,1.5006210598942766,2.000331959008341,1.6200598,1.999318092700208
2024-07-23,2.6513179674318335,1.5007620818341187,1.7945403191117755,1.493358,1.9546703709311433
2024-07-24,2.091541449558309,1.5010356498291053,2.6222365742215104,2.758767,2.365427942908203
2024-07-25,2.4770401499975874,1.5007824099474794,2.2590006071955,1.9061242,2.3179248681371125
2024-07-26,2.9030030503816793,1.500581424700635,2.4587620884521812,2.112958,2.3510833703575407
2024-07-29,4.142427690046648,1.500720073210984,2.1575509467097884,1.8180857,2.2828102784765187
2024-07-30,4.212360405338444,1.5007952040225405,2.2679290178945575,1.9048795,2.2397210018280043
2024-07-31,3.948916692291911,1.5005059929215616,2.203894231654118,1.9344678,2.3885275836284237
2024-08-01,4.333927520676013,1.5009768148328866,2.3905227602079804,2.1847622,2.474871176300567
2024-08-02,3.929938841407855,1.5010532240185532,2.7270657344804783,2.3467402,2.657659721970545
2024-08-05,2.590645794595843,1.5012633052738982,3.6487702743394714,3.1835718,3.137902390777171
2024-08-06,2.920610445277921,1.500473702160496,3.3055043817303025,2.2601337,3.0770158528366855
2024-08-07,2.859968483876144,1.5008098216495618,3.1228293902745072,2.5094104,2.9961616011394248
2024-08-08,2.4175715247988427,1.500125207833466,3.664749130948513,3.061809,3.2085892737553317
2024-08-09,2.387719496897898,1.5005813223743394,3.0988754719503877,3.0511582,3.1044897097091884
2024-08-12,2.5698205939087644,1.5006719818280392,2.313654527592236,2.6128008,2.994447608489285
2024-08-13,1.9924059666441896,1.5002830106065648,2.7997372292004927,3.0773096,3.055696091769812
2024-08-14,1.9970394822675461,1.5006152614444086,2.519997789344841,3.6645343,2.9542792006425382
2024-08-15,1.3117747963718962,1.5002589690874122,2.5627943845093526,2.602191,3.0336695987274696
2024-08-16,1.6696400715615833,1.5006472100966042,2.2571452332228374,2.674298,2.930365949706028
2024-08-19,1.3925226732228695,1.500451876351082,2.4922979060664017,2.887633,2.8880240008309763
2024-08-20,1.3897706964023488,1.500753593239049,2.0361431393678058,2.2879589,2.7910939149391725
2024-08-21,1.4672163446582838,1.5006204997530748,2.066660791198718,2.349712,2.7057291647299717
2024-08-22,1.23770538010137,1.5009174978094675,1.7922466920511715,2.0903533,2.6605361162631027
2024-08-23,1.1478057196411222,1.5004155918635385,2.0051289342386514,2.0769334,2.6533963421246765
2024-08-26,2.363088608326259,1.5007785302731822,1.703220317726504,1.7156433,2.571663709444601
2024-08-27,2.3679844324812445,1.500674421971071,1.6744165845755872,1.6538837,2.491810078259838
2024-08-28,2.3081778345144692,1.5008688338653722,1.8014033835224774,1.6289735,2.4409318172634524
2024-08-29,2.8650528571636777,1.5007084258682586,1.5704675426710637,1.3768412,2.3671488608190523
2024-08-30,2.923272759051556,1.5004528570115219,1.6885068539668877,1.5529025,2.5753383182570992
2024-09-03,2.100177344501229,1.5013207125021473,2.5588005865159724,2.5839167,2.808200441000812
2024-09-04,2.3260575536430297,1.5007529661084396,2.1842116877198317,2.4124112,2.7274123429709722
2024-09-05,2.4606531106993583,1.500764589092672,2.0926747829842665,2.2340384,2.651281854159773
2024-09-06,1.856142857021411,1.501222377043268,2.6364360574087438,2.550233,2.776973748700519
2024-09-09,1.4924495146770236,1.5003026719573649,2.576619030886571,2.503078,2.779895200131998
2024-09-10,1.428345014383556,1.500526614424521,1.9904776406783875,1.9571619,2.710535391702209
2024-09-11,1.0424043103260274,1.5003343823379938,2.213214361349533,2.2012558,2.704464504147305
2024-09-12,1.8016782959690274,1.5003941911804808,2.259529770627661,2.2019446,2.6750900087278353
2024-09-13,1.7333779713553894,1.5004985684910885,1.8697976082553909,1.9451131,2.6165359119477345
2024-09-16,1.7450256033035005,1.5006214375447122,1.6181479425086058,1.6896733,2.542436439766805
2024-09-17,1.767790548958411,1.5006564172182528,1.537142733982733,1.3297261,2.469981207754924
2024-09-18,1.756589709130213,1.5007673005552615,1.3796133577037408,1.3705435,2.407402668060423
2024-09-19,0.6157562234341807,1.5000989466477592,2.0261324707863517,1.82,2.5607054501046664
2024-09-20,0.6085110680062805,1.5007446366825716,1.7385651105023943,1.773854,2.4896143318726427
2024-09-23,0.6840598087954807,1.5005976106317196,1.7567573358553308,1.7271541,2.424127005478479
2024-09-24,1.093664878537552,1.5005858055139125,1.7690222249031538,1.5192158,2.3631230603473132
2024-09-25,1.071977152688054,1.5007616820245084,1.7411329587137714,1.6000935,2.3022368970714644
2024-09-26,1.0129503628835208,1.5005471051139165,1.1786699419533997,1.3343936,2.253149365656699
2024-09-27,1.350337148887416,1.5007354616053932,1.133345082575199,1.3117994,2.194907388307343
2024-09-30,1.5774224575162619,1.5005451325108605,1.2129529641362273,1.5907948,2.151502244006518
2024-10-01,1.6014190193815239,1.501002780409524,1.5173046279635758,1.2983719,2.167565743764067
2024-10-02,1.743340067057316,1.5006677988116917,1.3540807540208912,1.3069872,2.111495571976557
2024-10-03,1.7425349072045226,1.5007409208772813,1.2965361850059536,1.3448558,2.0608676707602736
2024-10-04,1.6045198619008332,1.5003729946206341,1.6013075720424734,1.3917636,2.084810730096765
2024-10-07,1.5534104145628127,1.5010029851423896,1.7291405624713492,1.637877,2.107409856931973
2024-10-08,1.4612988278065966,1.5003429545232239,1.7222064495601157,1.7017756,2.1336359464512276
2024-10-09,1.359053067064239,1.500432870063476,1.7440976398672197,1.5870461,2.12167941095609
2024-10-10,1.3477455238277973,1.5580655046475382,1.6560272766158948,1.5753678,2.0703187542543353
2024-10-11,1.2678119408580222,1.4798723907726055,1.644812547734023,1.7725738,2.05151008348062
2024-10-14,0.9853768560687401,1.6527355912510524,1.6537856638070845,1.6851158,2.0620935425043494
2024-10-15,0.6044795538502531,1.7010133848238158,1.6049704025326066,1.477632,2.0668832188613093
2024-10-16,1.0099068993577414,1.3083892086698063,1.4966998676450054,1.3837913,2.032740801311043
2024-10-17,1.032722579888544,1.5657247968749286,1.4202424249662138,1.3874272,1.9826702723726255
2024-10-18,0.9593334894333495,1.7135343408361638,1.4418388018164314,1.3929745,1.9492217199272466
2024-10-21,0.9942699937014037,1.6541294679155603,1.215995714592202,1.1506191,1.9057197421198768
2024-10-22,1.0059320165701686,1.5746569531132426,0.9992464199209075,1.0287663,1.8618965452766265
2024-10-23,0.5109707725311421,1.924615892122553,1.3659493845425543,1.4439582,1.905126925104557
2024-10-24,2.03320514172007,1.4354440419892636,1.2607528171544944,1.3962706,1.8657657141291966
2024-10-25,2.0760813479071,1.411691934835767,1.1917559057831553,1.3575021,1.8236975781980402
2024-10-28,2.0643015839030423,1.2452886552254174,1.2544321212408474,1.4041038,1.7935830554727619
2024-10-29,2.3832331097709627,1.716607473163351,1.2361819577828381,1.4381628,1.7577165125727718
2024-10-30,3.4089144842088928,1.5848737533265627,1.0014658646472836,1.2576056,1.7308448625617938
2024-10-31,2.880007960652746,2.128000120355537,2.115346067919722,1.7120528,2.0858835545587735
2024-11-01,2.881647753693494,1.6301809174425397,1.8812349134587034,1.5795193,2.0497301813669973
2024-11-04,2.875147880472824,1.6594095343966355,1.8411691512186394,1.5516387,2.00324474668146
2024-11-05,2.6303360013195545,1.6782990853334985,2.1786151880515567,1.788318,2.089150036667137
2024-11-06,0.9425063879640869,1.376954976612395,2.9793537723835115,3.0066395,2.5338477117493974
2024-11-07,0.8433266225117539,1.7369160564350459,2.4217300991106647,2.155869,2.506623779854331
2024-11-08,1.4785928198957263,1.6035535538785939,2.363408698720515,2.2794693,2.4499742203148673
2024-11-11,1.5311296516052983,1.7283684056056068,2.303867374236108,2.2949111,2.382057410072019
2024-11-12,1.5429504041707411,1.6453708999122674,2.2097611842131593,2.274274,2.3242157083523756
2024-11-13,1.5425577905249135,1.6624995480586795,1.2823193214261859,1.2887514,2.261231862167976
2024-11-14,1.4999989617404539,1.6112237664177682,1.3276904541822392,1.4334676,2.236163418216552
2024-11-15,0.8269791576020189,1.903012832128126,1.7804727398300302,1.5221279,2.3162351859514856
2024-11-18,0.7945904147465516,1.5520596503469357,1.6634178674332618,1.5411005,2.2673397662040125
2024-11-19,0.8771808564728241,1.6012822296032156,1.6621036838934553,1.5411005,2.2179994273458634
2024-11-20,0.9275719368501187,1.55574688155175,1.6066900364157455,1.4819613,2.1596114851146924
2024-11-21,0.9783927186048862,1.5662535874956232,1.6707932175365485,1.4261113,2.129257211383186
2024-11-22,0.9452806741511367,1.703075607174563,1.275851902184404,1.2405494,2.083436716988644
2024-11-25,0.8837627474585592,1.3445035712803801,1.2645948247178507,1.2063047,2.0416351613006234
2024-11-26,0.9449993447716123,1.5428982416332446,1.3405855007910588,1.2610657,2.0166449923938004
2024-11-27,0.909978106958002,1.6350025587583736,1.3306564494545945,1.2908875,1.9761133753886493
2024-11-29,0.6931180309422847,1.356387021172524,1.413220366191923,1.3213722,1.9657804124239133
2024-12-02,0.8455131700645004,1.7375072596742815,1.3223330211153546,1.2835417,1.9219723216085103
2024-12-03,0.8998379152618967,1.6734894437645855,1.2245858799205853,1.2248237,1.8773051519526562
2024-12-04,1.0097219124780599,1.6750609384705033,1.353899088460544,1.3615919,1.873497518573491
2024-12-05,1.1221703914601542,1.745617985792801,1.260070451528815,1.3584013,1.8337228610463774
2024-12-06,1.1062524963532088,1.6668432005625289,1.1342381663710195,1.5079942,1.7968494834516444
2024-12-09,1.067140999552394,1.7057976317975374,1.1813403799122808,1.1554341,1.7863537427529115
2024-12-10,1.1010248637447224,1.6692703239690556,1.166232665901061,1.1504312,1.758458764147638
2024-12-11,3.1263272982740355,1.5028720661232344,1.3070993015353185,1.2497058,1.7852484202292866
2024-12-12,3.0835059745738564,1.8869004670762637,1.3281361734296122,1.1325897,1.77553355382388
2024-12-13,3.306522466312317,1.6100207793285917,1.2356777698160064,1.0698706,1.737796672261944
2024-12-16,3.332870295741905,1.607280989508054,1.2860194137324703,1.1714724,1.721878084382814
2024-12-17,3.487032896322516,1.7098691367647565,1.296972691575086,1.1661228,1.7057103374252738
2024-12-18,1.733420823345017,1.9568028326087754,2.889937925343946,2.7984884,2.4986385776943068
2024-12-19,2.030679142945044,1.6779594964055646,2.3686360473347605,2.0708678,2.427993337186343
2024-12-20,2.003846141576363,1.4709907665955484,2.6924710658389825,2.325535,2.4714699039860304
2024-12-23,1.9472480632636548,1.6048628499689261,2.611069542402116,2.3435357,2.4297138135760807
2024-12-24,1.6218759730825594,1.3928901217687735,2.785755733296171,2.477275,2.457477331786529
2024-12-26,2.0431479851682046,1.6321398931698872,1.6915207372151886,1.6357554,2.388524293374885
2024-12-27,1.8397152060198163,1.7305814688599825,2.031158515813163,1.487577,2.4116728055394434
2024-12-30,1.8329586386856902,1.8685806669822458,2.0428570675488187,1.7867248,2.448243678587235
2024-12-31,1.8022755170737017,1.564234746190593,1.8838773772047934,1.7497045,2.390178662646264
2025-01-02,2.3568417629964045,1.7671682080256588,1.6919185292774341,1.7937644,2.329025081370855
2025-01-03,2.008653345606608,1.5632234863344663,2.0912863206534418,1.87426,2.390583172085754
2025-01-06,1.9296742998360248,1.5400980815721328,1.8779201785931623,2.031222,2.351102172910036
2025-01-07,2.3834495352978258,1.6134410335494977,1.976492661680281,2.068242,2.390856128806286
2025-01-08,2.3867502250147425,1.6134410335494977,1.7960410128087547,2.0663636,2.3264993959017715
2025-01-10,2.0802727972856165,1.6134410335494977,2.3367220878649837,2.2115295,2.4523581154549654
2025-01-13,2.26578268035186,1.6134410335494977,1.924042640897915,1.8682281,2.385517724976558
2025-01-14,2.33004443295764,1.6134410335494977,1.8794229633355106,1.860227,2.3212009221162795
2025-01-15,1.5734666351412796,1.6134410335494977,2.4148166430859477,2.049914,2.5146985271225764
2025-01-16,1.5887748068594558,1.6134410335494977,2.14731534176582,2.0081244,2.446151130645818
2025-01-17,1.8856873206142228,1.6134410335494977,2.130450682124865,2.0551815,2.4554854780823003
2025-01-21,1.8594539078217045,1.6134410335494977,2.2176440252298044,2.2157304,2.4512781578920158
2025-01-22,1.828985566044443,1.6134410335494977,2.194020894323647,2.3164985,2.407308045762054
2025-01-23,1.8263109951002956,1.6134410335494977,1.7174349043382828,1.7836965,2.364241854644877
2025-01-24,1.8800778440427082,1.6134410335494977,1.6844253513573588,1.8068298,2.306306558279
2025-01-27,1.4003704506837802,1.6134410335494977,2.0326740086688893,1.7968729,2.408296893179428
2025-01-28,1.294623451694369,1.6134410335494977,1.9283305678037062,1.938577,2.3996343671516294
2025-01-29,1.2798135817013838,1.6134410335494977,1.8348316259063218,1.740094,2.349414485999723
2025-01-30,1.2131736412993075,1.6134410335494977,1.8506185864769118,1.7659867,2.308633464890925
2025-01-31,1.4257070752566487,1.6134410335494977,1.869729750823485,1.7713157,2.269894471002742
2025-02-03,1.426467791006894,1.6134410335494977,1.6350296745531334,1.2953382,2.247650837590446
2025-02-04,1.262374461597521,1.6134410335494977,1.5823263565587995,1.3507841,2.226004040417721
2025-02-05,1.2385384024878179,1.6134410335494977,1.5319110937405975,1.3398265,2.181347028846219
2025-02-06,1.5863638532344935,1.6134410335494977,1.4724258097329748,1.406093,2.1351466828554138
2025-02-07,1.2926630399544659,1.6134410335494977,1.6834819029613461,1.4111378,2.1555996669027615
2025-02-10,1.1396528184656178,1.6134410335494977,1.6344414766890536,1.3918897,2.1406158864878253
2025-02-11,1.161186703336645,1.6134410335494977,1.4493178888294727,1.3079903,2.086125167066349
2025-02-12,1.1908119781092337,1.6134410335494977,1.4516035986208258,1.388405,2.043214816629102
2025-02-13,1.814236280309308,1.6134410335494977,1.7658309579146156,1.7073638,2.0943399185796094
2025-02-14,1.8706801197465843,1.6134410335494977,1.4395629948564246,1.4031143,2.041432701348547
2025-02-18,1.9136529707228476,1.6134410335494977,1.3685852643752514,1.3458524,1.999068647024349
2025-02-19,1.8998123275290406,1.6134410335494977,1.3703992188283294,1.291424,1.955892320992959
2025-02-20,2.4544972184278273,1.6134410335494977,1.4046992564170155,1.3636698,1.926476295899703
2025-02-21,2.3336819322187243,1.6134410335494977,1.9740007266859656,1.6432635,2.1589560624898363
2025-02-24,2.8917481752180807,1.6134410335494977,1.7913358455708634,1.5795623,2.1216674705413188
2025-02-25,3.087318624469319,1.6134410335494977,1.8201034422787998,1.5649419,2.090040567177532
2025-02-26,3.2667796706436873,1.6134410335494977,1.7374919109573186,1.5306545,2.0375630412897445
2025-02-27,3.3601569373504026,1.6134410335494977,2.2912950488462256,1.9758294,2.219184859872266
2025-02-28,3.034001762090231,1.6134410335494977,2.2383946854573527,1.831715,2.360489524509863
2025-03-03,3.6564051564041313,1.6134410335494977,2.596699966226744,2.3746727,2.539201466525233
2025-03-04,3.5564304190207356,1.6134410335494977,2.6141813399478644,2.2902868,2.572770954216536
2025-03-05,3.4329902649652,1.6134410335494977,2.695765307665285,2.592149,2.583631304846973
2025-03-06,3.2215723359387467,1.6134410335494977,2.8903008910713073,2.680333,2.739588934927061
2025-03-07,3.7744178208380856,1.6134410335494977,2.5151467751965053,2.5949533,2.6807809978261283
2025-03-10,2.7473694761696104,1.6134410335494977,3.2546258130978165,3.2659004,3.085223679463849
2025-03-11,2.8341191441910243,1.6134410335494977,2.897722631002237,2.9871366,3.033842361692696
2025-03-12,2.9875529842772464,1.6134410335494977,2.778422209090738,2.825788,2.9588373848803458
2025-03-13,2.6848374925132217,1.6134410335494977,2.814072423325333,2.8495882,2.984908929054663
2025-03-14,1.740501580529093,1.6134410335494977,3.2491882218697397,2.5644798,3.1544076269007935
2025-03-17,2.364282586660809,1.6134410335494977,2.5074046675290456,2.6512978,3.092823377500695
2025-03-18,2.113411212088198,1.6134410335494977,2.6058988911462606,3.0190609,3.070882543273879
2025-03-19,2.176148881810878,1.6134410335494977,2.6933954409053467,2.8878188,3.0498583846859675
2025-03-20,2.1731282497619255,1.6134410335494977,2.4044255725380053,2.9088824,2.9616581128837898
2025-03-21,2.976586361634135,1.6134410335494977,1.8709547879096133,2.2126822,2.871760924067425
2025-03-24,2.4813552979009073,1.6134410335494977,2.504771761633007,2.5282729,2.9909753278444793
2025-03-25,2.485762729397367,1.6134410335494977,2.0994368707555235,2.3553138,2.9035601641434288
2025-03-26,2.265950252616428,1.6134410335494977,2.3001864870509934,2.3583484,2.9108655902681084
2025-03-27,5.5320177562524515,1.6134410335494977,2.1421749609396468,2.3778284,2.8276816378048695
2025-03-28,7.928266976109715,1.6134410335494977,2.881122289269693,3.039955,3.014059021132754
2025-03-31,7.901997608733599,1.6134410335494977,2.38292250119986,2.45247,2.9506870479428056
2025-04-01,8.053212426749113,1.6134410335494977,2.304966582171799,2.475582,2.8663976059665854
2025-04-02,12.81335840265533,1.6134410335494977,2.2291849099126297,2.2941632,2.807153260747046
2025-04-03,12.598426520849499,1.6134410335494977,4.8118153118512375,4.106287,4.128052083529189
2025-04-04,11.200681142283656,1.9047356651766412,6.391288488959214,12.6145735,5.445355513445007
2025-04-07,11.240799746060928,1.9047356651766412,5.391955047843338,11.686084,5.261370006732996
2025-04-08,11.13292572070685,1.9047356651766412,5.712561602678714,13.241522,5.1746193757778505
2025-04-09,5.410094139617231,1.9047356651766418,9.916312990287205,16.321037,7.91027603212466
2025-04-10,3.0351007452194643,1.904735665176642,8.949420093613302,18.650549,8.115338049410795
2025-04-11,3.447842369383617,1.904735665176642,7.781606583639577,15.643342,7.907521257356412
2025-04-14,4.18960520227555,1.904735665176642,7.666603778196687,13.997968,7.655331133139292
2025-04-15,4.454039341796996,1.904735665176642,7.484794816355704,14.563313,7.39131861000112
2025-04-16,4.373170537637199,1.904735665176642,4.851999334522595,3.9701338,7.267091491394819
2025-04-17,4.42974099444842,1.904735665176642,3.265569756150585,3.735154,7.015725368554941
2025-04-21,3.7175942339729993,1.904735665176642,3.869662639122243,3.8403475,6.932521011344018
2025-04-22,2.759989759344776,1.9047356651766423,4.300184580188219,3.0772543,6.875998507480715
2025-04-23,2.2923302564036736,1.904735665176642,4.273173997929052,4.156206,6.705098178745845
2025-04-24,1.1892717828738357,1.904735665176642,4.32507384168668,3.8781106,6.598741565465545
2025-04-25,1.7513703160370355,1.904735665176642,4.12951673518454,3.5853426,6.38650795757176
2025-04-28,1.842982840923688,1.904735665176642,3.6423656853235524,3.5523517,6.166776364119128
2025-04-29,1.9252920493040184,1.904735665176642,3.243793652889481,3.3301995,5.967519390160634
2025-04-30,1.9700991609875527,1.904735665176642,2.8914355367332987,3.1876256,5.763174063002326
2025-05-01,1.965889900938217,1.904735665176642,2.429269644424575,2.6409683,5.5831581125958145
2025-05-02,1.3075677173933669,1.904735665176642,2.854572944857508,3.4097133,5.468260953576319
2025-05-05,3.456875854135689,1.904735665176642,2.752848848836436,2.8548748,5.294072119609559
2025-05-06,3.4174190715731982,1.904735665176642,2.76638471602031,2.7796614,5.140443811738538
2025-05-07,3.3939575496771615,1.904735665176642,2.6043429343169366,2.8010597,4.9733184133107455
2025-05-08,3.357711481501619,1.904735665176642,2.6492673561627464,2.6592207,4.8246126263985865
2025-05-09,3.41418377659705,1.904735665176642,2.2048766987699695,2.6719153,4.6632607899525595
2025-05-12,1.0476664699699851,1.9047356651766423,3.4725464682064113,3.25347,4.929401580338839
2025-05-13,0.8819272457119912,1.9047356651766423,2.909334601720926,2.883322,4.78057672413224
2025-05-14,1.9103769546081677,1.9047356651766423,2.7891731291598703,3.0874054,4.620883505523007
2025-05-15,1.8476143444744229,1.9047356651766423,2.825473130994592,3.1573913,4.476526901762448
2025-05-16,1.8665778840029104,1.9047356651766423,2.8808322594688285,3.056453,4.344931011387652
2025-05-19,2.776056744761063,1.9047356651766423,1.5308869975982236,2.3161943,4.2015287728359
2025-05-20,2.8159769043243936,1.9047356651766423,1.4832060139713164,1.6898265,4.068294726816078
2025-05-21,2.2796657883822613,1.9047356651766423,2.222766120314891,2.0528524,4.0708193997290705
2025-05-22,2.282069318832318,1.9047356651766423,1.8639518725696678,1.9540797,3.9373905221474903
2025-05-23,2.248164786471677,1.9047356651766423,1.965231675420249,1.9446422,3.8321346657799995
2025-05-27,1.0692296661376188,1.9047356651766423,2.6645966309045033,2.731554,3.9170497650801575
2025-05-28,0.8985005176645131,1.9047356651766423,2.4385572061601444,2.5355132,3.80614424210207
2025-05-29,0.9416995698955863,1.904735665176642,2.1303791898995503,2.2441058,3.690742854227487
2025-05-30,1.3849435323472028,1.904735665176642,2.0815674444944006,2.215631,3.572539442132318
2025-06-02,1.2691204603270192,1.904735665176642,2.141285131897157,2.2086458,3.475424091167423
2025-06-03,1.267666156101819,1.904735665176642,1.5285958352559559,1.7040794,3.3830188013275464
2025-06-04,1.2991650420674337,1.904735665176642,1.3311011747774442,1.3400402,3.276235610957836
2025-06-05,1.2690313803507007,1.904735665176642,1.4286373112553967,1.687871,3.1875395052017748
2025-06-06,1.3530275321032839,1.904735665176642,1.7510442423491526,1.9596095,3.1515028380411354
2025-06-09,1.6490144562983329,1.904735665176642,1.5347725487238115,1.5832632,3.0543783107233478
2025-06-10,1.770903436024878,1.904735665176642,1.6114562235059977,1.7479527,2.980927685458034
2025-06-11,1.7477852681697719,1.904735665176642,1.5819647840198399,1.7288747,2.8954892657717517
2025-06-12,1.7183504257944102,1.904735665176642,1.4773284692646658,1.3994783,2.8187513982076626
2025-06-13,1.6293524683426395,1.904735665176642,1.6517244898529206,1.598239,2.820368041681553
2025-06-16,1.7219668490222912,1.904735665176642,1.7862593271606686,1.6235738,2.797237260914996
2025-06-17,1.4939238264724255,1.904735665176642,1.8404952519178495,1.5505246,2.764653167138914
2025-06-18,1.6849159673734662,1.904735665176642,1.68404073594972,1.5473362,2.6827773623472013
2025-06-20,1.7404821606434682,1.904735665176642,1.7057711269299396,1.6006875,2.6082850389552563
2025-06-23,1.5135068532409648,1.904735665176642,1.7932081419575299,1.7614187,2.6037869511912253
2025-06-24,1.0414843667614475,1.904735665176642,1.841409456692232,1.6194113,2.6170010737300995
2025-06-25,1.1340765227687573,1.904735665176642,1.5499250502604187,1.4051077,2.541500932930023
2025-06-26,1.138011923571226,1.904735665176642,1.7707995003077635,1.742167,2.5148775515564896
2025-06-27,1.268440426315179,1.904735665176642,1.7017494161829443,1.6984938,2.4623324106081466
2025-06-30,1.1766146701079454,1.904735665176642,1.5792316758469664,1.5164843,2.411012517567746
2025-07-01,1.3194032043655217,1.904735665176642,1.2580773400185223,1.3079488,2.3441412583192016
2025-07-02,1.2710485277744525,2.0884451040871594,1.3785890241119192,1.3793708,2.2969316003607605
2025-07-03,1.0598491947325084,2.038286342385181,1.4400622506764376,1.3954769,2.286311242513554
2025-07-07,0.7746791168560089,2.417744852342296,1.504907518364887,1.3944429,2.2716808722090764
2025-07-08,0.8834642453468208,1.9720486043085632,1.3421869334188752,1.2274892,2.2110664371586077
2025-07-09,0.7310643344173923,2.133103299651116,1.5081657390536154,1.3964566,2.1839445235049193
2025-07-10,0.9095956771128242,2.118960618078187,1.4171091582050352,1.4282937,2.133993694958848
2025-07-11,0.8418518968730934,2.101184308734106,1.3207716323754086,1.3840517,2.0904875350554355
2025-07-14,0.8415827936681672,2.0284839802284593,1.1417755367208164,1.2991996,2.0411111536152076
2025-07-15,0.7246264504957763,2.1154816624948873,1.239184955662731,1.355262,2.0079275422696923
2025-07-16,1.0636537736513705,2.0194740499140704,1.143685802114887,1.4859113,1.9696858776073776
2025-07-17,0.8719105266020176,2.155170360895659,1.2690642160912424,1.4412698,1.95868521970477
2025-07-18,0.96569152134492,2.145058483297809,1.1307619290951174,1.3572596,1.9125938342705113
2025-07-21,0.947261337383617,2.153270289867938,1.1382206088133868,1.1047417,1.8717727081248454
2025-07-22,0.9832904986312426,2.1187310601062235,1.0484049531611572,1.0132242,1.829312897917806
2025-07-23,0.5148439590208319,2.0748356829994163,1.3737942225296573,1.5162584,1.8629406961945854
2025-07-24,0.6365595610117191,2.115527603933994,1.1227674552963385,1.1315054,1.8209991747360534
2025-07-25,1.7200924658712091,2.0872084556718056,1.2169351426749526,1.2504431,1.7996818814980557
2025-07-28,2.287749278481698,2.1194781867672843,1.1415146868758144,1.1434513,1.7607774450504903
2025-07-29,2.328602735167668,2.1486917311674745,1.1891247724206286,1.267157,1.7313387367442417
2025-07-30,2.4471939770594737,2.0851621615294222,0.9180672427730574,0.99500734,1.6975277038705356
2025-07-31,2.419615881936297,2.0847444275798663,1.020905396961934,1.2070223,1.6795813953912102
2025-08-01,1.9304519443144943,2.1583379182023608,1.846478814566601,2.0466526,1.9340436730010089
2025-08-04,1.2207029325849617,2.074788153171114,2.1490886921251082,1.973216,2.103391807660636
2025-08-05,1.5340171503060647,2.109481592248462,1.9991096368250003,1.8238004,2.0736762633951002
2025-08-06,1.3739494994840311,2.1705064666119602,2.1033243619928763,1.7803591,2.0752622179449034
2025-08-07,1.3714232105735407,2.1196461855961766,1.9763180525305648,1.8644221,2.023879606115739
2025-08-08,1.154308482019834,2.0793323515556787,1.8408166928807415,1.6101363,2.0309717041879525
2025-08-11,1.1374188004590768,2.1180230585705333,1.3755222804780567,1.4152282,1.98469883951258
2025-08-12,0.6842504809038091,2.0857932096303036,1.6951572382853932,1.6590096,2.0430322663331646
2025-08-13,0.6497805271977313,2.091452795954958,1.494061716697075,1.3790767,2.0034901521511275
2025-08-14,0.7640180437544035,2.0881565771042383,1.4350727842842517,1.3874272,1.9547793406061498
2025-08-15,1.6886114848373126,2.0557321561245563,1.3588873618789006,1.2766442,1.9137594604493113
2025-08-18,1.7451340375576865,2.0998654601142284,1.3096572785334215,1.2921946,1.8693149056301932
2025-08-19,1.7100143976795772,2.0940012947001696,1.1650019527077053,1.5052286,1.8572185424423309
2025-08-20,1.7044525332113727,2.1654142509585728,1.10144987335919,1.3943628,1.8227717296319885
2025-08-21,1.693674404534679,2.092633746974575,1.1855627137713511,1.288724,1.799665110685734
2025-08-22,0.9506287088702938,2.065127061119335,1.873118080588826,1.9633412,1.9937942931422232
2025-08-25,1.1235474845716502,2.1074704354736875,1.725168931874871,1.6049204,1.964277737983344
2025-08-26,1.1746956122753243,2.102102814397631,1.7030281741718496,1.6141199,1.9344724248087302
2025-08-27,1.4215391229071692,2.107820386469655,1.669204646860076,1.6302166,1.8941551308902465
2025-08-28,1.407097721839364,2.0869043375761898,1.685195564801852,1.8949997,1.863278370691428
2025-08-29,1.2970483479647248,2.1012355286331603,1.3440898374014905,1.3615919,1.8578511969862928
2025-09-02,1.0874001434491518,2.1491367143537734,1.4630968194131664,1.3659929,1.872555806060776
2025-09-03,0.9867300411411148,2.0848596626408944,1.424803650479614,1.3408082,1.859868921485087
2025-09-04,0.9827937602307549,2.090173361594097,1.579087278273904,1.4266338,1.8883814686455647
2025-09-05,0.9396186891963542,2.098046688514937,1.478998660785369,1.3982464,1.8536717416818111
2025-09-08,1.051008202999575,2.1023000833561225,1.406486298443502,1.4130541,1.8183131559168344
2025-09-09,1.0345402334288043,2.0586271974212766,1.2959135594710194,1.3950379,1.7840676207417714
2025-09-10,1.0011991392648811,2.1168734061035783,1.2450467770711042,1.4041038,1.7548348856754807
2025-09-11,0.7312948426344598,2.0489231712019658,1.3425440563535755,1.4349892,1.7916164832684855
2025-09-12,0.8819139996747966,2.0982584972526133,1.170496711286922,1.009365,1.7531621572429523
2025-09-15,0.8477082580035784,2.0755372624791266,1.3136471146210735,1.4900286,1.7471658520213662
2025-09-16,0.9987806699838083,2.1302212330651416,1.2401399889779123,1.4803537,1.7128874036205095
2025-09-17,1.040988999911145,2.1331917466517174,1.219943477716936,1.4803537,1.6799778729245445
2025-09-18,1.0393200189828171,2.085810480185853,1.140013468368737,1.43293,1.6716805070617224
2025-09-19,1.0781679864411466,2.1059550229650337,1.2220415615057518,1.4238884,1.666956540301681
2025-09-22,1.0091760915622694,2.098367496106357,1.2030555769203892,1.4017249,1.6601312509967645
2025-09-23,0.9283648704748672,2.1273740055585963,1.2959521898551698,1.4378194,1.662297959032902
2025-09-24,0.9359654167794842,2.105999741949802,1.2416455752222384,1.1651357,1.6419295703015546
2025-09-25,0.8218580671761584,2.1242274730070507,1.265006306661435,1.1829499,1.635736600819667
2025-09-26,0.5908405618297177,2.0690328945403937,1.3061326344445743,1.2175052,1.6429102309754877
2025-09-29,0.6312551259517942,2.0690328945403937,1.2225653045017997,1.2278979,1.6210293526782806
2025-09-30,0.6285611930639148,2.0690328945403937,1.1967225165314976,1.1867789,1.607759219270548
2025-10-01,0.7955120645560398,2.0690328945403937,1.1901343762617866,1.1757056,1.5922851815401944
2025-10-02,0.8389044452123169,2.0690328945403937,1.0828230525953702,1.1458212,1.5654705954399701
2025-10-03,2.86552742301322,2.0690328945403937,0.937904864870374,1.3248144,1.538486701424636
2025-10-06,3.2251942552936717,2.0690328945403937,1.0056734808992758,1.1277792,1.5288282321264375
2025-10-07,3.2060652368394846,2.0690328945403937,1.0077326003103946,1.1317636,1.5210049461247572
2025-10-08,3.181448342650475,2.0690328945403937,1.1379862011738395,1.1183053,1.5402805282260352
2025-10-09,3.241052004864541,2.0690328945403937,1.1106682078106822,1.1280446,1.5250840139677795
2025-10-10,1.8213493824453604,2.0690328945403937,2.6879873460663406,2.843523,2.253813974985323
2025-10-13,1.4384322342020097,2.0690328945403937,2.6925934936360134,2.46303,2.384573980521594
2025-10-14,1.433229529315626,2.0690328945403937,2.450365628965457,2.4398334,2.319976892748423
2025-10-15,1.459316697975457,2.0690328945403937,2.4898081692621763,2.1656694,2.273303418328957
2025-10-16,1.4185177228347363,2.0690328945403937,2.565889889169558,2.2593544,2.2517773366939493
2025-10-17,1.5343726311270878,2.0690328945403937,1.8125165935949725,1.6008104,2.219156430958748
2025-10-20,1.6307542551894532,2.0690328945403937,1.7010184676939812,1.5793163,2.2520330785380476
2025-10-21,1.6521844899122888,2.0690328945403937,1.5241134017155966,1.2930219,2.1920323351438658
2025-10-22,1.5685441077981241,2.0690328945403937,1.6244749149032953,1.4678926,2.1585498514300823
2025-10-23,1.8258694011371897,2.0690328945403937,1.6154779509921993,1.4190516,2.133817439968686
2025-10-24,1.666900816027016,2.0690328945403937,1.7188078969022433,1.6119045,2.138302307067329
2025-10-27,1.1992067660344103,2.0690328945403937,1.8409030920831808,1.6665435,2.2042837447557995
2025-10-28,1.6702222864831089,2.0690328945403937,1.6986842989913382,1.5270839,2.1525746173040137
2025-10-29,1.7049959295389878,2.0690328945403937,1.618373280161216,1.4966686,2.0972284469649676
2025-10-30,1.6874953356292144,2.0690328945403937,1.9389287724390423,1.9130073,2.1539597482082407
2025-10-31,1.65833441284318,2.0690328945403937,1.7270722763713993,1.8874927,2.1079514984804817
2025-11-03,2.261071133630331,2.0690328945403937,1.4611367260843204,1.7041267,2.0576425326608567
2025-11-04,1.9346376959786613,2.0690328945403937,1.8869054034697976,2.0570018,2.1357622950653945
2025-11-05,1.9042695981382542,2.0690328945403937,1.764384026809344,2.0043817,2.0917758085019074
2025-11-06,2.2940351778637593,2.0690328945403937,1.8869077781117436,2.358533,2.1438106967493695
2025-11-07,2.2919821175541264,2.0690328945403937,1.7057318275206843,2.0692263,2.089526548420979
2025-11-10,1.9317844526233499,2.0690328945403937,2.2812345264219704,2.2171533,2.2476874876195363
2025-11-11,2.095387756691002,2.0690328945403937,1.8170571345158106,1.5406786,2.1923766988635887
2025-11-12,2.1298413984794426,2.0690328945403937,1.7450088144683125,1.5306545,2.135306693347621
2025-11-13,2.0237124300392826,2.0690328945403937,2.248807007987913,1.7859938,2.3202750094549063
2025-11-14,2.2533551223029793,2.0690328945403937,1.9705226631378245,1.7532027,2.257289502770483
2025-11-17,2.5172128665576863,2.0690328945403937,1.9406494765527589,1.5808562,2.2709432193376484
2025-11-18,2.5498389579928356,2.0690328945403937,2.014542930414771,1.5917262,2.269917793168909
2025-11-19,2.612725412215759,2.0690328945403937,1.9462106642756596,1.5841914,2.2217682382234365
2025-11-20,2.1825341988078883,2.0690328945403937,2.1076543133989363,1.6288676,2.3596628206491266
2025-11-21,1.9975926358858869,2.0690328945403937,2.1438603574900945,1.8569285,2.3742199846271976
2025-11-24,1.374676701794209,2.0690328945403937,2.3767102632085315,2.1811585,2.476945408628199
2025-11-25,1.0643169686387877,2.0690328945403937,2.3086050772355913,2.271648,2.4748018950135964
2025-11-26,0.8153448129910426,2.0690328945403937,2.2912383839217667,2.262858,2.441898525845374
2025-11-28,0.6359853295632472,2.0690328945403937,2.046186844505302,1.9914728,2.397016260638232
2025-12-01,0.5344345732090371,2.0690328945403937,1.9377587237051537,1.9415299,2.3475310267428564
2025-12-02,0.5087569014469577,2.0690328945403937,1.5571384724668005,1.606648,2.2861552931286937
2025-12-03,0.7591508151959057,2.0690328945403937,1.422719821681666,1.5485715,2.2347433584014937
2025-12-04,0.7905634578645215,2.0690328945403937,1.2478541718355218,1.178541,2.1759722710876943
2025-12-05,1.3257442954200078,2.0690328945403937,1.1597256806856024,1.3247699,2.1225642951412707
2025-12-08,1.299972627403375,2.0690328945403937,1.1251124534656585,1.205154,2.076599193438474
2025-12-09,1.325643691168238,2.0690328945403937,1.0637074704287421,1.2052293,2.0251953024265563
2025-12-10,1.5951854292321543,2.0690328945403937,1.2938097065567076,1.3720225,2.0167108774633724
2025-12-11,1.7482978231259598,2.0690328945403937,1.2125338315810388,1.2449447,1.9725430797809096
2025-12-12,1.643776283312293,2.0690328945403937,1.6442404074354675,1.5579832,2.0364207104681973
2025-12-15,1.7506719353679134,2.0690328945403937,1.4767459030444205,1.3712587,1.9883401392150313
2025-12-16,1.7882765625652794,2.0690328945403937,1.4779406560584185,1.3792217,1.9475832605664556
2025-12-17,1.4480954003721416,2.0690328945403937,1.771197982527258,1.7370557,2.019146957742178
2025-12-18,1.2373897030229664,2.0690328945403937,1.78820946762712,1.5767632,2.0231085202004406
2025-12-19,0.9189696690970703,2.0690328945403937,1.7600551196012149,1.6097642,2.0497217274359665
2025-12-22,0.6882753524255816,1.9886348752114733,1.7717487963555942,1.5852104,2.0348900320006704
2025-12-23,0.9048789439482752,1.9886348752114733,1.7369646239410843,1.6090864,2.004354826238726
2025-12-24,0.8538396192265509,1.9886348752114733,1.5313290985549903,1.3727179,1.9674384812469907
2025-12-26,1.0814684869312439,1.9886348752114733,1.3340813400886584,1.4758373,1.9204164838162734
2025-12-29,1.1805606429116489,1.9886348752114733,1.214236343285244,1.4851453,1.8883659084560849
2025-12-30,1.2177974066957777,1.9886348752114733,1.0477324069408307,1.130894,1.84661116623414
2025-12-31,0.9644225472965984,1.9886348752114733,1.2677381061648165,1.1864132,1.8621647350466421
2026-01-02,1.1537157212424716,1.9886348752114733,1.1452243296508597,1.3761613,1.8236156057348387
2026-01-05,0.9565822949380653,1.9886348752114733,1.3500379070048747,1.5697566,1.82942609551276
2026-01-06,0.7768596592901711,1.9886348752114733,1.3935375309558196,1.3944966,1.8256492661913635
2026-01-07,0.8614308998831128,1.9886348752114733,1.3696426183183488,1.4208107,1.7963705981074594
2026-01-08,0.903281580992664,1.9886348752114733,1.1855582011177246,1.51928,1.757572695808535
2026-01-09,0.6232622678927795,1.9886348752114733,1.3970712154127716,1.4036351,1.7676185703303382
2026-01-12,2.1433106707744924,1.9886348752114733,1.2115882973380123,1.3858341,1.7329108826987576
2026-01-13,2.422906365859412,1.9886348752114733,1.1190940266850156,1.3586923,1.7016987291732664
2026-01-14,2.428804212556267,1.9886348752114733,1.2146120158100715,1.6281826,1.694829360500447
2026-01-15,2.413803637840046,1.9886348752114733,1.181519476356874,1.1064262,1.6694689778125718
2026-01-16,2.464953163759027,1.9886348752114733,1.0045749211427295,1.0391848,1.637846295689246
2026-01-20,1.4156829542518212,1.9886348752114733,2.1841236713652354,1.7029212,2.0436394791559693
2026-01-21,0.8291597339430107,1.9886348752114733,2.1796696011942824,1.7501367,2.1138678815344445
2026-01-22,0.6749509491701465,1.9886348752114733,2.0748178686628145,1.7306387,2.0847415334432835
2026-01-23,0.7372021889945196,1.9886348752114733,1.9754331161261738,1.8596188,2.0323928634931865
2026-01-26,0.72994253122719,1.9886348752114733,2.078236434822515,1.774093,2.006568009498766
2026-01-27,1.0467722784247326,1.9886348752114733,1.514458104707225,1.4301839,1.9728630137524454
2026-01-28,1.1538666504110533,1.9886348752114733,1.1437350344320576,1.4350475,1.925586066049492
2026-01-29,1.6945390263324034,1.9886348752114733,1.0954962346031383,1.4131548,1.8844799861378807
2026-01-30,2.52851355864164,1.9886348752114733,1.1438947948860498,1.4859113,1.8504943556605182
2026-02-02,2.5256373403894186,1.9886348752114733,1.176126678900118,1.4878169,1.834474183220796
2026-02-03,2.3932288633089382,1.9886348752114733,1.4016720562138445,1.3800524,1.8679944534114779
2026-02-04,2.3435658725040813,1.9886348752114733,1.399757751298472,1.3421459,1.8498665669605854
2026-02-05,2.5173138323902937,1.9886348752114733,1.823840771777245,1.8063434,1.9661217817078458
2026-02-06,1.6524788134427415,1.9886348752114733,2.40335826514652,2.2441592,2.245847706048471
2026-02-09,1.589116901210266,1.9886348752114733,2.1677368157348997,2.1851103,2.2059717964639605
2026-02-10,1.6456244956543953,1.9886348752114733,2.063738353229484,1.7474636,2.154127828148568
2026-02-11,1.6665204647700147,1.9886348752114733,1.9930171866752149,1.8170562,2.0985523587664887
2026-02-12,0.9340522208474141,1.9886348752114733,2.3642096158448354,1.7791451,2.257713026776327
2026-02-13,1.385983968526885,1.9886348752114733,1.6679068751851995,1.4691534,2.197885658119372
2026-02-17,1.5554582298448956,1.9886348752114733,1.647767172722383,1.5632501,2.14258262870148
2026-02-18,1.6950008005429975,1.9886348752114733,1.735659322182367,1.5310682,2.110148163561094
2026-02-19,1.7645191293991305,1.9886348752114733,1.7076033809107263,1.5526642,2.0628974627667276
2026-02-20,1.681066684910789,1.9886348752114733,1.3611324754123628,1.3455607,2.0594896302153667
2026-02-23,1.3325759515051974,1.9886348752114733,1.6434307859865958,1.6191398,2.1046908760208494
2026-02-24,1.4265688261400966,1.9886348752114733,1.6843756819486477,1.5830231,2.098927987052281
2026-02-25,1.3502918691743537,1.9886348752114733,1.7845086554255363,1.8924481,2.109832588552165
2026-02-26,1.3511672689360912,1.9886348752114733,1.7742249537130803,1.5678595,2.0844491550479805
2026-02-27,1.8261203711294156,1.9886348752114733,1.7191841044550382,1.6163002,2.0533620916191233
2026-03-02,2.0229177672769985,1.9886348752114733,1.467752532107005,1.3086647,2.0026362930563923
2026-03-03,1.8259893046048539,1.9886348752114733,1.662654970286301,1.3842502,2.0281264792783307
2026-03-04,1.6898895516672365,1.9886348752114733,1.5973456289924486,1.3885467,2.0247891015821837
2026-03-05,2.21007965781582,1.9886348752114733,1.5746549775919152,1.4207497,2.0046777722758935
2026-03-06,1.8616879158067943,1.9886348752114733,1.9587217568569821,1.5625535,2.1169510571434325
2026-03-09,1.93142788016799,1.9886348752114733,1.992327605178153,1.4731739,2.131350347357761
2026-03-10,1.9425653435226609,1.9886348752114733,1.7550769073804522,1.5749071,2.079102627580987
2026-03-11,2.3942323363132543,1.9886348752114733,1.6354531965192307,1.8679341,2.0283558963088706
2026-03-12,1.8579271880922141,1.9886348752114733,2.1648039643546757,1.7668297,2.190116588329084
2026-03-13,2.2835720557376993,1.9886348752114733,1.8270539151039769,1.6008104,2.161147300985078
2026-03-16,2.2979329853976624,1.9886348752114733,1.9488720779935964,1.6224357,2.1950427802637593
2026-03-17,2.30749718149596,1.9886348752114733,1.802484617603655,1.5609576,2.143654697649395
2026-03-18,1.9128029962429367,1.9886348752114733,2.2500609654017643,1.7344717,2.259617545948557
2026-03-19,2.61633112395401,1.9886348752114733,1.7796198668907577,1.576547,2.2044897997603887
2026-03-20,2.7781693979371576,1.9849326400186025,2.2196328591456704,1.5684114,2.322400888048637
2026-03-23,2.596025697131113,1.9849326400186025,2.171544609541015,1.9008405,2.3485192136230966
2026-03-24,3.8518173305473233,1.9849326400186025,2.054720379349403,1.7000507,2.293582911142634
2026-03-25,3.884725961286404,1.9849326400186025,1.8782388469809908,1.5951767,2.2576680320812414
2026-03-26,3.4426652545868657,1.9849326400186025,2.478560343838686,2.401491,2.4601256450939597
2026-03-27,3.0193182888607364,1.9849326400186025,2.5706203121327693,2.6345656,2.6137602904920687
2026-03-30,3.0010092330151767,1.9849326400186025,2.2442834556846845,2.379875,2.5464757382516514
2026-03-31,2.6685908223521824,1.9849326400186025,3.3851148681462826,3.6993933,3.03528109164265
2026-04-01,2.6246633127885053,1.9849326400186025,3.0556321293360007,2.589285,2.9781887133033784
2026-04-02,2.6239547811649433,1.9849326400186025,2.7102403475972268,2.6513374,2.8880773807200972
2026-04-06,2.7583531190803052,1.9849326400186025,2.551510322244091,2.7102845,2.8160255095476656
2026-04-07,3.012208179966468,1.9849326400186025,2.4685406509218195,2.4622812,2.732146663192725
2026-04-08,1.8345751922691598,1.9849326400186025,2.741482341974388,3.002212,3.06830159583705
2026-04-09,1.759257728159685,1.9849326400186025,2.393489913555534,2.5348678,2.9949079538398475
2026-04-10,2.129268372765138,1.9849326400186025,2.3084695797911823,2.3766398,2.903874430243698
2026-04-13,1.9047579319776318,1.9849326400186025,2.5356247796317173,2.3997388,2.878833101193919
2026-04-14,1.6101954391798297,1.9849326400186025,2.700579336155738,2.6145897,2.88951903473716
2026-04-15,1.729202156107152,1.9849326400186025,2.0205556018387036,1.9557381,2.843720294723968
2026-04-16,1.7553036913307354,1.9849326400186025,1.8844603864723806,1.9444064,2.7626799891302762
2026-04-17,1.4945929213352367,1.9849326400186025,2.24559712756331,2.027018,2.780441950392818
2026-04-20,1.49109716617275,1.9849326400186025,1.9482588700690646,1.973667,2.700693835687121
2026-04-21,1.424729469375083,1.9849326400186025,1.8738830487573268,2.0048606,2.6522843621319745
2026-04-22,1.0074137399239833,1.9849326400186025,1.985710383112391,2.096555,2.648305713899012
2026-04-23,1.3578976327484127,1.9849326400186025,1.8892425237419561,2.0497966,2.5823126941327192
2026-04-24,1.150851276998429,1.9849326400186025,1.8211944908490194,1.8997272,2.552412407767167
2026-04-27,1.1956278242264609,1.9849326400186025,1.717642367156515,1.9235018,2.4816571084533496
2026-04-28,1.3527836736396908,1.9849326400186025,1.7113441883722054,1.8907661,2.4301807734488357
2026-04-29,1.9326701471128975,1.9849326400186025,1.3909671247629698,1.657668,2.3624172327228585
2026-04-30,1.6879936958863275,1.9849326400186025,1.7423355600510038,1.8807052,2.3765862858257583
2026-05-01,1.8571205459108286,1.9849326400186025,1.43878625175792,1.2523443,2.317347373235784
